action_sha256,candidate_max_call,candidate_seconds,draw,error,margin,opponent,opponent_cash,opponent_max_call,opponent_seconds,own_cash,seat,seconds,seed,steps,variant,win
d8642ef3a2f71a717570ab2a225b40bfeb0e5c730a4df728c323968cd717e379,0.5422678949998954,7.760730973000591,0,,715.0,1,88920.0,0.06421920599996156,1.0941934149977897,89635.0,0,10.191299928000262,2026092401,719,R13_PUBLIC,1
4314a72b6fed9e80a0a8507d409ce2742c9c9fff74ef93614ca826f14dc5e3cd,2.055113856999924,17.852726287997484,0,,1519.0,1,88505.0,0.16061479900008635,2.331810727004722,90024.0,1,23.269983346000117,2026092401,719,R13_PUBLIC,1
0c3efa3b8513dc43cdb28a12d271c869c217117abbf732e2bcc581e1a36663d4,0.4779381929997726,7.440188800996111,0,,-3882.0,1,87451.0,0.1087791869999819,1.1948091579924949,83569.0,0,9.946986879999713,2026092402,719,R13_PUBLIC,0
fe720045a54bb3e31dec3979679084bbf8643852ac2b79aebfda5c23d3fc1723,2.160966240000107,18.25953185699791,0,,-3882.0,1,87451.0,0.32253139100021144,2.716769200001181,83569.0,1,24.087167907000094,2026092402,719,R13_PUBLIC,0
567a159dd9557205a5ba38857d3fc0d9e1e27d66d05f95cf87d99a43e50e963e,0.8573694080000678,8.815890694004338,0,,3324.0,1,107575.0,0.060283759999947506,1.3568612760045653,110899.0,0,11.657972149000216,2026092403,719,R13_PUBLIC,1
db23bea7c11fff35c22cca8f65faf192fe31e2deb0a1c7e6c7d00cd7446edb57,0.9559678700002223,9.213933681995059,0,,3324.0,1,107575.0,0.16818009000007805,1.757222417999401,110899.0,1,12.576489461000165,2026092403,719,R13_PUBLIC,1
a80e97f77865f2a7f64cb8187fbe8c0fd2990090d2fa8c1067a92f7e91964049,0.5973959120001382,8.276436802996614,0,,5949.0,1,101057.0,0.18605959800015626,1.7356521989986504,107006.0,0,11.407064250000076,2026092404,719,R13_PUBLIC,1
7d8eead233cc80afd6875ea93488e560750c02679a96a898add7b45c845249e6,0.9782383619999564,8.769554081984097,0,,1614.0,1,124050.0,0.09516214499990383,1.7716351369945187,125664.0,1,12.386958292000145,2026092404,719,R13_PUBLIC,1
eb774f484dbb886c244ca4bad0532217cc030e1413612f2b8fede70da99bd081,1.5800134169999183,14.096416265000244,0,,285.0,1,85627.0,0.09627498700001524,2.0232481140033087,85912.0,0,19.086400425000193,2026092405,719,R13_PUBLIC,1
79e74fea75bdf3a3911c6abe8baa8ca6434c360ac43a8feb35ddbc5262e6740e,1.5698319309999533,13.673691812993638,0,,280.0,1,85630.0,0.09615764900036083,1.9856749300042793,85910.0,1,18.479897941000218,2026092405,719,R13_PUBLIC,1
eefbcf11c4745111818c84895da4dc0e526e81bcdb35e51e1708cec09c897f56,0.40138037799988524,6.100428920997729,0,,-5164.0,1,98760.0,0.0569459020002796,1.0523653610011934,93596.0,0,8.320510256000034,2026092406,719,R13_PUBLIC,0
61e00fc63ad48d00541a39fddae9c947a7ddefceeeedcfe9debe9a075a129ac4,0.38516377499990995,6.381055876001483,0,,-5164.0,1,98760.0,0.05284463999987565,1.1245106559972555,93596.0,1,8.683386280999912,2026092406,719,R13_PUBLIC,0
e4b4a079988244a9c3f425d354fcc302a427a45704f9b42e1699d94b18d236a8,0.6664112319999731,8.369465501005834,0,,8115.0,1,80957.0,0.05994795600008729,1.24818232099733,89072.0,0,10.758728019000046,2026092407,719,R13_PUBLIC,1
42230b0b27c182a99f82544e3687624ad8f581073f7c672e3bec9c060270bfcb,1.027731747999951,12.491098380001858,0,,8115.0,1,80957.0,0.1437722189998567,2.047540519002723,89072.0,1,16.646152037999855,2026092407,719,R13_PUBLIC,1
d975521a9d18287b688ba10a4c589cc1e8dc4f5144ebb48b06e03091a7e46f89,0.8481793820001258,13.327254667994566,0,,-3098.0,1,72257.0,0.1401367299999947,1.8973447089979345,69159.0,0,17.357487217000198,2026092408,719,R13_PUBLIC,0
afe13f54975f475c2d2886057230c9fd95bec5e0f5f8be20f9fbc9b3f901a25b,0.5255865240001185,8.082600877999994,0,,-3098.0,1,72257.0,0.08694134500001383,1.243161558005795,69159.0,1,10.495773106000343,2026092408,719,R13_PUBLIC,0
929e40fba4318e5e5521df55e4977eff7f98c493adec0198c1c15c327d22a904,0.5139334120003696,6.543455513998651,0,,2015.0,2,89489.0,0.05411284399997385,1.2741357100030655,91504.0,0,8.946450175999871,2026092401,719,R13_PUBLIC,1
15f136af22c992e34277802d37c49d68a65b32b8f9eb450e6e837787bf6912d2,0.5375345269999343,7.0604368600011185,0,,2111.0,2,89193.0,0.05761430400025347,1.3671244509964708,91304.0,1,9.693557402999886,2026092401,719,R13_PUBLIC,1
6e971a0e653d84f29368889d1263fe6b414adcf64daa0087af6dbeddb14919b6,0.8911088980003115,12.800868432995685,0,,-3063.0,2,86587.0,0.12220530700005838,2.105662685002244,83524.0,0,17.096161418000065,2026092402,719,R13_PUBLIC,0
a0e30186a8eb846e162cb6fc4af4b8a6e1103b552ef36d94ac3ac06b2f6631a6,0.9129759570000715,12.74545755000372,0,,-3063.0,2,86587.0,0.11899636100042699,2.0948922369948377,83524.0,1,17.059352035999837,2026092402,719,R13_PUBLIC,0
bc9c44d82980b013eacbf6122006aa453ae9785ee33f9fc77e7bc0d72b5a1898,0.5642669590001788,7.177182882005127,0,,3114.0,2,107621.0,0.08124153600010686,1.3057823259946417,110735.0,0,9.598189413,2026092403,719,R13_PUBLIC,1
98e8ff1871c38ba14b24a8117730df7d0ba6703d6fd4a55d0770c6bd57149939,0.5750295780003398,7.724738155002342,0,,3114.0,2,107621.0,0.0838241459996425,1.3872891379901375,110735.0,1,10.32897541300008,2026092403,719,R13_PUBLIC,1
e0d951065f32f99b4e5c5527735992b373e8ebbbf7dd592bff2f6fb831431196,0.45644576199993026,6.406661797996549,0,,6127.0,2,100889.0,0.11406308100004026,1.773362030008684,107016.0,0,9.45836631200018,2026092404,719,R13_PUBLIC,1
a313ef7ad508cb95635c9d842203a208d84978bb8c24fb678ad364b116d01b09,0.40029410799979814,6.141389923997849,0,,1897.0,2,123811.0,0.05912464099992576,1.5657539490002819,125708.0,1,9.08954076100008,2026092404,719,R13_PUBLIC,1
48f55e7080ff9e93e5838a1b6ac280eebda872645d6916df1333c501476c6698,0.65314014400019,10.568276226996659,0,,-10625.0,2,93831.0,0.14920835299972168,2.2114296369963995,83206.0,0,14.962194146000002,2026092405,719,R13_PUBLIC,0
1d08ac08c8345679ad9b529ccc618758dc3ba4a054337fd843c93e93ac3eba8f,0.6467590870001914,10.56787340299934,0,,-10625.0,2,93831.0,0.10337257599985605,2.0958183810012088,83206.0,1,14.847871253999983,2026092405,719,R13_PUBLIC,0
94116735c256a1f1316ddc06c49a7243caac298042e4b4732fa2528752a9a44f,0.3759359319997202,6.011310060995584,0,,-5243.0,2,98895.0,0.06844608100027472,1.3317596259917082,93652.0,0,8.466924359999666,2026092406,719,R13_PUBLIC,0
09e31d61fa5733eea2dd31df692892c4d30289d2fc324c68e327f9892b16d4ad,0.3782140480002454,6.282109907005633,0,,-5243.0,2,98895.0,0.05382281399988642,1.332622708996496,93652.0,1,8.786379372000283,2026092406,719,R13_PUBLIC,0
43810cf712365d38b185797e3d86c4edc306371f0941f0a04fc9f6a02b14b78a,0.8711467279999852,7.869486971997958,0,,8163.0,2,80924.0,0.3017054689998986,1.7499806460059517,89087.0,0,10.800730965000184,2026092407,719,R13_PUBLIC,1
dadb6fc281a4a3305edef38fa26fd039c3ca0507dc29a9cfda34576e8870df38,1.0405872569999701,12.954211798996312,0,,8163.0,2,80924.0,0.12283295699990049,2.4182601800021075,89087.0,1,17.579315620000216,2026092407,719,R13_PUBLIC,1
720629d61317f6212815bf4e90f35c985c39a6d97b9ddfe1e85c0e6da0ab1f47,0.8575063779999255,13.924401927994495,0,,-3014.0,2,72189.0,0.13602622899998096,2.2608705700008613,69175.0,0,18.340595272999963,2026092408,719,R13_PUBLIC,0
41cc9af41bfe68130725285ad3a2819f0951788b3e2126ca4b8acd3852b38318,0.6712974179999947,9.444638839002891,0,,-3014.0,2,72189.0,0.11835554900017087,1.5373867140074253,69175.0,1,12.348449854000137,2026092408,719,R13_PUBLIC,0
83886417efa0b15804b4d42bc2c7c3e4e8b5fd22681d702fbe333c56e549f850,0.5048438109997733,6.6850934769991,0,,1675.0,3,89703.0,0.0537871639999139,1.2835336739931336,91378.0,0,9.137516405000042,2026092401,719,R13_PUBLIC,1
12bf8d8e9b04483bef27e2bb3ea747a14eb661660a286e245c4fd09aef64a835,0.5419744470000296,6.899819077004395,0,,1832.0,3,89333.0,0.31744408399981694,1.5984008770078617,91165.0,1,9.686968673999672,2026092401,719,R13_PUBLIC,1
956551a522c8e8b95ce737979323134b04b19a689f059a3f21fde98634d5b33a,0.46582890100035,6.89197979099481,0,,-2536.0,3,84519.0,0.08355600000004415,1.3104030260051331,81983.0,0,9.287675087000025,2026092402,719,R13_PUBLIC,0
2320b0db116836832228a1c43dee7cda809880aa02b46019ade6ad7d663bcf23,0.7623378549997142,11.871224539004288,0,,-2536.0,3,84519.0,0.1417956029999914,2.2628766050020204,81983.0,1,16.279515906000142,2026092402,719,R13_PUBLIC,0
a5b893328c5544df67f2bd8c0067e50331e0f4b4d1f4d958ad235d734475ba54,1.6092749329995968,15.51511255000014,0,,1341.0,3,106436.0,0.1448643959997753,2.5603905949974433,107777.0,0,20.29091749600002,2026092403,719,R13_PUBLIC,1
2381c0b050e3e0606af98d912500b28747f49f2d578f448d591e0bd4e10ebaa4,0.7143649800000276,9.069648409996262,0,,1341.0,3,106436.0,0.0853406249998443,1.4757129009972232,107777.0,1,11.728739044000122,2026092403,719,R13_PUBLIC,1
ca688c4a0769e315d48dca8409aef70b39bc1509faf289aa1593cdf0509e23a3,0.38348983900004896,5.999124607994418,0,,5652.0,3,101436.0,0.07869053000013082,1.4833094250029717,107088.0,0,8.586363608999818,2026092404,719,R13_PUBLIC,1
d0c57abdb9a06fe4c1845fa073608d5a1e3b2699dece031e527f627c06f45f27,0.7293668269999216,10.203100507993895,0,,4326.0,3,121255.0,0.12609698899996147,2.3756046590060578,125581.0,1,14.716933881999921,2026092404,719,R13_PUBLIC,1
80122f1072e90245f9882d5cd455e2adff329abc83a4332b85c86ba9e28a743d,1.029351074999795,7.303133521001655,0,,559.0,3,85596.0,0.1247908139998799,1.5151224329965771,86155.0,0,10.041465228000106,2026092405,719,R13_PUBLIC,1
0b805c4c16a234bc40dda7ec73ff70116779bc2f202d6a8110d4a02fb87d1a13,0.43281270800025595,6.2058889439940685,0,,559.0,3,85596.0,0.0783878770002957,1.321649227000762,86155.0,1,8.698566862000007,2026092405,719,R13_PUBLIC,1
700de9c185f340861c97eee9e1f836aeb8309a86d9450e1337efcee385ce764c,0.665763269999843,10.488701581007717,0,,-7234.0,3,101921.0,0.1363522759997977,2.3641649199953463,94687.0,0,15.265810693000276,2026092406,719,R13_PUBLIC,0
8c6f18180225812d71ee67f6482153574894ef91b457a4a897cd8788c6c54843,0.3644922610001231,5.920997004993751,0,,-7234.0,3,101921.0,0.08958866900002249,1.4075765799962028,94687.0,1,8.489227573000335,2026092406,719,R13_PUBLIC,0
37178926dfae7e82dbdd0a4dde8af386000b096f47b6fe08faf855bb43fa1f80,0.6286981640000704,8.454695610996168,0,,4915.0,3,83181.0,0.1162191870002971,2.0520852739991824,88096.0,0,12.072936127000048,2026092407,719,R13_PUBLIC,1
abfe1a0cb500c475850aede874135cc5df9df55f5c8583dfe854db449590be59,0.6982043829998474,9.065571595006531,0,,4915.0,3,83181.0,0.11087309300000925,1.8036247689947231,88096.0,1,12.34474904300032,2026092407,719,R13_PUBLIC,1
7b0a5667b4751093eb267a08d27a7302cb3d0848800941b1e5891e5acbf329bb,0.506451250000282,8.047105917000863,0,,-12622.0,3,80551.0,0.08362622000004194,1.5666760050012272,67929.0,0,10.884453485999984,2026092408,719,R13_PUBLIC,0
e074d6d0b2dac0fc4feaf7ffdb9670ece7c1e1211ae0da1e51b8bad837073e80,0.7923296439998921,12.82228841000051,0,,-12622.0,3,80551.0,0.127162478000173,2.196967373993175,67929.0,1,17.048678906000077,2026092408,719,R13_PUBLIC,0
a920889f39aaa4025abf677254a26fe5ff5c44ab343a342bc59124c704571f89,0.8083469180000975,10.949777622004603,0,,1672.0,4,89706.0,0.033139536999897246,1.7015852119970987,91378.0,0,14.711048903999654,2026092401,719,R13_PUBLIC,1
d3402b686471ec74df67e8bee52e577e615b2b2d5d05f8c485d5a510a41040bd,0.5381491879998066,7.2683003309934975,0,,1829.0,4,89336.0,0.30906878199994026,1.5087640330038994,91165.0,1,10.041648484000234,2026092401,719,R13_PUBLIC,1
ae67f5ff6034a2842c02f8eed3cb3c0c453c2b8df687ec966f210a5a4e15ae53,0.4741217880000477,6.697649444002309,0,,-2544.0,4,84528.0,0.08816454499992687,1.1626689940021606,81984.0,0,8.964573135999672,2026092402,719,R13_PUBLIC,0
f5e7aeda485ef1a6ca8169f4692fca513cf08efab43e42a45f87874056de313d,0.4855993590003891,7.390068583999891,0,,-2544.0,4,84528.0,0.08669720099987899,1.2356304950039885,81984.0,1,9.806514932000027,2026092402,719,R13_PUBLIC,0
c978d22330e3dd8faec3d1c89e1a111fd38a24c095281dfb050e6a794dcb0aaf,1.3868690379999862,14.680034302000877,0,,1319.0,4,106453.0,0.42961060500010717,2.2873133239904746,107772.0,0,19.039802777000205,2026092403,719,R13_PUBLIC,1
fba0cf19ed664793852b68490ae1d9d9ff0b20bdf80f2947a8384e29da8a38ff,1.2153381359999003,14.436553545999686,0,,1319.0,4,106453.0,0.12401747200010504,1.8599790699977348,107772.0,1,18.48234283299962,2026092403,719,R13_PUBLIC,1
3b1e8a5c9c1df4592dccae412acb13cd1fc1ed8bba49a78b769007f2e97219a0,0.3777340460001142,6.146489156000371,0,,5514.0,4,101591.0,0.01764803700007178,1.3214435529976072,107105.0,0,8.604200723999838,2026092404,719,R13_PUBLIC,1
6ea1aefb862cadf285e4432a3f63e514977785e4cdb7937c7f76e22187f14294,0.8844795310001246,6.746082169998772,0,,2754.0,4,123193.0,0.03860365999980786,1.4273561950021758,125947.0,1,9.459187167999971,2026092404,719,R13_PUBLIC,1
f0aae8fc0d34a4f10e7e02b90504d7320f01d8be05a4ff0c3ca3402dd5464e4f,0.3850232979998509,6.147294522990251,0,,472.0,4,85657.0,0.022764367000036145,1.1863152849996368,86129.0,0,8.493226931000208,2026092405,719,R13_PUBLIC,1
c3a44924df271c547eb6d403c387db63549a913442b15ceb96f806211b9670fc,1.3200347349998083,7.218542055002672,0,,472.0,4,85657.0,0.0187360519998947,1.1510302979995686,86129.0,1,9.862083213999995,2026092405,719,R13_PUBLIC,1
2e7511c4839cc16e9d5cf9ebb8175c5546b26962c1a42412fcece0c1667f94ae,0.48114517000021806,6.551997190998009,0,,-5442.0,4,101408.0,0.08269206099976145,1.2598663610024232,95966.0,0,9.135521757999868,2026092406,719,R13_PUBLIC,0
5e745306398df30416a8190e073c49878fd73a39c087ced93cddc7cb52e6c7f8,0.9528830050003307,9.935766874002184,0,,-5442.0,4,101408.0,0.10430529799987198,1.686637886984954,95966.0,1,13.597403542999928,2026092406,719,R13_PUBLIC,0
b8ef9f53c5db2e707ed21a9a149ffb24d0481d2b5a962e02c65e99dfdeebd970,1.0468771770001695,11.847777657994811,0,,7352.0,4,82396.0,0.12294356400025208,1.8990172669946332,89748.0,0,15.658466693000264,2026092407,719,R13_PUBLIC,1
88e4147180067c070c376b02deb1fdd618b412169ee5627a806d1104b53b6016,0.8079064479998124,8.311649158986711,0,,7352.0,4,82396.0,0.09084549999988667,1.5313738109998667,89748.0,1,11.108897239999806,2026092407,719,R13_PUBLIC,1
a6562ecede8abb8a4ff17b1a859f3316e05acc563f8cb9158875880a8cdcc77e,0.5574342320001051,8.525807742003963,0,,-12727.0,4,80666.0,0.09706108899990795,1.3658404829971005,67939.0,0,11.107623371000045,2026092408,719,R13_PUBLIC,0
9aee2ce36c72102173f2e145500e890f9ef6841bc3414c4ce20396c18d593509,0.7741477200002009,12.389781566999773,0,,-12727.0,4,80666.0,0.10870530700003656,1.7442361280004661,67939.0,1,16.075134530000014,2026092408,719,R13_PUBLIC,0
49e8ad4d4174cddf307a6188dac3ef6e1680c6c4a80ce0edb73c4d81a912d844,0.6027368699997169,9.263807450000058,0,,-9410.0,5,118443.0,0.08988662599995223,1.3619091900027342,109033.0,0,12.533820921999904,2026092401,719,R13_PUBLIC,0
e8f039fdd92e3bf37dfabbed355d2c3c929ae64517da09c367b207cfed5934e5,0.3634694450001916,5.5972997240064615,0,,-9410.0,5,118443.0,0.05030536399999619,0.8671217159972002,109033.0,1,7.538502529000198,2026092401,719,R13_PUBLIC,0
5798f6ea1058d7cfd98e39b89ce539ebccabc4b3c8b2d8747685a267ab15f1db,0.4839089709998916,6.558390548994339,0,,-12954.0,5,100676.0,0.05320674399990821,1.1596793199996682,87722.0,0,8.92238621899969,2026092402,719,R13_PUBLIC,0
d840d3746afa69e9b262e5c8b083676bcb01046e16c5f70dc08dbf08da3ea8c8,0.48548865600014324,7.1375608129951615,0,,-9956.0,5,114539.0,0.09392719499965096,0.965722252001342,104583.0,1,9.207215631000054,2026092402,719,R13_PUBLIC,0
90644024e44b8ff4261b8474400ca8b7fbdd88797c8ff035f1f263bfd9b9bbfa,0.7303413539998473,9.28977348099852,0,,-1726.0,5,121058.0,0.10313601300003938,1.533377447998646,119332.0,0,12.760907461999977,2026092403,719,R13_PUBLIC,0
e67f2c169c1f6128f4daf945498916273f07110d50ea5dd89245ea290b024d42,0.5207919700001185,6.192639457996393,0,,-1726.0,5,121058.0,0.05584171200007404,1.0689435050135216,119332.0,1,8.455116888999783,2026092403,719,R13_PUBLIC,0
44bb013df2771a60fcb67abf636d91097a5afc8d8f8d951d2567fc8214705558,0.5341861450001488,9.445493022000846,0,,-3309.0,5,72114.0,0.08831871699976546,1.555124799997884,68805.0,0,12.910396642999785,2026092404,719,R13_PUBLIC,0
5e6e095d25ca1e6fee31c79a66d8bef1d1bad5db61ede90cec8d4f66629dc011,0.39795700900003794,5.897145253007238,0,,-3309.0,5,72114.0,0.057323585000176536,1.1098553610049748,68805.0,1,8.118470759000047,2026092404,719,R13_PUBLIC,0
c6da5c4de3be543d32e704cd453b4d200854dc183f6821438af526ccc46443f1,0.9929077880001387,9.182197367003482,0,,-3184.0,5,79508.0,0.06977556899983028,1.0730687649956963,76324.0,0,11.490945307999937,2026092405,719,R13_PUBLIC,0
962b10720c6de6daba31311be590c010a1dbda5f92f3403399f8037d1c4b685f,1.6629572860001645,13.894517872999586,0,,-3893.0,5,79482.0,0.09494563799989919,1.4995236259987905,75589.0,1,17.437643861000197,2026092405,719,R13_PUBLIC,0
e753d191626449cdd9568b85cf0a46af118df51f55cf938461b7061df619138a,0.529536607999944,9.553880503000073,0,,2578.0,5,82518.0,0.3990630640000745,1.8971694340038994,85096.0,0,13.461161414000344,2026092406,719,R13_PUBLIC,1
c3f879238cb77e58130d1d6d31a824557e7bc8bb1bb2725a9ec7928aac15b342,0.3257364710002548,6.009958135990928,0,,1757.0,5,82557.0,0.05554379600016546,0.9771135150035661,84314.0,1,8.117442623999978,2026092406,719,R13_PUBLIC,1
0cc31d0f006c4f1de23946229b9134c30356c43486ef87a5be2727cdd0809b38,0.48765326800003095,6.699828541001807,0,,-4634.0,5,97370.0,0.06664078499989046,1.0025062410027203,92736.0,0,8.889077563999763,2026092407,719,R13_PUBLIC,0
4e659f3de5f4d6825a5aa0acaf45184dc2fe132adb65a382b1bc5b3f069a1f2e,0.45162395499983177,6.418368164997901,0,,-4634.0,5,97370.0,0.051262224999845785,0.9332163989870423,92736.0,1,8.452282838999963,2026092407,719,R13_PUBLIC,0
bcdd4deeff19eaebf014385dbeb88fb0cba0c0637ce9b4edd02cda3f6ed71d3e,0.7726497889998427,10.763648220994128,0,,-8377.0,5,98112.0,0.08589342999994187,1.7246986770019248,89735.0,0,14.861908232000133,2026092408,719,R13_PUBLIC,0
143179c8346e38ad151f1f9110bba8069cca826e0b20d09ff9fccc70f325493a,0.7686088420000488,8.9469428579946,0,,-8377.0,5,98112.0,0.07587050999973144,1.4788242749896199,89735.0,1,12.458603175999997,2026092408,719,R13_PUBLIC,0
d8642ef3a2f71a717570ab2a225b40bfeb0e5c730a4df728c323968cd717e379,0.9952914259997669,13.303259314997376,0,,715.0,6,88920.0,0.3104623509998419,2.1482455530017432,89635.0,0,17.87671884500014,2026092401,719,R13_PUBLIC,1
4314a72b6fed9e80a0a8507d409ce2742c9c9fff74ef93614ca826f14dc5e3cd,0.635576404999938,8.130036843000198,0,,1519.0,6,88505.0,0.049450258999968355,1.3390736599976663,90024.0,1,10.882376700999885,2026092401,719,R13_PUBLIC,1
0c3efa3b8513dc43cdb28a12d271c869c217117abbf732e2bcc581e1a36663d4,0.9804655389998516,14.835840003001067,0,,-3882.0,6,87451.0,0.11849308499995459,2.289735977997225,83569.0,0,20.51451437600008,2026092402,719,R13_PUBLIC,0
fe720045a54bb3e31dec3979679084bbf8643852ac2b79aebfda5c23d3fc1723,0.972175777999837,14.852645233997919,0,,-3882.0,6,87451.0,0.14306730799989964,2.435967294992679,83569.0,1,20.068823023999812,2026092402,719,R13_PUBLIC,0
567a159dd9557205a5ba38857d3fc0d9e1e27d66d05f95cf87d99a43e50e963e,0.6913413679999394,8.439344500995503,0,,3324.0,6,107575.0,0.10480306199997358,1.3707817349850302,110899.0,0,11.197972627000127,2026092403,719,R13_PUBLIC,1
db23bea7c11fff35c22cca8f65faf192fe31e2deb0a1c7e6c7d00cd7446edb57,1.1080733339999824,14.054140888000802,0,,3324.0,6,107575.0,0.13222995700016327,2.1025406139983716,110899.0,1,18.658705073999954,2026092403,719,R13_PUBLIC,1
a80e97f77865f2a7f64cb8187fbe8c0fd2990090d2fa8c1067a92f7e91964049,0.43510607499956677,6.764562673,0,,5949.0,6,101057.0,0.05767046099981599,1.47245263299601,107006.0,0,9.584377210000184,2026092404,719,R13_PUBLIC,1
7d8eead233cc80afd6875ea93488e560750c02679a96a898add7b45c845249e6,0.8081253039999865,14.663308078002046,0,,1614.0,6,124050.0,0.13255869800013897,3.266618617002223,125664.0,1,21.577761480999925,2026092404,719,R13_PUBLIC,1
eb774f484dbb886c244ca4bad0532217cc030e1413612f2b8fede70da99bd081,2.774005281999962,18.803889555007117,0,,285.0,6,85627.0,0.14187021999987337,3.1908402479984943,85912.0,0,25.52235797100002,2026092405,719,R13_PUBLIC,1
79e74fea75bdf3a3911c6abe8baa8ca6434c360ac43a8feb35ddbc5262e6740e,1.122125379999943,9.035623508999379,0,,280.0,6,85630.0,0.40753379099987797,2.0321008950022588,85910.0,1,12.587361295999926,2026092405,719,R13_PUBLIC,1
eefbcf11c4745111818c84895da4dc0e526e81bcdb35e51e1708cec09c897f56,1.6726484269997854,17.33198729299602,0,,-5164.0,6,98760.0,0.16342551199977606,2.718989561999024,93596.0,0,23.564674633999857,2026092406,719,R13_PUBLIC,0
61e00fc63ad48d00541a39fddae9c947a7ddefceeeedcfe9debe9a075a129ac4,0.8840904369999407,10.191872509994482,0,,-5164.0,6,98760.0,0.1010610779999297,1.6567518919869144,93596.0,1,13.626060442999915,2026092406,719,R13_PUBLIC,0
e4b4a079988244a9c3f425d354fcc302a427a45704f9b42e1699d94b18d236a8,1.4126089649998903,16.891358776004836,0,,8115.0,6,80957.0,0.115579477999745,2.587931070997456,89072.0,0,22.42710546799981,2026092407,719,R13_PUBLIC,1
42230b0b27c182a99f82544e3687624ad8f581073f7c672e3bec9c060270bfcb,1.302449861000241,15.771266988007028,0,,8115.0,6,80957.0,0.17424672400011332,2.4594692890041188,89072.0,1,21.102944810999816,2026092407,719,R13_PUBLIC,1
d975521a9d18287b688ba10a4c589cc1e8dc4f5144ebb48b06e03091a7e46f89,1.8201968109997324,17.267113703994255,0,,-3098.0,6,72257.0,0.11705246599967722,2.2501181050001833,69159.0,0,22.047634685000048,2026092408,719,R13_PUBLIC,0
afe13f54975f475c2d2886057230c9fd95bec5e0f5f8be20f9fbc9b3f901a25b,0.6987881730001391,9.7318109349917,0,,-3098.0,6,72257.0,0.07383237699968959,1.4278809629977331,69159.0,1,12.577668776999872,2026092408,719,R13_PUBLIC,0
9f9ead8d15718a82caea2019498c76c5bb6ef8d8793e2a60b70e02df26346de4,0.6537789819999489,9.026793705009368,0,,-1954.0,7,74214.0,0.1668286040003295,1.8131823920002716,72260.0,0,12.089155974000278,2026092401,719,R13_PUBLIC,0
3d6af7761c32165aaa4f2de098596823be4dd04b470b4608ae7b15c4062bb3ab,1.1641595870000856,16.084914372004278,0,,-1954.0,7,74214.0,0.2608794279999529,2.8843164729905766,72260.0,1,21.775439040000037,2026092401,719,R13_PUBLIC,0
222957499464d26ad010c3e57c1def76f9bd8f59686b0526428b17a16d6ad506,1.2495992620001743,18.368314013995132,0,,5394.0,7,90428.0,0.1712649739997687,2.7003297149999526,95822.0,0,23.90570486100023,2026092402,719,R13_PUBLIC,1
87cc60240f975fa36c98f87e237e59504f269493bfce05156abbe5b5df3a50ee,1.37220516699972,14.788981337992482,0,,6515.0,7,65009.0,0.5859261240002525,2.9409531450028226,71524.0,1,20.25347674900013,2026092402,719,R13_PUBLIC,1
52d85f9468836b006ac928e7810391c8e00962f87d3f7f35ae040fac6a1eb4d1,1.4572093379997568,11.195939981010724,0,,2792.0,7,99187.0,0.1635553220003203,1.82297373999927,101979.0,0,14.591137048999826,2026092403,719,R13_PUBLIC,1
2fb367b326365ec9f8edfdb7b9faadffc8a5abc22e1302ab65de3a219b088195,2.794804507000208,20.099297293996187,0,,2792.0,7,99187.0,1.6617039889997613,4.296208512992507,101979.0,1,27.045003598999756,2026092403,719,R13_PUBLIC,1
9e68c640282f31e5cd818cc0bed50b3248201a4b7802a67cb402b1b2cd6a6ea1,0.6140208110000458,8.534862353995322,0,,-7079.0,7,82773.0,0.1776755679998132,1.9032589370121968,75694.0,0,11.726221032000012,2026092404,719,R13_PUBLIC,0
da679c602396478a298b30134f544cd09285711b2652fe38996363f3c652ecd1,1.0081475010001668,14.277868100006799,0,,-7079.0,7,82773.0,0.28959414299970376,3.066062278998743,75694.0,1,20.19288339800005,2026092404,719,R13_PUBLIC,0
bc7bd3fe642773fed55ab02053ed6bbb5ed861d80330563cd46c9be159efe851,0.7786288349998358,13.123374827006955,0,,-6786.0,7,103693.0,0.1270678220002992,2.7017924400120137,96907.0,0,18.55410562599991,2026092405,719,R13_PUBLIC,0
65d509b6e6feffccee47d6d68a4d8d0ecaa6e5f8b74ea02a69ab8f49be097358,0.5536459140002989,8.090386251005839,0,,-7382.0,7,103761.0,0.058215333000134706,1.775036100001671,96379.0,1,11.201644267999654,2026092405,719,R13_PUBLIC,0
9727fec77bdb8c95bd3633ec2bec0b9e4d9c9975169506763e0f5e17616ef1fe,2.1212183800003004,21.458989539010418,0,,-1231.0,7,81293.0,0.30013201100018705,4.129757675002111,80062.0,0,28.937545644999773,2026092406,719,R13_PUBLIC,0
9a9a3547ca998ce54974834c285c260350480fd95943d4a4403ec1582d1d82e9,2.076033587999973,17.069683745995462,0,,-1231.0,7,81293.0,0.2765302170000723,3.159346860995811,80062.0,1,22.750763994999943,2026092406,719,R13_PUBLIC,0
3f9b4fa6ad12fe0258f820b65c895b8e08c895513d9a2332e2f22e786a215a36,0.7511220050000702,9.654605211000671,0,,-1439.0,7,96027.0,0.17320046900022135,1.805267105006351,94588.0,0,13.083579148999888,2026092407,719,R13_PUBLIC,0
84f7e6cf7bcd06888b95a4cd5ad883324d9bf65143e2c4f20e433b28950efcd0,1.3564385770000627,18.524650823997035,0,,-1439.0,7,96027.0,0.2864456069996777,3.744493015997705,94588.0,1,25.577643606000038,2026092407,719,R13_PUBLIC,0
39bf9fcbc18a1173380d6b57fe25da99618859018d4ebe07e966f2d5c14a890b,1.1120304979999673,9.857533699005671,0,,3929.0,7,108411.0,0.19347825899967575,1.634716628998376,112340.0,0,12.909259245000158,2026092408,719,R13_PUBLIC,1
54509ad8db2308ff67f42c45b2e17b95f274804e8cfa99d97ccce442923d7b0d,1.9252886899998884,18.85430408400316,0,,3929.0,7,108411.0,0.3046128750002026,3.221048752000115,112340.0,1,25.424825626000256,2026092408,719,R13_PUBLIC,1
0d122af4bcf8138d1f1c52c02a9991d427a710942908e4f43499df24b1dd5715,0.8750051490001169,8.922977853007069,0,,1675.0,8,89703.0,0.6222894190000261,1.9197756849953294,91378.0,0,12.365008052999656,2026092401,719,R13_PUBLIC,1
b1955fe29958312e2f1be453cf49d9e85729bb5e1c81eac46f37be048a9b5963,1.166296467000393,15.688297244001205,0,,1832.0,8,89333.0,0.1434608469999148,2.314342457994371,91165.0,1,20.955657423000048,2026092401,719,R13_PUBLIC,1
573cfc33c249d9ebd41e9634e03282cf9e5bf92c6b5dd077688f39f471d96728,1.375613648000126,16.468007336990468,0,,-3100.0,8,86415.0,0.12576693100027114,2.2952791570000954,83315.0,0,21.584603050999704,2026092402,719,R13_PUBLIC,0
8fc9356534b162064fcafd6ae8eba55820ec6ff3f4f042f402ca2500970bfc86,1.2800031250003485,10.302083681001932,0,,-3100.0,8,86415.0,0.08023098800003936,1.2186833530072363,83315.0,1,13.007208786999854,2026092402,719,R13_PUBLIC,0
f9d83c885e5419806a74ef9d5ec1fb19da50a0632f1a9e2d26f9b04eccf4c178,2.10722841300003,17.32482615000481,0,,-2116.0,8,108616.0,0.14096178499994494,2.5519455279973045,106500.0,0,22.605453150999892,2026092403,719,R13_PUBLIC,0
015b3eaeb498fb280448f224861190cbeb544eeca9a1a60766633dc3e88e5388,1.8513130010001078,17.672684680993825,0,,-2116.0,8,108616.0,0.15221351899981528,2.656593349002833,106500.0,1,23.299925938999877,2026092403,719,R13_PUBLIC,0
5146d120cd2190ccab90df9a209be421d268a0cf256a8e37a5f881721466d96a,1.28557439899987,14.762673343002007,0,,5812.0,8,101276.0,0.11588665499994022,2.8137823310053136,107088.0,0,20.244720600000164,2026092404,719,R13_PUBLIC,1
c3390d7cda8a2a44b1587eb77f6e62301d9f3de42e75d5bb58d4cee290a1e115,0.555323615999896,8.088262042999304,0,,4486.0,8,121095.0,0.07203065299972877,1.8846095680137296,125581.0,1,11.594715938000263,2026092404,719,R13_PUBLIC,1
5d74b15a8f38eabc0a113af79391118c8cc1cad91a717ce340458ff7ae34c505,1.3993542560001515,10.806172127003265,0,,-12531.0,8,91667.0,0.11637465300009353,1.810077342006025,79136.0,0,14.604372228000102,2026092405,719,R13_PUBLIC,0
c26c4508f255ed4d28c424a75e8c27cda3e8e2e3329971f2532d8ad5e5579084,0.7877945729997009,13.238683794997996,0,,-12531.0,8,91667.0,0.3465714819999448,2.6017830120017607,79136.0,1,18.45945073499979,2026092405,719,R13_PUBLIC,0
1502a59bb82933f0602ab5c2b52bb2eb158b0b01fe552bbf64306fc88e860a3a,1.0783672880002086,13.28027019300498,0,,-7228.0,8,101918.0,0.16422399699968082,2.1546719559960366,94690.0,0,17.999408865000078,2026092406,719,R13_PUBLIC,0
8c85be539c859ea8603fc86dd963efa9d7d96f375cebed77467877a1ade5a9b0,1.2240105999999287,13.220188248993963,0,,-7228.0,8,101918.0,0.7279976760000864,3.051796601004753,94690.0,1,18.977853588000016,2026092406,719,R13_PUBLIC,0
5d86fbe24fa8f65e33401b950156342672e959c6f1fc2a6a41ffea6b891e7d6d,0.6693645810000817,9.161487957992449,0,,5190.0,8,82959.0,0.07008846500002619,1.7800417079920408,88149.0,0,12.42741177400012,2026092407,719,R13_PUBLIC,1
ee9a2ada8db5d91dbf0d975d655fbfb93450e0ad4d4ac3cfa3a831289bfcaec7,1.1064825529997506,15.715429595994465,0,,5190.0,8,82959.0,0.149323373000243,2.796512516000803,88149.0,1,21.943555221000224,2026092407,719,R13_PUBLIC,1
b1e65c1e3cf06b583825bb9628a08e5b3472accf20c2a6eb3615f536b819a750,1.0179523690003407,16.59051195600796,0,,-9587.0,8,78229.0,0.11141278800005239,2.21659515900501,68642.0,0,21.312903891000133,2026092408,719,R13_PUBLIC,0
287a2c8511f568fa380afbd17cfafe4adbe0b8f5ad7028b45d2a13ff95b8760b,0.6708347440003308,10.732092257007025,0,,-9587.0,8,78229.0,0.10248610899998312,1.5200275690058334,68642.0,1,13.909424086999934,2026092408,719,R13_PUBLIC,0
4a2fca52bdfbf4d6c5ca48da37e62356df0a7fd669c7dca6fc56cbf82be3d9b3,1.09114456899988,14.108989130000737,0,,1672.0,9,89706.0,0.03576331800013577,2.2290689349993045,91378.0,0,19.148202631999993,2026092401,719,R13_PUBLIC,1
f686c7e949a6411062e3bb83c882bf859ad661d7f335e50cfc4e2ecd225f191c,0.6321835089997876,8.999214760996438,0,,1829.0,9,89336.0,0.036481572999946366,1.566243377999399,91165.0,1,12.25626277099991,2026092401,719,R13_PUBLIC,1
22fdaf01464c421d893cdd080661b067964b7819e78050c9e9a247120fbf9fd3,0.9471098130002247,15.162237998001729,0,,-2534.0,9,84518.0,0.1029882349998843,2.3257424400017044,81984.0,0,20.37095031400031,2026092402,719,R13_PUBLIC,0
e44beaa105c2f5b0a8f99a56780b0e38a38c72e9b8078a2972c5f07d6d155d5d,0.9018658969998796,14.13564192099966,0,,-2534.0,9,84518.0,0.09348057899978812,2.42286058900072,81984.0,1,19.236404580999988,2026092402,719,R13_PUBLIC,0
48cea8470dfdb5ac620186502382dbf687cb00be86660936383a4ab9910c69b6,1.5097067159999824,19.094007322007656,0,,1329.0,9,106443.0,0.08617263099995398,2.4306700039987845,107772.0,0,24.360560894000173,2026092403,719,R13_PUBLIC,1
46617be6303eba6cd49c5497be012c5893f4f9af212fbd6832903e9ee2486fa5,1.7017009549999784,13.559204873999533,0,,1329.0,9,106443.0,0.09300760899986926,1.677203339002972,107772.0,1,16.655756481000026,2026092403,719,R13_PUBLIC,1
109ec879ced1da77743b09773700bf83cf2b377b4b76cdf833187c1cdada5e48,0.8789551039999424,12.295585590008614,0,,5514.0,9,101591.0,0.04662981399997079,2.4746402119953927,107105.0,0,17.390656583000236,2026092404,719,R13_PUBLIC,1
5d098a6dcc17ec209ad5ed068f4c7a647e85a77a23e46d55b4c48bb45b8c9c4e,0.883624693999991,12.159539220991519,0,,2754.0,9,123193.0,0.036573877000137145,2.60959483300212,125947.0,1,17.39849351599969,2026092404,719,R13_PUBLIC,1
3dd817c1a2c4f79c076e90ca1a78afefa5652a01cb136fef028c173e0d2a3eb5,0.4540255529996102,7.513883756998894,0,,482.0,9,85647.0,0.08392150000008769,2.041677981996145,86129.0,0,11.37114226299991,2026092405,719,R13_PUBLIC,1
ec694c760069e414c8fabbb9410287c216310b356e0f389110847d605d0840fb,0.7663446599999588,12.89985405899597,0,,482.0,9,85647.0,0.06944288199974835,2.286409610004739,86129.0,1,17.80118763099972,2026092405,719,R13_PUBLIC,1
4e8956abc509f9b935f9f6edc58c70543e39e1d782388d598f9f489be52ed0a9,0.8053865689998929,9.036395651000475,0,,-5432.0,9,101398.0,0.49201997199998004,2.3606004780099283,95966.0,0,13.20524128399984,2026092406,719,R13_PUBLIC,0
e73e058f33bda4f18d4d0d3656d8fd9086ba1faf76b319aabc51e23c09d0ce10,0.7627596380002615,12.756780282991713,0,,-5432.0,9,101398.0,0.125524834999851,2.4620409419985663,95966.0,1,17.85301124999978,2026092406,719,R13_PUBLIC,0
5267b110e76d433d91d6af84ad3a564bdedf07c5b7d1c3ef968242886ff50ad9,1.2332189019998623,15.356311511008698,0,,7352.0,9,82396.0,0.08834341799956746,2.528123871999469,89748.0,0,20.445680704000097,2026092407,719,R13_PUBLIC,1
b297232f702602c84c409488356085ad11f78eb54b216406fa420f8338e20035,2.404278486000294,20.604137115992216,0,,7352.0,9,82396.0,0.08330109899998206,3.2471443780041227,89748.0,1,26.963889547000235,2026092407,719,R13_PUBLIC,1
9862877cf33fbd7d011e1c4d5eb06bc7345912c415ed7623b805094979f3719a,0.6773839640000006,9.714505344001282,0,,-12717.0,9,80656.0,0.05675710000014078,1.4492076790033934,67939.0,0,12.595820752000236,2026092408,719,R13_PUBLIC,0
ae306e1a343b7d8db0ccf210dc3323d7210bfd546540b9db8dd2d1b794308216,1.0531306269999732,16.38861364200193,0,,-12717.0,9,80656.0,0.06305387700012943,2.28651110401006,67939.0,1,22.077771059000042,2026092408,719,R13_PUBLIC,0
d7c6ecd08a4a45d76ddbd66ce8472b8fa56419be0546bec3fda0d8bd987d03b3,1.1025151010003356,14.332697671994538,0,,1672.0,10,89706.0,0.15641438700004073,2.6656325950016253,91378.0,0,19.766078753999864,2026092401,719,R13_PUBLIC,1
43e7b8334cf82e177ce03e1411b818a20f2e41fba867da88d6b24bd4d73740db,0.6386814099996627,8.28201322899713,0,,1829.0,10,89336.0,0.08599955799991221,1.4501678529936726,91165.0,1,11.157656927000062,2026092401,719,R13_PUBLIC,1
db9aead178493fc0ddf6c4539af189c5424119418cf1ec13739ae1132d73bcc3,0.9260283680000612,13.876407193001342,0,,-2534.0,10,84518.0,0.11062909200018112,2.159331492999172,81984.0,0,18.54969273400002,2026092402,719,R13_PUBLIC,0
e2623e84e12e97b48390d39a34e25b3cd86431eff06f0e24677283562d3f5ca1,0.5740355560001262,8.393730009010596,0,,-2534.0,10,84518.0,0.06396688299992093,1.3356042040004468,81984.0,1,11.137350215999959,2026092402,719,R13_PUBLIC,0
01f418b4893a89f3e5fdf89917c68676d4e43dce00ad36ec396a15c2fa2b9ad5,1.754729753000447,18.89795568099862,0,,1329.0,10,106443.0,0.1535917750002227,2.4587545539980056,107772.0,0,24.1324195039997,2026092403,719,R13_PUBLIC,1
f6fdfe98058c10639a0cf95b34973905ccfcccd1987dc29076edc9042c713214,1.4421526729997822,18.421067772989318,0,,1329.0,10,106443.0,0.14002508099974875,2.4349746670081913,107772.0,1,23.51399983500005,2026092403,719,R13_PUBLIC,1
323319feab072690740d13b34c64cb08b7c863cad454af89d46d77d4831fcc88,0.4725554829997236,7.175009062994832,0,,5514.0,10,101591.0,0.0914523299998109,1.7261184960043465,107105.0,0,10.182985366000139,2026092404,719,R13_PUBLIC,1
a56919eb723742da13ce1d4ea7eea279e7fc319899ab875fb591689aa55acce3,0.7455447369998183,11.638036345999808,0,,2754.0,10,123193.0,0.14778081400027077,2.5938490109956547,125947.0,1,16.760672890000023,2026092404,719,R13_PUBLIC,1
41a866e78bb39498fd1691167a789057a8264e7507c819aa54f4a173de04e180,0.4870774949999941,7.704734554009974,0,,482.0,10,85647.0,0.0864405639999859,1.4967941829968368,86129.0,0,10.674726526000086,2026092405,719,R13_PUBLIC,1
e2756088ce7328c3f2e5575613c214b2a2a1c75a827db2912c7cf9bd7e157376,0.7576747500002057,12.364329469999575,0,,482.0,10,85647.0,0.11973504299976412,2.309401132012681,86129.0,1,17.402900093000426,2026092405,719,R13_PUBLIC,1
09cce58f57287d67f33aac9c5b21183499111e2582cb58c2f95d1798201b74e6,0.778245380000044,12.68841499100381,0,,-5432.0,10,101398.0,0.11626169399960418,2.2902220220039453,95966.0,0,17.688195258000178,2026092406,719,R13_PUBLIC,0
140b31ef73b95d23a8e686a723280ea8f7ff931f3f829458840cf06613fd4d2c,0.4465688710001814,7.527318234997892,0,,-5432.0,10,101398.0,0.07335317999968538,1.430838174994733,95966.0,1,10.421297278000111,2026092406,719,R13_PUBLIC,0
be06625d78eb5c93f5b79fd6f748064ede13ab761968df3922ef956040c6aa98,1.2241148929997507,14.852856233995226,0,,7352.0,10,82396.0,0.11098979999997027,2.525974861996019,89748.0,0,19.991928192999694,2026092407,719,R13_PUBLIC,1
b87f6e2e5bee3e1de562950572db7c7993967bf45281c4d4902c881f62254206,0.757816190000085,10.31918540500601,0,,7352.0,10,82396.0,0.09697896499983472,1.8582522490091833,89748.0,1,13.918238245000339,2026092407,719,R13_PUBLIC,1
eb2b17b35d9f451c662ecbeafc258c8aedac0a73b31804b5b210e5c8058a436d,0.8387718279996079,12.004826763000437,0,,-12717.0,10,80656.0,0.14092623100032142,1.7145371030005663,67939.0,0,15.496328127999732,2026092408,719,R13_PUBLIC,0
9e4e2fa0cad20251030821141b4a39e486b07885c3a6bc0a8d077353aaaafda8,1.0194582670001182,15.502504440003577,0,,-12717.0,10,80656.0,0.12390529599997535,2.230342292001751,67939.0,1,20.15335196599972,2026092408,719,R13_PUBLIC,0
e9019a11f1fd0cd255c71ca67b30ebca22403c709a0430d04ef8ad83d7e6aaf8,1.0149913200000071,12.478196770000153,0,,1878.0,1,88743.0,0.26273770800000307,1.947063972000251,90621.0,0,16.57043112400001,2026092401,719,baseline,1
e696e885f1816dc6641a7b222921c237477e50c43c2c9aff5af6d7b5b75a7a0a,0.4899416819999942,7.826913116999975,0,,-1133.0,1,90680.0,0.1671880090000002,1.2450164670000277,89547.0,1,10.299475613999988,2026092401,719,baseline,0
51b88de5a7f47be6ca73c78c2d5d9947fc43b509fef7e4e9d5739f022c552c27,0.8586893810000049,13.0165240540002,0,,-3648.0,1,86550.0,0.30274541,1.994751766999883,82902.0,0,17.112256837000018,2026092402,719,baseline,0
b0007bc8de82ee95a0999c4e701a792ea4707432cbb93001d7d5a7630a26e9df,0.5676791250000122,8.443430059999685,0,,-3648.0,1,86550.0,0.15763118899999995,1.305094072999708,82902.0,1,10.974284663999981,2026092402,719,baseline,0
ccb60d982e37c09ff7f5f1987457ac17430b73beb1b6965559752e09e4c0e3a4,1.008291311999983,14.021948510000101,0,,2760.0,1,107755.0,0.5381212399999811,2.2650925520000555,110515.0,0,18.535038714000024,2026092403,719,baseline,1
939fa967309fbcb6d42041f83c5f937af01731305b336e4cefa79f91a3831424,1.0204297020000013,14.337505671000429,0,,2760.0,1,107755.0,0.133575191999995,1.8765346780004677,110515.0,1,18.54378216799998,2026092403,719,baseline,1
58653635b8a8ee23ae36f0993b748f7c17adf9c2968ca2d03fc296d58c442e5d,0.5911068150000176,7.473728339999639,0,,4129.0,1,100784.0,0.08686607799998569,1.280294548000029,104913.0,0,9.99654149700001,2026092404,719,baseline,1
816c4972d3c492d90f0173d36956839bc69415dc30596ec1dc6b2e9f9e7dbe94,0.961228570000003,8.721058389999996,0,,6353.0,1,101271.0,0.07905247499999746,1.4464049750002346,107624.0,1,11.412525004000003,2026092404,719,baseline,1
0f8aa2d063ddc64ccf2169c4089dada4a51b73a08ee67dab7097e7b749a420f2,1.6816757309999844,17.213426173000443,0,,-1708.0,1,86876.0,0.10670208800002001,2.523483370999088,85168.0,0,22.780660649999987,2026092405,719,baseline,0
6a859b430ed413621c39dc3850450aaf2f63f440642c1f083742f5a236b2cd0b,1.3112557930000435,17.193763975000337,0,,-1708.0,1,86876.0,0.11936043500000437,2.5258773460000725,85168.0,1,22.807114232999993,2026092405,719,baseline,0
27b077a0d4136751f89279cd086621e03e9f55f40bb7e58c79be023a0518a5e1,1.3735204810000141,14.19812039300038,0,,1441.0,1,91435.0,0.2571444139999812,1.975372249998685,92876.0,0,17.997647804000025,2026092406,719,baseline,1
226e51adf673d1659be57dd7babc50b054b59c3ea3ac012c29ab8cbd240a667a,1.2795807100000047,13.557128243000022,0,,2628.0,1,93148.0,0.14045730600003026,1.8766341660002581,95776.0,1,17.732671763999974,2026092406,719,baseline,1
2b5118fdb33d1b23d338932a0ff4657e894e98ebaa879d4e13594fecfb936e46,0.8258282440000357,11.891303946999074,0,,6580.0,1,79119.0,0.1096370820000061,1.8915319320004755,85699.0,0,15.862639497000032,2026092407,719,baseline,1
cd542f7a1161f426b41fb2539d2d10213c158614e3812b39d1c8bc78485adc2e,0.46924263699997937,6.744607674000179,0,,6580.0,1,79119.0,0.08867038800002547,1.1447872930007748,85699.0,1,8.983008937000022,2026092407,719,baseline,1
fd89d0898141ea745f02666836683e0e4f32d22132a78ebadf877efbfcf62161,0.5686958969999978,8.394289695000623,0,,-7538.0,1,75586.0,0.07780237100001841,1.0967250649990206,68048.0,0,10.581473861000006,2026092408,719,baseline,0
ea6868d097d10ba4fd0be0be8600737ed9f5dd5f5167e4d6412be7152e8f327d,0.9258992939999757,14.035284967999416,0,,-7538.0,1,75586.0,0.13973252800002456,1.8470354119997978,68048.0,1,17.996166082000002,2026092408,719,baseline,0
434e47b2d1e0e3c86c368b2ed69eded69b3ba8448ca79f0848431cf09349f1a5,0.7294168889999924,11.904188926000359,0,,128.0,2,88455.0,0.14998310599997922,2.0280967170003805,88583.0,0,16.400813969000012,2026092401,719,baseline,1
d62b9454fcfb79cd2e06f88119daa6c29723df12aef1026379a55c56a70315a1,0.4477022880000163,6.993494087999977,0,,-906.0,2,90275.0,0.07320189699998991,1.262856583999735,89369.0,1,9.430998156000044,2026092401,719,baseline,0
9b8b12810f863b6b7b8e905b47cb9862712c0116e8367186c60eaf854bd2f17e,0.4998914189999937,7.837215485999877,0,,-3476.0,2,86436.0,0.06755984500000523,1.2618469370004277,82960.0,0,10.241503894000004,2026092402,719,baseline,0
49cabba08718e5c07c11382357c91eb97d61098fb3873745cedcf726729dd46e,0.8530031959999747,13.04245763199981,0,,-3476.0,2,86436.0,0.1321811810000213,1.9480950190002773,82960.0,1,17.05698362000004,2026092402,719,baseline,0
8e26370452bc925f6c3a08542a0f5db8e66a93b1e27ea630ca60a2c2994bfc12,0.9525943369999936,13.394316693999656,0,,2645.0,2,107637.0,0.15247543499998528,1.91968451900118,110282.0,0,17.329428448999977,2026092403,719,baseline,1
08144bff6de524ffa128022d4ae81efd2dc3d3270879a91aa04de34c5cc71a87,0.6044334260000142,8.06221218300027,0,,2645.0,2,107637.0,0.3423843730000158,1.640259728000558,110282.0,1,10.83305384099998,2026092403,719,baseline,1
736400486a959b26c9a099dc2f19aacc26d57ec38862d34f82ca26197a043d5d,0.8455723419999686,10.121457296000017,0,,6190.0,2,100523.0,0.1624962419999747,2.6251641729999164,106713.0,0,15.162376524000024,2026092404,719,baseline,1
71136cf48f749296df60fecd9de703d7b661d30227814728f0a4752d1ab30d8f,2.029135886000006,15.014884877000213,0,,6206.0,2,100961.0,0.05246514599997454,2.6930591089995914,107167.0,1,20.060674094000035,2026092404,719,baseline,1
2213fe4317d3503218da4e374f00ecae3a94934e246a20e10d99cd71766dc016,0.4662622960000249,7.775240401999838,0,,-10907.0,2,94462.0,0.08379571399996166,1.545781336000232,83555.0,0,10.52457027600002,2026092405,719,baseline,0
196afbb1d21699874872286b588b967243381f64ced9e1d085a0ff2ca8fa2f21,0.6165410570000063,8.943375166999658,0,,-10907.0,2,94462.0,0.09875100700003259,1.6862722030003283,83555.0,1,12.030128419999983,2026092405,719,baseline,0
2f2d10514c344ba523aaf2ce5c4f7f5b4dcbac55db5803eb2b5e6b499d1856fb,1.7661655979999864,18.730106547000275,0,,-2090.0,2,101148.0,0.15550315300004058,2.840628391999246,99058.0,0,24.378924412000003,2026092406,719,baseline,0
9de5f95b9946c3bb917dd7e988a76ead1b8bdfdab04f09d59d6d62133c21c102,1.4841239980000296,18.780918150999298,0,,-2090.0,2,101148.0,0.14413920099997313,2.887734000000819,99058.0,1,24.454295432000038,2026092406,719,baseline,0
4d8764c92f0d64931284e59c412a48aa63290bb837f34aa4407ff9fcfd89d809,0.7102534869999886,9.223293056000273,0,,6637.0,2,79060.0,0.13534541299998182,1.9286425000003078,85697.0,0,12.662102005999998,2026092407,719,baseline,1
8b043db290f528758d814a0611af959ad61390d74d5aed18ac2f98b277b33a98,0.7072556080000254,9.041907328000718,0,,6637.0,2,79060.0,0.16358884900000703,2.084710614999892,85697.0,1,12.721570251999992,2026092407,719,baseline,1
3e35ae7f988aa123c2ef37f2f8ad83b05f53651c00e6c4886335af1f1be10c09,2.365957375999983,25.083060488999195,0,,-7312.0,2,75423.0,0.1159867659999918,3.403862896001158,68111.0,0,31.93237301100004,2026092408,719,baseline,0
cc2c47e282f7496bb301ff4d780d8962c703a495a98f969505184841e58efa5f,1.3129411900000036,17.55883273999956,0,,-7312.0,2,75423.0,0.16498181099996145,2.958032460998197,68111.0,1,23.137250005999988,2026092408,719,baseline,0
78d927bc89418cc990ba6a6e5243729fd09b39474bb85c732cf96c8fac723997,1.0245881929999996,9.337596008000105,0,,815.0,3,88492.0,0.07050877599999694,1.6387276270003213,89307.0,0,12.611845802999994,2026092401,719,baseline,1
42e1146ad02c882b2e24b12a5a793b72c2bdd7c3087ea4b6e136cef0d1ecb3ec,0.513840053000024,8.22693120400055,0,,-390.0,3,89956.0,0.09054673800000046,1.455371085000479,89566.0,1,11.116712629999995,2026092401,719,baseline,0
2db9457aabae4f0b77ba20d6b7a62567e85e7c8ecbdc15515ac9baea1f03a23b,2.126646438000023,30.656798139001296,0,,-2968.0,3,86648.0,1.7231889509999974,5.9765098040005,83680.0,0,41.033056606,2026092402,719,baseline,0
d6f3ac6dc77b534566d37571582c8584f51deaba6e882110d534bc81fd01b2cb,1.7963377199999968,19.00708505600045,0,,-2968.0,3,86648.0,0.32119240899999113,2.93052202999894,83680.0,1,25.06274972,2026092402,719,baseline,0
50c5ffe0ca25d81cc0f5317b0fc1cd1aede8239e82b9a49614e820560414c8d4,2.093814162000001,14.135456829998589,0,,338.0,3,107511.0,0.1914946930000383,2.1761441019996255,107849.0,0,17.966073051000023,2026092403,719,baseline,1
c9a61a21baf308547eb19d7cce535945cb70238eac1896ffc8afb61c7c95c231,0.992221150999967,12.012507529999766,0,,338.0,3,107511.0,0.10763696999998729,1.8344077669996182,107849.0,1,15.56328072499997,2026092403,719,baseline,1
c93f87dc0cf7edf4004a1185446d928004d41f66dd0b83e14439c1efc4e3b5d1,0.896614387999989,14.60840753700063,0,,3799.0,3,101067.0,2.1606152029999635,5.296504632999756,104866.0,0,22.705186722999997,2026092404,719,baseline,1
cb10006ff41c3dd01b5fbd03f9825771362432f82b6d177a71680c335ee1fcd2,1.0679340040000511,9.771352677999516,0,,6202.0,3,101700.0,0.40746412100003226,2.1449971840002604,107902.0,1,13.316491168000027,2026092404,719,baseline,1
d9ad03317a48d1dff511b8755960bbffc715d136bdbec4664c9fd28aed6361cb,0.9999670839999908,14.73140536599982,0,,-928.0,3,86272.0,0.11372905799998989,2.942179507000617,85344.0,0,20.426451896000003,2026092405,719,baseline,0
9523d79b0cf50d1b37cbc3aaddf0b24e5f7a111091a83efe3019b5d5a5a4d1e2,2.726578450999966,19.304928468999776,0,,-928.0,3,86272.0,0.24927731500002892,3.9435060880003334,85344.0,1,27.02318606099999,2026092405,719,baseline,0
9b5e8351293aa8087ce06a586b959a4412b1fc9995c6b56bdec0fe17df8c659f,0.5269735379999929,8.783382283001174,0,,-6421.0,3,103760.0,0.09677508400000079,1.8728401960002543,97339.0,0,12.204723172000001,2026092406,719,baseline,0
874ebd4605a7625a748a3be2843142e955ccbc7a5ad1492884c147e72b14a73e,1.690045960999953,20.236790015998963,0,,-6421.0,3,103760.0,0.3728583050000225,4.917349154999556,97339.0,1,29.222784355999977,2026092406,719,baseline,0
b009efe1b5cf384af250a231c0c32c5bba47ce6f45bdd8f64357f31ffbf7890c,0.9310361320000311,9.603942775000064,0,,7258.0,3,80929.0,0.12535240300002215,2.112192386999709,88187.0,0,13.108904381000002,2026092407,719,baseline,1
edb8c2134fd55c350a8e0c4f30ede4aff16973f3fe8a627637616e270f7441c1,0.640865228999985,8.376189895000493,0,,7258.0,3,80929.0,0.09625315599998885,1.865765690999865,88187.0,1,11.496236010000018,2026092407,719,baseline,1
fe34a2570af61e4a64aa24d51bdf382e7598fe40d43eee75b53ec9d93ba1a1e7,1.5855847599999606,19.317010402000165,0,,-7021.0,3,75974.0,0.15615022400004364,3.1217890599995144,68953.0,0,25.129065725999965,2026092408,719,baseline,0
67e128d17181fd8525065107d804231436412158155234ed1cffe3794d4a34c2,0.6964322540000012,10.800337139999215,0,,-7021.0,3,75974.0,0.10175313200005576,1.8338616749988432,68953.0,1,14.004359300000033,2026092408,719,baseline,0
29399c13697738800b6ec2923e8b4946ef2704541f867a4ee1ae09c1987eb845,1.8588362059999781,20.508305762999896,0,,773.0,4,88534.0,0.057579550000014024,2.7950665740009413,89307.0,0,27.11679312299998,2026092401,719,baseline,1
06733762106e60853efd3c53f63fc337e3b63af1b7043fbabfcbb8d9a86401b4,0.5121527640000068,8.298439649999807,0,,-432.0,4,89998.0,0.038095611000017016,1.3129836389994693,89566.0,1,11.060813268000004,2026092401,719,baseline,0
accec4eadc473f2b554ad6a82b222efd583dcec4b288541edd62556b43826319,1.5569462239999439,18.026258060999623,0,,-2976.0,4,86657.0,0.12821747200007394,2.2449847619991488,83681.0,0,22.874424180999995,2026092402,719,baseline,0
b918e3a387baee374ac8dcb61b983501b2e431eb3a44dad5f34cbb63b92510c0,0.9505578089999744,10.190153749000842,0,,-2976.0,4,86657.0,0.10291803000006894,1.3738010049984837,83681.0,1,12.92511781899998,2026092402,719,baseline,0
f95fd561ae8617b859bf3f14d47254f1813ecd4a81b94dd6e426790cf15d65b0,1.7508815659999755,19.081848542000444,0,,328.0,4,107521.0,0.159570733999999,2.2599339749988303,107849.0,0,23.995856335000042,2026092403,719,baseline,1
3940b5599fec95e9ae483f86dcd6b3efd29e8d3452d039cbdaf39994c52ef72b,1.6300685019999719,18.427289215999167,0,,328.0,4,107521.0,0.1336655709999377,2.2215421840020326,107849.0,1,23.383415131999982,2026092403,719,baseline,1
ccc27d90caca5f8862cd8a05f7295b0cd42314b693c8638c46ed5b252e78a35d,0.5252494459999753,7.759634101997904,0,,5436.0,4,101239.0,0.031643809000001966,1.6689057390000244,106675.0,0,10.639714761999926,2026092404,719,baseline,1
11162cc9c1d98fd3e5ced08342c387ba48244bc205c0f2f223dc46ded7e93211,1.06424537099997,9.461644150999518,0,,6072.0,4,101554.0,0.026653842999962762,1.6167061300014893,107626.0,1,12.384682052000016,2026092404,719,baseline,1
47102f0de748f69110c78a5aa1469ce56d3f6f5fb77f3a5695d2a8c74284131a,1.297707947000049,15.95968578200177,0,,-1055.0,4,86404.0,0.05971942299993316,2.60109684799977,85349.0,0,21.38150564299997,2026092405,719,baseline,0
29b3ef4c7354942c079231100597ac62d1093ac31bea983698db2c8076c2c10b,1.1953080709999995,15.418494791997773,0,,-1055.0,4,86404.0,0.035654346999990594,2.369837616999689,85349.0,1,20.70836030800001,2026092405,719,baseline,0
5774dae9f8f4f5f0c35936d7604f9ca810abbc4b0ee2c1b77bf993c046c8b7c8,1.7297861549999425,10.235379330999422,0,,-6431.0,4,103770.0,0.5444384190000164,2.16861646400082,97339.0,0,13.872370157999967,2026092406,719,baseline,0
a8990721d8906a26a93f0caaa42463aaf2ca68bb7e0e5d438c67112ebe6aa81e,1.3189296970000441,15.048086231999491,0,,-6431.0,4,103770.0,0.15922901499993714,2.6282482330013863,97339.0,1,20.61651227699997,2026092406,719,baseline,0
4c54b817688df765bbfc3730721658a6ba233746cc6468b5b272d1b8d3f949ef,0.7148693860000321,8.55911878400184,0,,6226.0,4,79465.0,0.151278982000008,1.7130568049987005,85691.0,0,11.521324890000074,2026092407,719,baseline,1
f7183b2945a33bebcd472c7457983f3e25ef1a4798d70c22056cb7013f1145ea,0.976070390000018,14.477146445996482,0,,6226.0,4,79465.0,0.254840933999958,3.0078678239995043,85691.0,1,20.2386619240001,2026092407,719,baseline,1
8ea587431f2cc52531ccc0a17aa99f15880a5e598f5f82de8b234db111eca55f,0.9113583189999872,12.587683734000734,0,,-6517.0,4,75848.0,0.09753217599995878,1.6235384759976341,69331.0,0,15.78074982499993,2026092408,719,baseline,0
d83c7679d53c3063f2398c89d395d174e0a9a56445eee1fc44453deb410c963c,1.3846327480000582,21.892875207999396,0,,-6517.0,4,75848.0,0.15922605999992356,2.7217638879999413,69331.0,1,27.49777320399994,2026092408,719,baseline,0
ed74ee0ea4cb73452a111b21bc963fa667ff7e6fda4507194b69a52aefedee21,0.9308093260000305,13.495805293001354,0,,-7368.0,5,103813.0,0.10905438100007814,1.6307779939998,96445.0,0,17.777550848000033,2026092401,719,baseline,0
7c5a2a3d688eda6d5e6c5453deaf1e6825ee7a1005bd156408ff18465d9e8522,0.5480115320000323,7.878495000999919,0,,-7368.0,5,103813.0,0.04811336600005234,1.0524292150012116,96445.0,1,10.273989784000037,2026092401,719,baseline,0
54bbec4f2e304f6a361d77e95968d64cf9eaab0dacb72f4d024cb4e4070ca17d,0.5865658769999982,8.073758168999348,0,,-13130.0,5,100115.0,0.04909798599999249,1.2053785900010325,86985.0,0,10.559468175000006,2026092402,719,baseline,0
3740bb4746d8ce6b13d77dd242196da38e470a065f83b91d8acd5bafa15d7832,2.2494319180000275,30.14034236100042,0,,-8415.0,5,112680.0,0.15536712400000852,3.408308293001369,104265.0,1,38.20334653300006,2026092402,719,baseline,0
fc1c427823e6062bcf1b5768f13df2ea8c9042cac1d148340311a21ce7df4c03,2.1826743139999962,23.40990515699889,0,,-1728.0,5,120460.0,0.18705606799994712,3.7862860919989316,118732.0,0,31.625916708999966,2026092403,719,baseline,0
2ce513c986fbd20955488b09f8e5945bd92ca7804f9c7da363e2ee9b4e7ddf69,0.5951500199998918,7.647373305000656,0,,-1728.0,5,120460.0,0.08090778700000101,1.1674076850007395,118732.0,1,10.094454671999983,2026092403,719,baseline,0
b61757dc22be76aa68829958843b5725ceaa7693ae7d62d62be6d3df65910dbb,0.5962631810000403,8.435661207002113,0,,-5358.0,5,88117.0,0.06663748699997996,1.1447817469993424,82759.0,0,10.87610121199998,2026092404,719,baseline,0
ced9e73d78cbf6b0a555fbdbe607b806b3c560ec94d3860c3ab5a93b0c630cd0,0.6880211200000304,8.467566955000507,0,,-5358.0,5,88117.0,0.08687031399995249,1.1677461689999973,82759.0,1,10.893606948999945,2026092404,719,baseline,0
de16f7b95f13337385bcf6017541ee51868983f2c42a26dd500ccbcc746247ae,2.267382537000003,26.29198618800035,0,,-3689.0,5,79419.0,0.7997044379999352,3.447019409001655,75730.0,0,33.15871296199998,2026092405,719,baseline,0
89b6d72a6bdf4c51480bfb825aa9311e225a0364fb22aaf07d39217aec5fe5b1,0.8314972299999681,10.903849921998471,0,,-1665.0,5,79174.0,0.0681482390000383,1.2080503799996904,77509.0,1,13.599894253000002,2026092405,719,baseline,0
172252f5cc10079f0df45e00a74afe64ba5a7da98f6ea2175b699f0c4919f137,1.9086535290000484,20.644985343000712,0,,2590.0,5,82453.0,0.3397809340000322,2.75875681699938,85043.0,0,26.976555830999928,2026092406,719,baseline,1
14a3b98fe26bad26ac6f1893ec3b1108313004341d6f26405c55e25e21300679,0.4775729479999882,8.280315126998858,0,,1582.0,5,82648.0,0.6874006439999221,1.8305495840023696,84230.0,1,11.501467295999987,2026092406,719,baseline,1
7821227745220d6efa736e64cba5ebac4176365f4839e0441aca06d439247893,0.5494857789999514,8.164216471002305,0,,-4276.0,5,94570.0,0.05235454699993625,0.962157780001462,90294.0,0,10.348296687000015,2026092407,719,baseline,0
fe7ea77ea0ec580c3a76e7021a5ac4dd269970e1f24831c791e3b24ed143f7ae,0.6027326470000389,9.158638298998767,0,,-4276.0,5,94570.0,0.06001424099997621,1.1200275470022234,90294.0,1,11.637417686999925,2026092407,719,baseline,0
fb35ed80ccc6f28943468b5fc5f8fb1a3ae70de73c45a202111289e4b6dc0364,0.5189733509999996,6.579612929000177,0,,-8220.0,5,103827.0,0.05069680199994764,0.9478423800021574,95607.0,0,8.683559403000004,2026092408,719,baseline,0
ae0592d0cd2b9790cdcdaeb45ab1633a51cab47b6dc43ea6bb94b00d49fb1d2b,0.4949333619999834,7.772541186001035,0,,-8220.0,5,103827.0,0.05446632000007412,1.1688699289976512,95607.0,1,10.507819261000009,2026092408,719,baseline,0
e9019a11f1fd0cd255c71ca67b30ebca22403c709a0430d04ef8ad83d7e6aaf8,0.9661197190000621,8.59601538200036,0,,1878.0,6,88743.0,0.0529114280000158,1.3446670069992024,90621.0,0,11.492426033000015,2026092401,719,baseline,1
e696e885f1816dc6641a7b222921c237477e50c43c2c9aff5af6d7b5b75a7a0a,0.6678958480000574,8.617720106000775,0,,-1133.0,6,90680.0,0.11951918800002659,1.2081241249989034,89547.0,1,11.170540448999986,2026092401,719,baseline,0
51b88de5a7f47be6ca73c78c2d5d9947fc43b509fef7e4e9d5739f022c552c27,1.0581422640000255,11.980432994000125,0,,-3648.0,6,86550.0,0.07944906099999116,1.6962286429985625,82902.0,0,15.624187186999961,2026092402,719,baseline,0
b0007bc8de82ee95a0999c4e701a792ea4707432cbb93001d7d5a7630a26e9df,0.609153053,9.074191906000237,0,,-3648.0,6,86550.0,0.05186003599999367,1.1479544360011005,82902.0,1,11.562953709999988,2026092402,719,baseline,0
ccb60d982e37c09ff7f5f1987457ac17430b73beb1b6965559752e09e4c0e3a4,1.208038289000001,16.838479651998227,0,,2760.0,6,107755.0,0.11491823000005752,2.176855689000149,110515.0,0,21.710057692999953,2026092403,719,baseline,1
939fa967309fbcb6d42041f83c5f937af01731305b336e4cefa79f91a3831424,1.2815847729999632,16.623987352999393,0,,2760.0,6,107755.0,0.14388185599989356,2.1531812479991004,110515.0,1,21.171534576,2026092403,719,baseline,1
58653635b8a8ee23ae36f0993b748f7c17adf9c2968ca2d03fc296d58c442e5d,0.5355514069999572,7.699151378999886,0,,4129.0,6,100784.0,0.05937166299997898,1.478064070999494,104913.0,0,10.441262330999962,2026092404,719,baseline,1
816c4972d3c492d90f0173d36956839bc69415dc30596ec1dc6b2e9f9e7dbe94,1.7813490510000065,17.045962453999437,0,,6353.0,6,101271.0,0.16326556399997116,2.4482628660001637,107624.0,1,22.24479016400005,2026092404,719,baseline,1
0f8aa2d063ddc64ccf2169c4089dada4a51b73a08ee67dab7097e7b749a420f2,0.927110837999976,8.379559170000903,0,,-1708.0,6,86876.0,0.06874138399996355,1.4654790550006283,85168.0,0,11.15928731400004,2026092405,719,baseline,0
6a859b430ed413621c39dc3850450aaf2f63f440642c1f083742f5a236b2cd0b,2.104749417999983,15.140886216999775,0,,-1708.0,6,86876.0,0.12576984800000446,2.167272249001371,85168.0,1,20.028918174999944,2026092405,719,baseline,0
27b077a0d4136751f89279cd086621e03e9f55f40bb7e58c79be023a0518a5e1,0.8851875080000582,9.289971525000055,0,,1441.0,6,91435.0,0.054174784999986514,1.2996476620016892,92876.0,0,12.00495920000003,2026092406,719,baseline,1
226e51adf673d1659be57dd7babc50b054b59c3ea3ac012c29ab8cbd240a667a,1.5726398069999732,18.80983630499918,0,,2628.0,6,93148.0,0.17111363500009702,2.8118680309995625,95776.0,1,24.78493421999997,2026092406,719,baseline,1
2b5118fdb33d1b23d338932a0ff4657e894e98ebaa879d4e13594fecfb936e46,0.7788205379999908,8.560207644999878,0,,6580.0,6,79119.0,0.0941553700000668,1.4440008839995926,85699.0,0,11.373274203999927,2026092407,719,baseline,1
cd542f7a1161f426b41fb2539d2d10213c158614e3812b39d1c8bc78485adc2e,1.068858457000033,15.551702376001458,0,,6580.0,6,79119.0,0.12649504300009085,2.5470675560001155,85699.0,1,20.51676123499999,2026092407,719,baseline,1
fd89d0898141ea745f02666836683e0e4f32d22132a78ebadf877efbfcf62161,0.7032005359999403,10.6533976169992,0,,-7538.0,6,75586.0,0.17785106300004827,1.6919154560000607,68048.0,0,14.22159258299996,2026092408,719,baseline,0
ea6868d097d10ba4fd0be0be8600737ed9f5dd5f5167e4d6412be7152e8f327d,1.2138410969999995,18.413526590998345,0,,-7538.0,6,75586.0,0.12201352299996415,2.4646152549993303,68048.0,1,23.531978966999986,2026092408,719,baseline,0
734afc767f1c66280e726c923d9583bf3fbbe15b865c79b4d28b1b2442cd403a,0.9955662040000561,10.913840237001295,0,,-2103.0,7,74553.0,0.5159218520000195,2.189166093000381,72450.0,0,14.642920419000006,2026092401,719,baseline,0
08145acc00c5fca9e6cf56ef0bb16c0c9d765f66aa1568e84334016358fdc761,1.3042635069999733,17.386972059996765,0,,-2103.0,7,74553.0,0.14698757300004672,2.7061404669996136,72450.0,1,22.821469937000074,2026092401,719,baseline,0
2741929f28d11c7c8d20eced58d50aa930a64b0f3eef23f08b26ea84711fd71e,0.6238039280000294,10.700981178002394,0,,3114.0,7,94315.0,0.11583068200002344,1.5769191390023707,97429.0,0,13.593290549999892,2026092402,719,baseline,1
8a50e56b9b23f3b3d6d7d5a790b531e7fdcf74a7795aae9974820688097f00a8,1.2225842249999914,15.505341909001231,0,,6416.0,7,63259.0,0.33230781299994305,2.495962618000135,69675.0,1,20.181282324999984,2026092402,719,baseline,1
435f6ca1056a0afe35ba8e150f52d044b87f5b45ef7a23847ef4d0ba06266649,2.594988294000018,19.84656434299893,0,,1940.0,7,99184.0,0.48914023499992254,2.9267389260003256,101124.0,0,25.429392268000015,2026092403,719,baseline,1
920b368f0025a2965cbe759c37e77bd92cd9219796c2ec80ac02e2129bdb7165,1.3523443479999742,11.884928437000212,0,,1940.0,7,99184.0,0.1218045540000503,1.8328566390030119,101124.0,1,15.109265127999947,2026092403,719,baseline,1
a837396a3867a3a3770d65f5f128e45f42e607ac052b0ec8eaf695c43c521808,1.176885418999973,17.855597224000576,0,,-9515.0,7,86119.0,0.30028228699995907,3.105436522002151,76604.0,0,23.693482062000044,2026092404,719,baseline,0
deac0acd6f2e9705ced5f264bfc74f838b6c57c6ff5219446556328e53ce6632,0.8139463479999449,10.930826115996979,0,,-9515.0,7,86119.0,0.20225614000003134,2.143464451000227,76604.0,1,14.593222783000101,2026092404,719,baseline,0
b79f521be159d858398a142d2adf5b8d4e3151f78ffbf1b0c147c624170a3893,1.0159621920000745,15.48998844900018,0,,-7287.0,7,103230.0,0.6660365080000474,3.33902525200142,95943.0,0,21.85479503900001,2026092405,719,baseline,0
032138aec998f3be2c09f90304d033ff77a1dd207d7d24f8c684c6e7938eb2e4,0.5573061750000079,8.875386375000403,0,,-6628.0,7,103051.0,0.06672963100004381,1.714588202002119,96423.0,1,12.002859255999965,2026092405,719,baseline,0
5e2937a98f4f20bdf8353ffd4304e255c3195f2669027b6498256ce43d66e1b7,1.9220785420000084,20.449081780000142,0,,-4144.0,7,77691.0,0.8616257609999138,3.4624401049992457,73547.0,0,26.540845064999985,2026092406,719,baseline,0
ffb5ec1e841618f04d8527d8c58f565c57c7c44e67865b6ff3a3e6e4affde83e,1.2088794339999822,12.365539288000377,0,,-4144.0,7,77691.0,0.11073463799993988,1.8346354170004133,73547.0,1,15.756960776000028,2026092406,719,baseline,0
04f6cda34eea5bca91fedfff87cd4459352aab216a95813f19887a69b59415cd,1.098918665000042,16.4942600859996,0,,-1760.0,7,96176.0,0.26887027600002966,2.9065820809995557,94416.0,0,22.45113048299993,2026092407,719,baseline,0
b82d2161cdca1d655c9e60060aa3d25e98381d55cce5845c8e1a59e91dc50544,0.7141583149999633,9.648779850000665,0,,-1760.0,7,96176.0,0.10749040700000023,1.772423274000971,94416.0,1,12.836368394000033,2026092407,719,baseline,0
47f5ae85712bd224c73bc95d7808660b4ac02958ce488e886ebc7a143dec9d29,2.0023088489999736,19.133410729001184,0,,5698.0,7,106833.0,0.29440208100004384,2.6453708959987807,112531.0,0,24.442367174000083,2026092408,719,baseline,1
d5691c1ae7c6db156d79b841ab2ef4d2722fa97eb5d08dcf7bfbfc4c18de734d,2.0316329330000826,19.189570806999654,0,,5698.0,7,106833.0,0.35465163300000313,2.753674508999893,112531.0,1,24.734015498000076,2026092408,719,baseline,1
49d03f28c81b11c7fa39c2ed2bdcbe9cd2180e14ca2efb4be2c0f31f7714a4bf,0.5083635769999546,8.489022656000088,0,,815.0,8,88492.0,0.0736745689999907,1.3849424849992147,89307.0,0,11.367377062999935,2026092401,719,baseline,1
b3888fba3b35eb68129c45eaa563639d71240baa986a35c552cda65faf4f24ba,0.567129872999999,9.894408579998299,0,,-390.0,8,89956.0,0.10075824099999409,1.7091385360013192,89566.0,1,13.382013669999992,2026092401,719,baseline,0
6a3d11619ca6f3703bf4f298a42c1565652f0b36a798d7c99cece11d6cc4427e,2.011074868000037,19.100975601998925,0,,-3645.0,8,86223.0,0.2178800899999942,2.3174199310008134,82578.0,0,24.150576586999932,2026092402,719,baseline,0
41906844b29585a0e588e229cda8fbcd1711df2333cb636470dcab695df420fa,1.338801144999934,18.165424719997986,0,,-3645.0,8,86223.0,0.26739840000004733,2.4331239920004464,82578.0,1,23.547911202000023,2026092402,719,baseline,0
ff42be309799a925781f6677b5d5e6c4b20490fb8102546372741737f5301b88,0.8586842369999204,11.027975139999057,0,,2865.0,8,106117.0,0.49338757300006364,1.954692840997609,108982.0,0,14.449687423,2026092403,719,baseline,1
f1fd2c18f1701905c432ad261a6be969c969c54bf5a3319859634881d6d41b58,1.028035755000019,10.09351582899967,0,,2865.0,8,106117.0,0.07384447599997657,1.3730774169977167,108982.0,1,12.931244133000064,2026092403,719,baseline,1
67b95973932566c29a10f9a0befd7f31e85ce071bb0b4a4e43f01545367a7ad6,0.8757999590000054,14.091519131998439,0,,3959.0,8,100907.0,0.13521376999995027,2.663143666000906,104866.0,0,19.445764123999993,2026092404,719,baseline,1
1a987ec14f50c3676df865caec97660ec9611084f0607b3c4c9d9b0392666375,1.4902562190000026,18.13960319500029,0,,6362.0,8,101540.0,0.14177399200002583,3.0878430320010466,107902.0,1,24.198947727000018,2026092404,719,baseline,1
4d2f148d01a57a9b6fb3e37ee614b6eacf8ad124a7d59a6a67e9627d5eb16ad3,0.7037141229999406,9.227300901002195,0,,-12159.0,8,91460.0,0.10822178800003712,1.593988614000068,79301.0,0,12.25708284399991,2026092405,719,baseline,0
6d6ee28f452fa4d8cdf76006da21c9bbcd33b69f7d1e34e6cf83109b0f77af86,0.9959752489999119,13.262423384001295,0,,-12159.0,8,91460.0,0.1758899950000341,1.8361733459981906,79301.0,1,17.253345730999968,2026092405,719,baseline,0
e48b96ea46827adb4b97b676311d532c4e4dcc44e6a7c44851e266247418d063,1.2727464270000155,11.096547997003881,0,,-6421.0,8,103760.0,0.09298335699998006,1.5187611699989247,97339.0,0,14.274550027999908,2026092406,719,baseline,0
d6e3aabf296fbb9b37e15b657425517d570ef57fe0865f823d5fc2619e6faab9,0.683260558000029,8.33151891399848,0,,-6421.0,8,103760.0,0.06328237899992928,1.2636469749993466,97339.0,1,10.967009186000041,2026092406,719,baseline,0
12b46dccba98fe57a3776789eea529ce3885f1341055e1e8a4af1d223480a7a9,0.537862505000021,7.4514567200020565,0,,7412.0,8,80773.0,0.07207796500006225,1.4585981130001073,88185.0,0,10.318324964999988,2026092407,719,baseline,1
ba5ac184ff5a7275bd15119377754aa9bd887c44c44e5bfd72f36a58664b0d32,0.9807949199999939,10.457267392998801,0,,7412.0,8,80773.0,0.113427424000065,1.6368736159985247,88185.0,1,13.722150659000022,2026092407,719,baseline,1
a193be8a7e6f126f2d9938ff866e042228294a790057f73d04147dbadc9de06d,1.3271420949999992,12.572850010999332,0,,-9627.0,8,80227.0,0.14194912100003876,1.593594432998998,70600.0,0,15.812754373999951,2026092408,719,baseline,0
8229e8fee2ab7d73216579b3c8812ea2731eb6af8980263dd09551b4d47ebc5c,0.6511033890000135,9.668646126999988,0,,-9627.0,8,80227.0,0.06226500800005397,1.2326704150008254,70600.0,1,12.103523009000014,2026092408,719,baseline,0
ee50f17c68db62b286260cff4768fcbdca4f8824080857aa0861f08eaa9d0f83,0.434084514999995,7.189943628999458,0,,773.0,9,88534.0,0.017869519999976546,1.1753246130018624,89307.0,0,9.653698594000048,2026092401,719,baseline,1
0891a43253ae97ad0e08954d28138a4a8bd00cd846b79f08cd2f5b73fb9555fc,0.43769412500000726,6.83906463299968,0,,-432.0,9,89998.0,0.021073268999998618,1.1059639859988692,89566.0,1,9.091418799999929,2026092401,719,baseline,0
94706c027f1b3fd6088483cf6c595a6987e8216df702dafbf89f54f344b822f5,0.80527383499998,8.83088030299973,0,,-2966.0,9,86647.0,0.0381380960000115,1.1600102079997896,83681.0,0,11.170421937000015,2026092402,719,baseline,0
2ed34fb9e084e5d14260318ebd1629458870cb7042dd12edf73e06556e959f72,1.2385533620000615,10.169770809001989,0,,-2966.0,9,86647.0,0.06052602600004775,1.2643559110000524,83681.0,1,12.7810742879999,2026092402,719,baseline,0
216985bba8816fdf9f316088d12ebdb64bff6d6cf6180ee09b6b888e55e8660b,1.3358979210000825,11.735272670001905,0,,338.0,9,107511.0,0.06314207900004476,1.3972410020006691,107849.0,0,14.563526331999924,2026092403,719,baseline,1
caaa8d95c533fe789ea3777f47351105dee0900b00c287bcb8d04d62e14ffb1b,0.8477765200000249,9.576582371000768,0,,338.0,9,107511.0,0.3673431629999868,1.5646200029972306,107849.0,1,12.32607970999993,2026092403,719,baseline,1
a3a8ea45b59f7b7b2fd06e30722d81c10f4539ae94aba8f647802477c72cabaa,0.7021755240000402,10.809631282999021,0,,5436.0,9,101239.0,0.02476576899994143,1.899650010002233,106675.0,0,14.788714960999982,2026092404,719,baseline,1
e68baa95d193f4f68be76902b02aa9325ee97ccbf706d3eb022582fa99b23a2b,1.3737048959999356,13.055412771001102,0,,6072.0,9,101554.0,0.034486232000062955,2.0079064099977586,107626.0,1,17.16486807900003,2026092404,719,baseline,1
24e5b5afec23bae93066e123758219f00b129c5510c1aed76af1aa566675c161,0.4814257750000479,7.196985400998869,0,,-1045.0,9,86394.0,0.01851846099998511,1.1701079630012146,85349.0,0,9.53621323699997,2026092405,719,baseline,0
bc24ff73ff401e9b21ef9abfb452541bb389e3184cf4313646cc5cec371248d3,0.760165911999934,11.29804678500102,0,,-1045.0,9,86394.0,0.03149386999996295,1.662621510998406,85349.0,1,15.035856047000038,2026092405,719,baseline,0
7486e7bd0cf62f00d6fe76b3739a65bc110e3cde606a6dbb0aff890b78ecb0dc,0.4382330789999287,6.950693040002761,0,,-6421.0,9,103760.0,0.03995095000004767,1.1731334419998802,97339.0,0,9.290940630000023,2026092406,719,baseline,0
8bebac69b6cca3d9ce33a4f18e55c486ddd8687b4b80d791fd930fed2baebe82,0.714272281000035,11.114294374001133,0,,-6421.0,9,103760.0,0.06754205999993701,1.8019159049977134,97339.0,1,14.97954198299999,2026092406,719,baseline,0
7dc7fc176fdd16c05bffd117b02b353487ef108ec1d9f1e6b9124fc40baffe57,0.49113404199999877,7.251507255000092,0,,6226.0,9,79465.0,0.03860529600001428,1.2527128529998208,85691.0,0,9.605010825000022,2026092407,719,baseline,1
31b00b408014d4b1fb9ccb75f3ff6bfbe75178774fa0f6f09dd7a9f679c95b04,0.9205180699999573,12.412302814999293,0,,6226.0,9,79465.0,1.055946236000068,3.185772220001013,85691.0,1,17.840912709999998,2026092407,719,baseline,1
bf975ab5a4934272f414cfa39414c44cb9bbe14c6c0c5aad8f63d26d6dac26ad,1.2878119260001313,19.035370750001903,0,,-6507.0,9,75838.0,0.39057258599996203,2.6718668300027275,69331.0,0,24.71117581900012,2026092408,719,baseline,0
701de2aeae9ed340bf814e2ff3a2ad5c1dd5bd516b9049814e1657e5eaac1ba8,1.0380548080000835,13.712579661999598,0,,-6507.0,9,75838.0,0.03606482699990465,1.5246513020001657,69331.0,1,16.97549018999996,2026092408,719,baseline,0
6d68c32cf66d4cc25ca3bbf477e070fc19976f34a480e93d068a87a3879bad18,0.8676198670000304,14.800574417000576,0,,773.0,10,88534.0,0.13243799499991837,2.3851738959965587,89307.0,0,20.360485262999873,2026092401,719,baseline,1
36c2f308c14b2fb012b1d211c355771f44f3b6599eb4c64f7d7814c8252db7ea,0.5270517690000815,8.363205761999552,0,,-432.0,10,89998.0,0.0756958960000702,1.5735763669950984,89566.0,1,11.20865256500008,2026092401,719,baseline,0
dfd50a913371aa5cde64c1b54c50983a3b31ced363f1e95e3d7e72a57d757c52,1.5805379989999437,18.86396671500347,0,,-2966.0,10,86647.0,0.13310199600005035,2.302617497994788,83681.0,0,23.99027477499999,2026092402,719,baseline,0
cd6fa0f31c10b07756bce6585fffeffe0e87db1385ea30a825917e2cad42c0e3,1.075499175999994,11.520940554001754,0,,-2966.0,10,86647.0,0.05434056800004328,1.5107275579971429,83681.0,1,14.83804877800003,2026092402,719,baseline,0
ce7e989dcdeb9ff54fa91ce6fa81429cc9514e460f62ef29f93e02ea2ea2aa7c,1.6246939770001063,18.925682419000623,0,,338.0,10,107511.0,0.16724275299998226,2.4592787280021184,107849.0,0,24.42873732199996,2026092403,719,baseline,1
10e5358a5a044297ccf63fc94eb810b4af562ba3c74f0bd943735ab9a84be94b,1.0202201659999446,11.084080435003443,0,,338.0,10,107511.0,0.050331200000073295,1.4537541100035014,107849.0,1,13.908004301000119,2026092403,719,baseline,1
af7996cdfdc1e6d44193b5410dbc8bf0547b88eb9e7533125e49b4c1388d786b,0.9092463710001084,13.431344949999584,0,,5436.0,10,101239.0,0.1254387570002109,2.4025202660006926,106675.0,0,18.609577243999865,2026092404,719,baseline,1
542969f9d21946dee6f05b62943df4546e33c3b60ae99ea3f81f89c748bb67c3,1.7154097590000674,16.50085830700209,0,,6072.0,10,101554.0,0.1482680590002019,2.520499776001543,107626.0,1,21.612038268999868,2026092404,719,baseline,1
e023acaa6a958578dbe3e7c9ff6e37121b59f68633045d74d01a5fc068ff0f96,0.5420028220000859,8.317255830999784,0,,-1045.0,10,86394.0,0.08753134299990961,1.475908504997733,85349.0,0,11.17562007599986,2026092405,719,baseline,0
01fb4add503bce5c7b8e9efaa3c90c2a2632f013211c8718da9274673d8d5826,0.9188005799999246,13.961970326999108,0,,-1045.0,10,86394.0,0.12105027100005827,2.356542361000038,85349.0,1,18.975964965999992,2026092405,719,baseline,0
c0457fc012cc0314e6cd1e5876fa68f7c758b2f49a4b70bdd5da04cb6d046c5a,0.5200593350000418,8.076772020996941,0,,-6421.0,10,103760.0,0.3711088820000441,1.8645422039960522,97339.0,0,11.299997087000065,2026092406,719,baseline,0
52488eb0996ce8996f40af04bcd33c63be12bce291a059c2e9a18f4e8796b54d,0.9236560120000377,13.945855489997257,0,,-6421.0,10,103760.0,0.14775474399993982,2.3861156860068604,97339.0,1,18.948391205000007,2026092406,719,baseline,0
be34ddbb04ca6eeb36278c577adc9cff5afc255481a1d393e258d4a2fb22043b,0.5894030890001432,8.393298149005659,0,,6226.0,10,79465.0,0.06513884800006053,1.5544645849963672,85691.0,0,11.384012831000064,2026092407,719,baseline,1
5266a9e537c6722509c2dd00036e29387211a2a27622c06ca3e6aafbd94d5042,0.9997429259999535,14.269634513000483,0,,6226.0,10,79465.0,0.4923208130001058,3.0269165240022176,85691.0,1,19.80398210699991,2026092407,719,baseline,1
63d628da15627a62f63bd0f4c647be61d6a945461a1d702869f162e3f9646250,1.0915683880000415,12.046603288998767,0,,-6507.0,10,75838.0,0.0479781379999622,1.4620039250023638,69331.0,0,14.850898525000048,2026092408,719,baseline,0
dd43a5e0906054a8251dc7d411d6693f3bbc70ec8da328af3fa931bad44c70fd,1.3272461550000116,15.375713997004596,0,,-6507.0,10,75838.0,0.13254975399991054,1.6718676140003481,69331.0,1,18.886916093999844,2026092408,719,baseline,0
ecf9242118313079d192f68699bd00c1e6b5b5f244dbc1cbfc6ced8db4100032,0.2825555000001714,4.2241756749999695,0,,-6717.0,1,90476.0,0.046778379999977915,0.73059054600526,83759.0,0,5.834730385000057,2026092401,719,R14_CASHFLOW,0
4ab336815afd1fbf98fa7ec551541d9aef3c247ce684fc3316736248f01c1434,0.2731618550001258,4.290058704003513,0,,-8814.0,1,94727.0,0.048249242000110826,0.7434921049975856,85913.0,1,5.949334227999998,2026092401,719,R14_CASHFLOW,0
2dce68772b32130c54b580c528426f7f948e328369c08c245772f58eba9952a6,0.30447603099992193,4.5769708540019565,0,,5815.0,1,93019.0,0.11442162899993491,0.8001913150019391,98834.0,0,6.258662707999974,2026092402,719,R14_CASHFLOW,1
52ba0e92d43fcdb256d2478a7a9f1f49077c95446c5cce91aa9fe8aacaff0387,0.28413442700002634,4.14538894599832,0,,4616.0,1,111677.0,0.09444549099998767,0.9375358120021247,116293.0,0,5.9871412549998695,2026092403,719,R14_CASHFLOW,1
f824355de5c242feef642fa2f275786e307bcca475360dceaa7cd1072be847f3,0.3150461689999702,4.112859039001023,0,,4616.0,1,111677.0,0.04355858700000681,0.8014684289998968,116293.0,1,5.810040743999934,2026092403,719,R14_CASHFLOW,1
71689df4b21da4984acd27a15695c8c8f52bf33eecedd4674f136d0ca6f0137c,0.2827833460000875,4.506819200000336,0,,5815.0,1,93019.0,0.14076294900019093,0.8768379039975116,98834.0,1,6.2538852979998865,2026092402,719,R14_CASHFLOW,1
f4ad5b15519849d3ff4d7a15bcdd177471c00706c7e54a9e26db21330b206734,0.23103403799996158,4.052792924996311,0,,7017.0,1,133153.0,0.045814919999884296,0.8953964060012822,140170.0,0,5.833443167000041,2026092404,719,R14_CASHFLOW,1
b69fd8b68a303e0f13e2ea333a730303d8ca7c1b85ce7d10b7eb978cfede8a8a,0.2557215350000206,4.450703744002794,0,,1233.0,1,138468.0,0.05191729300008774,0.8648844879996886,139701.0,1,6.185754348000046,2026092404,719,R14_CASHFLOW,1
6623daef29c12b0a85bf824bf274dd9942032a9546ee802bf230d0e5e0696d6d,0.343285571000024,4.85388439999997,0,,-9236.0,1,79368.0,0.04216241499989337,0.7669490429948382,70132.0,0,6.507234470999947,2026092405,719,R14_CASHFLOW,0
4685dc43a68914492e2d14036483d90737229efb202d4f355f3bce9f8c1c6e62,0.36613478899994334,4.894458488999362,0,,-9236.0,1,79368.0,0.044108578000077614,0.7617262410008152,70132.0,1,6.537206895999816,2026092405,719,R14_CASHFLOW,0
c92698035977d92c58a628705716d1a4f1ef99131838fbdaa3cc03761675149e,0.3184081320000587,5.000862131002123,0,,1989.0,1,81157.0,0.05016461199988953,0.8470618249980362,83146.0,0,6.797331323000208,2026092406,719,R14_CASHFLOW,1
4b1eaecd2ebd0e66c82c8180c2c2fcf21b3c98027d01b1a598fd37c9bdc450d9,0.3147804420000284,5.076050959999975,0,,2052.0,1,81163.0,0.04494061699983831,0.829702729003202,83215.0,1,6.8232227930000136,2026092406,719,R14_CASHFLOW,1
c6f1ed9884117e66bab5e53dab49b5085341c9c4cbed780a1ec8c2d487e5266f,0.2985990279998987,4.441336529005184,0,,-9409.0,1,78941.0,0.04822792799996023,0.8618625140009044,69532.0,0,6.2003257280000525,2026092408,719,R14_CASHFLOW,0
7ec820b2d5fc9e4f95a56b770cc675170baf1cd58740d753950fd03611b06ff5,0.5098103380000794,6.373713297996346,0,,12699.0,1,72767.0,0.05982231899997714,0.8673063509997974,85466.0,0,8.09330359799992,2026092407,719,R14_CASHFLOW,1
d2020e37a250438a68eff72288e63eeaa7a32fb5dcdfeddb814a96051d95070c,0.5577573090001806,6.500462983000489,0,,12699.0,1,72767.0,0.05369886099992982,0.8995501019951462,85466.0,1,8.31881290199999,2026092407,719,R14_CASHFLOW,1
37a711d470fe5acd6753fa9d131f7d79d9ba43c00d2f87db02087fda05db3160,0.3309808650001287,4.674940981996997,0,,-9409.0,1,78941.0,0.04675536799982183,0.8488956630012581,69532.0,1,6.427221048999854,2026092408,719,R14_CASHFLOW,0
8a0d5d2b18b74f24e77a2216123f0b7d30c8e318ae2fcc84b7a289f5ec40b403,0.2991643540001405,4.296101636003186,0,,-7087.0,2,90799.0,0.04269640600000457,0.87165473599498,83712.0,0,6.026079270000082,2026092401,719,R14_CASHFLOW,0
67e7469a3cb08ce1fd488b850a44f4f3e070399a82837f0b9cb9b91f6da0e2c3,0.276131143999919,4.432337131000395,0,,-8909.0,2,94791.0,0.04517783000005693,0.9349226360002376,85882.0,1,6.283540385999913,2026092401,719,R14_CASHFLOW,0
15f84ec03bc5ffef18ba244be65162fb411e48d978ca1169a8eb1b753d51727f,0.290401103000022,4.749825846002523,0,,5630.0,2,93217.0,0.05348326800003633,0.9431611049978983,98847.0,0,6.609489914000051,2026092402,719,R14_CASHFLOW,1
e764145843bd20f1e8767d44de8debb83a627a582679c4fe19962fe411cb98c5,0.2906149580001056,4.709154368996678,0,,5630.0,2,93217.0,0.0542085639999641,0.9528604569984509,98847.0,1,6.576074253999877,2026092402,719,R14_CASHFLOW,1
8461822fddeb80aa432f1145ed9b5980d64427a7f69535720d52a7fb51c7c6c5,0.31145951700000296,4.268916018999107,0,,4067.0,2,111975.0,0.04538427700003922,0.9735943110015342,116042.0,0,6.166323211999952,2026092403,719,R14_CASHFLOW,1
b4303b81fa1f21faccc6bf2791beb6f6cd2302e73829d4cd8b4058f958201cac,0.36928186500017546,4.420260432999612,0,,4067.0,2,111975.0,0.051408010999921316,1.00233471300362,116042.0,1,6.3752991849999034,2026092403,719,R14_CASHFLOW,1
f6502cb4a6db911001f6b9f4ceb28966d7c25b4048eec2907015c44ba0088c91,0.26035467999986395,4.253395587997829,0,,7007.0,2,133132.0,0.06496678400003475,1.1201739859993722,140139.0,0,6.336833434000027,2026092404,719,R14_CASHFLOW,1
40884d0a3394539f4e49ee0c32d9f1cdda169ec5dcc264e194cc4b7d5ef804a4,0.36632919499993477,4.765416347006976,0,,1141.0,2,138552.0,0.05622185099991839,1.0816656009992585,139693.0,1,6.8020002350001505,2026092404,719,R14_CASHFLOW,1
528aec269e5144f664dc319adb25fba66ff343af590ed9ac8feba883a4f0287a,0.3717777340000339,5.730360304999294,0,,-8903.0,2,79210.0,0.06076866099988365,1.0514528880019043,70307.0,0,7.864011185999971,2026092405,719,R14_CASHFLOW,0
76ef4f048e7403ad6678883d8fb6ddc6158715098ff1b9e531777df24360515d,0.3864118110000163,6.020828027998277,0,,-8903.0,2,79210.0,0.06252965199996652,1.141120173002264,70307.0,1,8.29735262700001,2026092405,719,R14_CASHFLOW,0
51ef9c209888e22243e6444a7c23e4ce6fd0f63c9eaa95267f15c110e11e968a,0.4886916769999061,5.946976928000822,0,,-1319.0,2,89040.0,0.0768395640000108,1.0435969019979439,87721.0,0,7.993474916999958,2026092406,719,R14_CASHFLOW,0
58d505c91282bf542537d50e6b1e1bc384ff66ede867bd9cf4507c27e8b52415,0.3503419000001031,5.292411041993319,0,,-1319.0,2,89040.0,0.4917829050000364,1.4173189199973422,87721.0,1,7.618123523000122,2026092406,719,R14_CASHFLOW,0
ee9fbf7e279346711e1cde4f0d8c748855ac358668202a004ad17f920861e527,0.5812876830000278,6.053454235001027,0,,8794.0,2,77456.0,0.047327604999964024,1.0831621660015571,86250.0,0,8.051327475000107,2026092407,719,R14_CASHFLOW,1
229176f656894eac1a61487f471852f8743527a8edab4f623c51d1fd689f02ff,0.5247912390000238,5.996739041000637,0,,8794.0,2,77456.0,0.48889701799998875,1.6193685159994402,86250.0,1,8.570354380000026,2026092407,719,R14_CASHFLOW,1
291aabdf2a1b3db89a897819d4e43583a45f9a1f032db75cca859a43d6f4f9fe,0.3490622470001199,4.778293429998257,0,,-8615.0,2,78675.0,0.04454452400000264,0.977753031004795,70060.0,0,6.635342723999884,2026092408,719,R14_CASHFLOW,0
55a9b09536ba0556daea96b5c8767c57fbad88d4420c1cc6679b4ee9b52b8092,0.37825050800006466,4.816056829000445,0,,-8615.0,2,78675.0,0.558774996000011,1.5313090960000864,70060.0,1,7.27303553999991,2026092408,719,R14_CASHFLOW,0
d3ac18bf2d69bf37a30cf6081e3bd07a3ab5202a949c0cf74c8f765738a89048,0.2796164180001597,4.399601218000498,0,,-7809.0,3,90967.0,0.04149340800017853,0.9620214450042113,83158.0,0,6.304151092999973,2026092401,719,R14_CASHFLOW,0
831dcd3c2905b36d09e34dde8f934068b61b62d067f47813a83c0e0d9620358b,0.30476755900008357,4.304268771996476,0,,-9350.0,3,95105.0,0.0449332380001124,0.916688952998129,85755.0,1,6.126492735000056,2026092401,719,R14_CASHFLOW,0
6e0ad2d444fb56ea10d76ded545de7b335d3e1370330636348f37c384d0e5726,0.3016915409998546,4.658211345003565,0,,4872.0,3,93904.0,0.05479557300009219,0.9884366930009492,98776.0,0,6.548990799999956,2026092402,719,R14_CASHFLOW,1
7f854364188c6374eaa8e86940cce0da29a460705a97e781675c74ca46bceb92,0.2886447869998392,4.559467016999179,0,,4872.0,3,93904.0,0.05020398200008458,0.9060627200037743,98776.0,1,6.330845983000017,2026092402,719,R14_CASHFLOW,1
6031bd867a9f94f1fe7dbab4b1757b5db7ec6ec3d7d5b0c488333d8438a739c5,0.2769633220000287,4.240518254997141,0,,3784.0,3,109260.0,0.05061462899993785,1.0126394070007336,113044.0,0,6.151629667999941,2026092403,719,R14_CASHFLOW,1
aee6516f897971f447210a93d5db8f7b6cc36ebb111ae0e2035b1034706b8d3c,0.284914734999802,4.211413168000718,0,,3784.0,3,109260.0,0.058514824999974735,1.0666532890024882,113044.0,1,6.212788909999972,2026092403,719,R14_CASHFLOW,1
8f0920d52b0d42e5680823ab00d2dcec4e00a36dc382d5aa75746430cb31ffbc,0.2918082690000574,4.2729535150017455,0,,6901.0,3,133189.0,0.056573057000150584,1.1684166790003019,140090.0,0,6.389953264000042,2026092404,719,R14_CASHFLOW,1
4515c850b09ccae39116bc1b377f6b61dd06de39b2218fd4f9b70b4375c8c356,0.25121437100006005,4.2993228350042045,0,,2892.0,3,142689.0,0.053486498999973264,1.097242108003229,145581.0,1,6.300366532999988,2026092404,719,R14_CASHFLOW,1
9b8cd01c8473bad5b975b3ce51e384bc0b9f71cc69846d1492ccacef7e2256ea,0.31000686700008373,4.678384618001019,0,,-9492.0,3,79447.0,0.05152282900007776,0.9250990920031654,69955.0,1,6.447416450999981,2026092405,719,R14_CASHFLOW,0
304f8500d0b18f805e4e8c4295d51fde7b26712dea527350fc636cf52d9c4257,0.36398990900011086,5.131823293001162,0,,-9492.0,3,79447.0,0.0502350369999931,0.9970557479985018,69955.0,0,7.046832124000048,2026092405,719,R14_CASHFLOW,0
de5521b711560ecc5326520cb5913c552df416bb032bb758aea7b4f717d11898,0.3459670689999257,5.289087049992986,0,,1576.0,3,81376.0,0.05431998400013072,1.0229233970014775,82952.0,0,7.280218949000073,2026092406,719,R14_CASHFLOW,1
9939f15c66c885e5f456a6a853a0830b2cc674ed6f4acce4520b313eb3711c9d,0.4066712279998228,4.7609274839992395,0,,1507.0,3,81348.0,0.05140102899986232,0.9349679050019404,82855.0,1,6.576412739000034,2026092406,719,R14_CASHFLOW,1
047e3005de550a0f04c8e097dee1f83a75e72aaacc268197880e85f36867b013,0.40626865299987003,6.065981829996417,0,,9590.0,3,75553.0,0.05477360999998382,1.128938812000115,85143.0,0,8.06114652999986,2026092407,719,R14_CASHFLOW,1
9e0b89c3dcb4850e2b3b3e59ea902341579bba5581cb5fb937b9308e279930d7,0.4110654130001876,6.140446745998361,0,,9590.0,3,75553.0,0.05346996499997658,1.1429888269997264,85143.0,1,8.179665415000045,2026092407,719,R14_CASHFLOW,1
0cdd14ba31307376298059def31c13a66ac38dfb658f8432cdd5dd35f52db98c,0.32703785499984406,4.676788696999893,0,,-4117.0,3,72931.0,0.057690857000125106,1.0792034920009428,68814.0,0,6.663512643999866,2026092408,719,R14_CASHFLOW,0
8441040d21d3e676465702398b3cdc73ffb3b2f5df7e5e02f87eba538d4caa16,0.3646224560000064,4.6777581979995375,0,,-4117.0,3,72931.0,0.04863736799984508,1.0632172469981924,68814.0,1,6.642917106999903,2026092408,719,R14_CASHFLOW,0
26819082ba20c7a355521ec763d1685ff82756813839bb6e6dc055e1ba2db993,0.37456810399999085,4.5978890919964215,0,,-7730.0,4,90918.0,0.01675254999986464,0.8339440210008888,83188.0,0,6.4225176309998915,2026092401,719,R14_CASHFLOW,0
ad6dcbcbc41dbf324b56b545cf2e14b28af7689fb8664adb48fede51e522c79a,0.2719859390001602,4.398978354998462,0,,-8913.0,4,94723.0,0.00913353900000402,0.8489068209948982,85810.0,1,6.167538494000155,2026092401,719,R14_CASHFLOW,0
58c2e1e9d4bc7ed04cf5a5bcace9495f387ab41e304c7af6ee3485dfbaaa0ca5,0.330179815000065,4.794348661997219,0,,4926.0,4,93890.0,0.04722088699986671,0.8356434740026089,98816.0,0,6.514950900000031,2026092402,719,R14_CASHFLOW,1
ed2bfff141d81b767bfba1afa9ffcef5171a11bbef84ae5f24ebb99b09e33780,0.302156431999947,3.914146735000486,0,,4261.0,4,110423.0,0.05287965399998029,0.8690423690029547,114684.0,0,5.674975482999798,2026092403,719,R14_CASHFLOW,1
0ba850a4f28b183d7fa647d1de7164deb57409b4226920e7a266ac5bab587f64,0.2944223350000357,4.657545440002423,0,,4926.0,4,93890.0,0.07974479800009249,0.8495478969982742,98816.0,1,6.424433827999792,2026092402,719,R14_CASHFLOW,1
943d8fc5fe78024144d157009b405566503797fa642e4b912c3561fcb1a6613c,0.2655395410001802,3.905427385000621,0,,4261.0,4,110423.0,0.05877582099992651,0.9101652729998477,114684.0,1,5.731618656999899,2026092403,719,R14_CASHFLOW,1
3e5fc2286b8163f14711e3d537260f965542e972c687bb2b16bc67ba10035ec9,0.24052034300007108,4.035417700997186,0,,6867.0,4,133213.0,0.012682430000040767,0.9220334429908235,140080.0,0,5.831623665000052,2026092404,719,R14_CASHFLOW,1
6f0e67c313a34d0ac8c93036ded12665733ce4412ca23546ff60e65862b8d04a,0.29598868499988384,4.47288237300495,0,,818.0,4,138906.0,0.010958332999962295,0.929182345001891,139724.0,1,6.31203544899995,2026092404,719,R14_CASHFLOW,1
2f865d88bbc1e82af8decedeae14f85832f11263d628a4114e5fe4f7074893ac,0.33904842099991583,4.91502587499599,0,,-9583.0,4,79071.0,0.04895573899989358,0.8287555179947503,69488.0,0,6.651390947000209,2026092405,719,R14_CASHFLOW,0
2624c8f69cb6e11459f9b3248bc7e0f7c7b14c3fb2e53a96e60fa36bda4705dd,0.31979780100004973,4.896871856003372,0,,-9583.0,4,79071.0,0.5364228460000504,1.3494410490029622,69488.0,1,7.151595511999858,2026092405,719,R14_CASHFLOW,0
60179be67ac1f8921d03ff37053a9fe735a554c2a9a4136486a5b4bf47641510,0.3424927580001622,5.079371788998515,0,,1589.0,4,81378.0,0.015183273000047848,0.8313466050012721,82967.0,0,7.425127334000081,2026092406,719,R14_CASHFLOW,1
f4f777fa98a109af236240967222bf921306785b3388df6780be9fd9749065fb,0.32176302399989254,4.981202394998263,0,,1515.0,4,81353.0,0.49050065699998413,1.341765488000874,82868.0,1,7.261625749999894,2026092406,719,R14_CASHFLOW,1
fb557c1f8987d8c7598fa1e79b13e00de911b9d0b282e34bf115fd382dcaf86f,0.5152849329999754,5.486524478000547,0,,8373.0,4,77839.0,0.05805809699995734,0.9128113590002158,86212.0,0,7.2218747919998805,2026092407,719,R14_CASHFLOW,1
71f1289f67e501b245e52618cd9bca56a8e937094de47963ddae2a177b3d4302,0.5300467489998937,5.567842336996819,0,,8373.0,4,77839.0,0.043684465000069395,0.9059705239999403,86212.0,1,7.30431972700012,2026092407,719,R14_CASHFLOW,1
d26ccdeb279a9905ee2b7a1133e335da5d3af03e18d5e0cc61ed1cefb9180d80,0.3012044879999394,4.473584031997461,0,,-4175.0,4,72970.0,0.059157225000035396,0.9220776779993685,68795.0,0,6.29424979700002,2026092408,719,R14_CASHFLOW,0
ae0b633fbf3cd7fc26e34409c32d3f50c1fb851b24caa2a8d2b5979bbc59094a,0.32464601800006676,4.325096245002442,0,,-4175.0,4,72970.0,0.05024511400006304,0.8492820259975815,68795.0,1,6.0332394089998616,2026092408,719,R14_CASHFLOW,0
e7c34ca5d54b324656220df8235e21a617870564d1a3b9a2094cc86497036753,0.2645475209999404,4.153608325001187,0,,-8053.0,5,103176.0,0.06448488299997734,0.6831311290009126,95123.0,0,5.672133443000121,2026092401,719,R14_CASHFLOW,0
89a1aa604b276de365ac4c216c2c0ebe0ec957eaaf97ac3383e06ed16d8257eb,0.2634943049999947,4.148127198997827,0,,-8053.0,5,103176.0,0.04152796999983366,0.7142410420026408,95123.0,1,5.762038759999996,2026092401,719,R14_CASHFLOW,0
d3e5e09bf5471d3c083601bd5df66de5d4e2de31a64c8327689f5dea864342c7,0.31953139200004443,4.8312386450052145,0,,7137.0,5,68373.0,0.04259264200004509,0.6737372410011631,75510.0,0,6.40234582800008,2026092402,719,R14_CASHFLOW,1
e0da3508a070d84228d00151229f4d569771cf459fe2bcc8e12f854b0e4d76be,0.3914127030000145,5.799306282999169,0,,391.0,5,76966.0,0.06274242900008176,0.7560582339947359,77357.0,1,7.5551287480000155,2026092402,719,R14_CASHFLOW,1
217b20e9e5ff9603c07496f4ef52e4028c5d65838b0f43a93994872d58f8e258,0.3256758899999568,5.510482094001873,0,,-4037.0,5,74362.0,0.057538438999927166,0.8014073889937663,70325.0,0,7.253253808999943,2026092403,719,R14_CASHFLOW,0
638c7d665eb096361c9631f95aed377508c29b93d71a21f9a7d81ae56c174310,0.32997282199994515,5.224062685003446,0,,-4037.0,5,74362.0,0.044714745999954175,0.7551621660052206,70325.0,1,6.851037973000075,2026092403,719,R14_CASHFLOW,0
91f6a4ad10e848d877589e3ecc2d2b165d1326f78750c78befe2eddf2ddb14cf,0.3334088059998521,4.647387914994624,0,,1573.0,5,72399.0,0.04244420200006971,0.7129746630032514,73972.0,0,6.175328563999983,2026092404,719,R14_CASHFLOW,1
688bd00846e566218530ab35f1049efec8dfac1d200614b159470bb821b5a486,0.33358887300005335,4.911673143004236,0,,1573.0,5,72399.0,0.04250295900010315,0.8218392560006578,73972.0,1,6.643799671000124,2026092404,719,R14_CASHFLOW,1
d88d69b8105b99c4f041072f4daa7551326d171fc1467212d1e0c8309d26fcf0,0.412908588999926,5.795553104000646,0,,-8410.0,5,87319.0,0.044330537999940134,0.7383209740000893,78909.0,0,7.436571696000101,2026092405,719,R14_CASHFLOW,0
96e18d37c23e7663b8d3344dec8c58ac154d18daeddac136e148f31c4abe5e75,0.4373710260001644,6.025603067000702,0,,-8410.0,5,87319.0,0.043861815999889586,0.7353346409968253,78909.0,1,7.691888342000084,2026092405,719,R14_CASHFLOW,0
a9ca0a5db74e11200f11c5a594634e418e0529c1b242f7c9767c9316238d40f9,0.3071263070000896,5.281734118000486,0,,1448.0,5,75568.0,0.043868997000117815,0.7790940540048723,77016.0,0,6.928875527999935,2026092406,719,R14_CASHFLOW,1
58791304640a1ab2d92f171d5f7a22b987bb87592136c32f92b7f8c4a7e25b9d,0.3057754520000344,5.222962324002765,0,,1448.0,5,75568.0,0.04547988600006647,0.8100653499984674,77016.0,1,6.930319519000022,2026092406,719,R14_CASHFLOW,1
40d48e52cbb40fd5a8245d6ca291b59dd8910ce3c4858563428424ef11d6172e,0.46420474699993974,4.874399539002297,0,,-5826.0,5,101621.0,0.06804845600004228,0.8224983110010271,95795.0,1,6.62643760900005,2026092407,719,R14_CASHFLOW,0
130b512c24f700fb1bbd0813de8200444d19a6ddd400f008c13b60232a245b5b,0.38226524799983963,5.205299149997245,0,,-5826.0,5,101621.0,0.05766857599996911,0.8876762380011769,95795.0,0,7.088242896999873,2026092407,719,R14_CASHFLOW,0
afd0d9113f0266068e59f3af7b973c1656fae184858acc2dabb9e361b5121ea5,0.8000097629999345,6.065580003999685,0,,-7332.0,5,100880.0,0.07082910200006154,0.7634230319961262,93548.0,0,7.800326872999904,2026092408,719,R14_CASHFLOW,0
ecf9242118313079d192f68699bd00c1e6b5b5f244dbc1cbfc6ced8db4100032,0.2966892880001524,4.771977871999297,0,,-6717.0,6,90476.0,0.06377825399999892,0.981259542004409,83759.0,0,6.949299895999957,2026092401,719,R14_CASHFLOW,0
73f9a641840ee7022eb08c63da480ed838c8ac159a75aa3a445e7768eb85d422,0.8321215969999685,6.276654859000018,0,,-7332.0,5,100880.0,0.05703491100007341,0.7308939979991464,93548.0,1,7.993260129999953,2026092408,719,R14_CASHFLOW,0
4ab336815afd1fbf98fa7ec551541d9aef3c247ce684fc3316736248f01c1434,0.33674229899997954,4.709868582003082,0,,-8814.0,6,94727.0,0.08051938800008429,0.8242161760008457,85913.0,1,6.5203972489998705,2026092401,719,R14_CASHFLOW,0
2dce68772b32130c54b580c528426f7f948e328369c08c245772f58eba9952a6,0.3494015250000757,4.703088345996321,0,,5815.0,6,93019.0,0.0465519189999668,0.7433167349997802,98834.0,0,6.376527355999997,2026092402,719,R14_CASHFLOW,1
71689df4b21da4984acd27a15695c8c8f52bf33eecedd4674f136d0ca6f0137c,0.3092145949999576,4.668052916001443,0,,5815.0,6,93019.0,0.0646226660001048,0.7773106879976694,98834.0,1,6.355833689000065,2026092402,719,R14_CASHFLOW,1
52ba0e92d43fcdb256d2478a7a9f1f49077c95446c5cce91aa9fe8aacaff0387,0.27063010300003043,4.488545960001147,0,,4616.0,6,111677.0,0.06136833100003969,0.9299230740009534,116293.0,0,6.4076361630000065,2026092403,719,R14_CASHFLOW,1
f824355de5c242feef642fa2f275786e307bcca475360dceaa7cd1072be847f3,0.2870642029999999,4.371857973001852,0,,4616.0,6,111677.0,0.06421847900014654,0.9132512649987348,116293.0,1,6.245755268999801,2026092403,719,R14_CASHFLOW,1
f4ad5b15519849d3ff4d7a15bcdd177471c00706c7e54a9e26db21330b206734,0.2475011160001941,4.340011359000755,0,,7017.0,6,133153.0,0.5759115350001593,1.537119151000752,140170.0,0,6.907914328999823,2026092404,719,R14_CASHFLOW,1
b69fd8b68a303e0f13e2ea333a730303d8ca7c1b85ce7d10b7eb978cfede8a8a,0.2784837660001358,4.523139942997204,0,,1233.0,6,138468.0,0.5748211780000929,1.485948597000288,139701.0,1,6.922366022000006,2026092404,719,R14_CASHFLOW,1
6623daef29c12b0a85bf824bf274dd9942032a9546ee802bf230d0e5e0696d6d,0.32385309999995116,5.045487499001865,0,,-9236.0,6,79368.0,0.5464767940000002,1.3840066350021516,70132.0,0,7.324407476000033,2026092405,719,R14_CASHFLOW,0
4685dc43a68914492e2d14036483d90737229efb202d4f355f3bce9f8c1c6e62,0.36968216500008566,4.906743794998192,0,,-9236.0,6,79368.0,0.04260860399995181,0.7703309700002592,70132.0,1,6.564011303999905,2026092405,719,R14_CASHFLOW,0
c92698035977d92c58a628705716d1a4f1ef99131838fbdaa3cc03761675149e,0.3054895299999316,4.9607153659994765,0,,1989.0,6,81157.0,0.06793339499995454,0.8338719860003039,83146.0,0,6.690623697999854,2026092406,719,R14_CASHFLOW,1
4b1eaecd2ebd0e66c82c8180c2c2fcf21b3c98027d01b1a598fd37c9bdc450d9,0.41033580300018,5.120167105003475,0,,2052.0,6,81163.0,0.04648849499994867,0.8387206030015477,83215.0,1,6.861623422000093,2026092406,719,R14_CASHFLOW,1
7ec820b2d5fc9e4f95a56b770cc675170baf1cd58740d753950fd03611b06ff5,0.5420640689999345,6.419881274002819,0,,12699.0,6,72767.0,0.05061147300011726,0.8862451529998907,85466.0,0,8.182845887999974,2026092407,719,R14_CASHFLOW,1
c6f1ed9884117e66bab5e53dab49b5085341c9c4cbed780a1ec8c2d487e5266f,0.3101465290001215,4.747150480003711,0,,-9409.0,6,78941.0,0.04334757600008743,0.928005699996902,69532.0,0,6.645292081999969,2026092408,719,R14_CASHFLOW,0
d2020e37a250438a68eff72288e63eeaa7a32fb5dcdfeddb814a96051d95070c,0.5234473049999906,6.300160424996648,0,,12699.0,6,72767.0,0.042215785000053074,0.8704439690043273,85466.0,1,8.03357934099995,2026092407,719,R14_CASHFLOW,1
37a711d470fe5acd6753fa9d131f7d79d9ba43c00d2f87db02087fda05db3160,0.32955092599991076,4.896167918000401,0,,-9409.0,6,78941.0,0.04781273100002181,0.8576407930020196,69532.0,1,6.666796602999966,2026092408,719,R14_CASHFLOW,0
ce9f0a0e4adacf927d03fca819c5729d217c216531a727793a38507c72184506,0.28505667100012033,4.159846835003464,0,,-206.0,7,78524.0,0.0773085490000085,1.1186369480003577,78318.0,0,6.269048237999868,2026092401,719,R14_CASHFLOW,0
53512a231f4923a943187bbbfa433a2348518b9651f0199c0a9f366508c0b89d,0.2712656740000057,4.207561322002903,0,,-206.0,7,78524.0,0.08764092799992795,1.1375046929979362,78318.0,1,6.267689055000119,2026092401,719,R14_CASHFLOW,0
a613b0f616a3298e58fb412609d47c204e73030d6c806d4bc2e671f2f108f50a,0.30838315899995905,4.33811352399448,0,,2316.0,7,118463.0,0.07707370299999639,0.9788224499984608,120779.0,0,6.174945388999959,2026092402,719,R14_CASHFLOW,1
92afb081a98286c6100de8420889bc2f7c50273f5f5c44cf9adbb35443ba4cf4,0.2800102829999105,4.48482478299843,0,,6716.0,7,62935.0,0.05169156299984934,0.8037188639975739,69651.0,1,6.115753803999951,2026092402,719,R14_CASHFLOW,1
c229f90e6f8a01c97324b08b8a461ee7a1e618e8bd9d012957e4f0a36e1814e1,0.29594862999988436,5.320566802998428,0,,-3902.0,7,90903.0,0.07979146799993941,1.0665942220023226,87001.0,0,7.272859118000042,2026092403,719,R14_CASHFLOW,0
09ec712e30b8eb8c6c280af2ea6754e8596dc11eafb953cf7697e5629a551caf,0.30659564199982015,5.450899444997276,0,,-3902.0,7,90903.0,0.08529267099993376,1.0481947370001308,87001.0,1,7.3776551519999884,2026092403,719,R14_CASHFLOW,0
3943b3dc717f0b65c43aab7df4070d66a4b4b1c08cb79891a33608c5229367e5,0.23473219099992093,3.8877017049985625,0,,3539.0,7,99794.0,0.05566112599990447,0.9550491650045387,103333.0,0,5.655049565000127,2026092404,719,R14_CASHFLOW,1
0f69ddf9433d1b6056d8f8431e23fff2e5d8c8c2048b8928a2f7a9b2c63136ac,0.24220181600003343,3.8499695060036174,0,,-2438.0,7,111536.0,0.09462425299989263,1.0329413629976898,109098.0,1,5.753406799999993,2026092404,719,R14_CASHFLOW,0
2dd91a29831281da6fa17df6b443e0d1567dee29f3a42039cd60093e94ce4a24,0.24189363999994384,3.975591853007245,0,,-7945.0,7,137279.0,0.04359057300007407,0.9983259029997953,129334.0,0,5.880228356000089,2026092405,719,R14_CASHFLOW,0
3baf26d7a712a26f1233e0311d2481f41fbab0a58fd60142f4386b3bfd26e5d9,0.23465982799984886,4.49195484800498,0,,-9502.0,7,104581.0,0.05378955199989832,0.9973637880034403,95079.0,1,6.39007818999994,2026092405,719,R14_CASHFLOW,0
cd355d55b59550a3efb24a012ee352a5f253971e07ce349bff10d0fe37e98e2a,0.3549154190000081,5.023401033003665,0,,-9446.0,7,86048.0,0.10750910799993108,1.0642790160013647,76602.0,0,6.971429060999981,2026092406,719,R14_CASHFLOW,0
aa20d22912c37c766109a4bfec85f4cfdfaebca3251ec72dc56bbef1caa3c90d,0.3476768440000342,5.007891673995118,0,,-9446.0,7,86048.0,0.08154115500019543,1.0491431409991492,76602.0,1,6.939579707999883,2026092406,719,R14_CASHFLOW,0
93919f372a0c88c6719130266e0114746cf0ce23e8c647cb9176b8b798b3414c,0.5604639470000166,4.764459691002003,0,,-763.0,7,104807.0,0.057339175000151954,0.9571878929964441,104044.0,0,6.588040070999796,2026092407,719,R14_CASHFLOW,0
5ae0ded0043ef94043f0c33eb06dd218ef5c08c08ca084789cb5cc51ff062488,0.6298427970000375,5.201028598997482,0,,-763.0,7,104807.0,0.10368057400000907,1.1760149430037927,104044.0,1,7.406306838000091,2026092407,719,R14_CASHFLOW,0
9f334e79f719d59ea68f096e566cba492402de41c0911f7ee3d47cd8b2e7da14,0.5507954919999065,5.806660230998887,0,,4715.0,7,98573.0,0.11172410199992555,1.1273869089964137,103288.0,0,8.108067823000056,2026092408,719,R14_CASHFLOW,1
229ada50873806a48ddc19ce88e35d3387f2914644e7cad284952facfeded31c,0.5798485580000943,6.476822627004594,0,,4715.0,7,98573.0,0.5779441449999467,1.8206828210002186,103288.0,1,9.358082659000047,2026092408,719,R14_CASHFLOW,1
a6955b2cc21649a8f881e1189194ffb0dd446c238ded5b00e8e3a45391a1f3f6,0.3228115720000915,5.488173409000183,0,,-7570.0,8,90758.0,0.043814553999936834,1.0071619800010012,83188.0,0,8.433770685999889,2026092401,719,R14_CASHFLOW,0
5ccae6c87e3b3ca39feed33d2fc2cd8da5b4563184ff5fa7ee75b2946def4343,0.4264693810000608,5.802552850001348,0,,-9190.0,8,94945.0,0.6792313480000303,1.7221824189991821,85755.0,1,8.669062685999961,2026092401,719,R14_CASHFLOW,0
99c58db7ee9dac38fe9503083e736092b9bcaf57de47752128c5426ce6c80bff,0.49144921700008126,6.253848577001463,0,,4779.0,8,94019.0,0.05763752000007116,1.0592585850008618,98798.0,0,8.522882305000167,2026092402,719,R14_CASHFLOW,1
90830d2b669a9e9edba6fd29c8424fcfc494c4b400bea2450fda2a19d2704af7,0.4336806879998676,6.447171646999777,0,,4779.0,8,94019.0,0.06062552299999879,1.1490734619987961,98798.0,1,8.965625592999913,2026092402,719,R14_CASHFLOW,1
7274d12c6314351cee4d4d86be4cce974293101ff67566a3f48d3d15f85b2803,0.4695301469998867,5.801644272997237,0,,3973.0,8,111767.0,0.06904576499982795,1.1835997940024754,115740.0,0,8.303744351999967,2026092403,719,R14_CASHFLOW,1
2e7cca9b98e7992c91660ea1790e723612d534c43e1b947c3f9759b3de71d958,0.36619819099996676,5.654834284998287,0,,3973.0,8,111767.0,0.0666381599999113,1.2025813260033829,115740.0,1,8.029148217000056,2026092403,719,R14_CASHFLOW,1
8e926e6f173580e021141d945118b90a43e48efc6e930112e67a3b95d9e4be92,0.3511551009999039,5.5243374069982565,0,,6866.0,8,133207.0,0.08833308799989936,1.2502520160010135,140073.0,0,7.9973361980000846,2026092404,719,R14_CASHFLOW,1
377347ec59cb93f18187d5af4ec5cc724d4409c49d19e237749216246fe5737e,0.377142670000012,5.564077414996518,0,,2875.0,8,142698.0,0.07155493999994178,1.1358547240020016,145573.0,1,7.804341079999858,2026092404,719,R14_CASHFLOW,1
4529140385a49bb64c9fe39ea966a77694c9c8c107182ef6225a73234a12f1cc,0.835378978000108,7.508427536000681,0,,-9643.0,8,80369.0,0.05906136600015088,1.1731414880000557,70726.0,0,9.95154969500004,2026092405,719,R14_CASHFLOW,0
cb5d83056c34fbe13f3ad4a93155b31ed15cbca628e70737e223fd000b9b8c2d,0.7361306099999183,7.221300390993974,0,,-9643.0,8,80369.0,0.0673495210000965,1.082166620001999,70726.0,1,9.451036767999994,2026092405,719,R14_CASHFLOW,0
0fab45ee9f936021d941a6a7228937900d45d6834e39f9b52e33df3e74312dad,0.43164090999994187,6.7699067140031275,0,,-2036.0,8,89397.0,0.06327542799999719,1.17888879000202,87361.0,0,9.123282618000076,2026092406,719,R14_CASHFLOW,0
d1ea2e6556e77a70cc03339a651a4bf0e7f324eab70ae7e7fb031dd736c020a9,0.4639530740000737,6.683825757998875,0,,-2036.0,8,89397.0,0.08152886199991372,1.122958654000513,87361.0,1,9.061981405999859,2026092406,719,R14_CASHFLOW,0
f8dc6c049a12fe1db54ad147a5fe0d3ef3d0bc11f70f3195d92f702a8d9d7de9,0.5246306520000417,7.75310268799808,0,,9783.0,8,75426.0,0.07848206199992092,1.4136833419947834,85209.0,0,10.488121342000113,2026092407,719,R14_CASHFLOW,1
8093c9b59c093d1c3222cf3ed5fa5b01caa06761bc6d419e857baceb2ffd2509,0.5734624619999522,7.529745791000778,0,,9783.0,8,75426.0,0.06776136799999222,1.3237913160019161,85209.0,1,10.157580322000058,2026092407,719,R14_CASHFLOW,1
6ff399bfcb18d822f16a7bd5a7e7594da38a250cc852fe58e4ee7560584b4117,0.5274297710000155,6.478972570000678,0,,-4752.0,8,73091.0,0.081633335999868,1.236311699001817,68339.0,0,8.98023354299994,2026092408,719,R14_CASHFLOW,0
94bbaa7f46d8ab4caad35e701370d9726d8f8727911531518b0ee5807e455f49,0.4570020259998273,5.785063355002194,0,,-4752.0,8,73091.0,0.06017778000000362,1.1297077970007194,68339.0,1,8.083013601999937,2026092408,719,R14_CASHFLOW,0
93fdc2caee3b1d1dc287a5800449bcfc171b92a60cf0f46941901026c923d203,0.4015153980001287,5.974988365999252,0,,-7730.0,9,90918.0,0.028119375999949625,1.224245773002167,83188.0,0,8.516529922000018,2026092401,719,R14_CASHFLOW,0
ff7f10baae22d4697098f0e202ed69b7bdb2485357e9d11907b0107b79c023ea,0.4519536050001989,5.718268340999657,0,,-8913.0,9,94723.0,0.03266736299997319,1.0588024379962917,85810.0,1,8.002221382000016,2026092401,719,R14_CASHFLOW,0
b64d95a7013b2a1d4814ea3502ea31f4cbb32cf5ec5531e25096b1ec73fde583,0.39432917300018744,6.547937395005192,0,,4936.0,9,93880.0,0.03365795500008062,0.9978969499989034,98816.0,0,8.74387107199982,2026092402,719,R14_CASHFLOW,1
58bbe3e37eb528f9168afb2000583cfbe8408cae94ee0403ec16608d60fd732b,0.5623284089999743,6.65529528200409,0,,4936.0,9,93880.0,0.026841087000093466,1.013454715006219,98816.0,1,8.835044587000084,2026092402,719,R14_CASHFLOW,1
bf1f24a767bf55f1d0d8e216907d82b2cff5091fbbfae2c9df7ad439faa97a90,0.45883792200015705,5.851987838997502,0,,4271.0,9,110413.0,0.06687988400017275,1.2825083500058554,114684.0,0,8.59625022399996,2026092403,719,R14_CASHFLOW,1
017692189294ea46eccb9e2f3f3002d1e08be957977de71f7ee06bb4af4b4e75,0.5109176339999522,5.253389859998379,0,,4271.0,9,110413.0,0.05161106900004597,1.0382346809985847,114684.0,1,7.565970865999816,2026092403,719,R14_CASHFLOW,1
bd4531b08e687b8573e4d09f96248b726794d07a1cb9e878e71c02c4254500eb,0.3062046810000538,5.475169884002071,0,,818.0,9,138906.0,0.030364790000021458,1.162571841998897,139724.0,1,7.884950801999821,2026092404,719,R14_CASHFLOW,1
66f9049b12d49e656bef80191833aaf8260c61f85544f5ebb2fa042c0e8d1c4f,0.623175749999973,9.40704734300175,0,,6867.0,9,133213.0,0.04105098199988788,2.80032458899791,140080.0,0,14.387150006999946,2026092404,719,R14_CASHFLOW,1
7dd17ef912aa0e7bde1af2b50f6df04755dad18cf3dc63d0153aeafcccc0db8f,0.49069879199987554,6.556080005002968,0,,-9573.0,9,79061.0,0.031111515000020518,1.0633420859992384,69488.0,0,8.820669240999905,2026092405,719,R14_CASHFLOW,0
bc02e5145bcc675b50cdfb08221bd6dd6ea8b333811a2aeed924d4183ed84181,0.46034826100003556,6.603058687998555,0,,-9573.0,9,79061.0,0.033541833000072074,1.1204895730006683,69488.0,1,8.916846196000051,2026092405,719,R14_CASHFLOW,0
1924e5121ca42260a2524606bd89cfe634b7cd5e40fad0e84b42850e10ad4fc8,0.42990856000005806,6.533711553001922,0,,1525.0,9,81343.0,0.02775467700007539,1.1161918569978297,82868.0,1,8.889077837000059,2026092406,719,R14_CASHFLOW,1
b5d3740db1bc2c2721b6806ec6f073688204b9d639b550168900d04d99dc039b,0.705091494999806,7.108377290003091,0,,8373.0,9,77839.0,0.6246336870001414,1.8011888769990492,86212.0,0,10.17168603999994,2026092407,719,R14_CASHFLOW,1
75e1e7b5f7d69357a94fab6a945bca977e472c7eb227ee1f9e0b44eb240e3d7f,0.9608612730000914,13.992463483002211,0,,1599.0,9,81368.0,0.04348855199987156,2.840430850005305,82967.0,0,19.50463954299994,2026092406,719,R14_CASHFLOW,1
3af49d960632fd81261d9312794370834fb9427a488065372534ce2aebd333b5,0.604304060000004,7.356564107000395,0,,8373.0,9,77839.0,0.028920154999923398,1.2621103259975825,86212.0,1,10.647828893999986,2026092407,719,R14_CASHFLOW,1
9527a972a25b2f0c2e32a5c4b761ef4b712173523a2d06aeae4791e7dabcd1dc,0.542866143000083,5.764385160995289,0,,-4165.0,9,72960.0,0.032149794999895676,1.082285644999729,68795.0,0,7.927876838999964,2026092408,719,R14_CASHFLOW,0
fba47dad73520f5dae8407c2b2f893faf1767799c7a604fa2d3becc50567f0dc,0.37970085000006293,5.647071035004274,0,,-7730.0,10,90918.0,0.05737410300002921,1.1305344759998661,83188.0,0,8.062302262000003,2026092401,719,R14_CASHFLOW,0
9be653e000df0ccd3fa0cfbc6db1bbb4c2b02320de40f0676136d5da415cb09a,0.3626111209998726,5.450654272998008,0,,-8913.0,10,94723.0,0.061326727000050596,1.074511146997338,85810.0,1,7.800535614999944,2026092401,719,R14_CASHFLOW,0
a67ea77e12f5cc640692991795d9534ace33582e13543d39ef3609605d82e35f,0.4156773180000073,5.926258541999914,0,,4936.0,10,93880.0,0.06825714000001426,1.1450297160022274,98816.0,0,8.28309865999995,2026092402,719,R14_CASHFLOW,1
452561fbc16dcdcc9d90a49995be649381de40b53fa674909c29024b76cf2130,0.9927392139998119,12.138365368001587,0,,-4165.0,9,72960.0,0.04960257700008697,2.7239016320063456,68795.0,1,17.344478586999912,2026092408,719,R14_CASHFLOW,0
00d2e53928b05cdfbb627dbb07af4266efb1fb459303b0f1553ccb2f4a631b0c,0.3856898100000308,5.950681072002453,0,,4936.0,10,93880.0,0.05817619000004015,0.9535953680010607,98816.0,1,8.146003178,2026092402,719,R14_CASHFLOW,1
97dc202bdbb104e6d610b25a945cba9b9f04e3f070dd936f1bc74320e9deaad8,0.351517425999873,4.946689918002448,0,,4271.0,10,110413.0,0.6684819079998761,2.1141783840046173,114684.0,1,8.225674572999878,2026092403,719,R14_CASHFLOW,1
ecf51600c51155344716e8adc4cbb9e7b6f9f7fc78b9ff96ae639ccec6112b26,0.7404377990001194,8.27077620700129,0,,4271.0,10,110413.0,0.10260032199994384,1.8180574990014975,114684.0,0,12.007986824999989,2026092403,719,R14_CASHFLOW,1
767184274c83c8e8af3086664f4eba5dcf7a336e1bc9b56d796922e0d82a0477,0.3729332400000658,5.949250568000252,0,,6867.0,10,133213.0,0.053959154000040144,1.2795304389987905,140080.0,0,8.503303096000081,2026092404,719,R14_CASHFLOW,1
326a0579531003dd5635573562d360f4cf3cdbbd6078434c2be6e9a9dd5ef94e,0.3434099559999595,6.042698721000988,0,,818.0,10,138906.0,0.08600115100011863,1.4177190469981724,139724.0,1,8.693880261999993,2026092404,719,R14_CASHFLOW,1
18185f953bb30f1cdcbd26f8f3fa874e6eed344612161e8af6dc9083e7fc5b1e,0.4962852529999964,7.183439458002567,0,,-9573.0,10,79061.0,0.06872044699980506,1.261244942999383,69488.0,1,9.850414998000133,2026092405,719,R14_CASHFLOW,0
c9a1d311b83b2509e582f8d8439294bfed9451bb64f74451a3bebaafd28f3a3d,0.9785129649999362,10.16270530500151,0,,-9573.0,10,79061.0,0.08661061400016479,2.0085252229941943,69488.0,0,14.01620859600007,2026092405,719,R14_CASHFLOW,0
d573c77a45c2c5e3d4834b229b4ab37808424e1714238024e80163ccabff7da6,0.4818382210000891,6.78335897500051,0,,1525.0,10,81343.0,0.07598645500002021,1.1318183900011718,82868.0,1,9.192553671000042,2026092406,719,R14_CASHFLOW,1
0b963d7dead0eb9df4b1de09350dc8621d71efe077b48c515e7a2780c61fc47b,0.9881902330000685,13.06376561700472,0,,1599.0,10,81368.0,0.070228717999953,2.3255891619974136,82967.0,0,17.643277843000078,2026092406,719,R14_CASHFLOW,1
2447adee1152d90b43ec8b7865c3d7d80747af9ec5765da96c3f24815763d71d,0.796687441999893,7.820068852999611,0,,8373.0,10,77839.0,0.06171933099994931,1.236142165997535,86212.0,1,10.425639317000105,2026092407,719,R14_CASHFLOW,1
99b641d353a7e6a874284603c5ba5170a83b273def6ca1ed28dee34e18ce934f,1.2784616930000539,15.461590293002246,0,,8373.0,10,77839.0,0.1668600839998362,2.807566620996795,86212.0,0,20.7871704019999,2026092407,719,R14_CASHFLOW,1
ea189275eff6df120b876c138b8b611fcbb8cfa82cf6723bfb2a00d37bbe4882,0.3695715520000249,5.920591327000693,0,,-4165.0,10,72960.0,0.04702509000003374,1.0574785329988572,68795.0,1,8.142241904999992,2026092408,719,R14_CASHFLOW,0
88cd38e7d3658e387da5dfa1b99133c8c3412b7178cf55dbf672560fa50c0825,0.7878684309998789,11.710522466000157,0,,-4165.0,10,72960.0,0.18093606000002183,2.117762261998905,68795.0,0,16.013922653999998,2026092408,719,R14_CASHFLOW,0
