family_id,raw_cluster_label,size,share,median_reward,mean_reward,win_rate,tie_rate,median_rank,unique_submissions,unique_teams,medoid_seat_index,medoid_seat_id,medoid_episode_id,medoid_player_index,medoid_submission_id,medoid_team,medoid_reward,mean_distance_to_medoid,max_distance_to_medoid,median_final_wheat,median_final_carrot,median_final_tomato,median_final_strawberry,median_final_melon,median_final_goose,median_final_cow,median_final_sheep,median_final_coop,median_final_pasture
N001,376,1764,0.5192817191639683,82131.0,86687.9648526077,0.6757369614512472,0.09126984126984126,28.0,25,25,184,94478362:1:55617399,94478362,1,55617399,Arman Tuganbaev,134389.0,0.008639581501483917,0.1155363991856575,48.0,12.0,0.0,2.0,0.0,0.0,10.0,3.0,0.0,0.0
N002,357,260,0.07653812187224021,101460.5,103166.4923076923,0.7461538461538462,0.015384615384615385,27.0,24,24,150,94464220:1:55617399,94464220,1,55617399,Arman Tuganbaev,95894.0,0.002429164480417967,0.09665330499410629,42.0,12.0,0.0,6.0,0.0,0.0,6.0,9.0,0.0,0.0
N003,355,247,0.0727112157786282,95953.0,95169.8016194332,0.6518218623481782,0.044534412955465584,26.0,25,25,163,94469527:1:55617399,94469527,1,55617399,Arman Tuganbaev,96914.0,0.00718481931835413,0.10362128168344498,43.0,12.0,0.0,4.0,0.0,0.0,6.0,10.0,0.0,0.0
N004,338,130,0.038269060936120106,91140.0,92223.80769230769,0.7461538461538462,0.0,24.0,1,1,1703,98050136:0:55729097,98050136,0,55729097,Erfan Eshratifar,162285.0,0.024906747043132782,0.09499587118625641,55.0,0.0,0.0,5.0,0.0,0.0,9.0,5.0,0.0,1.0
N005,394,27,0.00794818957904033,99307.0,100180.88888888889,0.25925925925925924,0.0,5.0,1,1,352,95118941:1:55617399,95118941,1,55617399,Arman Tuganbaev,70594.0,0.04648250713944435,0.110508032143116,49.0,0.0,0.0,14.0,0.0,0.0,7.0,4.0,0.0,0.0
N006,286,20,0.0058875478363261706,97451.0,96478.85,0.7,0.1,2.0,1,1,1287,98738902:1:55614463,98738902,1,55614463,Ryo Hasegawa,115540.0,0.06927254796028137,0.10511492937803268,48.5,0.0,0.0,13.0,1.0,0.0,8.0,2.0,0.0,0.0
N007,246,16,0.0047100382690609364,121204.5,121187.1875,0.8125,0.0,2.0,1,1,67,94440502:0:55614463,94440502,0,55614463,Ryo Hasegawa,120872.0,0.06717003881931305,0.09599506855010986,37.0,0.0,0.0,22.0,1.0,0.0,10.0,2.0,0.0,0.0
N008,366,13,0.0038269060936120106,85356.0,86186.23076923077,0.9230769230769231,0.0,5.0,1,1,199,94484577:1:55617399,94484577,1,55617399,Arman Tuganbaev,96789.0,0.01380893960595131,0.04509168490767479,48.0,0.0,0.0,16.0,0.0,0.0,8.0,3.0,0.0,0.0
N009,390,12,0.003532528701795702,115587.5,112041.08333333333,0.5,0.0,5.0,1,1,758,97747114:1:55617399,97747114,1,55617399,Arman Tuganbaev,125712.0,0.05847473070025444,0.11251195520162582,48.5,0.0,12.0,3.0,0.5,0.0,7.0,3.5,0.0,0.0
N010,408,11,0.0032381513099793936,66024.0,64878.09090909091,0.09090909090909091,0.0,5.0,1,1,655,97363667:0:55617399,97363667,0,55617399,Arman Tuganbaev,33711.0,0.06060486659407616,0.10123046487569809,50.0,0.0,0.0,8.0,1.0,0.0,7.0,4.0,0.0,0.0
N011,369,11,0.0032381513099793936,54802.0,59498.63636363636,0.45454545454545453,0.0,5.0,1,1,289,94711810:0:55617399,94711810,0,55617399,Arman Tuganbaev,66013.0,0.048061955720186234,0.09407471120357513,56.0,0.0,0.0,6.0,0.0,1.0,8.0,4.0,0.0,0.0
N012,392,10,0.0029437739181630853,81259.5,88741.1,0.6,0.0,5.0,1,1,1478,99101522:1:55617399,99101522,1,55617399,Arman Tuganbaev,116432.0,0.05841980502009392,0.08333856612443924,49.0,0.0,0.0,11.0,1.0,0.0,7.0,3.0,0.0,0.0
N013,209,9,0.0026493965263467765,104368.0,103664.22222222222,0.7777777777777778,0.0,2.0,1,1,14,94412973:0:55614463,94412973,0,55614463,Ryo Hasegawa,104368.0,0.0582650825381279,0.11551546305418015,55.0,0.0,0.0,5.0,1.0,0.0,4.0,10.0,0.0,0.0
N014,395,9,0.0026493965263467765,76699.0,77044.0,0.1111111111111111,0.0,5.0,1,1,782,97915913:0:55617399,97915913,0,55617399,Arman Tuganbaev,81802.0,0.06319168210029602,0.1163177564740181,49.0,12.0,0.0,3.0,0.0,0.0,7.0,4.0,0.0,0.0
N015,296,8,0.0023550191345304682,136148.0,124976.875,0.875,0.0,2.0,1,1,1300,98782137:1:55614463,98782137,1,55614463,Ryo Hasegawa,143918.0,0.04147527739405632,0.09640367329120636,48.0,0.0,0.0,10.0,1.0,0.0,11.0,2.0,0.0,0.0
N016,276,8,0.0023550191345304682,94695.5,97225.375,0.5,0.0,2.0,1,1,92,94447591:1:55614463,94447591,1,55614463,Ryo Hasegawa,104080.0,0.059787631034851074,0.10469324886798859,57.5,0.0,0.0,2.5,1.0,0.0,4.5,10.0,0.0,0.0
N017,370,8,0.0023550191345304682,91119.0,93330.5,0.625,0.0,5.0,1,1,172,94473053:0:55617399,94473053,0,55617399,Arman Tuganbaev,62592.0,0.03363030031323433,0.09995536506175995,56.0,0.0,0.0,5.0,0.0,1.0,9.0,4.0,0.0,0.0
N018,272,7,0.0020606417427141595,114517.0,117356.28571428571,0.8571428571428571,0.0,2.0,1,1,557,96622153:0:55614463,96622153,0,55614463,Ryo Hasegawa,123175.0,0.08074896037578583,0.1276998072862625,51.0,0.0,0.0,9.0,1.0,0.0,5.0,9.0,0.0,0.0
N019,396,7,0.0020606417427141595,107193.0,107249.14285714286,0.42857142857142855,0.0,5.0,1,1,1503,99169921:0:55617399,99169921,0,55617399,Arman Tuganbaev,120305.0,0.0431428961455822,0.09472139924764633,50.0,0.0,0.0,12.0,0.0,0.0,5.0,7.0,0.0,0.0
N020,367,7,0.0020606417427141595,104175.0,98578.42857142857,1.0,0.0,5.0,1,1,366,95267397:1:55617399,95267397,1,55617399,Arman Tuganbaev,82699.0,0.0188752468675375,0.07708809524774551,48.0,0.0,12.0,3.0,0.0,0.0,8.0,4.0,0.0,0.0
N021,374,7,0.0020606417427141595,101695.0,104376.14285714286,0.7142857142857143,0.0,5.0,1,1,178,94475712:1:55617399,94475712,1,55617399,Arman Tuganbaev,98001.0,0.04406501725316048,0.09591034054756165,48.0,0.0,12.0,0.0,0.0,0.0,11.0,4.0,0.0,0.0
N022,375,6,0.001766264350897851,119796.5,126102.0,0.8333333333333334,0.0,5.0,1,1,415,95645915:1:55617399,95645915,1,55617399,Arman Tuganbaev,118361.0,0.014300256967544556,0.035521261394023895,50.5,0.0,0.0,7.0,0.0,0.0,8.5,9.0,0.0,0.0
N023,208,6,0.001766264350897851,109470.0,112653.66666666667,0.6666666666666666,0.0,2.0,1,1,95,94448474:1:55614463,94448474,1,55614463,Ryo Hasegawa,99868.0,0.048960257321596146,0.08580510318279266,48.0,3.0,0.0,9.5,1.0,0.0,4.0,9.0,0.0,0.0
N024,391,6,0.001766264350897851,78058.0,83976.0,0.6666666666666666,0.0,5.0,1,1,507,96355386:1:55617399,96355386,1,55617399,Arman Tuganbaev,78345.0,0.02759191207587719,0.05958518385887146,49.5,0.0,0.0,10.0,1.0,0.0,7.0,7.0,0.0,0.0
N025,368,5,0.0014718869590815426,101482.0,95875.6,1.0,0.0,5.0,1,1,213,94494307:1:55617399,94494307,1,55617399,Arman Tuganbaev,101482.0,0.05498809739947319,0.10275030136108398,49.0,0.0,12.0,0.0,0.0,1.0,8.0,3.0,0.0,0.0
N026,389,5,0.0014718869590815426,101141.0,110894.2,0.6,0.0,5.0,1,1,963,98239631:0:55617399,98239631,0,55617399,Arman Tuganbaev,101141.0,0.0494852215051651,0.08707380294799805,49.0,0.0,12.0,3.0,1.0,0.0,7.0,3.0,0.0,0.0
N027,297,5,0.0014718869590815426,96139.0,99436.2,0.8,0.0,2.0,1,1,1323,98816348:1:55614463,98816348,1,55614463,Ryo Hasegawa,96139.0,0.039362192153930664,0.07589297741651535,47.0,0.0,0.0,12.0,1.0,0.0,10.0,2.0,0.0,0.0
N028,398,5,0.0014718869590815426,84390.0,82013.4,0.0,0.0,5.0,1,1,812,98073091:1:55617399,98073091,1,55617399,Arman Tuganbaev,65474.0,0.04739706590771675,0.09029187262058258,50.0,0.0,0.0,14.0,0.0,0.0,7.0,4.0,0.0,0.0
N029,282,5,0.0014718869590815426,63931.0,66076.4,1.0,0.0,2.0,1,1,77,94443176:0:55614463,94443176,0,55614463,Ryo Hasegawa,68239.0,0.06307362765073776,0.10006747394800186,56.0,0.0,0.0,7.0,1.0,0.0,7.0,2.0,0.0,0.0
N030,244,4,0.0011775095672652341,156103.0,153132.0,1.0,0.0,2.0,1,1,13,94412102:1:55614463,94412102,1,55614463,Ryo Hasegawa,154276.0,0.0724395364522934,0.11467273533344269,26.5,9.0,0.0,24.0,1.0,0.0,12.5,2.0,0.0,0.0
N031,207,4,0.0011775095672652341,153906.5,153032.75,1.0,0.0,2.0,1,1,34,94426282:0:55614463,94426282,0,55614463,Ryo Hasegawa,168259.0,0.01891990378499031,0.04077427461743355,43.5,0.0,0.0,11.5,1.0,0.0,11.0,8.0,0.0,0.0
N032,371,4,0.0011775095672652341,106396.5,100813.5,1.0,0.0,5.0,1,1,180,94476592:0:55617399,94476592,0,55617399,Arman Tuganbaev,118728.0,0.04692607372999191,0.10131483525037766,51.0,6.0,0.0,3.5,0.0,0.0,10.0,4.0,0.0,0.0
N033,386,4,0.0011775095672652341,104051.5,105720.5,0.25,0.0,5.0,1,1,580,96759133:0:55617399,96759133,0,55617399,Arman Tuganbaev,119208.0,0.03343737870454788,0.06905335932970047,49.0,0.0,0.0,7.0,1.0,0.0,7.0,11.0,0.0,0.0
N034,285,4,0.0011775095672652341,93047.0,98442.0,1.0,0.0,2.0,1,1,22,94419200:0:55614463,94419200,0,55614463,Ryo Hasegawa,94273.0,0.0670587420463562,0.11686263233423233,42.0,9.5,0.0,10.5,1.0,0.0,7.0,2.0,0.0,0.0
N035,405,4,0.0011775095672652341,83929.0,83779.0,0.25,0.0,5.0,1,1,364,95267392:0:55617399,95267392,0,55617399,Arman Tuganbaev,111056.0,0.046394649893045425,0.11122424155473709,49.5,12.0,0.0,3.0,0.0,0.0,7.0,3.5,0.0,0.0
N036,354,4,0.0011775095672652341,78053.0,75280.5,0.5,0.25,23.0,2,2,2120,98581740:1:55747103,98581740,1,55747103,Suneeth reddy,83000.0,0.0,0.0,43.0,12.0,0.0,5.0,0.0,0.0,7.0,8.0,0.0,0.0
N037,342,4,0.0011775095672652341,75273.0,70138.0,0.25,0.0,5.0,1,1,325,94888404:0:55617399,94888404,0,55617399,Arman Tuganbaev,84219.0,0.041004687547683716,0.09001433104276657,48.0,6.0,0.0,8.5,0.0,0.0,8.0,4.0,0.0,0.0
N038,178,4,0.0011775095672652341,61993.0,63244.0,0.0,0.0,39.0,1,1,3196,99030676:1:55741684,99030676,1,55741684,MiMi,56127.0,0.057045768946409225,0.09542053937911987,50.5,1.0,0.0,28.5,3.5,0.0,7.0,2.5,0.0,0.0
N039,341,4,0.0011775095672652341,50571.0,48770.25,0.25,0.0,5.0,1,1,311,94794856:0:55617399,94794856,0,55617399,Arman Tuganbaev,52194.0,0.06794221699237823,0.14618349075317383,47.0,12.0,0.0,3.0,0.0,1.0,7.5,4.0,0.0,0.0
N040,343,4,0.0011775095672652341,45826.5,47738.0,0.75,0.0,5.0,1,1,214,94495193:1:55617399,94495193,1,55617399,Arman Tuganbaev,44765.0,0.03828642889857292,0.08296805620193481,50.0,12.0,0.0,0.0,0.0,1.0,8.0,4.0,0.0,0.0
N041,295,3,0.0008831321754489255,138833.0,129734.0,1.0,0.0,2.0,1,1,484,96241546:1:55614463,96241546,1,55614463,Ryo Hasegawa,107357.0,0.07134171575307846,0.11414492875337601,44.0,0.0,0.0,12.0,1.0,0.0,10.0,6.0,0.0,0.0
N042,291,3,0.0008831321754489255,131000.0,118146.66666666667,0.6666666666666666,0.0,2.0,1,1,539,96515070:0:55614463,96515070,0,55614463,Ryo Hasegawa,140348.0,0.06874608248472214,0.10316849499940872,40.0,7.0,0.0,11.0,1.0,0.0,10.0,2.0,0.0,0.0
N043,245,3,0.0008831321754489255,129630.0,133315.66666666666,1.0,0.0,2.0,1,1,1166,98563772:1:55614463,98563772,1,55614463,Ryo Hasegawa,129630.0,0.049776505678892136,0.07529754191637039,33.0,5.0,0.0,21.0,1.0,0.0,10.0,4.0,0.0,0.0
N044,347,3,0.0008831321754489255,126435.0,123665.0,0.6666666666666666,0.0,5.0,1,1,589,96857252:0:55617399,96857252,0,55617399,Arman Tuganbaev,126435.0,0.04992605373263359,0.0991222932934761,49.0,0.0,2.0,10.0,0.0,0.0,6.0,9.0,0.0,0.0
N045,373,3,0.0008831321754489255,115040.0,106520.0,0.6666666666666666,0.0,5.0,1,1,226,94503161:0:55617399,94503161,0,55617399,Arman Tuganbaev,115040.0,0.03688787296414375,0.10720842331647873,54.0,0.0,0.0,6.0,0.0,0.0,11.0,4.0,0.0,0.0
N046,349,3,0.0008831321754489255,106331.0,93396.0,1.0,0.0,5.0,1,1,479,96152594:1:55617399,96152594,1,55617399,Arman Tuganbaev,108321.0,0.04314485192298889,0.08139889687299728,42.0,0.0,0.0,15.0,0.0,0.0,8.0,10.0,0.0,0.0
N047,252,3,0.0008831321754489255,96478.0,103241.33333333333,0.3333333333333333,0.0,2.0,1,1,646,97317971:0:55614463,97317971,0,55614463,Ryo Hasegawa,96478.0,0.06820616871118546,0.11479242146015167,42.0,0.0,3.0,19.0,1.0,0.0,6.0,3.0,0.0,0.0
N048,221,3,0.0008831321754489255,89255.0,88254.66666666667,0.0,0.0,2.0,1,1,394,95531849:0:55614463,95531849,0,55614463,Ryo Hasegawa,74360.0,0.018897758796811104,0.05656559020280838,46.0,0.0,0.0,16.0,2.0,0.0,6.0,5.0,0.0,0.0
N049,359,3,0.0008831321754489255,84761.0,89514.66666666667,0.6666666666666666,0.0,5.0,1,1,619,97142406:1:55617399,97142406,1,55617399,Arman Tuganbaev,69281.0,0.02114194445312023,0.06004704535007477,44.0,0.0,0.0,15.0,0.0,0.0,6.0,10.0,0.0,0.0
N050,404,3,0.0008831321754489255,64899.0,63232.0,1.0,0.0,5.0,1,1,865,98143893:1:55617399,98143893,1,55617399,Arman Tuganbaev,58364.0,0.051336098462343216,0.09533409029245377,40.0,24.0,0.0,3.0,1.0,0.0,7.0,3.0,0.0,0.0
N051,280,3,0.0008831321754489255,60651.0,59317.666666666664,1.0,0.0,2.0,1,1,38,94428069:0:55614463,94428069,0,55614463,Ryo Hasegawa,61943.0,0.06392280012369156,0.10058555752038956,57.0,0.0,0.0,6.0,1.0,0.0,8.0,2.0,0.0,0.0
N052,475,2,0.0005887547836326171,161018.0,161018.0,1.0,0.0,3.0,1,1,133,94458965:0:55616096,94458965,0,55616096,Subramanya N,151072.0,0.04582349583506584,0.09164699167013168,22.5,0.0,0.0,26.5,0.5,0.0,17.5,2.0,0.0,0.0
N053,143,2,0.0005887547836326171,146431.5,146431.5,1.0,0.0,39.0,1,1,1915,98458528:1:55741684,98458528,1,55741684,MiMi,147138.0,0.05498978868126869,0.10997957736253738,37.5,4.0,1.0,33.5,0.0,0.0,12.0,2.0,0.0,0.0
N054,270,2,0.0005887547836326171,140491.5,140491.5,1.0,0.0,2.0,1,1,668,97468615:1:55614463,97468615,1,55614463,Ryo Hasegawa,148548.0,0.029618415981531143,0.059236831963062286,46.5,0.0,0.0,9.5,0.5,0.0,10.0,8.5,0.0,0.0
N055,641,2,0.0005887547836326171,126903.5,126903.5,0.0,0.0,3.0,1,1,540,96515070:1:55616096,96515070,1,55616096,Subramanya N,139270.0,0.045205436646938324,0.09041087329387665,30.0,0.0,0.0,19.5,1.5,0.0,16.5,2.0,0.0,0.0
N056,290,2,0.0005887547836326171,124011.5,124011.5,1.0,0.0,2.0,1,1,131,94458226:1:55614463,94458226,1,55614463,Ryo Hasegawa,128375.0,0.05979691818356514,0.11959383636713028,37.5,2.5,7.0,10.0,1.0,0.0,12.0,5.0,0.0,0.0
N057,484,2,0.0005887547836326171,120342.5,120342.5,0.0,0.0,3.0,1,1,337,94974916:1:55616096,94974916,1,55616096,Subramanya N,115540.0,0.04983139410614967,0.09966278821229935,34.5,0.0,0.0,24.0,0.0,0.5,12.0,3.0,0.0,0.0
N058,334,2,0.0005887547836326171,118569.5,118569.5,1.0,0.0,5.0,1,1,533,96487656:0:55617399,96487656,0,55617399,Arman Tuganbaev,104629.0,0.012992259114980698,0.025984518229961395,50.0,0.0,11.0,18.5,0.0,0.0,5.5,14.0,0.0,0.0
N059,402,2,0.0005887547836326171,116819.5,116819.5,1.0,0.0,5.0,1,1,529,96458079:0:55617399,96458079,0,55617399,Arman Tuganbaev,102078.0,0.05375000834465027,0.10750001668930054,48.5,0.0,10.5,3.0,1.5,0.0,4.5,7.0,0.0,0.0
N060,614,2,0.0005887547836326171,116675.5,116675.5,1.0,0.0,3.0,1,1,129,94458085:0:55616096,94458085,0,55616096,Subramanya N,123713.0,0.051973696798086166,0.10394739359617233,31.0,0.0,0.0,17.5,0.0,0.0,12.5,10.5,0.0,0.0
N061,478,2,0.0005887547836326171,115767.0,115767.0,0.0,0.0,3.0,1,1,412,95645909:1:55616096,95645909,1,55616096,Subramanya N,105560.0,0.03768627718091011,0.07537255436182022,31.0,0.0,0.0,21.5,0.0,0.0,13.0,5.5,0.0,1.0
N062,243,2,0.0005887547836326171,114855.5,114855.5,1.0,0.0,2.0,1,1,19,94416521:0:55614463,94416521,0,55614463,Ryo Hasegawa,109920.0,0.059316486120224,0.118632972240448,38.0,0.0,5.5,19.0,1.0,0.0,9.0,2.5,0.0,0.0
N063,189,2,0.0005887547836326171,114289.5,114289.5,0.0,0.0,39.0,1,1,2047,98536280:1:55741684,98536280,1,55741684,MiMi,130748.0,0.040813226252794266,0.08162645250558853,51.5,2.0,0.0,25.5,5.0,0.0,9.0,2.0,0.0,0.0
N064,346,2,0.0005887547836326171,114138.0,114138.0,0.0,0.0,5.0,1,1,495,96303079:1:55617399,96303079,1,55617399,Arman Tuganbaev,118342.0,0.01330119464546442,0.02660238929092884,49.0,0.0,0.0,7.0,0.0,0.0,7.0,12.0,0.0,0.0
N065,230,2,0.0005887547836326171,113557.5,113557.5,0.5,0.0,2.0,1,1,220,94499615:1:55614463,94499615,1,55614463,Ryo Hasegawa,87650.0,0.047473061829805374,0.09494612365961075,41.5,2.5,0.5,14.5,1.0,0.0,12.0,2.0,0.0,1.0
N066,479,2,0.0005887547836326171,113099.0,113099.0,0.0,0.0,3.0,1,1,166,94470519:1:55616096,94470519,1,55616096,Subramanya N,97218.0,0.04678618535399437,0.09357237070798874,30.5,0.0,0.0,25.5,0.5,0.0,13.5,2.0,0.0,0.0
N067,283,2,0.0005887547836326171,113032.5,113032.5,1.0,0.0,2.0,1,1,27,94423632:1:55614463,94423632,1,55614463,Ryo Hasegawa,104602.0,0.03860948607325554,0.07721897214651108,43.5,4.5,0.0,14.5,0.5,0.0,5.0,7.0,0.0,0.0
N068,383,2,0.0005887547836326171,112036.5,112036.5,0.0,0.0,5.0,1,1,670,97486833:1:55617399,97486833,1,55617399,Arman Tuganbaev,129615.0,0.015547430142760277,0.031094860285520554,51.0,0.0,0.0,9.0,1.0,0.0,3.0,11.0,0.0,0.0
N069,637,2,0.0005887547836326171,111399.5,111399.5,0.5,0.0,3.0,1,1,673,97518737:1:55616096,97518737,1,55616096,Subramanya N,100088.0,0.05298247188329697,0.10596494376659393,42.5,0.0,0.0,11.5,1.0,0.0,13.5,2.0,0.0,0.0
N070,191,2,0.0005887547836326171,110804.0,110804.0,0.0,0.0,39.0,1,1,2589,98814036:0:55741684,98814036,0,55741684,MiMi,95668.0,0.04122904688119888,0.08245809376239777,53.0,5.0,0.0,21.0,3.0,0.0,5.5,5.5,0.0,0.0
N071,472,2,0.0005887547836326171,110730.0,110730.0,0.5,0.0,3.0,1,1,151,94464317:0:55616096,94464317,0,55616096,Subramanya N,110295.0,0.022347519174218178,0.044695038348436356,31.5,0.0,0.0,25.0,0.0,2.0,3.0,9.5,0.0,0.0
N072,664,2,0.0005887547836326171,109404.0,109404.0,1.0,0.0,3.0,1,1,94,94448346:0:55616096,94448346,0,55616096,Subramanya N,107314.0,0.053508367389440536,0.10701673477888107,32.5,0.0,0.0,17.5,1.5,0.0,2.5,12.0,1.0,1.0
N073,271,2,0.0005887547836326171,108790.5,108790.5,0.5,0.0,2.0,1,1,273,94661384:1:55614463,94661384,1,55614463,Ryo Hasegawa,119110.0,0.047784388065338135,0.09556877613067627,47.5,1.0,0.0,5.5,1.0,0.0,11.0,9.0,0.0,0.0
N074,275,2,0.0005887547836326171,108782.5,108782.5,0.5,0.0,2.0,1,1,7,94406847:0:55614463,94406847,0,55614463,Ryo Hasegawa,107086.0,0.0147789865732193,0.0295579731464386,57.5,0.0,0.0,1.5,1.0,0.0,5.0,10.0,0.0,0.0
N075,142,2,0.0005887547836326171,108397.0,108397.0,0.5,0.0,39.0,1,1,1871,98408615:0:55741684,98408615,0,55741684,MiMi,111972.0,0.023825746029615402,0.047651492059230804,39.5,0.5,3.0,38.0,0.0,0.0,9.0,2.0,0.0,0.0
N076,202,2,0.0005887547836326171,106193.0,106193.0,1.0,0.0,2.0,1,1,24,94420975:0:55614463,94420975,0,55614463,Ryo Hasegawa,110575.0,0.027000967413187027,0.054001934826374054,41.5,14.0,0.0,4.5,1.0,0.0,5.0,9.0,0.0,0.0
N077,293,2,0.0005887547836326171,102555.5,102555.5,0.5,0.0,2.0,1,1,10,94409477:1:55614463,94409477,1,55614463,Ryo Hasegawa,110082.0,0.04505256190896034,0.09010512381792068,50.0,0.0,0.0,10.0,1.0,0.0,6.0,8.0,0.0,0.0
N078,18,2,0.0005887547836326171,102057.0,102057.0,1.0,0.0,1.0,1,1,995,98353834:1:55714246,98353834,1,55714246,Crop Dusta,109640.0,0.043318718671798706,0.08663743734359741,38.0,0.0,0.0,27.5,0.0,0.0,5.0,4.0,0.0,0.5
N079,192,2,0.0005887547836326171,101533.0,101533.0,1.0,0.0,39.0,1,1,2032,98527224:0:55741684,98527224,0,55741684,MiMi,86291.0,0.057051338255405426,0.11410267651081085,55.0,3.0,0.0,17.5,4.5,0.0,5.5,6.5,0.0,0.0
N080,236,2,0.0005887547836326171,101206.5,101206.5,1.0,0.0,2.0,1,1,804,98045895:0:55614463,98045895,0,55614463,Ryo Hasegawa,105189.0,0.05216754972934723,0.10433509945869446,30.5,14.5,0.0,16.5,1.0,0.0,9.0,3.5,0.0,0.0
N081,363,2,0.0005887547836326171,99132.5,99132.5,0.5,0.0,5.0,1,1,408,95620861:0:55617399,95620861,0,55617399,Arman Tuganbaev,84930.0,0.05575430020689964,0.11150860041379929,49.0,0.0,0.0,7.5,0.0,0.0,7.5,11.0,0.0,0.0
N082,111,2,0.0005887547836326171,98840.5,98840.5,0.5,0.0,1.0,1,1,735,97701289:0:55714246,97701289,0,55714246,Crop Dusta,107415.0,0.05540460720658302,0.11080921441316605,0.5,47.5,0.0,16.0,1.0,0.0,6.0,4.0,0.0,0.0
N083,223,2,0.0005887547836326171,98424.0,98424.0,0.0,0.0,2.0,1,1,525,96458075:1:55614463,96458075,1,55614463,Ryo Hasegawa,97314.0,0.04058856889605522,0.08117713779211044,44.5,1.5,2.0,15.0,1.0,0.0,8.5,2.5,0.0,0.0
N084,464,2,0.0005887547836326171,96512.0,96512.0,0.0,0.0,3.0,1,1,334,94940854:0:55616096,94940854,0,55616096,Subramanya N,95896.0,0.05876065418124199,0.11752130836248398,8.5,27.5,5.0,18.0,2.0,0.0,5.0,3.0,0.0,0.0
N085,251,2,0.0005887547836326171,96058.5,96058.5,0.5,0.0,2.0,1,1,503,96355382:1:55614463,96355382,1,55614463,Ryo Hasegawa,115263.0,0.05789629742503166,0.11579259485006332,31.5,12.5,1.0,19.0,1.0,0.0,8.0,2.0,0.0,0.0
N086,469,2,0.0005887547836326171,95902.5,95902.5,1.0,0.0,3.0,1,1,109,94452802:0:55616096,94452802,0,55616096,Subramanya N,100941.0,0.018522173166275024,0.03704434633255005,35.5,0.0,0.0,22.5,0.5,5.5,2.0,3.0,0.0,0.0
N087,365,2,0.0005887547836326171,95047.5,95047.5,1.0,0.0,5.0,1,1,138,94460631:1:55617399,94460631,1,55617399,Arman Tuganbaev,109948.0,0.04353294521570206,0.08706589043140411,45.0,0.0,11.5,1.5,0.0,0.0,8.5,8.5,0.0,0.0
N088,226,2,0.0005887547836326171,90816.0,90816.0,0.0,0.0,2.0,1,1,344,95029938:1:55614463,95029938,1,55614463,Ryo Hasegawa,91815.0,0.0509137324988842,0.1018274649977684,39.0,7.5,0.0,14.5,1.0,0.0,5.5,7.5,0.0,0.0
N089,403,2,0.0005887547836326171,89934.5,89934.5,0.5,0.0,5.0,1,1,788,97954648:0:55617399,97954648,0,55617399,Arman Tuganbaev,92099.0,0.05637180432677269,0.11274360865354538,51.5,0.0,0.0,9.0,3.0,0.0,5.0,6.5,0.0,0.0
N090,160,2,0.0005887547836326171,88495.5,88495.5,1.0,0.0,39.0,1,1,1896,98444726:1:55741684,98444726,1,55741684,MiMi,93613.0,0.038278140127658844,0.07655628025531769,61.0,1.0,0.0,16.0,1.5,0.0,6.5,6.0,0.0,0.0
N091,407,2,0.0005887547836326171,86586.5,86586.5,0.0,0.0,5.0,1,1,601,96982842:1:55617399,96982842,1,55617399,Arman Tuganbaev,74739.0,0.034906163811683655,0.06981232762336731,50.0,6.0,0.0,4.5,1.5,0.0,5.0,8.0,0.0,0.0
N092,229,2,0.0005887547836326171,85170.0,85170.0,0.5,0.0,2.0,1,1,107,94452034:1:55614463,94452034,1,55614463,Ryo Hasegawa,75455.0,0.04004335775971413,0.08008671551942825,44.5,0.0,1.5,14.5,1.0,0.0,9.5,3.5,0.0,0.5
N093,524,2,0.0005887547836326171,84504.0,84504.0,1.0,0.0,3.0,1,1,175,94474047:1:55616096,94474047,1,55616096,Subramanya N,85117.0,0.05347258597612381,0.10694517195224762,5.5,37.5,7.5,8.0,0.5,0.0,4.0,7.0,0.0,0.0
N094,556,2,0.0005887547836326171,82560.0,82560.0,0.5,0.0,3.0,1,1,242,94538501:0:55616096,94538501,0,55616096,Subramanya N,79522.0,0.05443115159869194,0.10886230319738388,8.5,34.0,0.0,12.0,1.0,0.0,10.0,4.5,0.0,0.0
N095,247,2,0.0005887547836326171,82168.0,82168.0,1.0,0.0,2.0,1,1,83,94444950:0:55614463,94444950,0,55614463,Ryo Hasegawa,74515.0,0.04957146942615509,0.09914293885231018,34.0,16.0,0.0,15.5,1.0,0.0,6.5,2.0,0.0,0.0
N096,627,2,0.0005887547836326171,81898.5,81898.5,1.0,0.0,3.0,1,1,79,94443947:1:55616096,94443947,1,55616096,Subramanya N,77795.0,0.05024772137403488,0.10049544274806976,32.0,7.0,0.0,16.5,1.0,1.5,8.0,3.0,0.0,0.0
N097,257,2,0.0005887547836326171,81551.5,81551.5,0.5,0.0,2.0,1,1,253,94568538:0:55614463,94568538,0,55614463,Ryo Hasegawa,94209.0,0.055942244827747345,0.11188448965549469,57.5,0.0,0.0,4.0,1.5,0.0,6.5,5.5,0.0,0.0
N098,274,2,0.0005887547836326171,81301.0,81301.0,1.0,0.0,2.0,1,1,279,94679898:1:55614463,94679898,1,55614463,Ryo Hasegawa,79967.0,0.05450622737407684,0.10901245474815369,55.5,1.5,0.0,4.5,1.0,0.0,4.0,7.0,0.0,1.5
N099,238,2,0.0005887547836326171,80659.0,80659.0,0.5,0.0,2.0,1,1,721,97678542:0:55614463,97678542,0,55614463,Ryo Hasegawa,79340.0,0.05417334660887718,0.10834669321775436,40.5,9.5,0.0,12.0,1.0,0.0,6.5,5.0,0.0,0.5
N100,352,2,0.0005887547836326171,78375.0,78375.0,1.0,0.0,5.0,1,1,444,95803412:0:55617399,95803412,0,55617399,Arman Tuganbaev,78998.0,0.04221897944808006,0.08443795889616013,43.5,6.0,0.0,10.5,0.0,0.0,5.0,10.0,0.0,0.0
N101,561,2,0.0005887547836326171,77353.5,77353.5,0.5,0.0,3.0,1,1,103,94451023:0:55616096,94451023,0,55616096,Subramanya N,70422.0,0.05170309916138649,0.10340619832277298,7.0,38.5,0.0,12.5,3.0,0.0,5.0,3.0,0.0,0.0
N102,281,2,0.0005887547836326171,76580.5,76580.5,1.0,0.0,2.0,1,1,134,94459078:0:55614463,94459078,0,55614463,Ryo Hasegawa,95899.0,0.046214357018470764,0.09242871403694153,55.5,4.5,0.0,2.5,1.0,0.0,9.5,2.0,0.0,0.0
N103,259,2,0.0005887547836326171,76217.5,76217.5,1.0,0.0,2.0,1,1,336,94959101:1:55614463,94959101,1,55614463,Ryo Hasegawa,71820.0,0.05029420927166939,0.10058841854333878,55.0,0.0,0.0,8.0,2.0,0.0,8.0,2.0,0.0,0.0
N104,298,2,0.0005887547836326171,71545.5,71545.5,1.0,0.0,2.0,1,1,40,94428958:0:55614463,94428958,0,55614463,Ryo Hasegawa,70266.0,0.05357704311609268,0.10715408623218536,37.0,21.5,0.0,3.0,1.0,0.0,3.5,9.0,0.0,0.0
N105,125,2,0.0005887547836326171,70619.0,70619.0,1.0,0.0,39.0,1,1,1903,98449305:1:55741684,98449305,1,55741684,MiMi,71382.0,0.04396076872944832,0.08792153745889664,50.5,4.0,0.0,5.5,0.0,0.0,7.0,5.5,0.0,0.5
N106,348,2,0.0005887547836326171,68900.0,68900.0,1.0,0.0,5.0,1,1,576,96718073:0:55617399,96718073,0,55617399,Arman Tuganbaev,63414.0,0.0017055015778169036,0.003411003155633807,40.0,0.0,12.0,5.5,0.0,0.0,8.0,9.5,0.0,0.0
N107,436,2,0.0005887547836326171,68404.0,68404.0,0.0,1.0,3.0,1,1,29,94424823:0:55616096,94424823,0,55616096,Subramanya N,68404.0,0.0,0.0,7.0,28.0,0.0,19.0,0.0,4.0,8.0,3.0,0.0,0.0
N108,419,2,0.0005887547836326171,67560.0,67560.0,1.0,0.0,3.0,1,1,241,94536643:0:55616096,94536643,0,55616096,Subramanya N,71976.0,0.05570005252957344,0.11140010505914688,17.0,36.0,0.0,2.0,4.0,4.0,3.0,3.0,0.0,0.0
N109,188,2,0.0005887547836326171,64849.0,64849.0,0.0,0.0,39.0,1,1,2261,98659051:1:55741684,98659051,1,55741684,MiMi,61310.0,0.04380160942673683,0.08760321885347366,51.5,3.5,2.0,23.5,4.5,0.0,7.0,2.5,0.0,0.0
N110,308,2,0.0005887547836326171,54145.5,54145.5,0.0,0.0,2.0,1,1,425,95703028:0:55614463,95703028,0,55614463,Ryo Hasegawa,55859.0,0.055156901478767395,0.11031380295753479,56.5,8.0,0.0,0.5,1.0,0.0,7.0,2.0,0.0,0.0
N111,361,2,0.0005887547836326171,47265.0,47265.0,0.5,0.0,5.0,1,1,284,94696649:1:55617399,94696649,1,55617399,Arman Tuganbaev,45147.0,0.03406491503119469,0.06812983006238937,42.0,12.0,0.0,3.0,0.0,0.0,8.0,10.0,0.0,0.0
N112,73,1,0.00029437739181630853,167126.0,167126.0,1.0,0.0,1.0,1,1,739,97710447:0:55714246,97710447,0,55714246,Crop Dusta,167126.0,0.0,0.0,34.0,0.0,15.0,14.0,0.0,0.0,8.0,4.0,0.0,0.0
N113,136,1,0.00029437739181630853,164651.0,164651.0,1.0,0.0,39.0,1,1,1874,98415114:0:55741684,98415114,0,55741684,MiMi,164651.0,0.0,0.0,29.0,1.0,9.0,49.0,0.0,0.0,7.0,2.0,0.0,0.0
N114,1,1,0.00029437739181630853,162943.0,162943.0,1.0,0.0,3.0,1,1,164,94469635:0:55616096,94469635,0,55616096,Subramanya N,162943.0,0.0,0.0,17.0,0.0,28.0,3.0,1.0,0.0,18.0,2.0,0.0,0.0
N115,165,1,0.00029437739181630853,157195.0,157195.0,1.0,0.0,39.0,1,1,1879,98424207:0:55741684,98424207,0,55741684,MiMi,157195.0,0.0,0.0,44.0,4.0,0.0,28.0,2.0,0.0,12.0,2.0,0.0,0.0
N116,70,1,0.00029437739181630853,156697.0,156697.0,1.0,0.0,1.0,1,1,703,97641695:1:55714246,97641695,1,55714246,Crop Dusta,156697.0,0.0,0.0,32.0,0.0,21.0,5.0,0.0,0.0,7.0,10.0,0.0,0.0
N117,3,1,0.00029437739181630853,156533.0,156533.0,1.0,0.0,3.0,1,1,947,98223674:1:55616096,98223674,1,55616096,Subramanya N,156533.0,0.0,0.0,23.0,0.0,18.0,0.0,4.0,0.0,13.0,13.0,0.0,0.0
N118,35,1,0.00029437739181630853,154747.0,154747.0,0.0,0.0,1.0,1,1,729,97687527:1:55714246,97687527,1,55714246,Crop Dusta,154747.0,0.0,0.0,22.0,0.0,0.0,39.0,0.0,0.0,11.0,3.0,0.0,0.0
N119,141,1,0.00029437739181630853,153328.0,153328.0,1.0,0.0,39.0,1,1,2003,98511174:0:55741684,98511174,0,55741684,MiMi,153328.0,0.0,0.0,47.0,5.0,0.0,25.0,0.0,0.0,13.0,2.0,0.0,0.0
N120,474,1,0.00029437739181630853,150843.0,150843.0,1.0,0.0,3.0,1,1,33,94426227:0:55616096,94426227,0,55616096,Subramanya N,150843.0,0.0,0.0,27.0,0.0,0.0,26.0,0.0,0.0,9.0,13.0,0.0,0.0
N121,57,1,0.00029437739181630853,149307.0,149307.0,1.0,0.0,1.0,1,1,681,97605226:0:55714246,97605226,0,55714246,Crop Dusta,149307.0,0.0,0.0,31.0,19.0,0.0,8.0,0.0,0.0,6.0,11.0,0.0,0.0
N122,28,1,0.00029437739181630853,149267.0,149267.0,1.0,0.0,1.0,1,1,683,97609790:0:55714246,97609790,0,55714246,Crop Dusta,149267.0,0.0,0.0,27.0,0.0,0.0,31.0,0.0,0.0,2.0,15.0,0.0,0.0
N123,657,1,0.00029437739181630853,146790.0,146790.0,1.0,0.0,3.0,1,1,1246,98688817:0:55616096,98688817,0,55616096,Subramanya N,146790.0,0.0,0.0,34.0,0.0,0.0,16.0,0.0,0.0,15.0,6.0,0.0,0.0
N124,510,1,0.00029437739181630853,145995.0,145995.0,1.0,0.0,3.0,1,1,669,97486833:0:55616096,97486833,0,55616096,Subramanya N,145995.0,0.0,0.0,22.0,0.0,0.0,26.0,0.0,0.0,8.0,17.0,0.0,0.0
N125,513,1,0.00029437739181630853,145651.0,145651.0,1.0,0.0,3.0,1,1,212,94493570:1:55616096,94493570,1,55616096,Subramanya N,145651.0,0.0,0.0,31.0,0.0,0.0,14.0,2.0,0.0,11.0,15.0,0.0,0.0
N126,80,1,0.00029437739181630853,143897.0,143897.0,1.0,0.0,1.0,1,1,766,97804175:1:55714246,97804175,1,55714246,Crop Dusta,143897.0,0.0,0.0,27.0,0.0,27.0,4.0,3.0,0.0,9.0,3.0,0.0,2.0
N127,648,1,0.00029437739181630853,143803.0,143803.0,1.0,0.0,3.0,1,1,579,96759133:1:55616096,96759133,1,55616096,Subramanya N,143803.0,0.0,0.0,35.0,0.0,0.0,10.0,1.0,0.0,11.0,13.0,0.0,0.0
N128,490,1,0.00029437739181630853,143538.0,143538.0,1.0,0.0,3.0,1,1,31,94425363:0:55616096,94425363,0,55616096,Subramanya N,143538.0,0.0,0.0,32.0,0.0,0.0,20.0,0.0,0.0,11.0,8.0,0.0,0.0
N129,144,1,0.00029437739181630853,140644.0,140644.0,1.0,0.0,39.0,1,1,1966,98488260:1:55741684,98488260,1,55741684,MiMi,140644.0,0.0,0.0,42.0,4.0,0.0,35.0,0.0,0.0,9.0,2.0,0.0,0.0
N130,477,1,0.00029437739181630853,140557.0,140557.0,0.0,0.0,3.0,1,1,120,94455436:1:55616096,94455436,1,55616096,Subramanya N,140557.0,0.0,0.0,25.0,0.0,0.0,26.0,3.0,0.0,15.0,2.0,0.0,1.0
N131,22,1,0.00029437739181630853,139632.0,139632.0,0.0,0.0,1.0,1,1,1468,99058164:0:55714246,99058164,0,55714246,Crop Dusta,139632.0,0.0,0.0,39.0,0.0,0.0,22.0,0.0,0.0,11.0,3.0,0.0,0.0
N132,41,1,0.00029437739181630853,139067.0,139067.0,1.0,0.0,1.0,1,1,765,97774529:0:55714246,97774529,0,55714246,Crop Dusta,139067.0,0.0,0.0,21.0,29.0,0.0,8.0,0.0,0.0,2.0,15.0,0.0,0.0
N133,145,1,0.00029437739181630853,138960.0,138960.0,1.0,0.0,39.0,1,1,1887,98435590:0:55741684,98435590,0,55741684,MiMi,138960.0,0.0,0.0,41.0,1.0,8.0,32.0,0.0,0.0,9.0,2.0,0.0,0.0
N134,476,1,0.00029437739181630853,138928.0,138928.0,1.0,0.0,3.0,1,1,457,95942615:0:55616096,95942615,0,55616096,Subramanya N,138928.0,0.0,0.0,30.0,0.0,0.0,19.0,2.0,0.0,18.0,2.0,0.0,0.0
N135,495,1,0.00029437739181630853,138055.0,138055.0,1.0,0.0,3.0,1,1,363,95267392:1:55616096,95267392,1,55616096,Subramanya N,138055.0,0.0,0.0,23.0,0.0,0.0,26.0,1.0,0.0,18.0,2.0,0.0,0.0
N136,440,1,0.00029437739181630853,137849.0,137849.0,1.0,0.0,3.0,1,1,418,95673340:0:55616096,95673340,0,55616096,Subramanya N,137849.0,0.0,0.0,44.0,0.0,0.0,3.0,2.0,0.0,10.0,15.0,0.0,0.0
N137,515,1,0.00029437739181630853,137128.0,137128.0,1.0,0.0,3.0,1,1,371,95331307:0:55616096,95331307,0,55616096,Subramanya N,137128.0,0.0,0.0,34.0,0.0,0.0,10.0,1.0,0.0,11.0,13.0,0.0,0.0
N138,615,1,0.00029437739181630853,136899.0,136899.0,1.0,0.0,3.0,1,1,400,95554748:0:55616096,95554748,0,55616096,Subramanya N,136899.0,0.0,0.0,32.0,0.0,0.0,18.0,1.0,0.0,14.0,6.0,1.0,0.0
N139,313,1,0.00029437739181630853,135497.0,135497.0,0.0,0.0,2.0,1,1,826,98093786:0:55614463,98093786,0,55614463,Ryo Hasegawa,135497.0,0.0,0.0,45.0,0.0,8.0,8.0,1.0,0.0,11.0,2.0,0.0,0.0
N140,312,1,0.00029437739181630853,135192.0,135192.0,1.0,0.0,2.0,1,1,555,96622150:0:55614463,96622150,0,55614463,Ryo Hasegawa,135192.0,0.0,0.0,36.0,6.0,12.0,8.0,1.0,0.0,10.0,2.0,0.0,0.0
N141,32,1,0.00029437739181630853,134182.0,134182.0,1.0,0.0,1.0,1,1,725,97680628:1:55714246,97680628,1,55714246,Crop Dusta,134182.0,0.0,0.0,11.0,10.0,14.0,27.0,0.0,0.0,10.0,2.0,0.0,1.0
N142,52,1,0.00029437739181630853,134035.0,134035.0,1.0,0.0,1.0,1,1,732,97694403:0:55714246,97694403,0,55714246,Crop Dusta,134035.0,0.0,0.0,36.0,8.0,0.0,12.0,2.0,0.0,2.0,15.0,0.0,0.0
N143,198,1,0.00029437739181630853,133606.0,133606.0,1.0,0.0,39.0,1,1,1880,98426481:1:55741684,98426481,1,55741684,MiMi,133606.0,0.0,0.0,40.0,4.0,3.0,26.0,4.0,0.0,10.0,5.0,0.0,0.0
N144,149,1,0.00029437739181630853,133105.0,133105.0,1.0,0.0,39.0,1,1,1937,98472231:1:55741684,98472231,1,55741684,MiMi,133105.0,0.0,0.0,40.0,4.0,0.0,32.0,0.0,0.0,8.0,7.0,0.0,0.0
N145,86,1,0.00029437739181630853,133012.0,133012.0,1.0,0.0,1.0,1,1,750,97735614:1:55714246,97735614,1,55714246,Crop Dusta,133012.0,0.0,0.0,14.0,6.0,18.0,21.0,1.0,0.0,2.0,13.0,0.0,0.0
N146,496,1,0.00029437739181630853,132346.0,132346.0,0.0,0.0,3.0,1,1,615,97115103:0:55616096,97115103,0,55616096,Subramanya N,132346.0,0.0,0.0,31.0,0.0,0.0,18.0,1.0,0.0,12.0,7.0,0.0,0.0
N147,197,1,0.00029437739181630853,132335.0,132335.0,0.0,0.0,39.0,1,1,2335,98695636:0:55741684,98695636,0,55741684,MiMi,132335.0,0.0,0.0,46.0,6.0,0.0,27.0,3.0,0.0,7.0,6.0,0.0,0.0
N148,512,1,0.00029437739181630853,131258.0,131258.0,1.0,0.0,3.0,1,1,663,97422926:0:55616096,97422926,0,55616096,Subramanya N,131258.0,0.0,0.0,24.0,0.0,0.0,20.0,0.0,0.0,8.0,17.0,0.0,0.0
N149,516,1,0.00029437739181630853,131162.0,131162.0,1.0,0.0,3.0,1,1,429,95734942:0:55616096,95734942,0,55616096,Subramanya N,131162.0,0.0,0.0,23.0,0.0,13.0,12.0,2.0,0.0,3.0,18.0,0.0,1.0
N150,501,1,0.00029437739181630853,131073.0,131073.0,1.0,0.0,3.0,1,1,562,96624398:0:55616096,96624398,0,55616096,Subramanya N,131073.0,0.0,0.0,28.0,11.0,0.0,8.0,2.0,0.0,2.0,18.0,0.0,0.0
N151,653,1,0.00029437739181630853,130756.0,130756.0,1.0,0.0,3.0,1,1,50,94433242:1:55616096,94433242,1,55616096,Subramanya N,130756.0,0.0,0.0,32.0,0.0,0.0,12.0,1.0,0.0,11.0,13.0,1.0,0.0
N152,186,1,0.00029437739181630853,130593.0,130593.0,0.0,0.0,39.0,1,1,2211,98634429:0:55741684,98634429,0,55741684,MiMi,130593.0,0.0,0.0,49.0,4.0,0.0,20.0,6.0,0.0,8.0,4.0,0.0,0.0
N153,82,1,0.00029437739181630853,129371.0,129371.0,1.0,0.0,1.0,1,1,684,97612053:0:55714246,97612053,0,55714246,Crop Dusta,129371.0,0.0,0.0,25.0,6.0,19.0,11.0,0.0,0.0,3.0,11.0,0.0,0.0
N154,666,1,0.00029437739181630853,128687.0,128687.0,1.0,0.0,3.0,1,1,153,94465213:1:55616096,94465213,1,55616096,Subramanya N,128687.0,0.0,0.0,31.0,0.0,0.0,17.0,1.0,0.0,2.0,18.0,0.0,0.0
N155,636,1,0.00029437739181630853,128659.0,128659.0,1.0,0.0,3.0,1,1,757,97747114:0:55616096,97747114,0,55616096,Subramanya N,128659.0,0.0,0.0,37.0,0.0,0.0,13.0,3.0,0.0,16.0,2.0,0.0,0.0
N156,26,1,0.00029437739181630853,128407.0,128407.0,0.0,0.0,1.0,1,1,726,97682932:0:55714246,97682932,0,55714246,Crop Dusta,128407.0,0.0,0.0,29.0,10.0,0.0,19.0,0.0,0.0,6.0,11.0,0.0,0.0
N157,635,1,0.00029437739181630853,128338.0,128338.0,1.0,0.0,3.0,1,1,446,95839894:1:55616096,95839894,1,55616096,Subramanya N,128338.0,0.0,0.0,40.0,0.0,0.0,14.0,0.0,0.0,15.0,4.0,0.0,0.0
N158,665,1,0.00029437739181630853,128050.0,128050.0,1.0,0.0,3.0,1,1,56,94435892:1:55616096,94435892,1,55616096,Subramanya N,128050.0,0.0,0.0,35.0,0.0,0.0,18.0,0.0,0.0,2.0,18.0,0.0,0.0
N159,658,1,0.00029437739181630853,127670.0,127670.0,1.0,0.0,3.0,1,1,126,94457211:0:55616096,94457211,0,55616096,Subramanya N,127670.0,0.0,0.0,31.0,0.0,0.0,18.0,1.0,0.0,12.0,10.0,0.0,0.0
N160,618,1,0.00029437739181630853,126723.0,126723.0,1.0,0.0,3.0,1,1,573,96713506:1:55616096,96713506,1,55616096,Subramanya N,126723.0,0.0,0.0,24.0,0.0,0.0,22.0,0.0,0.0,5.0,18.0,1.0,0.0
N161,439,1,0.00029437739181630853,126412.0,126412.0,1.0,0.0,3.0,1,1,88,94446591:1:55616096,94446591,1,55616096,Subramanya N,126412.0,0.0,0.0,40.0,0.0,0.0,6.0,2.0,0.0,4.0,17.0,0.0,0.0
N162,199,1,0.00029437739181630853,126256.0,126256.0,1.0,0.0,39.0,1,1,2029,98524977:1:55741684,98524977,1,55741684,MiMi,126256.0,0.0,0.0,45.0,3.0,5.0,20.0,4.0,0.0,8.0,7.0,0.0,0.0
N163,78,1,0.00029437739181630853,125989.0,125989.0,1.0,0.0,1.0,1,1,1485,99115171:0:55714246,99115171,0,55714246,Crop Dusta,125989.0,0.0,0.0,21.0,7.0,27.0,6.0,1.0,3.0,8.0,2.0,0.0,0.0
N164,491,1,0.00029437739181630853,125858.0,125858.0,1.0,0.0,3.0,1,1,52,94434129:0:55616096,94434129,0,55616096,Subramanya N,125858.0,0.0,0.0,16.0,15.0,0.0,18.0,4.0,0.0,15.0,2.0,0.0,2.0
N165,517,1,0.00029437739181630853,125161.0,125161.0,1.0,0.0,3.0,1,1,39,94428858:0:55616096,94428858,0,55616096,Subramanya N,125161.0,0.0,0.0,33.0,0.0,6.0,13.0,1.0,0.0,14.0,3.0,0.0,0.0
N166,185,1,0.00029437739181630853,124009.0,124009.0,1.0,0.0,39.0,1,1,2010,98515755:1:55741684,98515755,1,55741684,MiMi,124009.0,0.0,0.0,42.0,1.0,5.0,31.0,5.0,0.0,6.0,5.0,0.0,0.0
N167,47,1,0.00029437739181630853,123912.0,123912.0,1.0,0.0,1.0,1,1,1206,98629963:1:55714246,98629963,1,55714246,Crop Dusta,123912.0,0.0,0.0,49.0,0.0,0.0,8.0,1.0,0.0,6.0,11.0,0.0,0.0
N168,206,1,0.00029437739181630853,123597.0,123597.0,1.0,0.0,2.0,1,1,296,94726918:0:55614463,94726918,0,55614463,Ryo Hasegawa,123597.0,0.0,0.0,45.0,6.0,6.0,2.0,1.0,0.0,5.0,10.0,0.0,0.0
N169,671,1,0.00029437739181630853,123532.0,123532.0,1.0,0.0,3.0,1,1,248,94557872:0:55616096,94557872,0,55616096,Subramanya N,123532.0,0.0,0.0,27.0,0.0,0.0,16.0,1.0,0.0,5.0,18.0,1.0,1.0
N170,131,1,0.00029437739181630853,123471.0,123471.0,1.0,0.0,39.0,1,1,1875,98417386:1:55741684,98417386,1,55741684,MiMi,123471.0,0.0,0.0,42.0,3.0,0.0,15.0,0.0,0.0,7.0,6.0,0.0,0.0
N171,98,1,0.00029437739181630853,123294.0,123294.0,1.0,0.0,1.0,1,1,1203,98629956:0:55714246,98629956,0,55714246,Crop Dusta,123294.0,0.0,0.0,8.0,23.0,28.0,4.0,2.0,0.0,8.0,2.0,0.0,0.0
N172,639,1,0.00029437739181630853,122859.0,122859.0,1.0,0.0,3.0,1,1,48,94432369:0:55616096,94432369,0,55616096,Subramanya N,122859.0,0.0,0.0,39.0,0.0,0.0,10.0,2.0,0.0,13.0,7.0,0.0,1.0
N173,38,1,0.00029437739181630853,122816.0,122816.0,1.0,0.0,1.0,1,1,1247,98688822:1:55714246,98688822,1,55714246,Crop Dusta,122816.0,0.0,0.0,20.0,35.0,0.0,2.0,0.0,0.0,2.0,16.0,0.0,0.0
N174,215,1,0.00029437739181630853,122717.0,122717.0,1.0,0.0,2.0,1,1,4,94404229:1:55614463,94404229,1,55614463,Ryo Hasegawa,122717.0,0.0,0.0,38.0,15.0,1.0,10.0,2.0,0.0,4.0,5.0,0.0,0.0
N175,20,1,0.00029437739181630853,122665.0,122665.0,1.0,0.0,1.0,1,1,1338,98852917:0:55714246,98852917,0,55714246,Crop Dusta,122665.0,0.0,0.0,34.0,0.0,0.0,30.0,0.0,0.0,9.0,0.0,0.0,2.0
N176,50,1,0.00029437739181630853,121993.0,121993.0,1.0,0.0,1.0,1,1,755,97744783:0:55714246,97744783,0,55714246,Crop Dusta,121993.0,0.0,0.0,48.0,0.0,0.0,7.0,2.0,0.0,2.0,16.0,0.0,0.0
N177,87,1,0.00029437739181630853,121822.0,121822.0,0.0,0.0,1.0,1,1,781,97911410:1:55714246,97911410,1,55714246,Crop Dusta,121822.0,0.0,0.0,17.0,0.0,18.0,24.0,1.0,0.0,4.0,11.0,0.0,0.0
N178,53,1,0.00029437739181630853,121432.0,121432.0,1.0,0.0,1.0,1,1,761,97749375:0:55714246,97749375,0,55714246,Crop Dusta,121432.0,0.0,0.0,47.0,0.0,0.0,11.0,0.0,0.0,5.0,11.0,0.0,1.0
N179,146,1,0.00029437739181630853,121391.0,121391.0,1.0,0.0,39.0,1,1,1961,98485963:0:55741684,98485963,0,55741684,MiMi,121391.0,0.0,0.0,40.0,1.0,6.0,31.0,0.0,0.0,12.0,2.0,0.0,0.0
N180,337,1,0.00029437739181630853,121368.0,121368.0,0.0,0.0,5.0,1,1,169,94472165:0:55617399,94472165,0,55617399,Arman Tuganbaev,121368.0,0.0,0.0,50.0,3.0,11.0,9.0,1.0,0.0,7.0,13.0,0.0,0.0
N181,667,1,0.00029437739181630853,121180.0,121180.0,1.0,0.0,3.0,1,1,639,97245056:0:55616096,97245056,0,55616096,Subramanya N,121180.0,0.0,0.0,33.0,0.0,0.0,18.0,0.0,0.0,3.0,18.0,0.0,0.0
N182,56,1,0.00029437739181630853,121167.0,121167.0,1.0,0.0,1.0,1,1,741,97715010:1:55714246,97715010,1,55714246,Crop Dusta,121167.0,0.0,0.0,25.0,21.0,0.0,12.0,0.0,0.0,2.0,15.0,0.0,0.0
N183,140,1,0.00029437739181630853,121049.0,121049.0,1.0,0.0,39.0,1,1,1927,98465393:0:55741684,98465393,0,55741684,MiMi,121049.0,0.0,0.0,47.0,5.0,0.0,27.0,0.0,0.0,10.0,5.0,0.0,0.0
N184,351,1,0.00029437739181630853,121005.0,121005.0,1.0,0.0,5.0,1,1,155,94465995:1:55617399,94465995,1,55617399,Arman Tuganbaev,121005.0,0.0,0.0,45.0,0.0,0.0,13.0,0.0,0.0,8.0,9.0,0.0,0.0
N185,645,1,0.00029437739181630853,120968.0,120968.0,1.0,0.0,3.0,1,1,327,94888409:1:55616096,94888409,1,55616096,Subramanya N,120968.0,0.0,0.0,21.0,14.0,0.0,16.0,1.0,0.0,18.0,2.0,0.0,0.0
N186,34,1,0.00029437739181630853,120914.0,120914.0,1.0,0.0,1.0,1,1,695,97623441:0:55714246,97623441,0,55714246,Crop Dusta,120914.0,0.0,0.0,12.0,7.0,9.0,33.0,0.0,0.0,9.0,5.0,0.0,0.0
N187,279,1,0.00029437739181630853,120828.0,120828.0,1.0,0.0,2.0,1,1,1341,98852918:0:55614463,98852918,0,55614463,Ryo Hasegawa,120828.0,0.0,0.0,42.0,0.0,11.0,7.0,1.0,0.0,5.0,9.0,0.0,0.0
N188,79,1,0.00029437739181630853,120731.0,120731.0,1.0,0.0,1.0,1,1,745,97724157:0:55714246,97724157,0,55714246,Crop Dusta,120731.0,0.0,0.0,30.0,0.0,27.0,8.0,1.0,0.0,7.0,2.0,0.0,0.0
N189,44,1,0.00029437739181630853,120393.0,120393.0,1.0,0.0,1.0,1,1,1066,98419965:1:55714246,98419965,1,55714246,Crop Dusta,120393.0,0.0,0.0,41.0,0.0,0.0,13.0,3.0,0.0,5.0,12.0,0.0,1.0
N190,46,1,0.00029437739181630853,120284.0,120284.0,1.0,0.0,1.0,1,1,1062,98419962:0:55714246,98419962,0,55714246,Crop Dusta,120284.0,0.0,0.0,46.0,0.0,0.0,11.0,1.0,0.0,6.0,11.0,0.0,0.0
N191,519,1,0.00029437739181630853,120101.0,120101.0,0.0,0.0,3.0,1,1,767,97817858:1:55616096,97817858,1,55616096,Subramanya N,120101.0,0.0,0.0,34.0,0.0,7.0,6.0,2.0,0.0,17.0,5.0,0.0,0.0
N192,211,1,0.00029437739181630853,119992.0,119992.0,1.0,0.0,2.0,1,1,65,94439616:0:55614463,94439616,0,55614463,Ryo Hasegawa,119992.0,0.0,0.0,32.0,10.0,0.0,13.0,0.0,0.0,12.0,8.0,0.0,0.0
N193,195,1,0.00029437739181630853,119812.0,119812.0,0.0,0.0,39.0,1,1,1960,98485914:0:55741684,98485914,0,55741684,MiMi,119812.0,0.0,0.0,42.0,2.0,8.0,21.0,5.0,0.0,8.0,6.0,0.0,0.0
N194,471,1,0.00029437739181630853,119514.0,119514.0,0.0,0.0,3.0,1,1,76,94443049:1:55616096,94443049,1,55616096,Subramanya N,119514.0,0.0,0.0,34.0,0.0,0.0,20.0,1.0,6.0,10.0,2.0,0.0,1.0
N195,488,1,0.00029437739181630853,119494.0,119494.0,0.0,0.0,3.0,1,1,1339,98852917:1:55616096,98852917,1,55616096,Subramanya N,119494.0,0.0,0.0,32.0,0.0,0.0,22.0,1.0,0.0,12.0,3.0,0.0,0.0
N196,59,1,0.00029437739181630853,119275.0,119275.0,1.0,0.0,1.0,1,1,685,97614334:1:55714246,97614334,1,55714246,Crop Dusta,119275.0,0.0,0.0,45.0,0.0,0.0,17.0,1.0,0.0,9.0,2.0,0.0,1.0
N197,147,1,0.00029437739181630853,119221.0,119221.0,1.0,0.0,39.0,1,1,1933,98469954:0:55741684,98469954,0,55741684,MiMi,119221.0,0.0,0.0,41.0,0.0,4.0,31.0,0.0,0.0,12.0,2.0,0.0,0.0
N198,649,1,0.00029437739181630853,118702.0,118702.0,1.0,0.0,3.0,1,1,1301,98782138:0:55616096,98782138,0,55616096,Subramanya N,118702.0,0.0,0.0,33.0,0.0,0.0,11.0,2.0,0.0,5.0,18.0,0.0,0.0
N199,612,1,0.00029437739181630853,118325.0,118325.0,0.0,0.0,3.0,1,1,558,96622153:1:55616096,96622153,1,55616096,Subramanya N,118325.0,0.0,0.0,34.0,0.0,0.0,16.0,0.0,0.0,9.0,10.0,1.0,0.0
N200,320,1,0.00029437739181630853,118044.0,118044.0,1.0,0.0,2.0,1,1,531,96487653:0:55614463,96487653,0,55614463,Ryo Hasegawa,118044.0,0.0,0.0,53.0,0.0,1.0,3.0,1.0,0.0,11.0,6.0,0.0,0.0
N201,24,1,0.00029437739181630853,117879.0,117879.0,1.0,0.0,1.0,1,1,764,97753942:0:55714246,97753942,0,55714246,Crop Dusta,117879.0,0.0,0.0,27.0,11.0,0.0,19.0,0.0,0.0,7.0,10.0,0.0,1.0
N202,83,1,0.00029437739181630853,117769.0,117769.0,0.0,0.0,1.0,1,1,1340,98852918:1:55714246,98852918,1,55714246,Crop Dusta,117769.0,0.0,0.0,24.0,6.0,14.0,14.0,0.0,0.0,6.0,11.0,0.0,0.0
N203,654,1,0.00029437739181630853,117726.0,117726.0,1.0,0.0,3.0,1,1,189,94480240:0:55616096,94480240,0,55616096,Subramanya N,117726.0,0.0,0.0,31.0,0.0,0.0,12.0,2.0,0.0,11.0,13.0,1.0,0.0
N204,670,1,0.00029437739181630853,117357.0,117357.0,1.0,0.0,3.0,1,1,162,94468747:1:55616096,94468747,1,55616096,Subramanya N,117357.0,0.0,0.0,33.0,0.0,0.0,11.0,1.0,0.0,5.0,18.0,0.0,1.0
N205,222,1,0.00029437739181630853,116888.0,116888.0,1.0,0.0,2.0,1,1,3,94403351:1:55614463,94403351,1,55614463,Ryo Hasegawa,116888.0,0.0,0.0,59.0,0.0,0.0,5.0,2.0,0.0,7.0,2.0,0.0,0.0
N206,120,1,0.00029437739181630853,116881.0,116881.0,1.0,0.0,1.0,1,1,795,98000264:0:55714246,98000264,0,55714246,Crop Dusta,116881.0,0.0,0.0,13.0,36.0,0.0,9.0,0.0,0.0,6.0,10.0,0.0,1.0
N207,617,1,0.00029437739181630853,116871.0,116871.0,0.0,0.0,3.0,1,1,395,95534036:0:55616096,95534036,0,55616096,Subramanya N,116871.0,0.0,0.0,30.0,0.0,0.0,18.0,0.0,0.0,11.0,13.0,0.0,0.0
N208,463,1,0.00029437739181630853,116547.0,116547.0,0.0,0.0,3.0,1,1,636,97245054:0:55616096,97245054,0,55616096,Subramanya N,116547.0,0.0,0.0,8.0,15.0,16.0,21.0,1.0,0.0,6.0,2.0,0.0,0.0
N209,622,1,0.00029437739181630853,116451.0,116451.0,0.0,0.0,3.0,1,1,319,94847281:1:55616096,94847281,1,55616096,Subramanya N,116451.0,0.0,0.0,35.0,0.0,0.0,14.0,0.0,1.0,11.0,9.0,0.0,0.0
N210,619,1,0.00029437739181630853,116163.0,116163.0,1.0,0.0,3.0,1,1,142,94461629:0:55616096,94461629,0,55616096,Subramanya N,116163.0,0.0,0.0,25.0,0.0,0.0,19.0,2.0,0.0,12.0,11.0,0.0,0.0
N211,130,1,0.00029437739181630853,115972.0,115972.0,1.0,0.0,39.0,1,1,2092,98563576:0:55741684,98563576,0,55741684,MiMi,115972.0,0.0,0.0,37.0,3.0,6.0,9.0,4.0,0.0,8.0,8.0,0.0,0.0
N212,672,1,0.00029437739181630853,115942.0,115942.0,1.0,0.0,3.0,1,1,651,97352283:1:55616096,97352283,1,55616096,Subramanya N,115942.0,0.0,0.0,29.0,0.0,0.0,18.0,0.0,1.0,4.0,18.0,0.0,0.0
N213,81,1,0.00029437739181630853,115668.0,115668.0,1.0,0.0,1.0,1,1,719,97676047:1:55714246,97676047,1,55714246,Crop Dusta,115668.0,0.0,0.0,21.0,13.0,22.0,7.0,0.0,0.0,9.0,3.0,0.0,0.0
N214,137,1,0.00029437739181630853,115413.0,115413.0,1.0,0.0,39.0,1,1,1894,98442439:0:55741684,98442439,0,55741684,MiMi,115413.0,0.0,0.0,40.0,4.0,7.0,28.0,0.0,0.0,8.0,6.0,0.0,0.0
N215,196,1,0.00029437739181630853,115409.0,115409.0,1.0,0.0,39.0,1,1,1971,98490550:1:55741684,98490550,1,55741684,MiMi,115409.0,0.0,0.0,43.0,5.0,6.0,23.0,3.0,0.0,10.0,5.0,0.0,0.0
N216,650,1,0.00029437739181630853,115383.0,115383.0,1.0,0.0,3.0,1,1,1281,98738897:0:55616096,98738897,0,55616096,Subramanya N,115383.0,0.0,0.0,40.0,0.0,0.0,9.0,1.0,0.0,11.0,9.0,0.0,0.0
N217,29,1,0.00029437739181630853,115216.0,115216.0,0.0,0.0,1.0,1,1,1167,98563775:0:55714246,98563775,0,55714246,Crop Dusta,115216.0,0.0,0.0,19.0,20.0,0.0,19.0,0.0,1.0,3.0,12.0,0.0,1.0
N218,74,1,0.00029437739181630853,115186.0,115186.0,1.0,0.0,1.0,1,1,792,97975206:1:55714246,97975206,1,55714246,Crop Dusta,115186.0,0.0,0.0,29.0,0.0,16.0,12.0,0.0,0.0,9.0,8.0,0.0,1.0
N219,335,1,0.00029437739181630853,115143.0,115143.0,1.0,0.0,5.0,1,1,235,94523511:1:55617399,94523511,1,55617399,Arman Tuganbaev,115143.0,0.0,0.0,43.0,0.0,12.0,26.0,0.0,0.0,6.0,13.0,0.0,0.0
N220,494,1,0.00029437739181630853,114889.0,114889.0,0.0,0.0,3.0,1,1,584,96804725:1:55616096,96804725,1,55616096,Subramanya N,114889.0,0.0,0.0,18.0,0.0,3.0,26.0,0.0,0.0,12.0,13.0,1.0,0.0
N221,278,1,0.00029437739181630853,114510.0,114510.0,1.0,0.0,2.0,1,1,423,95703024:1:55614463,95703024,1,55614463,Ryo Hasegawa,114510.0,0.0,0.0,45.0,8.0,0.0,9.0,1.0,0.0,4.0,8.0,0.0,0.0
N222,492,1,0.00029437739181630853,114342.0,114342.0,1.0,0.0,3.0,1,1,64,94439468:0:55616096,94439468,0,55616096,Subramanya N,114342.0,0.0,0.0,23.0,0.0,13.0,17.0,0.0,0.0,14.0,3.0,0.0,0.0
N223,616,1,0.00029437739181630853,114072.0,114072.0,0.0,0.0,3.0,1,1,82,94444826:1:55616096,94444826,1,55616096,Subramanya N,114072.0,0.0,0.0,35.0,0.0,0.0,17.0,0.0,0.0,12.0,7.0,0.0,0.0
N224,194,1,0.00029437739181630853,113829.0,113829.0,1.0,0.0,39.0,1,1,1873,98412843:0:55741684,98412843,0,55741684,MiMi,113829.0,0.0,0.0,51.0,4.0,0.0,16.0,5.0,0.0,5.0,8.0,0.0,0.0
N225,15,1,0.00029437739181630853,113723.0,113723.0,1.0,0.0,1.0,1,1,802,98043594:1:55714246,98043594,1,55714246,Crop Dusta,113723.0,0.0,0.0,39.0,0.0,0.0,28.0,1.0,2.0,3.0,2.0,0.0,0.0
N226,19,1,0.00029437739181630853,113700.0,113700.0,0.0,0.0,1.0,1,1,756,97747078:0:55714246,97747078,0,55714246,Crop Dusta,113700.0,0.0,0.0,41.0,0.0,0.0,25.0,0.0,0.0,7.0,2.0,0.0,0.0
N227,9,1,0.00029437739181630853,113522.0,113522.0,1.0,0.0,1.0,1,1,716,97671475:0:55714246,97671475,0,55714246,Crop Dusta,113522.0,0.0,0.0,0.0,25.0,22.0,19.0,2.0,3.0,2.0,2.0,0.0,0.0
N228,51,1,0.00029437739181630853,113477.0,113477.0,1.0,0.0,1.0,1,1,777,97881756:0:55714246,97881756,0,55714246,Crop Dusta,113477.0,0.0,0.0,26.0,19.0,0.0,7.0,4.0,0.0,1.0,15.0,0.0,3.0
N229,661,1,0.00029437739181630853,113448.0,113448.0,1.0,0.0,3.0,1,1,139,94460738:0:55616096,94460738,0,55616096,Subramanya N,113448.0,0.0,0.0,36.0,0.0,0.0,10.0,2.0,1.0,2.0,18.0,0.0,0.0
N230,42,1,0.00029437739181630853,112941.0,112941.0,1.0,0.0,1.0,1,1,1488,99115197:0:55714246,99115197,0,55714246,Crop Dusta,112941.0,0.0,0.0,22.0,28.0,0.0,7.0,1.0,0.0,5.0,12.0,0.0,0.0
N231,460,1,0.00029437739181630853,112801.0,112801.0,1.0,0.0,3.0,1,1,196,94482934:1:55616096,94482934,1,55616096,Subramanya N,112801.0,0.0,0.0,5.0,26.0,20.0,10.0,2.0,0.0,3.0,3.0,0.0,0.0
N232,58,1,0.00029437739181630853,112666.0,112666.0,1.0,0.0,1.0,1,1,682,97607521:1:55714246,97607521,1,55714246,Crop Dusta,112666.0,0.0,0.0,55.0,0.0,0.0,5.0,2.0,0.0,3.0,10.0,0.0,0.0
N233,2,1,0.00029437739181630853,112585.0,112585.0,1.0,0.0,3.0,1,1,318,94831350:0:55616096,94831350,0,55616096,Subramanya N,112585.0,0.0,0.0,24.0,3.0,19.0,3.0,2.0,0.0,18.0,2.0,0.0,0.0
N234,294,1,0.00029437739181630853,112492.0,112492.0,1.0,0.0,2.0,1,1,398,95550074:1:55614463,95550074,1,55614463,Ryo Hasegawa,112492.0,0.0,0.0,39.0,4.0,0.0,14.0,1.0,0.0,10.0,6.0,0.0,1.0
N235,112,1,0.00029437739181630853,112378.0,112378.0,0.0,0.0,1.0,1,1,730,97689829:1:55714246,97689829,1,55714246,Crop Dusta,112378.0,0.0,0.0,1.0,53.0,0.0,12.0,0.0,0.0,7.0,2.0,0.0,0.0
N236,48,1,0.00029437739181630853,112296.0,112296.0,0.0,0.0,1.0,1,1,798,98004787:1:55714246,98004787,1,55714246,Crop Dusta,112296.0,0.0,0.0,38.0,0.0,0.0,19.0,0.0,0.0,6.0,11.0,0.0,1.0
N237,553,1,0.00029437739181630853,112200.0,112200.0,0.0,0.0,3.0,1,1,909,98189541:0:55616096,98189541,0,55616096,Subramanya N,112200.0,0.0,0.0,3.0,33.0,0.0,16.0,2.0,0.0,12.0,3.0,0.0,0.0
N238,669,1,0.00029437739181630853,111628.0,111628.0,0.0,0.0,3.0,1,1,1207,98629963:0:55616096,98629963,0,55616096,Subramanya N,111628.0,0.0,0.0,33.0,0.0,0.0,17.0,2.0,0.0,7.0,12.0,0.0,0.0
N239,21,1,0.00029437739181630853,111413.0,111413.0,1.0,0.0,1.0,1,1,718,97673968:0:55714246,97673968,0,55714246,Crop Dusta,111413.0,0.0,0.0,34.0,0.0,0.0,24.0,0.0,0.0,9.0,7.0,0.0,1.0
N240,92,1,0.00029437739181630853,111391.0,111391.0,1.0,0.0,1.0,1,1,696,97625713:0:55714246,97625713,0,55714246,Crop Dusta,111391.0,0.0,0.0,5.0,42.0,15.0,4.0,1.0,1.0,3.0,4.0,0.0,0.0
N241,489,1,0.00029437739181630853,111039.0,111039.0,0.0,0.0,3.0,1,1,633,97213078:0:55616096,97213078,0,55616096,Subramanya N,111039.0,0.0,0.0,26.0,8.0,0.0,21.0,1.0,0.0,6.0,11.0,0.0,0.0
N242,176,1,0.00029437739181630853,111027.0,111027.0,0.0,0.0,39.0,1,1,2019,98520341:1:55741684,98520341,1,55741684,MiMi,111027.0,0.0,0.0,42.0,1.0,0.0,29.0,5.0,0.0,7.0,5.0,0.0,0.0
N243,43,1,0.00029437739181630853,110697.0,110697.0,1.0,0.0,1.0,1,1,748,97731030:0:55714246,97731030,0,55714246,Crop Dusta,110697.0,0.0,0.0,44.0,0.0,0.0,10.0,3.0,0.0,5.0,12.0,0.0,1.0
N244,14,1,0.00029437739181630853,110529.0,110529.0,1.0,0.0,1.0,1,1,710,97657712:1:55714246,97657712,1,55714246,Crop Dusta,110529.0,0.0,0.0,42.0,0.0,0.0,24.0,2.0,3.0,2.0,2.0,0.0,0.0
N245,487,1,0.00029437739181630853,109997.0,109997.0,0.0,0.0,3.0,1,1,549,96567513:0:55616096,96567513,0,55616096,Subramanya N,109997.0,0.0,0.0,38.0,0.0,0.0,21.0,0.0,0.0,10.0,2.0,0.0,0.0
N246,23,1,0.00029437739181630853,109946.0,109946.0,1.0,0.0,1.0,1,1,743,97719570:0:55714246,97719570,0,55714246,Crop Dusta,109946.0,0.0,0.0,38.0,0.0,0.0,20.0,0.0,0.0,6.0,10.0,0.0,1.0
N247,33,1,0.00029437739181630853,109772.0,109772.0,1.0,0.0,1.0,1,1,1064,98419964:0:55714246,98419964,0,55714246,Crop Dusta,109772.0,0.0,0.0,24.0,0.0,18.0,19.0,0.0,0.0,8.0,5.0,0.0,1.0
N248,8,1,0.00029437739181630853,109236.0,109236.0,1.0,0.0,1.0,1,1,706,97648550:1:55714246,97648550,1,55714246,Crop Dusta,109236.0,0.0,0.0,2.0,28.0,8.0,29.0,1.0,2.0,3.0,2.0,0.0,0.0
N249,138,1,0.00029437739181630853,108795.0,108795.0,1.0,0.0,39.0,1,1,1941,98474516:1:55741684,98474516,1,55741684,MiMi,108795.0,0.0,0.0,46.0,3.0,6.0,30.0,0.0,0.0,6.0,5.0,0.0,0.0
N250,30,1,0.00029437739181630853,108482.0,108482.0,0.0,0.0,1.0,1,1,997,98353838:1:55714246,98353838,1,55714246,Crop Dusta,108482.0,0.0,0.0,33.0,0.0,0.0,23.0,2.0,0.0,6.0,11.0,0.0,0.0
N251,485,1,0.00029437739181630853,108439.0,108439.0,0.0,0.0,3.0,1,1,643,97281486:0:55616096,97281486,0,55616096,Subramanya N,108439.0,0.0,0.0,34.0,0.0,0.0,21.0,0.0,0.0,8.0,7.0,0.0,0.0
N252,643,1,0.00029437739181630853,108113.0,108113.0,1.0,0.0,3.0,1,1,502,96330314:1:55616096,96330314,1,55616096,Subramanya N,108113.0,0.0,0.0,33.0,0.0,0.0,17.0,0.0,0.0,18.0,2.0,0.0,0.0
N253,656,1,0.00029437739181630853,107692.0,107692.0,1.0,0.0,3.0,1,1,1496,99169912:1:55616096,99169912,1,55616096,Subramanya N,107692.0,0.0,0.0,32.0,0.0,0.0,16.0,2.0,0.0,15.0,6.0,0.0,0.0
N254,169,1,0.00029437739181630853,107622.0,107622.0,0.0,0.0,39.0,1,1,2007,98513464:1:55741684,98513464,1,55741684,MiMi,107622.0,0.0,0.0,42.0,3.0,9.0,26.0,4.0,0.0,5.0,7.0,0.0,0.0
N255,99,1,0.00029437739181630853,107498.0,107498.0,1.0,0.0,1.0,1,1,712,97662297:0:55714246,97662297,0,55714246,Crop Dusta,107498.0,0.0,0.0,8.0,46.0,0.0,10.0,0.0,0.0,8.0,3.0,0.0,0.0
N256,385,1,0.00029437739181630853,106792.0,106792.0,1.0,0.0,5.0,1,1,1000,98358337:0:55617399,98358337,0,55617399,Arman Tuganbaev,106792.0,0.0,0.0,44.0,12.0,0.0,0.0,1.0,0.0,7.0,11.0,0.0,0.0
N257,481,1,0.00029437739181630853,106782.0,106782.0,1.0,0.0,3.0,1,1,179,94475815:1:55616096,94475815,1,55616096,Subramanya N,106782.0,0.0,0.0,30.0,0.0,0.0,27.0,2.0,4.0,5.0,2.0,0.0,0.0
N258,676,1,0.00029437739181630853,106270.0,106270.0,1.0,0.0,3.0,1,1,960,98237418:1:55616096,98237418,1,55616096,Subramanya N,106270.0,0.0,0.0,42.0,0.0,0.0,6.0,2.0,0.0,6.0,18.0,0.0,0.0
N259,504,1,0.00029437739181630853,106124.0,106124.0,1.0,0.0,3.0,1,1,379,95452170:0:55616096,95452170,0,55616096,Subramanya N,106124.0,0.0,0.0,9.0,34.0,0.0,3.0,2.0,0.0,3.0,18.0,0.0,0.0
N260,377,1,0.00029437739181630853,106061.0,106061.0,1.0,0.0,5.0,1,1,157,94466878:0:55617399,94466878,0,55617399,Arman Tuganbaev,106061.0,0.0,0.0,54.0,0.0,0.0,6.0,0.0,0.0,11.0,4.0,0.0,0.0
N261,518,1,0.00029437739181630853,105958.0,105958.0,1.0,0.0,3.0,1,1,499,96303084:1:55616096,96303084,1,55616096,Subramanya N,105958.0,0.0,0.0,33.0,0.0,18.0,5.0,2.0,0.0,14.0,2.0,0.0,0.0
N262,623,1,0.00029437739181630853,105486.0,105486.0,0.0,0.0,3.0,1,1,1067,98419965:0:55616096,98419965,0,55616096,Subramanya N,105486.0,0.0,0.0,44.0,0.0,0.0,10.0,0.0,1.0,7.0,9.0,0.0,0.0
N263,103,1,0.00029437739181630853,105285.0,105285.0,1.0,0.0,1.0,1,1,737,97705877:0:55714246,97705877,0,55714246,Crop Dusta,105285.0,0.0,0.0,9.0,55.0,0.0,0.0,0.0,4.0,5.0,2.0,0.0,0.0
N264,77,1,0.00029437739181630853,105213.0,105213.0,1.0,0.0,1.0,1,1,961,98237425:1:55714246,98237425,1,55714246,Crop Dusta,105213.0,0.0,0.0,30.0,5.0,21.0,7.0,0.0,3.0,7.0,2.0,0.0,0.0
N265,468,1,0.00029437739181630853,105174.0,105174.0,0.0,0.0,3.0,1,1,504,96355382:0:55616096,96355382,0,55616096,Subramanya N,105174.0,0.0,0.0,12.0,23.0,1.0,23.0,2.0,0.0,5.0,3.0,0.0,0.0
N266,511,1,0.00029437739181630853,105073.0,105073.0,1.0,0.0,3.0,1,1,1424,99003467:1:55616096,99003467,1,55616096,Subramanya N,105073.0,0.0,0.0,30.0,0.0,0.0,17.0,1.0,0.0,3.0,18.0,0.0,0.0
N267,651,1,0.00029437739181630853,105032.0,105032.0,1.0,0.0,3.0,1,1,91,94447472:1:55616096,94447472,1,55616096,Subramanya N,105032.0,0.0,0.0,32.0,0.0,0.0,13.0,2.0,0.0,6.0,18.0,0.0,1.0
N268,156,1,0.00029437739181630853,105006.0,105006.0,0.0,0.0,39.0,1,1,2014,98518043:1:55741684,98518043,1,55741684,MiMi,105006.0,0.0,0.0,44.0,6.0,0.0,33.0,0.0,0.0,5.0,6.0,0.0,0.0
N269,498,1,0.00029437739181630853,105006.0,105006.0,0.0,0.0,3.0,1,1,1349,98898506:0:55616096,98898506,0,55616096,Subramanya N,105006.0,0.0,0.0,18.0,21.0,0.0,11.0,0.0,0.0,7.0,17.0,0.0,0.0
N270,248,1,0.00029437739181630853,104996.0,104996.0,1.0,0.0,2.0,1,1,346,95029942:0:55614463,95029942,0,55614463,Ryo Hasegawa,104996.0,0.0,0.0,24.0,9.0,9.0,22.0,1.0,0.0,8.0,2.0,0.0,0.0
N271,266,1,0.00029437739181630853,104916.0,104916.0,0.0,0.0,2.0,1,1,247,94545578:0:55614463,94545578,0,55614463,Ryo Hasegawa,104916.0,0.0,0.0,55.0,0.0,2.0,4.0,1.0,0.0,6.0,7.0,0.0,0.0
N272,11,1,0.00029437739181630853,104570.0,104570.0,1.0,0.0,1.0,1,1,720,97678337:0:55714246,97678337,0,55714246,Crop Dusta,104570.0,0.0,0.0,5.0,26.0,19.0,16.0,2.0,0.0,5.0,2.0,0.0,0.0
N273,183,1,0.00029437739181630853,104375.0,104375.0,1.0,0.0,39.0,1,1,1886,98433318:1:55741684,98433318,1,55741684,MiMi,104375.0,0.0,0.0,41.0,2.0,0.0,26.0,6.0,0.0,6.0,7.0,0.0,0.0
N274,401,1,0.00029437739181630853,104328.0,104328.0,0.0,0.0,5.0,1,1,1331,98850639:1:55617399,98850639,1,55617399,Arman Tuganbaev,104328.0,0.0,0.0,50.0,0.0,0.0,12.0,3.0,0.0,7.0,3.0,0.0,0.0
N275,470,1,0.00029437739181630853,104245.0,104245.0,0.0,0.0,3.0,1,1,803,98043594:0:55616096,98043594,0,55616096,Subramanya N,104245.0,0.0,0.0,35.0,0.0,0.0,20.0,1.0,7.0,3.0,3.0,0.0,0.0
N276,505,1,0.00029437739181630853,104148.0,104148.0,1.0,0.0,3.0,1,1,544,96542361:1:55616096,96542361,1,55616096,Subramanya N,104148.0,0.0,0.0,15.0,18.0,0.0,15.0,2.0,0.0,9.0,11.0,0.0,0.0
N277,88,1,0.00029437739181630853,104130.0,104130.0,1.0,0.0,1.0,1,1,698,97630281:0:55714246,97630281,0,55714246,Crop Dusta,104130.0,0.0,0.0,14.0,12.0,18.0,13.0,1.0,1.0,4.0,12.0,0.0,0.0
N278,55,1,0.00029437739181630853,104044.0,104044.0,1.0,0.0,1.0,1,1,1389,98951023:0:55714246,98951023,0,55714246,Crop Dusta,104044.0,0.0,0.0,24.0,23.0,0.0,15.0,0.0,0.0,2.0,11.0,0.0,0.0
N279,640,1,0.00029437739181630853,103749.0,103749.0,0.0,0.0,3.0,1,1,774,97879422:1:55616096,97879422,1,55616096,Subramanya N,103749.0,0.0,0.0,38.0,0.0,0.0,16.0,2.0,0.0,11.0,2.0,0.0,0.0
N280,27,1,0.00029437739181630853,103657.0,103657.0,1.0,0.0,1.0,1,1,733,97696699:1:55714246,97696699,1,55714246,Crop Dusta,103657.0,0.0,0.0,22.0,7.0,3.0,28.0,0.0,0.0,3.0,12.0,0.0,0.0
N281,399,1,0.00029437739181630853,103613.0,103613.0,0.0,0.0,5.0,1,1,904,98185000:1:55617399,98185000,1,55617399,Arman Tuganbaev,103613.0,0.0,0.0,47.0,12.0,0.0,2.0,0.0,0.0,6.0,8.0,0.0,0.0
N282,101,1,0.00029437739181630853,103478.0,103478.0,1.0,0.0,1.0,1,1,772,97858947:0:55714246,97858947,0,55714246,Crop Dusta,103478.0,0.0,0.0,9.0,42.0,0.0,9.0,0.0,1.0,5.0,9.0,0.0,0.0
N283,39,1,0.00029437739181630853,103218.0,103218.0,1.0,0.0,1.0,1,1,1499,99169917:1:55714246,99169917,1,55714246,Crop Dusta,103218.0,0.0,0.0,20.0,27.0,0.0,9.0,1.0,0.0,2.0,16.0,0.0,0.0
N284,85,1,0.00029437739181630853,103119.0,103119.0,1.0,0.0,1.0,1,1,731,97692110:0:55714246,97692110,0,55714246,Crop Dusta,103119.0,0.0,0.0,23.0,5.0,24.0,8.0,0.0,0.0,3.0,12.0,0.0,0.0
N285,175,1,0.00029437739181630853,103112.0,103112.0,0.0,0.0,39.0,1,1,2124,98584242:0:55741684,98584242,0,55741684,MiMi,103112.0,0.0,0.0,39.0,2.0,0.0,36.0,3.0,0.0,10.0,2.0,0.0,0.0
N286,227,1,0.00029437739181630853,103002.0,103002.0,0.0,0.0,2.0,1,1,376,95424796:0:55614463,95424796,0,55614463,Ryo Hasegawa,103002.0,0.0,0.0,38.0,7.0,2.0,15.0,1.0,0.0,6.0,6.0,0.0,0.0
N287,249,1,0.00029437739181630853,102940.0,102940.0,1.0,0.0,2.0,1,1,23,94420091:1:55614463,94420091,1,55614463,Ryo Hasegawa,102940.0,0.0,0.0,36.0,0.0,14.0,16.0,1.0,0.0,5.0,2.0,0.0,1.0
N288,461,1,0.00029437739181630853,102741.0,102741.0,1.0,0.0,3.0,1,1,526,96458075:0:55616096,96458075,0,55616096,Subramanya N,102741.0,0.0,0.0,7.0,21.0,12.0,14.0,1.0,0.0,13.0,3.0,0.0,0.0
N289,204,1,0.00029437739181630853,102699.0,102699.0,1.0,0.0,2.0,1,1,1483,99115169:0:55614463,99115169,0,55614463,Ryo Hasegawa,102699.0,0.0,0.0,45.0,10.0,3.0,3.0,1.0,0.0,4.0,9.0,0.0,0.0
N290,608,1,0.00029437739181630853,102553.0,102553.0,1.0,0.0,3.0,1,1,603,97032982:0:55616096,97032982,0,55616096,Subramanya N,102553.0,0.0,0.0,33.0,0.0,0.0,15.0,0.0,5.0,7.0,9.0,0.0,0.0
N291,40,1,0.00029437739181630853,102299.0,102299.0,1.0,0.0,1.0,1,1,751,97737902:0:55714246,97737902,0,55714246,Crop Dusta,102299.0,0.0,0.0,22.0,26.0,0.0,10.0,0.0,0.0,6.0,10.0,0.0,1.0
N292,97,1,0.00029437739181630853,102293.0,102293.0,1.0,0.0,1.0,1,1,699,97632563:1:55714246,97632563,1,55714246,Crop Dusta,102293.0,0.0,0.0,0.0,26.0,26.0,11.0,3.0,1.0,6.0,2.0,0.0,0.0
N293,497,1,0.00029437739181630853,102282.0,102282.0,1.0,0.0,3.0,1,1,191,94481118:0:55616096,94481118,0,55616096,Subramanya N,102282.0,0.0,0.0,21.0,16.0,0.0,8.0,2.0,0.0,5.0,18.0,0.0,0.0
N294,134,1,0.00029437739181630853,102243.0,102243.0,1.0,0.0,39.0,1,1,1882,98431039:0:55741684,98431039,0,55741684,MiMi,102243.0,0.0,0.0,42.0,2.0,8.0,32.0,0.0,0.0,6.0,4.0,0.0,0.0
N295,181,1,0.00029437739181630853,102051.0,102051.0,1.0,0.0,39.0,1,1,1877,98421932:0:55741684,98421932,0,55741684,MiMi,102051.0,0.0,0.0,46.0,4.0,0.0,34.0,3.0,0.0,7.0,1.0,0.0,0.0
N296,465,1,0.00029437739181630853,102049.0,102049.0,1.0,0.0,3.0,1,1,644,97281487:1:55616096,97281487,1,55616096,Subramanya N,102049.0,0.0,0.0,16.0,23.0,0.0,16.0,0.0,0.0,5.0,14.0,0.0,0.0
N297,250,1,0.00029437739181630853,101946.0,101946.0,1.0,0.0,2.0,1,1,690,97619249:0:55614463,97619249,0,55614463,Ryo Hasegawa,101946.0,0.0,0.0,42.0,0.0,8.0,14.0,1.0,0.0,8.0,2.0,0.0,0.0
N298,609,1,0.00029437739181630853,101885.0,101885.0,0.0,0.0,3.0,1,1,805,98045895:1:55616096,98045895,1,55616096,Subramanya N,101885.0,0.0,0.0,17.0,14.0,0.0,19.0,0.0,0.0,7.0,13.0,0.0,0.0
N299,632,1,0.00029437739181630853,101847.0,101847.0,0.0,0.0,3.0,1,1,662,97422924:1:55616096,97422924,1,55616096,Subramanya N,101847.0,0.0,0.0,33.0,0.0,0.0,14.0,1.0,0.0,13.0,8.0,0.0,0.0
N300,123,1,0.00029437739181630853,101839.0,101839.0,0.0,0.0,39.0,1,1,1981,98497429:0:55741684,98497429,0,55741684,MiMi,101839.0,0.0,0.0,37.0,3.0,0.0,19.0,0.0,0.0,10.0,4.0,0.0,0.0
N301,493,1,0.00029437739181630853,101811.0,101811.0,0.0,0.0,3.0,1,1,528,96458079:1:55616096,96458079,1,55616096,Subramanya N,101811.0,0.0,0.0,20.0,0.0,6.0,23.0,0.0,0.0,11.0,9.0,0.0,0.0
N302,531,1,0.00029437739181630853,101688.0,101688.0,1.0,0.0,3.0,1,1,1319,98816345:1:55616096,98816345,1,55616096,Subramanya N,101688.0,0.0,0.0,6.0,37.0,0.0,6.0,1.0,0.0,4.0,18.0,0.0,0.0
N303,193,1,0.00029437739181630853,101681.0,101681.0,1.0,0.0,39.0,1,1,2097,98565893:1:55741684,98565893,1,55741684,MiMi,101681.0,0.0,0.0,51.0,3.0,0.0,21.0,4.0,0.0,6.0,5.0,0.0,0.0
N304,36,1,0.00029437739181630853,101660.0,101660.0,1.0,0.0,1.0,1,1,713,97664587:1:55714246,97664587,1,55714246,Crop Dusta,101660.0,0.0,0.0,27.0,29.0,0.0,0.0,0.0,0.0,2.0,16.0,0.0,0.0
N305,72,1,0.00029437739181630853,101488.0,101488.0,1.0,0.0,1.0,1,1,728,97685290:0:55714246,97685290,0,55714246,Crop Dusta,101488.0,0.0,0.0,32.0,11.0,11.0,2.0,1.0,0.0,6.0,10.0,0.0,2.0
N306,315,1,0.00029437739181630853,101404.0,101404.0,1.0,0.0,2.0,1,1,654,97352285:1:55614463,97352285,1,55614463,Ryo Hasegawa,101404.0,0.0,0.0,46.0,4.0,8.0,4.0,1.0,0.0,10.0,2.0,0.0,0.0
N307,54,1,0.00029437739181630853,101378.0,101378.0,1.0,0.0,1.0,1,1,705,97646266:0:55714246,97646266,0,55714246,Crop Dusta,101378.0,0.0,0.0,22.0,27.0,0.0,10.0,0.0,0.0,4.0,12.0,0.0,0.0
N308,523,1,0.00029437739181630853,101155.0,101155.0,1.0,0.0,3.0,1,1,261,94617605:1:55616096,94617605,1,55616096,Subramanya N,101155.0,0.0,0.0,17.0,23.0,8.0,12.0,0.0,0.0,3.0,8.0,0.0,0.0
N309,663,1,0.00029437739181630853,101111.0,101111.0,1.0,0.0,3.0,1,1,600,96982841:0:55616096,96982841,0,55616096,Subramanya N,101111.0,0.0,0.0,39.0,0.0,0.0,12.0,1.0,3.0,3.0,10.0,0.0,1.0
N310,633,1,0.00029437739181630853,101039.0,101039.0,0.0,0.0,3.0,1,1,516,96403342:0:55616096,96403342,0,55616096,Subramanya N,101039.0,0.0,0.0,37.0,0.0,0.0,16.0,0.0,0.0,14.0,3.0,0.0,1.0
N311,360,1,0.00029437739181630853,100869.0,100869.0,1.0,0.0,5.0,1,1,427,95714337:1:55617399,95714337,1,55617399,Arman Tuganbaev,100869.0,0.0,0.0,43.0,0.0,10.0,7.0,0.0,0.0,5.0,10.0,0.0,0.0
N312,444,1,0.00029437739181630853,100869.0,100869.0,0.0,0.0,3.0,1,1,1500,99169917:0:55616096,99169917,0,55616096,Subramanya N,100869.0,0.0,0.0,14.0,26.0,0.0,6.0,3.0,0.0,2.0,18.0,0.0,0.0
N313,31,1,0.00029437739181630853,100822.0,100822.0,1.0,0.0,1.0,1,1,697,97628000:0:55714246,97628000,0,55714246,Crop Dusta,100822.0,0.0,0.0,36.0,12.0,0.0,14.0,1.0,1.0,8.0,3.0,0.0,0.0
N314,599,1,0.00029437739181630853,100668.0,100668.0,0.0,0.0,3.0,1,1,1279,98738896:1:55616096,98738896,1,55616096,Subramanya N,100668.0,0.0,0.0,46.0,0.0,0.0,9.0,1.0,2.0,6.0,6.0,0.0,0.0
N315,108,1,0.00029437739181630853,100606.0,100606.0,1.0,0.0,1.0,1,1,779,97911317:0:55714246,97911317,0,55714246,Crop Dusta,100606.0,0.0,0.0,1.0,43.0,0.0,20.0,0.0,1.0,8.0,2.0,0.0,0.0
N316,205,1,0.00029437739181630853,100537.0,100537.0,1.0,0.0,2.0,1,1,49,94432528:1:55614463,94432528,1,55614463,Ryo Hasegawa,100537.0,0.0,0.0,51.0,0.0,7.0,2.0,1.0,0.0,4.0,10.0,0.0,0.0
N317,630,1,0.00029437739181630853,100411.0,100411.0,1.0,0.0,3.0,1,1,862,98141707:1:55616096,98141707,1,55616096,Subramanya N,100411.0,0.0,0.0,34.0,0.0,0.0,18.0,0.0,0.0,11.0,7.0,0.0,0.0
N318,184,1,0.00029437739181630853,100401.0,100401.0,0.0,0.0,39.0,1,1,2535,98784515:1:55741684,98784515,1,55741684,MiMi,100401.0,0.0,0.0,42.0,2.0,0.0,32.0,5.0,0.0,6.0,5.0,0.0,0.0
N319,49,1,0.00029437739181630853,100366.0,100366.0,1.0,0.0,1.0,1,1,736,97703592:1:55714246,97703592,1,55714246,Crop Dusta,100366.0,0.0,0.0,46.0,0.0,0.0,15.0,1.0,0.0,2.0,11.0,0.0,0.0
N320,629,1,0.00029437739181630853,100127.0,100127.0,1.0,0.0,3.0,1,1,592,96870933:0:55616096,96870933,0,55616096,Subramanya N,100127.0,0.0,0.0,44.0,0.0,0.0,10.0,0.0,0.0,8.0,7.0,0.0,0.0
N321,121,1,0.00029437739181630853,99948.0,99948.0,1.0,0.0,1.0,1,1,717,97673777:1:55714246,97673777,1,55714246,Crop Dusta,99948.0,0.0,0.0,4.0,47.0,0.0,7.0,0.0,3.0,2.0,11.0,0.0,1.0
N322,621,1,0.00029437739181630853,99826.0,99826.0,1.0,0.0,3.0,1,1,439,95803406:0:55616096,95803406,0,55616096,Subramanya N,99826.0,0.0,0.0,38.0,0.0,0.0,16.0,0.0,1.0,3.0,11.0,0.0,0.0
N323,624,1,0.00029437739181630853,99623.0,99623.0,1.0,0.0,3.0,1,1,302,94760666:1:55616096,94760666,1,55616096,Subramanya N,99623.0,0.0,0.0,37.0,0.0,0.0,11.0,0.0,1.0,7.0,17.0,0.0,0.0
N324,201,1,0.00029437739181630853,99555.0,99555.0,1.0,0.0,39.0,1,1,2048,98536380:0:55741684,98536380,0,55741684,MiMi,99555.0,0.0,0.0,40.0,5.0,0.0,34.0,5.0,0.0,9.0,2.0,0.0,0.0
N325,263,1,0.00029437739181630853,99448.0,99448.0,0.0,0.0,2.0,1,1,432,95734945:1:55614463,95734945,1,55614463,Ryo Hasegawa,99448.0,0.0,0.0,47.0,3.0,6.0,3.0,1.0,0.0,6.0,8.0,0.0,1.0
N326,467,1,0.00029437739181630853,99337.0,99337.0,0.0,0.0,3.0,1,1,342,95020796:0:55616096,95020796,0,55616096,Subramanya N,99337.0,0.0,0.0,3.0,27.0,0.0,21.0,3.0,0.0,14.0,2.0,0.0,0.0
N327,529,1,0.00029437739181630853,99273.0,99273.0,1.0,0.0,3.0,1,1,340,95011613:0:55616096,95011613,0,55616096,Subramanya N,99273.0,0.0,0.0,7.0,31.0,0.0,9.0,1.0,0.0,5.0,18.0,0.0,0.0
N328,625,1,0.00029437739181630853,99179.0,99179.0,0.0,0.0,3.0,1,1,117,94454567:1:55616096,94454567,1,55616096,Subramanya N,99179.0,0.0,0.0,39.0,0.0,0.0,16.0,2.0,5.0,5.0,2.0,0.0,0.0
N329,64,1,0.00029437739181630853,99174.0,99174.0,1.0,0.0,1.0,1,1,1386,98951021:0:55714246,98951021,0,55714246,Crop Dusta,99174.0,0.0,0.0,15.0,38.0,0.0,12.0,1.0,0.0,7.0,2.0,0.0,0.0
N330,646,1,0.00029437739181630853,99119.0,99119.0,1.0,0.0,3.0,1,1,361,95217130:1:55616096,95217130,1,55616096,Subramanya N,99119.0,0.0,0.0,29.0,0.0,9.0,17.0,0.0,0.0,12.0,3.0,0.0,0.0
N331,644,1,0.00029437739181630853,99112.0,99112.0,1.0,0.0,3.0,1,1,35,94427109:0:55616096,94427109,0,55616096,Subramanya N,99112.0,0.0,0.0,33.0,0.0,0.0,16.0,1.0,5.0,11.0,2.0,0.0,1.0
N332,318,1,0.00029437739181630853,99095.0,99095.0,1.0,0.0,2.0,1,1,28,94424521:0:55614463,94424521,0,55614463,Ryo Hasegawa,99095.0,0.0,0.0,52.0,0.0,8.0,3.0,1.0,0.0,9.0,2.0,0.0,0.0
N333,289,1,0.00029437739181630853,99078.0,99078.0,0.0,0.0,2.0,1,1,1467,99058162:1:55614463,99058162,1,55614463,Ryo Hasegawa,99078.0,0.0,0.0,45.0,0.0,0.0,16.0,1.0,0.0,8.0,5.0,0.0,0.0
N334,483,1,0.00029437739181630853,99053.0,99053.0,0.0,0.0,3.0,1,1,123,94456328:0:55616096,94456328,0,55616096,Subramanya N,99053.0,0.0,0.0,26.0,0.0,0.0,28.0,0.0,1.0,13.0,3.0,0.0,0.0
N335,647,1,0.00029437739181630853,98974.0,98974.0,1.0,0.0,3.0,1,1,590,96857253:1:55616096,96857253,1,55616096,Subramanya N,98974.0,0.0,0.0,42.0,0.0,0.0,9.0,0.0,0.0,14.0,2.0,0.0,2.0
N336,410,1,0.00029437739181630853,98964.0,98964.0,0.0,0.0,5.0,1,1,372,95331322:0:55617399,95331322,0,55617399,Arman Tuganbaev,98964.0,0.0,0.0,36.0,0.0,21.0,4.0,0.0,0.0,6.0,8.0,0.0,0.0
N337,68,1,0.00029437739181630853,98550.0,98550.0,0.0,0.0,1.0,1,1,1286,98738902:0:55714246,98738902,0,55714246,Crop Dusta,98550.0,0.0,0.0,20.0,28.0,0.0,10.0,1.0,3.0,9.0,1.0,0.0,3.0
N338,549,1,0.00029437739181630853,98470.0,98470.0,1.0,0.0,3.0,1,1,323,94863270:0:55616096,94863270,0,55616096,Subramanya N,98470.0,0.0,0.0,20.0,18.0,0.0,14.0,2.0,0.0,9.0,9.0,0.0,0.0
N339,509,1,0.00029437739181630853,98230.0,98230.0,0.0,0.0,3.0,1,1,1484,99115169:1:55616096,99115169,1,55616096,Subramanya N,98230.0,0.0,0.0,14.0,12.0,0.0,23.0,2.0,0.0,4.0,15.0,0.0,0.0
N340,486,1,0.00029437739181630853,98138.0,98138.0,0.0,0.0,3.0,1,1,1065,98419964:1:55616096,98419964,1,55616096,Subramanya N,98138.0,0.0,0.0,34.0,0.0,0.0,20.0,0.0,0.0,11.0,6.0,0.0,0.0
N341,96,1,0.00029437739181630853,98033.0,98033.0,1.0,0.0,1.0,1,1,738,97708164:0:55714246,97708164,0,55714246,Crop Dusta,98033.0,0.0,0.0,1.0,37.0,21.0,5.0,0.0,0.0,5.0,6.0,0.0,0.0
N342,66,1,0.00029437739181630853,97763.0,97763.0,1.0,0.0,1.0,1,1,686,97616608:1:55714246,97616608,1,55714246,Crop Dusta,97763.0,0.0,0.0,23.0,30.0,0.0,7.0,2.0,0.0,9.0,4.0,0.0,0.0
N343,107,1,0.00029437739181630853,97746.0,97746.0,1.0,0.0,1.0,1,1,754,97742484:0:55714246,97742484,0,55714246,Crop Dusta,97746.0,0.0,0.0,0.0,45.0,0.0,22.0,0.0,0.0,6.0,2.0,0.0,0.0
N344,548,1,0.00029437739181630853,97698.0,97698.0,1.0,0.0,3.0,1,1,275,94676464:0:55616096,94676464,0,55616096,Subramanya N,97698.0,0.0,0.0,14.0,23.0,0.0,15.0,0.0,0.0,16.0,2.0,0.0,0.0
N345,200,1,0.00029437739181630853,97648.0,97648.0,0.0,0.0,39.0,1,1,2381,98720535:1:55741684,98720535,1,55741684,MiMi,97648.0,0.0,0.0,39.0,1.0,6.0,30.0,4.0,0.0,9.0,5.0,0.0,0.0
N346,387,1,0.00029437739181630853,97289.0,97289.0,0.0,0.0,5.0,1,1,796,98000264:1:55617399,98000264,1,55617399,Arman Tuganbaev,97289.0,0.0,0.0,41.0,12.0,0.0,3.0,1.0,0.0,7.0,11.0,0.0,0.0
N347,17,1,0.00029437739181630853,97256.0,97256.0,0.0,0.0,1.0,1,1,910,98189542:0:55714246,98189542,0,55714246,Crop Dusta,97256.0,0.0,0.0,47.0,0.0,0.0,16.0,1.0,5.0,3.0,3.0,0.0,0.0
N348,677,1,0.00029437739181630853,97220.0,97220.0,0.0,0.0,3.0,1,1,461,95953971:1:55616096,95953971,1,55616096,Subramanya N,97220.0,0.0,0.0,37.0,0.0,5.0,12.0,1.0,0.0,6.0,9.0,0.0,0.0
N349,400,1,0.00029437739181630853,97195.0,97195.0,0.0,0.0,5.0,1,1,1298,98782135:0:55617399,98782135,0,55617399,Arman Tuganbaev,97195.0,0.0,0.0,50.0,0.0,0.0,14.0,1.0,0.0,6.0,4.0,0.0,0.0
N350,604,1,0.00029437739181630853,97004.0,97004.0,0.0,0.0,3.0,1,1,659,97386450:1:55616096,97386450,1,55616096,Subramanya N,97004.0,0.0,0.0,22.0,19.0,0.0,9.0,0.0,2.0,3.0,14.0,0.0,0.0
N351,90,1,0.00029437739181630853,96941.0,96941.0,1.0,0.0,1.0,1,1,1320,98816346:0:55714246,98816346,0,55714246,Crop Dusta,96941.0,0.0,0.0,5.0,52.0,0.0,1.0,0.0,0.0,5.0,12.0,0.0,0.0
N352,76,1,0.00029437739181630853,96929.0,96929.0,1.0,0.0,1.0,1,1,1322,98816348:0:55714246,98816348,0,55714246,Crop Dusta,96929.0,0.0,0.0,31.0,0.0,14.0,18.0,2.0,0.0,7.0,3.0,0.0,0.0
N353,153,1,0.00029437739181630853,96857.0,96857.0,1.0,0.0,39.0,1,1,2095,98563822:1:55741684,98563822,1,55741684,MiMi,96857.0,0.0,0.0,55.0,4.0,0.0,26.0,0.0,0.0,7.0,1.0,0.0,0.0
N354,284,1,0.00029437739181630853,96845.0,96845.0,1.0,0.0,2.0,1,1,1350,98898507:1:55614463,98898507,1,55614463,Ryo Hasegawa,96845.0,0.0,0.0,33.0,14.0,3.0,14.0,1.0,0.0,4.0,6.0,0.0,0.0
N355,232,1,0.00029437739181630853,96736.0,96736.0,1.0,0.0,2.0,1,1,219,94498793:0:55614463,94498793,0,55614463,Ryo Hasegawa,96736.0,0.0,0.0,31.0,16.0,4.0,12.0,1.0,0.0,9.0,2.0,0.0,0.0
N356,545,1,0.00029437739181630853,96484.0,96484.0,0.0,0.0,3.0,1,1,820,98089225:0:55616096,98089225,0,55616096,Subramanya N,96484.0,0.0,0.0,31.0,8.0,0.0,15.0,1.0,0.0,13.0,2.0,0.0,0.0
N357,642,1,0.00029437739181630853,96339.0,96339.0,0.0,0.0,3.0,1,1,588,96816183:0:55616096,96816183,0,55616096,Subramanya N,96339.0,0.0,0.0,39.0,0.0,0.0,16.0,2.0,0.0,11.0,2.0,0.0,0.0
N358,139,1,0.00029437739181630853,96333.0,96333.0,1.0,0.0,39.0,1,1,1909,98453914:0:55741684,98453914,0,55741684,MiMi,96333.0,0.0,0.0,51.0,2.0,6.0,22.0,0.0,0.0,5.0,6.0,0.0,0.0
N359,124,1,0.00029437739181630853,96230.0,96230.0,1.0,0.0,39.0,1,1,2961,98962411:0:55741684,98962411,0,55741684,MiMi,96230.0,0.0,0.0,42.0,0.0,7.0,11.0,0.0,0.0,7.0,6.0,0.0,0.0
N360,177,1,0.00029437739181630853,96103.0,96103.0,0.0,0.0,39.0,1,1,2036,98529513:1:55741684,98529513,1,55741684,MiMi,96103.0,0.0,0.0,54.0,1.0,0.0,24.0,4.0,0.0,5.0,6.0,0.0,0.0
N361,301,1,0.00029437739181630853,95814.0,95814.0,1.0,0.0,2.0,1,1,17,94414743:0:55614463,94414743,0,55614463,Ryo Hasegawa,95814.0,0.0,0.0,35.0,17.0,4.0,4.0,1.0,0.0,8.0,6.0,0.0,0.0
N362,530,1,0.00029437739181630853,95687.0,95687.0,1.0,0.0,3.0,1,1,260,94617581:1:55616096,94617581,1,55616096,Subramanya N,95687.0,0.0,0.0,5.0,34.0,0.0,13.0,1.0,0.0,3.0,16.0,0.0,0.0
N363,638,1,0.00029437739181630853,95653.0,95653.0,0.0,0.0,3.0,1,1,232,94514563:0:55616096,94514563,0,55616096,Subramanya N,95653.0,0.0,0.0,41.0,0.0,0.0,14.0,0.0,0.0,13.0,2.0,0.0,0.0
N364,388,1,0.00029437739181630853,95578.0,95578.0,0.0,0.0,5.0,1,1,612,97078520:0:55617399,97078520,0,55617399,Arman Tuganbaev,95578.0,0.0,0.0,29.0,24.0,0.0,3.0,1.0,0.0,7.0,11.0,0.0,0.0
N365,16,1,0.00029437739181630853,95496.0,95496.0,1.0,0.0,1.0,1,1,993,98353736:1:55714246,98353736,1,55714246,Crop Dusta,95496.0,0.0,0.0,42.0,0.0,0.0,18.0,0.0,2.0,3.0,10.0,0.0,0.0
N366,611,1,0.00029437739181630853,95452.0,95452.0,0.0,0.0,3.0,1,1,691,97619249:1:55616096,97619249,1,55616096,Subramanya N,95452.0,0.0,0.0,29.0,0.0,0.0,15.0,2.0,6.0,14.0,3.0,0.0,0.0
N367,168,1,0.00029437739181630853,95443.0,95443.0,1.0,0.0,39.0,1,1,1881,98428767:1:55741684,98428767,1,55741684,MiMi,95443.0,0.0,0.0,44.0,5.0,0.0,29.0,5.0,0.0,4.0,8.0,0.0,0.0
N368,613,1,0.00029437739181630853,95410.0,95410.0,0.0,0.0,3.0,1,1,648,97317972:1:55616096,97317972,1,55616096,Subramanya N,95410.0,0.0,0.0,31.0,0.0,0.0,18.0,2.0,0.0,5.0,13.0,0.0,0.0
N369,71,1,0.00029437739181630853,94941.0,94941.0,1.0,0.0,1.0,1,1,1384,98951020:0:55714246,98951020,0,55714246,Crop Dusta,94941.0,0.0,0.0,33.0,0.0,23.0,0.0,2.0,0.0,4.0,13.0,0.0,0.0
N370,340,1,0.00029437739181630853,94789.0,94789.0,1.0,0.0,5.0,1,1,357,95166870:1:55617399,95166870,1,55617399,Arman Tuganbaev,94789.0,0.0,0.0,36.0,0.0,21.0,2.0,0.0,0.0,7.0,9.0,0.0,0.0
N371,135,1,0.00029437739181630853,94639.0,94639.0,0.0,0.0,39.0,1,1,2040,98531808:1:55741684,98531808,1,55741684,MiMi,94639.0,0.0,0.0,34.0,0.0,7.0,43.0,0.0,0.0,10.0,1.0,0.0,0.0
N372,584,1,0.00029437739181630853,94433.0,94433.0,0.0,0.0,3.0,1,1,1061,98419958:1:55616096,98419958,1,55616096,Subramanya N,94433.0,0.0,0.0,41.0,0.0,0.0,17.0,0.0,2.0,6.0,3.0,0.0,0.0
N373,668,1,0.00029437739181630853,94114.0,94114.0,1.0,0.0,3.0,1,1,353,95118946:1:55616096,95118946,1,55616096,Subramanya N,94114.0,0.0,0.0,34.0,0.0,0.0,14.0,1.0,0.0,9.0,12.0,0.0,0.0
N374,155,1,0.00029437739181630853,94102.0,94102.0,1.0,0.0,39.0,1,1,1876,98419655:0:55741684,98419655,0,55741684,MiMi,94102.0,0.0,0.0,50.0,1.0,0.0,34.0,1.0,0.0,7.0,2.0,0.0,0.0
N375,114,1,0.00029437739181630853,93946.0,93946.0,0.0,0.0,1.0,1,1,1140,98488486:0:55714246,98488486,0,55714246,Crop Dusta,93946.0,0.0,0.0,13.0,37.0,0.0,18.0,0.0,0.0,5.0,2.0,0.0,0.0
N376,589,1,0.00029437739181630853,93904.0,93904.0,0.0,0.0,3.0,1,1,786,97927291:0:55616096,97927291,0,55616096,Subramanya N,93904.0,0.0,0.0,43.0,0.0,0.0,9.0,2.0,8.0,3.0,5.0,0.0,0.0
N377,634,1,0.00029437739181630853,93515.0,93515.0,0.0,0.0,3.0,1,1,692,97619251:1:55616096,97619251,1,55616096,Subramanya N,93515.0,0.0,0.0,35.0,0.0,0.0,16.0,2.0,0.0,12.0,7.0,0.0,0.0
N378,260,1,0.00029437739181630853,93413.0,93413.0,1.0,0.0,2.0,1,1,641,97281485:1:55614463,97281485,1,55614463,Ryo Hasegawa,93413.0,0.0,0.0,50.0,0.0,0.0,10.0,1.0,0.0,9.0,5.0,0.0,0.0
N379,381,1,0.00029437739181630853,93251.0,93251.0,1.0,0.0,5.0,1,1,108,94452650:1:55617399,94452650,1,55617399,Arman Tuganbaev,93251.0,0.0,0.0,35.0,24.0,0.0,4.0,0.0,0.0,4.0,8.0,0.0,0.0
N380,93,1,0.00029437739181630853,93126.0,93126.0,1.0,0.0,1.0,1,1,752,97740187:0:55714246,97740187,0,55714246,Crop Dusta,93126.0,0.0,0.0,0.0,38.0,17.0,9.0,0.0,2.0,7.0,0.0,0.0,2.0
N381,384,1,0.00029437739181630853,93015.0,93015.0,0.0,0.0,5.0,1,1,485,96241549:1:55617399,96241549,1,55617399,Arman Tuganbaev,93015.0,0.0,0.0,49.0,0.0,0.0,6.0,1.0,0.0,7.0,12.0,0.0,0.0
N382,379,1,0.00029437739181630853,92832.0,92832.0,0.0,0.0,5.0,1,1,586,96804727:0:55617399,96804727,0,55617399,Arman Tuganbaev,92832.0,0.0,0.0,48.0,12.0,0.0,0.0,0.0,0.0,11.0,4.0,0.0,0.0
N383,210,1,0.00029437739181630853,92721.0,92721.0,1.0,0.0,2.0,1,1,437,95769181:0:55614463,95769181,0,55614463,Ryo Hasegawa,92721.0,0.0,0.0,52.0,4.0,0.0,5.0,1.0,0.0,3.0,10.0,0.0,0.0
N384,174,1,0.00029437739181630853,92612.0,92612.0,0.0,0.0,39.0,1,1,2016,98518119:1:55741684,98518119,1,55741684,MiMi,92612.0,0.0,0.0,42.0,5.0,0.0,36.0,2.0,0.0,10.0,1.0,0.0,0.0
N385,267,1,0.00029437739181630853,92487.0,92487.0,0.0,0.0,2.0,1,1,959,98237418:0:55614463,98237418,0,55614463,Ryo Hasegawa,92487.0,0.0,0.0,53.0,0.0,0.0,5.0,2.0,0.0,5.0,10.0,0.0,0.0
N386,118,1,0.00029437739181630853,92432.0,92432.0,1.0,0.0,1.0,1,1,702,97639412:0:55714246,97639412,0,55714246,Crop Dusta,92432.0,0.0,0.0,1.0,31.0,16.0,14.0,0.0,0.0,2.0,11.0,0.0,0.0
N387,356,1,0.00029437739181630853,92091.0,92091.0,0.0,0.0,34.0,1,1,3324,99074100:0:55759101,99074100,0,55759101,Jiro314,92091.0,0.0,0.0,44.0,12.0,0.0,3.0,0.0,0.0,6.0,10.0,0.0,0.0
N388,397,1,0.00029437739181630853,91905.0,91905.0,0.0,0.0,5.0,1,1,915,98194009:0:55617399,98194009,0,55617399,Arman Tuganbaev,91905.0,0.0,0.0,49.0,0.0,0.0,14.0,0.0,0.0,4.0,8.0,0.0,0.0
N389,69,1,0.00029437739181630853,91836.0,91836.0,1.0,0.0,1.0,1,1,783,97927289:0:55714246,97927289,0,55714246,Crop Dusta,91836.0,0.0,0.0,23.0,28.0,0.0,13.0,0.0,1.0,8.0,2.0,0.0,0.0
N390,582,1,0.00029437739181630853,91823.0,91823.0,1.0,0.0,3.0,1,1,583,96804724:1:55616096,96804724,1,55616096,Subramanya N,91823.0,0.0,0.0,35.0,0.0,0.0,17.0,0.0,7.0,7.0,3.0,0.0,0.0
N391,380,1,0.00029437739181630853,91598.0,91598.0,0.0,0.0,5.0,1,1,409,95620892:0:55617399,95620892,0,55617399,Arman Tuganbaev,91598.0,0.0,0.0,33.0,24.0,0.0,1.0,0.0,0.0,9.0,8.0,0.0,0.0
N392,113,1,0.00029437739181630853,91328.0,91328.0,0.0,0.0,1.0,1,1,749,97733323:0:55714246,97733323,0,55714246,Crop Dusta,91328.0,0.0,0.0,4.0,49.0,0.0,13.0,0.0,0.0,7.0,2.0,0.0,0.0
N393,45,1,0.00029437739181630853,90889.0,90889.0,1.0,0.0,1.0,1,1,762,97751661:1:55714246,97751661,1,55714246,Crop Dusta,90889.0,0.0,0.0,53.0,0.0,0.0,4.0,0.0,0.0,5.0,12.0,0.0,1.0
N394,662,1,0.00029437739181630853,90840.0,90840.0,1.0,0.0,3.0,1,1,229,94506608:1:55616096,94506608,1,55616096,Subramanya N,90840.0,0.0,0.0,43.0,0.0,0.0,5.0,3.0,4.0,2.0,16.0,0.0,0.0
N395,67,1,0.00029437739181630853,90711.0,90711.0,0.0,0.0,1.0,1,1,1306,98782141:0:55714246,98782141,0,55714246,Crop Dusta,90711.0,0.0,0.0,19.0,29.0,0.0,16.0,1.0,0.0,7.0,3.0,0.0,0.0
N396,7,1,0.00029437739181630853,90609.0,90609.0,1.0,0.0,1.0,1,1,1304,98782140:1:55714246,98782140,1,55714246,Crop Dusta,90609.0,0.0,0.0,27.0,0.0,26.0,15.0,0.0,1.0,4.0,2.0,0.0,0.0
N397,237,1,0.00029437739181630853,90578.0,90578.0,1.0,0.0,2.0,1,1,450,95885539:1:55614463,95885539,1,55614463,Ryo Hasegawa,90578.0,0.0,0.0,26.0,18.0,0.0,17.0,1.0,0.0,11.0,2.0,0.0,0.0
N398,430,1,0.00029437739181630853,90483.0,90483.0,1.0,0.0,3.0,1,1,240,94533143:1:55616096,94533143,1,55616096,Subramanya N,90483.0,0.0,0.0,12.0,34.0,0.0,12.0,2.0,0.0,6.0,3.0,0.0,0.0
N399,473,1,0.00029437739181630853,90408.0,90408.0,1.0,0.0,3.0,1,1,100,94450122:0:55616096,94450122,0,55616096,Subramanya N,90408.0,0.0,0.0,19.0,8.0,7.0,26.0,0.0,2.0,2.0,6.0,0.0,0.0
N400,606,1,0.00029437739181630853,90382.0,90382.0,0.0,0.0,3.0,1,1,858,98139344:1:55616096,98139344,1,55616096,Subramanya N,90382.0,0.0,0.0,21.0,25.0,0.0,10.0,1.0,7.0,2.0,3.0,0.0,0.0
N401,63,1,0.00029437739181630853,90281.0,90281.0,1.0,0.0,1.0,1,1,700,97634848:0:55714246,97634848,0,55714246,Crop Dusta,90281.0,0.0,0.0,22.0,37.0,0.0,8.0,0.0,1.0,5.0,2.0,0.0,0.0
N402,214,1,0.00029437739181630853,90226.0,90226.0,1.0,0.0,2.0,1,1,197,94482951:0:55614463,94482951,0,55614463,Ryo Hasegawa,90226.0,0.0,0.0,27.0,20.0,8.0,7.0,1.0,0.0,3.0,9.0,0.0,0.0
N403,674,1,0.00029437739181630853,90185.0,90185.0,1.0,0.0,3.0,1,1,609,97078516:0:55616096,97078516,0,55616096,Subramanya N,90185.0,0.0,0.0,42.0,0.0,0.0,5.0,2.0,6.0,6.0,13.0,0.0,0.0
N404,233,1,0.00029437739181630853,90090.0,90090.0,1.0,0.0,2.0,1,1,667,97468613:1:55614463,97468613,1,55614463,Ryo Hasegawa,90090.0,0.0,0.0,40.0,16.0,3.0,6.0,1.0,0.0,7.0,2.0,0.0,0.0
N405,499,1,0.00029437739181630853,90044.0,90044.0,0.0,0.0,3.0,1,1,611,97078518:1:55616096,97078518,1,55616096,Subramanya N,90044.0,0.0,0.0,10.0,24.0,0.0,15.0,1.0,0.0,3.0,18.0,0.0,0.0
N406,37,1,0.00029437739181630853,90040.0,90040.0,1.0,0.0,1.0,1,1,740,97712727:1:55714246,97712727,1,55714246,Crop Dusta,90040.0,0.0,0.0,32.0,25.0,0.0,0.0,1.0,0.0,6.0,11.0,0.0,0.0
N407,314,1,0.00029437739181630853,89755.0,89755.0,1.0,0.0,2.0,1,1,12,94411234:1:55614463,94411234,1,55614463,Ryo Hasegawa,89755.0,0.0,0.0,44.0,3.0,10.0,7.0,1.0,0.0,8.0,2.0,0.0,0.0
N408,610,1,0.00029437739181630853,89735.0,89735.0,0.0,0.0,3.0,1,1,642,97281485:0:55616096,97281485,0,55616096,Subramanya N,89735.0,0.0,0.0,29.0,0.0,0.0,18.0,1.0,5.0,11.0,7.0,0.0,0.0
N409,480,1,0.00029437739181630853,89500.0,89500.0,0.0,0.0,3.0,1,1,306,94788001:1:55616096,94788001,1,55616096,Subramanya N,89500.0,0.0,0.0,34.0,0.0,0.0,23.0,0.0,0.0,13.0,2.0,0.0,0.0
N410,462,1,0.00029437739181630853,89351.0,89351.0,0.0,0.0,3.0,1,1,630,97204024:1:55616096,97204024,1,55616096,Subramanya N,89351.0,0.0,0.0,11.0,23.0,2.0,20.0,2.0,0.0,8.0,6.0,0.0,0.0
N411,13,1,0.00029437739181630853,89281.0,89281.0,1.0,0.0,1.0,1,1,1429,99003470:1:55714246,99003470,1,55714246,Crop Dusta,89281.0,0.0,0.0,0.0,35.0,17.0,15.0,0.0,0.0,5.0,3.0,0.0,0.0
N412,482,1,0.00029437739181630853,89247.0,89247.0,0.0,0.0,3.0,1,1,396,95547799:1:55616096,95547799,1,55616096,Subramanya N,89247.0,0.0,0.0,27.0,0.0,0.0,28.0,0.0,2.0,8.0,5.0,0.0,0.0
N413,231,1,0.00029437739181630853,89197.0,89197.0,1.0,0.0,2.0,1,1,565,96651842:1:55614463,96651842,1,55614463,Ryo Hasegawa,89197.0,0.0,0.0,53.0,0.0,2.0,6.0,1.0,0.0,7.0,6.0,0.0,0.0
N414,158,1,0.00029437739181630853,89150.0,89150.0,1.0,0.0,39.0,1,1,1922,98463075:1:55741684,98463075,1,55741684,MiMi,89150.0,0.0,0.0,56.0,3.0,0.0,21.0,1.0,0.0,9.0,2.0,0.0,0.0
N415,84,1,0.00029437739181630853,89078.0,89078.0,1.0,0.0,1.0,1,1,714,97666882:1:55714246,97666882,1,55714246,Crop Dusta,89078.0,0.0,0.0,32.0,0.0,19.0,6.0,1.0,0.0,5.0,12.0,0.0,0.0
N416,631,1,0.00029437739181630853,88882.0,88882.0,1.0,0.0,3.0,1,1,477,96152588:1:55616096,96152588,1,55616096,Subramanya N,88882.0,0.0,0.0,28.0,0.0,0.0,19.0,5.0,0.0,12.0,7.0,0.0,0.0
N417,382,1,0.00029437739181630853,88655.0,88655.0,0.0,0.0,5.0,1,1,402,95572923:1:55617399,95572923,1,55617399,Arman Tuganbaev,88655.0,0.0,0.0,49.0,0.0,12.0,1.0,0.0,0.0,5.0,8.0,0.0,0.0
N418,590,1,0.00029437739181630853,88579.0,88579.0,0.0,0.0,3.0,1,1,994,98353736:0:55616096,98353736,0,55616096,Subramanya N,88579.0,0.0,0.0,41.0,0.0,0.0,12.0,0.0,8.0,2.0,7.0,0.0,0.0
N419,675,1,0.00029437739181630853,88535.0,88535.0,0.0,0.0,3.0,1,1,789,97968291:0:55616096,97968291,0,55616096,Subramanya N,88535.0,0.0,0.0,42.0,0.0,0.0,4.0,2.0,0.0,4.0,18.0,0.0,0.0
N420,110,1,0.00029437739181630853,88473.0,88473.0,1.0,0.0,1.0,1,1,744,97721860:1:55714246,97721860,1,55714246,Crop Dusta,88473.0,0.0,0.0,0.0,64.0,0.0,3.0,1.0,0.0,5.0,2.0,0.0,0.0
N421,292,1,0.00029437739181630853,88232.0,88232.0,1.0,0.0,2.0,1,1,127,94457314:1:55614463,94457314,1,55614463,Ryo Hasegawa,88232.0,0.0,0.0,44.0,6.0,0.0,9.0,1.0,0.0,11.0,4.0,0.0,0.0
N422,242,1,0.00029437739181630853,87973.0,87973.0,1.0,0.0,2.0,1,1,266,94636233:0:55614463,94636233,0,55614463,Ryo Hasegawa,87973.0,0.0,0.0,41.0,11.0,0.0,9.0,1.0,0.0,11.0,2.0,0.0,0.0
N423,443,1,0.00029437739181630853,87914.0,87914.0,1.0,0.0,3.0,1,1,85,94445710:0:55616096,94445710,0,55616096,Subramanya N,87914.0,0.0,0.0,20.0,23.0,0.0,3.0,1.0,2.0,2.0,18.0,0.0,0.0
N424,575,1,0.00029437739181630853,87903.0,87903.0,1.0,0.0,3.0,1,1,518,96403344:0:55616096,96403344,0,55616096,Subramanya N,87903.0,0.0,0.0,14.0,32.0,0.0,11.0,1.0,0.0,9.0,2.0,0.0,0.0
N425,659,1,0.00029437739181630853,87796.0,87796.0,1.0,0.0,3.0,1,1,276,94676497:0:55616096,94676497,0,55616096,Subramanya N,87796.0,0.0,0.0,35.0,0.0,0.0,14.0,2.0,4.0,2.0,12.0,0.0,0.0
N426,364,1,0.00029437739181630853,87767.0,87767.0,0.0,0.0,5.0,1,1,421,95673344:0:55617399,95673344,0,55617399,Arman Tuganbaev,87767.0,0.0,0.0,51.0,0.0,0.0,7.0,0.0,0.0,7.0,10.0,0.0,0.0
N427,150,1,0.00029437739181630853,87744.0,87744.0,1.0,0.0,39.0,1,1,1900,98447014:1:55741684,98447014,1,55741684,MiMi,87744.0,0.0,0.0,52.0,5.0,0.0,25.0,0.0,0.0,6.0,5.0,0.0,0.0
N428,116,1,0.00029437739181630853,87233.0,87233.0,1.0,0.0,1.0,1,1,708,97653140:1:55714246,97653140,1,55714246,Crop Dusta,87233.0,0.0,0.0,13.0,30.0,0.0,20.0,1.0,3.0,2.0,6.0,0.0,0.0
N429,5,1,0.00029437739181630853,86984.0,86984.0,1.0,0.0,1.0,1,1,778,97897725:0:55714246,97897725,0,55714246,Crop Dusta,86984.0,0.0,0.0,26.0,8.0,16.0,18.0,0.0,2.0,3.0,2.0,0.0,0.0
N430,544,1,0.00029437739181630853,86877.0,86877.0,1.0,0.0,3.0,1,1,60,94437667:1:55616096,94437667,1,55616096,Subramanya N,86877.0,0.0,0.0,29.0,13.0,0.0,10.0,2.0,0.0,13.0,2.0,0.0,0.0
N431,536,1,0.00029437739181630853,86657.0,86657.0,1.0,0.0,3.0,1,1,37,94427983:0:55616096,94427983,0,55616096,Subramanya N,86657.0,0.0,0.0,17.0,37.0,0.0,5.0,2.0,0.0,3.0,7.0,0.0,0.0
N432,620,1,0.00029437739181630853,86646.0,86646.0,1.0,0.0,3.0,1,1,255,94577401:0:55616096,94577401,0,55616096,Subramanya N,86646.0,0.0,0.0,10.0,25.0,0.0,17.0,0.0,1.0,6.0,11.0,0.0,0.0
N433,6,1,0.00029437739181630853,86408.0,86408.0,1.0,0.0,1.0,1,1,771,97833838:0:55714246,97833838,0,55714246,Crop Dusta,86408.0,0.0,0.0,18.0,22.0,13.0,12.0,1.0,4.0,3.0,2.0,0.0,0.0
N434,151,1,0.00029437739181630853,86349.0,86349.0,1.0,0.0,39.0,1,1,1930,98467670:1:55741684,98467670,1,55741684,MiMi,86349.0,0.0,0.0,49.0,4.0,0.0,29.0,0.0,0.0,4.0,5.0,0.0,1.0
N435,182,1,0.00029437739181630853,86335.0,86335.0,0.0,0.0,39.0,1,1,1977,98495134:1:55741684,98495134,1,55741684,MiMi,86335.0,0.0,0.0,48.0,2.0,0.0,28.0,5.0,0.0,7.0,3.0,0.0,0.0
N436,228,1,0.00029437739181630853,86268.0,86268.0,0.0,0.0,2.0,1,1,210,94492617:1:55614463,94492617,1,55614463,Ryo Hasegawa,86268.0,0.0,0.0,44.0,7.0,0.0,12.0,2.0,0.0,5.0,5.0,0.0,0.0
N437,559,1,0.00029437739181630853,85998.0,85998.0,1.0,0.0,3.0,1,1,225,94502341:0:55616096,94502341,0,55616096,Subramanya N,85998.0,0.0,0.0,18.0,21.0,0.0,14.0,1.0,0.0,5.0,13.0,0.0,0.0
N438,527,1,0.00029437739181630853,85844.0,85844.0,1.0,0.0,3.0,1,1,148,94463387:1:55616096,94463387,1,55616096,Subramanya N,85844.0,0.0,0.0,14.0,17.0,17.0,5.0,1.0,0.0,3.0,13.0,0.0,0.0
N439,655,1,0.00029437739181630853,85759.0,85759.0,0.0,0.0,3.0,1,1,354,95118993:0:55616096,95118993,0,55616096,Subramanya N,85759.0,0.0,0.0,36.0,0.0,0.0,14.0,2.0,0.0,11.0,6.0,0.0,0.0
N440,579,1,0.00029437739181630853,85751.0,85751.0,1.0,0.0,3.0,1,1,440,95803408:1:55616096,95803408,1,55616096,Subramanya N,85751.0,0.0,0.0,37.0,0.0,0.0,13.0,3.0,8.0,3.0,2.0,3.0,0.0
N441,353,1,0.00029437739181630853,85660.0,85660.0,1.0,0.0,5.0,1,1,399,95550075:0:55617399,95550075,0,55617399,Arman Tuganbaev,85660.0,0.0,0.0,42.0,0.0,10.0,7.0,0.0,0.0,6.0,10.0,0.0,0.0
N442,578,1,0.00029437739181630853,85548.0,85548.0,0.0,0.0,3.0,1,1,383,95477256:1:55616096,95477256,1,55616096,Subramanya N,85548.0,0.0,0.0,3.0,33.0,0.0,21.0,0.0,4.0,5.0,3.0,0.0,0.0
N443,420,1,0.00029437739181630853,85484.0,85484.0,1.0,0.0,3.0,1,1,324,94879308:0:55616096,94879308,0,55616096,Subramanya N,85484.0,0.0,0.0,10.0,37.0,0.0,5.0,2.0,4.0,3.0,8.0,0.0,0.0
N444,406,1,0.00029437739181630853,85472.0,85472.0,0.0,0.0,5.0,1,1,1486,99115171:1:55617399,99115171,1,55617399,Arman Tuganbaev,85472.0,0.0,0.0,37.0,12.0,12.0,3.0,0.0,0.0,7.0,4.0,0.0,0.0
N445,132,1,0.00029437739181630853,85371.0,85371.0,1.0,0.0,39.0,1,1,1907,98451604:1:55741684,98451604,1,55741684,MiMi,85371.0,0.0,0.0,39.0,4.0,0.0,17.0,1.0,0.0,5.0,8.0,0.0,0.0
N446,187,1,0.00029437739181630853,85272.0,85272.0,0.0,0.0,39.0,1,1,3067,98996407:0:55741684,98996407,0,55741684,MiMi,85272.0,0.0,0.0,49.0,3.0,3.0,21.0,6.0,0.0,9.0,2.0,0.0,0.0
N447,372,1,0.00029437739181630853,85025.0,85025.0,1.0,0.0,5.0,1,1,505,96355383:1:55617399,96355383,1,55617399,Arman Tuganbaev,85025.0,0.0,0.0,54.0,0.0,0.0,7.0,1.0,0.0,10.0,3.0,0.0,0.0
N448,311,1,0.00029437739181630853,84928.0,84928.0,1.0,0.0,2.0,1,1,140,94460852:1:55614463,94460852,1,55614463,Ryo Hasegawa,84928.0,0.0,0.0,47.0,6.0,0.0,8.0,1.0,0.0,10.0,2.0,0.0,1.0
N449,75,1,0.00029437739181630853,84752.0,84752.0,1.0,0.0,1.0,1,1,747,97728739:0:55714246,97728739,0,55714246,Crop Dusta,84752.0,0.0,0.0,43.0,0.0,13.0,7.0,1.0,0.0,6.0,4.0,0.0,1.0
N450,152,1,0.00029437739181630853,84712.0,84712.0,1.0,0.0,39.0,1,1,2000,98508890:1:55741684,98508890,1,55741684,MiMi,84712.0,0.0,0.0,54.0,4.0,0.0,27.0,0.0,0.0,7.0,1.0,0.0,0.0
N451,596,1,0.00029437739181630853,84638.0,84638.0,0.0,0.0,3.0,1,1,1305,98782140:0:55616096,98782140,0,55616096,Subramanya N,84638.0,0.0,0.0,32.0,0.0,4.0,15.0,0.0,8.0,7.0,3.0,0.0,0.0
N452,163,1,0.00029437739181630853,84617.0,84617.0,1.0,0.0,39.0,1,1,2024,98522636:0:55741684,98522636,0,55741684,MiMi,84617.0,0.0,0.0,58.0,2.0,6.0,12.0,1.0,0.0,5.0,8.0,0.0,0.0
N453,106,1,0.00029437739181630853,84604.0,84604.0,1.0,0.0,1.0,1,1,998,98353840:1:55714246,98353840,1,55714246,Crop Dusta,84604.0,0.0,0.0,9.0,40.0,0.0,15.0,0.0,0.0,7.0,4.0,0.0,0.0
N454,253,1,0.00029437739181630853,84587.0,84587.0,1.0,0.0,2.0,1,1,98,94449352:1:55614463,94449352,1,55614463,Ryo Hasegawa,84587.0,0.0,0.0,40.0,12.0,1.0,13.0,1.0,0.0,5.0,2.0,0.0,1.0
N455,65,1,0.00029437739181630853,84561.0,84561.0,1.0,0.0,1.0,1,1,844,98125630:1:55714246,98125630,1,55714246,Crop Dusta,84561.0,0.0,0.0,16.0,43.0,0.0,4.0,2.0,1.0,7.0,2.0,0.0,0.0
N456,299,1,0.00029437739181630853,84526.0,84526.0,1.0,0.0,2.0,1,1,18,94415637:0:55614463,94415637,0,55614463,Ryo Hasegawa,84526.0,0.0,0.0,42.0,11.0,0.0,8.0,1.0,0.0,3.0,10.0,0.0,0.0
N457,543,1,0.00029437739181630853,84346.0,84346.0,0.0,0.0,3.0,1,1,390,95522815:1:55616096,95522815,1,55616096,Subramanya N,84346.0,0.0,0.0,22.0,18.0,0.0,13.0,0.0,0.0,15.0,2.0,0.0,0.0
N458,628,1,0.00029437739181630853,84341.0,84341.0,1.0,0.0,3.0,1,1,433,95769176:0:55616096,95769176,0,55616096,Subramanya N,84341.0,0.0,0.0,44.0,0.0,0.0,14.0,0.0,0.0,7.0,6.0,0.0,0.0
N459,652,1,0.00029437739181630853,84275.0,84275.0,1.0,0.0,3.0,1,1,1337,98852916:1:55616096,98852916,1,55616096,Subramanya N,84275.0,0.0,0.0,34.0,0.0,0.0,17.0,2.0,0.0,6.0,11.0,0.0,0.0
N460,333,1,0.00029437739181630853,84223.0,84223.0,1.0,0.0,2.0,1,1,454,95885546:1:55614463,95885546,1,55614463,Ryo Hasegawa,84223.0,0.0,0.0,19.0,28.0,12.0,4.0,1.0,0.0,9.0,2.0,0.0,0.0
N461,522,1,0.00029437739181630853,84124.0,84124.0,0.0,0.0,3.0,1,1,187,94479353:0:55616096,94479353,0,55616096,Subramanya N,84124.0,0.0,0.0,8.0,36.0,5.0,12.0,2.0,0.0,3.0,3.0,0.0,0.0
N462,12,1,0.00029437739181630853,83932.0,83932.0,1.0,0.0,1.0,1,1,1169,98563777:1:55714246,98563777,1,55714246,Crop Dusta,83932.0,0.0,0.0,0.0,22.0,21.0,20.0,1.0,1.0,8.0,2.0,0.0,0.0
N463,601,1,0.00029437739181630853,83922.0,83922.0,0.0,0.0,3.0,1,1,1387,98951021:1:55616096,98951021,1,55616096,Subramanya N,83922.0,0.0,0.0,20.0,30.0,0.0,6.0,1.0,1.0,8.0,3.0,0.0,0.0
N464,119,1,0.00029437739181630853,83759.0,83759.0,1.0,0.0,1.0,1,1,707,97650852:1:55714246,97650852,1,55714246,Crop Dusta,83759.0,0.0,0.0,0.0,43.0,0.0,16.0,0.0,0.0,5.0,11.0,0.0,0.0
N465,442,1,0.00029437739181630853,83690.0,83690.0,1.0,0.0,3.0,1,1,43,94430613:1:55616096,94430613,1,55616096,Subramanya N,83690.0,0.0,0.0,42.0,0.0,0.0,6.0,2.0,0.0,6.0,13.0,0.0,0.0
N466,598,1,0.00029437739181630853,83663.0,83663.0,0.0,0.0,3.0,1,1,566,96651842:0:55616096,96651842,0,55616096,Subramanya N,83663.0,0.0,0.0,32.0,14.0,0.0,8.0,3.0,0.0,4.0,8.0,0.0,0.0
N467,166,1,0.00029437739181630853,83626.0,83626.0,1.0,0.0,39.0,1,1,3387,99110669:0:55741684,99110669,0,55741684,MiMi,83626.0,0.0,0.0,46.0,5.0,0.0,24.0,4.0,0.0,9.0,5.0,0.0,0.0
N468,234,1,0.00029437739181630853,83566.0,83566.0,1.0,0.0,2.0,1,1,20,94417414:1:55614463,94417414,1,55614463,Ryo Hasegawa,83566.0,0.0,0.0,28.0,22.0,0.0,12.0,1.0,0.0,9.0,3.0,0.0,0.0
N469,154,1,0.00029437739181630853,83305.0,83305.0,1.0,0.0,39.0,1,1,1985,98499716:0:55741684,98499716,0,55741684,MiMi,83305.0,0.0,0.0,48.0,3.0,0.0,37.0,0.0,0.0,7.0,1.0,0.0,0.0
N470,304,1,0.00029437739181630853,83032.0,83032.0,0.0,0.0,2.0,1,1,1321,98816346:1:55614463,98816346,1,55614463,Ryo Hasegawa,83032.0,0.0,0.0,50.0,12.0,0.0,0.0,1.0,0.0,6.0,6.0,0.0,0.0
N471,538,1,0.00029437739181630853,83012.0,83012.0,1.0,0.0,3.0,1,1,492,96275740:1:55616096,96275740,1,55616096,Subramanya N,83012.0,0.0,0.0,21.0,30.0,0.0,5.0,2.0,0.0,2.0,9.0,0.0,0.0
N472,573,1,0.00029437739181630853,82949.0,82949.0,0.0,0.0,3.0,1,1,512,96378272:0:55616096,96378272,0,55616096,Subramanya N,82949.0,0.0,0.0,4.0,35.0,0.0,16.0,2.0,0.0,10.0,2.0,0.0,0.0
N473,122,1,0.00029437739181630853,82913.0,82913.0,1.0,0.0,1.0,1,1,987,98292226:1:55714246,98292226,1,55714246,Crop Dusta,82913.0,0.0,0.0,11.0,34.0,0.0,12.0,1.0,1.0,4.0,12.0,0.0,0.0
N474,62,1,0.00029437739181630853,82637.0,82637.0,1.0,0.0,1.0,1,1,694,97621163:1:55714246,97621163,1,55714246,Crop Dusta,82637.0,0.0,0.0,21.0,34.0,0.0,10.0,0.0,0.0,7.0,3.0,0.0,0.0
N475,551,1,0.00029437739181630853,82600.0,82600.0,0.0,0.0,3.0,1,1,628,97181126:0:55616096,97181126,0,55616096,Subramanya N,82600.0,0.0,0.0,35.0,0.0,8.0,14.0,2.0,0.0,9.0,2.0,0.0,0.0
N476,172,1,0.00029437739181630853,82460.0,82460.0,0.0,0.0,39.0,1,1,2821,98916766:1:55741684,98916766,1,55741684,MiMi,82460.0,0.0,0.0,53.0,0.0,1.0,27.0,1.0,0.0,10.0,1.0,0.0,0.0
N477,127,1,0.00029437739181630853,82454.0,82454.0,1.0,0.0,39.0,1,1,2465,98754850:1:55741684,98754850,1,55741684,MiMi,82454.0,0.0,0.0,46.0,3.0,2.0,6.0,0.0,0.0,10.0,8.0,0.0,0.0
N478,239,1,0.00029437739181630853,82436.0,82436.0,0.0,0.0,2.0,1,1,1487,99115180:0:55614463,99115180,0,55614463,Ryo Hasegawa,82436.0,0.0,0.0,42.0,12.0,0.0,11.0,0.0,0.0,8.0,2.0,0.0,0.0
N479,597,1,0.00029437739181630853,82354.0,82354.0,1.0,0.0,3.0,1,1,449,95885537:0:55616096,95885537,0,55616096,Subramanya N,82354.0,0.0,0.0,35.0,0.0,0.0,11.0,0.0,8.0,2.0,15.0,0.0,0.0
N480,605,1,0.00029437739181630853,82328.0,82328.0,0.0,0.0,3.0,1,1,114,94453680:0:55616096,94453680,0,55616096,Subramanya N,82328.0,0.0,0.0,18.0,26.0,0.0,12.0,0.0,1.0,12.0,3.0,0.0,0.0
N481,105,1,0.00029437739181630853,82222.0,82222.0,1.0,0.0,1.0,1,1,746,97726450:0:55714246,97726450,0,55714246,Crop Dusta,82222.0,0.0,0.0,14.0,43.0,0.0,5.0,0.0,3.0,7.0,3.0,0.0,0.0
N482,602,1,0.00029437739181630853,82157.0,82157.0,0.0,0.0,3.0,1,1,572,96688354:0:55616096,96688354,0,55616096,Subramanya N,82157.0,0.0,0.0,33.0,18.0,4.0,6.0,0.0,3.0,3.0,2.0,0.0,0.0
N483,225,1,0.00029437739181630853,81893.0,81893.0,1.0,0.0,2.0,1,1,768,97817863:0:55614463,97817863,0,55614463,Ryo Hasegawa,81893.0,0.0,0.0,54.0,0.0,0.0,10.0,2.0,0.0,7.0,2.0,0.0,0.0
N484,451,1,0.00029437739181630853,81885.0,81885.0,1.0,0.0,3.0,1,1,616,97115104:0:55616096,97115104,0,55616096,Subramanya N,81885.0,0.0,0.0,41.0,0.0,0.0,9.0,1.0,3.0,7.0,7.0,0.0,0.0
N485,542,1,0.00029437739181630853,81807.0,81807.0,0.0,0.0,3.0,1,1,254,94570262:1:55616096,94570262,1,55616096,Subramanya N,81807.0,0.0,0.0,22.0,21.0,0.0,13.0,0.0,0.0,7.0,6.0,0.0,0.0
N486,240,1,0.00029437739181630853,81740.0,81740.0,1.0,0.0,2.0,1,1,8,94407724:1:55614463,94407724,1,55614463,Ryo Hasegawa,81740.0,0.0,0.0,42.0,11.0,0.0,8.0,1.0,0.0,8.0,3.0,0.0,2.0
N487,502,1,0.00029437739181630853,81693.0,81693.0,1.0,0.0,3.0,1,1,156,94466096:1:55616096,94466096,1,55616096,Subramanya N,81693.0,0.0,0.0,27.0,16.0,0.0,8.0,1.0,0.0,4.0,12.0,1.0,0.0
N488,277,1,0.00029437739181630853,81574.0,81574.0,1.0,0.0,2.0,1,1,236,94524399:0:55614463,94524399,0,55614463,Ryo Hasegawa,81574.0,0.0,0.0,48.0,5.0,0.0,10.0,1.0,0.0,6.0,5.0,0.0,0.0
N489,552,1,0.00029437739181630853,81529.0,81529.0,0.0,0.0,3.0,1,1,678,97569028:1:55616096,97569028,1,55616096,Subramanya N,81529.0,0.0,0.0,16.0,26.0,0.0,15.0,2.0,0.0,7.0,3.0,0.0,0.0
N490,100,1,0.00029437739181630853,81447.0,81447.0,1.0,0.0,1.0,1,1,742,97717285:0:55714246,97717285,0,55714246,Crop Dusta,81447.0,0.0,0.0,19.0,42.0,0.0,7.0,0.0,0.0,5.0,2.0,0.0,0.0
N491,424,1,0.00029437739181630853,81059.0,81059.0,1.0,0.0,3.0,1,1,136,94459848:0:55616096,94459848,0,55616096,Subramanya N,81059.0,0.0,0.0,7.0,36.0,0.0,5.0,2.0,0.0,10.0,12.0,0.0,0.0
N492,148,1,0.00029437739181630853,80965.0,80965.0,1.0,0.0,39.0,1,1,1899,98444936:1:55741684,98444936,1,55741684,MiMi,80965.0,0.0,0.0,47.0,8.0,0.0,31.0,0.0,0.0,7.0,3.0,0.0,0.0
N493,203,1,0.00029437739181630853,80780.0,80780.0,1.0,0.0,2.0,1,1,104,94451134:0:55614463,94451134,0,55614463,Ryo Hasegawa,80780.0,0.0,0.0,43.0,12.0,3.0,2.0,1.0,0.0,5.0,9.0,0.0,0.0
N494,109,1,0.00029437739181630853,80764.0,80764.0,1.0,0.0,1.0,1,1,734,97698983:1:55714246,97698983,1,55714246,Crop Dusta,80764.0,0.0,0.0,13.0,43.0,0.0,10.0,2.0,0.0,5.0,2.0,0.0,0.0
N495,457,1,0.00029437739181630853,80653.0,80653.0,1.0,0.0,3.0,1,1,358,95166877:0:55616096,95166877,0,55616096,Subramanya N,80653.0,0.0,0.0,42.0,0.0,0.0,10.0,0.0,6.0,5.0,7.0,0.0,0.0
N496,554,1,0.00029437739181630853,80339.0,80339.0,1.0,0.0,3.0,1,1,521,96430637:0:55616096,96430637,0,55616096,Subramanya N,80339.0,0.0,0.0,6.0,37.0,0.0,14.0,1.0,0.0,9.0,2.0,0.0,0.0
N497,378,1,0.00029437739181630853,80270.0,80270.0,0.0,0.0,5.0,1,1,451,95885539:0:55617399,95885539,0,55617399,Arman Tuganbaev,80270.0,0.0,0.0,36.0,24.0,0.0,1.0,0.0,0.0,11.0,3.0,0.0,0.0
N498,212,1,0.00029437739181630853,80120.0,80120.0,1.0,0.0,2.0,1,1,333,94924927:0:55614463,94924927,0,55614463,Ryo Hasegawa,80120.0,0.0,0.0,29.0,23.0,0.0,9.0,1.0,0.0,4.0,9.0,0.0,0.0
N499,104,1,0.00029437739181630853,79803.0,79803.0,1.0,0.0,1.0,1,1,823,98091511:0:55714246,98091511,0,55714246,Crop Dusta,79803.0,0.0,0.0,13.0,46.0,0.0,3.0,0.0,4.0,7.0,2.0,0.0,0.0
N500,585,1,0.00029437739181630853,79797.0,79797.0,0.0,0.0,3.0,1,1,570,96688350:1:55616096,96688350,1,55616096,Subramanya N,79797.0,0.0,0.0,35.0,0.0,0.0,19.0,2.0,7.0,3.0,3.0,0.0,0.0
N501,500,1,0.00029437739181630853,79658.0,79658.0,0.0,0.0,3.0,1,1,538,96515067:0:55616096,96515067,0,55616096,Subramanya N,79658.0,0.0,0.0,8.0,27.0,0.0,15.0,0.0,0.0,6.0,13.0,0.0,0.0
N502,224,1,0.00029437739181630853,79633.0,79633.0,1.0,0.0,2.0,1,1,373,95381518:1:55614463,95381518,1,55614463,Ryo Hasegawa,79633.0,0.0,0.0,43.0,4.0,3.0,15.0,0.0,0.0,8.0,2.0,0.0,0.0
N503,393,1,0.00029437739181630853,79578.0,79578.0,0.0,0.0,5.0,1,1,1192,98618475:0:55617399,98618475,0,55617399,Arman Tuganbaev,79578.0,0.0,0.0,37.0,24.0,0.0,3.0,1.0,0.0,7.0,3.0,0.0,0.0
N504,345,1,0.00029437739181630853,79531.0,79531.0,1.0,0.0,5.0,1,1,315,94824461:1:55617399,94824461,1,55617399,Arman Tuganbaev,79531.0,0.0,0.0,26.0,24.0,12.0,0.0,0.0,1.0,8.0,4.0,0.0,0.0
N505,159,1,0.00029437739181630853,79530.0,79530.0,1.0,0.0,39.0,1,1,1945,98476818:0:55741684,98476818,0,55741684,MiMi,79530.0,0.0,0.0,57.0,5.0,0.0,16.0,1.0,0.0,10.0,2.0,0.0,0.0
N506,328,1,0.00029437739181630853,79529.0,79529.0,0.0,0.0,2.0,1,1,1352,98898510:1:55614463,98898510,1,55614463,Ryo Hasegawa,79529.0,0.0,0.0,44.0,16.0,0.0,4.0,1.0,0.0,4.0,6.0,0.0,0.0
N507,331,1,0.00029437739181630853,79517.0,79517.0,0.0,0.0,2.0,1,1,520,96430637:1:55614463,96430637,1,55614463,Ryo Hasegawa,79517.0,0.0,0.0,29.0,21.0,0.0,11.0,1.0,0.0,11.0,2.0,0.0,0.0
N508,466,1,0.00029437739181630853,79437.0,79437.0,0.0,0.0,3.0,1,1,183,94477587:0:55616096,94477587,0,55616096,Subramanya N,79437.0,0.0,0.0,4.0,24.0,0.0,26.0,1.0,0.0,11.0,3.0,0.0,0.0
N509,503,1,0.00029437739181630853,79323.0,79323.0,1.0,0.0,3.0,1,1,341,95020795:0:55616096,95020795,0,55616096,Subramanya N,79323.0,0.0,0.0,5.0,33.0,4.0,10.0,2.0,0.0,2.0,13.0,0.0,0.0
N510,587,1,0.00029437739181630853,79322.0,79322.0,0.0,0.0,3.0,1,1,112,94452984:1:55616096,94452984,1,55616096,Subramanya N,79322.0,0.0,0.0,35.0,0.0,0.0,16.0,0.0,7.0,9.0,3.0,0.0,0.0
N511,433,1,0.00029437739181630853,79305.0,79305.0,0.0,0.0,3.0,1,1,784,97927289:1:55616096,97927289,1,55616096,Subramanya N,79305.0,0.0,0.0,15.0,26.0,0.0,8.0,0.0,6.0,12.0,6.0,0.0,0.0
N512,520,1,0.00029437739181630853,79305.0,79305.0,1.0,0.0,3.0,1,1,524,96430641:1:55616096,96430641,1,55616096,Subramanya N,79305.0,0.0,0.0,37.0,11.0,0.0,1.0,2.0,0.0,10.0,8.0,0.0,0.0
N513,336,1,0.00029437739181630853,79185.0,79185.0,0.0,0.0,5.0,1,1,666,97466313:1:55617399,97466313,1,55617399,Arman Tuganbaev,79185.0,0.0,0.0,45.0,23.0,10.0,2.0,0.0,0.0,7.0,13.0,0.0,0.0
N514,574,1,0.00029437739181630853,78920.0,78920.0,0.0,0.0,3.0,1,1,999,98353840:0:55616096,98353840,0,55616096,Subramanya N,78920.0,0.0,0.0,2.0,42.0,0.0,15.0,0.0,0.0,8.0,2.0,0.0,0.0
N515,220,1,0.00029437739181630853,78822.0,78822.0,1.0,0.0,2.0,1,1,351,95116716:1:55614463,95116716,1,55614463,Ryo Hasegawa,78822.0,0.0,0.0,35.0,11.0,0.0,16.0,1.0,0.0,10.0,2.0,0.0,0.0
N516,558,1,0.00029437739181630853,78797.0,78797.0,1.0,0.0,3.0,1,1,160,94467866:1:55616096,94467866,1,55616096,Subramanya N,78797.0,0.0,0.0,11.0,32.0,0.0,15.0,2.0,0.0,6.0,3.0,0.0,0.0
N517,555,1,0.00029437739181630853,78792.0,78792.0,0.0,0.0,3.0,1,1,722,97678542:1:55616096,97678542,1,55616096,Subramanya N,78792.0,0.0,0.0,17.0,27.0,0.0,10.0,1.0,0.0,6.0,10.0,0.0,0.0
N518,190,1,0.00029437739181630853,78775.0,78775.0,1.0,0.0,39.0,1,1,3040,98987331:1:55741684,98987331,1,55741684,MiMi,78775.0,0.0,0.0,56.0,2.0,0.0,16.0,5.0,0.0,10.0,2.0,0.0,0.0
N519,173,1,0.00029437739181630853,78739.0,78739.0,1.0,0.0,39.0,1,1,2028,98524933:1:55741684,98524933,1,55741684,MiMi,78739.0,0.0,0.0,51.0,4.0,6.0,24.0,0.0,0.0,7.0,2.0,0.0,0.0
N520,332,1,0.00029437739181630853,78123.0,78123.0,1.0,0.0,2.0,1,1,542,96542359:1:55614463,96542359,1,55614463,Ryo Hasegawa,78123.0,0.0,0.0,26.0,26.0,0.0,12.0,1.0,0.0,8.0,2.0,0.0,0.0
N521,213,1,0.00029437739181630853,77546.0,77546.0,1.0,0.0,2.0,1,1,535,96515064:0:55614463,96515064,0,55614463,Ryo Hasegawa,77546.0,0.0,0.0,35.0,22.0,0.0,4.0,1.0,0.0,3.0,9.0,0.0,1.0
N522,441,1,0.00029437739181630853,77373.0,77373.0,1.0,0.0,3.0,1,1,177,94474929:0:55616096,94474929,0,55616096,Subramanya N,77373.0,0.0,0.0,43.0,0.0,0.0,4.0,0.0,0.0,8.0,14.0,0.0,0.0
N523,583,1,0.00029437739181630853,77286.0,77286.0,0.0,0.0,3.0,1,1,769,97817863:1:55616096,97817863,1,55616096,Subramanya N,77286.0,0.0,0.0,35.0,3.0,2.0,19.0,2.0,2.0,3.0,3.0,0.0,0.0
N524,453,1,0.00029437739181630853,77269.0,77269.0,0.0,0.0,3.0,1,1,797,98004786:0:55616096,98004786,0,55616096,Subramanya N,77269.0,0.0,0.0,33.0,0.0,0.0,18.0,2.0,4.0,4.0,8.0,0.0,0.0
N525,547,1,0.00029437739181630853,77172.0,77172.0,1.0,0.0,3.0,1,1,563,96651836:0:55616096,96651836,0,55616096,Subramanya N,77172.0,0.0,0.0,18.0,26.0,0.0,15.0,2.0,0.0,6.0,2.0,0.0,0.0
N526,321,1,0.00029437739181630853,76997.0,76997.0,1.0,0.0,2.0,1,1,16,94413859:1:55614463,94413859,1,55614463,Ryo Hasegawa,76997.0,0.0,0.0,33.0,16.0,10.0,3.0,1.0,0.0,7.0,5.0,0.0,0.0
N527,673,1,0.00029437739181630853,76971.0,76971.0,1.0,0.0,3.0,1,1,259,94614471:0:55616096,94614471,0,55616096,Subramanya N,76971.0,0.0,0.0,40.0,0.0,0.0,8.0,0.0,5.0,5.0,11.0,0.0,0.0
N528,445,1,0.00029437739181630853,76921.0,76921.0,1.0,0.0,3.0,1,1,522,96430638:0:55616096,96430638,0,55616096,Subramanya N,76921.0,0.0,0.0,20.0,27.0,0.0,3.0,2.0,0.0,4.0,14.0,0.0,0.0
N529,537,1,0.00029437739181630853,76814.0,76814.0,0.0,0.0,3.0,1,1,534,96487658:1:55616096,96487658,1,55616096,Subramanya N,76814.0,0.0,0.0,20.0,25.0,0.0,5.0,0.0,2.0,3.0,14.0,0.0,0.0
N530,526,1,0.00029437739181630853,76780.0,76780.0,1.0,0.0,3.0,1,1,407,95604820:0:55616096,95604820,0,55616096,Subramanya N,76780.0,0.0,0.0,7.0,38.0,0.0,11.0,2.0,0.0,3.0,8.0,0.0,0.0
N531,455,1,0.00029437739181630853,76747.0,76747.0,0.0,0.0,3.0,1,1,168,94471389:0:55616096,94471389,0,55616096,Subramanya N,76747.0,0.0,0.0,33.0,0.0,3.0,16.0,2.0,6.0,6.0,3.0,0.0,0.0
N532,514,1,0.00029437739181630853,76722.0,76722.0,1.0,0.0,3.0,1,1,41,94429736:1:55616096,94429736,1,55616096,Subramanya N,76722.0,0.0,0.0,26.0,0.0,0.0,26.0,2.0,0.0,3.0,12.0,0.0,0.0
N533,546,1,0.00029437739181630853,76698.0,76698.0,0.0,0.0,3.0,1,1,553,96594838:1:55616096,96594838,1,55616096,Subramanya N,76698.0,0.0,0.0,12.0,26.0,0.0,17.0,2.0,0.0,10.0,2.0,0.0,0.0
N534,603,1,0.00029437739181630853,76643.0,76643.0,1.0,0.0,3.0,1,1,282,94693301:1:55616096,94693301,1,55616096,Subramanya N,76643.0,0.0,0.0,16.0,28.0,4.0,10.0,1.0,2.0,3.0,6.0,0.0,0.0
N535,216,1,0.00029437739181630853,76603.0,76603.0,1.0,0.0,2.0,1,1,1465,99058160:0:55614463,99058160,0,55614463,Ryo Hasegawa,76603.0,0.0,0.0,39.0,17.0,0.0,11.0,1.0,0.0,5.0,2.0,0.0,0.0
N536,4,1,0.00029437739181630853,76323.0,76323.0,1.0,0.0,1.0,1,1,711,97659997:1:55714246,97659997,1,55714246,Crop Dusta,76323.0,0.0,0.0,35.0,2.0,17.0,14.0,0.0,3.0,2.0,2.0,0.0,0.0
N537,521,1,0.00029437739181630853,76088.0,76088.0,1.0,0.0,3.0,1,1,760,97747119:0:55616096,97747119,0,55616096,Subramanya N,76088.0,0.0,0.0,19.0,27.0,0.0,7.0,1.0,0.0,6.0,9.0,0.0,0.0
N538,593,1,0.00029437739181630853,76064.0,76064.0,1.0,0.0,3.0,1,1,297,94738602:0:55616096,94738602,0,55616096,Subramanya N,76064.0,0.0,0.0,42.0,0.0,1.0,13.0,1.0,7.0,2.0,3.0,0.0,0.0
N539,171,1,0.00029437739181630853,75967.0,75967.0,0.0,0.0,39.0,1,1,2044,98534070:1:55741684,98534070,1,55741684,MiMi,75967.0,0.0,0.0,49.0,1.0,4.0,30.0,2.0,0.0,8.0,2.0,0.0,0.0
N540,218,1,0.00029437739181630853,75890.0,75890.0,0.0,0.0,2.0,1,1,321,94854174:0:55614463,94854174,0,55614463,Ryo Hasegawa,75890.0,0.0,0.0,38.0,13.0,0.0,11.0,2.0,0.0,6.0,5.0,0.0,0.0
N541,411,1,0.00029437739181630853,75825.0,75825.0,1.0,0.0,3.0,1,1,313,94801751:0:55616096,94801751,0,55616096,Subramanya N,75825.0,0.0,0.0,38.0,0.0,9.0,4.0,1.0,4.0,11.0,2.0,0.0,0.0
N542,525,1,0.00029437739181630853,75702.0,75702.0,0.0,0.0,3.0,1,1,365,95267395:0:55616096,95267395,0,55616096,Subramanya N,75702.0,0.0,0.0,14.0,32.0,4.0,8.0,0.0,0.0,4.0,10.0,0.0,0.0
N543,115,1,0.00029437739181630853,75648.0,75648.0,1.0,0.0,1.0,1,1,701,97637134:0:55714246,97637134,0,55714246,Crop Dusta,75648.0,0.0,0.0,8.0,47.0,0.0,12.0,1.0,3.0,2.0,2.0,0.0,0.0
N544,456,1,0.00029437739181630853,75555.0,75555.0,0.0,0.0,3.0,1,1,575,96718072:0:55616096,96718072,0,55616096,Subramanya N,75555.0,0.0,0.0,34.0,0.0,0.0,17.0,0.0,7.0,8.0,3.0,0.0,0.0
N545,422,1,0.00029437739181630853,75370.0,75370.0,1.0,0.0,3.0,1,1,595,96925727:1:55616096,96925727,1,55616096,Subramanya N,75370.0,0.0,0.0,14.0,38.0,0.0,0.0,1.0,6.0,4.0,9.0,0.0,0.0
N546,534,1,0.00029437739181630853,75298.0,75298.0,1.0,0.0,3.0,1,1,145,94462531:1:55616096,94462531,1,55616096,Subramanya N,75298.0,0.0,0.0,15.0,32.0,0.0,8.0,0.0,2.0,2.0,12.0,0.0,0.0
N547,300,1,0.00029437739181630853,75125.0,75125.0,1.0,0.0,2.0,1,1,26,94422746:1:55614463,94422746,1,55614463,Ryo Hasegawa,75125.0,0.0,0.0,47.0,12.0,0.0,1.0,1.0,0.0,5.0,9.0,0.0,0.0
N548,167,1,0.00029437739181630853,75122.0,75122.0,1.0,0.0,39.0,1,1,1993,98504309:0:55741684,98504309,0,55741684,MiMi,75122.0,0.0,0.0,43.0,4.0,0.0,36.0,3.0,0.0,7.0,3.0,0.0,0.0
N549,626,1,0.00029437739181630853,75118.0,75118.0,1.0,0.0,3.0,1,1,482,96198251:0:55616096,96198251,0,55616096,Subramanya N,75118.0,0.0,0.0,27.0,10.0,0.0,16.0,2.0,7.0,5.0,2.0,0.0,0.0
N550,540,1,0.00029437739181630853,75097.0,75097.0,0.0,0.0,3.0,1,1,386,95502272:1:55616096,95502272,1,55616096,Subramanya N,75097.0,0.0,0.0,18.0,22.0,0.0,15.0,0.0,1.0,8.0,5.0,0.0,0.0
N551,128,1,0.00029437739181630853,75019.0,75019.0,1.0,0.0,39.0,1,1,2181,98618461:1:55741684,98618461,1,55741684,MiMi,75019.0,0.0,0.0,47.0,1.0,7.0,5.0,2.0,0.0,5.0,6.0,0.0,0.0
N552,316,1,0.00029437739181630853,74909.0,74909.0,1.0,0.0,2.0,1,1,51,94433411:1:55614463,94433411,1,55614463,Ryo Hasegawa,74909.0,0.0,0.0,49.0,8.0,3.0,2.0,1.0,0.0,7.0,5.0,0.0,0.0
N553,506,1,0.00029437739181630853,74774.0,74774.0,1.0,0.0,3.0,1,1,262,94621064:1:55616096,94621064,1,55616096,Subramanya N,74774.0,0.0,0.0,6.0,30.0,0.0,18.0,2.0,0.0,3.0,10.0,0.0,0.0
N554,288,1,0.00029437739181630853,74712.0,74712.0,0.0,0.0,2.0,1,1,661,97422923:1:55614463,97422923,1,55614463,Ryo Hasegawa,74712.0,0.0,0.0,46.0,0.0,0.0,15.0,0.0,0.0,8.0,6.0,0.0,0.0
N555,560,1,0.00029437739181630853,74617.0,74617.0,1.0,0.0,3.0,1,1,290,94716811:1:55616096,94716811,1,55616096,Subramanya N,74617.0,0.0,0.0,8.0,31.0,0.0,17.0,0.0,2.0,6.0,6.0,0.0,0.0
N556,268,1,0.00029437739181630853,74502.0,74502.0,1.0,0.0,2.0,1,1,356,95164612:1:55614463,95164612,1,55614463,Ryo Hasegawa,74502.0,0.0,0.0,47.0,10.0,0.0,6.0,1.0,0.0,5.0,6.0,0.0,0.0
N557,586,1,0.00029437739181630853,74409.0,74409.0,1.0,0.0,3.0,1,1,624,97151460:0:55616096,97151460,0,55616096,Subramanya N,74409.0,0.0,0.0,31.0,0.0,0.0,18.0,3.0,11.0,3.0,3.0,0.0,0.0
N558,432,1,0.00029437739181630853,74346.0,74346.0,0.0,0.0,3.0,1,1,192,94481907:1:55616096,94481907,1,55616096,Subramanya N,74346.0,0.0,0.0,20.0,20.0,0.0,14.0,0.0,4.0,7.0,4.0,0.0,0.0
N559,91,1,0.00029437739181630853,74137.0,74137.0,1.0,0.0,1.0,1,1,880,98159907:1:55714246,98159907,1,55714246,Crop Dusta,74137.0,0.0,0.0,16.0,40.0,0.0,0.0,1.0,0.0,5.0,13.0,0.0,0.0
N560,117,1,0.00029437739181630853,73975.0,73975.0,1.0,0.0,1.0,1,1,1347,98898505:1:55714246,98898505,1,55714246,Crop Dusta,73975.0,0.0,0.0,15.0,41.0,0.0,8.0,0.0,5.0,3.0,3.0,0.0,0.0
N561,570,1,0.00029437739181630853,73824.0,73824.0,1.0,0.0,3.0,1,1,452,95885543:1:55616096,95885543,1,55616096,Subramanya N,73824.0,0.0,0.0,12.0,31.0,0.0,15.0,0.0,7.0,4.0,2.0,0.0,0.0
N562,10,1,0.00029437739181630853,73661.0,73661.0,1.0,0.0,1.0,1,1,704,97643977:1:55714246,97643977,1,55714246,Crop Dusta,73661.0,0.0,0.0,18.0,23.0,14.0,12.0,1.0,0.0,5.0,2.0,0.0,0.0
N563,427,1,0.00029437739181630853,73419.0,73419.0,1.0,0.0,3.0,1,1,496,96303082:0:55616096,96303082,0,55616096,Subramanya N,73419.0,0.0,0.0,9.0,35.0,0.0,10.0,2.0,0.0,11.0,2.0,0.0,0.0
N564,594,1,0.00029437739181630853,73329.0,73329.0,1.0,0.0,3.0,1,1,185,94478464:1:55616096,94478464,1,55616096,Subramanya N,73329.0,0.0,0.0,31.0,13.0,0.0,12.0,0.0,8.0,2.0,3.0,0.0,0.0
N565,562,1,0.00029437739181630853,73090.0,73090.0,0.0,0.0,3.0,1,1,1285,98738900:0:55616096,98738900,0,55616096,Subramanya N,73090.0,0.0,0.0,12.0,31.0,0.0,15.0,2.0,1.0,5.0,3.0,0.0,0.0
N566,600,1,0.00029437739181630853,73012.0,73012.0,1.0,0.0,3.0,1,1,345,95029941:0:55616096,95029941,0,55616096,Subramanya N,73012.0,0.0,0.0,35.0,9.0,0.0,8.0,0.0,9.0,4.0,6.0,0.0,0.0
N567,535,1,0.00029437739181630853,72973.0,72973.0,0.0,0.0,3.0,1,1,269,94656231:1:55616096,94656231,1,55616096,Subramanya N,72973.0,0.0,0.0,10.0,37.0,0.0,7.0,0.0,1.0,5.0,9.0,0.0,0.0
N568,660,1,0.00029437739181630853,72963.0,72963.0,1.0,0.0,3.0,1,1,435,95769179:1:55616096,95769179,1,55616096,Subramanya N,72963.0,0.0,0.0,41.0,0.0,0.0,9.0,2.0,3.0,3.0,11.0,0.0,0.0
N569,326,1,0.00029437739181630853,72957.0,72957.0,1.0,0.0,2.0,1,1,74,94442273:1:55614463,94442273,1,55614463,Ryo Hasegawa,72957.0,0.0,0.0,42.0,20.0,0.0,1.0,1.0,0.0,5.0,6.0,0.0,0.0
N570,317,1,0.00029437739181630853,72836.0,72836.0,0.0,0.0,2.0,1,1,582,96770538:0:55614463,96770538,0,55614463,Ryo Hasegawa,72836.0,0.0,0.0,55.0,0.0,5.0,1.0,1.0,0.0,9.0,4.0,0.0,0.0
N571,319,1,0.00029437739181630853,72776.0,72776.0,1.0,0.0,2.0,1,1,278,94679896:0:55614463,94679896,0,55614463,Ryo Hasegawa,72776.0,0.0,0.0,50.0,3.0,4.0,5.0,1.0,0.0,10.0,2.0,0.0,0.0
N572,576,1,0.00029437739181630853,72661.0,72661.0,1.0,0.0,3.0,1,1,625,97174294:1:55616096,97174294,1,55616096,Subramanya N,72661.0,0.0,0.0,14.0,28.0,0.0,14.0,6.0,0.0,5.0,2.0,0.0,0.0
N573,507,1,0.00029437739181630853,72590.0,72590.0,0.0,0.0,3.0,1,1,430,95734943:1:55616096,95734943,1,55616096,Subramanya N,72590.0,0.0,0.0,6.0,24.0,0.0,24.0,2.0,0.0,3.0,10.0,0.0,0.0
N574,61,1,0.00029437739181630853,72280.0,72280.0,1.0,0.0,1.0,1,1,715,97669173:1:55714246,97669173,1,55714246,Crop Dusta,72280.0,0.0,0.0,29.0,36.0,0.0,0.0,0.0,1.0,5.0,4.0,0.0,0.0
N575,541,1,0.00029437739181630853,72134.0,72134.0,0.0,0.0,3.0,1,1,988,98292226:0:55616096,98292226,0,55616096,Subramanya N,72134.0,0.0,0.0,15.0,26.0,0.0,13.0,2.0,3.0,3.0,9.0,0.0,0.0
N576,447,1,0.00029437739181630853,72128.0,72128.0,1.0,0.0,3.0,1,1,498,96303083:0:55616096,96303083,0,55616096,Subramanya N,72128.0,0.0,0.0,9.0,36.0,0.0,5.0,2.0,0.0,4.0,13.0,0.0,0.0
N577,591,1,0.00029437739181630853,71639.0,71639.0,1.0,0.0,3.0,1,1,97,94449228:1:55616096,94449228,1,55616096,Subramanya N,71639.0,0.0,0.0,42.0,0.0,0.0,13.0,2.0,7.0,2.0,3.0,0.0,0.0
N578,557,1,0.00029437739181630853,71604.0,71604.0,1.0,0.0,3.0,1,1,68,94441268:0:55616096,94441268,0,55616096,Subramanya N,71604.0,0.0,0.0,9.0,41.0,0.0,6.0,2.0,0.0,10.0,3.0,0.0,0.0
N579,425,1,0.00029437739181630853,71539.0,71539.0,1.0,0.0,3.0,1,1,604,97032983:1:55616096,97032983,1,55616096,Subramanya N,71539.0,0.0,0.0,2.0,32.0,0.0,17.0,2.0,0.0,6.0,10.0,0.0,0.0
N580,595,1,0.00029437739181630853,71510.0,71510.0,1.0,0.0,3.0,1,1,546,96567510:0:55616096,96567510,0,55616096,Subramanya N,71510.0,0.0,0.0,26.0,13.0,0.0,14.0,0.0,8.0,3.0,7.0,0.0,0.0
N581,416,1,0.00029437739181630853,71457.0,71457.0,1.0,0.0,3.0,1,1,181,94476699:0:55616096,94476699,0,55616096,Subramanya N,71457.0,0.0,0.0,19.0,33.0,0.0,1.0,0.0,10.0,5.0,3.0,0.0,0.0
N582,569,1,0.00029437739181630853,71370.0,71370.0,1.0,0.0,3.0,1,1,467,96047604:1:55616096,96047604,1,55616096,Subramanya N,71370.0,0.0,0.0,7.0,37.0,0.0,16.0,2.0,2.0,3.0,2.0,0.0,0.0
N583,256,1,0.00029437739181630853,71366.0,71366.0,0.0,0.0,2.0,1,1,759,97747119:1:55614463,97747119,1,55614463,Ryo Hasegawa,71366.0,0.0,0.0,50.0,9.0,1.0,1.0,2.0,0.0,7.0,5.0,0.0,0.0
N584,550,1,0.00029437739181630853,71335.0,71335.0,0.0,0.0,3.0,1,1,470,96056708:0:55616096,96056708,0,55616096,Subramanya N,71335.0,0.0,0.0,32.0,11.0,0.0,14.0,2.0,2.0,6.0,3.0,0.0,0.0
N585,565,1,0.00029437739181630853,71305.0,71305.0,1.0,0.0,3.0,1,1,559,96622155:0:55616096,96622155,0,55616096,Subramanya N,71305.0,0.0,0.0,3.0,39.0,0.0,14.0,2.0,5.0,6.0,2.0,0.0,0.0
N586,459,1,0.00029437739181630853,71166.0,71166.0,0.0,0.0,3.0,1,1,377,95427070:0:55616096,95427070,0,55616096,Subramanya N,71166.0,0.0,0.0,30.0,0.0,0.0,22.0,2.0,6.0,6.0,3.0,0.0,0.0
N587,572,1,0.00029437739181630853,70946.0,70946.0,0.0,0.0,3.0,1,1,1466,99058160:1:55616096,99058160,1,55616096,Subramanya N,70946.0,0.0,0.0,13.0,31.0,0.0,16.0,2.0,0.0,4.0,3.0,0.0,0.0
N588,415,1,0.00029437739181630853,70857.0,70857.0,1.0,0.0,3.0,1,1,58,94436777:0:55616096,94436777,0,55616096,Subramanya N,70857.0,0.0,0.0,10.0,42.0,0.0,1.0,2.0,0.0,5.0,9.0,0.0,0.0
N589,454,1,0.00029437739181630853,70802.0,70802.0,0.0,0.0,3.0,1,1,1141,98488487:0:55616096,98488487,0,55616096,Subramanya N,70802.0,0.0,0.0,40.0,0.0,0.0,9.0,2.0,6.0,4.0,8.0,0.0,0.0
N590,508,1,0.00029437739181630853,70793.0,70793.0,0.0,0.0,3.0,1,1,536,96515064:1:55616096,96515064,1,55616096,Subramanya N,70793.0,0.0,0.0,5.0,27.0,0.0,20.0,2.0,0.0,2.0,13.0,0.0,0.0
N591,580,1,0.00029437739181630853,70692.0,70692.0,0.0,0.0,3.0,1,1,506,96355386:0:55616096,96355386,0,55616096,Subramanya N,70692.0,0.0,0.0,28.0,0.0,0.0,18.0,5.0,8.0,3.0,7.0,0.0,0.0
N592,254,1,0.00029437739181630853,70296.0,70296.0,1.0,0.0,2.0,1,1,237,94524402:1:55614463,94524402,1,55614463,Ryo Hasegawa,70296.0,0.0,0.0,46.0,5.0,6.0,7.0,2.0,0.0,7.0,2.0,0.0,0.0
N593,566,1,0.00029437739181630853,70293.0,70293.0,1.0,0.0,3.0,1,1,984,98273929:0:55616096,98273929,0,55616096,Subramanya N,70293.0,0.0,0.0,6.0,43.0,0.0,9.0,2.0,1.0,6.0,2.0,0.0,0.0
N594,577,1,0.00029437739181630853,69875.0,69875.0,0.0,0.0,3.0,1,1,1170,98563777:0:55616096,98563777,0,55616096,Subramanya N,69875.0,0.0,0.0,23.0,20.0,0.0,13.0,2.0,0.0,10.0,3.0,0.0,0.0
N595,102,1,0.00029437739181630853,69823.0,69823.0,1.0,0.0,1.0,1,1,689,97618888:1:55714246,97618888,1,55714246,Crop Dusta,69823.0,0.0,0.0,21.0,40.0,0.0,6.0,0.0,2.0,2.0,4.0,0.0,0.0
N596,264,1,0.00029437739181630853,69575.0,69575.0,0.0,0.0,2.0,1,1,271,94661381:0:55614463,94661381,0,55614463,Ryo Hasegawa,69575.0,0.0,0.0,49.0,0.0,8.0,5.0,2.0,0.0,5.0,6.0,0.0,0.0
N597,350,1,0.00029437739181630853,69537.0,69537.0,0.0,0.0,5.0,1,1,316,94824462:1:55617399,94824462,1,55617399,Arman Tuganbaev,69537.0,0.0,0.0,42.0,12.0,0.0,4.0,0.0,0.0,7.0,10.0,0.0,0.0
N598,302,1,0.00029437739181630853,69093.0,69093.0,1.0,0.0,2.0,1,1,149,94463541:0:55614463,94463541,0,55614463,Ryo Hasegawa,69093.0,0.0,0.0,45.0,10.0,0.0,2.0,1.0,0.0,7.0,9.0,0.0,1.0
N599,339,1,0.00029437739181630853,68926.0,68926.0,1.0,0.0,5.0,1,1,90,94447367:1:55617399,94447367,1,55617399,Arman Tuganbaev,68926.0,0.0,0.0,41.0,12.0,6.0,0.0,0.0,0.0,6.0,10.0,0.0,0.0
N600,157,1,0.00029437739181630853,68923.0,68923.0,1.0,0.0,39.0,1,1,1912,98456209:1:55741684,98456209,1,55741684,MiMi,68923.0,0.0,0.0,59.0,2.0,0.0,25.0,1.0,0.0,7.0,1.0,0.0,0.0
N601,450,1,0.00029437739181630853,68728.0,68728.0,1.0,0.0,3.0,1,1,350,95066472:0:55616096,95066472,0,55616096,Subramanya N,68728.0,0.0,0.0,40.0,11.0,0.0,5.0,0.0,8.0,6.0,3.0,0.0,0.0
N602,431,1,0.00029437739181630853,68631.0,68631.0,0.0,0.0,3.0,1,1,270,94656425:0:55616096,94656425,0,55616096,Subramanya N,68631.0,0.0,0.0,8.0,33.0,0.0,13.0,2.0,0.0,5.0,8.0,0.0,0.0
N603,528,1,0.00029437739181630853,68589.0,68589.0,1.0,0.0,3.0,1,1,62,94438564:1:55616096,94438564,1,55616096,Subramanya N,68589.0,0.0,0.0,10.0,33.0,0.0,8.0,0.0,3.0,3.0,13.0,0.0,0.0
N604,412,1,0.00029437739181630853,68206.0,68206.0,1.0,0.0,3.0,1,1,664,97436626:0:55616096,97436626,0,55616096,Subramanya N,68206.0,0.0,0.0,21.0,27.0,0.0,2.0,5.0,1.0,12.0,2.0,0.0,0.0
N605,327,1,0.00029437739181630853,68114.0,68114.0,1.0,0.0,2.0,1,1,121,94455554:1:55614463,94455554,1,55614463,Ryo Hasegawa,68114.0,0.0,0.0,47.0,18.0,0.0,2.0,1.0,0.0,4.0,2.0,0.0,1.0
N606,426,1,0.00029437739181630853,67999.0,67999.0,1.0,0.0,3.0,1,1,462,95997383:1:55616096,95997383,1,55616096,Subramanya N,67999.0,0.0,0.0,7.0,39.0,0.0,9.0,2.0,0.0,11.0,2.0,0.0,0.0
N607,452,1,0.00029437739181630853,67949.0,67949.0,1.0,0.0,3.0,1,1,954,98230596:1:55616096,98230596,1,55616096,Subramanya N,67949.0,0.0,0.0,39.0,0.0,0.0,10.0,3.0,6.0,3.0,8.0,0.0,0.0
N608,287,1,0.00029437739181630853,67806.0,67806.0,0.0,0.0,2.0,1,1,1348,98898505:0:55614463,98898505,0,55614463,Ryo Hasegawa,67806.0,0.0,0.0,54.0,2.0,0.0,9.0,1.0,0.0,5.0,2.0,0.0,2.0
N609,588,1,0.00029437739181630853,67755.0,67755.0,1.0,0.0,3.0,1,1,245,94544645:0:55616096,94544645,0,55616096,Subramanya N,67755.0,0.0,0.0,34.0,9.0,0.0,12.0,1.0,7.0,3.0,3.0,0.0,0.0
N610,607,1,0.00029437739181630853,67594.0,67594.0,1.0,0.0,3.0,1,1,239,94532189:1:55616096,94532189,1,55616096,Subramanya N,67594.0,0.0,0.0,26.0,15.0,11.0,6.0,0.0,3.0,5.0,3.0,0.0,0.0
N611,25,1,0.00029437739181630853,67576.0,67576.0,1.0,0.0,1.0,1,1,727,97683184:0:55714246,97683184,0,55714246,Crop Dusta,67576.0,0.0,0.0,54.0,0.0,0.0,13.0,1.0,0.0,5.0,2.0,0.0,0.0
N612,358,1,0.00029437739181630853,67460.0,67460.0,0.0,0.0,5.0,1,1,543,96542360:0:55617399,96542360,0,55617399,Arman Tuganbaev,67460.0,0.0,0.0,42.0,12.0,0.0,5.0,0.0,0.0,6.0,10.0,0.0,0.0
N613,533,1,0.00029437739181630853,67254.0,67254.0,1.0,0.0,3.0,1,1,776,97879425:1:55616096,97879425,1,55616096,Subramanya N,67254.0,0.0,0.0,11.0,37.0,0.0,5.0,1.0,3.0,4.0,9.0,0.0,0.0
N614,89,1,0.00029437739181630853,67206.0,67206.0,1.0,0.0,1.0,1,1,1283,98738898:0:55714246,98738898,0,55714246,Crop Dusta,67206.0,0.0,0.0,12.0,47.0,0.0,2.0,0.0,4.0,5.0,5.0,0.0,0.0
N615,162,1,0.00029437739181630853,67129.0,67129.0,1.0,0.0,39.0,1,1,1948,98479101:1:55741684,98479101,1,55741684,MiMi,67129.0,0.0,0.0,59.0,2.0,4.0,15.0,1.0,0.0,7.0,5.0,0.0,0.0
N616,60,1,0.00029437739181630853,67098.0,67098.0,1.0,0.0,1.0,1,1,709,97655422:1:55714246,97655422,1,55714246,Crop Dusta,67098.0,0.0,0.0,32.0,32.0,0.0,2.0,1.0,1.0,5.0,2.0,0.0,0.0
N617,532,1,0.00029437739181630853,67092.0,67092.0,0.0,0.0,3.0,1,1,471,96100052:0:55616096,96100052,0,55616096,Subramanya N,67092.0,0.0,0.0,11.0,41.0,0.0,6.0,0.0,2.0,3.0,8.0,0.0,0.0
N618,94,1,0.00029437739181630853,67009.0,67009.0,1.0,0.0,1.0,1,1,679,97601003:0:55714246,97601003,0,55714246,Crop Dusta,67009.0,0.0,0.0,10.0,33.0,18.0,5.0,0.0,2.0,5.0,2.0,0.0,0.0
N619,592,1,0.00029437739181630853,66914.0,66914.0,1.0,0.0,3.0,1,1,170,94472273:1:55616096,94472273,1,55616096,Subramanya N,66914.0,0.0,0.0,21.0,20.0,0.0,13.0,1.0,8.0,3.0,3.0,0.0,0.0
N620,458,1,0.00029437739181630853,66904.0,66904.0,1.0,0.0,3.0,1,1,404,95577601:0:55616096,95577601,0,55616096,Subramanya N,66904.0,0.0,0.0,41.0,0.0,0.0,9.0,1.0,8.0,3.0,7.0,0.0,0.0
N621,568,1,0.00029437739181630853,66757.0,66757.0,0.0,0.0,3.0,1,1,552,96594837:1:55616096,96594837,1,55616096,Subramanya N,66757.0,0.0,0.0,8.0,40.0,0.0,13.0,2.0,0.0,3.0,3.0,0.0,0.0
N622,164,1,0.00029437739181630853,66747.0,66747.0,1.0,0.0,39.0,1,1,2052,98538640:1:55741684,98538640,1,55741684,MiMi,66747.0,0.0,0.0,60.0,3.0,0.0,14.0,4.0,0.0,7.0,5.0,0.0,0.0
N623,273,1,0.00029437739181630853,66507.0,66507.0,0.0,0.0,2.0,1,1,464,95997387:1:55614463,95997387,1,55614463,Ryo Hasegawa,66507.0,0.0,0.0,40.0,14.0,0.0,6.0,1.0,0.0,5.0,9.0,0.0,0.0
N624,219,1,0.00029437739181630853,65770.0,65770.0,0.0,0.0,2.0,1,1,339,94993420:0:55614463,94993420,0,55614463,Ryo Hasegawa,65770.0,0.0,0.0,47.0,13.0,0.0,7.0,1.0,0.0,4.0,2.0,0.0,1.0
N625,307,1,0.00029437739181630853,65712.0,65712.0,1.0,0.0,2.0,1,1,80,94444071:0:55614463,94444071,0,55614463,Ryo Hasegawa,65712.0,0.0,0.0,49.0,4.0,8.0,1.0,1.0,0.0,9.0,3.0,0.0,0.0
N626,567,1,0.00029437739181630853,65614.0,65614.0,1.0,0.0,3.0,1,1,487,96241552:0:55616096,96241552,0,55616096,Subramanya N,65614.0,0.0,0.0,16.0,32.0,0.0,13.0,3.0,0.0,3.0,2.0,0.0,0.0
N627,217,1,0.00029437739181630853,65607.0,65607.0,1.0,0.0,2.0,1,1,401,95572922:0:55614463,95572922,0,55614463,Ryo Hasegawa,65607.0,0.0,0.0,43.0,16.0,0.0,3.0,2.0,0.0,6.0,4.0,0.0,1.0
N628,265,1,0.00029437739181630853,65523.0,65523.0,0.0,0.0,2.0,1,1,517,96403343:1:55614463,96403343,1,55614463,Ryo Hasegawa,65523.0,0.0,0.0,51.0,8.0,0.0,5.0,1.0,0.0,4.0,6.0,0.0,0.0
N629,539,1,0.00029437739181630853,65455.0,65455.0,1.0,0.0,3.0,1,1,329,94906494:0:55616096,94906494,0,55616096,Subramanya N,65455.0,0.0,0.0,13.0,36.0,0.0,6.0,2.0,7.0,2.0,3.0,0.0,0.0
N630,563,1,0.00029437739181630853,65292.0,65292.0,0.0,0.0,3.0,1,1,677,97569025:1:55616096,97569025,1,55616096,Subramanya N,65292.0,0.0,0.0,12.0,34.0,0.0,11.0,2.0,4.0,3.0,3.0,0.0,0.0
N631,434,1,0.00029437739181630853,65278.0,65278.0,1.0,0.0,3.0,1,1,66,94440361:0:55616096,94440361,0,55616096,Subramanya N,65278.0,0.0,0.0,12.0,26.0,0.0,14.0,1.0,4.0,3.0,10.0,0.0,0.0
N632,417,1,0.00029437739181630853,65266.0,65266.0,1.0,0.0,3.0,1,1,466,96047602:0:55616096,96047602,0,55616096,Subramanya N,65266.0,0.0,0.0,16.0,39.0,0.0,1.0,1.0,5.0,5.0,2.0,0.0,0.0
N633,309,1,0.00029437739181630853,65225.0,65225.0,0.0,0.0,2.0,1,1,413,95645910:0:55614463,95645910,0,55614463,Ryo Hasegawa,65225.0,0.0,0.0,56.0,7.0,0.0,1.0,1.0,0.0,4.0,6.0,0.0,0.0
N634,581,1,0.00029437739181630853,64994.0,64994.0,1.0,0.0,3.0,1,1,106,94451919:0:55616096,94451919,0,55616096,Subramanya N,64994.0,0.0,0.0,36.0,0.0,0.0,16.0,1.0,8.0,5.0,3.0,0.0,0.0
N635,413,1,0.00029437739181630853,64978.0,64978.0,1.0,0.0,3.0,1,1,530,96458081:0:55616096,96458081,0,55616096,Subramanya N,64978.0,0.0,0.0,21.0,34.0,0.0,2.0,2.0,0.0,6.0,4.0,0.0,0.0
N636,129,1,0.00029437739181630853,64971.0,64971.0,1.0,0.0,39.0,1,1,2630,98836724:0:55741684,98836724,0,55741684,MiMi,64971.0,0.0,0.0,53.0,4.0,0.0,6.0,2.0,0.0,4.0,6.0,0.0,0.0
N637,170,1,0.00029437739181630853,64814.0,64814.0,1.0,0.0,39.0,1,1,1892,98440151:0:55741684,98440151,0,55741684,MiMi,64814.0,0.0,0.0,58.0,0.0,1.0,24.0,2.0,0.0,7.0,3.0,0.0,0.0
N638,344,1,0.00029437739181630853,64780.0,64780.0,1.0,0.0,5.0,1,1,304,94767493:0:55617399,94767493,0,55617399,Arman Tuganbaev,64780.0,0.0,0.0,50.0,0.0,11.0,1.0,0.0,1.0,8.0,4.0,0.0,0.0
N639,435,1,0.00029437739181630853,64774.0,64774.0,1.0,0.0,3.0,1,1,72,94442129:1:55616096,94442129,1,55616096,Subramanya N,64774.0,0.0,0.0,2.0,28.0,0.0,25.0,2.0,4.0,3.0,6.0,0.0,0.0
N640,409,1,0.00029437739181630853,64040.0,64040.0,0.0,0.0,5.0,1,1,497,96303082:1:55617399,96303082,1,55617399,Arman Tuganbaev,64040.0,0.0,0.0,40.0,24.0,0.0,0.0,1.0,0.0,7.0,3.0,0.0,0.0
N641,429,1,0.00029437739181630853,63731.0,63731.0,1.0,0.0,3.0,1,1,44,94430616:1:55616096,94430616,1,55616096,Subramanya N,63731.0,0.0,0.0,10.0,30.0,0.0,19.0,2.0,0.0,5.0,3.0,0.0,0.0
N642,179,1,0.00029437739181630853,62815.0,62815.0,1.0,0.0,39.0,1,1,1889,98437871:0:55741684,98437871,0,55741684,MiMi,62815.0,0.0,0.0,51.0,2.0,0.0,29.0,4.0,0.0,7.0,2.0,0.0,0.0
N643,448,1,0.00029437739181630853,62790.0,62790.0,0.0,0.0,3.0,1,1,1333,98852910:1:55616096,98852910,1,55616096,Subramanya N,62790.0,0.0,0.0,10.0,29.0,0.0,9.0,3.0,5.0,3.0,10.0,0.0,0.0
N644,325,1,0.00029437739181630853,62615.0,62615.0,0.0,0.0,2.0,1,1,775,97879425:0:55614463,97879425,0,55614463,Ryo Hasegawa,62615.0,0.0,0.0,41.0,20.0,0.0,2.0,2.0,0.0,5.0,5.0,0.0,0.0
N645,255,1,0.00029437739181630853,62270.0,62270.0,0.0,0.0,2.0,1,1,545,96567510:1:55614463,96567510,1,55614463,Ryo Hasegawa,62270.0,0.0,0.0,45.0,9.0,6.0,3.0,2.0,0.0,5.0,5.0,0.0,0.0
N646,571,1,0.00029437739181630853,62249.0,62249.0,1.0,0.0,3.0,1,1,411,95627747:1:55616096,95627747,1,55616096,Subramanya N,62249.0,0.0,0.0,7.0,37.0,0.0,15.0,2.0,2.0,3.0,3.0,0.0,0.0
N647,449,1,0.00029437739181630853,62212.0,62212.0,1.0,0.0,3.0,1,1,263,94627672:0:55616096,94627672,0,55616096,Subramanya N,62212.0,0.0,0.0,30.0,13.0,0.0,10.0,1.0,9.0,3.0,3.0,0.0,0.0
N648,446,1,0.00029437739181630853,62120.0,62120.0,1.0,0.0,3.0,1,1,228,94505721:0:55616096,94505721,0,55616096,Subramanya N,62120.0,0.0,0.0,23.0,25.0,0.0,5.0,1.0,2.0,3.0,11.0,0.0,0.0
N649,95,1,0.00029437739181630853,62104.0,62104.0,0.0,0.0,1.0,1,1,680,97601003:1:55714246,97601003,1,55714246,Crop Dusta,62104.0,0.0,0.0,10.0,30.0,19.0,5.0,0.0,0.0,5.0,6.0,0.0,0.0
N650,437,1,0.00029437739181630853,61643.0,61643.0,1.0,0.0,3.0,1,1,46,94431486:0:55616096,94431486,0,55616096,Subramanya N,61643.0,0.0,0.0,6.0,28.0,0.0,21.0,2.0,6.0,4.0,2.0,0.0,0.0
N651,269,1,0.00029437739181630853,61175.0,61175.0,1.0,0.0,2.0,1,1,426,95703029:1:55614463,95703029,1,55614463,Ryo Hasegawa,61175.0,0.0,0.0,44.0,17.0,0.0,2.0,1.0,0.0,9.0,2.0,0.0,0.0
N652,421,1,0.00029437739181630853,61114.0,61114.0,1.0,0.0,3.0,1,1,473,96100054:0:55616096,96100054,0,55616096,Subramanya N,61114.0,0.0,0.0,11.0,39.0,0.0,2.0,2.0,6.0,4.0,6.0,0.0,0.0
N653,306,1,0.00029437739181630853,60871.0,60871.0,1.0,0.0,2.0,1,1,283,94696649:0:55614463,94696649,0,55614463,Ryo Hasegawa,60871.0,0.0,0.0,48.0,13.0,0.0,2.0,1.0,0.0,5.0,6.0,0.0,0.0
N654,428,1,0.00029437739181630853,60431.0,60431.0,1.0,0.0,3.0,1,1,658,97386449:0:55616096,97386449,0,55616096,Subramanya N,60431.0,0.0,0.0,9.0,36.0,0.0,9.0,2.0,0.0,7.0,7.0,0.0,0.0
N655,362,1,0.00029437739181630853,60392.0,60392.0,1.0,0.0,5.0,1,1,581,96759134:0:55617399,96759134,0,55617399,Arman Tuganbaev,60392.0,0.0,0.0,44.0,0.0,0.0,13.0,0.0,0.0,7.0,10.0,0.0,0.0
N656,262,1,0.00029437739181630853,60247.0,60247.0,0.0,0.0,2.0,1,1,431,95734944:1:55614463,95734944,1,55614463,Ryo Hasegawa,60247.0,0.0,0.0,49.0,10.0,0.0,4.0,1.0,0.0,5.0,6.0,0.0,0.0
N657,235,1,0.00029437739181630853,60233.0,60233.0,0.0,0.0,2.0,1,1,1388,98951022:1:55614463,98951022,1,55614463,Ryo Hasegawa,60233.0,0.0,0.0,43.0,13.0,0.0,9.0,1.0,0.0,7.0,2.0,0.0,0.0
N658,330,1,0.00029437739181630853,59747.0,59747.0,1.0,0.0,2.0,1,1,249,94568513:1:55614463,94568513,1,55614463,Ryo Hasegawa,59747.0,0.0,0.0,38.0,27.0,0.0,1.0,1.0,0.0,5.0,2.0,0.0,1.0
N659,310,1,0.00029437739181630853,59599.0,59599.0,0.0,0.0,2.0,1,1,1470,99058165:1:55614463,99058165,1,55614463,Ryo Hasegawa,59599.0,0.0,0.0,44.0,20.0,0.0,1.0,1.0,0.0,7.0,2.0,0.0,0.0
N660,418,1,0.00029437739181630853,59492.0,59492.0,1.0,0.0,3.0,1,1,571,96688351:0:55616096,96688351,0,55616096,Subramanya N,59492.0,0.0,0.0,13.0,41.0,0.0,3.0,2.0,3.0,5.0,2.0,0.0,0.0
N661,438,1,0.00029437739181630853,59124.0,59124.0,1.0,0.0,3.0,1,1,54,94435009:0:55616096,94435009,0,55616096,Subramanya N,59124.0,0.0,0.0,9.0,32.0,0.0,11.0,2.0,9.0,4.0,2.0,0.0,0.0
N662,323,1,0.00029437739181630853,58931.0,58931.0,0.0,0.0,2.0,1,1,472,96100054:1:55614463,96100054,1,55614463,Ryo Hasegawa,58931.0,0.0,0.0,46.0,15.0,0.0,2.0,2.0,0.0,5.0,5.0,0.0,0.0
N663,303,1,0.00029437739181630853,58622.0,58622.0,0.0,0.0,2.0,1,1,1284,98738898:1:55614463,98738898,1,55614463,Ryo Hasegawa,58622.0,0.0,0.0,43.0,15.0,0.0,2.0,1.0,0.0,7.0,6.0,0.0,1.0
N664,322,1,0.00029437739181630853,58108.0,58108.0,1.0,0.0,2.0,1,1,257,94601030:0:55614463,94601030,0,55614463,Ryo Hasegawa,58108.0,0.0,0.0,41.0,25.0,0.0,0.0,1.0,0.0,5.0,2.0,0.0,1.0
N665,324,1,0.00029437739181630853,58063.0,58063.0,0.0,0.0,2.0,1,1,657,97386449:1:55614463,97386449,1,55614463,Ryo Hasegawa,58063.0,0.0,0.0,36.0,17.0,4.0,4.0,2.0,0.0,7.0,5.0,0.0,0.0
N666,241,1,0.00029437739181630853,57821.0,57821.0,1.0,0.0,2.0,1,1,86,94445828:0:55614463,94445828,0,55614463,Ryo Hasegawa,57821.0,0.0,0.0,42.0,15.0,0.0,9.0,1.0,0.0,5.0,2.0,0.0,1.0
N667,126,1,0.00029437739181630853,57089.0,57089.0,0.0,0.0,39.0,1,1,1917,98460828:1:55741684,98460828,1,55741684,MiMi,57089.0,0.0,0.0,56.0,4.0,0.0,2.0,0.0,0.0,7.0,4.0,0.0,0.0
N668,261,1,0.00029437739181630853,55805.0,55805.0,1.0,0.0,2.0,1,1,385,95488570:0:55614463,95488570,0,55614463,Ryo Hasegawa,55805.0,0.0,0.0,51.0,7.0,0.0,8.0,1.0,0.0,5.0,2.0,0.0,1.0
N669,329,1,0.00029437739181630853,55785.0,55785.0,1.0,0.0,2.0,1,1,11,94410350:1:55614463,94410350,1,55614463,Ryo Hasegawa,55785.0,0.0,0.0,36.0,23.0,0.0,7.0,1.0,0.0,5.0,2.0,0.0,1.0
N670,180,1,0.00029437739181630853,55676.0,55676.0,0.0,0.0,39.0,1,1,1982,98497493:1:55741684,98497493,1,55741684,MiMi,55676.0,0.0,0.0,46.0,1.0,6.0,31.0,2.0,0.0,7.0,2.0,0.0,0.0
N671,564,1,0.00029437739181630853,54596.0,54596.0,0.0,0.0,3.0,1,1,309,94794855:1:55616096,94794855,1,55616096,Subramanya N,54596.0,0.0,0.0,5.0,39.0,0.0,9.0,1.0,7.0,5.0,3.0,0.0,0.0
N672,305,1,0.00029437739181630853,54132.0,54132.0,1.0,0.0,2.0,1,1,405,95598098:1:55614463,95598098,1,55614463,Ryo Hasegawa,54132.0,0.0,0.0,51.0,14.0,0.0,0.0,1.0,0.0,7.0,2.0,0.0,0.0
N673,258,1,0.00029437739181630853,54083.0,54083.0,1.0,0.0,2.0,1,1,331,94924923:1:55614463,94924923,1,55614463,Ryo Hasegawa,54083.0,0.0,0.0,65.0,0.0,0.0,1.0,1.0,0.0,5.0,2.0,0.0,1.0
N674,414,1,0.00029437739181630853,53989.0,53989.0,0.0,0.0,3.0,1,1,1426,99003468:0:55616096,99003468,0,55616096,Subramanya N,53989.0,0.0,0.0,14.0,40.0,0.0,0.0,2.0,2.0,7.0,4.0,0.0,0.0
N675,423,1,0.00029437739181630853,53524.0,53524.0,0.0,0.0,3.0,1,1,1139,98488485:0:55616096,98488485,0,55616096,Subramanya N,53524.0,0.0,0.0,11.0,39.0,0.0,2.0,1.0,10.0,3.0,3.0,0.0,0.0
N676,133,1,0.00029437739181630853,50198.0,50198.0,1.0,0.0,39.0,1,1,2654,98852748:0:55741684,98852748,0,55741684,MiMi,50198.0,0.0,0.0,47.0,1.0,0.0,16.0,0.0,0.0,8.0,2.0,0.0,0.0
N677,161,1,0.00029437739181630853,49305.0,49305.0,1.0,0.0,39.0,1,1,1951,98481384:1:55741684,98481384,1,55741684,MiMi,49305.0,0.0,0.0,52.0,2.0,0.0,27.0,2.0,0.0,6.0,4.0,0.0,0.0
