seat_index,episode_id,player_index,rank,team_id,team,submission_id,public_score,episode_type,replay_team_name,opponent_team,reward,opponent_reward,result,mapping_method,replay_steps,source_bytes,source_path,source_artifact,provisional_family_id,cluster_size,is_medoid,distance_to_medoid
0,94401941,0,2,16644287,Ryo Hasegawa,55614463,3059.7,EpisodeType.EPISODE_TYPE_VALIDATION,Ryo Hasegawa,Ryo Hasegawa,97451.0,97451.0,TIE,exact,720,31715258,replays/gold_top10_macro_intent_v1/episode-94401941-replay.json,gold_top10_macro_intent_v1,N006,20,0,0.08693158626556396
1,94401941,1,2,16644287,Ryo Hasegawa,55614463,3059.7,EpisodeType.EPISODE_TYPE_VALIDATION,Ryo Hasegawa,Ryo Hasegawa,97451.0,97451.0,TIE,exact,720,31715258,replays/gold_top10_macro_intent_v1/episode-94401941-replay.json,gold_top10_macro_intent_v1,N006,20,0,0.08693158626556396
2,94402491,1,2,16644287,Ryo Hasegawa,55614463,3059.7,EpisodeType.EPISODE_TYPE_PUBLIC,Ryo Hasegawa,Coşkun Bağrıaçık,135205.0,66037.0,WIN,exact,720,28315046,replays/gold_top10_macro_intent_v1/episode-94402491-replay.json,gold_top10_macro_intent_v1,N013,9,0,0.11551546305418015
3,94403351,1,2,16644287,Ryo Hasegawa,55614463,3059.7,EpisodeType.EPISODE_TYPE_PUBLIC,Ryo Hasegawa,Viacheslav Kasatkin,116888.0,33902.0,WIN,exact,720,23982104,replays/gold_top10_macro_intent_v1/episode-94403351-replay.json,gold_top10_macro_intent_v1,N205,1,1,0.0
4,94404229,1,2,16644287,Ryo Hasegawa,55614463,3059.7,EpisodeType.EPISODE_TYPE_PUBLIC,Ryo Hasegawa,T88,122717.0,33403.0,WIN,exact,720,27605297,replays/gold_top10_macro_intent_v1/episode-94404229-replay.json,gold_top10_macro_intent_v1,N174,1,1,0.0
5,94405099,1,2,16644287,Ryo Hasegawa,55614463,3059.7,EpisodeType.EPISODE_TYPE_PUBLIC,Ryo Hasegawa,Nevska,95176.0,40120.0,WIN,exact,720,33128977,replays/gold_top10_macro_intent_v1/episode-94405099-replay.json,gold_top10_macro_intent_v1,N006,20,0,0.07251260429620743
6,94405973,0,2,16644287,Ryo Hasegawa,55614463,3059.7,EpisodeType.EPISODE_TYPE_PUBLIC,Ryo Hasegawa,zhoujqi,117747.0,76464.0,WIN,exact,720,31452531,replays/gold_top10_macro_intent_v1/episode-94405973-replay.json,gold_top10_macro_intent_v1,N027,5,0,0.07589297741651535
7,94406847,0,2,16644287,Ryo Hasegawa,55614463,3059.7,EpisodeType.EPISODE_TYPE_PUBLIC,Ryo Hasegawa,Nazariy Karpov,107086.0,60918.0,WIN,exact,720,27798481,replays/gold_top10_macro_intent_v1/episode-94406847-replay.json,gold_top10_macro_intent_v1,N074,2,1,0.0
8,94407724,1,2,16644287,Ryo Hasegawa,55614463,3059.7,EpisodeType.EPISODE_TYPE_PUBLIC,Ryo Hasegawa,Dahoui Alex Armel ,81740.0,56166.0,WIN,exact,720,31568785,replays/gold_top10_macro_intent_v1/episode-94407724-replay.json,gold_top10_macro_intent_v1,N486,1,1,0.0
9,94408599,1,2,16644287,Ryo Hasegawa,55614463,3059.7,EpisodeType.EPISODE_TYPE_PUBLIC,Ryo Hasegawa,Azelearn,78108.0,55717.0,WIN,exact,720,31994560,replays/gold_top10_macro_intent_v1/episode-94408599-replay.json,gold_top10_macro_intent_v1,N006,20,0,0.06768743693828583
10,94409477,1,2,16644287,Ryo Hasegawa,55614463,3059.7,EpisodeType.EPISODE_TYPE_PUBLIC,Ryo Hasegawa,老乡,110082.0,104937.0,WIN,exact,720,31763017,replays/gold_top10_macro_intent_v1/episode-94409477-replay.json,gold_top10_macro_intent_v1,N077,2,1,0.0
11,94410350,1,2,16644287,Ryo Hasegawa,55614463,3059.7,EpisodeType.EPISODE_TYPE_PUBLIC,Ryo Hasegawa,apoyusiken,55785.0,36860.0,WIN,exact,720,31285328,replays/gold_top10_macro_intent_v1/episode-94410350-replay.json,gold_top10_macro_intent_v1,N669,1,1,0.0
12,94411234,1,2,16644287,Ryo Hasegawa,55614463,3059.7,EpisodeType.EPISODE_TYPE_PUBLIC,Ryo Hasegawa,Hossein,89755.0,76144.0,WIN,exact,720,31564837,replays/gold_top10_macro_intent_v1/episode-94411234-replay.json,gold_top10_macro_intent_v1,N407,1,1,0.0
13,94412102,1,2,16644287,Ryo Hasegawa,55614463,3059.7,EpisodeType.EPISODE_TYPE_PUBLIC,Ryo Hasegawa,The Coder Geek Squad Leader,154276.0,138601.0,WIN,exact,720,31595826,replays/gold_top10_macro_intent_v1/episode-94412102-replay.json,gold_top10_macro_intent_v1,N030,4,1,0.0
14,94412973,0,2,16644287,Ryo Hasegawa,55614463,3059.7,EpisodeType.EPISODE_TYPE_PUBLIC,Ryo Hasegawa,naphthalene,104368.0,84373.0,WIN,exact,720,31289949,replays/gold_top10_macro_intent_v1/episode-94412973-replay.json,gold_top10_macro_intent_v1,N013,9,1,0.0
15,94413334,1,2,16644287,Ryo Hasegawa,55614463,3059.7,EpisodeType.EPISODE_TYPE_PUBLIC,Ryo Hasegawa,Harshini Reddy,133308.0,128500.0,WIN,exact,720,32122495,replays/gold_top10_macro_intent_v1/episode-94413334-replay.json,gold_top10_macro_intent_v1,N018,7,0,0.07232078164815903
16,94413859,1,2,16644287,Ryo Hasegawa,55614463,3059.7,EpisodeType.EPISODE_TYPE_PUBLIC,Ryo Hasegawa,Aleks Lviv,76997.0,60528.0,WIN,exact,720,30712128,replays/gold_top10_macro_intent_v1/episode-94413859-replay.json,gold_top10_macro_intent_v1,N526,1,1,0.0
17,94414743,0,2,16644287,Ryo Hasegawa,55614463,3059.7,EpisodeType.EPISODE_TYPE_PUBLIC,Ryo Hasegawa,JALKARNA GAUTAM,95814.0,84146.0,WIN,exact,720,31512709,replays/gold_top10_macro_intent_v1/episode-94414743-replay.json,gold_top10_macro_intent_v1,N361,1,1,0.0
18,94415637,0,2,16644287,Ryo Hasegawa,55614463,3059.7,EpisodeType.EPISODE_TYPE_PUBLIC,Ryo Hasegawa,Harini Panigrahi,84526.0,73089.0,WIN,exact,720,31626641,replays/gold_top10_macro_intent_v1/episode-94415637-replay.json,gold_top10_macro_intent_v1,N456,1,1,0.0
19,94416521,0,2,16644287,Ryo Hasegawa,55614463,3059.7,EpisodeType.EPISODE_TYPE_PUBLIC,Ryo Hasegawa,WBF_USA_NYC,109920.0,101056.0,WIN,exact,720,31150927,replays/gold_top10_macro_intent_v1/episode-94416521-replay.json,gold_top10_macro_intent_v1,N062,2,1,0.0
20,94417414,1,2,16644287,Ryo Hasegawa,55614463,3059.7,EpisodeType.EPISODE_TYPE_PUBLIC,Ryo Hasegawa,guoziyi123456,83566.0,80159.0,WIN,exact,720,31010397,replays/gold_top10_macro_intent_v1/episode-94417414-replay.json,gold_top10_macro_intent_v1,N468,1,1,0.0
21,94418301,1,2,16644287,Ryo Hasegawa,55614463,3059.7,EpisodeType.EPISODE_TYPE_PUBLIC,Ryo Hasegawa,Farmer,141206.0,130929.0,WIN,exact,720,31195603,replays/gold_top10_macro_intent_v1/episode-94418301-replay.json,gold_top10_macro_intent_v1,N007,16,0,0.061117734760046005
22,94419200,0,2,16644287,Ryo Hasegawa,55614463,3059.7,EpisodeType.EPISODE_TYPE_PUBLIC,Ryo Hasegawa,KARGI,94273.0,79773.0,WIN,exact,720,30961068,replays/gold_top10_macro_intent_v1/episode-94419200-replay.json,gold_top10_macro_intent_v1,N034,4,1,0.0
23,94420091,1,2,16644287,Ryo Hasegawa,55614463,3059.7,EpisodeType.EPISODE_TYPE_PUBLIC,Ryo Hasegawa,Vextrovis,102940.0,87063.0,WIN,exact,720,30788003,replays/gold_top10_macro_intent_v1/episode-94420091-replay.json,gold_top10_macro_intent_v1,N287,1,1,0.0
24,94420975,0,2,16644287,Ryo Hasegawa,55614463,3059.7,EpisodeType.EPISODE_TYPE_PUBLIC,Ryo Hasegawa,Jinx JK,110575.0,92135.0,WIN,exact,720,31072305,replays/gold_top10_macro_intent_v1/episode-94420975-replay.json,gold_top10_macro_intent_v1,N076,2,1,0.0
25,94421865,1,2,16644287,Ryo Hasegawa,55614463,3059.7,EpisodeType.EPISODE_TYPE_PUBLIC,Ryo Hasegawa,PrathamGupta,135089.0,131686.0,WIN,exact,720,31275126,replays/gold_top10_macro_intent_v1/episode-94421865-replay.json,gold_top10_macro_intent_v1,N015,8,0,0.06129888817667961
26,94422746,1,2,16644287,Ryo Hasegawa,55614463,3059.7,EpisodeType.EPISODE_TYPE_PUBLIC,Ryo Hasegawa,Kaggs,75125.0,61798.0,WIN,exact,720,31424654,replays/gold_top10_macro_intent_v1/episode-94422746-replay.json,gold_top10_macro_intent_v1,N547,1,1,0.0
27,94423632,1,2,16644287,Ryo Hasegawa,55614463,3059.7,EpisodeType.EPISODE_TYPE_PUBLIC,Ryo Hasegawa,Aastik Rajan15,104602.0,79437.0,WIN,exact,720,31223935,replays/gold_top10_macro_intent_v1/episode-94423632-replay.json,gold_top10_macro_intent_v1,N067,2,1,0.0
28,94424521,0,2,16644287,Ryo Hasegawa,55614463,3059.7,EpisodeType.EPISODE_TYPE_PUBLIC,Ryo Hasegawa,Andrey Chankin,99095.0,85250.0,WIN,exact,720,31086977,replays/gold_top10_macro_intent_v1/episode-94424521-replay.json,gold_top10_macro_intent_v1,N332,1,1,0.0
29,94424823,0,3,16705390,Subramanya N,55616096,2953.5,EpisodeType.EPISODE_TYPE_VALIDATION,Subramanya N,Subramanya N,68404.0,68404.0,TIE,exact,720,29020645,replays/gold_top10_macro_intent_v1/episode-94424823-replay.json,gold_top10_macro_intent_v1,N107,2,1,0.0
30,94424823,1,3,16705390,Subramanya N,55616096,2953.5,EpisodeType.EPISODE_TYPE_VALIDATION,Subramanya N,Subramanya N,68404.0,68404.0,TIE,exact,720,29020645,replays/gold_top10_macro_intent_v1/episode-94424823-replay.json,gold_top10_macro_intent_v1,N107,2,0,0.0
31,94425363,0,3,16705390,Subramanya N,55616096,2953.5,EpisodeType.EPISODE_TYPE_PUBLIC,Subramanya N,James Michael,143538.0,25975.0,WIN,exact,720,24857552,replays/gold_top10_macro_intent_v1/episode-94425363-replay.json,gold_top10_macro_intent_v1,N128,1,1,0.0
32,94425398,1,2,16644287,Ryo Hasegawa,55614463,3059.7,EpisodeType.EPISODE_TYPE_PUBLIC,Ryo Hasegawa,Forrest,118487.0,105890.0,WIN,exact,720,31131665,replays/gold_top10_macro_intent_v1/episode-94425398-replay.json,gold_top10_macro_intent_v1,N006,20,0,0.08383254706859589
33,94426227,0,3,16705390,Subramanya N,55616096,2953.5,EpisodeType.EPISODE_TYPE_PUBLIC,Subramanya N,Siddharth Kumar Gopal,150843.0,71138.0,WIN,exact,720,24534746,replays/gold_top10_macro_intent_v1/episode-94426227-replay.json,gold_top10_macro_intent_v1,N120,1,1,0.0
34,94426282,0,2,16644287,Ryo Hasegawa,55614463,3059.7,EpisodeType.EPISODE_TYPE_PUBLIC,Ryo Hasegawa,Atakan Aldemir,168259.0,154495.0,WIN,exact,720,31865969,replays/gold_top10_macro_intent_v1/episode-94426282-replay.json,gold_top10_macro_intent_v1,N031,4,1,0.0
35,94427109,0,3,16705390,Subramanya N,55616096,2953.5,EpisodeType.EPISODE_TYPE_PUBLIC,Subramanya N,BJFC,99112.0,63601.0,WIN,exact,720,25951289,replays/gold_top10_macro_intent_v1/episode-94427109-replay.json,gold_top10_macro_intent_v1,N331,1,1,0.0
36,94427176,0,2,16644287,Ryo Hasegawa,55614463,3059.7,EpisodeType.EPISODE_TYPE_PUBLIC,Ryo Hasegawa,iamlonely,137207.0,131037.0,WIN,exact,720,31095633,replays/gold_top10_macro_intent_v1/episode-94427176-replay.json,gold_top10_macro_intent_v1,N015,8,0,0.021752608940005302
37,94427983,0,3,16705390,Subramanya N,55616096,2953.5,EpisodeType.EPISODE_TYPE_PUBLIC,Subramanya N,Jesse Ferguson,86657.0,50648.0,WIN,exact,720,29059520,replays/gold_top10_macro_intent_v1/episode-94427983-replay.json,gold_top10_macro_intent_v1,N431,1,1,0.0
38,94428069,0,2,16644287,Ryo Hasegawa,55614463,3059.7,EpisodeType.EPISODE_TYPE_PUBLIC,Ryo Hasegawa,d0gied,61943.0,46668.0,WIN,exact,720,31230576,replays/gold_top10_macro_intent_v1/episode-94428069-replay.json,gold_top10_macro_intent_v1,N051,3,1,0.0
39,94428858,0,3,16705390,Subramanya N,55616096,2953.5,EpisodeType.EPISODE_TYPE_PUBLIC,Subramanya N,Bugra0,125161.0,89021.0,WIN,exact,720,29216290,replays/gold_top10_macro_intent_v1/episode-94428858-replay.json,gold_top10_macro_intent_v1,N165,1,1,0.0
40,94428958,0,2,16644287,Ryo Hasegawa,55614463,3059.7,EpisodeType.EPISODE_TYPE_PUBLIC,Ryo Hasegawa,Bruce,70266.0,50035.0,WIN,exact,720,31500889,replays/gold_top10_macro_intent_v1/episode-94428958-replay.json,gold_top10_macro_intent_v1,N104,2,1,0.0
41,94429736,1,3,16705390,Subramanya N,55616096,2953.5,EpisodeType.EPISODE_TYPE_PUBLIC,Subramanya N,Jesy Lu,76722.0,65864.0,WIN,exact,720,30611041,replays/gold_top10_macro_intent_v1/episode-94429736-replay.json,gold_top10_macro_intent_v1,N532,1,1,0.0
42,94429849,0,2,16644287,Ryo Hasegawa,55614463,3059.7,EpisodeType.EPISODE_TYPE_PUBLIC,Ryo Hasegawa,Yura,138025.0,99739.0,WIN,exact,720,29719567,replays/gold_top10_macro_intent_v1/episode-94429849-replay.json,gold_top10_macro_intent_v1,N023,6,0,0.07812555134296417
43,94430613,1,3,16705390,Subramanya N,55616096,2953.5,EpisodeType.EPISODE_TYPE_PUBLIC,Subramanya N,Parakh Sharma,83690.0,57256.0,WIN,exact,720,30396538,replays/gold_top10_macro_intent_v1/episode-94430613-replay.json,gold_top10_macro_intent_v1,N465,1,1,0.0
44,94430616,1,3,16705390,Subramanya N,55616096,2953.5,EpisodeType.EPISODE_TYPE_PUBLIC,Subramanya N,monnu,63731.0,54819.0,WIN,exact,720,29624625,replays/gold_top10_macro_intent_v1/episode-94430616-replay.json,gold_top10_macro_intent_v1,N641,1,1,0.0
45,94430740,0,2,16644287,Ryo Hasegawa,55614463,3059.7,EpisodeType.EPISODE_TYPE_PUBLIC,Ryo Hasegawa,boatlee,56483.0,41369.0,WIN,exact,720,31056438,replays/gold_top10_macro_intent_v1/episode-94430740-replay.json,gold_top10_macro_intent_v1,N029,5,0,0.07735151797533035
46,94431486,0,3,16705390,Subramanya N,55616096,2953.5,EpisodeType.EPISODE_TYPE_PUBLIC,Subramanya N,clora,61643.0,57484.0,WIN,exact,720,30294085,replays/gold_top10_macro_intent_v1/episode-94431486-replay.json,gold_top10_macro_intent_v1,N650,1,1,0.0
47,94431742,1,2,16644287,Ryo Hasegawa,55614463,3059.7,EpisodeType.EPISODE_TYPE_PUBLIC,Ryo Hasegawa,Bruce,117071.0,110347.0,WIN,exact,720,31207902,replays/gold_top10_macro_intent_v1/episode-94431742-replay.json,gold_top10_macro_intent_v1,N006,20,0,0.10511492937803268
48,94432369,0,3,16705390,Subramanya N,55616096,2953.5,EpisodeType.EPISODE_TYPE_PUBLIC,Subramanya N,Vaishnavi22052006,122859.0,120564.0,WIN,exact,720,30807589,replays/gold_top10_macro_intent_v1/episode-94432369-replay.json,gold_top10_macro_intent_v1,N172,1,1,0.0
49,94432528,1,2,16644287,Ryo Hasegawa,55614463,3059.7,EpisodeType.EPISODE_TYPE_PUBLIC,Ryo Hasegawa,Bruce,100537.0,86071.0,WIN,exact,720,31790854,replays/gold_top10_macro_intent_v1/episode-94432528-replay.json,gold_top10_macro_intent_v1,N316,1,1,0.0
50,94433242,1,3,16705390,Subramanya N,55616096,2953.5,EpisodeType.EPISODE_TYPE_PUBLIC,Subramanya N,gisgisgis,130756.0,121348.0,WIN,exact,720,30735045,replays/gold_top10_macro_intent_v1/episode-94433242-replay.json,gold_top10_macro_intent_v1,N151,1,1,0.0
51,94433411,1,2,16644287,Ryo Hasegawa,55614463,3059.7,EpisodeType.EPISODE_TYPE_PUBLIC,Ryo Hasegawa,DeeperNet,74909.0,63198.0,WIN,exact,720,30925111,replays/gold_top10_macro_intent_v1/episode-94433411-replay.json,gold_top10_macro_intent_v1,N552,1,1,0.0
52,94434129,0,3,16705390,Subramanya N,55616096,2953.5,EpisodeType.EPISODE_TYPE_PUBLIC,Subramanya N,stpete_ishii,125858.0,118514.0,WIN,exact,720,30727316,replays/gold_top10_macro_intent_v1/episode-94434129-replay.json,gold_top10_macro_intent_v1,N164,1,1,0.0
53,94434301,0,2,16644287,Ryo Hasegawa,55614463,3059.7,EpisodeType.EPISODE_TYPE_PUBLIC,Ryo Hasegawa,automatylicza,100864.0,91745.0,WIN,exact,720,31121395,replays/gold_top10_macro_intent_v1/episode-94434301-replay.json,gold_top10_macro_intent_v1,N006,20,0,0.0781075581908226
54,94435009,0,3,16705390,Subramanya N,55616096,2953.5,EpisodeType.EPISODE_TYPE_PUBLIC,Subramanya N,ArturoSirvent,59124.0,44660.0,WIN,exact,720,30196527,replays/gold_top10_macro_intent_v1/episode-94435009-replay.json,gold_top10_macro_intent_v1,N661,1,1,0.0
55,94435181,1,2,16644287,Ryo Hasegawa,55614463,3059.7,EpisodeType.EPISODE_TYPE_PUBLIC,Ryo Hasegawa,Random Mambo,79038.0,64688.0,WIN,exact,720,31283900,replays/gold_top10_macro_intent_v1/episode-94435181-replay.json,gold_top10_macro_intent_v1,N013,9,0,0.09792451560497284
56,94435892,1,3,16705390,Subramanya N,55616096,2953.5,EpisodeType.EPISODE_TYPE_PUBLIC,Subramanya N,Наталья Скляр,128050.0,91504.0,WIN,exact,720,30916983,replays/gold_top10_macro_intent_v1/episode-94435892-replay.json,gold_top10_macro_intent_v1,N158,1,1,0.0
57,94436066,1,2,16644287,Ryo Hasegawa,55614463,3059.7,EpisodeType.EPISODE_TYPE_PUBLIC,Ryo Hasegawa,NCK,157930.0,137984.0,WIN,exact,720,31069722,replays/gold_top10_macro_intent_v1/episode-94436066-replay.json,gold_top10_macro_intent_v1,N030,4,0,0.11467273533344269
58,94436777,0,3,16705390,Subramanya N,55616096,2953.5,EpisodeType.EPISODE_TYPE_PUBLIC,Subramanya N,Ali,70857.0,42108.0,WIN,exact,720,29378065,replays/gold_top10_macro_intent_v1/episode-94436777-replay.json,gold_top10_macro_intent_v1,N588,1,1,0.0
59,94436914,1,2,16644287,Ryo Hasegawa,55614463,3059.7,EpisodeType.EPISODE_TYPE_PUBLIC,Ryo Hasegawa,boatlee,131000.0,124469.0,WIN,exact,720,30910979,replays/gold_top10_macro_intent_v1/episode-94436914-replay.json,gold_top10_macro_intent_v1,N042,3,0,0.10316849499940872
60,94437667,1,3,16705390,Subramanya N,55616096,2953.5,EpisodeType.EPISODE_TYPE_PUBLIC,Subramanya N,Sami Cakiral,86877.0,85207.0,WIN,exact,720,29711150,replays/gold_top10_macro_intent_v1/episode-94437667-replay.json,gold_top10_macro_intent_v1,N430,1,1,0.0
61,94437841,0,2,16644287,Ryo Hasegawa,55614463,3059.7,EpisodeType.EPISODE_TYPE_PUBLIC,Ryo Hasegawa,DeeperNet,125180.0,118548.0,WIN,exact,720,31309861,replays/gold_top10_macro_intent_v1/episode-94437841-replay.json,gold_top10_macro_intent_v1,N043,3,0,0.07529754191637039
62,94438564,1,3,16705390,Subramanya N,55616096,2953.5,EpisodeType.EPISODE_TYPE_PUBLIC,Subramanya N,Tomas Escobar Rivera,68589.0,52411.0,WIN,exact,720,30146844,replays/gold_top10_macro_intent_v1/episode-94438564-replay.json,gold_top10_macro_intent_v1,N603,1,1,0.0
63,94438725,0,2,16644287,Ryo Hasegawa,55614463,3059.7,EpisodeType.EPISODE_TYPE_PUBLIC,Ryo Hasegawa,Efe Can Celiksoy,97662.0,85314.0,WIN,exact,720,31394016,replays/gold_top10_macro_intent_v1/episode-94438725-replay.json,gold_top10_macro_intent_v1,N027,5,0,0.05189434438943863
64,94439468,0,3,16705390,Subramanya N,55616096,2953.5,EpisodeType.EPISODE_TYPE_PUBLIC,Subramanya N,lemon1219,114342.0,104030.0,WIN,exact,720,30141296,replays/gold_top10_macro_intent_v1/episode-94439468-replay.json,gold_top10_macro_intent_v1,N222,1,1,0.0
65,94439616,0,2,16644287,Ryo Hasegawa,55614463,3059.7,EpisodeType.EPISODE_TYPE_PUBLIC,Ryo Hasegawa,Gekkotron,119992.0,96888.0,WIN,exact,720,31737387,replays/gold_top10_macro_intent_v1/episode-94439616-replay.json,gold_top10_macro_intent_v1,N192,1,1,0.0
66,94440361,0,3,16705390,Subramanya N,55616096,2953.5,EpisodeType.EPISODE_TYPE_PUBLIC,Subramanya N,Epiphany_Thu,65278.0,62673.0,WIN,exact,720,30284638,replays/gold_top10_macro_intent_v1/episode-94440361-replay.json,gold_top10_macro_intent_v1,N631,1,1,0.0
67,94440502,0,2,16644287,Ryo Hasegawa,55614463,3059.7,EpisodeType.EPISODE_TYPE_PUBLIC,Ryo Hasegawa,Efe Can Celiksoy,120872.0,108246.0,WIN,exact,720,31352635,replays/gold_top10_macro_intent_v1/episode-94440502-replay.json,gold_top10_macro_intent_v1,N007,16,1,0.0
68,94441268,0,3,16705390,Subramanya N,55616096,2953.5,EpisodeType.EPISODE_TYPE_PUBLIC,Subramanya N,little_d1d1,71604.0,68273.0,WIN,exact,720,29986271,replays/gold_top10_macro_intent_v1/episode-94441268-replay.json,gold_top10_macro_intent_v1,N578,1,1,0.0
69,94441395,1,2,16644287,Ryo Hasegawa,55614463,3059.7,EpisodeType.EPISODE_TYPE_PUBLIC,Ryo Hasegawa,Eddy Despradel,101810.0,96373.0,WIN,exact,720,31146409,replays/gold_top10_macro_intent_v1/episode-94441395-replay.json,gold_top10_macro_intent_v1,N006,20,0,0.06429895013570786
70,94441587,0,5,16711376,Arman Tuganbaev,55617399,2897.3,EpisodeType.EPISODE_TYPE_VALIDATION,Arman Tuganbaev,Arman Tuganbaev,75446.0,80633.0,LOSS,exact,720,32159906,replays/gold_top10_macro_intent_v1/episode-94441587-replay.json,gold_top10_macro_intent_v1,N012,10,0,0.07701251655817032
71,94441587,1,5,16711376,Arman Tuganbaev,55617399,2897.3,EpisodeType.EPISODE_TYPE_VALIDATION,Arman Tuganbaev,Arman Tuganbaev,80633.0,75446.0,WIN,exact,720,32159906,replays/gold_top10_macro_intent_v1/episode-94441587-replay.json,gold_top10_macro_intent_v1,N012,10,0,0.08333856612443924
72,94442129,1,3,16705390,Subramanya N,55616096,2953.5,EpisodeType.EPISODE_TYPE_PUBLIC,Subramanya N,WENJIE_Wang,64774.0,60756.0,WIN,exact,720,30227924,replays/gold_top10_macro_intent_v1/episode-94442129-replay.json,gold_top10_macro_intent_v1,N639,1,1,0.0
73,94442170,1,5,16711376,Arman Tuganbaev,55617399,2897.3,EpisodeType.EPISODE_TYPE_PUBLIC,Arman Tuganbaev,teacherli0,147301.0,10936.0,WIN,exact,720,27273737,replays/gold_top10_macro_intent_v1/episode-94442170-replay.json,gold_top10_macro_intent_v1,N009,12,0,0.05838485434651375
74,94442273,1,2,16644287,Ryo Hasegawa,55614463,3059.7,EpisodeType.EPISODE_TYPE_PUBLIC,Ryo Hasegawa,One-For-All,72957.0,44883.0,WIN,exact,720,31014580,replays/gold_top10_macro_intent_v1/episode-94442273-replay.json,gold_top10_macro_intent_v1,N569,1,1,0.0
75,94443017,1,5,16711376,Arman Tuganbaev,55617399,2897.3,EpisodeType.EPISODE_TYPE_PUBLIC,Arman Tuganbaev,RngRng,125492.0,46231.0,WIN,exact,720,30253507,replays/gold_top10_macro_intent_v1/episode-94443017-replay.json,gold_top10_macro_intent_v1,N009,12,0,0.05994030460715294
76,94443049,1,3,16705390,Subramanya N,55616096,2953.5,EpisodeType.EPISODE_TYPE_PUBLIC,Subramanya N,Kaito Fukami,119514.0,136311.0,LOSS,exact,720,31040501,replays/gold_top10_macro_intent_v1/episode-94443049-replay.json,gold_top10_macro_intent_v1,N194,1,1,0.0
77,94443176,0,2,16644287,Ryo Hasegawa,55614463,3059.7,EpisodeType.EPISODE_TYPE_PUBLIC,Ryo Hasegawa,Michael Timbs,68239.0,56274.0,WIN,exact,720,31115797,replays/gold_top10_macro_intent_v1/episode-94443176-replay.json,gold_top10_macro_intent_v1,N029,5,1,0.0
78,94443883,1,5,16711376,Arman Tuganbaev,55617399,2897.3,EpisodeType.EPISODE_TYPE_PUBLIC,Arman Tuganbaev,Maher el Ouahabi,117085.0,75225.0,WIN,exact,720,28372672,replays/gold_top10_macro_intent_v1/episode-94443883-replay.json,gold_top10_macro_intent_v1,N005,27,0,0.05163205787539482
79,94443947,1,3,16705390,Subramanya N,55616096,2953.5,EpisodeType.EPISODE_TYPE_PUBLIC,Subramanya N,Muhammad Imran,77795.0,71814.0,WIN,exact,720,29965904,replays/gold_top10_macro_intent_v1/episode-94443947-replay.json,gold_top10_macro_intent_v1,N096,2,1,0.0
80,94444071,0,2,16644287,Ryo Hasegawa,55614463,3059.7,EpisodeType.EPISODE_TYPE_PUBLIC,Ryo Hasegawa,One-For-All,65712.0,52817.0,WIN,exact,720,31062602,replays/gold_top10_macro_intent_v1/episode-94444071-replay.json,gold_top10_macro_intent_v1,N625,1,1,0.0
81,94444752,0,5,16711376,Arman Tuganbaev,55617399,2897.3,EpisodeType.EPISODE_TYPE_PUBLIC,Arman Tuganbaev,huanxian chen,69866.0,24727.0,WIN,exact,720,26158437,replays/gold_top10_macro_intent_v1/episode-94444752-replay.json,gold_top10_macro_intent_v1,N012,10,0,0.06154819577932358
82,94444826,1,3,16705390,Subramanya N,55616096,2953.5,EpisodeType.EPISODE_TYPE_PUBLIC,Subramanya N,Jinx JK,114072.0,120103.0,LOSS,exact,720,30309046,replays/gold_top10_macro_intent_v1/episode-94444826-replay.json,gold_top10_macro_intent_v1,N223,1,1,0.0
83,94444950,0,2,16644287,Ryo Hasegawa,55614463,3059.7,EpisodeType.EPISODE_TYPE_PUBLIC,Ryo Hasegawa,Michael Timbs,74515.0,72018.0,WIN,exact,720,31085181,replays/gold_top10_macro_intent_v1/episode-94444950-replay.json,gold_top10_macro_intent_v1,N095,2,1,0.0
84,94445621,1,5,16711376,Arman Tuganbaev,55617399,2897.3,EpisodeType.EPISODE_TYPE_PUBLIC,Arman Tuganbaev,lungjyuanz,101966.0,77644.0,WIN,exact,720,30327667,replays/gold_top10_macro_intent_v1/episode-94445621-replay.json,gold_top10_macro_intent_v1,N014,9,0,0.1163177564740181
85,94445710,0,3,16705390,Subramanya N,55616096,2953.5,EpisodeType.EPISODE_TYPE_PUBLIC,Subramanya N,Reyhan Ksatria,87914.0,50443.0,WIN,exact,720,30342395,replays/gold_top10_macro_intent_v1/episode-94445710-replay.json,gold_top10_macro_intent_v1,N423,1,1,0.0
86,94445828,0,2,16644287,Ryo Hasegawa,55614463,3059.7,EpisodeType.EPISODE_TYPE_PUBLIC,Ryo Hasegawa,hetspookjee,57821.0,44304.0,WIN,exact,720,30795520,replays/gold_top10_macro_intent_v1/episode-94445828-replay.json,gold_top10_macro_intent_v1,N666,1,1,0.0
87,94446494,0,5,16711376,Arman Tuganbaev,55617399,2897.3,EpisodeType.EPISODE_TYPE_PUBLIC,Arman Tuganbaev,nanare,99307.0,69818.0,WIN,exact,720,31158527,replays/gold_top10_macro_intent_v1/episode-94446494-replay.json,gold_top10_macro_intent_v1,N005,27,0,0.03778597339987755
88,94446591,1,3,16705390,Subramanya N,55616096,2953.5,EpisodeType.EPISODE_TYPE_PUBLIC,Subramanya N,Anton Tikhonov,126412.0,107748.0,WIN,exact,720,30342948,replays/gold_top10_macro_intent_v1/episode-94446591-replay.json,gold_top10_macro_intent_v1,N161,1,1,0.0
89,94446713,0,2,16644287,Ryo Hasegawa,55614463,3059.7,EpisodeType.EPISODE_TYPE_PUBLIC,Ryo Hasegawa,automatylicza,91824.0,84432.0,WIN,exact,720,31110957,replays/gold_top10_macro_intent_v1/episode-94446713-replay.json,gold_top10_macro_intent_v1,N006,20,0,0.06290345638990402
90,94447367,1,5,16711376,Arman Tuganbaev,55617399,2897.3,EpisodeType.EPISODE_TYPE_PUBLIC,Arman Tuganbaev,Aikyatan Sinha,68926.0,52836.0,WIN,exact,720,30474124,replays/gold_top10_macro_intent_v1/episode-94447367-replay.json,gold_top10_macro_intent_v1,N599,1,1,0.0
91,94447472,1,3,16705390,Subramanya N,55616096,2953.5,EpisodeType.EPISODE_TYPE_PUBLIC,Subramanya N,CemBas,105032.0,80633.0,WIN,exact,720,30672235,replays/gold_top10_macro_intent_v1/episode-94447472-replay.json,gold_top10_macro_intent_v1,N267,1,1,0.0
92,94447591,1,2,16644287,Ryo Hasegawa,55614463,3059.7,EpisodeType.EPISODE_TYPE_PUBLIC,Ryo Hasegawa,ReCurSiON,104080.0,80595.0,WIN,exact,720,31911431,replays/gold_top10_macro_intent_v1/episode-94447591-replay.json,gold_top10_macro_intent_v1,N016,8,1,0.0
93,94448238,0,5,16711376,Arman Tuganbaev,55617399,2897.3,EpisodeType.EPISODE_TYPE_PUBLIC,Arman Tuganbaev,Wojciech Krasowski,69366.0,47613.0,WIN,exact,720,31267976,replays/gold_top10_macro_intent_v1/episode-94448238-replay.json,gold_top10_macro_intent_v1,N005,27,0,0.0559581033885479
94,94448346,0,3,16705390,Subramanya N,55616096,2953.5,EpisodeType.EPISODE_TYPE_PUBLIC,Subramanya N,Lebxgue.,107314.0,104458.0,WIN,exact,720,30383493,replays/gold_top10_macro_intent_v1/episode-94448346-replay.json,gold_top10_macro_intent_v1,N072,2,1,0.0
95,94448474,1,2,16644287,Ryo Hasegawa,55614463,3059.7,EpisodeType.EPISODE_TYPE_PUBLIC,Ryo Hasegawa,Kobe BRYANT,99868.0,85835.0,WIN,exact,720,31834223,replays/gold_top10_macro_intent_v1/episode-94448474-replay.json,gold_top10_macro_intent_v1,N023,6,1,0.0
96,94449118,1,5,16711376,Arman Tuganbaev,55617399,2897.3,EpisodeType.EPISODE_TYPE_PUBLIC,Arman Tuganbaev,tianwen zhang1,107027.0,86486.0,WIN,exact,720,31119574,replays/gold_top10_macro_intent_v1/episode-94449118-replay.json,gold_top10_macro_intent_v1,N035,4,0,0.05828016251325607
97,94449228,1,3,16705390,Subramanya N,55616096,2953.5,EpisodeType.EPISODE_TYPE_PUBLIC,Subramanya N,Tariku Mehdi,71639.0,56384.0,WIN,exact,720,29818497,replays/gold_top10_macro_intent_v1/episode-94449228-replay.json,gold_top10_macro_intent_v1,N577,1,1,0.0
98,94449352,1,2,16644287,Ryo Hasegawa,55614463,3059.7,EpisodeType.EPISODE_TYPE_PUBLIC,Ryo Hasegawa,Kobe BRYANT,84587.0,73329.0,WIN,exact,720,30778848,replays/gold_top10_macro_intent_v1/episode-94449352-replay.json,gold_top10_macro_intent_v1,N454,1,1,0.0
99,94450000,0,5,16711376,Arman Tuganbaev,55617399,2897.3,EpisodeType.EPISODE_TYPE_PUBLIC,Arman Tuganbaev,Cam-Luan Truong,102952.0,80035.0,WIN,exact,720,31613620,replays/gold_top10_macro_intent_v1/episode-94450000-replay.json,gold_top10_macro_intent_v1,N005,27,0,0.09334162622690201
100,94450122,0,3,16705390,Subramanya N,55616096,2953.5,EpisodeType.EPISODE_TYPE_PUBLIC,Subramanya N,Giulio Ravasio,90408.0,80550.0,WIN,exact,720,30304616,replays/gold_top10_macro_intent_v1/episode-94450122-replay.json,gold_top10_macro_intent_v1,N399,1,1,0.0
101,94450242,1,2,16644287,Ryo Hasegawa,55614463,3059.7,EpisodeType.EPISODE_TYPE_PUBLIC,Ryo Hasegawa,peikopon,59913.0,49114.0,WIN,exact,720,30940312,replays/gold_top10_macro_intent_v1/episode-94450242-replay.json,gold_top10_macro_intent_v1,N029,5,0,0.05727206543087959
102,94450885,0,5,16711376,Arman Tuganbaev,55617399,2897.3,EpisodeType.EPISODE_TYPE_PUBLIC,Arman Tuganbaev,Lester Leong,108020.0,88052.0,WIN,exact,720,32256990,replays/gold_top10_macro_intent_v1/episode-94450885-replay.json,gold_top10_macro_intent_v1,N033,4,0,0.06905335932970047
103,94451023,0,3,16705390,Subramanya N,55616096,2953.5,EpisodeType.EPISODE_TYPE_PUBLIC,Subramanya N,Feng Jiahui,70422.0,63661.0,WIN,exact,720,30118276,replays/gold_top10_macro_intent_v1/episode-94451023-replay.json,gold_top10_macro_intent_v1,N101,2,1,0.0
104,94451134,0,2,16644287,Ryo Hasegawa,55614463,3059.7,EpisodeType.EPISODE_TYPE_PUBLIC,Ryo Hasegawa,peikopon,80780.0,68355.0,WIN,exact,720,31194079,replays/gold_top10_macro_intent_v1/episode-94451134-replay.json,gold_top10_macro_intent_v1,N493,1,1,0.0
105,94451773,0,5,16711376,Arman Tuganbaev,55617399,2897.3,EpisodeType.EPISODE_TYPE_PUBLIC,Arman Tuganbaev,Ficu∞$,87590.0,48001.0,WIN,exact,720,31775943,replays/gold_top10_macro_intent_v1/episode-94451773-replay.json,gold_top10_macro_intent_v1,N025,5,0,0.06691727042198181
106,94451919,0,3,16705390,Subramanya N,55616096,2953.5,EpisodeType.EPISODE_TYPE_PUBLIC,Subramanya N,Octavi Grau,64994.0,60140.0,WIN,exact,720,30112107,replays/gold_top10_macro_intent_v1/episode-94451919-replay.json,gold_top10_macro_intent_v1,N634,1,1,0.0
107,94452034,1,2,16644287,Ryo Hasegawa,55614463,3059.7,EpisodeType.EPISODE_TYPE_PUBLIC,Ryo Hasegawa,Efe Can Celiksoy,75455.0,67766.0,WIN,exact,720,31225710,replays/gold_top10_macro_intent_v1/episode-94452034-replay.json,gold_top10_macro_intent_v1,N092,2,1,0.0
108,94452650,1,5,16711376,Arman Tuganbaev,55617399,2897.3,EpisodeType.EPISODE_TYPE_PUBLIC,Arman Tuganbaev,xycai,93251.0,74920.0,WIN,exact,720,31172189,replays/gold_top10_macro_intent_v1/episode-94452650-replay.json,gold_top10_macro_intent_v1,N379,1,1,0.0
109,94452802,0,3,16705390,Subramanya N,55616096,2953.5,EpisodeType.EPISODE_TYPE_PUBLIC,Subramanya N,DeeperNet,100941.0,91356.0,WIN,exact,720,29836528,replays/gold_top10_macro_intent_v1/episode-94452802-replay.json,gold_top10_macro_intent_v1,N086,2,1,0.0
110,94452915,0,2,16644287,Ryo Hasegawa,55614463,3059.7,EpisodeType.EPISODE_TYPE_PUBLIC,Ryo Hasegawa,peikopon,119791.0,109971.0,WIN,exact,720,31267124,replays/gold_top10_macro_intent_v1/episode-94452915-replay.json,gold_top10_macro_intent_v1,N062,2,0,0.118632972240448
111,94452923,1,5,16711376,Arman Tuganbaev,55617399,2897.3,EpisodeType.EPISODE_TYPE_PUBLIC,Arman Tuganbaev,Karl0106,46888.0,35335.0,WIN,exact,720,30595804,replays/gold_top10_macro_intent_v1/episode-94452923-replay.json,gold_top10_macro_intent_v1,N040,4,0,0.055670566856861115
112,94452984,1,3,16705390,Subramanya N,55616096,2953.5,EpisodeType.EPISODE_TYPE_PUBLIC,Subramanya N,Patrick Chan,79322.0,91121.0,LOSS,exact,720,30244328,replays/gold_top10_macro_intent_v1/episode-94452984-replay.json,gold_top10_macro_intent_v1,N510,1,1,0.0
113,94453527,0,5,16711376,Arman Tuganbaev,55617399,2897.3,EpisodeType.EPISODE_TYPE_PUBLIC,Arman Tuganbaev,Egor Trushin,116643.0,102752.0,WIN,exact,720,31646390,replays/gold_top10_macro_intent_v1/episode-94453527-replay.json,gold_top10_macro_intent_v1,N001,1764,0,0.06102641299366951
114,94453680,0,3,16705390,Subramanya N,55616096,2953.5,EpisodeType.EPISODE_TYPE_PUBLIC,Subramanya N,Akhil Chinta,82328.0,96126.0,LOSS,exact,720,30243436,replays/gold_top10_macro_intent_v1/episode-94453680-replay.json,gold_top10_macro_intent_v1,N480,1,1,0.0
115,94453800,1,2,16644287,Ryo Hasegawa,55614463,3059.7,EpisodeType.EPISODE_TYPE_PUBLIC,Ryo Hasegawa,peikopon,92961.0,89576.0,WIN,exact,720,31255917,replays/gold_top10_macro_intent_v1/episode-94453800-replay.json,gold_top10_macro_intent_v1,N006,20,0,0.04042615368962288
116,94454405,1,5,16711376,Arman Tuganbaev,55617399,2897.3,EpisodeType.EPISODE_TYPE_PUBLIC,Arman Tuganbaev,dqvide,121232.0,120253.0,WIN,exact,720,31789974,replays/gold_top10_macro_intent_v1/episode-94454405-replay.json,gold_top10_macro_intent_v1,N022,6,0,0.00549816619604826
117,94454567,1,3,16705390,Subramanya N,55616096,2953.5,EpisodeType.EPISODE_TYPE_PUBLIC,Subramanya N,Yura,99179.0,104233.0,LOSS,exact,720,29836120,replays/gold_top10_macro_intent_v1/episode-94454567-replay.json,gold_top10_macro_intent_v1,N328,1,1,0.0
118,94454673,0,2,16644287,Ryo Hasegawa,55614463,3059.7,EpisodeType.EPISODE_TYPE_PUBLIC,Ryo Hasegawa,Kobe BRYANT,121656.0,119985.0,WIN,exact,720,31203775,replays/gold_top10_macro_intent_v1/episode-94454673-replay.json,gold_top10_macro_intent_v1,N007,16,0,0.08615545183420181
119,94455289,1,5,16711376,Arman Tuganbaev,55617399,2897.3,EpisodeType.EPISODE_TYPE_PUBLIC,Arman Tuganbaev,Cultuurstelsel,126499.0,118104.0,WIN,exact,720,31254910,replays/gold_top10_macro_intent_v1/episode-94455289-replay.json,gold_top10_macro_intent_v1,N003,247,0,0.09223247319459915
120,94455436,1,3,16705390,Subramanya N,55616096,2953.5,EpisodeType.EPISODE_TYPE_PUBLIC,Subramanya N,Feng Jiahui,140557.0,141289.0,LOSS,exact,720,30067371,replays/gold_top10_macro_intent_v1/episode-94455436-replay.json,gold_top10_macro_intent_v1,N130,1,1,0.0
121,94455554,1,2,16644287,Ryo Hasegawa,55614463,3059.7,EpisodeType.EPISODE_TYPE_PUBLIC,Ryo Hasegawa,Kobe BRYANT,68114.0,38826.0,WIN,exact,720,30698118,replays/gold_top10_macro_intent_v1/episode-94455554-replay.json,gold_top10_macro_intent_v1,N605,1,1,0.0
122,94456186,1,5,16711376,Arman Tuganbaev,55617399,2897.3,EpisodeType.EPISODE_TYPE_PUBLIC,Arman Tuganbaev,Mutoy Choi,114865.0,84018.0,WIN,exact,720,31774539,replays/gold_top10_macro_intent_v1/episode-94456186-replay.json,gold_top10_macro_intent_v1,N020,7,0,0.0034095237497240305
123,94456328,0,3,16705390,Subramanya N,55616096,2953.5,EpisodeType.EPISODE_TYPE_PUBLIC,Subramanya N,little_d1d1,99053.0,109065.0,LOSS,exact,720,30379354,replays/gold_top10_macro_intent_v1/episode-94456328-replay.json,gold_top10_macro_intent_v1,N334,1,1,0.0
124,94456434,1,2,16644287,Ryo Hasegawa,55614463,3059.7,EpisodeType.EPISODE_TYPE_PUBLIC,Ryo Hasegawa,peikopon,134363.0,123128.0,WIN,exact,720,31106397,replays/gold_top10_macro_intent_v1/episode-94456434-replay.json,gold_top10_macro_intent_v1,N030,4,0,0.06634652614593506
125,94457070,0,5,16711376,Arman Tuganbaev,55617399,2897.3,EpisodeType.EPISODE_TYPE_PUBLIC,Arman Tuganbaev,Mohan Prasath P,100582.0,98203.0,WIN,exact,720,31777939,replays/gold_top10_macro_intent_v1/episode-94457070-replay.json,gold_top10_macro_intent_v1,N001,1764,0,0.05810551717877388
126,94457211,0,3,16705390,Subramanya N,55616096,2953.5,EpisodeType.EPISODE_TYPE_PUBLIC,Subramanya N,tetsu2131,127670.0,121958.0,WIN,exact,720,31311226,replays/gold_top10_macro_intent_v1/episode-94457211-replay.json,gold_top10_macro_intent_v1,N159,1,1,0.0
127,94457314,1,2,16644287,Ryo Hasegawa,55614463,3059.7,EpisodeType.EPISODE_TYPE_PUBLIC,Ryo Hasegawa,Xiaowenhao404,88232.0,82306.0,WIN,exact,720,31020122,replays/gold_top10_macro_intent_v1/episode-94457314-replay.json,gold_top10_macro_intent_v1,N421,1,1,0.0
128,94457958,0,5,16711376,Arman Tuganbaev,55617399,2897.3,EpisodeType.EPISODE_TYPE_PUBLIC,Arman Tuganbaev,张广麒,114828.0,106941.0,WIN,exact,720,31469416,replays/gold_top10_macro_intent_v1/episode-94457958-replay.json,gold_top10_macro_intent_v1,N017,8,0,0.003727932460606098
129,94458085,0,3,16705390,Subramanya N,55616096,2953.5,EpisodeType.EPISODE_TYPE_PUBLIC,Subramanya N,Jacob Alstrup,123713.0,116728.0,WIN,exact,720,30750182,replays/gold_top10_macro_intent_v1/episode-94458085-replay.json,gold_top10_macro_intent_v1,N060,2,1,0.0
130,94458182,1,2,16644287,Ryo Hasegawa,55614463,3059.7,EpisodeType.EPISODE_TYPE_PUBLIC,Ryo Hasegawa,カワシギ,100863.0,95553.0,WIN,exact,720,32072595,replays/gold_top10_macro_intent_v1/episode-94458182-replay.json,gold_top10_macro_intent_v1,N013,9,0,0.07195925712585449
131,94458226,1,2,16644287,Ryo Hasegawa,55614463,3059.7,EpisodeType.EPISODE_TYPE_PUBLIC,Ryo Hasegawa,カワシギ,128375.0,115466.0,WIN,exact,720,30911875,replays/gold_top10_macro_intent_v1/episode-94458226-replay.json,gold_top10_macro_intent_v1,N056,2,1,0.0
132,94458847,0,5,16711376,Arman Tuganbaev,55617399,2897.3,EpisodeType.EPISODE_TYPE_PUBLIC,Arman Tuganbaev,Mina Gayid,78809.0,73948.0,WIN,exact,720,31799237,replays/gold_top10_macro_intent_v1/episode-94458847-replay.json,gold_top10_macro_intent_v1,N001,1764,0,0.05355772376060486
133,94458965,0,3,16705390,Subramanya N,55616096,2953.5,EpisodeType.EPISODE_TYPE_PUBLIC,Subramanya N,Octavi Grau,151072.0,141912.0,WIN,exact,720,29973995,replays/gold_top10_macro_intent_v1/episode-94458965-replay.json,gold_top10_macro_intent_v1,N052,2,1,0.0
134,94459078,0,2,16644287,Ryo Hasegawa,55614463,3059.7,EpisodeType.EPISODE_TYPE_PUBLIC,Ryo Hasegawa,ReCurSiON,95899.0,81143.0,WIN,exact,720,31744860,replays/gold_top10_macro_intent_v1/episode-94459078-replay.json,gold_top10_macro_intent_v1,N102,2,1,0.0
135,94459739,0,5,16711376,Arman Tuganbaev,55617399,2897.3,EpisodeType.EPISODE_TYPE_PUBLIC,Arman Tuganbaev,GUGUGAGA,106498.0,91790.0,WIN,exact,720,31687069,replays/gold_top10_macro_intent_v1/episode-94459739-replay.json,gold_top10_macro_intent_v1,N003,247,0,0.08592236042022705
136,94459848,0,3,16705390,Subramanya N,55616096,2953.5,EpisodeType.EPISODE_TYPE_PUBLIC,Subramanya N,Yura,81059.0,77475.0,WIN,exact,720,30159656,replays/gold_top10_macro_intent_v1/episode-94459848-replay.json,gold_top10_macro_intent_v1,N491,1,1,0.0
137,94459964,0,2,16644287,Ryo Hasegawa,55614463,3059.7,EpisodeType.EPISODE_TYPE_PUBLIC,Ryo Hasegawa,Galaxantic,72825.0,55198.0,WIN,exact,720,31407938,replays/gold_top10_macro_intent_v1/episode-94459964-replay.json,gold_top10_macro_intent_v1,N104,2,0,0.10715408623218536
138,94460631,1,5,16711376,Arman Tuganbaev,55617399,2897.3,EpisodeType.EPISODE_TYPE_PUBLIC,Arman Tuganbaev,ИТМОНИ AI B2B 67 SaaS,109948.0,102503.0,WIN,exact,720,31839839,replays/gold_top10_macro_intent_v1/episode-94460631-replay.json,gold_top10_macro_intent_v1,N087,2,1,0.0
139,94460738,0,3,16705390,Subramanya N,55616096,2953.5,EpisodeType.EPISODE_TYPE_PUBLIC,Subramanya N,Xiaowenhao404,113448.0,98603.0,WIN,exact,720,31104786,replays/gold_top10_macro_intent_v1/episode-94460738-replay.json,gold_top10_macro_intent_v1,N229,1,1,0.0
140,94460852,1,2,16644287,Ryo Hasegawa,55614463,3059.7,EpisodeType.EPISODE_TYPE_PUBLIC,Ryo Hasegawa,peikopon,84928.0,76307.0,WIN,exact,720,31034400,replays/gold_top10_macro_intent_v1/episode-94460852-replay.json,gold_top10_macro_intent_v1,N448,1,1,0.0
141,94461531,1,5,16711376,Arman Tuganbaev,55617399,2897.3,EpisodeType.EPISODE_TYPE_PUBLIC,Arman Tuganbaev,alban,101080.0,81798.0,WIN,exact,720,31237502,replays/gold_top10_macro_intent_v1/episode-94461531-replay.json,gold_top10_macro_intent_v1,N002,260,0,0.05215727910399437
142,94461629,0,3,16705390,Subramanya N,55616096,2953.5,EpisodeType.EPISODE_TYPE_PUBLIC,Subramanya N,Seb (allegedly),116163.0,110030.0,WIN,exact,720,30452963,replays/gold_top10_macro_intent_v1/episode-94461629-replay.json,gold_top10_macro_intent_v1,N210,1,1,0.0
143,94461751,0,2,16644287,Ryo Hasegawa,55614463,3059.7,EpisodeType.EPISODE_TYPE_PUBLIC,Ryo Hasegawa,カワシギ,114111.0,112726.0,WIN,exact,720,32162933,replays/gold_top10_macro_intent_v1/episode-94461751-replay.json,gold_top10_macro_intent_v1,N018,7,0,0.1276998072862625
144,94462431,0,5,16711376,Arman Tuganbaev,55617399,2897.3,EpisodeType.EPISODE_TYPE_PUBLIC,Arman Tuganbaev,Bruce Zheng,109094.0,100394.0,WIN,exact,720,31770713,replays/gold_top10_macro_intent_v1/episode-94462431-replay.json,gold_top10_macro_intent_v1,N001,1764,0,0.06106843054294586
145,94462531,1,3,16705390,Subramanya N,55616096,2953.5,EpisodeType.EPISODE_TYPE_PUBLIC,Subramanya N,u,75298.0,68094.0,WIN,exact,720,30203780,replays/gold_top10_macro_intent_v1/episode-94462531-replay.json,gold_top10_macro_intent_v1,N546,1,1,0.0
146,94462645,1,2,16644287,Ryo Hasegawa,55614463,3059.7,EpisodeType.EPISODE_TYPE_PUBLIC,Ryo Hasegawa,カワシギ,80441.0,72616.0,WIN,exact,720,31241735,replays/gold_top10_macro_intent_v1/episode-94462645-replay.json,gold_top10_macro_intent_v1,N034,4,0,0.07182944566011429
147,94463341,0,5,16711376,Arman Tuganbaev,55617399,2897.3,EpisodeType.EPISODE_TYPE_PUBLIC,Arman Tuganbaev,Rishi Jain,86821.0,76931.0,WIN,exact,720,31197371,replays/gold_top10_macro_intent_v1/episode-94463341-replay.json,gold_top10_macro_intent_v1,N008,13,0,0.006892150733619928
148,94463387,1,3,16705390,Subramanya N,55616096,2953.5,EpisodeType.EPISODE_TYPE_PUBLIC,Subramanya N,Aastik Rajan15,85844.0,73908.0,WIN,exact,720,30286081,replays/gold_top10_macro_intent_v1/episode-94463387-replay.json,gold_top10_macro_intent_v1,N438,1,1,0.0
149,94463541,0,2,16644287,Ryo Hasegawa,55614463,3059.7,EpisodeType.EPISODE_TYPE_PUBLIC,Ryo Hasegawa,カワシギ,69093.0,58123.0,WIN,exact,720,31063604,replays/gold_top10_macro_intent_v1/episode-94463541-replay.json,gold_top10_macro_intent_v1,N598,1,1,0.0
150,94464220,1,5,16711376,Arman Tuganbaev,55617399,2897.3,EpisodeType.EPISODE_TYPE_PUBLIC,Arman Tuganbaev,João Victor,95894.0,80040.0,WIN,exact,720,31616093,replays/gold_top10_macro_intent_v1/episode-94464220-replay.json,gold_top10_macro_intent_v1,N002,260,1,0.0
151,94464317,0,3,16705390,Subramanya N,55616096,2953.5,EpisodeType.EPISODE_TYPE_PUBLIC,Subramanya N,DeeperNet,110295.0,120030.0,LOSS,exact,720,30390039,replays/gold_top10_macro_intent_v1/episode-94464317-replay.json,gold_top10_macro_intent_v1,N071,2,1,0.0
152,94465110,1,5,16711376,Arman Tuganbaev,55617399,2897.3,EpisodeType.EPISODE_TYPE_PUBLIC,Arman Tuganbaev,tetsu2131,71733.0,63441.0,WIN,exact,720,31760454,replays/gold_top10_macro_intent_v1/episode-94465110-replay.json,gold_top10_macro_intent_v1,N032,4,0,0.10131483525037766
153,94465213,1,3,16705390,Subramanya N,55616096,2953.5,EpisodeType.EPISODE_TYPE_PUBLIC,Subramanya N,RicardoLópez,128687.0,110401.0,WIN,exact,720,30890043,replays/gold_top10_macro_intent_v1/episode-94465213-replay.json,gold_top10_macro_intent_v1,N154,1,1,0.0
154,94465243,1,5,16711376,Arman Tuganbaev,55617399,2897.3,EpisodeType.EPISODE_TYPE_PUBLIC,Arman Tuganbaev,2/3 rounded to two decimals,56973.0,38782.0,WIN,exact,720,29645647,replays/gold_top10_macro_intent_v1/episode-94465243-replay.json,gold_top10_macro_intent_v1,N039,4,0,0.14618349075317383
155,94465995,1,5,16711376,Arman Tuganbaev,55617399,2897.3,EpisodeType.EPISODE_TYPE_PUBLIC,Arman Tuganbaev,philip georgiev,121005.0,109484.0,WIN,exact,720,30940104,replays/gold_top10_macro_intent_v1/episode-94465995-replay.json,gold_top10_macro_intent_v1,N184,1,1,0.0
156,94466096,1,3,16705390,Subramanya N,55616096,2953.5,EpisodeType.EPISODE_TYPE_PUBLIC,Subramanya N,tetsu2131,81693.0,59436.0,WIN,exact,720,30760200,replays/gold_top10_macro_intent_v1/episode-94466096-replay.json,gold_top10_macro_intent_v1,N487,1,1,0.0
157,94466878,0,5,16711376,Arman Tuganbaev,55617399,2897.3,EpisodeType.EPISODE_TYPE_PUBLIC,Arman Tuganbaev,Cyrus,106061.0,98337.0,WIN,exact,720,31645353,replays/gold_top10_macro_intent_v1/episode-94466878-replay.json,gold_top10_macro_intent_v1,N260,1,1,0.0
158,94466981,1,3,16705390,Subramanya N,55616096,2953.5,EpisodeType.EPISODE_TYPE_PUBLIC,Subramanya N,James Holland,111494.0,95350.0,WIN,exact,720,30245972,replays/gold_top10_macro_intent_v1/episode-94466981-replay.json,gold_top10_macro_intent_v1,N072,2,0,0.10701673477888107
159,94467763,1,5,16711376,Arman Tuganbaev,55617399,2897.3,EpisodeType.EPISODE_TYPE_PUBLIC,Arman Tuganbaev,Lindicaphxag,114502.0,102216.0,WIN,exact,720,30537688,replays/gold_top10_macro_intent_v1/episode-94467763-replay.json,gold_top10_macro_intent_v1,N049,3,0,0.06004704535007477
160,94467866,1,3,16705390,Subramanya N,55616096,2953.5,EpisodeType.EPISODE_TYPE_PUBLIC,Subramanya N,RicardoLópez,78797.0,70585.0,WIN,exact,720,29664382,replays/gold_top10_macro_intent_v1/episode-94467866-replay.json,gold_top10_macro_intent_v1,N516,1,1,0.0
161,94468642,1,5,16711376,Arman Tuganbaev,55617399,2897.3,EpisodeType.EPISODE_TYPE_PUBLIC,Arman Tuganbaev,Bruce,54802.0,45778.0,WIN,exact,720,31426211,replays/gold_top10_macro_intent_v1/episode-94468642-replay.json,gold_top10_macro_intent_v1,N011,11,0,0.09229948371648788
162,94468747,1,3,16705390,Subramanya N,55616096,2953.5,EpisodeType.EPISODE_TYPE_PUBLIC,Subramanya N,boatlee,117357.0,80754.0,WIN,exact,720,30151714,replays/gold_top10_macro_intent_v1/episode-94468747-replay.json,gold_top10_macro_intent_v1,N204,1,1,0.0
163,94469527,1,5,16711376,Arman Tuganbaev,55617399,2897.3,EpisodeType.EPISODE_TYPE_PUBLIC,Arman Tuganbaev,RicardoLópez,96914.0,72223.0,WIN,exact,720,31972340,replays/gold_top10_macro_intent_v1/episode-94469527-replay.json,gold_top10_macro_intent_v1,N003,247,1,0.0
164,94469635,0,3,16705390,Subramanya N,55616096,2953.5,EpisodeType.EPISODE_TYPE_PUBLIC,Subramanya N,Khalid,162943.0,85779.0,WIN,exact,720,29632089,replays/gold_top10_macro_intent_v1/episode-94469635-replay.json,gold_top10_macro_intent_v1,N114,1,1,0.0
165,94470415,0,5,16711376,Arman Tuganbaev,55617399,2897.3,EpisodeType.EPISODE_TYPE_PUBLIC,Arman Tuganbaev,Moshel,104175.0,82840.0,WIN,exact,720,31579393,replays/gold_top10_macro_intent_v1/episode-94470415-replay.json,gold_top10_macro_intent_v1,N020,7,0,0.0038471927400678396
166,94470519,1,3,16705390,Subramanya N,55616096,2953.5,EpisodeType.EPISODE_TYPE_PUBLIC,Subramanya N,ych~sun,97218.0,105791.0,LOSS,exact,720,30227602,replays/gold_top10_macro_intent_v1/episode-94470519-replay.json,gold_top10_macro_intent_v1,N066,2,1,0.0
167,94471284,0,5,16711376,Arman Tuganbaev,55617399,2897.3,EpisodeType.EPISODE_TYPE_PUBLIC,Arman Tuganbaev,Syed Muhammad Gillani,69899.0,64487.0,WIN,exact,720,31293269,replays/gold_top10_macro_intent_v1/episode-94471284-replay.json,gold_top10_macro_intent_v1,N008,13,0,0.012366627342998981
168,94471389,0,3,16705390,Subramanya N,55616096,2953.5,EpisodeType.EPISODE_TYPE_PUBLIC,Subramanya N,Patrick Chan,76747.0,78100.0,LOSS,exact,720,29874847,replays/gold_top10_macro_intent_v1/episode-94471389-replay.json,gold_top10_macro_intent_v1,N531,1,1,0.0
169,94472165,0,5,16711376,Arman Tuganbaev,55617399,2897.3,EpisodeType.EPISODE_TYPE_PUBLIC,Arman Tuganbaev,James Holland,121368.0,148993.0,LOSS,exact,720,31046441,replays/gold_top10_macro_intent_v1/episode-94472165-replay.json,gold_top10_macro_intent_v1,N180,1,1,0.0
170,94472273,1,3,16705390,Subramanya N,55616096,2953.5,EpisodeType.EPISODE_TYPE_PUBLIC,Subramanya N,Dmitry Larko,66914.0,54848.0,WIN,exact,720,29996821,replays/gold_top10_macro_intent_v1/episode-94472273-replay.json,gold_top10_macro_intent_v1,N619,1,1,0.0
171,94472390,0,2,16644287,Ryo Hasegawa,55614463,3059.7,EpisodeType.EPISODE_TYPE_PUBLIC,Ryo Hasegawa,カワシギ,76635.0,67056.0,WIN,exact,720,32143377,replays/gold_top10_macro_intent_v1/episode-94472390-replay.json,gold_top10_macro_intent_v1,N013,9,0,0.08739323168992996
172,94473053,0,5,16711376,Arman Tuganbaev,55617399,2897.3,EpisodeType.EPISODE_TYPE_PUBLIC,Arman Tuganbaev,Khalid,62592.0,56243.0,WIN,exact,720,31416454,replays/gold_top10_macro_intent_v1/episode-94473053-replay.json,gold_top10_macro_intent_v1,N017,8,1,0.0
173,94473162,1,3,16705390,Subramanya N,55616096,2953.5,EpisodeType.EPISODE_TYPE_PUBLIC,Subramanya N,James Holland,109638.0,93372.0,WIN,exact,720,30320098,replays/gold_top10_macro_intent_v1/episode-94473162-replay.json,gold_top10_macro_intent_v1,N060,2,0,0.10394739359617233
174,94473936,1,5,16711376,Arman Tuganbaev,55617399,2897.3,EpisodeType.EPISODE_TYPE_PUBLIC,Arman Tuganbaev,Utkarsh #2,89318.0,86797.0,WIN,exact,720,31271760,replays/gold_top10_macro_intent_v1/episode-94473936-replay.json,gold_top10_macro_intent_v1,N011,11,0,0.08487808704376221
175,94474047,1,3,16705390,Subramanya N,55616096,2953.5,EpisodeType.EPISODE_TYPE_PUBLIC,Subramanya N,Kostiantyn Isaienkov,85117.0,80045.0,WIN,exact,720,30367418,replays/gold_top10_macro_intent_v1/episode-94474047-replay.json,gold_top10_macro_intent_v1,N093,2,1,0.0
176,94474821,0,5,16711376,Arman Tuganbaev,55617399,2897.3,EpisodeType.EPISODE_TYPE_PUBLIC,Arman Tuganbaev,HKmgikao,71583.0,62141.0,WIN,exact,720,31452562,replays/gold_top10_macro_intent_v1/episode-94474821-replay.json,gold_top10_macro_intent_v1,N017,8,0,0.012236608192324638
177,94474929,0,3,16705390,Subramanya N,55616096,2953.5,EpisodeType.EPISODE_TYPE_PUBLIC,Subramanya N,NCK,77373.0,64526.0,WIN,exact,720,30446216,replays/gold_top10_macro_intent_v1/episode-94474929-replay.json,gold_top10_macro_intent_v1,N522,1,1,0.0
178,94475712,1,5,16711376,Arman Tuganbaev,55617399,2897.3,EpisodeType.EPISODE_TYPE_PUBLIC,Arman Tuganbaev,Ueddy,98001.0,100222.0,LOSS,exact,720,32065066,replays/gold_top10_macro_intent_v1/episode-94475712-replay.json,gold_top10_macro_intent_v1,N021,7,1,0.0
179,94475815,1,3,16705390,Subramanya N,55616096,2953.5,EpisodeType.EPISODE_TYPE_PUBLIC,Subramanya N,James Holland,106782.0,102146.0,WIN,exact,720,29953884,replays/gold_top10_macro_intent_v1/episode-94475815-replay.json,gold_top10_macro_intent_v1,N257,1,1,0.0
180,94476592,0,5,16711376,Arman Tuganbaev,55617399,2897.3,EpisodeType.EPISODE_TYPE_PUBLIC,Arman Tuganbaev,Moshel,118728.0,113509.0,WIN,exact,720,31560936,replays/gold_top10_macro_intent_v1/episode-94476592-replay.json,gold_top10_macro_intent_v1,N032,4,1,0.0
181,94476699,0,3,16705390,Subramanya N,55616096,2953.5,EpisodeType.EPISODE_TYPE_PUBLIC,Subramanya N,boatlee,71457.0,28342.0,WIN,exact,720,30007241,replays/gold_top10_macro_intent_v1/episode-94476699-replay.json,gold_top10_macro_intent_v1,N581,1,1,0.0
182,94477482,1,5,16711376,Arman Tuganbaev,55617399,2897.3,EpisodeType.EPISODE_TYPE_PUBLIC,Arman Tuganbaev,One-For-All,84973.0,68842.0,WIN,exact,720,31989164,replays/gold_top10_macro_intent_v1/episode-94477482-replay.json,gold_top10_macro_intent_v1,N003,247,0,0.05362642928957939
183,94477587,0,3,16705390,Subramanya N,55616096,2953.5,EpisodeType.EPISODE_TYPE_PUBLIC,Subramanya N,TIM,79437.0,81922.0,LOSS,exact,720,29745878,replays/gold_top10_macro_intent_v1/episode-94477587-replay.json,gold_top10_macro_intent_v1,N508,1,1,0.0
184,94478362,1,5,16711376,Arman Tuganbaev,55617399,2897.3,EpisodeType.EPISODE_TYPE_PUBLIC,Arman Tuganbaev,TIM,134389.0,121842.0,WIN,exact,720,31824639,replays/gold_top10_macro_intent_v1/episode-94478362-replay.json,gold_top10_macro_intent_v1,N001,1764,1,0.0
185,94478464,1,3,16705390,Subramanya N,55616096,2953.5,EpisodeType.EPISODE_TYPE_PUBLIC,Subramanya N,yaphel lee,73329.0,54888.0,WIN,exact,720,30389901,replays/gold_top10_macro_intent_v1/episode-94478464-replay.json,gold_top10_macro_intent_v1,N564,1,1,0.0
186,94479250,1,5,16711376,Arman Tuganbaev,55617399,2897.3,EpisodeType.EPISODE_TYPE_PUBLIC,Arman Tuganbaev,Thomas Tschinkel,65536.0,61394.0,WIN,exact,720,30804773,replays/gold_top10_macro_intent_v1/episode-94479250-replay.json,gold_top10_macro_intent_v1,N046,3,0,0.08139889687299728
187,94479353,0,3,16705390,Subramanya N,55616096,2953.5,EpisodeType.EPISODE_TYPE_PUBLIC,Subramanya N,Eddy Despradel,84124.0,87243.0,LOSS,exact,720,29877497,replays/gold_top10_macro_intent_v1/episode-94479353-replay.json,gold_top10_macro_intent_v1,N461,1,1,0.0
188,94480140,0,5,16711376,Arman Tuganbaev,55617399,2897.3,EpisodeType.EPISODE_TYPE_PUBLIC,Arman Tuganbaev,TIM,101695.0,95700.0,WIN,exact,720,31996125,replays/gold_top10_macro_intent_v1/episode-94480140-replay.json,gold_top10_macro_intent_v1,N021,7,0,0.014008504338562489
189,94480240,0,3,16705390,Subramanya N,55616096,2953.5,EpisodeType.EPISODE_TYPE_PUBLIC,Subramanya N,Thomas Tschinkel,117726.0,104383.0,WIN,exact,720,30084336,replays/gold_top10_macro_intent_v1/episode-94480240-replay.json,gold_top10_macro_intent_v1,N203,1,1,0.0
190,94481020,1,5,16711376,Arman Tuganbaev,55617399,2897.3,EpisodeType.EPISODE_TYPE_PUBLIC,Arman Tuganbaev,Dmitry Larko,107632.0,101063.0,WIN,exact,720,32089611,replays/gold_top10_macro_intent_v1/episode-94481020-replay.json,gold_top10_macro_intent_v1,N003,247,0,0.08500988036394119
191,94481118,0,3,16705390,Subramanya N,55616096,2953.5,EpisodeType.EPISODE_TYPE_PUBLIC,Subramanya N,Dmitry Larko,102282.0,81862.0,WIN,exact,720,29659116,replays/gold_top10_macro_intent_v1/episode-94481118-replay.json,gold_top10_macro_intent_v1,N293,1,1,0.0
192,94481907,1,3,16705390,Subramanya N,55616096,2953.5,EpisodeType.EPISODE_TYPE_PUBLIC,Subramanya N,Arman Tuganbaev,74346.0,80106.0,LOSS,exact,720,28617116,replays/gold_top10_macro_intent_v1/episode-94481907-replay.json,gold_top10_macro_intent_v1,N558,1,1,0.0
193,94481907,0,5,16711376,Arman Tuganbaev,55617399,2897.3,EpisodeType.EPISODE_TYPE_PUBLIC,Arman Tuganbaev,Subramanya N,80106.0,74346.0,WIN,exact,720,28617116,replays/gold_top10_macro_intent_v1/episode-94481907-replay.json,gold_top10_macro_intent_v1,N010,11,0,0.03216049447655678
194,94482001,1,3,16705390,Subramanya N,55616096,2953.5,EpisodeType.EPISODE_TYPE_PUBLIC,Subramanya N,Utkarsh #2,128980.0,131812.0,LOSS,exact,720,30408577,replays/gold_top10_macro_intent_v1/episode-94482001-replay.json,gold_top10_macro_intent_v1,N066,2,0,0.09357237070798874
195,94482789,0,5,16711376,Arman Tuganbaev,55617399,2897.3,EpisodeType.EPISODE_TYPE_PUBLIC,Arman Tuganbaev,Efe Can Celiksoy,91835.0,92423.0,LOSS,exact,720,31844177,replays/gold_top10_macro_intent_v1/episode-94482789-replay.json,gold_top10_macro_intent_v1,N001,1764,0,0.0608905591070652
196,94482934,1,3,16705390,Subramanya N,55616096,2953.5,EpisodeType.EPISODE_TYPE_PUBLIC,Subramanya N,Patrick Chan,112801.0,83294.0,WIN,exact,720,29837503,replays/gold_top10_macro_intent_v1/episode-94482934-replay.json,gold_top10_macro_intent_v1,N231,1,1,0.0
197,94482951,0,2,16644287,Ryo Hasegawa,55614463,3059.7,EpisodeType.EPISODE_TYPE_PUBLIC,Ryo Hasegawa,カワシギ,90226.0,75120.0,WIN,exact,720,32208070,replays/gold_top10_macro_intent_v1/episode-94482951-replay.json,gold_top10_macro_intent_v1,N402,1,1,0.0
198,94483680,0,5,16711376,Arman Tuganbaev,55617399,2897.3,EpisodeType.EPISODE_TYPE_PUBLIC,Arman Tuganbaev,Xiaowenhao404,97021.0,83583.0,WIN,exact,720,32450357,replays/gold_top10_macro_intent_v1/episode-94483680-replay.json,gold_top10_macro_intent_v1,N003,247,0,0.04230646416544914
199,94484577,1,5,16711376,Arman Tuganbaev,55617399,2897.3,EpisodeType.EPISODE_TYPE_PUBLIC,Arman Tuganbaev,peikopon,96789.0,88860.0,WIN,exact,720,31176382,replays/gold_top10_macro_intent_v1/episode-94484577-replay.json,gold_top10_macro_intent_v1,N008,13,1,0.0
200,94485464,1,5,16711376,Arman Tuganbaev,55617399,2897.3,EpisodeType.EPISODE_TYPE_PUBLIC,Arman Tuganbaev,ReCurSiON,98280.0,96148.0,WIN,exact,720,31600540,replays/gold_top10_macro_intent_v1/episode-94485464-replay.json,gold_top10_macro_intent_v1,N026,5,0,0.08707380294799805
201,94486349,0,5,16711376,Arman Tuganbaev,55617399,2897.3,EpisodeType.EPISODE_TYPE_PUBLIC,Arman Tuganbaev,Galaxantic,87062.0,80258.0,WIN,exact,720,31455709,replays/gold_top10_macro_intent_v1/episode-94486349-replay.json,gold_top10_macro_intent_v1,N017,8,0,0.03333647549152374
202,94487225,1,5,16711376,Arman Tuganbaev,55617399,2897.3,EpisodeType.EPISODE_TYPE_PUBLIC,Arman Tuganbaev,Eddy Despradel,122144.0,125351.0,LOSS,exact,720,31423178,replays/gold_top10_macro_intent_v1/episode-94487225-replay.json,gold_top10_macro_intent_v1,N017,8,0,0.03257236257195473
203,94487379,1,3,16705390,Subramanya N,55616096,2953.5,EpisodeType.EPISODE_TYPE_PUBLIC,Subramanya N,automatylicza,86002.0,83023.0,WIN,exact,720,29933429,replays/gold_top10_macro_intent_v1/episode-94487379-replay.json,gold_top10_macro_intent_v1,N096,2,0,0.10049544274806976
204,94488124,1,5,16711376,Arman Tuganbaev,55617399,2897.3,EpisodeType.EPISODE_TYPE_PUBLIC,Arman Tuganbaev,Kostiantyn Isaienkov,108844.0,106530.0,WIN,exact,720,31516669,replays/gold_top10_macro_intent_v1/episode-94488124-replay.json,gold_top10_macro_intent_v1,N017,8,0,0.046618230640888214
205,94489011,0,5,16711376,Arman Tuganbaev,55617399,2897.3,EpisodeType.EPISODE_TYPE_PUBLIC,Arman Tuganbaev,Xiaowenhao404,71287.0,55370.0,WIN,exact,720,31691538,replays/gold_top10_macro_intent_v1/episode-94489011-replay.json,gold_top10_macro_intent_v1,N025,5,0,0.0034848484210669994
206,94489889,1,5,16711376,Arman Tuganbaev,55617399,2897.3,EpisodeType.EPISODE_TYPE_PUBLIC,Arman Tuganbaev,Galaxantic,105531.0,85321.0,WIN,exact,720,31855276,replays/gold_top10_macro_intent_v1/episode-94489889-replay.json,gold_top10_macro_intent_v1,N003,247,0,0.04708351567387581
207,94490775,1,5,16711376,Arman Tuganbaev,55617399,2897.3,EpisodeType.EPISODE_TYPE_PUBLIC,Arman Tuganbaev,Efe Can Celiksoy,153953.0,147659.0,WIN,exact,720,31886510,replays/gold_top10_macro_intent_v1/episode-94490775-replay.json,gold_top10_macro_intent_v1,N001,1764,0,0.05352126434445381
208,94491659,1,5,16711376,Arman Tuganbaev,55617399,2897.3,EpisodeType.EPISODE_TYPE_PUBLIC,Arman Tuganbaev,Xiaowenhao404,84761.0,77279.0,WIN,exact,720,30651082,replays/gold_top10_macro_intent_v1/episode-94491659-replay.json,gold_top10_macro_intent_v1,N049,3,0,0.003378787776455283
209,94492529,1,5,16711376,Arman Tuganbaev,55617399,2897.3,EpisodeType.EPISODE_TYPE_PUBLIC,Arman Tuganbaev,peikopon,72383.0,64814.0,WIN,exact,720,31154193,replays/gold_top10_macro_intent_v1/episode-94492529-replay.json,gold_top10_macro_intent_v1,N008,13,0,0.0
210,94492617,1,2,16644287,Ryo Hasegawa,55614463,3059.7,EpisodeType.EPISODE_TYPE_PUBLIC,Ryo Hasegawa,tetsuya,86268.0,98553.0,LOSS,exact,720,30928711,replays/gold_top10_macro_intent_v1/episode-94492617-replay.json,gold_top10_macro_intent_v1,N436,1,1,0.0
211,94493425,1,5,16711376,Arman Tuganbaev,55617399,2897.3,EpisodeType.EPISODE_TYPE_PUBLIC,Arman Tuganbaev,Xiaowenhao404,72789.0,63387.0,WIN,exact,720,31227809,replays/gold_top10_macro_intent_v1/episode-94493425-replay.json,gold_top10_macro_intent_v1,N008,13,0,0.0
212,94493570,1,3,16705390,Subramanya N,55616096,2953.5,EpisodeType.EPISODE_TYPE_PUBLIC,Subramanya N,Dmitry Larko,145651.0,119365.0,WIN,exact,720,30662221,replays/gold_top10_macro_intent_v1/episode-94493570-replay.json,gold_top10_macro_intent_v1,N125,1,1,0.0
213,94494307,1,5,16711376,Arman Tuganbaev,55617399,2897.3,EpisodeType.EPISODE_TYPE_PUBLIC,Arman Tuganbaev,Michael Timbs,101482.0,76835.0,WIN,exact,720,31834507,replays/gold_top10_macro_intent_v1/episode-94494307-replay.json,gold_top10_macro_intent_v1,N025,5,1,0.0
214,94495193,1,5,16711376,Arman Tuganbaev,55617399,2897.3,EpisodeType.EPISODE_TYPE_PUBLIC,Arman Tuganbaev,Galaxantic,44765.0,37481.0,WIN,exact,720,30669567,replays/gold_top10_macro_intent_v1/episode-94495193-replay.json,gold_top10_macro_intent_v1,N040,4,1,0.0
215,94496074,1,5,16711376,Arman Tuganbaev,55617399,2897.3,EpisodeType.EPISODE_TYPE_PUBLIC,Arman Tuganbaev,Kobe BRYANT,112822.0,100421.0,WIN,exact,720,31575531,replays/gold_top10_macro_intent_v1/episode-94496074-replay.json,gold_top10_macro_intent_v1,N022,6,0,0.01649397984147072
216,94496967,1,5,16711376,Arman Tuganbaev,55617399,2897.3,EpisodeType.EPISODE_TYPE_PUBLIC,Arman Tuganbaev,peikopon,108900.0,104285.0,WIN,exact,720,31760896,replays/gold_top10_macro_intent_v1/episode-94496967-replay.json,gold_top10_macro_intent_v1,N001,1764,0,0.05537688359618187
217,94497852,0,5,16711376,Arman Tuganbaev,55617399,2897.3,EpisodeType.EPISODE_TYPE_PUBLIC,Arman Tuganbaev,ReCurSiON,56811.0,48639.0,WIN,exact,720,31670355,replays/gold_top10_macro_intent_v1/episode-94497852-replay.json,gold_top10_macro_intent_v1,N024,6,0,0.05958518385887146
218,94498749,0,5,16711376,Arman Tuganbaev,55617399,2897.3,EpisodeType.EPISODE_TYPE_PUBLIC,Arman Tuganbaev,ReCurSiON,124004.0,94408.0,WIN,exact,720,30623473,replays/gold_top10_macro_intent_v1/episode-94498749-replay.json,gold_top10_macro_intent_v1,N005,27,0,0.03119228407740593
219,94498793,0,2,16644287,Ryo Hasegawa,55614463,3059.7,EpisodeType.EPISODE_TYPE_PUBLIC,Ryo Hasegawa,カワシギ,96736.0,90378.0,WIN,exact,720,31135343,replays/gold_top10_macro_intent_v1/episode-94498793-replay.json,gold_top10_macro_intent_v1,N355,1,1,0.0
220,94499615,1,2,16644287,Ryo Hasegawa,55614463,3059.7,EpisodeType.EPISODE_TYPE_PUBLIC,Ryo Hasegawa,Arman Tuganbaev,87650.0,88182.0,LOSS,exact,720,32274456,replays/gold_top10_macro_intent_v1/episode-94499615-replay.json,gold_top10_macro_intent_v1,N065,2,1,0.0
221,94499615,0,5,16711376,Arman Tuganbaev,55617399,2897.3,EpisodeType.EPISODE_TYPE_PUBLIC,Arman Tuganbaev,Ryo Hasegawa,88182.0,87650.0,WIN,exact,720,32274456,replays/gold_top10_macro_intent_v1/episode-94499615-replay.json,gold_top10_macro_intent_v1,N021,7,0,0.09521957486867905
222,94500501,0,5,16711376,Arman Tuganbaev,55617399,2897.3,EpisodeType.EPISODE_TYPE_PUBLIC,Arman Tuganbaev,Xiaowenhao404,83615.0,69521.0,WIN,exact,720,31193329,replays/gold_top10_macro_intent_v1/episode-94500501-replay.json,gold_top10_macro_intent_v1,N008,13,0,0.021089138463139534
223,94501384,0,5,16711376,Arman Tuganbaev,55617399,2897.3,EpisodeType.EPISODE_TYPE_PUBLIC,Arman Tuganbaev,peikopon,136612.0,131287.0,WIN,exact,720,31781883,replays/gold_top10_macro_intent_v1/episode-94501384-replay.json,gold_top10_macro_intent_v1,N001,1764,0,0.05355957895517349
224,94502275,0,5,16711376,Arman Tuganbaev,55617399,2897.3,EpisodeType.EPISODE_TYPE_PUBLIC,Arman Tuganbaev,カワシギ,79113.0,68748.0,WIN,exact,720,32305878,replays/gold_top10_macro_intent_v1/episode-94502275-replay.json,gold_top10_macro_intent_v1,N003,247,0,0.08038754761219025
225,94502341,0,3,16705390,Subramanya N,55616096,2953.5,EpisodeType.EPISODE_TYPE_PUBLIC,Subramanya N,Dmitry Larko,85998.0,77700.0,WIN,exact,720,30292184,replays/gold_top10_macro_intent_v1/episode-94502341-replay.json,gold_top10_macro_intent_v1,N437,1,1,0.0
226,94503161,0,5,16711376,Arman Tuganbaev,55617399,2897.3,EpisodeType.EPISODE_TYPE_PUBLIC,Arman Tuganbaev,Xiaowenhao404,115040.0,102353.0,WIN,exact,720,31161886,replays/gold_top10_macro_intent_v1/episode-94503161-replay.json,gold_top10_macro_intent_v1,N045,3,1,0.0
227,94504057,0,5,16711376,Arman Tuganbaev,55617399,2897.3,EpisodeType.EPISODE_TYPE_PUBLIC,Arman Tuganbaev,Kobe BRYANT,120934.0,110881.0,WIN,exact,720,31937979,replays/gold_top10_macro_intent_v1/episode-94504057-replay.json,gold_top10_macro_intent_v1,N021,7,0,0.00756227970123291
228,94505721,0,3,16705390,Subramanya N,55616096,2953.5,EpisodeType.EPISODE_TYPE_PUBLIC,Subramanya N,katya barzova,62120.0,46944.0,WIN,exact,720,30563537,replays/gold_top10_macro_intent_v1/episode-94505721-replay.json,gold_top10_macro_intent_v1,N648,1,1,0.0
229,94506608,1,3,16705390,Subramanya N,55616096,2953.5,EpisodeType.EPISODE_TYPE_PUBLIC,Subramanya N,katya barzova,90840.0,75428.0,WIN,exact,720,30968786,replays/gold_top10_macro_intent_v1/episode-94506608-replay.json,gold_top10_macro_intent_v1,N394,1,1,0.0
230,94507639,1,2,16644287,Ryo Hasegawa,55614463,3059.7,EpisodeType.EPISODE_TYPE_PUBLIC,Ryo Hasegawa,Arman Tuganbaev,102825.0,100852.0,WIN,exact,720,31226549,replays/gold_top10_macro_intent_v1/episode-94507639-replay.json,gold_top10_macro_intent_v1,N013,9,0,0.017963847145438194
231,94507639,0,5,16711376,Arman Tuganbaev,55617399,2897.3,EpisodeType.EPISODE_TYPE_PUBLIC,Arman Tuganbaev,Ryo Hasegawa,100852.0,102825.0,LOSS,exact,720,31226549,replays/gold_top10_macro_intent_v1/episode-94507639-replay.json,gold_top10_macro_intent_v1,N003,247,0,0.07546278089284897
232,94514563,0,3,16705390,Subramanya N,55616096,2953.5,EpisodeType.EPISODE_TYPE_PUBLIC,Subramanya N,katya barzova,95653.0,104990.0,LOSS,exact,720,30182110,replays/gold_top10_macro_intent_v1/episode-94514563-replay.json,gold_top10_macro_intent_v1,N363,1,1,0.0
233,94515568,1,5,16711376,Arman Tuganbaev,55617399,2897.3,EpisodeType.EPISODE_TYPE_PUBLIC,Arman Tuganbaev,Thomas Tschinkel,118576.0,116800.0,WIN,exact,720,32044081,replays/gold_top10_macro_intent_v1/episode-94515568-replay.json,gold_top10_macro_intent_v1,N021,7,0,0.020733121782541275
234,94523511,0,2,16644287,Ryo Hasegawa,55614463,3059.7,EpisodeType.EPISODE_TYPE_PUBLIC,Ryo Hasegawa,Arman Tuganbaev,108484.0,115143.0,LOSS,exact,720,32446491,replays/gold_top10_macro_intent_v1/episode-94523511-replay.json,gold_top10_macro_intent_v1,N013,9,0,0.08615375310182571
235,94523511,1,5,16711376,Arman Tuganbaev,55617399,2897.3,EpisodeType.EPISODE_TYPE_PUBLIC,Arman Tuganbaev,Ryo Hasegawa,115143.0,108484.0,WIN,exact,720,32446491,replays/gold_top10_macro_intent_v1/episode-94523511-replay.json,gold_top10_macro_intent_v1,N219,1,1,0.0
236,94524399,0,2,16644287,Ryo Hasegawa,55614463,3059.7,EpisodeType.EPISODE_TYPE_PUBLIC,Ryo Hasegawa,カワシギ,81574.0,73574.0,WIN,exact,720,31517370,replays/gold_top10_macro_intent_v1/episode-94524399-replay.json,gold_top10_macro_intent_v1,N488,1,1,0.0
237,94524402,1,2,16644287,Ryo Hasegawa,55614463,3059.7,EpisodeType.EPISODE_TYPE_PUBLIC,Ryo Hasegawa,tetsuya,70296.0,63025.0,WIN,exact,720,31011364,replays/gold_top10_macro_intent_v1/episode-94524402-replay.json,gold_top10_macro_intent_v1,N592,1,1,0.0
238,94527006,0,3,16705390,Subramanya N,55616096,2953.5,EpisodeType.EPISODE_TYPE_PUBLIC,Subramanya N,boatlee,90864.0,73932.0,WIN,exact,720,29743705,replays/gold_top10_macro_intent_v1/episode-94527006-replay.json,gold_top10_macro_intent_v1,N086,2,0,0.03704434633255005
239,94532189,1,3,16705390,Subramanya N,55616096,2953.5,EpisodeType.EPISODE_TYPE_PUBLIC,Subramanya N,Kobe BRYANT,67594.0,49763.0,WIN,exact,720,30260012,replays/gold_top10_macro_intent_v1/episode-94532189-replay.json,gold_top10_macro_intent_v1,N610,1,1,0.0
240,94533143,1,3,16705390,Subramanya N,55616096,2953.5,EpisodeType.EPISODE_TYPE_PUBLIC,Subramanya N,Kobe BRYANT,90483.0,48581.0,WIN,exact,720,29507852,replays/gold_top10_macro_intent_v1/episode-94533143-replay.json,gold_top10_macro_intent_v1,N398,1,1,0.0
241,94536643,0,3,16705390,Subramanya N,55616096,2953.5,EpisodeType.EPISODE_TYPE_PUBLIC,Subramanya N,Kobe BRYANT,71976.0,38421.0,WIN,exact,720,29445197,replays/gold_top10_macro_intent_v1/episode-94536643-replay.json,gold_top10_macro_intent_v1,N108,2,1,0.0
242,94538501,0,3,16705390,Subramanya N,55616096,2953.5,EpisodeType.EPISODE_TYPE_PUBLIC,Subramanya N,Kostiantyn Isaienkov,79522.0,87045.0,LOSS,exact,720,30102783,replays/gold_top10_macro_intent_v1/episode-94538501-replay.json,gold_top10_macro_intent_v1,N094,2,1,0.0
243,94541153,1,2,16644287,Ryo Hasegawa,55614463,3059.7,EpisodeType.EPISODE_TYPE_PUBLIC,Ryo Hasegawa,Arman Tuganbaev,155320.0,149005.0,WIN,exact,720,32160083,replays/gold_top10_macro_intent_v1/episode-94541153-replay.json,gold_top10_macro_intent_v1,N007,16,0,0.03339763730764389
244,94541153,0,5,16711376,Arman Tuganbaev,55617399,2897.3,EpisodeType.EPISODE_TYPE_PUBLIC,Arman Tuganbaev,Ryo Hasegawa,149005.0,155320.0,LOSS,exact,720,32160083,replays/gold_top10_macro_intent_v1/episode-94541153-replay.json,gold_top10_macro_intent_v1,N001,1764,0,0.06989925354719162
245,94544645,0,3,16705390,Subramanya N,55616096,2953.5,EpisodeType.EPISODE_TYPE_PUBLIC,Subramanya N,Kobe BRYANT,67755.0,58723.0,WIN,exact,720,29632188,replays/gold_top10_macro_intent_v1/episode-94544645-replay.json,gold_top10_macro_intent_v1,N609,1,1,0.0
246,94545575,1,5,16711376,Arman Tuganbaev,55617399,2897.3,EpisodeType.EPISODE_TYPE_PUBLIC,Arman Tuganbaev,カワシギ,106331.0,103080.0,WIN,exact,720,31047598,replays/gold_top10_macro_intent_v1/episode-94545575-replay.json,gold_top10_macro_intent_v1,N046,3,0,0.04803566634654999
247,94545578,0,2,16644287,Ryo Hasegawa,55614463,3059.7,EpisodeType.EPISODE_TYPE_PUBLIC,Ryo Hasegawa,tetsuya,104916.0,111372.0,LOSS,exact,720,30327902,replays/gold_top10_macro_intent_v1/episode-94545578-replay.json,gold_top10_macro_intent_v1,N271,1,1,0.0
248,94557872,0,3,16705390,Subramanya N,55616096,2953.5,EpisodeType.EPISODE_TYPE_PUBLIC,Subramanya N,u,123532.0,116188.0,WIN,exact,720,30663549,replays/gold_top10_macro_intent_v1/episode-94557872-replay.json,gold_top10_macro_intent_v1,N169,1,1,0.0
249,94568513,1,2,16644287,Ryo Hasegawa,55614463,3059.7,EpisodeType.EPISODE_TYPE_PUBLIC,Ryo Hasegawa,Arman Tuganbaev,59747.0,36966.0,WIN,exact,720,29826353,replays/gold_top10_macro_intent_v1/episode-94568513-replay.json,gold_top10_macro_intent_v1,N658,1,1,0.0
250,94568513,0,5,16711376,Arman Tuganbaev,55617399,2897.3,EpisodeType.EPISODE_TYPE_PUBLIC,Arman Tuganbaev,Ryo Hasegawa,36966.0,59747.0,LOSS,exact,720,29826353,replays/gold_top10_macro_intent_v1/episode-94568513-replay.json,gold_top10_macro_intent_v1,N039,4,0,0.0857439637184143
251,94568537,1,2,16644287,Ryo Hasegawa,55614463,3059.7,EpisodeType.EPISODE_TYPE_PUBLIC,Ryo Hasegawa,Arman Tuganbaev,94709.0,90841.0,WIN,exact,720,31018412,replays/gold_top10_macro_intent_v1/episode-94568537-replay.json,gold_top10_macro_intent_v1,N016,8,0,0.0658441111445427
252,94568537,0,5,16711376,Arman Tuganbaev,55617399,2897.3,EpisodeType.EPISODE_TYPE_PUBLIC,Arman Tuganbaev,Ryo Hasegawa,90841.0,94709.0,LOSS,exact,720,31018412,replays/gold_top10_macro_intent_v1/episode-94568537-replay.json,gold_top10_macro_intent_v1,N002,260,0,0.08895037323236465
253,94568538,0,2,16644287,Ryo Hasegawa,55614463,3059.7,EpisodeType.EPISODE_TYPE_PUBLIC,Ryo Hasegawa,tetsuya,94209.0,93887.0,WIN,exact,720,30709321,replays/gold_top10_macro_intent_v1/episode-94568538-replay.json,gold_top10_macro_intent_v1,N097,2,1,0.0
254,94570262,1,3,16705390,Subramanya N,55616096,2953.5,EpisodeType.EPISODE_TYPE_PUBLIC,Subramanya N,Crop Dusta,81807.0,91937.0,LOSS,exact,720,30492168,replays/gold_top10_macro_intent_v1/episode-94570262-replay.json,gold_top10_macro_intent_v1,N485,1,1,0.0
255,94577401,0,3,16705390,Subramanya N,55616096,2953.5,EpisodeType.EPISODE_TYPE_PUBLIC,Subramanya N,u,86646.0,80807.0,WIN,exact,720,31004836,replays/gold_top10_macro_intent_v1/episode-94577401-replay.json,gold_top10_macro_intent_v1,N432,1,1,0.0
256,94583354,1,5,16711376,Arman Tuganbaev,55617399,2897.3,EpisodeType.EPISODE_TYPE_PUBLIC,Arman Tuganbaev,カワシギ,113509.0,108094.0,WIN,exact,720,31920636,replays/gold_top10_macro_intent_v1/episode-94583354-replay.json,gold_top10_macro_intent_v1,N025,5,0,0.10178808867931366
257,94601030,0,2,16644287,Ryo Hasegawa,55614463,3059.7,EpisodeType.EPISODE_TYPE_PUBLIC,Ryo Hasegawa,tetsuya,58108.0,45605.0,WIN,exact,720,29881523,replays/gold_top10_macro_intent_v1/episode-94601030-replay.json,gold_top10_macro_intent_v1,N664,1,1,0.0
258,94601031,0,5,16711376,Arman Tuganbaev,55617399,2897.3,EpisodeType.EPISODE_TYPE_PUBLIC,Arman Tuganbaev,tetsuya,85356.0,84680.0,WIN,exact,720,31032086,replays/gold_top10_macro_intent_v1/episode-94601031-replay.json,gold_top10_macro_intent_v1,N008,13,0,0.04509168490767479
259,94614471,0,3,16705390,Subramanya N,55616096,2953.5,EpisodeType.EPISODE_TYPE_PUBLIC,Subramanya N,Eddy Despradel,76971.0,59156.0,WIN,exact,720,30167315,replays/gold_top10_macro_intent_v1/episode-94614471-replay.json,gold_top10_macro_intent_v1,N527,1,1,0.0
260,94617581,1,3,16705390,Subramanya N,55616096,2953.5,EpisodeType.EPISODE_TYPE_PUBLIC,Subramanya N,Izzoudine Mohamed KANTA,95687.0,86366.0,WIN,exact,720,30233542,replays/gold_top10_macro_intent_v1/episode-94617581-replay.json,gold_top10_macro_intent_v1,N362,1,1,0.0
261,94617605,1,3,16705390,Subramanya N,55616096,2953.5,EpisodeType.EPISODE_TYPE_PUBLIC,Subramanya N,StackKnight,101155.0,66738.0,WIN,exact,720,30558324,replays/gold_top10_macro_intent_v1/episode-94617605-replay.json,gold_top10_macro_intent_v1,N308,1,1,0.0
262,94621064,1,3,16705390,Subramanya N,55616096,2953.5,EpisodeType.EPISODE_TYPE_PUBLIC,Subramanya N,Izzoudine Mohamed KANTA,74774.0,62148.0,WIN,exact,720,30317869,replays/gold_top10_macro_intent_v1/episode-94621064-replay.json,gold_top10_macro_intent_v1,N553,1,1,0.0
263,94627672,0,3,16705390,Subramanya N,55616096,2953.5,EpisodeType.EPISODE_TYPE_PUBLIC,Subramanya N,Izzoudine Mohamed KANTA,62212.0,49703.0,WIN,exact,720,29632512,replays/gold_top10_macro_intent_v1/episode-94627672-replay.json,gold_top10_macro_intent_v1,N647,1,1,0.0
264,94636230,0,2,16644287,Ryo Hasegawa,55614463,3059.7,EpisodeType.EPISODE_TYPE_PUBLIC,Ryo Hasegawa,カワシギ,136059.0,119976.0,WIN,exact,720,31621630,replays/gold_top10_macro_intent_v1/episode-94636230-replay.json,gold_top10_macro_intent_v1,N031,4,0,0.02246537059545517
265,94636231,1,5,16711376,Arman Tuganbaev,55617399,2897.3,EpisodeType.EPISODE_TYPE_PUBLIC,Arman Tuganbaev,tetsuya,125371.0,127312.0,LOSS,exact,720,31535872,replays/gold_top10_macro_intent_v1/episode-94636231-replay.json,gold_top10_macro_intent_v1,N001,1764,0,0.09939891844987869
266,94636233,0,2,16644287,Ryo Hasegawa,55614463,3059.7,EpisodeType.EPISODE_TYPE_PUBLIC,Ryo Hasegawa,Arman Tuganbaev,87973.0,75808.0,WIN,exact,720,32386257,replays/gold_top10_macro_intent_v1/episode-94636233-replay.json,gold_top10_macro_intent_v1,N422,1,1,0.0
267,94636233,1,5,16711376,Arman Tuganbaev,55617399,2897.3,EpisodeType.EPISODE_TYPE_PUBLIC,Arman Tuganbaev,Ryo Hasegawa,75808.0,87973.0,LOSS,exact,720,32386257,replays/gold_top10_macro_intent_v1/episode-94636233-replay.json,gold_top10_macro_intent_v1,N001,1764,0,0.037497036159038544
268,94654660,1,3,16705390,Subramanya N,55616096,2953.5,EpisodeType.EPISODE_TYPE_PUBLIC,Subramanya N,Xiaowenhao404,84285.0,85030.0,LOSS,exact,720,30008428,replays/gold_top10_macro_intent_v1/episode-94654660-replay.json,gold_top10_macro_intent_v1,N101,2,0,0.10340619832277298
269,94656231,1,3,16705390,Subramanya N,55616096,2953.5,EpisodeType.EPISODE_TYPE_PUBLIC,Subramanya N,Izzoudine Mohamed KANTA,72973.0,74062.0,LOSS,exact,720,30224974,replays/gold_top10_macro_intent_v1/episode-94656231-replay.json,gold_top10_macro_intent_v1,N567,1,1,0.0
270,94656425,0,3,16705390,Subramanya N,55616096,2953.5,EpisodeType.EPISODE_TYPE_PUBLIC,Subramanya N,Crop Dusta,68631.0,76386.0,LOSS,exact,720,29737709,replays/gold_top10_macro_intent_v1/episode-94656425-replay.json,gold_top10_macro_intent_v1,N602,1,1,0.0
271,94661381,0,2,16644287,Ryo Hasegawa,55614463,3059.7,EpisodeType.EPISODE_TYPE_PUBLIC,Ryo Hasegawa,tetsuya,69575.0,73532.0,LOSS,exact,720,30476150,replays/gold_top10_macro_intent_v1/episode-94661381-replay.json,gold_top10_macro_intent_v1,N596,1,1,0.0
272,94661382,1,2,16644287,Ryo Hasegawa,55614463,3059.7,EpisodeType.EPISODE_TYPE_PUBLIC,Ryo Hasegawa,カワシギ,119305.0,110656.0,WIN,exact,720,31883720,replays/gold_top10_macro_intent_v1/episode-94661382-replay.json,gold_top10_macro_intent_v1,N013,9,0,0.0361831858754158
273,94661384,1,2,16644287,Ryo Hasegawa,55614463,3059.7,EpisodeType.EPISODE_TYPE_PUBLIC,Ryo Hasegawa,Arman Tuganbaev,119110.0,117384.0,WIN,exact,720,31775375,replays/gold_top10_macro_intent_v1/episode-94661384-replay.json,gold_top10_macro_intent_v1,N073,2,1,0.0
274,94661384,0,5,16711376,Arman Tuganbaev,55617399,2897.3,EpisodeType.EPISODE_TYPE_PUBLIC,Arman Tuganbaev,Ryo Hasegawa,117384.0,119110.0,LOSS,exact,720,31775375,replays/gold_top10_macro_intent_v1/episode-94661384-replay.json,gold_top10_macro_intent_v1,N044,3,0,0.05065585672855377
275,94676464,0,3,16705390,Subramanya N,55616096,2953.5,EpisodeType.EPISODE_TYPE_PUBLIC,Subramanya N,ReCurSiON,97698.0,86912.0,WIN,exact,720,31043544,replays/gold_top10_macro_intent_v1/episode-94676464-replay.json,gold_top10_macro_intent_v1,N344,1,1,0.0
276,94676497,0,3,16705390,Subramanya N,55616096,2953.5,EpisodeType.EPISODE_TYPE_PUBLIC,Subramanya N,Izzoudine Mohamed KANTA,87796.0,79844.0,WIN,exact,720,30840188,replays/gold_top10_macro_intent_v1/episode-94676497-replay.json,gold_top10_macro_intent_v1,N425,1,1,0.0
277,94679895,0,5,16711376,Arman Tuganbaev,55617399,2897.3,EpisodeType.EPISODE_TYPE_PUBLIC,Arman Tuganbaev,カワシギ,43298.0,41429.0,WIN,exact,720,31009538,replays/gold_top10_macro_intent_v1/episode-94679895-replay.json,gold_top10_macro_intent_v1,N040,4,0,0.01450708881020546
278,94679896,0,2,16644287,Ryo Hasegawa,55614463,3059.7,EpisodeType.EPISODE_TYPE_PUBLIC,Ryo Hasegawa,tetsuya,72776.0,70082.0,WIN,exact,720,30631482,replays/gold_top10_macro_intent_v1/episode-94679896-replay.json,gold_top10_macro_intent_v1,N571,1,1,0.0
279,94679898,1,2,16644287,Ryo Hasegawa,55614463,3059.7,EpisodeType.EPISODE_TYPE_PUBLIC,Ryo Hasegawa,カワシギ,79967.0,78469.0,WIN,exact,720,31066511,replays/gold_top10_macro_intent_v1/episode-94679898-replay.json,gold_top10_macro_intent_v1,N098,2,1,0.0
280,94679900,0,5,16711376,Arman Tuganbaev,55617399,2897.3,EpisodeType.EPISODE_TYPE_PUBLIC,Arman Tuganbaev,Crop Dusta,88125.0,94100.0,LOSS,exact,720,31625713,replays/gold_top10_macro_intent_v1/episode-94679900-replay.json,gold_top10_macro_intent_v1,N014,9,0,0.05935655161738396
281,94693256,1,5,16711376,Arman Tuganbaev,55617399,2897.3,EpisodeType.EPISODE_TYPE_PUBLIC,Arman Tuganbaev,ReCurSiON,105022.0,96681.0,WIN,exact,720,30982942,replays/gold_top10_macro_intent_v1/episode-94693256-replay.json,gold_top10_macro_intent_v1,N005,27,0,0.03414124995470047
282,94693301,1,3,16705390,Subramanya N,55616096,2953.5,EpisodeType.EPISODE_TYPE_PUBLIC,Subramanya N,katya barzova,76643.0,60858.0,WIN,exact,720,30085210,replays/gold_top10_macro_intent_v1/episode-94693301-replay.json,gold_top10_macro_intent_v1,N534,1,1,0.0
283,94696649,0,2,16644287,Ryo Hasegawa,55614463,3059.7,EpisodeType.EPISODE_TYPE_PUBLIC,Ryo Hasegawa,Arman Tuganbaev,60871.0,45147.0,WIN,exact,720,30603370,replays/gold_top10_macro_intent_v1/episode-94696649-replay.json,gold_top10_macro_intent_v1,N653,1,1,0.0
284,94696649,1,5,16711376,Arman Tuganbaev,55617399,2897.3,EpisodeType.EPISODE_TYPE_PUBLIC,Arman Tuganbaev,Ryo Hasegawa,45147.0,60871.0,LOSS,exact,720,30603370,replays/gold_top10_macro_intent_v1/episode-94696649-replay.json,gold_top10_macro_intent_v1,N111,2,1,0.0
285,94696656,1,2,16644287,Ryo Hasegawa,55614463,3059.7,EpisodeType.EPISODE_TYPE_PUBLIC,Ryo Hasegawa,tetsuya,108821.0,108728.0,WIN,exact,720,31268944,replays/gold_top10_macro_intent_v1/episode-94696656-replay.json,gold_top10_macro_intent_v1,N007,16,0,0.0674164816737175
286,94706792,1,3,16705390,Subramanya N,55616096,2953.5,EpisodeType.EPISODE_TYPE_PUBLIC,Subramanya N,Eddy Despradel,111165.0,108545.0,WIN,exact,720,30134442,replays/gold_top10_macro_intent_v1/episode-94706792-replay.json,gold_top10_macro_intent_v1,N071,2,0,0.044695038348436356
287,94711805,1,5,16711376,Arman Tuganbaev,55617399,2897.3,EpisodeType.EPISODE_TYPE_PUBLIC,Arman Tuganbaev,カワシギ,158247.0,151313.0,WIN,exact,720,31671189,replays/gold_top10_macro_intent_v1/episode-94711805-replay.json,gold_top10_macro_intent_v1,N001,1764,0,0.057201530784368515
288,94711809,0,2,16644287,Ryo Hasegawa,55614463,3059.7,EpisodeType.EPISODE_TYPE_PUBLIC,Ryo Hasegawa,tetsuya,123571.0,118893.0,WIN,exact,720,30749376,replays/gold_top10_macro_intent_v1/episode-94711809-replay.json,gold_top10_macro_intent_v1,N023,6,0,0.0703616738319397
289,94711810,0,5,16711376,Arman Tuganbaev,55617399,2897.3,EpisodeType.EPISODE_TYPE_PUBLIC,Arman Tuganbaev,tetsuya,66013.0,72632.0,LOSS,exact,720,31049687,replays/gold_top10_macro_intent_v1/episode-94711810-replay.json,gold_top10_macro_intent_v1,N011,11,1,0.0
290,94716811,1,3,16705390,Subramanya N,55616096,2953.5,EpisodeType.EPISODE_TYPE_PUBLIC,Subramanya N,Efe Can Celiksoy,74617.0,70434.0,WIN,exact,720,30260727,replays/gold_top10_macro_intent_v1/episode-94716811-replay.json,gold_top10_macro_intent_v1,N555,1,1,0.0
291,94723523,0,3,16705390,Subramanya N,55616096,2953.5,EpisodeType.EPISODE_TYPE_PUBLIC,Subramanya N,StackKnight,85598.0,84936.0,WIN,exact,720,30259809,replays/gold_top10_macro_intent_v1/episode-94723523-replay.json,gold_top10_macro_intent_v1,N094,2,0,0.10886230319738388
292,94726914,1,5,16711376,Arman Tuganbaev,55617399,2897.3,EpisodeType.EPISODE_TYPE_PUBLIC,Arman Tuganbaev,カワシギ,82200.0,73282.0,WIN,exact,720,31888597,replays/gold_top10_macro_intent_v1/episode-94726914-replay.json,gold_top10_macro_intent_v1,N020,7,0,0.07708809524774551
293,94726916,1,5,16711376,Arman Tuganbaev,55617399,2897.3,EpisodeType.EPISODE_TYPE_PUBLIC,Arman Tuganbaev,Crop Dusta,106083.0,101769.0,WIN,exact,720,31407815,replays/gold_top10_macro_intent_v1/episode-94726916-replay.json,gold_top10_macro_intent_v1,N019,7,0,0.09472139924764633
294,94726917,1,2,16644287,Ryo Hasegawa,55614463,3059.7,EpisodeType.EPISODE_TYPE_PUBLIC,Ryo Hasegawa,Arman Tuganbaev,94044.0,101304.0,LOSS,exact,720,31852708,replays/gold_top10_macro_intent_v1/episode-94726917-replay.json,gold_top10_macro_intent_v1,N047,3,0,0.11479242146015167
295,94726917,0,5,16711376,Arman Tuganbaev,55617399,2897.3,EpisodeType.EPISODE_TYPE_PUBLIC,Arman Tuganbaev,Ryo Hasegawa,101304.0,94044.0,WIN,exact,720,31852708,replays/gold_top10_macro_intent_v1/episode-94726917-replay.json,gold_top10_macro_intent_v1,N008,13,0,0.0001344811316812411
296,94726918,0,2,16644287,Ryo Hasegawa,55614463,3059.7,EpisodeType.EPISODE_TYPE_PUBLIC,Ryo Hasegawa,tetsuya,123597.0,107460.0,WIN,exact,720,30527667,replays/gold_top10_macro_intent_v1/episode-94726918-replay.json,gold_top10_macro_intent_v1,N168,1,1,0.0
297,94738602,0,3,16705390,Subramanya N,55616096,2953.5,EpisodeType.EPISODE_TYPE_PUBLIC,Subramanya N,Xiaowenhao404,76064.0,67637.0,WIN,exact,720,30079339,replays/gold_top10_macro_intent_v1/episode-94738602-replay.json,gold_top10_macro_intent_v1,N538,1,1,0.0
298,94742826,1,2,16644287,Ryo Hasegawa,55614463,3059.7,EpisodeType.EPISODE_TYPE_PUBLIC,Ryo Hasegawa,カワシギ,63931.0,53801.0,WIN,exact,720,31029437,replays/gold_top10_macro_intent_v1/episode-94742826-replay.json,gold_top10_macro_intent_v1,N029,5,0,0.10006747394800186
299,94742828,1,5,16711376,Arman Tuganbaev,55617399,2897.3,EpisodeType.EPISODE_TYPE_PUBLIC,Arman Tuganbaev,Crop Dusta,56202.0,72702.0,LOSS,exact,720,30400125,replays/gold_top10_macro_intent_v1/episode-94742828-replay.json,gold_top10_macro_intent_v1,N035,4,0,0.11122424155473709
300,94742829,1,2,16644287,Ryo Hasegawa,55614463,3059.7,EpisodeType.EPISODE_TYPE_PUBLIC,Ryo Hasegawa,tetsuya,113902.0,112195.0,WIN,exact,720,30881177,replays/gold_top10_macro_intent_v1/episode-94742829-replay.json,gold_top10_macro_intent_v1,N018,7,0,0.10975036770105362
301,94742830,1,5,16711376,Arman Tuganbaev,55617399,2897.3,EpisodeType.EPISODE_TYPE_PUBLIC,Arman Tuganbaev,tetsuya,48508.0,53849.0,LOSS,exact,720,31109568,replays/gold_top10_macro_intent_v1/episode-94742830-replay.json,gold_top10_macro_intent_v1,N011,11,0,0.024587223306298256
302,94760666,1,3,16705390,Subramanya N,55616096,2953.5,EpisodeType.EPISODE_TYPE_PUBLIC,Subramanya N,Izzoudine Mohamed KANTA,99623.0,89467.0,WIN,exact,720,30373534,replays/gold_top10_macro_intent_v1/episode-94760666-replay.json,gold_top10_macro_intent_v1,N323,1,1,0.0
303,94767492,1,2,16644287,Ryo Hasegawa,55614463,3059.7,EpisodeType.EPISODE_TYPE_PUBLIC,Ryo Hasegawa,tetsuya,88031.0,89444.0,LOSS,exact,720,31099864,replays/gold_top10_macro_intent_v1/episode-94767492-replay.json,gold_top10_macro_intent_v1,N007,16,0,0.08282371610403061
304,94767493,0,5,16711376,Arman Tuganbaev,55617399,2897.3,EpisodeType.EPISODE_TYPE_PUBLIC,Arman Tuganbaev,tetsuya,64780.0,61414.0,WIN,exact,720,30545554,replays/gold_top10_macro_intent_v1/episode-94767493-replay.json,gold_top10_macro_intent_v1,N638,1,1,0.0
305,94767494,0,5,16711376,Arman Tuganbaev,55617399,2897.3,EpisodeType.EPISODE_TYPE_PUBLIC,Arman Tuganbaev,tetsuya,95176.0,99220.0,LOSS,exact,720,31344594,replays/gold_top10_macro_intent_v1/episode-94767494-replay.json,gold_top10_macro_intent_v1,N017,8,0,0.040595412254333496
306,94788001,1,3,16705390,Subramanya N,55616096,2953.5,EpisodeType.EPISODE_TYPE_PUBLIC,Subramanya N,Izzoudine Mohamed KANTA,89500.0,97825.0,LOSS,exact,720,30273621,replays/gold_top10_macro_intent_v1/episode-94788001-replay.json,gold_top10_macro_intent_v1,N409,1,1,0.0
307,94794853,0,5,16711376,Arman Tuganbaev,55617399,2897.3,EpisodeType.EPISODE_TYPE_PUBLIC,Arman Tuganbaev,カワシギ,124047.0,114839.0,WIN,exact,720,31297385,replays/gold_top10_macro_intent_v1/episode-94794853-replay.json,gold_top10_macro_intent_v1,N002,260,0,0.05309061333537102
308,94794854,0,2,16644287,Ryo Hasegawa,55614463,3059.7,EpisodeType.EPISODE_TYPE_PUBLIC,Ryo Hasegawa,tetsuya,91569.0,79962.0,WIN,exact,720,30888755,replays/gold_top10_macro_intent_v1/episode-94794854-replay.json,gold_top10_macro_intent_v1,N015,8,0,0.09640367329120636
309,94794855,1,3,16705390,Subramanya N,55616096,2953.5,EpisodeType.EPISODE_TYPE_PUBLIC,Subramanya N,Crop Dusta,54596.0,65183.0,LOSS,exact,720,29826297,replays/gold_top10_macro_intent_v1/episode-94794855-replay.json,gold_top10_macro_intent_v1,N671,1,1,0.0
310,94794856,1,2,16644287,Ryo Hasegawa,55614463,3059.7,EpisodeType.EPISODE_TYPE_PUBLIC,Ryo Hasegawa,Arman Tuganbaev,60651.0,52194.0,WIN,exact,720,30197992,replays/gold_top10_macro_intent_v1/episode-94794856-replay.json,gold_top10_macro_intent_v1,N051,3,0,0.09118285030126572
311,94794856,0,5,16711376,Arman Tuganbaev,55617399,2897.3,EpisodeType.EPISODE_TYPE_PUBLIC,Arman Tuganbaev,Ryo Hasegawa,52194.0,60651.0,LOSS,exact,720,30197992,replays/gold_top10_macro_intent_v1/episode-94794856-replay.json,gold_top10_macro_intent_v1,N039,4,1,0.0
312,94794860,0,2,16644287,Ryo Hasegawa,55614463,3059.7,EpisodeType.EPISODE_TYPE_PUBLIC,Ryo Hasegawa,tetsuya,89327.0,94390.0,LOSS,exact,720,31062172,replays/gold_top10_macro_intent_v1/episode-94794860-replay.json,gold_top10_macro_intent_v1,N016,8,0,0.06912943720817566
313,94801751,0,3,16705390,Subramanya N,55616096,2953.5,EpisodeType.EPISODE_TYPE_PUBLIC,Subramanya N,Thomas Tschinkel,75825.0,54681.0,WIN,exact,720,30188139,replays/gold_top10_macro_intent_v1/episode-94801751-replay.json,gold_top10_macro_intent_v1,N541,1,1,0.0
314,94824460,1,5,16711376,Arman Tuganbaev,55617399,2897.3,EpisodeType.EPISODE_TYPE_PUBLIC,Arman Tuganbaev,カワシギ,48948.0,54697.0,LOSS,exact,720,30111392,replays/gold_top10_macro_intent_v1/episode-94824460-replay.json,gold_top10_macro_intent_v1,N039,4,0,0.03984140604734421
315,94824461,1,5,16711376,Arman Tuganbaev,55617399,2897.3,EpisodeType.EPISODE_TYPE_PUBLIC,Arman Tuganbaev,カワシギ,79531.0,59170.0,WIN,exact,720,31528128,replays/gold_top10_macro_intent_v1/episode-94824461-replay.json,gold_top10_macro_intent_v1,N504,1,1,0.0
316,94824462,1,5,16711376,Arman Tuganbaev,55617399,2897.3,EpisodeType.EPISODE_TYPE_PUBLIC,Arman Tuganbaev,tetsuya,69537.0,77812.0,LOSS,exact,720,31350243,replays/gold_top10_macro_intent_v1/episode-94824462-replay.json,gold_top10_macro_intent_v1,N597,1,1,0.0
317,94824465,1,2,16644287,Ryo Hasegawa,55614463,3059.7,EpisodeType.EPISODE_TYPE_PUBLIC,Ryo Hasegawa,tetsuya,92501.0,92065.0,WIN,exact,720,31180262,replays/gold_top10_macro_intent_v1/episode-94824465-replay.json,gold_top10_macro_intent_v1,N006,20,0,0.10233654826879501
318,94831350,0,3,16705390,Subramanya N,55616096,2953.5,EpisodeType.EPISODE_TYPE_PUBLIC,Subramanya N,ReCurSiON,112585.0,71635.0,WIN,exact,720,30615633,replays/gold_top10_macro_intent_v1/episode-94831350-replay.json,gold_top10_macro_intent_v1,N233,1,1,0.0
319,94847281,1,3,16705390,Subramanya N,55616096,2953.5,EpisodeType.EPISODE_TYPE_PUBLIC,Subramanya N,Izzoudine Mohamed KANTA,116451.0,122734.0,LOSS,exact,720,29858944,replays/gold_top10_macro_intent_v1/episode-94847281-replay.json,gold_top10_macro_intent_v1,N209,1,1,0.0
320,94854173,0,5,16711376,Arman Tuganbaev,55617399,2897.3,EpisodeType.EPISODE_TYPE_PUBLIC,Arman Tuganbaev,カワシギ,94700.0,89952.0,WIN,exact,720,31834816,replays/gold_top10_macro_intent_v1/episode-94854173-replay.json,gold_top10_macro_intent_v1,N032,4,0,0.04653291776776314
321,94854174,0,2,16644287,Ryo Hasegawa,55614463,3059.7,EpisodeType.EPISODE_TYPE_PUBLIC,Ryo Hasegawa,tetsuya,75890.0,86695.0,LOSS,exact,720,30897864,replays/gold_top10_macro_intent_v1/episode-94854174-replay.json,gold_top10_macro_intent_v1,N540,1,1,0.0
322,94854181,1,2,16644287,Ryo Hasegawa,55614463,3059.7,EpisodeType.EPISODE_TYPE_PUBLIC,Ryo Hasegawa,tetsuya,165959.0,147879.0,WIN,exact,720,30969123,replays/gold_top10_macro_intent_v1/episode-94854181-replay.json,gold_top10_macro_intent_v1,N030,4,0,0.10873887687921524
323,94863270,0,3,16705390,Subramanya N,55616096,2953.5,EpisodeType.EPISODE_TYPE_PUBLIC,Subramanya N,ReCurSiON,98470.0,93646.0,WIN,exact,720,30959851,replays/gold_top10_macro_intent_v1/episode-94863270-replay.json,gold_top10_macro_intent_v1,N338,1,1,0.0
324,94879308,0,3,16705390,Subramanya N,55616096,2953.5,EpisodeType.EPISODE_TYPE_PUBLIC,Subramanya N,Izzoudine Mohamed KANTA,85484.0,79570.0,WIN,exact,720,29578193,replays/gold_top10_macro_intent_v1/episode-94879308-replay.json,gold_top10_macro_intent_v1,N443,1,1,0.0
325,94888404,0,5,16711376,Arman Tuganbaev,55617399,2897.3,EpisodeType.EPISODE_TYPE_PUBLIC,Arman Tuganbaev,カワシギ,84219.0,83130.0,WIN,exact,720,31037701,replays/gold_top10_macro_intent_v1/episode-94888404-replay.json,gold_top10_macro_intent_v1,N037,4,1,0.0
326,94888408,1,2,16644287,Ryo Hasegawa,55614463,3059.7,EpisodeType.EPISODE_TYPE_PUBLIC,Ryo Hasegawa,tetsuya,89271.0,88448.0,WIN,exact,720,30984694,replays/gold_top10_macro_intent_v1/episode-94888408-replay.json,gold_top10_macro_intent_v1,N007,16,0,0.09308882802724838
327,94888409,1,3,16705390,Subramanya N,55616096,2953.5,EpisodeType.EPISODE_TYPE_PUBLIC,Subramanya N,Xiaowenhao404,120968.0,113552.0,WIN,exact,720,30371550,replays/gold_top10_macro_intent_v1/episode-94888409-replay.json,gold_top10_macro_intent_v1,N185,1,1,0.0
328,94888410,0,5,16711376,Arman Tuganbaev,55617399,2897.3,EpisodeType.EPISODE_TYPE_PUBLIC,Arman Tuganbaev,tetsuya,81871.0,71524.0,WIN,exact,720,31423382,replays/gold_top10_macro_intent_v1/episode-94888410-replay.json,gold_top10_macro_intent_v1,N020,7,0,0.04778192564845085
329,94906494,0,3,16705390,Subramanya N,55616096,2953.5,EpisodeType.EPISODE_TYPE_PUBLIC,Subramanya N,peikopon,65455.0,54854.0,WIN,exact,720,29684023,replays/gold_top10_macro_intent_v1/episode-94906494-replay.json,gold_top10_macro_intent_v1,N629,1,1,0.0
330,94924919,1,5,16711376,Arman Tuganbaev,55617399,2897.3,EpisodeType.EPISODE_TYPE_PUBLIC,Arman Tuganbaev,Crop Dusta,83699.0,113528.0,LOSS,exact,720,29979040,replays/gold_top10_macro_intent_v1/episode-94924919-replay.json,gold_top10_macro_intent_v1,N010,11,0,0.06577765941619873
331,94924923,1,2,16644287,Ryo Hasegawa,55614463,3059.7,EpisodeType.EPISODE_TYPE_PUBLIC,Ryo Hasegawa,tetsuya,54083.0,51871.0,WIN,exact,720,30285340,replays/gold_top10_macro_intent_v1/episode-94924923-replay.json,gold_top10_macro_intent_v1,N673,1,1,0.0
332,94924926,0,5,16711376,Arman Tuganbaev,55617399,2897.3,EpisodeType.EPISODE_TYPE_PUBLIC,Arman Tuganbaev,Crop Dusta,53186.0,77631.0,LOSS,exact,720,29978986,replays/gold_top10_macro_intent_v1/episode-94924926-replay.json,gold_top10_macro_intent_v1,N010,11,0,0.059053074568510056
333,94924927,0,2,16644287,Ryo Hasegawa,55614463,3059.7,EpisodeType.EPISODE_TYPE_PUBLIC,Ryo Hasegawa,tetsuya,80120.0,76080.0,WIN,exact,720,30778304,replays/gold_top10_macro_intent_v1/episode-94924927-replay.json,gold_top10_macro_intent_v1,N498,1,1,0.0
334,94940854,0,3,16705390,Subramanya N,55616096,2953.5,EpisodeType.EPISODE_TYPE_PUBLIC,Subramanya N,Crop Dusta,95896.0,103708.0,LOSS,exact,720,30227492,replays/gold_top10_macro_intent_v1/episode-94940854-replay.json,gold_top10_macro_intent_v1,N084,2,1,0.0
335,94959100,1,5,16711376,Arman Tuganbaev,55617399,2897.3,EpisodeType.EPISODE_TYPE_PUBLIC,Arman Tuganbaev,Crop Dusta,47766.0,62600.0,LOSS,exact,720,28763641,replays/gold_top10_macro_intent_v1/episode-94959100-replay.json,gold_top10_macro_intent_v1,N010,11,0,0.03089495562016964
336,94959101,1,2,16644287,Ryo Hasegawa,55614463,3059.7,EpisodeType.EPISODE_TYPE_PUBLIC,Ryo Hasegawa,tetsuya,71820.0,66899.0,WIN,exact,720,30666241,replays/gold_top10_macro_intent_v1/episode-94959101-replay.json,gold_top10_macro_intent_v1,N103,2,1,0.0
337,94974916,1,3,16705390,Subramanya N,55616096,2953.5,EpisodeType.EPISODE_TYPE_PUBLIC,Subramanya N,Xiaowenhao404,115540.0,120061.0,LOSS,exact,720,30585202,replays/gold_top10_macro_intent_v1/episode-94974916-replay.json,gold_top10_macro_intent_v1,N057,2,1,0.0
338,94993419,1,5,16711376,Arman Tuganbaev,55617399,2897.3,EpisodeType.EPISODE_TYPE_PUBLIC,Arman Tuganbaev,tetsuya,127176.0,125919.0,WIN,exact,720,31136294,replays/gold_top10_macro_intent_v1/episode-94993419-replay.json,gold_top10_macro_intent_v1,N044,3,0,0.0991222932934761
339,94993420,0,2,16644287,Ryo Hasegawa,55614463,3059.7,EpisodeType.EPISODE_TYPE_PUBLIC,Ryo Hasegawa,tetsuya,65770.0,66069.0,LOSS,exact,720,30577015,replays/gold_top10_macro_intent_v1/episode-94993420-replay.json,gold_top10_macro_intent_v1,N624,1,1,0.0
340,95011613,0,3,16705390,Subramanya N,55616096,2953.5,EpisodeType.EPISODE_TYPE_PUBLIC,Subramanya N,katya barzova,99273.0,62677.0,WIN,exact,720,30124797,replays/gold_top10_macro_intent_v1/episode-95011613-replay.json,gold_top10_macro_intent_v1,N327,1,1,0.0
341,95020795,0,3,16705390,Subramanya N,55616096,2953.5,EpisodeType.EPISODE_TYPE_PUBLIC,Subramanya N,Izzoudine Mohamed KANTA,79323.0,58317.0,WIN,exact,720,30694835,replays/gold_top10_macro_intent_v1/episode-95020795-replay.json,gold_top10_macro_intent_v1,N509,1,1,0.0
342,95020796,0,3,16705390,Subramanya N,55616096,2953.5,EpisodeType.EPISODE_TYPE_PUBLIC,Subramanya N,ReCurSiON,99337.0,101210.0,LOSS,exact,720,30634998,replays/gold_top10_macro_intent_v1/episode-95020796-replay.json,gold_top10_macro_intent_v1,N326,1,1,0.0
343,95029929,1,5,16711376,Arman Tuganbaev,55617399,2897.3,EpisodeType.EPISODE_TYPE_PUBLIC,Arman Tuganbaev,カワシギ,68711.0,59105.0,WIN,exact,720,31681873,replays/gold_top10_macro_intent_v1/episode-95029929-replay.json,gold_top10_macro_intent_v1,N011,11,0,0.04620547592639923
344,95029938,1,2,16644287,Ryo Hasegawa,55614463,3059.7,EpisodeType.EPISODE_TYPE_PUBLIC,Ryo Hasegawa,tetsuya,91815.0,101511.0,LOSS,exact,720,30866512,replays/gold_top10_macro_intent_v1/episode-95029938-replay.json,gold_top10_macro_intent_v1,N088,2,1,0.0
345,95029941,0,3,16705390,Subramanya N,55616096,2953.5,EpisodeType.EPISODE_TYPE_PUBLIC,Subramanya N,Crop Dusta,73012.0,72142.0,WIN,exact,720,30903788,replays/gold_top10_macro_intent_v1/episode-95029941-replay.json,gold_top10_macro_intent_v1,N566,1,1,0.0
346,95029942,0,2,16644287,Ryo Hasegawa,55614463,3059.7,EpisodeType.EPISODE_TYPE_PUBLIC,Ryo Hasegawa,tetsuya,104996.0,90833.0,WIN,exact,720,31011787,replays/gold_top10_macro_intent_v1/episode-95029942-replay.json,gold_top10_macro_intent_v1,N270,1,1,0.0
347,95066461,1,2,16644287,Ryo Hasegawa,55614463,3059.7,EpisodeType.EPISODE_TYPE_PUBLIC,Ryo Hasegawa,Arman Tuganbaev,83545.0,86062.0,LOSS,exact,720,31753373,replays/gold_top10_macro_intent_v1/episode-95066461-replay.json,gold_top10_macro_intent_v1,N006,20,0,0.09532901644706726
348,95066461,0,5,16711376,Arman Tuganbaev,55617399,2897.3,EpisodeType.EPISODE_TYPE_PUBLIC,Arman Tuganbaev,Ryo Hasegawa,86062.0,83545.0,WIN,exact,720,31753373,replays/gold_top10_macro_intent_v1/episode-95066461-replay.json,gold_top10_macro_intent_v1,N008,13,0,0.0
349,95066468,0,5,16711376,Arman Tuganbaev,55617399,2897.3,EpisodeType.EPISODE_TYPE_PUBLIC,Arman Tuganbaev,カワシギ,45787.0,47101.0,LOSS,exact,720,31025610,replays/gold_top10_macro_intent_v1/episode-95066468-replay.json,gold_top10_macro_intent_v1,N037,4,0,0.09001433104276657
350,95066472,0,3,16705390,Subramanya N,55616096,2953.5,EpisodeType.EPISODE_TYPE_PUBLIC,Subramanya N,Xiaowenhao404,68728.0,54934.0,WIN,exact,720,30318003,replays/gold_top10_macro_intent_v1/episode-95066472-replay.json,gold_top10_macro_intent_v1,N601,1,1,0.0
351,95116716,1,2,16644287,Ryo Hasegawa,55614463,3059.7,EpisodeType.EPISODE_TYPE_PUBLIC,Ryo Hasegawa,tetsuya,78822.0,75578.0,WIN,exact,720,30878884,replays/gold_top10_macro_intent_v1/episode-95116716-replay.json,gold_top10_macro_intent_v1,N515,1,1,0.0
352,95118941,1,5,16711376,Arman Tuganbaev,55617399,2897.3,EpisodeType.EPISODE_TYPE_PUBLIC,Arman Tuganbaev,Crop Dusta,70594.0,81051.0,LOSS,exact,720,31448630,replays/gold_top10_macro_intent_v1/episode-95118941-replay.json,gold_top10_macro_intent_v1,N005,27,1,0.0
353,95118946,1,3,16705390,Subramanya N,55616096,2953.5,EpisodeType.EPISODE_TYPE_PUBLIC,Subramanya N,Efe Can Celiksoy,94114.0,89850.0,WIN,exact,720,30257103,replays/gold_top10_macro_intent_v1/episode-95118946-replay.json,gold_top10_macro_intent_v1,N373,1,1,0.0
354,95118993,0,3,16705390,Subramanya N,55616096,2953.5,EpisodeType.EPISODE_TYPE_PUBLIC,Subramanya N,Crop Dusta,85759.0,95738.0,LOSS,exact,720,30232060,replays/gold_top10_macro_intent_v1/episode-95118993-replay.json,gold_top10_macro_intent_v1,N439,1,1,0.0
355,95164609,0,2,16644287,Ryo Hasegawa,55614463,3059.7,EpisodeType.EPISODE_TYPE_PUBLIC,Ryo Hasegawa,tetsuya,89821.0,85664.0,WIN,exact,720,31022071,replays/gold_top10_macro_intent_v1/episode-95164609-replay.json,gold_top10_macro_intent_v1,N095,2,0,0.09914293885231018
356,95164612,1,2,16644287,Ryo Hasegawa,55614463,3059.7,EpisodeType.EPISODE_TYPE_PUBLIC,Ryo Hasegawa,tetsuya,74502.0,72742.0,WIN,exact,720,30628923,replays/gold_top10_macro_intent_v1/episode-95164612-replay.json,gold_top10_macro_intent_v1,N556,1,1,0.0
357,95166870,1,5,16711376,Arman Tuganbaev,55617399,2897.3,EpisodeType.EPISODE_TYPE_PUBLIC,Arman Tuganbaev,tetsuya,94789.0,77990.0,WIN,exact,720,31150533,replays/gold_top10_macro_intent_v1/episode-95166870-replay.json,gold_top10_macro_intent_v1,N370,1,1,0.0
358,95166877,0,3,16705390,Subramanya N,55616096,2953.5,EpisodeType.EPISODE_TYPE_PUBLIC,Subramanya N,Izzoudine Mohamed KANTA,80653.0,72999.0,WIN,exact,720,29856946,replays/gold_top10_macro_intent_v1/episode-95166877-replay.json,gold_top10_macro_intent_v1,N495,1,1,0.0
359,95214844,1,2,16644287,Ryo Hasegawa,55614463,3059.7,EpisodeType.EPISODE_TYPE_PUBLIC,Ryo Hasegawa,tetsuya,138833.0,137453.0,WIN,exact,720,30828108,replays/gold_top10_macro_intent_v1/episode-95214844-replay.json,gold_top10_macro_intent_v1,N041,3,0,0.11414492875337601
360,95217125,1,5,16711376,Arman Tuganbaev,55617399,2897.3,EpisodeType.EPISODE_TYPE_PUBLIC,Arman Tuganbaev,tetsuya,71964.0,70573.0,WIN,exact,720,31104586,replays/gold_top10_macro_intent_v1/episode-95217125-replay.json,gold_top10_macro_intent_v1,N011,11,0,0.01954391412436962
361,95217130,1,3,16705390,Subramanya N,55616096,2953.5,EpisodeType.EPISODE_TYPE_PUBLIC,Subramanya N,カワシギ,99119.0,94091.0,WIN,exact,720,30284318,replays/gold_top10_macro_intent_v1/episode-95217130-replay.json,gold_top10_macro_intent_v1,N330,1,1,0.0
362,95265096,0,2,16644287,Ryo Hasegawa,55614463,3059.7,EpisodeType.EPISODE_TYPE_PUBLIC,Ryo Hasegawa,tetsuya,105812.0,101207.0,WIN,exact,720,31077242,replays/gold_top10_macro_intent_v1/episode-95265096-replay.json,gold_top10_macro_intent_v1,N015,8,0,0.05990896001458168
363,95267392,1,3,16705390,Subramanya N,55616096,2953.5,EpisodeType.EPISODE_TYPE_PUBLIC,Subramanya N,Arman Tuganbaev,138055.0,111056.0,WIN,exact,720,30301796,replays/gold_top10_macro_intent_v1/episode-95267392-replay.json,gold_top10_macro_intent_v1,N135,1,1,0.0
364,95267392,0,5,16711376,Arman Tuganbaev,55617399,2897.3,EpisodeType.EPISODE_TYPE_PUBLIC,Arman Tuganbaev,Subramanya N,111056.0,138055.0,LOSS,exact,720,30301796,replays/gold_top10_macro_intent_v1/episode-95267392-replay.json,gold_top10_macro_intent_v1,N035,4,1,0.0
365,95267395,0,3,16705390,Subramanya N,55616096,2953.5,EpisodeType.EPISODE_TYPE_PUBLIC,Subramanya N,Crop Dusta,75702.0,87510.0,LOSS,exact,720,30336669,replays/gold_top10_macro_intent_v1/episode-95267395-replay.json,gold_top10_macro_intent_v1,N542,1,1,0.0
366,95267397,1,5,16711376,Arman Tuganbaev,55617399,2897.3,EpisodeType.EPISODE_TYPE_PUBLIC,Arman Tuganbaev,カワシギ,82699.0,64354.0,WIN,exact,720,32025238,replays/gold_top10_macro_intent_v1/episode-95267397-replay.json,gold_top10_macro_intent_v1,N020,7,1,0.0
367,95267398,1,5,16711376,Arman Tuganbaev,55617399,2897.3,EpisodeType.EPISODE_TYPE_PUBLIC,Arman Tuganbaev,Crop Dusta,80914.0,87905.0,LOSS,exact,720,31925383,replays/gold_top10_macro_intent_v1/episode-95267398-replay.json,gold_top10_macro_intent_v1,N005,27,0,0.07880692929029465
368,95329038,1,2,16644287,Ryo Hasegawa,55614463,3059.7,EpisodeType.EPISODE_TYPE_PUBLIC,Ryo Hasegawa,Arman Tuganbaev,91383.0,85363.0,WIN,exact,720,31743128,replays/gold_top10_macro_intent_v1/episode-95329038-replay.json,gold_top10_macro_intent_v1,N027,5,0,0.03153182193636894
369,95329038,0,5,16711376,Arman Tuganbaev,55617399,2897.3,EpisodeType.EPISODE_TYPE_PUBLIC,Arman Tuganbaev,Ryo Hasegawa,85363.0,91383.0,LOSS,exact,720,31743128,replays/gold_top10_macro_intent_v1/episode-95329038-replay.json,gold_top10_macro_intent_v1,N045,3,0,0.0034552004653960466
370,95329039,0,5,16711376,Arman Tuganbaev,55617399,2897.3,EpisodeType.EPISODE_TYPE_PUBLIC,Arman Tuganbaev,tetsuya,56337.0,66921.0,LOSS,exact,720,30960670,replays/gold_top10_macro_intent_v1/episode-95329039-replay.json,gold_top10_macro_intent_v1,N011,11,0,0.0
371,95331307,0,3,16705390,Subramanya N,55616096,2953.5,EpisodeType.EPISODE_TYPE_PUBLIC,Subramanya N,Xiaowenhao404,137128.0,119855.0,WIN,exact,720,30817030,replays/gold_top10_macro_intent_v1/episode-95331307-replay.json,gold_top10_macro_intent_v1,N137,1,1,0.0
372,95331322,0,5,16711376,Arman Tuganbaev,55617399,2897.3,EpisodeType.EPISODE_TYPE_PUBLIC,Arman Tuganbaev,Crop Dusta,98964.0,129628.0,LOSS,exact,720,32295378,replays/gold_top10_macro_intent_v1/episode-95331322-replay.json,gold_top10_macro_intent_v1,N336,1,1,0.0
373,95381518,1,2,16644287,Ryo Hasegawa,55614463,3059.7,EpisodeType.EPISODE_TYPE_PUBLIC,Ryo Hasegawa,tetsuya,79633.0,76352.0,WIN,exact,720,30798622,replays/gold_top10_macro_intent_v1/episode-95381518-replay.json,gold_top10_macro_intent_v1,N502,1,1,0.0
374,95383770,1,3,16705390,Subramanya N,55616096,2953.5,EpisodeType.EPISODE_TYPE_PUBLIC,Subramanya N,Xiaowenhao404,63144.0,43947.0,WIN,exact,720,29502662,replays/gold_top10_macro_intent_v1/episode-95383770-replay.json,gold_top10_macro_intent_v1,N108,2,0,0.11140010505914688
375,95383778,1,5,16711376,Arman Tuganbaev,55617399,2897.3,EpisodeType.EPISODE_TYPE_PUBLIC,Arman Tuganbaev,tetsuya,130698.0,128514.0,WIN,exact,720,31222066,replays/gold_top10_macro_intent_v1/episode-95383778-replay.json,gold_top10_macro_intent_v1,N003,247,0,0.10362128168344498
376,95424796,0,2,16644287,Ryo Hasegawa,55614463,3059.7,EpisodeType.EPISODE_TYPE_PUBLIC,Ryo Hasegawa,tetsuya,103002.0,112132.0,LOSS,exact,720,30902944,replays/gold_top10_macro_intent_v1/episode-95424796-replay.json,gold_top10_macro_intent_v1,N286,1,1,0.0
377,95427070,0,3,16705390,Subramanya N,55616096,2953.5,EpisodeType.EPISODE_TYPE_PUBLIC,Subramanya N,カワシギ,71166.0,74431.0,LOSS,exact,720,30243872,replays/gold_top10_macro_intent_v1/episode-95427070-replay.json,gold_top10_macro_intent_v1,N586,1,1,0.0
378,95427073,0,5,16711376,Arman Tuganbaev,55617399,2897.3,EpisodeType.EPISODE_TYPE_PUBLIC,Arman Tuganbaev,カワシギ,84415.0,87053.0,LOSS,exact,720,30916212,replays/gold_top10_macro_intent_v1/episode-95427073-replay.json,gold_top10_macro_intent_v1,N017,8,0,0.09995536506175995
379,95452170,0,3,16705390,Subramanya N,55616096,2953.5,EpisodeType.EPISODE_TYPE_PUBLIC,Subramanya N,ReCurSiON,106124.0,77656.0,WIN,exact,720,30038242,replays/gold_top10_macro_intent_v1/episode-95452170-replay.json,gold_top10_macro_intent_v1,N259,1,1,0.0
380,95459075,1,2,16644287,Ryo Hasegawa,55614463,3059.7,EpisodeType.EPISODE_TYPE_PUBLIC,Ryo Hasegawa,tetsuya,138543.0,135711.0,WIN,exact,720,30838639,replays/gold_top10_macro_intent_v1/episode-95459075-replay.json,gold_top10_macro_intent_v1,N015,8,0,0.06139383465051651
381,95461319,1,2,16644287,Ryo Hasegawa,55614463,3059.7,EpisodeType.EPISODE_TYPE_PUBLIC,Ryo Hasegawa,Arman Tuganbaev,121537.0,118180.0,WIN,exact,720,31967924,replays/gold_top10_macro_intent_v1/episode-95461319-replay.json,gold_top10_macro_intent_v1,N007,16,0,0.08424371480941772
382,95461319,0,5,16711376,Arman Tuganbaev,55617399,2897.3,EpisodeType.EPISODE_TYPE_PUBLIC,Arman Tuganbaev,Ryo Hasegawa,118180.0,121537.0,LOSS,exact,720,31967924,replays/gold_top10_macro_intent_v1/episode-95461319-replay.json,gold_top10_macro_intent_v1,N008,13,0,0.00021820084657520056
383,95477256,1,3,16705390,Subramanya N,55616096,2953.5,EpisodeType.EPISODE_TYPE_PUBLIC,Subramanya N,lucaskna,85548.0,93044.0,LOSS,exact,720,30139115,replays/gold_top10_macro_intent_v1/episode-95477256-replay.json,gold_top10_macro_intent_v1,N442,1,1,0.0
384,95486337,0,5,16711376,Arman Tuganbaev,55617399,2897.3,EpisodeType.EPISODE_TYPE_PUBLIC,Arman Tuganbaev,Crop Dusta,105851.0,107486.0,LOSS,exact,720,31105129,replays/gold_top10_macro_intent_v1/episode-95486337-replay.json,gold_top10_macro_intent_v1,N019,7,0,0.09173950552940369
385,95488570,0,2,16644287,Ryo Hasegawa,55614463,3059.7,EpisodeType.EPISODE_TYPE_PUBLIC,Ryo Hasegawa,tetsuya,55805.0,50171.0,WIN,exact,720,30793028,replays/gold_top10_macro_intent_v1/episode-95488570-replay.json,gold_top10_macro_intent_v1,N668,1,1,0.0
386,95502272,1,3,16705390,Subramanya N,55616096,2953.5,EpisodeType.EPISODE_TYPE_PUBLIC,Subramanya N,Crop Dusta,75097.0,90020.0,LOSS,exact,720,30851885,replays/gold_top10_macro_intent_v1/episode-95502272-replay.json,gold_top10_macro_intent_v1,N550,1,1,0.0
387,95509132,0,5,16711376,Arman Tuganbaev,55617399,2897.3,EpisodeType.EPISODE_TYPE_PUBLIC,Arman Tuganbaev,Crop Dusta,91001.0,100119.0,LOSS,exact,720,31248244,replays/gold_top10_macro_intent_v1/episode-95509132-replay.json,gold_top10_macro_intent_v1,N005,27,0,0.04090743139386177
388,95511373,1,2,16644287,Ryo Hasegawa,55614463,3059.7,EpisodeType.EPISODE_TYPE_PUBLIC,Ryo Hasegawa,Arman Tuganbaev,80890.0,83997.0,LOSS,exact,720,31870576,replays/gold_top10_macro_intent_v1/episode-95511373-replay.json,gold_top10_macro_intent_v1,N006,20,0,0.01746123842895031
389,95511373,0,5,16711376,Arman Tuganbaev,55617399,2897.3,EpisodeType.EPISODE_TYPE_PUBLIC,Arman Tuganbaev,Ryo Hasegawa,83997.0,80890.0,WIN,exact,720,31870576,replays/gold_top10_macro_intent_v1/episode-95511373-replay.json,gold_top10_macro_intent_v1,N008,13,0,0.007912522181868553
390,95522815,1,3,16705390,Subramanya N,55616096,2953.5,EpisodeType.EPISODE_TYPE_PUBLIC,Subramanya N,Crop Dusta,84346.0,85903.0,LOSS,exact,720,31007755,replays/gold_top10_macro_intent_v1/episode-95522815-replay.json,gold_top10_macro_intent_v1,N457,1,1,0.0
391,95531847,0,5,16711376,Arman Tuganbaev,55617399,2897.3,EpisodeType.EPISODE_TYPE_PUBLIC,Arman Tuganbaev,Crop Dusta,68723.0,94504.0,LOSS,exact,720,32001804,replays/gold_top10_macro_intent_v1/episode-95531847-replay.json,gold_top10_macro_intent_v1,N009,12,0,0.11251195520162582
392,95531848,1,2,16644287,Ryo Hasegawa,55614463,3059.7,EpisodeType.EPISODE_TYPE_PUBLIC,Ryo Hasegawa,Arman Tuganbaev,69427.0,64331.0,WIN,exact,720,31748323,replays/gold_top10_macro_intent_v1/episode-95531848-replay.json,gold_top10_macro_intent_v1,N016,8,0,0.08130867779254913
393,95531848,0,5,16711376,Arman Tuganbaev,55617399,2897.3,EpisodeType.EPISODE_TYPE_PUBLIC,Arman Tuganbaev,Ryo Hasegawa,64331.0,69427.0,LOSS,exact,720,31748323,replays/gold_top10_macro_intent_v1/episode-95531848-replay.json,gold_top10_macro_intent_v1,N003,247,0,0.08824139088392258
394,95531849,0,2,16644287,Ryo Hasegawa,55614463,3059.7,EpisodeType.EPISODE_TYPE_PUBLIC,Ryo Hasegawa,tetsuya,74360.0,82230.0,LOSS,exact,720,30884472,replays/gold_top10_macro_intent_v1/episode-95531849-replay.json,gold_top10_macro_intent_v1,N048,3,1,0.0
395,95534036,0,3,16705390,Subramanya N,55616096,2953.5,EpisodeType.EPISODE_TYPE_PUBLIC,Subramanya N,SaiKushal185,116871.0,122163.0,LOSS,exact,720,30246752,replays/gold_top10_macro_intent_v1/episode-95534036-replay.json,gold_top10_macro_intent_v1,N207,1,1,0.0
396,95547799,1,3,16705390,Subramanya N,55616096,2953.5,EpisodeType.EPISODE_TYPE_PUBLIC,Subramanya N,カワシギ,89247.0,91416.0,LOSS,exact,720,30219332,replays/gold_top10_macro_intent_v1/episode-95547799-replay.json,gold_top10_macro_intent_v1,N412,1,1,0.0
397,95550073,1,5,16711376,Arman Tuganbaev,55617399,2897.3,EpisodeType.EPISODE_TYPE_PUBLIC,Arman Tuganbaev,カワシギ,152172.0,145840.0,WIN,exact,720,31940563,replays/gold_top10_macro_intent_v1/episode-95550073-replay.json,gold_top10_macro_intent_v1,N001,1764,0,0.05193350464105606
398,95550074,1,2,16644287,Ryo Hasegawa,55614463,3059.7,EpisodeType.EPISODE_TYPE_PUBLIC,Ryo Hasegawa,Crop Dusta,112492.0,107697.0,WIN,exact,720,30567510,replays/gold_top10_macro_intent_v1/episode-95550074-replay.json,gold_top10_macro_intent_v1,N234,1,1,0.0
399,95550075,0,5,16711376,Arman Tuganbaev,55617399,2897.3,EpisodeType.EPISODE_TYPE_PUBLIC,Arman Tuganbaev,tetsuya,85660.0,79045.0,WIN,exact,720,31878659,replays/gold_top10_macro_intent_v1/episode-95550075-replay.json,gold_top10_macro_intent_v1,N441,1,1,0.0
400,95554748,0,3,16705390,Subramanya N,55616096,2953.5,EpisodeType.EPISODE_TYPE_PUBLIC,Subramanya N,Izzoudine Mohamed KANTA,136899.0,126981.0,WIN,exact,720,30614485,replays/gold_top10_macro_intent_v1/episode-95554748-replay.json,gold_top10_macro_intent_v1,N138,1,1,0.0
401,95572922,0,2,16644287,Ryo Hasegawa,55614463,3059.7,EpisodeType.EPISODE_TYPE_PUBLIC,Ryo Hasegawa,tetsuya,65607.0,63709.0,WIN,exact,720,30685965,replays/gold_top10_macro_intent_v1/episode-95572922-replay.json,gold_top10_macro_intent_v1,N627,1,1,0.0
402,95572923,1,5,16711376,Arman Tuganbaev,55617399,2897.3,EpisodeType.EPISODE_TYPE_PUBLIC,Arman Tuganbaev,Crop Dusta,88655.0,108364.0,LOSS,exact,720,28689916,replays/gold_top10_macro_intent_v1/episode-95572923-replay.json,gold_top10_macro_intent_v1,N417,1,1,0.0
403,95572925,0,5,16711376,Arman Tuganbaev,55617399,2897.3,EpisodeType.EPISODE_TYPE_PUBLIC,Arman Tuganbaev,Crop Dusta,87546.0,93970.0,LOSS,exact,720,31416801,replays/gold_top10_macro_intent_v1/episode-95572925-replay.json,gold_top10_macro_intent_v1,N005,27,0,0.110508032143116
404,95577601,0,3,16705390,Subramanya N,55616096,2953.5,EpisodeType.EPISODE_TYPE_PUBLIC,Subramanya N,Xiaowenhao404,66904.0,47879.0,WIN,exact,720,29994115,replays/gold_top10_macro_intent_v1/episode-95577601-replay.json,gold_top10_macro_intent_v1,N620,1,1,0.0
405,95598098,1,2,16644287,Ryo Hasegawa,55614463,3059.7,EpisodeType.EPISODE_TYPE_PUBLIC,Ryo Hasegawa,Crop Dusta,54132.0,52550.0,WIN,exact,720,30062038,replays/gold_top10_macro_intent_v1/episode-95598098-replay.json,gold_top10_macro_intent_v1,N672,1,1,0.0
406,95598099,1,5,16711376,Arman Tuganbaev,55617399,2897.3,EpisodeType.EPISODE_TYPE_PUBLIC,Arman Tuganbaev,Xiaowenhao404,114589.0,108244.0,WIN,exact,720,31232207,replays/gold_top10_macro_intent_v1/episode-95598099-replay.json,gold_top10_macro_intent_v1,N022,6,0,0.02280568704009056
407,95604820,0,3,16705390,Subramanya N,55616096,2953.5,EpisodeType.EPISODE_TYPE_PUBLIC,Subramanya N,カワシギ,76780.0,73263.0,WIN,exact,720,30166032,replays/gold_top10_macro_intent_v1/episode-95604820-replay.json,gold_top10_macro_intent_v1,N530,1,1,0.0
408,95620861,0,5,16711376,Arman Tuganbaev,55617399,2897.3,EpisodeType.EPISODE_TYPE_PUBLIC,Arman Tuganbaev,Izzoudine Mohamed KANTA,84930.0,82677.0,WIN,exact,720,30883395,replays/gold_top10_macro_intent_v1/episode-95620861-replay.json,gold_top10_macro_intent_v1,N081,2,1,0.0
409,95620892,0,5,16711376,Arman Tuganbaev,55617399,2897.3,EpisodeType.EPISODE_TYPE_PUBLIC,Arman Tuganbaev,Izzoudine Mohamed KANTA,91598.0,96521.0,LOSS,exact,720,31699157,replays/gold_top10_macro_intent_v1/episode-95620892-replay.json,gold_top10_macro_intent_v1,N391,1,1,0.0
410,95620894,1,2,16644287,Ryo Hasegawa,55614463,3059.7,EpisodeType.EPISODE_TYPE_PUBLIC,Ryo Hasegawa,Crop Dusta,119926.0,108620.0,WIN,exact,720,31339532,replays/gold_top10_macro_intent_v1/episode-95620894-replay.json,gold_top10_macro_intent_v1,N007,16,0,0.033243875950574875
411,95627747,1,3,16705390,Subramanya N,55616096,2953.5,EpisodeType.EPISODE_TYPE_PUBLIC,Subramanya N,Izzoudine Mohamed KANTA,62249.0,56726.0,WIN,exact,720,29677744,replays/gold_top10_macro_intent_v1/episode-95627747-replay.json,gold_top10_macro_intent_v1,N646,1,1,0.0
412,95645909,1,3,16705390,Subramanya N,55616096,2953.5,EpisodeType.EPISODE_TYPE_PUBLIC,Subramanya N,Xiaowenhao404,105560.0,108228.0,LOSS,exact,720,30652674,replays/gold_top10_macro_intent_v1/episode-95645909-replay.json,gold_top10_macro_intent_v1,N061,2,1,0.0
413,95645910,0,2,16644287,Ryo Hasegawa,55614463,3059.7,EpisodeType.EPISODE_TYPE_PUBLIC,Ryo Hasegawa,Crop Dusta,65225.0,67105.0,LOSS,exact,720,31130113,replays/gold_top10_macro_intent_v1/episode-95645910-replay.json,gold_top10_macro_intent_v1,N633,1,1,0.0
414,95645912,1,5,16711376,Arman Tuganbaev,55617399,2897.3,EpisodeType.EPISODE_TYPE_PUBLIC,Arman Tuganbaev,Crop Dusta,82941.0,98090.0,LOSS,exact,720,29917696,replays/gold_top10_macro_intent_v1/episode-95645912-replay.json,gold_top10_macro_intent_v1,N010,11,0,0.09635249525308609
415,95645915,1,5,16711376,Arman Tuganbaev,55617399,2897.3,EpisodeType.EPISODE_TYPE_PUBLIC,Arman Tuganbaev,Izzoudine Mohamed KANTA,118361.0,119098.0,LOSS,exact,720,31648391,replays/gold_top10_macro_intent_v1/episode-95645915-replay.json,gold_top10_macro_intent_v1,N022,6,1,0.0
416,95673336,1,2,16644287,Ryo Hasegawa,55614463,3059.7,EpisodeType.EPISODE_TYPE_PUBLIC,Ryo Hasegawa,Crop Dusta,57262.0,55708.0,WIN,exact,720,30873498,replays/gold_top10_macro_intent_v1/episode-95673336-replay.json,gold_top10_macro_intent_v1,N102,2,0,0.09242871403694153
417,95673339,1,5,16711376,Arman Tuganbaev,55617399,2897.3,EpisodeType.EPISODE_TYPE_PUBLIC,Arman Tuganbaev,Izzoudine Mohamed KANTA,146311.0,139297.0,WIN,exact,720,31545693,replays/gold_top10_macro_intent_v1/episode-95673339-replay.json,gold_top10_macro_intent_v1,N001,1764,0,0.053477391600608826
418,95673340,0,3,16705390,Subramanya N,55616096,2953.5,EpisodeType.EPISODE_TYPE_PUBLIC,Subramanya N,Izzoudine Mohamed KANTA,137849.0,105948.0,WIN,exact,720,30020694,replays/gold_top10_macro_intent_v1/episode-95673340-replay.json,gold_top10_macro_intent_v1,N136,1,1,0.0
419,95673341,0,5,16711376,Arman Tuganbaev,55617399,2897.3,EpisodeType.EPISODE_TYPE_PUBLIC,Arman Tuganbaev,Crop Dusta,107193.0,116708.0,LOSS,exact,720,31476886,replays/gold_top10_macro_intent_v1/episode-95673341-replay.json,gold_top10_macro_intent_v1,N019,7,0,0.026656383648514748
420,95673342,0,5,16711376,Arman Tuganbaev,55617399,2897.3,EpisodeType.EPISODE_TYPE_PUBLIC,Arman Tuganbaev,Izzoudine Mohamed KANTA,81381.0,75606.0,WIN,exact,720,31517328,replays/gold_top10_macro_intent_v1/episode-95673342-replay.json,gold_top10_macro_intent_v1,N001,1764,0,0.05363434925675392
421,95673344,0,5,16711376,Arman Tuganbaev,55617399,2897.3,EpisodeType.EPISODE_TYPE_PUBLIC,Arman Tuganbaev,tetsuya,87767.0,87913.0,LOSS,exact,720,30144536,replays/gold_top10_macro_intent_v1/episode-95673344-replay.json,gold_top10_macro_intent_v1,N426,1,1,0.0
422,95682437,0,5,16711376,Arman Tuganbaev,55617399,2897.3,EpisodeType.EPISODE_TYPE_PUBLIC,Arman Tuganbaev,カワシギ,101962.0,92861.0,WIN,exact,720,31284345,replays/gold_top10_macro_intent_v1/episode-95682437-replay.json,gold_top10_macro_intent_v1,N002,260,0,0.05778583884239197
423,95703024,1,2,16644287,Ryo Hasegawa,55614463,3059.7,EpisodeType.EPISODE_TYPE_PUBLIC,Ryo Hasegawa,Crop Dusta,114510.0,110326.0,WIN,exact,720,31073102,replays/gold_top10_macro_intent_v1/episode-95703024-replay.json,gold_top10_macro_intent_v1,N221,1,1,0.0
424,95703027,0,3,16705390,Subramanya N,55616096,2953.5,EpisodeType.EPISODE_TYPE_PUBLIC,Subramanya N,SaiKushal185,125974.0,126028.0,LOSS,exact,720,30308070,replays/gold_top10_macro_intent_v1/episode-95703027-replay.json,gold_top10_macro_intent_v1,N061,2,0,0.07537255436182022
425,95703028,0,2,16644287,Ryo Hasegawa,55614463,3059.7,EpisodeType.EPISODE_TYPE_PUBLIC,Ryo Hasegawa,Crop Dusta,55859.0,56179.0,LOSS,exact,720,31145313,replays/gold_top10_macro_intent_v1/episode-95703028-replay.json,gold_top10_macro_intent_v1,N110,2,1,0.0
426,95703029,1,2,16644287,Ryo Hasegawa,55614463,3059.7,EpisodeType.EPISODE_TYPE_PUBLIC,Ryo Hasegawa,tetsuya,61175.0,51036.0,WIN,exact,720,30390177,replays/gold_top10_macro_intent_v1/episode-95703029-replay.json,gold_top10_macro_intent_v1,N651,1,1,0.0
427,95714337,1,5,16711376,Arman Tuganbaev,55617399,2897.3,EpisodeType.EPISODE_TYPE_PUBLIC,Arman Tuganbaev,Izzoudine Mohamed KANTA,100869.0,98799.0,WIN,exact,720,30944766,replays/gold_top10_macro_intent_v1/episode-95714337-replay.json,gold_top10_macro_intent_v1,N311,1,1,0.0
428,95734941,1,5,16711376,Arman Tuganbaev,55617399,2897.3,EpisodeType.EPISODE_TYPE_PUBLIC,Arman Tuganbaev,Crop Dusta,75761.0,82507.0,LOSS,exact,720,31685554,replays/gold_top10_macro_intent_v1/episode-95734941-replay.json,gold_top10_macro_intent_v1,N005,27,0,0.05320611223578453
429,95734942,0,3,16705390,Subramanya N,55616096,2953.5,EpisodeType.EPISODE_TYPE_PUBLIC,Subramanya N,カワシギ,131162.0,95292.0,WIN,exact,720,31287731,replays/gold_top10_macro_intent_v1/episode-95734942-replay.json,gold_top10_macro_intent_v1,N149,1,1,0.0
430,95734943,1,3,16705390,Subramanya N,55616096,2953.5,EpisodeType.EPISODE_TYPE_PUBLIC,Subramanya N,カワシギ,72590.0,72918.0,LOSS,exact,720,30741492,replays/gold_top10_macro_intent_v1/episode-95734943-replay.json,gold_top10_macro_intent_v1,N573,1,1,0.0
431,95734944,1,2,16644287,Ryo Hasegawa,55614463,3059.7,EpisodeType.EPISODE_TYPE_PUBLIC,Ryo Hasegawa,Crop Dusta,60247.0,67311.0,LOSS,exact,720,29713489,replays/gold_top10_macro_intent_v1/episode-95734944-replay.json,gold_top10_macro_intent_v1,N656,1,1,0.0
432,95734945,1,2,16644287,Ryo Hasegawa,55614463,3059.7,EpisodeType.EPISODE_TYPE_PUBLIC,Ryo Hasegawa,tetsuya,99448.0,105369.0,LOSS,exact,720,30324593,replays/gold_top10_macro_intent_v1/episode-95734945-replay.json,gold_top10_macro_intent_v1,N325,1,1,0.0
433,95769176,0,3,16705390,Subramanya N,55616096,2953.5,EpisodeType.EPISODE_TYPE_PUBLIC,Subramanya N,Izzoudine Mohamed KANTA,84341.0,82575.0,WIN,exact,720,30100515,replays/gold_top10_macro_intent_v1/episode-95769176-replay.json,gold_top10_macro_intent_v1,N458,1,1,0.0
434,95769177,0,5,16711376,Arman Tuganbaev,55617399,2897.3,EpisodeType.EPISODE_TYPE_PUBLIC,Arman Tuganbaev,tetsuya,129296.0,124052.0,WIN,exact,720,31482627,replays/gold_top10_macro_intent_v1/episode-95769177-replay.json,gold_top10_macro_intent_v1,N001,1764,0,0.09936060756444931
435,95769179,1,3,16705390,Subramanya N,55616096,2953.5,EpisodeType.EPISODE_TYPE_PUBLIC,Subramanya N,Xiaowenhao404,72963.0,59129.0,WIN,exact,720,31067658,replays/gold_top10_macro_intent_v1/episode-95769179-replay.json,gold_top10_macro_intent_v1,N568,1,1,0.0
436,95769180,0,2,16644287,Ryo Hasegawa,55614463,3059.7,EpisodeType.EPISODE_TYPE_PUBLIC,Ryo Hasegawa,Crop Dusta,82635.0,79756.0,WIN,exact,720,29653059,replays/gold_top10_macro_intent_v1/episode-95769180-replay.json,gold_top10_macro_intent_v1,N098,2,0,0.10901245474815369
437,95769181,0,2,16644287,Ryo Hasegawa,55614463,3059.7,EpisodeType.EPISODE_TYPE_PUBLIC,Ryo Hasegawa,tetsuya,92721.0,88406.0,WIN,exact,720,30436100,replays/gold_top10_macro_intent_v1/episode-95769181-replay.json,gold_top10_macro_intent_v1,N383,1,1,0.0
438,95769184,1,5,16711376,Arman Tuganbaev,55617399,2897.3,EpisodeType.EPISODE_TYPE_PUBLIC,Arman Tuganbaev,tetsuya,103192.0,82698.0,WIN,exact,720,31715293,replays/gold_top10_macro_intent_v1/episode-95769184-replay.json,gold_top10_macro_intent_v1,N001,1764,0,0.06818855553865433
439,95803406,0,3,16705390,Subramanya N,55616096,2953.5,EpisodeType.EPISODE_TYPE_PUBLIC,Subramanya N,Izzoudine Mohamed KANTA,99826.0,87576.0,WIN,exact,720,29857466,replays/gold_top10_macro_intent_v1/episode-95803406-replay.json,gold_top10_macro_intent_v1,N322,1,1,0.0
440,95803408,1,3,16705390,Subramanya N,55616096,2953.5,EpisodeType.EPISODE_TYPE_PUBLIC,Subramanya N,Arman Tuganbaev,85751.0,81004.0,WIN,exact,720,30624943,replays/gold_top10_macro_intent_v1/episode-95803408-replay.json,gold_top10_macro_intent_v1,N440,1,1,0.0
441,95803408,0,5,16711376,Arman Tuganbaev,55617399,2897.3,EpisodeType.EPISODE_TYPE_PUBLIC,Arman Tuganbaev,Subramanya N,81004.0,85751.0,LOSS,exact,720,30624943,replays/gold_top10_macro_intent_v1/episode-95803408-replay.json,gold_top10_macro_intent_v1,N005,27,0,0.01816188357770443
442,95803410,1,5,16711376,Arman Tuganbaev,55617399,2897.3,EpisodeType.EPISODE_TYPE_PUBLIC,Arman Tuganbaev,Crop Dusta,98436.0,108452.0,LOSS,exact,720,31943623,replays/gold_top10_macro_intent_v1/episode-95803410-replay.json,gold_top10_macro_intent_v1,N005,27,0,0.019166896119713783
443,95803411,0,2,16644287,Ryo Hasegawa,55614463,3059.7,EpisodeType.EPISODE_TYPE_PUBLIC,Ryo Hasegawa,tetsuya,89255.0,90801.0,LOSS,exact,720,30875022,replays/gold_top10_macro_intent_v1/episode-95803411-replay.json,gold_top10_macro_intent_v1,N048,3,0,0.00012768387387041003
444,95803412,0,5,16711376,Arman Tuganbaev,55617399,2897.3,EpisodeType.EPISODE_TYPE_PUBLIC,Arman Tuganbaev,tetsuya,78998.0,66324.0,WIN,exact,720,30920117,replays/gold_top10_macro_intent_v1/episode-95803412-replay.json,gold_top10_macro_intent_v1,N100,2,1,0.0
445,95839893,1,3,16705390,Subramanya N,55616096,2953.5,EpisodeType.EPISODE_TYPE_PUBLIC,Subramanya N,Izzoudine Mohamed KANTA,83891.0,66166.0,WIN,exact,720,30396834,replays/gold_top10_macro_intent_v1/episode-95839893-replay.json,gold_top10_macro_intent_v1,N093,2,0,0.10694517195224762
446,95839894,1,3,16705390,Subramanya N,55616096,2953.5,EpisodeType.EPISODE_TYPE_PUBLIC,Subramanya N,peikopon,128338.0,123369.0,WIN,exact,720,30215121,replays/gold_top10_macro_intent_v1/episode-95839894-replay.json,gold_top10_macro_intent_v1,N157,1,1,0.0
447,95839896,1,2,16644287,Ryo Hasegawa,55614463,3059.7,EpisodeType.EPISODE_TYPE_PUBLIC,Ryo Hasegawa,Crop Dusta,55359.0,55070.0,WIN,exact,720,30348077,replays/gold_top10_macro_intent_v1/episode-95839896-replay.json,gold_top10_macro_intent_v1,N051,3,0,0.10058555752038956
448,95839897,0,5,16711376,Arman Tuganbaev,55617399,2897.3,EpisodeType.EPISODE_TYPE_PUBLIC,Arman Tuganbaev,カワシギ,110908.0,93338.0,WIN,exact,720,31901650,replays/gold_top10_macro_intent_v1/episode-95839897-replay.json,gold_top10_macro_intent_v1,N020,7,0,0.0
449,95885537,0,3,16705390,Subramanya N,55616096,2953.5,EpisodeType.EPISODE_TYPE_PUBLIC,Subramanya N,tetsuya,82354.0,78028.0,WIN,exact,720,29896482,replays/gold_top10_macro_intent_v1/episode-95885537-replay.json,gold_top10_macro_intent_v1,N479,1,1,0.0
450,95885539,1,2,16644287,Ryo Hasegawa,55614463,3059.7,EpisodeType.EPISODE_TYPE_PUBLIC,Ryo Hasegawa,Arman Tuganbaev,90578.0,80270.0,WIN,exact,720,32164642,replays/gold_top10_macro_intent_v1/episode-95885539-replay.json,gold_top10_macro_intent_v1,N397,1,1,0.0
451,95885539,0,5,16711376,Arman Tuganbaev,55617399,2897.3,EpisodeType.EPISODE_TYPE_PUBLIC,Arman Tuganbaev,Ryo Hasegawa,80270.0,90578.0,LOSS,exact,720,32164642,replays/gold_top10_macro_intent_v1/episode-95885539-replay.json,gold_top10_macro_intent_v1,N497,1,1,0.0
452,95885543,1,3,16705390,Subramanya N,55616096,2953.5,EpisodeType.EPISODE_TYPE_PUBLIC,Subramanya N,Arman Tuganbaev,73824.0,69484.0,WIN,exact,720,30569481,replays/gold_top10_macro_intent_v1/episode-95885543-replay.json,gold_top10_macro_intent_v1,N561,1,1,0.0
453,95885543,0,5,16711376,Arman Tuganbaev,55617399,2897.3,EpisodeType.EPISODE_TYPE_PUBLIC,Arman Tuganbaev,Subramanya N,69484.0,73824.0,LOSS,exact,720,30569481,replays/gold_top10_macro_intent_v1/episode-95885543-replay.json,gold_top10_macro_intent_v1,N005,27,0,0.04608770087361336
454,95885546,1,2,16644287,Ryo Hasegawa,55614463,3059.7,EpisodeType.EPISODE_TYPE_PUBLIC,Ryo Hasegawa,tetsuya,84223.0,66075.0,WIN,exact,720,30608590,replays/gold_top10_macro_intent_v1/episode-95885546-replay.json,gold_top10_macro_intent_v1,N460,1,1,0.0
455,95942611,0,5,16711376,Arman Tuganbaev,55617399,2897.3,EpisodeType.EPISODE_TYPE_PUBLIC,Arman Tuganbaev,Crop Dusta,66024.0,83949.0,LOSS,exact,720,29718969,replays/gold_top10_macro_intent_v1/episode-95942611-replay.json,gold_top10_macro_intent_v1,N010,11,0,0.10048852115869522
456,95942614,1,5,16711376,Arman Tuganbaev,55617399,2897.3,EpisodeType.EPISODE_TYPE_PUBLIC,Arman Tuganbaev,カワシギ,93195.0,82192.0,WIN,exact,720,31770168,replays/gold_top10_macro_intent_v1/episode-95942614-replay.json,gold_top10_macro_intent_v1,N001,1764,0,0.05376278609037399
457,95942615,0,3,16705390,Subramanya N,55616096,2953.5,EpisodeType.EPISODE_TYPE_PUBLIC,Subramanya N,Arman Tuganbaev,138928.0,125982.0,WIN,exact,720,30680578,replays/gold_top10_macro_intent_v1/episode-95942615-replay.json,gold_top10_macro_intent_v1,N134,1,1,0.0
458,95942615,1,5,16711376,Arman Tuganbaev,55617399,2897.3,EpisodeType.EPISODE_TYPE_PUBLIC,Arman Tuganbaev,Subramanya N,125982.0,138928.0,LOSS,exact,720,30680578,replays/gold_top10_macro_intent_v1/episode-95942615-replay.json,gold_top10_macro_intent_v1,N005,27,0,0.02476932480931282
459,95942616,1,2,16644287,Ryo Hasegawa,55614463,3059.7,EpisodeType.EPISODE_TYPE_PUBLIC,Ryo Hasegawa,Crop Dusta,127233.0,100238.0,WIN,exact,720,30804975,replays/gold_top10_macro_intent_v1/episode-95942616-replay.json,gold_top10_macro_intent_v1,N034,4,0,0.11686263233423233
460,95942617,1,5,16711376,Arman Tuganbaev,55617399,2897.3,EpisodeType.EPISODE_TYPE_PUBLIC,Arman Tuganbaev,tetsuya,75162.0,71520.0,WIN,exact,720,30875354,replays/gold_top10_macro_intent_v1/episode-95942617-replay.json,gold_top10_macro_intent_v1,N008,13,0,0.04282420128583908
461,95953971,1,3,16705390,Subramanya N,55616096,2953.5,EpisodeType.EPISODE_TYPE_PUBLIC,Subramanya N,Excluding,97220.0,97557.0,LOSS,exact,720,30608778,replays/gold_top10_macro_intent_v1/episode-95953971-replay.json,gold_top10_macro_intent_v1,N348,1,1,0.0
462,95997383,1,3,16705390,Subramanya N,55616096,2953.5,EpisodeType.EPISODE_TYPE_PUBLIC,Subramanya N,Arman Tuganbaev,67999.0,60831.0,WIN,exact,720,30003897,replays/gold_top10_macro_intent_v1/episode-95997383-replay.json,gold_top10_macro_intent_v1,N606,1,1,0.0
463,95997383,0,5,16711376,Arman Tuganbaev,55617399,2897.3,EpisodeType.EPISODE_TYPE_PUBLIC,Arman Tuganbaev,Subramanya N,60831.0,67999.0,LOSS,exact,720,30003897,replays/gold_top10_macro_intent_v1/episode-95997383-replay.json,gold_top10_macro_intent_v1,N035,4,0,0.01607418991625309
464,95997387,1,2,16644287,Ryo Hasegawa,55614463,3059.7,EpisodeType.EPISODE_TYPE_PUBLIC,Ryo Hasegawa,tetsuya,66507.0,70321.0,LOSS,exact,720,30897684,replays/gold_top10_macro_intent_v1/episode-95997387-replay.json,gold_top10_macro_intent_v1,N623,1,1,0.0
465,96047599,1,5,16711376,Arman Tuganbaev,55617399,2897.3,EpisodeType.EPISODE_TYPE_PUBLIC,Arman Tuganbaev,peikopon,113335.0,118695.0,LOSS,exact,720,30957230,replays/gold_top10_macro_intent_v1/episode-96047599-replay.json,gold_top10_macro_intent_v1,N081,2,0,0.11150860041379929
466,96047602,0,3,16705390,Subramanya N,55616096,2953.5,EpisodeType.EPISODE_TYPE_PUBLIC,Subramanya N,tetsuya,65266.0,49297.0,WIN,exact,720,29342751,replays/gold_top10_macro_intent_v1/episode-96047602-replay.json,gold_top10_macro_intent_v1,N632,1,1,0.0
467,96047604,1,3,16705390,Subramanya N,55616096,2953.5,EpisodeType.EPISODE_TYPE_PUBLIC,Subramanya N,tetsuya,71370.0,64092.0,WIN,exact,720,29922831,replays/gold_top10_macro_intent_v1/episode-96047604-replay.json,gold_top10_macro_intent_v1,N582,1,1,0.0
468,96047607,0,2,16644287,Ryo Hasegawa,55614463,3059.7,EpisodeType.EPISODE_TYPE_PUBLIC,Ryo Hasegawa,Crop Dusta,98471.0,100734.0,LOSS,exact,720,31200826,replays/gold_top10_macro_intent_v1/episode-96047607-replay.json,gold_top10_macro_intent_v1,N073,2,0,0.09556877613067627
469,96047612,1,5,16711376,Arman Tuganbaev,55617399,2897.3,EpisodeType.EPISODE_TYPE_PUBLIC,Arman Tuganbaev,Izzoudine Mohamed KANTA,113939.0,104127.0,WIN,exact,720,31448862,replays/gold_top10_macro_intent_v1/episode-96047612-replay.json,gold_top10_macro_intent_v1,N001,1764,0,0.05363434925675392
470,96056708,0,3,16705390,Subramanya N,55616096,2953.5,EpisodeType.EPISODE_TYPE_PUBLIC,Subramanya N,Excluding,71335.0,76019.0,LOSS,exact,720,30565118,replays/gold_top10_macro_intent_v1/episode-96056708-replay.json,gold_top10_macro_intent_v1,N584,1,1,0.0
471,96100052,0,3,16705390,Subramanya N,55616096,2953.5,EpisodeType.EPISODE_TYPE_PUBLIC,Subramanya N,tetsuya,67092.0,74206.0,LOSS,exact,720,30362526,replays/gold_top10_macro_intent_v1/episode-96100052-replay.json,gold_top10_macro_intent_v1,N617,1,1,0.0
472,96100054,1,2,16644287,Ryo Hasegawa,55614463,3059.7,EpisodeType.EPISODE_TYPE_PUBLIC,Ryo Hasegawa,Subramanya N,58931.0,61114.0,LOSS,exact,720,29567679,replays/gold_top10_macro_intent_v1/episode-96100054-replay.json,gold_top10_macro_intent_v1,N662,1,1,0.0
473,96100054,0,3,16705390,Subramanya N,55616096,2953.5,EpisodeType.EPISODE_TYPE_PUBLIC,Subramanya N,Ryo Hasegawa,61114.0,58931.0,WIN,exact,720,29567679,replays/gold_top10_macro_intent_v1/episode-96100054-replay.json,gold_top10_macro_intent_v1,N652,1,1,0.0
474,96100059,1,5,16711376,Arman Tuganbaev,55617399,2897.3,EpisodeType.EPISODE_TYPE_PUBLIC,Arman Tuganbaev,Excluding,110138.0,125859.0,LOSS,exact,720,31614886,replays/gold_top10_macro_intent_v1/episode-96100059-replay.json,gold_top10_macro_intent_v1,N019,7,0,0.0812600627541542
475,96152572,0,2,16644287,Ryo Hasegawa,55614463,3059.7,EpisodeType.EPISODE_TYPE_PUBLIC,Ryo Hasegawa,tetsuya,106236.0,100647.0,WIN,exact,720,31101230,replays/gold_top10_macro_intent_v1/episode-96152572-replay.json,gold_top10_macro_intent_v1,N007,16,0,0.07853877544403076
476,96152584,0,5,16711376,Arman Tuganbaev,55617399,2897.3,EpisodeType.EPISODE_TYPE_PUBLIC,Arman Tuganbaev,Izzoudine Mohamed KANTA,136551.0,126429.0,WIN,exact,720,31645648,replays/gold_top10_macro_intent_v1/episode-96152584-replay.json,gold_top10_macro_intent_v1,N001,1764,0,0.04923580586910248
477,96152588,1,3,16705390,Subramanya N,55616096,2953.5,EpisodeType.EPISODE_TYPE_PUBLIC,Subramanya N,Arman Tuganbaev,88882.0,87637.0,WIN,exact,720,30685312,replays/gold_top10_macro_intent_v1/episode-96152588-replay.json,gold_top10_macro_intent_v1,N416,1,1,0.0
478,96152588,0,5,16711376,Arman Tuganbaev,55617399,2897.3,EpisodeType.EPISODE_TYPE_PUBLIC,Arman Tuganbaev,Subramanya N,87637.0,88882.0,LOSS,exact,720,30685312,replays/gold_top10_macro_intent_v1/episode-96152588-replay.json,gold_top10_macro_intent_v1,N005,27,0,0.02666102536022663
479,96152594,1,5,16711376,Arman Tuganbaev,55617399,2897.3,EpisodeType.EPISODE_TYPE_PUBLIC,Arman Tuganbaev,Izzoudine Mohamed KANTA,108321.0,92610.0,WIN,exact,720,31229451,replays/gold_top10_macro_intent_v1/episode-96152594-replay.json,gold_top10_macro_intent_v1,N046,3,1,0.0
480,96198246,1,2,16644287,Ryo Hasegawa,55614463,3059.7,EpisodeType.EPISODE_TYPE_PUBLIC,Ryo Hasegawa,tetsuya,94682.0,101340.0,LOSS,exact,720,30681353,replays/gold_top10_macro_intent_v1/episode-96198246-replay.json,gold_top10_macro_intent_v1,N016,8,0,0.10469324886798859
481,96198249,0,5,16711376,Arman Tuganbaev,55617399,2897.3,EpisodeType.EPISODE_TYPE_PUBLIC,Arman Tuganbaev,Excluding,124311.0,155457.0,LOSS,exact,720,31725752,replays/gold_top10_macro_intent_v1/episode-96198249-replay.json,gold_top10_macro_intent_v1,N005,27,0,0.016815194860100746
482,96198251,0,3,16705390,Subramanya N,55616096,2953.5,EpisodeType.EPISODE_TYPE_PUBLIC,Subramanya N,Izzoudine Mohamed KANTA,75118.0,68833.0,WIN,exact,720,29695079,replays/gold_top10_macro_intent_v1/episode-96198251-replay.json,gold_top10_macro_intent_v1,N549,1,1,0.0
483,96241545,1,5,16711376,Arman Tuganbaev,55617399,2897.3,EpisodeType.EPISODE_TYPE_PUBLIC,Arman Tuganbaev,tetsuya,135281.0,126435.0,WIN,exact,720,31429918,replays/gold_top10_macro_intent_v1/episode-96241545-replay.json,gold_top10_macro_intent_v1,N001,1764,0,0.0983424186706543
484,96241546,1,2,16644287,Ryo Hasegawa,55614463,3059.7,EpisodeType.EPISODE_TYPE_PUBLIC,Ryo Hasegawa,tetsuya,107357.0,101531.0,WIN,exact,720,30813879,replays/gold_top10_macro_intent_v1/episode-96241546-replay.json,gold_top10_macro_intent_v1,N041,3,1,0.0
485,96241549,1,5,16711376,Arman Tuganbaev,55617399,2897.3,EpisodeType.EPISODE_TYPE_PUBLIC,Arman Tuganbaev,Excluding,93015.0,104802.0,LOSS,exact,720,30509852,replays/gold_top10_macro_intent_v1/episode-96241549-replay.json,gold_top10_macro_intent_v1,N381,1,1,0.0
486,96241550,1,5,16711376,Arman Tuganbaev,55617399,2897.3,EpisodeType.EPISODE_TYPE_PUBLIC,Arman Tuganbaev,Izzoudine Mohamed KANTA,52729.0,50530.0,WIN,exact,720,31323440,replays/gold_top10_macro_intent_v1/episode-96241550-replay.json,gold_top10_macro_intent_v1,N011,11,0,0.07057163864374161
487,96241552,0,3,16705390,Subramanya N,55616096,2953.5,EpisodeType.EPISODE_TYPE_PUBLIC,Subramanya N,tetsuya,65614.0,64183.0,WIN,exact,720,29814894,replays/gold_top10_macro_intent_v1/episode-96241552-replay.json,gold_top10_macro_intent_v1,N626,1,1,0.0
488,96275736,1,2,16644287,Ryo Hasegawa,55614463,3059.7,EpisodeType.EPISODE_TYPE_PUBLIC,Ryo Hasegawa,tetsuya,95518.0,91443.0,WIN,exact,720,30794205,replays/gold_top10_macro_intent_v1/episode-96275736-replay.json,gold_top10_macro_intent_v1,N023,6,0,0.08580510318279266
489,96275738,1,5,16711376,Arman Tuganbaev,55617399,2897.3,EpisodeType.EPISODE_TYPE_PUBLIC,Arman Tuganbaev,Excluding,101029.0,107162.0,LOSS,exact,720,31880418,replays/gold_top10_macro_intent_v1/episode-96275738-replay.json,gold_top10_macro_intent_v1,N024,6,0,0.022917453199625015
490,96275739,1,3,16705390,Subramanya N,55616096,2953.5,EpisodeType.EPISODE_TYPE_PUBLIC,Subramanya N,Arman Tuganbaev,170964.0,141310.0,WIN,exact,720,30574770,replays/gold_top10_macro_intent_v1/episode-96275739-replay.json,gold_top10_macro_intent_v1,N052,2,0,0.09164699167013168
491,96275739,0,5,16711376,Arman Tuganbaev,55617399,2897.3,EpisodeType.EPISODE_TYPE_PUBLIC,Arman Tuganbaev,Subramanya N,141310.0,170964.0,LOSS,exact,720,30574770,replays/gold_top10_macro_intent_v1/episode-96275739-replay.json,gold_top10_macro_intent_v1,N005,27,0,0.02476932480931282
492,96275740,1,3,16705390,Subramanya N,55616096,2953.5,EpisodeType.EPISODE_TYPE_PUBLIC,Subramanya N,tetsuya,83012.0,79891.0,WIN,exact,720,29485232,replays/gold_top10_macro_intent_v1/episode-96275740-replay.json,gold_top10_macro_intent_v1,N471,1,1,0.0
493,96303074,1,5,16711376,Arman Tuganbaev,55617399,2897.3,EpisodeType.EPISODE_TYPE_PUBLIC,Arman Tuganbaev,Kobe BRYANT,100935.0,94179.0,WIN,exact,720,31673206,replays/gold_top10_macro_intent_v1/episode-96303074-replay.json,gold_top10_macro_intent_v1,N001,1764,0,0.05356302112340927
494,96303076,0,2,16644287,Ryo Hasegawa,55614463,3059.7,EpisodeType.EPISODE_TYPE_PUBLIC,Ryo Hasegawa,tetsuya,82750.0,84061.0,LOSS,exact,720,30899298,replays/gold_top10_macro_intent_v1/episode-96303076-replay.json,gold_top10_macro_intent_v1,N016,8,0,0.07244919240474701
495,96303079,1,5,16711376,Arman Tuganbaev,55617399,2897.3,EpisodeType.EPISODE_TYPE_PUBLIC,Arman Tuganbaev,Izzoudine Mohamed KANTA,118342.0,122105.0,LOSS,exact,720,32170193,replays/gold_top10_macro_intent_v1/episode-96303079-replay.json,gold_top10_macro_intent_v1,N064,2,1,0.0
496,96303082,0,3,16705390,Subramanya N,55616096,2953.5,EpisodeType.EPISODE_TYPE_PUBLIC,Subramanya N,Arman Tuganbaev,73419.0,64040.0,WIN,exact,720,28745435,replays/gold_top10_macro_intent_v1/episode-96303082-replay.json,gold_top10_macro_intent_v1,N563,1,1,0.0
497,96303082,1,5,16711376,Arman Tuganbaev,55617399,2897.3,EpisodeType.EPISODE_TYPE_PUBLIC,Arman Tuganbaev,Subramanya N,64040.0,73419.0,LOSS,exact,720,28745435,replays/gold_top10_macro_intent_v1/episode-96303082-replay.json,gold_top10_macro_intent_v1,N640,1,1,0.0
498,96303083,0,3,16705390,Subramanya N,55616096,2953.5,EpisodeType.EPISODE_TYPE_PUBLIC,Subramanya N,tetsuya,72128.0,71114.0,WIN,exact,720,29177346,replays/gold_top10_macro_intent_v1/episode-96303083-replay.json,gold_top10_macro_intent_v1,N576,1,1,0.0
499,96303084,1,3,16705390,Subramanya N,55616096,2953.5,EpisodeType.EPISODE_TYPE_PUBLIC,Subramanya N,tetsuya,105958.0,97928.0,WIN,exact,720,30408808,replays/gold_top10_macro_intent_v1/episode-96303084-replay.json,gold_top10_macro_intent_v1,N261,1,1,0.0
500,96330308,0,2,16644287,Ryo Hasegawa,55614463,3059.7,EpisodeType.EPISODE_TYPE_PUBLIC,Ryo Hasegawa,tetsuya,163990.0,144311.0,WIN,exact,720,30911408,replays/gold_top10_macro_intent_v1/episode-96330308-replay.json,gold_top10_macro_intent_v1,N031,4,0,0.04077427461743355
501,96330311,0,5,16711376,Arman Tuganbaev,55617399,2897.3,EpisodeType.EPISODE_TYPE_PUBLIC,Arman Tuganbaev,MiMi,84892.0,80814.0,WIN,exact,720,31955700,replays/gold_top10_macro_intent_v1/episode-96330311-replay.json,gold_top10_macro_intent_v1,N003,247,0,0.07523481547832489
502,96330314,1,3,16705390,Subramanya N,55616096,2953.5,EpisodeType.EPISODE_TYPE_PUBLIC,Subramanya N,Izzoudine Mohamed KANTA,108113.0,98913.0,WIN,exact,720,30135527,replays/gold_top10_macro_intent_v1/episode-96330314-replay.json,gold_top10_macro_intent_v1,N252,1,1,0.0
503,96355382,1,2,16644287,Ryo Hasegawa,55614463,3059.7,EpisodeType.EPISODE_TYPE_PUBLIC,Ryo Hasegawa,Subramanya N,115263.0,105174.0,WIN,exact,720,30309577,replays/gold_top10_macro_intent_v1/episode-96355382-replay.json,gold_top10_macro_intent_v1,N085,2,1,0.0
504,96355382,0,3,16705390,Subramanya N,55616096,2953.5,EpisodeType.EPISODE_TYPE_PUBLIC,Subramanya N,Ryo Hasegawa,105174.0,115263.0,LOSS,exact,720,30309577,replays/gold_top10_macro_intent_v1/episode-96355382-replay.json,gold_top10_macro_intent_v1,N265,1,1,0.0
505,96355383,1,5,16711376,Arman Tuganbaev,55617399,2897.3,EpisodeType.EPISODE_TYPE_PUBLIC,Arman Tuganbaev,tetsuya,85025.0,78206.0,WIN,exact,720,31132617,replays/gold_top10_macro_intent_v1/episode-96355383-replay.json,gold_top10_macro_intent_v1,N447,1,1,0.0
506,96355386,0,3,16705390,Subramanya N,55616096,2953.5,EpisodeType.EPISODE_TYPE_PUBLIC,Subramanya N,Arman Tuganbaev,70692.0,78345.0,LOSS,exact,720,31191985,replays/gold_top10_macro_intent_v1/episode-96355386-replay.json,gold_top10_macro_intent_v1,N591,1,1,0.0
507,96355386,1,5,16711376,Arman Tuganbaev,55617399,2897.3,EpisodeType.EPISODE_TYPE_PUBLIC,Arman Tuganbaev,Subramanya N,78345.0,70692.0,WIN,exact,720,31191985,replays/gold_top10_macro_intent_v1/episode-96355386-replay.json,gold_top10_macro_intent_v1,N024,6,1,0.0
508,96355388,0,5,16711376,Arman Tuganbaev,55617399,2897.3,EpisodeType.EPISODE_TYPE_PUBLIC,Arman Tuganbaev,peikopon,125113.0,114308.0,WIN,exact,720,31580928,replays/gold_top10_macro_intent_v1/episode-96355388-replay.json,gold_top10_macro_intent_v1,N022,6,0,0.005482447799295187
509,96355390,1,5,16711376,Arman Tuganbaev,55617399,2897.3,EpisodeType.EPISODE_TYPE_PUBLIC,Arman Tuganbaev,Izzoudine Mohamed KANTA,130652.0,124710.0,WIN,exact,720,31650642,replays/gold_top10_macro_intent_v1/episode-96355390-replay.json,gold_top10_macro_intent_v1,N001,1764,0,0.05342597886919975
510,96378269,0,2,16644287,Ryo Hasegawa,55614463,3059.7,EpisodeType.EPISODE_TYPE_PUBLIC,Ryo Hasegawa,Arman Tuganbaev,143823.0,133058.0,WIN,exact,720,31415654,replays/gold_top10_macro_intent_v1/episode-96378269-replay.json,gold_top10_macro_intent_v1,N031,4,0,0.012439965270459652
511,96378269,1,5,16711376,Arman Tuganbaev,55617399,2897.3,EpisodeType.EPISODE_TYPE_PUBLIC,Arman Tuganbaev,Ryo Hasegawa,133058.0,143823.0,LOSS,exact,720,31415654,replays/gold_top10_macro_intent_v1/episode-96378269-replay.json,gold_top10_macro_intent_v1,N003,247,0,0.07383572310209274
512,96378272,0,3,16705390,Subramanya N,55616096,2953.5,EpisodeType.EPISODE_TYPE_PUBLIC,Subramanya N,Arman Tuganbaev,82949.0,88191.0,LOSS,exact,720,31383916,replays/gold_top10_macro_intent_v1/episode-96378272-replay.json,gold_top10_macro_intent_v1,N472,1,1,0.0
513,96378272,1,5,16711376,Arman Tuganbaev,55617399,2897.3,EpisodeType.EPISODE_TYPE_PUBLIC,Arman Tuganbaev,Subramanya N,88191.0,82949.0,WIN,exact,720,31383916,replays/gold_top10_macro_intent_v1/episode-96378272-replay.json,gold_top10_macro_intent_v1,N009,12,0,0.004574432969093323
514,96378274,0,2,16644287,Ryo Hasegawa,55614463,3059.7,EpisodeType.EPISODE_TYPE_PUBLIC,Ryo Hasegawa,tetsuya,89817.0,110735.0,LOSS,exact,720,30905665,replays/gold_top10_macro_intent_v1/episode-96378274-replay.json,gold_top10_macro_intent_v1,N088,2,0,0.1018274649977684
515,96378275,0,5,16711376,Arman Tuganbaev,55617399,2897.3,EpisodeType.EPISODE_TYPE_PUBLIC,Arman Tuganbaev,Izzoudine Mohamed KANTA,118093.0,111928.0,WIN,exact,720,31523036,replays/gold_top10_macro_intent_v1/episode-96378275-replay.json,gold_top10_macro_intent_v1,N032,4,0,0.03985653445124626
516,96403342,0,3,16705390,Subramanya N,55616096,2953.5,EpisodeType.EPISODE_TYPE_PUBLIC,Subramanya N,peikopon,101039.0,117590.0,LOSS,exact,720,30032009,replays/gold_top10_macro_intent_v1/episode-96403342-replay.json,gold_top10_macro_intent_v1,N310,1,1,0.0
517,96403343,1,2,16644287,Ryo Hasegawa,55614463,3059.7,EpisodeType.EPISODE_TYPE_PUBLIC,Ryo Hasegawa,tetsuya,65523.0,66287.0,LOSS,exact,720,30597735,replays/gold_top10_macro_intent_v1/episode-96403343-replay.json,gold_top10_macro_intent_v1,N628,1,1,0.0
518,96403344,0,3,16705390,Subramanya N,55616096,2953.5,EpisodeType.EPISODE_TYPE_PUBLIC,Subramanya N,tetsuya,87903.0,87494.0,WIN,exact,720,29472496,replays/gold_top10_macro_intent_v1/episode-96403344-replay.json,gold_top10_macro_intent_v1,N424,1,1,0.0
519,96403346,0,5,16711376,Arman Tuganbaev,55617399,2897.3,EpisodeType.EPISODE_TYPE_PUBLIC,Arman Tuganbaev,tetsuya,80147.0,79206.0,WIN,exact,720,31448947,replays/gold_top10_macro_intent_v1/episode-96403346-replay.json,gold_top10_macro_intent_v1,N087,2,0,0.08706589043140411
520,96430637,1,2,16644287,Ryo Hasegawa,55614463,3059.7,EpisodeType.EPISODE_TYPE_PUBLIC,Ryo Hasegawa,Subramanya N,79517.0,80339.0,LOSS,exact,720,30282592,replays/gold_top10_macro_intent_v1/episode-96430637-replay.json,gold_top10_macro_intent_v1,N507,1,1,0.0
521,96430637,0,3,16705390,Subramanya N,55616096,2953.5,EpisodeType.EPISODE_TYPE_PUBLIC,Subramanya N,Ryo Hasegawa,80339.0,79517.0,WIN,exact,720,30282592,replays/gold_top10_macro_intent_v1/episode-96430637-replay.json,gold_top10_macro_intent_v1,N496,1,1,0.0
522,96430638,0,3,16705390,Subramanya N,55616096,2953.5,EpisodeType.EPISODE_TYPE_PUBLIC,Subramanya N,Izzoudine Mohamed KANTA,76921.0,58991.0,WIN,exact,720,30623334,replays/gold_top10_macro_intent_v1/episode-96430638-replay.json,gold_top10_macro_intent_v1,N528,1,1,0.0
523,96430640,1,5,16711376,Arman Tuganbaev,55617399,2897.3,EpisodeType.EPISODE_TYPE_PUBLIC,Arman Tuganbaev,peikopon,83851.0,88916.0,LOSS,exact,720,30898336,replays/gold_top10_macro_intent_v1/episode-96430640-replay.json,gold_top10_macro_intent_v1,N037,4,0,0.007246722467243671
524,96430641,1,3,16705390,Subramanya N,55616096,2953.5,EpisodeType.EPISODE_TYPE_PUBLIC,Subramanya N,tetsuya,79305.0,72970.0,WIN,exact,720,29161485,replays/gold_top10_macro_intent_v1/episode-96430641-replay.json,gold_top10_macro_intent_v1,N512,1,1,0.0
525,96458075,1,2,16644287,Ryo Hasegawa,55614463,3059.7,EpisodeType.EPISODE_TYPE_PUBLIC,Ryo Hasegawa,Subramanya N,97314.0,102741.0,LOSS,exact,720,30595610,replays/gold_top10_macro_intent_v1/episode-96458075-replay.json,gold_top10_macro_intent_v1,N083,2,1,0.0
526,96458075,0,3,16705390,Subramanya N,55616096,2953.5,EpisodeType.EPISODE_TYPE_PUBLIC,Subramanya N,Ryo Hasegawa,102741.0,97314.0,WIN,exact,720,30595610,replays/gold_top10_macro_intent_v1/episode-96458075-replay.json,gold_top10_macro_intent_v1,N288,1,1,0.0
527,96458077,0,5,16711376,Arman Tuganbaev,55617399,2897.3,EpisodeType.EPISODE_TYPE_PUBLIC,Arman Tuganbaev,MiMi,110013.0,104922.0,WIN,exact,720,33036549,replays/gold_top10_macro_intent_v1/episode-96458077-replay.json,gold_top10_macro_intent_v1,N001,1764,0,0.06885791569948196
528,96458079,1,3,16705390,Subramanya N,55616096,2953.5,EpisodeType.EPISODE_TYPE_PUBLIC,Subramanya N,Arman Tuganbaev,101811.0,102078.0,LOSS,exact,720,30656083,replays/gold_top10_macro_intent_v1/episode-96458079-replay.json,gold_top10_macro_intent_v1,N301,1,1,0.0
529,96458079,0,5,16711376,Arman Tuganbaev,55617399,2897.3,EpisodeType.EPISODE_TYPE_PUBLIC,Arman Tuganbaev,Subramanya N,102078.0,101811.0,WIN,exact,720,30656083,replays/gold_top10_macro_intent_v1/episode-96458079-replay.json,gold_top10_macro_intent_v1,N059,2,1,0.0
530,96458081,0,3,16705390,Subramanya N,55616096,2953.5,EpisodeType.EPISODE_TYPE_PUBLIC,Subramanya N,Izzoudine Mohamed KANTA,64978.0,56609.0,WIN,exact,720,28227039,replays/gold_top10_macro_intent_v1/episode-96458081-replay.json,gold_top10_macro_intent_v1,N635,1,1,0.0
531,96487653,0,2,16644287,Ryo Hasegawa,55614463,3059.7,EpisodeType.EPISODE_TYPE_PUBLIC,Ryo Hasegawa,tetsuya,118044.0,114205.0,WIN,exact,720,30575770,replays/gold_top10_macro_intent_v1/episode-96487653-replay.json,gold_top10_macro_intent_v1,N200,1,1,0.0
532,96487655,1,5,16711376,Arman Tuganbaev,55617399,2897.3,EpisodeType.EPISODE_TYPE_PUBLIC,Arman Tuganbaev,tetsuya,77752.0,75505.0,WIN,exact,720,31230866,replays/gold_top10_macro_intent_v1/episode-96487655-replay.json,gold_top10_macro_intent_v1,N100,2,0,0.08443795889616013
533,96487656,0,5,16711376,Arman Tuganbaev,55617399,2897.3,EpisodeType.EPISODE_TYPE_PUBLIC,Arman Tuganbaev,MiMi,104629.0,96316.0,WIN,exact,720,31708169,replays/gold_top10_macro_intent_v1/episode-96487656-replay.json,gold_top10_macro_intent_v1,N058,2,1,0.0
534,96487658,1,3,16705390,Subramanya N,55616096,2953.5,EpisodeType.EPISODE_TYPE_PUBLIC,Subramanya N,Excluding,76814.0,77216.0,LOSS,exact,720,30444693,replays/gold_top10_macro_intent_v1/episode-96487658-replay.json,gold_top10_macro_intent_v1,N529,1,1,0.0
535,96515064,0,2,16644287,Ryo Hasegawa,55614463,3059.7,EpisodeType.EPISODE_TYPE_PUBLIC,Ryo Hasegawa,Subramanya N,77546.0,70793.0,WIN,exact,720,29724873,replays/gold_top10_macro_intent_v1/episode-96515064-replay.json,gold_top10_macro_intent_v1,N521,1,1,0.0
536,96515064,1,3,16705390,Subramanya N,55616096,2953.5,EpisodeType.EPISODE_TYPE_PUBLIC,Subramanya N,Ryo Hasegawa,70793.0,77546.0,LOSS,exact,720,29724873,replays/gold_top10_macro_intent_v1/episode-96515064-replay.json,gold_top10_macro_intent_v1,N590,1,1,0.0
537,96515066,0,5,16711376,Arman Tuganbaev,55617399,2897.3,EpisodeType.EPISODE_TYPE_PUBLIC,Arman Tuganbaev,Excluding,107784.0,139688.0,LOSS,exact,720,31399700,replays/gold_top10_macro_intent_v1/episode-96515066-replay.json,gold_top10_macro_intent_v1,N005,27,0,0.03384345769882202
538,96515067,0,3,16705390,Subramanya N,55616096,2953.5,EpisodeType.EPISODE_TYPE_PUBLIC,Subramanya N,tetsuya,79658.0,84267.0,LOSS,exact,720,30135553,replays/gold_top10_macro_intent_v1/episode-96515067-replay.json,gold_top10_macro_intent_v1,N501,1,1,0.0
539,96515070,0,2,16644287,Ryo Hasegawa,55614463,3059.7,EpisodeType.EPISODE_TYPE_PUBLIC,Ryo Hasegawa,Subramanya N,140348.0,139270.0,WIN,exact,720,30376350,replays/gold_top10_macro_intent_v1/episode-96515070-replay.json,gold_top10_macro_intent_v1,N042,3,1,0.0
540,96515070,1,3,16705390,Subramanya N,55616096,2953.5,EpisodeType.EPISODE_TYPE_PUBLIC,Subramanya N,Ryo Hasegawa,139270.0,140348.0,LOSS,exact,720,30376350,replays/gold_top10_macro_intent_v1/episode-96515070-replay.json,gold_top10_macro_intent_v1,N055,2,1,0.0
541,96542358,1,5,16711376,Arman Tuganbaev,55617399,2897.3,EpisodeType.EPISODE_TYPE_PUBLIC,Arman Tuganbaev,Excluding,50869.0,59569.0,LOSS,exact,720,29712594,replays/gold_top10_macro_intent_v1/episode-96542358-replay.json,gold_top10_macro_intent_v1,N010,11,0,0.08308743685483932
542,96542359,1,2,16644287,Ryo Hasegawa,55614463,3059.7,EpisodeType.EPISODE_TYPE_PUBLIC,Ryo Hasegawa,tetsuya,78123.0,72347.0,WIN,exact,720,30412273,replays/gold_top10_macro_intent_v1/episode-96542359-replay.json,gold_top10_macro_intent_v1,N520,1,1,0.0
543,96542360,0,5,16711376,Arman Tuganbaev,55617399,2897.3,EpisodeType.EPISODE_TYPE_PUBLIC,Arman Tuganbaev,tetsuya,67460.0,73007.0,LOSS,exact,720,30061343,replays/gold_top10_macro_intent_v1/episode-96542360-replay.json,gold_top10_macro_intent_v1,N612,1,1,0.0
544,96542361,1,3,16705390,Subramanya N,55616096,2953.5,EpisodeType.EPISODE_TYPE_PUBLIC,Subramanya N,Izzoudine Mohamed KANTA,104148.0,98806.0,WIN,exact,720,31122985,replays/gold_top10_macro_intent_v1/episode-96542361-replay.json,gold_top10_macro_intent_v1,N276,1,1,0.0
545,96567510,1,2,16644287,Ryo Hasegawa,55614463,3059.7,EpisodeType.EPISODE_TYPE_PUBLIC,Ryo Hasegawa,Subramanya N,62270.0,71510.0,LOSS,exact,720,30670729,replays/gold_top10_macro_intent_v1/episode-96567510-replay.json,gold_top10_macro_intent_v1,N645,1,1,0.0
546,96567510,0,3,16705390,Subramanya N,55616096,2953.5,EpisodeType.EPISODE_TYPE_PUBLIC,Subramanya N,Ryo Hasegawa,71510.0,62270.0,WIN,exact,720,30670729,replays/gold_top10_macro_intent_v1/episode-96567510-replay.json,gold_top10_macro_intent_v1,N580,1,1,0.0
547,96567511,0,5,16711376,Arman Tuganbaev,55617399,2897.3,EpisodeType.EPISODE_TYPE_PUBLIC,Arman Tuganbaev,Excluding,112771.0,145091.0,LOSS,exact,720,32205393,replays/gold_top10_macro_intent_v1/episode-96567511-replay.json,gold_top10_macro_intent_v1,N009,12,0,0.043907541781663895
548,96567512,1,5,16711376,Arman Tuganbaev,55617399,2897.3,EpisodeType.EPISODE_TYPE_PUBLIC,Arman Tuganbaev,tetsuya,88064.0,68061.0,WIN,exact,720,30872826,replays/gold_top10_macro_intent_v1/episode-96567512-replay.json,gold_top10_macro_intent_v1,N008,13,0,0.04298719763755798
549,96567513,0,3,16705390,Subramanya N,55616096,2953.5,EpisodeType.EPISODE_TYPE_PUBLIC,Subramanya N,Arman Tuganbaev,109997.0,118404.0,LOSS,exact,720,31325101,replays/gold_top10_macro_intent_v1/episode-96567513-replay.json,gold_top10_macro_intent_v1,N245,1,1,0.0
550,96567513,1,5,16711376,Arman Tuganbaev,55617399,2897.3,EpisodeType.EPISODE_TYPE_PUBLIC,Arman Tuganbaev,Subramanya N,118404.0,109997.0,WIN,exact,720,31325101,replays/gold_top10_macro_intent_v1/episode-96567513-replay.json,gold_top10_macro_intent_v1,N009,12,0,0.02933107316493988
551,96594836,0,2,16644287,Ryo Hasegawa,55614463,3059.7,EpisodeType.EPISODE_TYPE_PUBLIC,Ryo Hasegawa,Excluding,123005.0,133124.0,LOSS,exact,720,31658814,replays/gold_top10_macro_intent_v1/episode-96594836-replay.json,gold_top10_macro_intent_v1,N018,7,0,0.108851857483387
552,96594837,1,3,16705390,Subramanya N,55616096,2953.5,EpisodeType.EPISODE_TYPE_PUBLIC,Subramanya N,Excluding,66757.0,67958.0,LOSS,exact,720,30459787,replays/gold_top10_macro_intent_v1/episode-96594837-replay.json,gold_top10_macro_intent_v1,N621,1,1,0.0
553,96594838,1,3,16705390,Subramanya N,55616096,2953.5,EpisodeType.EPISODE_TYPE_PUBLIC,Subramanya N,Crop Dusta,76698.0,91472.0,LOSS,exact,720,30873582,replays/gold_top10_macro_intent_v1/episode-96594838-replay.json,gold_top10_macro_intent_v1,N533,1,1,0.0
554,96594841,1,5,16711376,Arman Tuganbaev,55617399,2897.3,EpisodeType.EPISODE_TYPE_PUBLIC,Arman Tuganbaev,tetsuya,123275.0,111877.0,WIN,exact,720,31471462,replays/gold_top10_macro_intent_v1/episode-96594841-replay.json,gold_top10_macro_intent_v1,N001,1764,0,0.0849798247218132
555,96622150,0,2,16644287,Ryo Hasegawa,55614463,3059.7,EpisodeType.EPISODE_TYPE_PUBLIC,Ryo Hasegawa,Arman Tuganbaev,135192.0,111164.0,WIN,exact,720,32662887,replays/gold_top10_macro_intent_v1/episode-96622150-replay.json,gold_top10_macro_intent_v1,N140,1,1,0.0
556,96622150,1,5,16711376,Arman Tuganbaev,55617399,2897.3,EpisodeType.EPISODE_TYPE_PUBLIC,Arman Tuganbaev,Ryo Hasegawa,111164.0,135192.0,LOSS,exact,720,32662887,replays/gold_top10_macro_intent_v1/episode-96622150-replay.json,gold_top10_macro_intent_v1,N021,7,0,0.07502128928899765
557,96622153,0,2,16644287,Ryo Hasegawa,55614463,3059.7,EpisodeType.EPISODE_TYPE_PUBLIC,Ryo Hasegawa,Subramanya N,123175.0,118325.0,WIN,exact,720,30859722,replays/gold_top10_macro_intent_v1/episode-96622153-replay.json,gold_top10_macro_intent_v1,N018,7,1,0.0
558,96622153,1,3,16705390,Subramanya N,55616096,2953.5,EpisodeType.EPISODE_TYPE_PUBLIC,Subramanya N,Ryo Hasegawa,118325.0,123175.0,LOSS,exact,720,30859722,replays/gold_top10_macro_intent_v1/episode-96622153-replay.json,gold_top10_macro_intent_v1,N199,1,1,0.0
559,96622155,0,3,16705390,Subramanya N,55616096,2953.5,EpisodeType.EPISODE_TYPE_PUBLIC,Subramanya N,Arman Tuganbaev,71305.0,71192.0,WIN,exact,720,31156254,replays/gold_top10_macro_intent_v1/episode-96622155-replay.json,gold_top10_macro_intent_v1,N585,1,1,0.0
560,96622155,1,5,16711376,Arman Tuganbaev,55617399,2897.3,EpisodeType.EPISODE_TYPE_PUBLIC,Arman Tuganbaev,Subramanya N,71192.0,71305.0,LOSS,exact,720,31156254,replays/gold_top10_macro_intent_v1/episode-96622155-replay.json,gold_top10_macro_intent_v1,N014,9,0,0.040676675736904144
561,96622158,1,2,16644287,Ryo Hasegawa,55614463,3059.7,EpisodeType.EPISODE_TYPE_PUBLIC,Ryo Hasegawa,Excluding,129171.0,116632.0,WIN,exact,720,31685361,replays/gold_top10_macro_intent_v1/episode-96622158-replay.json,gold_top10_macro_intent_v1,N007,16,0,0.06739647686481476
562,96624398,0,3,16705390,Subramanya N,55616096,2953.5,EpisodeType.EPISODE_TYPE_PUBLIC,Subramanya N,tetsuya,131073.0,107427.0,WIN,exact,720,29551810,replays/gold_top10_macro_intent_v1/episode-96624398-replay.json,gold_top10_macro_intent_v1,N150,1,1,0.0
563,96651836,0,3,16705390,Subramanya N,55616096,2953.5,EpisodeType.EPISODE_TYPE_PUBLIC,Subramanya N,Arman Tuganbaev,77172.0,76699.0,WIN,exact,720,30784378,replays/gold_top10_macro_intent_v1/episode-96651836-replay.json,gold_top10_macro_intent_v1,N525,1,1,0.0
564,96651836,1,5,16711376,Arman Tuganbaev,55617399,2897.3,EpisodeType.EPISODE_TYPE_PUBLIC,Arman Tuganbaev,Subramanya N,76699.0,77172.0,LOSS,exact,720,30784378,replays/gold_top10_macro_intent_v1/episode-96651836-replay.json,gold_top10_macro_intent_v1,N014,9,0,0.05928746983408928
565,96651842,1,2,16644287,Ryo Hasegawa,55614463,3059.7,EpisodeType.EPISODE_TYPE_PUBLIC,Ryo Hasegawa,Subramanya N,89197.0,83663.0,WIN,exact,720,30857886,replays/gold_top10_macro_intent_v1/episode-96651842-replay.json,gold_top10_macro_intent_v1,N413,1,1,0.0
566,96651842,0,3,16705390,Subramanya N,55616096,2953.5,EpisodeType.EPISODE_TYPE_PUBLIC,Subramanya N,Ryo Hasegawa,83663.0,89197.0,LOSS,exact,720,30857886,replays/gold_top10_macro_intent_v1/episode-96651842-replay.json,gold_top10_macro_intent_v1,N466,1,1,0.0
567,96651843,0,5,16711376,Arman Tuganbaev,55617399,2897.3,EpisodeType.EPISODE_TYPE_PUBLIC,Arman Tuganbaev,Excluding,128626.0,157058.0,LOSS,exact,720,31783619,replays/gold_top10_macro_intent_v1/episode-96651843-replay.json,gold_top10_macro_intent_v1,N005,27,0,0.02170732244849205
568,96676936,0,5,16711376,Arman Tuganbaev,55617399,2897.3,EpisodeType.EPISODE_TYPE_PUBLIC,Arman Tuganbaev,tetsuya,42123.0,65956.0,LOSS,exact,720,31144527,replays/gold_top10_macro_intent_v1/episode-96676936-replay.json,gold_top10_macro_intent_v1,N011,11,0,0.09407471120357513
569,96688350,0,2,16644287,Ryo Hasegawa,55614463,3059.7,EpisodeType.EPISODE_TYPE_PUBLIC,Ryo Hasegawa,Subramanya N,80615.0,79797.0,WIN,exact,720,30221480,replays/gold_top10_macro_intent_v1/episode-96688350-replay.json,gold_top10_macro_intent_v1,N103,2,0,0.10058841854333878
570,96688350,1,3,16705390,Subramanya N,55616096,2953.5,EpisodeType.EPISODE_TYPE_PUBLIC,Subramanya N,Ryo Hasegawa,79797.0,80615.0,LOSS,exact,720,30221480,replays/gold_top10_macro_intent_v1/episode-96688350-replay.json,gold_top10_macro_intent_v1,N500,1,1,0.0
571,96688351,0,3,16705390,Subramanya N,55616096,2953.5,EpisodeType.EPISODE_TYPE_PUBLIC,Subramanya N,tetsuya,59492.0,45860.0,WIN,exact,720,29351541,replays/gold_top10_macro_intent_v1/episode-96688351-replay.json,gold_top10_macro_intent_v1,N660,1,1,0.0
572,96688354,0,3,16705390,Subramanya N,55616096,2953.5,EpisodeType.EPISODE_TYPE_PUBLIC,Subramanya N,Excluding,82157.0,84259.0,LOSS,exact,720,30744683,replays/gold_top10_macro_intent_v1/episode-96688354-replay.json,gold_top10_macro_intent_v1,N482,1,1,0.0
573,96713506,1,3,16705390,Subramanya N,55616096,2953.5,EpisodeType.EPISODE_TYPE_PUBLIC,Subramanya N,Izzoudine Mohamed KANTA,126723.0,125832.0,WIN,exact,720,30711479,replays/gold_top10_macro_intent_v1/episode-96713506-replay.json,gold_top10_macro_intent_v1,N160,1,1,0.0
574,96718071,0,5,16711376,Arman Tuganbaev,55617399,2897.3,EpisodeType.EPISODE_TYPE_PUBLIC,Arman Tuganbaev,MiMi,123990.0,116114.0,WIN,exact,720,31754632,replays/gold_top10_macro_intent_v1/episode-96718071-replay.json,gold_top10_macro_intent_v1,N003,247,0,0.07369380444288254
575,96718072,0,3,16705390,Subramanya N,55616096,2953.5,EpisodeType.EPISODE_TYPE_PUBLIC,Subramanya N,Crop Dusta,75555.0,90465.0,LOSS,exact,720,30747205,replays/gold_top10_macro_intent_v1/episode-96718072-replay.json,gold_top10_macro_intent_v1,N544,1,1,0.0
576,96718073,0,5,16711376,Arman Tuganbaev,55617399,2897.3,EpisodeType.EPISODE_TYPE_PUBLIC,Arman Tuganbaev,Kobe BRYANT,63414.0,58771.0,WIN,exact,720,31484182,replays/gold_top10_macro_intent_v1/episode-96718073-replay.json,gold_top10_macro_intent_v1,N106,2,1,0.0
577,96729490,1,2,16644287,Ryo Hasegawa,55614463,3059.7,EpisodeType.EPISODE_TYPE_PUBLIC,Ryo Hasegawa,Excluding,109459.0,103286.0,WIN,exact,720,31745044,replays/gold_top10_macro_intent_v1/episode-96729490-replay.json,gold_top10_macro_intent_v1,N016,8,0,0.048762474209070206
578,96759131,0,5,16711376,Arman Tuganbaev,55617399,2897.3,EpisodeType.EPISODE_TYPE_PUBLIC,Arman Tuganbaev,MiMi,105510.0,94223.0,WIN,exact,720,33021771,replays/gold_top10_macro_intent_v1/episode-96759131-replay.json,gold_top10_macro_intent_v1,N025,5,0,0.10275030136108398
579,96759133,1,3,16705390,Subramanya N,55616096,2953.5,EpisodeType.EPISODE_TYPE_PUBLIC,Subramanya N,Arman Tuganbaev,143803.0,119208.0,WIN,exact,720,30860055,replays/gold_top10_macro_intent_v1/episode-96759133-replay.json,gold_top10_macro_intent_v1,N127,1,1,0.0
580,96759133,0,5,16711376,Arman Tuganbaev,55617399,2897.3,EpisodeType.EPISODE_TYPE_PUBLIC,Arman Tuganbaev,Subramanya N,119208.0,143803.0,LOSS,exact,720,30860055,replays/gold_top10_macro_intent_v1/episode-96759133-replay.json,gold_top10_macro_intent_v1,N033,4,1,0.0
581,96759134,0,5,16711376,Arman Tuganbaev,55617399,2897.3,EpisodeType.EPISODE_TYPE_PUBLIC,Arman Tuganbaev,Izzoudine Mohamed KANTA,60392.0,56904.0,WIN,exact,720,29769451,replays/gold_top10_macro_intent_v1/episode-96759134-replay.json,gold_top10_macro_intent_v1,N655,1,1,0.0
582,96770538,0,2,16644287,Ryo Hasegawa,55614463,3059.7,EpisodeType.EPISODE_TYPE_PUBLIC,Ryo Hasegawa,Excluding,72836.0,74236.0,LOSS,exact,720,31404876,replays/gold_top10_macro_intent_v1/episode-96770538-replay.json,gold_top10_macro_intent_v1,N570,1,1,0.0
583,96804724,1,3,16705390,Subramanya N,55616096,2953.5,EpisodeType.EPISODE_TYPE_PUBLIC,Subramanya N,Crop Dusta,91823.0,91766.0,WIN,exact,720,30723195,replays/gold_top10_macro_intent_v1/episode-96804724-replay.json,gold_top10_macro_intent_v1,N390,1,1,0.0
584,96804725,1,3,16705390,Subramanya N,55616096,2953.5,EpisodeType.EPISODE_TYPE_PUBLIC,Subramanya N,Arman Tuganbaev,114889.0,131561.0,LOSS,exact,720,31140309,replays/gold_top10_macro_intent_v1/episode-96804725-replay.json,gold_top10_macro_intent_v1,N220,1,1,0.0
585,96804725,0,5,16711376,Arman Tuganbaev,55617399,2897.3,EpisodeType.EPISODE_TYPE_PUBLIC,Arman Tuganbaev,Subramanya N,131561.0,114889.0,WIN,exact,720,31140309,replays/gold_top10_macro_intent_v1/episode-96804725-replay.json,gold_top10_macro_intent_v1,N059,2,0,0.10750001668930054
586,96804727,0,5,16711376,Arman Tuganbaev,55617399,2897.3,EpisodeType.EPISODE_TYPE_PUBLIC,Arman Tuganbaev,tetsuya,92832.0,94937.0,LOSS,exact,720,31412114,replays/gold_top10_macro_intent_v1/episode-96804727-replay.json,gold_top10_macro_intent_v1,N382,1,1,0.0
587,96816183,1,2,16644287,Ryo Hasegawa,55614463,3059.7,EpisodeType.EPISODE_TYPE_PUBLIC,Ryo Hasegawa,Subramanya N,102331.0,96339.0,WIN,exact,720,30310922,replays/gold_top10_macro_intent_v1/episode-96816183-replay.json,gold_top10_macro_intent_v1,N015,8,0,0.0309688001871109
588,96816183,0,3,16705390,Subramanya N,55616096,2953.5,EpisodeType.EPISODE_TYPE_PUBLIC,Subramanya N,Ryo Hasegawa,96339.0,102331.0,LOSS,exact,720,30310922,replays/gold_top10_macro_intent_v1/episode-96816183-replay.json,gold_top10_macro_intent_v1,N357,1,1,0.0
589,96857252,0,5,16711376,Arman Tuganbaev,55617399,2897.3,EpisodeType.EPISODE_TYPE_PUBLIC,Arman Tuganbaev,Kobe BRYANT,126435.0,111151.0,WIN,exact,720,31880404,replays/gold_top10_macro_intent_v1/episode-96857252-replay.json,gold_top10_macro_intent_v1,N044,3,1,0.0
590,96857253,1,3,16705390,Subramanya N,55616096,2953.5,EpisodeType.EPISODE_TYPE_PUBLIC,Subramanya N,tetsuya,98974.0,91159.0,WIN,exact,720,29539419,replays/gold_top10_macro_intent_v1/episode-96857253-replay.json,gold_top10_macro_intent_v1,N335,1,1,0.0
591,96870933,1,2,16644287,Ryo Hasegawa,55614463,3059.7,EpisodeType.EPISODE_TYPE_PUBLIC,Ryo Hasegawa,Subramanya N,99534.0,100127.0,LOSS,exact,720,30688326,replays/gold_top10_macro_intent_v1/episode-96870933-replay.json,gold_top10_macro_intent_v1,N083,2,0,0.08117713779211044
592,96870933,0,3,16705390,Subramanya N,55616096,2953.5,EpisodeType.EPISODE_TYPE_PUBLIC,Subramanya N,Ryo Hasegawa,100127.0,99534.0,WIN,exact,720,30688326,replays/gold_top10_macro_intent_v1/episode-96870933-replay.json,gold_top10_macro_intent_v1,N320,1,1,0.0
593,96911997,0,5,16711376,Arman Tuganbaev,55617399,2897.3,EpisodeType.EPISODE_TYPE_PUBLIC,Arman Tuganbaev,Kobe BRYANT,88595.0,88777.0,LOSS,exact,720,31489084,replays/gold_top10_macro_intent_v1/episode-96911997-replay.json,gold_top10_macro_intent_v1,N002,260,0,0.06750767678022385
594,96925727,0,2,16644287,Ryo Hasegawa,55614463,3059.7,EpisodeType.EPISODE_TYPE_PUBLIC,Ryo Hasegawa,Subramanya N,68894.0,75370.0,LOSS,exact,720,29905246,replays/gold_top10_macro_intent_v1/episode-96925727-replay.json,gold_top10_macro_intent_v1,N097,2,0,0.11188448965549469
595,96925727,1,3,16705390,Subramanya N,55616096,2953.5,EpisodeType.EPISODE_TYPE_PUBLIC,Subramanya N,Ryo Hasegawa,75370.0,68894.0,WIN,exact,720,29905246,replays/gold_top10_macro_intent_v1/episode-96925727-replay.json,gold_top10_macro_intent_v1,N545,1,1,0.0
596,96925730,1,2,16644287,Ryo Hasegawa,55614463,3059.7,EpisodeType.EPISODE_TYPE_PUBLIC,Ryo Hasegawa,Subramanya N,146792.0,125145.0,WIN,exact,720,30832144,replays/gold_top10_macro_intent_v1/episode-96925730-replay.json,gold_top10_macro_intent_v1,N007,16,0,0.07885362952947617
597,96925730,0,3,16705390,Subramanya N,55616096,2953.5,EpisodeType.EPISODE_TYPE_PUBLIC,Subramanya N,Ryo Hasegawa,125145.0,146792.0,LOSS,exact,720,30832144,replays/gold_top10_macro_intent_v1/episode-96925730-replay.json,gold_top10_macro_intent_v1,N057,2,0,0.09966278821229935
598,96925732,1,5,16711376,Arman Tuganbaev,55617399,2897.3,EpisodeType.EPISODE_TYPE_PUBLIC,Arman Tuganbaev,Crop Dusta,86888.0,122318.0,LOSS,exact,720,32331744,replays/gold_top10_macro_intent_v1/episode-96925732-replay.json,gold_top10_macro_intent_v1,N009,12,0,0.08369176089763641
599,96982840,1,2,16644287,Ryo Hasegawa,55614463,3059.7,EpisodeType.EPISODE_TYPE_PUBLIC,Ryo Hasegawa,Excluding,81816.0,81460.0,WIN,exact,720,31502440,replays/gold_top10_macro_intent_v1/episode-96982840-replay.json,gold_top10_macro_intent_v1,N029,5,0,0.0806770846247673
600,96982841,0,3,16705390,Subramanya N,55616096,2953.5,EpisodeType.EPISODE_TYPE_PUBLIC,Subramanya N,Excluding,101111.0,98539.0,WIN,exact,720,29961221,replays/gold_top10_macro_intent_v1/episode-96982841-replay.json,gold_top10_macro_intent_v1,N309,1,1,0.0
601,96982842,1,5,16711376,Arman Tuganbaev,55617399,2897.3,EpisodeType.EPISODE_TYPE_PUBLIC,Arman Tuganbaev,Crop Dusta,74739.0,94923.0,LOSS,exact,720,28924643,replays/gold_top10_macro_intent_v1/episode-96982842-replay.json,gold_top10_macro_intent_v1,N091,2,1,0.0
602,97032982,1,2,16644287,Ryo Hasegawa,55614463,3059.7,EpisodeType.EPISODE_TYPE_PUBLIC,Ryo Hasegawa,Subramanya N,101149.0,102553.0,LOSS,exact,720,30532706,replays/gold_top10_macro_intent_v1/episode-97032982-replay.json,gold_top10_macro_intent_v1,N048,3,0,0.05656559020280838
603,97032982,0,3,16705390,Subramanya N,55616096,2953.5,EpisodeType.EPISODE_TYPE_PUBLIC,Subramanya N,Ryo Hasegawa,102553.0,101149.0,WIN,exact,720,30532706,replays/gold_top10_macro_intent_v1/episode-97032982-replay.json,gold_top10_macro_intent_v1,N290,1,1,0.0
604,97032983,1,3,16705390,Subramanya N,55616096,2953.5,EpisodeType.EPISODE_TYPE_PUBLIC,Subramanya N,Excluding,71539.0,67328.0,WIN,exact,720,30714105,replays/gold_top10_macro_intent_v1/episode-97032983-replay.json,gold_top10_macro_intent_v1,N579,1,1,0.0
605,97032984,1,5,16711376,Arman Tuganbaev,55617399,2897.3,EpisodeType.EPISODE_TYPE_PUBLIC,Arman Tuganbaev,Excluding,111041.0,144034.0,LOSS,exact,720,30965182,replays/gold_top10_macro_intent_v1/episode-97032984-replay.json,gold_top10_macro_intent_v1,N005,27,0,0.061918653547763824
606,97032986,0,5,16711376,Arman Tuganbaev,55617399,2897.3,EpisodeType.EPISODE_TYPE_PUBLIC,Arman Tuganbaev,Crop Dusta,48713.0,90278.0,LOSS,exact,720,31698417,replays/gold_top10_macro_intent_v1/episode-97032986-replay.json,gold_top10_macro_intent_v1,N014,9,0,0.09718125313520432
607,97078515,0,2,16644287,Ryo Hasegawa,55614463,3059.7,EpisodeType.EPISODE_TYPE_PUBLIC,Ryo Hasegawa,Arman Tuganbaev,101811.0,92931.0,WIN,exact,720,31577117,replays/gold_top10_macro_intent_v1/episode-97078515-replay.json,gold_top10_macro_intent_v1,N076,2,0,0.054001934826374054
608,97078515,1,5,16711376,Arman Tuganbaev,55617399,2897.3,EpisodeType.EPISODE_TYPE_PUBLIC,Arman Tuganbaev,Ryo Hasegawa,92931.0,101811.0,LOSS,exact,720,31577117,replays/gold_top10_macro_intent_v1/episode-97078515-replay.json,gold_top10_macro_intent_v1,N003,247,0,0.07662681490182877
609,97078516,0,3,16705390,Subramanya N,55616096,2953.5,EpisodeType.EPISODE_TYPE_PUBLIC,Subramanya N,Excluding,90185.0,77141.0,WIN,exact,720,30512797,replays/gold_top10_macro_intent_v1/episode-97078516-replay.json,gold_top10_macro_intent_v1,N403,1,1,0.0
610,97078517,0,5,16711376,Arman Tuganbaev,55617399,2897.3,EpisodeType.EPISODE_TYPE_PUBLIC,Arman Tuganbaev,Excluding,135021.0,145001.0,LOSS,exact,720,32345457,replays/gold_top10_macro_intent_v1/episode-97078517-replay.json,gold_top10_macro_intent_v1,N009,12,0,0.08463577926158905
611,97078518,1,3,16705390,Subramanya N,55616096,2953.5,EpisodeType.EPISODE_TYPE_PUBLIC,Subramanya N,Crop Dusta,90044.0,92606.0,LOSS,exact,720,30348673,replays/gold_top10_macro_intent_v1/episode-97078518-replay.json,gold_top10_macro_intent_v1,N405,1,1,0.0
612,97078520,0,5,16711376,Arman Tuganbaev,55617399,2897.3,EpisodeType.EPISODE_TYPE_PUBLIC,Arman Tuganbaev,Excluding,95578.0,102007.0,LOSS,exact,720,32309222,replays/gold_top10_macro_intent_v1/episode-97078520-replay.json,gold_top10_macro_intent_v1,N364,1,1,0.0
613,97110456,0,5,16711376,Arman Tuganbaev,55617399,2897.3,EpisodeType.EPISODE_TYPE_PUBLIC,Arman Tuganbaev,Izzoudine Mohamed KANTA,49383.0,44874.0,WIN,exact,720,29854723,replays/gold_top10_macro_intent_v1/episode-97110456-replay.json,gold_top10_macro_intent_v1,N111,2,0,0.06812983006238937
614,97115102,1,2,16644287,Ryo Hasegawa,55614463,3059.7,EpisodeType.EPISODE_TYPE_PUBLIC,Ryo Hasegawa,Crop Dusta,58424.0,62967.0,LOSS,exact,720,31813327,replays/gold_top10_macro_intent_v1/episode-97115102-replay.json,gold_top10_macro_intent_v1,N006,20,0,0.10123627632856369
615,97115103,0,3,16705390,Subramanya N,55616096,2953.5,EpisodeType.EPISODE_TYPE_PUBLIC,Subramanya N,Crop Dusta,132346.0,134126.0,LOSS,exact,720,30246641,replays/gold_top10_macro_intent_v1/episode-97115103-replay.json,gold_top10_macro_intent_v1,N146,1,1,0.0
616,97115104,0,3,16705390,Subramanya N,55616096,2953.5,EpisodeType.EPISODE_TYPE_PUBLIC,Subramanya N,Arman Tuganbaev,81885.0,77555.0,WIN,exact,720,29086841,replays/gold_top10_macro_intent_v1/episode-97115104-replay.json,gold_top10_macro_intent_v1,N484,1,1,0.0
617,97115104,1,5,16711376,Arman Tuganbaev,55617399,2897.3,EpisodeType.EPISODE_TYPE_PUBLIC,Arman Tuganbaev,Subramanya N,77555.0,81885.0,LOSS,exact,720,29086841,replays/gold_top10_macro_intent_v1/episode-97115104-replay.json,gold_top10_macro_intent_v1,N010,11,0,0.10123046487569809
618,97142402,0,5,16711376,Arman Tuganbaev,55617399,2897.3,EpisodeType.EPISODE_TYPE_PUBLIC,Arman Tuganbaev,Izzoudine Mohamed KANTA,88788.0,74258.0,WIN,exact,720,31153380,replays/gold_top10_macro_intent_v1/episode-97142402-replay.json,gold_top10_macro_intent_v1,N002,260,0,0.09665330499410629
619,97142406,1,5,16711376,Arman Tuganbaev,55617399,2897.3,EpisodeType.EPISODE_TYPE_PUBLIC,Arman Tuganbaev,MiMi,69281.0,75484.0,LOSS,exact,720,29954049,replays/gold_top10_macro_intent_v1/episode-97142406-replay.json,gold_top10_macro_intent_v1,N049,3,1,0.0
620,97151458,0,2,16644287,Ryo Hasegawa,55614463,3059.7,EpisodeType.EPISODE_TYPE_PUBLIC,Ryo Hasegawa,Subramanya N,119648.0,114537.0,WIN,exact,720,30294429,replays/gold_top10_macro_intent_v1/episode-97151458-replay.json,gold_top10_macro_intent_v1,N056,2,0,0.11959383636713028
621,97151458,1,3,16705390,Subramanya N,55616096,2953.5,EpisodeType.EPISODE_TYPE_PUBLIC,Subramanya N,Ryo Hasegawa,114537.0,119648.0,LOSS,exact,720,30294429,replays/gold_top10_macro_intent_v1/episode-97151458-replay.json,gold_top10_macro_intent_v1,N055,2,0,0.09041087329387665
622,97151459,0,3,16705390,Subramanya N,55616096,2953.5,EpisodeType.EPISODE_TYPE_PUBLIC,Subramanya N,Crop Dusta,97128.0,116300.0,LOSS,exact,720,30223567,replays/gold_top10_macro_intent_v1/episode-97151459-replay.json,gold_top10_macro_intent_v1,N084,2,0,0.11752130836248398
623,97151460,1,2,16644287,Ryo Hasegawa,55614463,3059.7,EpisodeType.EPISODE_TYPE_PUBLIC,Ryo Hasegawa,Subramanya N,69905.0,74409.0,LOSS,exact,720,30424546,replays/gold_top10_macro_intent_v1/episode-97151460-replay.json,gold_top10_macro_intent_v1,N006,20,0,0.10009375959634781
624,97151460,0,3,16705390,Subramanya N,55616096,2953.5,EpisodeType.EPISODE_TYPE_PUBLIC,Subramanya N,Ryo Hasegawa,74409.0,69905.0,WIN,exact,720,30424546,replays/gold_top10_macro_intent_v1/episode-97151460-replay.json,gold_top10_macro_intent_v1,N557,1,1,0.0
625,97174294,1,3,16705390,Subramanya N,55616096,2953.5,EpisodeType.EPISODE_TYPE_PUBLIC,Subramanya N,Arman Tuganbaev,72661.0,70663.0,WIN,exact,720,30777932,replays/gold_top10_macro_intent_v1/episode-97174294-replay.json,gold_top10_macro_intent_v1,N572,1,1,0.0
626,97174294,0,5,16711376,Arman Tuganbaev,55617399,2897.3,EpisodeType.EPISODE_TYPE_PUBLIC,Arman Tuganbaev,Subramanya N,70663.0,72661.0,LOSS,exact,720,30777932,replays/gold_top10_macro_intent_v1/episode-97174294-replay.json,gold_top10_macro_intent_v1,N014,9,0,0.08849774301052094
627,97174298,1,5,16711376,Arman Tuganbaev,55617399,2897.3,EpisodeType.EPISODE_TYPE_PUBLIC,Arman Tuganbaev,MiMi,113331.0,98863.0,WIN,exact,720,33026240,replays/gold_top10_macro_intent_v1/episode-97174298-replay.json,gold_top10_macro_intent_v1,N020,7,0,0.0
628,97181126,0,3,16705390,Subramanya N,55616096,2953.5,EpisodeType.EPISODE_TYPE_PUBLIC,Subramanya N,Crop Dusta,82600.0,90598.0,LOSS,exact,720,30907665,replays/gold_top10_macro_intent_v1/episode-97181126-replay.json,gold_top10_macro_intent_v1,N475,1,1,0.0
629,97181129,0,2,16644287,Ryo Hasegawa,55614463,3059.7,EpisodeType.EPISODE_TYPE_PUBLIC,Ryo Hasegawa,Crop Dusta,91821.0,86984.0,WIN,exact,720,31506058,replays/gold_top10_macro_intent_v1/episode-97181129-replay.json,gold_top10_macro_intent_v1,N034,4,0,0.07954289764165878
630,97204024,1,3,16705390,Subramanya N,55616096,2953.5,EpisodeType.EPISODE_TYPE_PUBLIC,Subramanya N,Arman Tuganbaev,89351.0,104059.0,LOSS,exact,720,31638592,replays/gold_top10_macro_intent_v1/episode-97204024-replay.json,gold_top10_macro_intent_v1,N410,1,1,0.0
631,97204024,0,5,16711376,Arman Tuganbaev,55617399,2897.3,EpisodeType.EPISODE_TYPE_PUBLIC,Arman Tuganbaev,Subramanya N,104059.0,89351.0,WIN,exact,720,31638592,replays/gold_top10_macro_intent_v1/episode-97204024-replay.json,gold_top10_macro_intent_v1,N009,12,0,0.06435711681842804
632,97213078,1,2,16644287,Ryo Hasegawa,55614463,3059.7,EpisodeType.EPISODE_TYPE_PUBLIC,Ryo Hasegawa,Subramanya N,119202.0,111039.0,WIN,exact,720,31285505,replays/gold_top10_macro_intent_v1/episode-97213078-replay.json,gold_top10_macro_intent_v1,N047,3,0,0.0898260846734047
633,97213078,0,3,16705390,Subramanya N,55616096,2953.5,EpisodeType.EPISODE_TYPE_PUBLIC,Subramanya N,Ryo Hasegawa,111039.0,119202.0,LOSS,exact,720,31285505,replays/gold_top10_macro_intent_v1/episode-97213078-replay.json,gold_top10_macro_intent_v1,N241,1,1,0.0
634,97213079,0,2,16644287,Ryo Hasegawa,55614463,3059.7,EpisodeType.EPISODE_TYPE_PUBLIC,Ryo Hasegawa,Crop Dusta,76854.0,81417.0,LOSS,exact,720,31920222,replays/gold_top10_macro_intent_v1/episode-97213079-replay.json,gold_top10_macro_intent_v1,N085,2,0,0.11579259485006332
635,97235931,1,5,16711376,Arman Tuganbaev,55617399,2897.3,EpisodeType.EPISODE_TYPE_PUBLIC,Arman Tuganbaev,Kobe BRYANT,151357.0,143187.0,WIN,exact,720,31617092,replays/gold_top10_macro_intent_v1/episode-97235931-replay.json,gold_top10_macro_intent_v1,N001,1764,0,0.05329423397779465
636,97245054,0,3,16705390,Subramanya N,55616096,2953.5,EpisodeType.EPISODE_TYPE_PUBLIC,Subramanya N,Arman Tuganbaev,116547.0,120421.0,LOSS,exact,720,31241324,replays/gold_top10_macro_intent_v1/episode-97245054-replay.json,gold_top10_macro_intent_v1,N208,1,1,0.0
637,97245054,1,5,16711376,Arman Tuganbaev,55617399,2897.3,EpisodeType.EPISODE_TYPE_PUBLIC,Arman Tuganbaev,Subramanya N,120421.0,116547.0,WIN,exact,720,31241324,replays/gold_top10_macro_intent_v1/episode-97245054-replay.json,gold_top10_macro_intent_v1,N009,12,0,0.09091798216104507
638,97245055,1,2,16644287,Ryo Hasegawa,55614463,3059.7,EpisodeType.EPISODE_TYPE_PUBLIC,Ryo Hasegawa,Crop Dusta,105604.0,90805.0,WIN,exact,720,31434242,replays/gold_top10_macro_intent_v1/episode-97245055-replay.json,gold_top10_macro_intent_v1,N006,20,0,0.019145140424370766
639,97245056,0,3,16705390,Subramanya N,55616096,2953.5,EpisodeType.EPISODE_TYPE_PUBLIC,Subramanya N,Crop Dusta,121180.0,113971.0,WIN,exact,720,30963630,replays/gold_top10_macro_intent_v1/episode-97245056-replay.json,gold_top10_macro_intent_v1,N181,1,1,0.0
640,97281482,0,5,16711376,Arman Tuganbaev,55617399,2897.3,EpisodeType.EPISODE_TYPE_PUBLIC,Arman Tuganbaev,ActiveMusyoku,83996.0,82398.0,WIN,exact,720,31336410,replays/gold_top10_macro_intent_v1/episode-97281482-replay.json,gold_top10_macro_intent_v1,N019,7,0,0.002210701582953334
641,97281485,1,2,16644287,Ryo Hasegawa,55614463,3059.7,EpisodeType.EPISODE_TYPE_PUBLIC,Ryo Hasegawa,Subramanya N,93413.0,89735.0,WIN,exact,720,30989751,replays/gold_top10_macro_intent_v1/episode-97281485-replay.json,gold_top10_macro_intent_v1,N378,1,1,0.0
642,97281485,0,3,16705390,Subramanya N,55616096,2953.5,EpisodeType.EPISODE_TYPE_PUBLIC,Subramanya N,Ryo Hasegawa,89735.0,93413.0,LOSS,exact,720,30989751,replays/gold_top10_macro_intent_v1/episode-97281485-replay.json,gold_top10_macro_intent_v1,N408,1,1,0.0
643,97281486,0,3,16705390,Subramanya N,55616096,2953.5,EpisodeType.EPISODE_TYPE_PUBLIC,Subramanya N,Crop Dusta,108439.0,115690.0,LOSS,exact,720,30538899,replays/gold_top10_macro_intent_v1/episode-97281486-replay.json,gold_top10_macro_intent_v1,N251,1,1,0.0
644,97281487,1,3,16705390,Subramanya N,55616096,2953.5,EpisodeType.EPISODE_TYPE_PUBLIC,Subramanya N,Crop Dusta,102049.0,96877.0,WIN,exact,720,31205584,replays/gold_top10_macro_intent_v1/episode-97281487-replay.json,gold_top10_macro_intent_v1,N296,1,1,0.0
645,97317967,1,5,16711376,Arman Tuganbaev,55617399,2897.3,EpisodeType.EPISODE_TYPE_PUBLIC,Arman Tuganbaev,Crop Dusta,111510.0,122484.0,LOSS,exact,720,32321570,replays/gold_top10_macro_intent_v1/episode-97317967-replay.json,gold_top10_macro_intent_v1,N009,12,0,0.0694439560174942
646,97317971,0,2,16644287,Ryo Hasegawa,55614463,3059.7,EpisodeType.EPISODE_TYPE_PUBLIC,Ryo Hasegawa,Crop Dusta,96478.0,98950.0,LOSS,exact,720,32112427,replays/gold_top10_macro_intent_v1/episode-97317971-replay.json,gold_top10_macro_intent_v1,N047,3,1,0.0
647,97317972,0,2,16644287,Ryo Hasegawa,55614463,3059.7,EpisodeType.EPISODE_TYPE_PUBLIC,Ryo Hasegawa,Subramanya N,99476.0,95410.0,WIN,exact,720,30645760,replays/gold_top10_macro_intent_v1/episode-97317972-replay.json,gold_top10_macro_intent_v1,N018,7,0,0.06100821495056152
648,97317972,1,3,16705390,Subramanya N,55616096,2953.5,EpisodeType.EPISODE_TYPE_PUBLIC,Subramanya N,Ryo Hasegawa,95410.0,99476.0,LOSS,exact,720,30645760,replays/gold_top10_macro_intent_v1/episode-97317972-replay.json,gold_top10_macro_intent_v1,N368,1,1,0.0
649,97317976,1,5,16711376,Arman Tuganbaev,55617399,2897.3,EpisodeType.EPISODE_TYPE_PUBLIC,Arman Tuganbaev,Crop Dusta,126886.0,144934.0,LOSS,exact,720,31651887,replays/gold_top10_macro_intent_v1/episode-97317976-replay.json,gold_top10_macro_intent_v1,N005,27,0,0.0544738732278347
650,97352280,0,2,16644287,Ryo Hasegawa,55614463,3059.7,EpisodeType.EPISODE_TYPE_PUBLIC,Ryo Hasegawa,Crop Dusta,110479.0,115402.0,LOSS,exact,720,29513581,replays/gold_top10_macro_intent_v1/episode-97352280-replay.json,gold_top10_macro_intent_v1,N074,2,0,0.0295579731464386
651,97352283,1,3,16705390,Subramanya N,55616096,2953.5,EpisodeType.EPISODE_TYPE_PUBLIC,Subramanya N,Arman Tuganbaev,115942.0,95571.0,WIN,exact,720,31302828,replays/gold_top10_macro_intent_v1/episode-97352283-replay.json,gold_top10_macro_intent_v1,N212,1,1,0.0
652,97352283,0,5,16711376,Arman Tuganbaev,55617399,2897.3,EpisodeType.EPISODE_TYPE_PUBLIC,Arman Tuganbaev,Subramanya N,95571.0,115942.0,LOSS,exact,720,31302828,replays/gold_top10_macro_intent_v1/episode-97352283-replay.json,gold_top10_macro_intent_v1,N033,4,0,0.06255408376455307
653,97352284,0,5,16711376,Arman Tuganbaev,55617399,2897.3,EpisodeType.EPISODE_TYPE_PUBLIC,Arman Tuganbaev,Ryo Hasegawa,132510.0,120843.0,WIN,exact,720,31867607,replays/gold_top10_macro_intent_v1/episode-97352284-replay.json,gold_top10_macro_intent_v1,N058,2,0,0.025984518229961395
654,97352285,1,2,16644287,Ryo Hasegawa,55614463,3059.7,EpisodeType.EPISODE_TYPE_PUBLIC,Ryo Hasegawa,Crop Dusta,101404.0,95480.0,WIN,exact,720,31600037,replays/gold_top10_macro_intent_v1/episode-97352285-replay.json,gold_top10_macro_intent_v1,N306,1,1,0.0
655,97363667,0,5,16711376,Arman Tuganbaev,55617399,2897.3,EpisodeType.EPISODE_TYPE_PUBLIC,Arman Tuganbaev,Crop Dusta,33711.0,62789.0,LOSS,exact,720,28792075,replays/gold_top10_macro_intent_v1/episode-97363667-replay.json,gold_top10_macro_intent_v1,N010,11,1,0.0
656,97386448,1,2,16644287,Ryo Hasegawa,55614463,3059.7,EpisodeType.EPISODE_TYPE_PUBLIC,Ryo Hasegawa,Crop Dusta,139465.0,134698.0,WIN,exact,720,31650017,replays/gold_top10_macro_intent_v1/episode-97386448-replay.json,gold_top10_macro_intent_v1,N065,2,0,0.09494612365961075
657,97386449,1,2,16644287,Ryo Hasegawa,55614463,3059.7,EpisodeType.EPISODE_TYPE_PUBLIC,Ryo Hasegawa,Subramanya N,58063.0,60431.0,LOSS,exact,720,29816800,replays/gold_top10_macro_intent_v1/episode-97386449-replay.json,gold_top10_macro_intent_v1,N665,1,1,0.0
658,97386449,0,3,16705390,Subramanya N,55616096,2953.5,EpisodeType.EPISODE_TYPE_PUBLIC,Subramanya N,Ryo Hasegawa,60431.0,58063.0,WIN,exact,720,29816800,replays/gold_top10_macro_intent_v1/episode-97386449-replay.json,gold_top10_macro_intent_v1,N654,1,1,0.0
659,97386450,1,3,16705390,Subramanya N,55616096,2953.5,EpisodeType.EPISODE_TYPE_PUBLIC,Subramanya N,Crop Dusta,97004.0,100825.0,LOSS,exact,720,30273415,replays/gold_top10_macro_intent_v1/episode-97386450-replay.json,gold_top10_macro_intent_v1,N350,1,1,0.0
660,97397838,0,5,16711376,Arman Tuganbaev,55617399,2897.3,EpisodeType.EPISODE_TYPE_PUBLIC,Arman Tuganbaev,MiMi,109934.0,110046.0,LOSS,exact,720,31845270,replays/gold_top10_macro_intent_v1/episode-97397838-replay.json,gold_top10_macro_intent_v1,N064,2,0,0.02660238929092884
661,97422923,1,2,16644287,Ryo Hasegawa,55614463,3059.7,EpisodeType.EPISODE_TYPE_PUBLIC,Ryo Hasegawa,Crop Dusta,74712.0,83910.0,LOSS,exact,720,31591876,replays/gold_top10_macro_intent_v1/episode-97422923-replay.json,gold_top10_macro_intent_v1,N554,1,1,0.0
662,97422924,1,3,16705390,Subramanya N,55616096,2953.5,EpisodeType.EPISODE_TYPE_PUBLIC,Subramanya N,Crop Dusta,101847.0,105211.0,LOSS,exact,720,30658783,replays/gold_top10_macro_intent_v1/episode-97422924-replay.json,gold_top10_macro_intent_v1,N299,1,1,0.0
663,97422926,0,3,16705390,Subramanya N,55616096,2953.5,EpisodeType.EPISODE_TYPE_PUBLIC,Subramanya N,Crop Dusta,131258.0,128227.0,WIN,exact,720,30531920,replays/gold_top10_macro_intent_v1/episode-97422926-replay.json,gold_top10_macro_intent_v1,N148,1,1,0.0
664,97436626,0,3,16705390,Subramanya N,55616096,2953.5,EpisodeType.EPISODE_TYPE_PUBLIC,Subramanya N,Arman Tuganbaev,68206.0,59913.0,WIN,exact,720,28596839,replays/gold_top10_macro_intent_v1/episode-97436626-replay.json,gold_top10_macro_intent_v1,N604,1,1,0.0
665,97436626,1,5,16711376,Arman Tuganbaev,55617399,2897.3,EpisodeType.EPISODE_TYPE_PUBLIC,Arman Tuganbaev,Subramanya N,59913.0,68206.0,LOSS,exact,720,28596839,replays/gold_top10_macro_intent_v1/episode-97436626-replay.json,gold_top10_macro_intent_v1,N010,11,0,0.06672684848308563
666,97466313,1,5,16711376,Arman Tuganbaev,55617399,2897.3,EpisodeType.EPISODE_TYPE_PUBLIC,Arman Tuganbaev,Izzoudine Mohamed KANTA,79185.0,80671.0,LOSS,exact,720,33419936,replays/gold_top10_macro_intent_v1/episode-97466313-replay.json,gold_top10_macro_intent_v1,N513,1,1,0.0
667,97468613,1,2,16644287,Ryo Hasegawa,55614463,3059.7,EpisodeType.EPISODE_TYPE_PUBLIC,Ryo Hasegawa,Crop Dusta,90090.0,86456.0,WIN,exact,720,31408941,replays/gold_top10_macro_intent_v1/episode-97468613-replay.json,gold_top10_macro_intent_v1,N404,1,1,0.0
668,97468615,1,2,16644287,Ryo Hasegawa,55614463,3059.7,EpisodeType.EPISODE_TYPE_PUBLIC,Ryo Hasegawa,Crop Dusta,148548.0,145433.0,WIN,exact,720,31329426,replays/gold_top10_macro_intent_v1/episode-97468615-replay.json,gold_top10_macro_intent_v1,N054,2,1,0.0
669,97486833,0,3,16705390,Subramanya N,55616096,2953.5,EpisodeType.EPISODE_TYPE_PUBLIC,Subramanya N,Arman Tuganbaev,145995.0,129615.0,WIN,exact,720,30411234,replays/gold_top10_macro_intent_v1/episode-97486833-replay.json,gold_top10_macro_intent_v1,N124,1,1,0.0
670,97486833,1,5,16711376,Arman Tuganbaev,55617399,2897.3,EpisodeType.EPISODE_TYPE_PUBLIC,Arman Tuganbaev,Subramanya N,129615.0,145995.0,LOSS,exact,720,30411234,replays/gold_top10_macro_intent_v1/episode-97486833-replay.json,gold_top10_macro_intent_v1,N068,2,1,0.0
671,97518736,0,2,16644287,Ryo Hasegawa,55614463,3059.7,EpisodeType.EPISODE_TYPE_PUBLIC,Ryo Hasegawa,Crop Dusta,132435.0,127560.0,WIN,exact,720,31534154,replays/gold_top10_macro_intent_v1/episode-97518736-replay.json,gold_top10_macro_intent_v1,N054,2,0,0.059236831963062286
672,97518737,0,2,16644287,Ryo Hasegawa,55614463,3059.7,EpisodeType.EPISODE_TYPE_PUBLIC,Ryo Hasegawa,Subramanya N,108091.0,100088.0,WIN,exact,720,30600871,replays/gold_top10_macro_intent_v1/episode-97518737-replay.json,gold_top10_macro_intent_v1,N006,20,0,0.07323715835809708
673,97518737,1,3,16705390,Subramanya N,55616096,2953.5,EpisodeType.EPISODE_TYPE_PUBLIC,Subramanya N,Ryo Hasegawa,100088.0,108091.0,LOSS,exact,720,30600871,replays/gold_top10_macro_intent_v1/episode-97518737-replay.json,gold_top10_macro_intent_v1,N069,2,1,0.0
674,97534796,0,5,16711376,Arman Tuganbaev,55617399,2897.3,EpisodeType.EPISODE_TYPE_PUBLIC,Arman Tuganbaev,Ryo Hasegawa,56001.0,59563.0,LOSS,exact,720,30901192,replays/gold_top10_macro_intent_v1/episode-97534796-replay.json,gold_top10_macro_intent_v1,N040,4,0,0.08296805620193481
675,97566743,0,5,16711376,Arman Tuganbaev,55617399,2897.3,EpisodeType.EPISODE_TYPE_PUBLIC,Arman Tuganbaev,Izzoudine Mohamed KANTA,66695.0,75253.0,LOSS,exact,720,30587294,replays/gold_top10_macro_intent_v1/episode-97566743-replay.json,gold_top10_macro_intent_v1,N037,4,0,0.0667576864361763
676,97569024,1,2,16644287,Ryo Hasegawa,55614463,3059.7,EpisodeType.EPISODE_TYPE_PUBLIC,Ryo Hasegawa,Crop Dusta,137500.0,130017.0,WIN,exact,720,31490999,replays/gold_top10_macro_intent_v1/episode-97569024-replay.json,gold_top10_macro_intent_v1,N007,16,0,0.060810063034296036
677,97569025,1,3,16705390,Subramanya N,55616096,2953.5,EpisodeType.EPISODE_TYPE_PUBLIC,Subramanya N,Crop Dusta,65292.0,73600.0,LOSS,exact,720,29947551,replays/gold_top10_macro_intent_v1/episode-97569025-replay.json,gold_top10_macro_intent_v1,N630,1,1,0.0
678,97569028,1,3,16705390,Subramanya N,55616096,2953.5,EpisodeType.EPISODE_TYPE_PUBLIC,Subramanya N,Crop Dusta,81529.0,90979.0,LOSS,exact,720,29860497,replays/gold_top10_macro_intent_v1/episode-97569028-replay.json,gold_top10_macro_intent_v1,N489,1,1,0.0
679,97601003,0,1,16714457,Crop Dusta,55714246,3070.6,EpisodeType.EPISODE_TYPE_VALIDATION,Crop Dusta,Crop Dusta,67009.0,62104.0,WIN,exact,720,30563400,replays/gold_top10_macro_intent_v1/episode-97601003-replay.json,gold_top10_macro_intent_v1,N618,1,1,0.0
680,97601003,1,1,16714457,Crop Dusta,55714246,3070.6,EpisodeType.EPISODE_TYPE_VALIDATION,Crop Dusta,Crop Dusta,62104.0,67009.0,LOSS,exact,720,30563400,replays/gold_top10_macro_intent_v1/episode-97601003-replay.json,gold_top10_macro_intent_v1,N649,1,1,0.0
681,97605226,0,1,16714457,Crop Dusta,55714246,3070.6,EpisodeType.EPISODE_TYPE_PUBLIC,Crop Dusta,Gugu888,149307.0,9563.0,WIN,exact,720,23392994,replays/gold_top10_macro_intent_v1/episode-97605226-replay.json,gold_top10_macro_intent_v1,N121,1,1,0.0
682,97607521,1,1,16714457,Crop Dusta,55714246,3070.6,EpisodeType.EPISODE_TYPE_PUBLIC,Crop Dusta,lbs-vadar,112666.0,16689.0,WIN,exact,720,25473652,replays/gold_top10_macro_intent_v1/episode-97607521-replay.json,gold_top10_macro_intent_v1,N232,1,1,0.0
683,97609790,0,1,16714457,Crop Dusta,55714246,3070.6,EpisodeType.EPISODE_TYPE_PUBLIC,Crop Dusta,Tamerlan Dadashov,149267.0,54831.0,WIN,exact,720,28187186,replays/gold_top10_macro_intent_v1/episode-97609790-replay.json,gold_top10_macro_intent_v1,N122,1,1,0.0
684,97612053,0,1,16714457,Crop Dusta,55714246,3070.6,EpisodeType.EPISODE_TYPE_PUBLIC,Crop Dusta,shichi,129371.0,78491.0,WIN,exact,720,28686379,replays/gold_top10_macro_intent_v1/episode-97612053-replay.json,gold_top10_macro_intent_v1,N153,1,1,0.0
685,97614334,1,1,16714457,Crop Dusta,55714246,3070.6,EpisodeType.EPISODE_TYPE_PUBLIC,Crop Dusta,BOBQWERA,119275.0,57106.0,WIN,exact,720,28125496,replays/gold_top10_macro_intent_v1/episode-97614334-replay.json,gold_top10_macro_intent_v1,N196,1,1,0.0
686,97616608,1,1,16714457,Crop Dusta,55714246,3070.6,EpisodeType.EPISODE_TYPE_PUBLIC,Crop Dusta,Agola_dasacic,97763.0,69916.0,WIN,exact,720,29926400,replays/gold_top10_macro_intent_v1/episode-97616608-replay.json,gold_top10_macro_intent_v1,N342,1,1,0.0
687,97616951,0,5,16711376,Arman Tuganbaev,55617399,2897.3,EpisodeType.EPISODE_TYPE_PUBLIC,Arman Tuganbaev,Kobe BRYANT,74386.0,58604.0,WIN,exact,720,31479825,replays/gold_top10_macro_intent_v1/episode-97616951-replay.json,gold_top10_macro_intent_v1,N106,2,0,0.003411003155633807
688,97616952,1,5,16711376,Arman Tuganbaev,55617399,2897.3,EpisodeType.EPISODE_TYPE_PUBLIC,Arman Tuganbaev,MiMi,139465.0,135392.0,WIN,exact,720,32969263,replays/gold_top10_macro_intent_v1/episode-97616952-replay.json,gold_top10_macro_intent_v1,N001,1764,0,0.06646345555782318
689,97618888,1,1,16714457,Crop Dusta,55714246,3070.6,EpisodeType.EPISODE_TYPE_PUBLIC,Crop Dusta,Divyansh,69823.0,35623.0,WIN,exact,720,29769303,replays/gold_top10_macro_intent_v1/episode-97618888-replay.json,gold_top10_macro_intent_v1,N595,1,1,0.0
690,97619249,0,2,16644287,Ryo Hasegawa,55614463,3059.7,EpisodeType.EPISODE_TYPE_PUBLIC,Ryo Hasegawa,Subramanya N,101946.0,95452.0,WIN,exact,720,30753989,replays/gold_top10_macro_intent_v1/episode-97619249-replay.json,gold_top10_macro_intent_v1,N297,1,1,0.0
691,97619249,1,3,16705390,Subramanya N,55616096,2953.5,EpisodeType.EPISODE_TYPE_PUBLIC,Subramanya N,Ryo Hasegawa,95452.0,101946.0,LOSS,exact,720,30753989,replays/gold_top10_macro_intent_v1/episode-97619249-replay.json,gold_top10_macro_intent_v1,N366,1,1,0.0
692,97619251,1,3,16705390,Subramanya N,55616096,2953.5,EpisodeType.EPISODE_TYPE_PUBLIC,Subramanya N,Arman Tuganbaev,93515.0,103054.0,LOSS,exact,720,31138620,replays/gold_top10_macro_intent_v1/episode-97619251-replay.json,gold_top10_macro_intent_v1,N377,1,1,0.0
693,97619251,0,5,16711376,Arman Tuganbaev,55617399,2897.3,EpisodeType.EPISODE_TYPE_PUBLIC,Arman Tuganbaev,Subramanya N,103054.0,93515.0,WIN,exact,720,31138620,replays/gold_top10_macro_intent_v1/episode-97619251-replay.json,gold_top10_macro_intent_v1,N005,27,0,0.08597920089960098
694,97621163,1,1,16714457,Crop Dusta,55714246,3070.6,EpisodeType.EPISODE_TYPE_PUBLIC,Crop Dusta,renta.k,82637.0,58301.0,WIN,exact,720,31920759,replays/gold_top10_macro_intent_v1/episode-97621163-replay.json,gold_top10_macro_intent_v1,N474,1,1,0.0
695,97623441,0,1,16714457,Crop Dusta,55714246,3070.6,EpisodeType.EPISODE_TYPE_PUBLIC,Crop Dusta,Klgv Klgv,120914.0,96724.0,WIN,exact,720,30027514,replays/gold_top10_macro_intent_v1/episode-97623441-replay.json,gold_top10_macro_intent_v1,N186,1,1,0.0
696,97625713,0,1,16714457,Crop Dusta,55714246,3070.6,EpisodeType.EPISODE_TYPE_PUBLIC,Crop Dusta,Kevin Nguyen,111391.0,64510.0,WIN,exact,720,31452623,replays/gold_top10_macro_intent_v1/episode-97625713-replay.json,gold_top10_macro_intent_v1,N240,1,1,0.0
697,97628000,0,1,16714457,Crop Dusta,55714246,3070.6,EpisodeType.EPISODE_TYPE_PUBLIC,Crop Dusta,yankang_XZK,100822.0,85358.0,WIN,exact,720,30847554,replays/gold_top10_macro_intent_v1/episode-97628000-replay.json,gold_top10_macro_intent_v1,N313,1,1,0.0
698,97630281,0,1,16714457,Crop Dusta,55714246,3070.6,EpisodeType.EPISODE_TYPE_PUBLIC,Crop Dusta,Harrison Interactive,104130.0,96845.0,WIN,exact,720,31713042,replays/gold_top10_macro_intent_v1/episode-97630281-replay.json,gold_top10_macro_intent_v1,N277,1,1,0.0
699,97632563,1,1,16714457,Crop Dusta,55714246,3070.6,EpisodeType.EPISODE_TYPE_PUBLIC,Crop Dusta,X1a0Ch3n,102293.0,87434.0,WIN,exact,720,31463365,replays/gold_top10_macro_intent_v1/episode-97632563-replay.json,gold_top10_macro_intent_v1,N292,1,1,0.0
700,97634848,0,1,16714457,Crop Dusta,55714246,3070.6,EpisodeType.EPISODE_TYPE_PUBLIC,Crop Dusta,DhanaLakshmiMalla,90281.0,80691.0,WIN,exact,720,31657435,replays/gold_top10_macro_intent_v1/episode-97634848-replay.json,gold_top10_macro_intent_v1,N401,1,1,0.0
701,97637134,0,1,16714457,Crop Dusta,55714246,3070.6,EpisodeType.EPISODE_TYPE_PUBLIC,Crop Dusta,steubk,75648.0,49774.0,WIN,exact,720,30939890,replays/gold_top10_macro_intent_v1/episode-97637134-replay.json,gold_top10_macro_intent_v1,N543,1,1,0.0
702,97639412,0,1,16714457,Crop Dusta,55714246,3070.6,EpisodeType.EPISODE_TYPE_PUBLIC,Crop Dusta,Quân Trần,92432.0,70348.0,WIN,exact,720,30883863,replays/gold_top10_macro_intent_v1/episode-97639412-replay.json,gold_top10_macro_intent_v1,N386,1,1,0.0
703,97641695,1,1,16714457,Crop Dusta,55714246,3070.6,EpisodeType.EPISODE_TYPE_PUBLIC,Crop Dusta,agentic warriors,156697.0,84503.0,WIN,exact,720,31322925,replays/gold_top10_macro_intent_v1/episode-97641695-replay.json,gold_top10_macro_intent_v1,N116,1,1,0.0
704,97643977,1,1,16714457,Crop Dusta,55714246,3070.6,EpisodeType.EPISODE_TYPE_PUBLIC,Crop Dusta,Ömer Faruk Yüce,73661.0,64239.0,WIN,exact,720,31022428,replays/gold_top10_macro_intent_v1/episode-97643977-replay.json,gold_top10_macro_intent_v1,N562,1,1,0.0
705,97646266,0,1,16714457,Crop Dusta,55714246,3070.6,EpisodeType.EPISODE_TYPE_PUBLIC,Crop Dusta,Pardheev Krishna,101378.0,97081.0,WIN,exact,720,31158232,replays/gold_top10_macro_intent_v1/episode-97646266-replay.json,gold_top10_macro_intent_v1,N307,1,1,0.0
706,97648550,1,1,16714457,Crop Dusta,55714246,3070.6,EpisodeType.EPISODE_TYPE_PUBLIC,Crop Dusta,Pablo César Ruíz,109236.0,86445.0,WIN,exact,720,31397218,replays/gold_top10_macro_intent_v1/episode-97648550-replay.json,gold_top10_macro_intent_v1,N248,1,1,0.0
707,97650852,1,1,16714457,Crop Dusta,55714246,3070.6,EpisodeType.EPISODE_TYPE_PUBLIC,Crop Dusta,Emir Can,83759.0,67781.0,WIN,exact,720,31833028,replays/gold_top10_macro_intent_v1/episode-97650852-replay.json,gold_top10_macro_intent_v1,N464,1,1,0.0
708,97653140,1,1,16714457,Crop Dusta,55714246,3070.6,EpisodeType.EPISODE_TYPE_PUBLIC,Crop Dusta,Wang H2O,87233.0,83600.0,WIN,exact,720,30715264,replays/gold_top10_macro_intent_v1/episode-97653140-replay.json,gold_top10_macro_intent_v1,N428,1,1,0.0
709,97655422,1,1,16714457,Crop Dusta,55714246,3070.6,EpisodeType.EPISODE_TYPE_PUBLIC,Crop Dusta,李BCDEFGA,67098.0,48376.0,WIN,exact,720,30895842,replays/gold_top10_macro_intent_v1/episode-97655422-replay.json,gold_top10_macro_intent_v1,N616,1,1,0.0
710,97657712,1,1,16714457,Crop Dusta,55714246,3070.6,EpisodeType.EPISODE_TYPE_PUBLIC,Crop Dusta,Jince,110529.0,98779.0,WIN,exact,720,31048866,replays/gold_top10_macro_intent_v1/episode-97657712-replay.json,gold_top10_macro_intent_v1,N244,1,1,0.0
711,97659997,1,1,16714457,Crop Dusta,55714246,3070.6,EpisodeType.EPISODE_TYPE_PUBLIC,Crop Dusta,Guilherme Zanini de Sá,76323.0,65146.0,WIN,exact,720,30981890,replays/gold_top10_macro_intent_v1/episode-97659997-replay.json,gold_top10_macro_intent_v1,N536,1,1,0.0
712,97662297,0,1,16714457,Crop Dusta,55714246,3070.6,EpisodeType.EPISODE_TYPE_PUBLIC,Crop Dusta,ComposeMage,107498.0,100649.0,WIN,exact,720,30353897,replays/gold_top10_macro_intent_v1/episode-97662297-replay.json,gold_top10_macro_intent_v1,N255,1,1,0.0
713,97664587,1,1,16714457,Crop Dusta,55714246,3070.6,EpisodeType.EPISODE_TYPE_PUBLIC,Crop Dusta,Aaweg,101660.0,65709.0,WIN,exact,720,30309084,replays/gold_top10_macro_intent_v1/episode-97664587-replay.json,gold_top10_macro_intent_v1,N304,1,1,0.0
714,97666882,1,1,16714457,Crop Dusta,55714246,3070.6,EpisodeType.EPISODE_TYPE_PUBLIC,Crop Dusta,GusNicho,89078.0,83735.0,WIN,exact,720,31015754,replays/gold_top10_macro_intent_v1/episode-97666882-replay.json,gold_top10_macro_intent_v1,N415,1,1,0.0
715,97669173,1,1,16714457,Crop Dusta,55714246,3070.6,EpisodeType.EPISODE_TYPE_PUBLIC,Crop Dusta,THIRD FARM CLUB,72280.0,58661.0,WIN,exact,720,30689109,replays/gold_top10_macro_intent_v1/episode-97669173-replay.json,gold_top10_macro_intent_v1,N574,1,1,0.0
716,97671475,0,1,16714457,Crop Dusta,55714246,3070.6,EpisodeType.EPISODE_TYPE_PUBLIC,Crop Dusta,Hello San Francisco,113522.0,81329.0,WIN,exact,720,30757241,replays/gold_top10_macro_intent_v1/episode-97671475-replay.json,gold_top10_macro_intent_v1,N227,1,1,0.0
717,97673777,1,1,16714457,Crop Dusta,55714246,3070.6,EpisodeType.EPISODE_TYPE_PUBLIC,Crop Dusta,lelelove1225,99948.0,85921.0,WIN,exact,720,30366107,replays/gold_top10_macro_intent_v1/episode-97673777-replay.json,gold_top10_macro_intent_v1,N321,1,1,0.0
718,97673968,0,1,16714457,Crop Dusta,55714246,3070.6,EpisodeType.EPISODE_TYPE_PUBLIC,Crop Dusta,Atakan Aldemir,111413.0,108370.0,WIN,exact,720,30587106,replays/gold_top10_macro_intent_v1/episode-97673968-replay.json,gold_top10_macro_intent_v1,N239,1,1,0.0
719,97676047,1,1,16714457,Crop Dusta,55714246,3070.6,EpisodeType.EPISODE_TYPE_PUBLIC,Crop Dusta,bplyc15,115668.0,92780.0,WIN,exact,720,30841844,replays/gold_top10_macro_intent_v1/episode-97676047-replay.json,gold_top10_macro_intent_v1,N213,1,1,0.0
720,97678337,0,1,16714457,Crop Dusta,55714246,3070.6,EpisodeType.EPISODE_TYPE_PUBLIC,Crop Dusta,ziliangCok,104570.0,87172.0,WIN,exact,720,30780960,replays/gold_top10_macro_intent_v1/episode-97678337-replay.json,gold_top10_macro_intent_v1,N272,1,1,0.0
721,97678542,0,2,16644287,Ryo Hasegawa,55614463,3059.7,EpisodeType.EPISODE_TYPE_PUBLIC,Ryo Hasegawa,Subramanya N,79340.0,78792.0,WIN,exact,720,30671841,replays/gold_top10_macro_intent_v1/episode-97678542-replay.json,gold_top10_macro_intent_v1,N099,2,1,0.0
722,97678542,1,3,16705390,Subramanya N,55616096,2953.5,EpisodeType.EPISODE_TYPE_PUBLIC,Subramanya N,Ryo Hasegawa,78792.0,79340.0,LOSS,exact,720,30671841,replays/gold_top10_macro_intent_v1/episode-97678542-replay.json,gold_top10_macro_intent_v1,N517,1,1,0.0
723,97678544,0,5,16711376,Arman Tuganbaev,55617399,2897.3,EpisodeType.EPISODE_TYPE_PUBLIC,Arman Tuganbaev,Izzoudine Mohamed KANTA,51249.0,54260.0,LOSS,exact,720,31164634,replays/gold_top10_macro_intent_v1/episode-97678544-replay.json,gold_top10_macro_intent_v1,N011,11,0,0.02925480343401432
724,97678545,1,3,16705390,Subramanya N,55616096,2953.5,EpisodeType.EPISODE_TYPE_PUBLIC,Subramanya N,Ryo Hasegawa,122711.0,108647.0,WIN,exact,720,29961218,replays/gold_top10_macro_intent_v1/episode-97678545-replay.json,gold_top10_macro_intent_v1,N069,2,0,0.10596494376659393
725,97680628,1,1,16714457,Crop Dusta,55714246,3070.6,EpisodeType.EPISODE_TYPE_PUBLIC,Crop Dusta,Efe Can Celiksoy,134182.0,125269.0,WIN,exact,720,31240797,replays/gold_top10_macro_intent_v1/episode-97680628-replay.json,gold_top10_macro_intent_v1,N141,1,1,0.0
726,97682932,0,1,16714457,Crop Dusta,55714246,3070.6,EpisodeType.EPISODE_TYPE_PUBLIC,Crop Dusta,SaiKushal185,128407.0,129831.0,LOSS,exact,720,31777874,replays/gold_top10_macro_intent_v1/episode-97682932-replay.json,gold_top10_macro_intent_v1,N156,1,1,0.0
727,97683184,0,1,16714457,Crop Dusta,55714246,3070.6,EpisodeType.EPISODE_TYPE_PUBLIC,Crop Dusta,QQ Farming,67576.0,56347.0,WIN,exact,720,31097683,replays/gold_top10_macro_intent_v1/episode-97683184-replay.json,gold_top10_macro_intent_v1,N611,1,1,0.0
728,97685290,0,1,16714457,Crop Dusta,55714246,3070.6,EpisodeType.EPISODE_TYPE_PUBLIC,Crop Dusta,mandgeee,101488.0,84517.0,WIN,exact,720,31696782,replays/gold_top10_macro_intent_v1/episode-97685290-replay.json,gold_top10_macro_intent_v1,N305,1,1,0.0
729,97687527,1,1,16714457,Crop Dusta,55714246,3070.6,EpisodeType.EPISODE_TYPE_PUBLIC,Crop Dusta,MiMi,154747.0,161196.0,LOSS,exact,720,32458822,replays/gold_top10_macro_intent_v1/episode-97687527-replay.json,gold_top10_macro_intent_v1,N118,1,1,0.0
730,97689829,1,1,16714457,Crop Dusta,55714246,3070.6,EpisodeType.EPISODE_TYPE_PUBLIC,Crop Dusta,Xiaowenhao404,112378.0,114569.0,LOSS,exact,720,30717679,replays/gold_top10_macro_intent_v1/episode-97689829-replay.json,gold_top10_macro_intent_v1,N235,1,1,0.0
731,97692110,0,1,16714457,Crop Dusta,55714246,3070.6,EpisodeType.EPISODE_TYPE_PUBLIC,Crop Dusta,peikopon,103119.0,88072.0,WIN,exact,720,31354443,replays/gold_top10_macro_intent_v1/episode-97692110-replay.json,gold_top10_macro_intent_v1,N284,1,1,0.0
732,97694403,0,1,16714457,Crop Dusta,55714246,3070.6,EpisodeType.EPISODE_TYPE_PUBLIC,Crop Dusta,bplyc15,134035.0,113556.0,WIN,exact,720,31222045,replays/gold_top10_macro_intent_v1/episode-97694403-replay.json,gold_top10_macro_intent_v1,N142,1,1,0.0
733,97696699,1,1,16714457,Crop Dusta,55714246,3070.6,EpisodeType.EPISODE_TYPE_PUBLIC,Crop Dusta,Lucien de Rubempre,103657.0,98025.0,WIN,exact,720,30534242,replays/gold_top10_macro_intent_v1/episode-97696699-replay.json,gold_top10_macro_intent_v1,N280,1,1,0.0
734,97698983,1,1,16714457,Crop Dusta,55714246,3070.6,EpisodeType.EPISODE_TYPE_PUBLIC,Crop Dusta,ReCurSiON,80764.0,66949.0,WIN,exact,720,31268589,replays/gold_top10_macro_intent_v1/episode-97698983-replay.json,gold_top10_macro_intent_v1,N494,1,1,0.0
735,97701289,0,1,16714457,Crop Dusta,55714246,3070.6,EpisodeType.EPISODE_TYPE_PUBLIC,Crop Dusta,MiMi,107415.0,96554.0,WIN,exact,720,32600910,replays/gold_top10_macro_intent_v1/episode-97701289-replay.json,gold_top10_macro_intent_v1,N082,2,1,0.0
736,97703592,1,1,16714457,Crop Dusta,55714246,3070.6,EpisodeType.EPISODE_TYPE_PUBLIC,Crop Dusta,peikopon,100366.0,87858.0,WIN,exact,720,30970542,replays/gold_top10_macro_intent_v1/episode-97703592-replay.json,gold_top10_macro_intent_v1,N319,1,1,0.0
737,97705877,0,1,16714457,Crop Dusta,55714246,3070.6,EpisodeType.EPISODE_TYPE_PUBLIC,Crop Dusta,ReCurSiON,105285.0,40188.0,WIN,exact,720,30597247,replays/gold_top10_macro_intent_v1/episode-97705877-replay.json,gold_top10_macro_intent_v1,N263,1,1,0.0
738,97708164,0,1,16714457,Crop Dusta,55714246,3070.6,EpisodeType.EPISODE_TYPE_PUBLIC,Crop Dusta,Arman Tuganbaev,98033.0,68049.0,WIN,exact,720,32077239,replays/gold_top10_macro_intent_v1/episode-97708164-replay.json,gold_top10_macro_intent_v1,N341,1,1,0.0
739,97710447,0,1,16714457,Crop Dusta,55714246,3070.6,EpisodeType.EPISODE_TYPE_PUBLIC,Crop Dusta,peikopon,167126.0,125687.0,WIN,exact,720,30705133,replays/gold_top10_macro_intent_v1/episode-97710447-replay.json,gold_top10_macro_intent_v1,N112,1,1,0.0
740,97712727,1,1,16714457,Crop Dusta,55714246,3070.6,EpisodeType.EPISODE_TYPE_PUBLIC,Crop Dusta,Izzoudine Mohamed KANTA,90040.0,76152.0,WIN,exact,720,30459745,replays/gold_top10_macro_intent_v1/episode-97712727-replay.json,gold_top10_macro_intent_v1,N406,1,1,0.0
741,97715010,1,1,16714457,Crop Dusta,55714246,3070.6,EpisodeType.EPISODE_TYPE_PUBLIC,Crop Dusta,ReCurSiON,121167.0,86249.0,WIN,exact,720,31708410,replays/gold_top10_macro_intent_v1/episode-97715010-replay.json,gold_top10_macro_intent_v1,N182,1,1,0.0
742,97717285,0,1,16714457,Crop Dusta,55714246,3070.6,EpisodeType.EPISODE_TYPE_PUBLIC,Crop Dusta,Ryo Hasegawa,81447.0,80426.0,WIN,exact,720,30511158,replays/gold_top10_macro_intent_v1/episode-97717285-replay.json,gold_top10_macro_intent_v1,N490,1,1,0.0
743,97719570,0,1,16714457,Crop Dusta,55714246,3070.6,EpisodeType.EPISODE_TYPE_PUBLIC,Crop Dusta,カワシギ,109946.0,106793.0,WIN,exact,720,30761358,replays/gold_top10_macro_intent_v1/episode-97719570-replay.json,gold_top10_macro_intent_v1,N246,1,1,0.0
744,97721860,1,1,16714457,Crop Dusta,55714246,3070.6,EpisodeType.EPISODE_TYPE_PUBLIC,Crop Dusta,Arman Tuganbaev,88473.0,62748.0,WIN,exact,720,31621010,replays/gold_top10_macro_intent_v1/episode-97721860-replay.json,gold_top10_macro_intent_v1,N420,1,1,0.0
745,97724157,0,1,16714457,Crop Dusta,55714246,3070.6,EpisodeType.EPISODE_TYPE_PUBLIC,Crop Dusta,Ryo Hasegawa,120731.0,87538.0,WIN,exact,720,31176123,replays/gold_top10_macro_intent_v1/episode-97724157-replay.json,gold_top10_macro_intent_v1,N188,1,1,0.0
746,97726450,0,1,16714457,Crop Dusta,55714246,3070.6,EpisodeType.EPISODE_TYPE_PUBLIC,Crop Dusta,Ryo Hasegawa,82222.0,74071.0,WIN,exact,720,30966441,replays/gold_top10_macro_intent_v1/episode-97726450-replay.json,gold_top10_macro_intent_v1,N481,1,1,0.0
747,97728739,0,1,16714457,Crop Dusta,55714246,3070.6,EpisodeType.EPISODE_TYPE_PUBLIC,Crop Dusta,ActiveMusyoku,84752.0,84286.0,WIN,exact,720,32045904,replays/gold_top10_macro_intent_v1/episode-97728739-replay.json,gold_top10_macro_intent_v1,N449,1,1,0.0
748,97731030,0,1,16714457,Crop Dusta,55714246,3070.6,EpisodeType.EPISODE_TYPE_PUBLIC,Crop Dusta,peikopon,110697.0,86260.0,WIN,exact,720,30900791,replays/gold_top10_macro_intent_v1/episode-97731030-replay.json,gold_top10_macro_intent_v1,N243,1,1,0.0
749,97733323,0,1,16714457,Crop Dusta,55714246,3070.6,EpisodeType.EPISODE_TYPE_PUBLIC,Crop Dusta,Izzoudine Mohamed KANTA,91328.0,94993.0,LOSS,exact,720,30817054,replays/gold_top10_macro_intent_v1/episode-97733323-replay.json,gold_top10_macro_intent_v1,N392,1,1,0.0
750,97735614,1,1,16714457,Crop Dusta,55714246,3070.6,EpisodeType.EPISODE_TYPE_PUBLIC,Crop Dusta,Izzoudine Mohamed KANTA,133012.0,126333.0,WIN,exact,720,31626513,replays/gold_top10_macro_intent_v1/episode-97735614-replay.json,gold_top10_macro_intent_v1,N145,1,1,0.0
751,97737902,0,1,16714457,Crop Dusta,55714246,3070.6,EpisodeType.EPISODE_TYPE_PUBLIC,Crop Dusta,Seb (allegedly),102299.0,94179.0,WIN,exact,720,30756483,replays/gold_top10_macro_intent_v1/episode-97737902-replay.json,gold_top10_macro_intent_v1,N291,1,1,0.0
752,97740187,0,1,16714457,Crop Dusta,55714246,3070.6,EpisodeType.EPISODE_TYPE_PUBLIC,Crop Dusta,Izzoudine Mohamed KANTA,93126.0,79326.0,WIN,exact,720,30575543,replays/gold_top10_macro_intent_v1/episode-97740187-replay.json,gold_top10_macro_intent_v1,N380,1,1,0.0
753,97740196,0,5,16711376,Arman Tuganbaev,55617399,2897.3,EpisodeType.EPISODE_TYPE_PUBLIC,Arman Tuganbaev,Crop Dusta,88229.0,94685.0,LOSS,exact,720,31285484,replays/gold_top10_macro_intent_v1/episode-97740196-replay.json,gold_top10_macro_intent_v1,N005,27,0,0.04907689243555069
754,97742484,0,1,16714457,Crop Dusta,55714246,3070.6,EpisodeType.EPISODE_TYPE_PUBLIC,Crop Dusta,Izzoudine Mohamed KANTA,97746.0,87083.0,WIN,exact,720,31112278,replays/gold_top10_macro_intent_v1/episode-97742484-replay.json,gold_top10_macro_intent_v1,N343,1,1,0.0
755,97744783,0,1,16714457,Crop Dusta,55714246,3070.6,EpisodeType.EPISODE_TYPE_PUBLIC,Crop Dusta,Izzoudine Mohamed KANTA,121993.0,93807.0,WIN,exact,720,31588289,replays/gold_top10_macro_intent_v1/episode-97744783-replay.json,gold_top10_macro_intent_v1,N176,1,1,0.0
756,97747078,0,1,16714457,Crop Dusta,55714246,3070.6,EpisodeType.EPISODE_TYPE_PUBLIC,Crop Dusta,ActiveMusyoku,113700.0,114504.0,LOSS,exact,720,32061762,replays/gold_top10_macro_intent_v1/episode-97747078-replay.json,gold_top10_macro_intent_v1,N226,1,1,0.0
757,97747114,0,3,16705390,Subramanya N,55616096,2953.5,EpisodeType.EPISODE_TYPE_PUBLIC,Subramanya N,Arman Tuganbaev,128659.0,125712.0,WIN,exact,720,31029754,replays/gold_top10_macro_intent_v1/episode-97747114-replay.json,gold_top10_macro_intent_v1,N155,1,1,0.0
758,97747114,1,5,16711376,Arman Tuganbaev,55617399,2897.3,EpisodeType.EPISODE_TYPE_PUBLIC,Arman Tuganbaev,Subramanya N,125712.0,128659.0,LOSS,exact,720,31029754,replays/gold_top10_macro_intent_v1/episode-97747114-replay.json,gold_top10_macro_intent_v1,N009,12,1,0.0
759,97747119,1,2,16644287,Ryo Hasegawa,55614463,3059.7,EpisodeType.EPISODE_TYPE_PUBLIC,Ryo Hasegawa,Subramanya N,71366.0,76088.0,LOSS,exact,720,30399591,replays/gold_top10_macro_intent_v1/episode-97747119-replay.json,gold_top10_macro_intent_v1,N583,1,1,0.0
760,97747119,0,3,16705390,Subramanya N,55616096,2953.5,EpisodeType.EPISODE_TYPE_PUBLIC,Subramanya N,Ryo Hasegawa,76088.0,71366.0,WIN,exact,720,30399591,replays/gold_top10_macro_intent_v1/episode-97747119-replay.json,gold_top10_macro_intent_v1,N537,1,1,0.0
761,97749375,0,1,16714457,Crop Dusta,55714246,3070.6,EpisodeType.EPISODE_TYPE_PUBLIC,Crop Dusta,Izzoudine Mohamed KANTA,121432.0,104415.0,WIN,exact,720,30707514,replays/gold_top10_macro_intent_v1/episode-97749375-replay.json,gold_top10_macro_intent_v1,N178,1,1,0.0
762,97751661,1,1,16714457,Crop Dusta,55714246,3070.6,EpisodeType.EPISODE_TYPE_PUBLIC,Crop Dusta,Arman Tuganbaev,90889.0,70905.0,WIN,exact,720,31880947,replays/gold_top10_macro_intent_v1/episode-97751661-replay.json,gold_top10_macro_intent_v1,N393,1,1,0.0
763,97751661,0,5,16711376,Arman Tuganbaev,55617399,2897.3,EpisodeType.EPISODE_TYPE_PUBLIC,Arman Tuganbaev,Crop Dusta,70905.0,90889.0,LOSS,exact,720,31880947,replays/gold_top10_macro_intent_v1/episode-97751661-replay.json,gold_top10_macro_intent_v1,N024,6,0,0.021884063258767128
764,97753942,0,1,16714457,Crop Dusta,55714246,3070.6,EpisodeType.EPISODE_TYPE_PUBLIC,Crop Dusta,Arman Tuganbaev,117879.0,113361.0,WIN,exact,720,31219775,replays/gold_top10_macro_intent_v1/episode-97753942-replay.json,gold_top10_macro_intent_v1,N201,1,1,0.0
765,97774529,0,1,16714457,Crop Dusta,55714246,3070.6,EpisodeType.EPISODE_TYPE_PUBLIC,Crop Dusta,Ryo Hasegawa,139067.0,123731.0,WIN,exact,720,31432716,replays/gold_top10_macro_intent_v1/episode-97774529-replay.json,gold_top10_macro_intent_v1,N132,1,1,0.0
766,97804175,1,1,16714457,Crop Dusta,55714246,3070.6,EpisodeType.EPISODE_TYPE_PUBLIC,Crop Dusta,MiMi,143897.0,113322.0,WIN,exact,720,31733756,replays/gold_top10_macro_intent_v1/episode-97804175-replay.json,gold_top10_macro_intent_v1,N126,1,1,0.0
767,97817858,1,3,16705390,Subramanya N,55616096,2953.5,EpisodeType.EPISODE_TYPE_PUBLIC,Subramanya N,MiMi,120101.0,121071.0,LOSS,exact,720,30067498,replays/gold_top10_macro_intent_v1/episode-97817858-replay.json,gold_top10_macro_intent_v1,N191,1,1,0.0
768,97817863,0,2,16644287,Ryo Hasegawa,55614463,3059.7,EpisodeType.EPISODE_TYPE_PUBLIC,Ryo Hasegawa,Subramanya N,81893.0,77286.0,WIN,exact,720,30215177,replays/gold_top10_macro_intent_v1/episode-97817863-replay.json,gold_top10_macro_intent_v1,N483,1,1,0.0
769,97817863,1,3,16705390,Subramanya N,55616096,2953.5,EpisodeType.EPISODE_TYPE_PUBLIC,Subramanya N,Ryo Hasegawa,77286.0,81893.0,LOSS,exact,720,30215177,replays/gold_top10_macro_intent_v1/episode-97817863-replay.json,gold_top10_macro_intent_v1,N523,1,1,0.0
770,97822392,0,5,16711376,Arman Tuganbaev,55617399,2897.3,EpisodeType.EPISODE_TYPE_PUBLIC,Arman Tuganbaev,MiMi,164495.0,149689.0,WIN,exact,720,31776469,replays/gold_top10_macro_intent_v1/episode-97822392-replay.json,gold_top10_macro_intent_v1,N022,6,0,0.035521261394023895
771,97833838,0,1,16714457,Crop Dusta,55714246,3070.6,EpisodeType.EPISODE_TYPE_PUBLIC,Crop Dusta,Ryo Hasegawa,86408.0,75734.0,WIN,exact,720,31463156,replays/gold_top10_macro_intent_v1/episode-97833838-replay.json,gold_top10_macro_intent_v1,N433,1,1,0.0
772,97858947,0,1,16714457,Crop Dusta,55714246,3070.6,EpisodeType.EPISODE_TYPE_PUBLIC,Crop Dusta,Arman Tuganbaev,103478.0,94477.0,WIN,exact,720,31425198,replays/gold_top10_macro_intent_v1/episode-97858947-replay.json,gold_top10_macro_intent_v1,N282,1,1,0.0
773,97858947,1,5,16711376,Arman Tuganbaev,55617399,2897.3,EpisodeType.EPISODE_TYPE_PUBLIC,Arman Tuganbaev,Crop Dusta,94477.0,103478.0,LOSS,exact,720,31425198,replays/gold_top10_macro_intent_v1/episode-97858947-replay.json,gold_top10_macro_intent_v1,N005,27,0,0.08058950304985046
774,97879422,1,3,16705390,Subramanya N,55616096,2953.5,EpisodeType.EPISODE_TYPE_PUBLIC,Subramanya N,MiMi,103749.0,108856.0,LOSS,exact,720,30381477,replays/gold_top10_macro_intent_v1/episode-97879422-replay.json,gold_top10_macro_intent_v1,N279,1,1,0.0
775,97879425,0,2,16644287,Ryo Hasegawa,55614463,3059.7,EpisodeType.EPISODE_TYPE_PUBLIC,Ryo Hasegawa,Subramanya N,62615.0,67254.0,LOSS,exact,720,30594751,replays/gold_top10_macro_intent_v1/episode-97879425-replay.json,gold_top10_macro_intent_v1,N644,1,1,0.0
776,97879425,1,3,16705390,Subramanya N,55616096,2953.5,EpisodeType.EPISODE_TYPE_PUBLIC,Subramanya N,Ryo Hasegawa,67254.0,62615.0,WIN,exact,720,30594751,replays/gold_top10_macro_intent_v1/episode-97879425-replay.json,gold_top10_macro_intent_v1,N613,1,1,0.0
777,97881756,0,1,16714457,Crop Dusta,55714246,3070.6,EpisodeType.EPISODE_TYPE_PUBLIC,Crop Dusta,Izzoudine Mohamed KANTA,113477.0,103327.0,WIN,exact,720,31526597,replays/gold_top10_macro_intent_v1/episode-97881756-replay.json,gold_top10_macro_intent_v1,N228,1,1,0.0
778,97897725,0,1,16714457,Crop Dusta,55714246,3070.6,EpisodeType.EPISODE_TYPE_PUBLIC,Crop Dusta,MiMi,86984.0,83552.0,WIN,exact,720,32385107,replays/gold_top10_macro_intent_v1/episode-97897725-replay.json,gold_top10_macro_intent_v1,N429,1,1,0.0
779,97911317,0,1,16714457,Crop Dusta,55714246,3070.6,EpisodeType.EPISODE_TYPE_PUBLIC,Crop Dusta,Arman Tuganbaev,100606.0,89058.0,WIN,exact,720,31865299,replays/gold_top10_macro_intent_v1/episode-97911317-replay.json,gold_top10_macro_intent_v1,N315,1,1,0.0
780,97911317,1,5,16711376,Arman Tuganbaev,55617399,2897.3,EpisodeType.EPISODE_TYPE_PUBLIC,Arman Tuganbaev,Crop Dusta,89058.0,100606.0,LOSS,exact,720,31865299,replays/gold_top10_macro_intent_v1/episode-97911317-replay.json,gold_top10_macro_intent_v1,N014,9,0,0.10157211869955063
781,97911410,1,1,16714457,Crop Dusta,55714246,3070.6,EpisodeType.EPISODE_TYPE_PUBLIC,Crop Dusta,Kobe BRYANT,121822.0,122532.0,LOSS,exact,720,31836015,replays/gold_top10_macro_intent_v1/episode-97911410-replay.json,gold_top10_macro_intent_v1,N177,1,1,0.0
782,97915913,0,5,16711376,Arman Tuganbaev,55617399,2897.3,EpisodeType.EPISODE_TYPE_PUBLIC,Arman Tuganbaev,Crop Dusta,81802.0,98311.0,LOSS,exact,720,31669160,replays/gold_top10_macro_intent_v1/episode-97915913-replay.json,gold_top10_macro_intent_v1,N014,9,1,0.0
783,97927289,0,1,16714457,Crop Dusta,55714246,3070.6,EpisodeType.EPISODE_TYPE_PUBLIC,Crop Dusta,Subramanya N,91836.0,79305.0,WIN,exact,720,30428825,replays/gold_top10_macro_intent_v1/episode-97927289-replay.json,gold_top10_macro_intent_v1,N389,1,1,0.0
784,97927289,1,3,16705390,Subramanya N,55616096,2953.5,EpisodeType.EPISODE_TYPE_PUBLIC,Subramanya N,Crop Dusta,79305.0,91836.0,LOSS,exact,720,30428825,replays/gold_top10_macro_intent_v1/episode-97927289-replay.json,gold_top10_macro_intent_v1,N511,1,1,0.0
785,97927291,1,2,16644287,Ryo Hasegawa,55614463,3059.7,EpisodeType.EPISODE_TYPE_PUBLIC,Ryo Hasegawa,Subramanya N,110262.0,93904.0,WIN,exact,720,30561331,replays/gold_top10_macro_intent_v1/episode-97927291-replay.json,gold_top10_macro_intent_v1,N006,20,0,0.0911182165145874
786,97927291,0,3,16705390,Subramanya N,55616096,2953.5,EpisodeType.EPISODE_TYPE_PUBLIC,Subramanya N,Ryo Hasegawa,93904.0,110262.0,LOSS,exact,720,30561331,replays/gold_top10_macro_intent_v1/episode-97927291-replay.json,gold_top10_macro_intent_v1,N376,1,1,0.0
787,97952354,1,1,16714457,Crop Dusta,55714246,3070.6,EpisodeType.EPISODE_TYPE_PUBLIC,Crop Dusta,MiMi,90266.0,94310.0,LOSS,exact,720,32759058,replays/gold_top10_macro_intent_v1/episode-97952354-replay.json,gold_top10_macro_intent_v1,N082,2,0,0.11080921441316605
788,97954648,0,5,16711376,Arman Tuganbaev,55617399,2897.3,EpisodeType.EPISODE_TYPE_PUBLIC,Arman Tuganbaev,Kaito Fukami,92099.0,105343.0,LOSS,exact,720,30315674,replays/gold_top10_macro_intent_v1/episode-97954648-replay.json,gold_top10_macro_intent_v1,N089,2,1,0.0
789,97968291,0,3,16705390,Subramanya N,55616096,2953.5,EpisodeType.EPISODE_TYPE_PUBLIC,Subramanya N,Crop Dusta,88535.0,104931.0,LOSS,exact,720,30296012,replays/gold_top10_macro_intent_v1/episode-97968291-replay.json,gold_top10_macro_intent_v1,N419,1,1,0.0
790,97968292,1,2,16644287,Ryo Hasegawa,55614463,3059.7,EpisodeType.EPISODE_TYPE_PUBLIC,Ryo Hasegawa,Crop Dusta,52432.0,59928.0,LOSS,exact,720,30850262,replays/gold_top10_macro_intent_v1/episode-97968292-replay.json,gold_top10_macro_intent_v1,N110,2,0,0.11031380295753479
791,97968346,1,5,16711376,Arman Tuganbaev,55617399,2897.3,EpisodeType.EPISODE_TYPE_PUBLIC,Arman Tuganbaev,Crop Dusta,98434.0,134914.0,LOSS,exact,720,30221954,replays/gold_top10_macro_intent_v1/episode-97968346-replay.json,gold_top10_macro_intent_v1,N091,2,0,0.06981232762336731
792,97975206,1,1,16714457,Crop Dusta,55714246,3070.6,EpisodeType.EPISODE_TYPE_PUBLIC,Crop Dusta,MiMi,115186.0,111450.0,WIN,exact,720,31460430,replays/gold_top10_macro_intent_v1/episode-97975206-replay.json,gold_top10_macro_intent_v1,N218,1,1,0.0
793,97981999,0,5,16711376,Arman Tuganbaev,55617399,2897.3,EpisodeType.EPISODE_TYPE_PUBLIC,Arman Tuganbaev,ActiveMusyoku,70703.0,71104.0,LOSS,exact,720,32259947,replays/gold_top10_macro_intent_v1/episode-97981999-replay.json,gold_top10_macro_intent_v1,N012,10,0,0.07619515061378479
794,97997898,1,5,16711376,Arman Tuganbaev,55617399,2897.3,EpisodeType.EPISODE_TYPE_PUBLIC,Arman Tuganbaev,satoooh,81886.0,76171.0,WIN,exact,720,31578636,replays/gold_top10_macro_intent_v1/episode-97997898-replay.json,gold_top10_macro_intent_v1,N012,10,0,0.07482627034187317
795,98000264,0,1,16714457,Crop Dusta,55714246,3070.6,EpisodeType.EPISODE_TYPE_PUBLIC,Crop Dusta,Arman Tuganbaev,116881.0,97289.0,WIN,exact,720,31856156,replays/gold_top10_macro_intent_v1/episode-98000264-replay.json,gold_top10_macro_intent_v1,N206,1,1,0.0
796,98000264,1,5,16711376,Arman Tuganbaev,55617399,2897.3,EpisodeType.EPISODE_TYPE_PUBLIC,Arman Tuganbaev,Crop Dusta,97289.0,116881.0,LOSS,exact,720,31856156,replays/gold_top10_macro_intent_v1/episode-98000264-replay.json,gold_top10_macro_intent_v1,N346,1,1,0.0
797,98004786,0,3,16705390,Subramanya N,55616096,2953.5,EpisodeType.EPISODE_TYPE_PUBLIC,Subramanya N,Crop Dusta,77269.0,85269.0,LOSS,exact,720,29540449,replays/gold_top10_macro_intent_v1/episode-98004786-replay.json,gold_top10_macro_intent_v1,N524,1,1,0.0
798,98004787,1,1,16714457,Crop Dusta,55714246,3070.6,EpisodeType.EPISODE_TYPE_PUBLIC,Crop Dusta,Ryo Hasegawa,112296.0,114517.0,LOSS,exact,720,31469925,replays/gold_top10_macro_intent_v1/episode-98004787-replay.json,gold_top10_macro_intent_v1,N236,1,1,0.0
799,98004787,0,2,16644287,Ryo Hasegawa,55614463,3059.7,EpisodeType.EPISODE_TYPE_PUBLIC,Ryo Hasegawa,Crop Dusta,114517.0,112296.0,WIN,exact,720,31469925,replays/gold_top10_macro_intent_v1/episode-98004787-replay.json,gold_top10_macro_intent_v1,N018,7,0,0.08561169356107712
800,98041291,1,5,16711376,Arman Tuganbaev,55617399,2897.3,EpisodeType.EPISODE_TYPE_PUBLIC,Arman Tuganbaev,MiMi,52731.0,65968.0,LOSS,exact,720,31954306,replays/gold_top10_macro_intent_v1/episode-98041291-replay.json,gold_top10_macro_intent_v1,N011,11,0,0.06726618111133575
801,98041294,0,5,16711376,Arman Tuganbaev,55617399,2897.3,EpisodeType.EPISODE_TYPE_PUBLIC,Arman Tuganbaev,Crop Dusta,110402.0,114658.0,LOSS,exact,720,31304117,replays/gold_top10_macro_intent_v1/episode-98041294-replay.json,gold_top10_macro_intent_v1,N005,27,0,0.06484783440828323
802,98043594,1,1,16714457,Crop Dusta,55714246,3070.6,EpisodeType.EPISODE_TYPE_PUBLIC,Crop Dusta,Subramanya N,113723.0,104245.0,WIN,exact,720,30650711,replays/gold_top10_macro_intent_v1/episode-98043594-replay.json,gold_top10_macro_intent_v1,N225,1,1,0.0
803,98043594,0,3,16705390,Subramanya N,55616096,2953.5,EpisodeType.EPISODE_TYPE_PUBLIC,Subramanya N,Crop Dusta,104245.0,113723.0,LOSS,exact,720,30650711,replays/gold_top10_macro_intent_v1/episode-98043594-replay.json,gold_top10_macro_intent_v1,N275,1,1,0.0
804,98045895,0,2,16644287,Ryo Hasegawa,55614463,3059.7,EpisodeType.EPISODE_TYPE_PUBLIC,Ryo Hasegawa,Subramanya N,105189.0,101885.0,WIN,exact,720,30661573,replays/gold_top10_macro_intent_v1/episode-98045895-replay.json,gold_top10_macro_intent_v1,N080,2,1,0.0
805,98045895,1,3,16705390,Subramanya N,55616096,2953.5,EpisodeType.EPISODE_TYPE_PUBLIC,Subramanya N,Ryo Hasegawa,101885.0,105189.0,LOSS,exact,720,30661573,replays/gold_top10_macro_intent_v1/episode-98045895-replay.json,gold_top10_macro_intent_v1,N298,1,1,0.0
806,98061904,0,8,16655477,Aurora,55729656,2843.0,EpisodeType.EPISODE_TYPE_VALIDATION,Say My Name ?,Say My Name ?,64580.0,64580.0,TIE,inferred_alias,720,31082403,replays/gold_top10_macro_intent_v1/episode-98061904-replay.json,gold_top10_macro_intent_v1,N001,1764,0,0.020570458844304085
807,98061904,1,8,16655477,Aurora,55729656,2843.0,EpisodeType.EPISODE_TYPE_VALIDATION,Say My Name ?,Say My Name ?,64580.0,64580.0,TIE,inferred_alias,720,31082403,replays/gold_top10_macro_intent_v1/episode-98061904-replay.json,gold_top10_macro_intent_v1,N001,1764,0,0.020570458844304085
808,98066134,0,8,16655477,Aurora,55729656,2843.0,EpisodeType.EPISODE_TYPE_PUBLIC,Say My Name ?,Saptanshu Samal,134451.0,59179.0,WIN,inferred_alias,720,27981811,replays/gold_top10_macro_intent_v1/episode-98066134-replay.json,gold_top10_macro_intent_v1,N001,1764,0,0.0
809,98068395,1,8,16655477,Aurora,55729656,2843.0,EpisodeType.EPISODE_TYPE_PUBLIC,Say My Name ?,sota1111,107310.0,55086.0,WIN,inferred_alias,720,27111942,replays/gold_top10_macro_intent_v1/episode-98068395-replay.json,gold_top10_macro_intent_v1,N001,1764,0,0.0
810,98070676,0,8,16655477,Aurora,55729656,2843.0,EpisodeType.EPISODE_TYPE_PUBLIC,Say My Name ?,AL Najafi,84640.0,15698.0,WIN,inferred_alias,720,26970650,replays/gold_top10_macro_intent_v1/episode-98070676-replay.json,gold_top10_macro_intent_v1,N001,1764,0,0.0
811,98072934,1,8,16655477,Aurora,55729656,2843.0,EpisodeType.EPISODE_TYPE_PUBLIC,Say My Name ?,Manan Gupta,101497.0,74084.0,WIN,inferred_alias,720,28951674,replays/gold_top10_macro_intent_v1/episode-98072934-replay.json,gold_top10_macro_intent_v1,N002,260,0,0.0
812,98073091,1,5,16711376,Arman Tuganbaev,55617399,2897.3,EpisodeType.EPISODE_TYPE_PUBLIC,Arman Tuganbaev,junseok lee,65474.0,72241.0,LOSS,exact,720,29367283,replays/gold_top10_macro_intent_v1/episode-98073091-replay.json,gold_top10_macro_intent_v1,N028,5,1,0.0
813,98075216,1,8,16655477,Aurora,55729656,2843.0,EpisodeType.EPISODE_TYPE_PUBLIC,Say My Name ?,(´･_･`),126024.0,92244.0,WIN,inferred_alias,720,27235797,replays/gold_top10_macro_intent_v1/episode-98075216-replay.json,gold_top10_macro_intent_v1,N002,260,0,0.0
814,98077481,1,8,16655477,Aurora,55729656,2843.0,EpisodeType.EPISODE_TYPE_PUBLIC,Say My Name ?,YoungDSML [dsml.kz],67202.0,47320.0,WIN,inferred_alias,720,31656576,replays/gold_top10_macro_intent_v1/episode-98077481-replay.json,gold_top10_macro_intent_v1,N001,1764,0,0.0
815,98079771,1,8,16655477,Aurora,55729656,2843.0,EpisodeType.EPISODE_TYPE_PUBLIC,Say My Name ?,αίνιγμα,102785.0,72446.0,WIN,inferred_alias,720,31122258,replays/gold_top10_macro_intent_v1/episode-98079771-replay.json,gold_top10_macro_intent_v1,N002,260,0,0.0
816,98082046,1,8,16655477,Aurora,55729656,2843.0,EpisodeType.EPISODE_TYPE_PUBLIC,Say My Name ?,Anton Dugin,130183.0,67903.0,WIN,inferred_alias,720,29796401,replays/gold_top10_macro_intent_v1/episode-98082046-replay.json,gold_top10_macro_intent_v1,N001,1764,0,0.0
817,98084317,0,8,16655477,Aurora,55729656,2843.0,EpisodeType.EPISODE_TYPE_PUBLIC,Say My Name ?,qwertykeypadapple,75912.0,75133.0,WIN,inferred_alias,720,31792901,replays/gold_top10_macro_intent_v1/episode-98084317-replay.json,gold_top10_macro_intent_v1,N001,1764,0,0.0
818,98086590,0,8,16655477,Aurora,55729656,2843.0,EpisodeType.EPISODE_TYPE_PUBLIC,Say My Name ?,Jaivardhan Raahi,130712.0,113872.0,WIN,inferred_alias,720,31760306,replays/gold_top10_macro_intent_v1/episode-98086590-replay.json,gold_top10_macro_intent_v1,N001,1764,0,0.0
819,98088867,1,8,16655477,Aurora,55729656,2843.0,EpisodeType.EPISODE_TYPE_PUBLIC,Say My Name ?,Orynx,114413.0,108858.0,WIN,inferred_alias,720,31738930,replays/gold_top10_macro_intent_v1/episode-98088867-replay.json,gold_top10_macro_intent_v1,N001,1764,0,0.0
820,98089225,0,3,16705390,Subramanya N,55616096,2953.5,EpisodeType.EPISODE_TYPE_PUBLIC,Subramanya N,Crop Dusta,96484.0,112023.0,LOSS,exact,720,31029955,replays/gold_top10_macro_intent_v1/episode-98089225-replay.json,gold_top10_macro_intent_v1,N356,1,1,0.0
821,98091147,0,8,16655477,Aurora,55729656,2843.0,EpisodeType.EPISODE_TYPE_PUBLIC,Say My Name ?,Ahmed Ehab Fathi,103661.0,94408.0,WIN,inferred_alias,720,31738236,replays/gold_top10_macro_intent_v1/episode-98091147-replay.json,gold_top10_macro_intent_v1,N001,1764,0,0.0
822,98091381,1,5,16711376,Arman Tuganbaev,55617399,2897.3,EpisodeType.EPISODE_TYPE_PUBLIC,Arman Tuganbaev,junseok lee,94290.0,115783.0,LOSS,exact,720,29346704,replays/gold_top10_macro_intent_v1/episode-98091381-replay.json,gold_top10_macro_intent_v1,N028,5,0,0.01718566007912159
823,98091511,0,1,16714457,Crop Dusta,55714246,3070.6,EpisodeType.EPISODE_TYPE_PUBLIC,Crop Dusta,Arman Tuganbaev,79803.0,65178.0,WIN,exact,720,31620234,replays/gold_top10_macro_intent_v1/episode-98091511-replay.json,gold_top10_macro_intent_v1,N499,1,1,0.0
824,98091511,1,5,16711376,Arman Tuganbaev,55617399,2897.3,EpisodeType.EPISODE_TYPE_PUBLIC,Arman Tuganbaev,Crop Dusta,65178.0,79803.0,LOSS,exact,720,31620234,replays/gold_top10_macro_intent_v1/episode-98091511-replay.json,gold_top10_macro_intent_v1,N014,9,0,0.00583551824092865
825,98093422,0,8,16655477,Aurora,55729656,2843.0,EpisodeType.EPISODE_TYPE_PUBLIC,Say My Name ?,Zhizhou Sha,83011.0,63775.0,WIN,inferred_alias,720,30873032,replays/gold_top10_macro_intent_v1/episode-98093422-replay.json,gold_top10_macro_intent_v1,N003,247,0,0.0
826,98093786,0,2,16644287,Ryo Hasegawa,55614463,3059.7,EpisodeType.EPISODE_TYPE_PUBLIC,Ryo Hasegawa,MiMi,135497.0,140648.0,LOSS,exact,720,31490367,replays/gold_top10_macro_intent_v1/episode-98093786-replay.json,gold_top10_macro_intent_v1,N139,1,1,0.0
827,98095706,0,8,16655477,Aurora,55729656,2843.0,EpisodeType.EPISODE_TYPE_PUBLIC,Say My Name ?,Baidalin Adilzhan [dsml.kz],116903.0,110581.0,WIN,inferred_alias,720,31693057,replays/gold_top10_macro_intent_v1/episode-98095706-replay.json,gold_top10_macro_intent_v1,N001,1764,0,0.0
828,98097987,0,8,16655477,Aurora,55729656,2843.0,EpisodeType.EPISODE_TYPE_PUBLIC,Say My Name ?,wen chong yu,153843.0,141118.0,WIN,inferred_alias,720,31790768,replays/gold_top10_macro_intent_v1/episode-98097987-replay.json,gold_top10_macro_intent_v1,N001,1764,0,0.0
829,98100273,0,8,16655477,Aurora,55729656,2843.0,EpisodeType.EPISODE_TYPE_PUBLIC,Say My Name ?,Grayden_Lee,75191.0,74392.0,WIN,inferred_alias,720,31660248,replays/gold_top10_macro_intent_v1/episode-98100273-replay.json,gold_top10_macro_intent_v1,N001,1764,0,0.0
830,98102562,0,8,16655477,Aurora,55729656,2843.0,EpisodeType.EPISODE_TYPE_PUBLIC,Say My Name ?,Tian_Wang1210,84017.0,71880.0,WIN,inferred_alias,720,31684999,replays/gold_top10_macro_intent_v1/episode-98102562-replay.json,gold_top10_macro_intent_v1,N001,1764,0,0.0
831,98104837,1,8,16655477,Aurora,55729656,2843.0,EpisodeType.EPISODE_TYPE_PUBLIC,Say My Name ?,Matteo123383iend,112782.0,101856.0,WIN,inferred_alias,720,31730100,replays/gold_top10_macro_intent_v1/episode-98104837-replay.json,gold_top10_macro_intent_v1,N001,1764,0,0.0
832,98107139,0,8,16655477,Aurora,55729656,2843.0,EpisodeType.EPISODE_TYPE_PUBLIC,Say My Name ?,Djaafar Lecheheb DL,150022.0,140080.0,WIN,inferred_alias,720,31631938,replays/gold_top10_macro_intent_v1/episode-98107139-replay.json,gold_top10_macro_intent_v1,N001,1764,0,0.0
833,98109427,1,8,16655477,Aurora,55729656,2843.0,EpisodeType.EPISODE_TYPE_PUBLIC,Say My Name ?,extra eclaire,102313.0,84639.0,WIN,inferred_alias,720,30365261,replays/gold_top10_macro_intent_v1/episode-98109427-replay.json,gold_top10_macro_intent_v1,N001,1764,0,0.0
834,98109551,0,8,16655477,Aurora,55729656,2843.0,EpisodeType.EPISODE_TYPE_PUBLIC,Say My Name ?,TIM,107487.0,96670.0,WIN,inferred_alias,720,31399377,replays/gold_top10_macro_intent_v1/episode-98109551-replay.json,gold_top10_macro_intent_v1,N003,247,0,0.0
835,98111750,0,8,16655477,Aurora,55729656,2843.0,EpisodeType.EPISODE_TYPE_PUBLIC,Say My Name ?,Yosif EL-Rammaal,56839.0,51895.0,WIN,inferred_alias,720,31600808,replays/gold_top10_macro_intent_v1/episode-98111750-replay.json,gold_top10_macro_intent_v1,N001,1764,0,0.0006307330331765115
836,98114039,0,8,16655477,Aurora,55729656,2843.0,EpisodeType.EPISODE_TYPE_PUBLIC,Say My Name ?,1o,95847.0,89120.0,WIN,inferred_alias,720,31687696,replays/gold_top10_macro_intent_v1/episode-98114039-replay.json,gold_top10_macro_intent_v1,N001,1764,0,0.0
837,98116321,0,8,16655477,Aurora,55729656,2843.0,EpisodeType.EPISODE_TYPE_PUBLIC,Say My Name ?,Michael Timbs,96405.0,79649.0,WIN,inferred_alias,720,31835722,replays/gold_top10_macro_intent_v1/episode-98116321-replay.json,gold_top10_macro_intent_v1,N001,1764,0,0.0
838,98116502,0,5,16711376,Arman Tuganbaev,55617399,2897.3,EpisodeType.EPISODE_TYPE_PUBLIC,Arman Tuganbaev,junseok lee,132899.0,147942.0,LOSS,exact,720,31313875,replays/gold_top10_macro_intent_v1/episode-98116502-replay.json,gold_top10_macro_intent_v1,N012,10,0,0.04701882228255272
839,98118601,0,8,16655477,Aurora,55729656,2843.0,EpisodeType.EPISODE_TYPE_PUBLIC,Say My Name ?,webmaking,70930.0,69303.0,WIN,inferred_alias,720,31729612,replays/gold_top10_macro_intent_v1/episode-98118601-replay.json,gold_top10_macro_intent_v1,N001,1764,0,0.0
840,98120888,0,8,16655477,Aurora,55729656,2843.0,EpisodeType.EPISODE_TYPE_PUBLIC,Say My Name ?,webmaking,143773.0,135729.0,WIN,inferred_alias,720,31741982,replays/gold_top10_macro_intent_v1/episode-98120888-replay.json,gold_top10_macro_intent_v1,N001,1764,0,0.0
841,98123164,1,8,16655477,Aurora,55729656,2843.0,EpisodeType.EPISODE_TYPE_PUBLIC,Say My Name ?,SaiKushal185,70094.0,61086.0,WIN,inferred_alias,720,31682127,replays/gold_top10_macro_intent_v1/episode-98123164-replay.json,gold_top10_macro_intent_v1,N001,1764,0,0.0
842,98123276,0,8,16655477,Aurora,55729656,2843.0,EpisodeType.EPISODE_TYPE_PUBLIC,Say My Name ?,ebisu_ya,104549.0,99965.0,WIN,inferred_alias,720,31626875,replays/gold_top10_macro_intent_v1/episode-98123276-replay.json,gold_top10_macro_intent_v1,N001,1764,0,0.006399999838322401
843,98125453,1,8,16655477,Aurora,55729656,2843.0,EpisodeType.EPISODE_TYPE_PUBLIC,Say My Name ?,peikopon,81395.0,82607.0,LOSS,inferred_alias,720,31269652,replays/gold_top10_macro_intent_v1/episode-98125453-replay.json,gold_top10_macro_intent_v1,N003,247,0,0.0
844,98125630,1,1,16714457,Crop Dusta,55714246,3070.6,EpisodeType.EPISODE_TYPE_PUBLIC,Crop Dusta,junseok lee,84561.0,78796.0,WIN,exact,720,32362344,replays/gold_top10_macro_intent_v1/episode-98125630-replay.json,gold_top10_macro_intent_v1,N455,1,1,0.0
845,98127628,0,9,16762957,Yizuki,55731561,2840.2,EpisodeType.EPISODE_TYPE_VALIDATION,Yizuki,Yizuki,63971.0,63971.0,TIE,exact,720,31090487,replays/gold_top10_macro_intent_v1/episode-98127628-replay.json,gold_top10_macro_intent_v1,N001,1764,0,0.020570458844304085
846,98127628,1,9,16762957,Yizuki,55731561,2840.2,EpisodeType.EPISODE_TYPE_VALIDATION,Yizuki,Yizuki,63971.0,63971.0,TIE,exact,720,31090487,replays/gold_top10_macro_intent_v1/episode-98127628-replay.json,gold_top10_macro_intent_v1,N001,1764,0,0.020570458844304085
847,98127739,0,8,16655477,Aurora,55729656,2843.0,EpisodeType.EPISODE_TYPE_PUBLIC,Say My Name ?,peikopon,43680.0,52725.0,LOSS,inferred_alias,720,31688007,replays/gold_top10_macro_intent_v1/episode-98127739-replay.json,gold_top10_macro_intent_v1,N001,1764,0,0.0
848,98130031,0,8,16655477,Aurora,55729656,2843.0,EpisodeType.EPISODE_TYPE_PUBLIC,Say My Name ?,bplyc15,142244.0,133832.0,WIN,inferred_alias,720,31489395,replays/gold_top10_macro_intent_v1/episode-98130031-replay.json,gold_top10_macro_intent_v1,N002,260,0,0.0
849,98132244,0,9,16762957,Yizuki,55731561,2840.2,EpisodeType.EPISODE_TYPE_PUBLIC,Yizuki,Harrislrobinson,116010.0,35788.0,WIN,exact,720,28434616,replays/gold_top10_macro_intent_v1/episode-98132244-replay.json,gold_top10_macro_intent_v1,N001,1764,0,0.0
850,98132302,1,8,16655477,Aurora,55729656,2843.0,EpisodeType.EPISODE_TYPE_PUBLIC,Say My Name ?,peikopon,89901.0,84436.0,WIN,inferred_alias,720,31601910,replays/gold_top10_macro_intent_v1/episode-98132302-replay.json,gold_top10_macro_intent_v1,N001,1764,0,0.0
851,98134516,1,9,16762957,Yizuki,55731561,2840.2,EpisodeType.EPISODE_TYPE_PUBLIC,Yizuki,Leraaaa,113686.0,19181.0,WIN,exact,720,24221907,replays/gold_top10_macro_intent_v1/episode-98134516-replay.json,gold_top10_macro_intent_v1,N001,1764,0,0.0
852,98134593,0,8,16655477,Aurora,55729656,2843.0,EpisodeType.EPISODE_TYPE_PUBLIC,Say My Name ?,Xiaowenhao404,92589.0,81581.0,WIN,inferred_alias,720,31582045,replays/gold_top10_macro_intent_v1/episode-98134593-replay.json,gold_top10_macro_intent_v1,N002,260,0,0.0
853,98136799,1,9,16762957,Yizuki,55731561,2840.2,EpisodeType.EPISODE_TYPE_PUBLIC,Yizuki,(ノ◡ <),98910.0,63303.0,WIN,exact,720,28608286,replays/gold_top10_macro_intent_v1/episode-98136799-replay.json,gold_top10_macro_intent_v1,N001,1764,0,0.0
854,98136880,0,8,16655477,Aurora,55729656,2843.0,EpisodeType.EPISODE_TYPE_PUBLIC,Say My Name ?,Xiaowenhao404,80153.0,72340.0,WIN,inferred_alias,720,31675166,replays/gold_top10_macro_intent_v1/episode-98136880-replay.json,gold_top10_macro_intent_v1,N001,1764,0,0.0
855,98139064,0,9,16762957,Yizuki,55731561,2840.2,EpisodeType.EPISODE_TYPE_PUBLIC,Yizuki,(´･_･`),167517.0,106580.0,WIN,exact,720,27672472,replays/gold_top10_macro_intent_v1/episode-98139064-replay.json,gold_top10_macro_intent_v1,N001,1764,0,0.0
856,98139171,0,8,16655477,Aurora,55729656,2843.0,EpisodeType.EPISODE_TYPE_PUBLIC,Say My Name ?,Kaan Dınız,120294.0,100553.0,WIN,inferred_alias,720,30768471,replays/gold_top10_macro_intent_v1/episode-98139171-replay.json,gold_top10_macro_intent_v1,N003,247,0,0.0
857,98139342,0,5,16711376,Arman Tuganbaev,55617399,2897.3,EpisodeType.EPISODE_TYPE_PUBLIC,Arman Tuganbaev,Crop Dusta,82669.0,101036.0,LOSS,exact,720,31748973,replays/gold_top10_macro_intent_v1/episode-98139342-replay.json,gold_top10_macro_intent_v1,N005,27,0,0.038679733872413635
858,98139344,1,3,16705390,Subramanya N,55616096,2953.5,EpisodeType.EPISODE_TYPE_PUBLIC,Subramanya N,Izzoudine Mohamed KANTA,90382.0,99981.0,LOSS,exact,720,29819886,replays/gold_top10_macro_intent_v1/episode-98139344-replay.json,gold_top10_macro_intent_v1,N400,1,1,0.0
859,98141342,0,9,16762957,Yizuki,55731561,2840.2,EpisodeType.EPISODE_TYPE_PUBLIC,Yizuki,Yuzu,60197.0,43397.0,WIN,exact,720,30198910,replays/gold_top10_macro_intent_v1/episode-98141342-replay.json,gold_top10_macro_intent_v1,N001,1764,0,0.0
860,98141463,0,8,16655477,Aurora,55729656,2843.0,EpisodeType.EPISODE_TYPE_PUBLIC,Say My Name ?,fufufukakaka,59022.0,44497.0,WIN,inferred_alias,720,27757694,replays/gold_top10_macro_intent_v1/episode-98141463-replay.json,gold_top10_macro_intent_v1,N001,1764,0,0.0
861,98141707,0,2,16644287,Ryo Hasegawa,55614463,3059.7,EpisodeType.EPISODE_TYPE_PUBLIC,Ryo Hasegawa,Subramanya N,94885.0,100411.0,LOSS,exact,720,30640229,replays/gold_top10_macro_intent_v1/episode-98141707-replay.json,gold_top10_macro_intent_v1,N092,2,0,0.08008671551942825
862,98141707,1,3,16705390,Subramanya N,55616096,2953.5,EpisodeType.EPISODE_TYPE_PUBLIC,Subramanya N,Ryo Hasegawa,100411.0,94885.0,WIN,exact,720,30640229,replays/gold_top10_macro_intent_v1/episode-98141707-replay.json,gold_top10_macro_intent_v1,N317,1,1,0.0
863,98143616,1,9,16762957,Yizuki,55731561,2840.2,EpisodeType.EPISODE_TYPE_PUBLIC,Yizuki,zhoujqi,115876.0,97201.0,WIN,exact,720,31213149,replays/gold_top10_macro_intent_v1/episode-98143616-replay.json,gold_top10_macro_intent_v1,N003,247,0,0.0
864,98143748,1,8,16655477,Aurora,55729656,2843.0,EpisodeType.EPISODE_TYPE_PUBLIC,Say My Name ?,Kobe BRYANT,84734.0,81084.0,WIN,inferred_alias,720,31599864,replays/gold_top10_macro_intent_v1/episode-98143748-replay.json,gold_top10_macro_intent_v1,N001,1764,0,0.0
865,98143893,1,5,16711376,Arman Tuganbaev,55617399,2897.3,EpisodeType.EPISODE_TYPE_PUBLIC,Arman Tuganbaev,test_money,58364.0,50602.0,WIN,exact,720,30656830,replays/gold_top10_macro_intent_v1/episode-98143893-replay.json,gold_top10_macro_intent_v1,N050,3,1,0.0
866,98145887,0,9,16762957,Yizuki,55731561,2840.2,EpisodeType.EPISODE_TYPE_PUBLIC,Yizuki,phibkro,98665.0,80293.0,WIN,exact,720,31522748,replays/gold_top10_macro_intent_v1/episode-98145887-replay.json,gold_top10_macro_intent_v1,N001,1764,0,0.0025901533663272858
867,98146023,0,8,16655477,Aurora,55729656,2843.0,EpisodeType.EPISODE_TYPE_PUBLIC,Say My Name ?,GPTatoes,106170.0,106122.0,WIN,inferred_alias,720,31087310,replays/gold_top10_macro_intent_v1/episode-98146023-replay.json,gold_top10_macro_intent_v1,N001,1764,0,0.020570458844304085
868,98148175,1,9,16762957,Yizuki,55731561,2840.2,EpisodeType.EPISODE_TYPE_PUBLIC,Yizuki,Mohamed Amine Aichaoui,134967.0,122575.0,WIN,exact,720,31042193,replays/gold_top10_macro_intent_v1/episode-98148175-replay.json,gold_top10_macro_intent_v1,N002,260,0,0.0
869,98148315,1,8,16655477,Aurora,55729656,2843.0,EpisodeType.EPISODE_TYPE_PUBLIC,Say My Name ?,Sarthak Sharma ,49812.0,44039.0,WIN,inferred_alias,720,31364734,replays/gold_top10_macro_intent_v1/episode-98148315-replay.json,gold_top10_macro_intent_v1,N001,1764,0,0.0
870,98150445,1,9,16762957,Yizuki,55731561,2840.2,EpisodeType.EPISODE_TYPE_PUBLIC,Yizuki,Agrofitting,86552.0,65307.0,WIN,exact,720,30435057,replays/gold_top10_macro_intent_v1/episode-98150445-replay.json,gold_top10_macro_intent_v1,N001,1764,0,0.0
871,98150599,0,8,16655477,Aurora,55729656,2843.0,EpisodeType.EPISODE_TYPE_PUBLIC,Say My Name ?,Kaan Dınız,106650.0,98498.0,WIN,inferred_alias,720,31577624,replays/gold_top10_macro_intent_v1/episode-98150599-replay.json,gold_top10_macro_intent_v1,N001,1764,0,0.005199999548494816
872,98152726,0,9,16762957,Yizuki,55731561,2840.2,EpisodeType.EPISODE_TYPE_PUBLIC,Yizuki,Kronki,124310.0,107673.0,WIN,exact,720,30803463,replays/gold_top10_macro_intent_v1/episode-98152726-replay.json,gold_top10_macro_intent_v1,N003,247,0,0.0
873,98152888,0,8,16655477,Aurora,55729656,2843.0,EpisodeType.EPISODE_TYPE_PUBLIC,Say My Name ?,Kaan Dınız,49294.0,51041.0,LOSS,inferred_alias,720,31647280,replays/gold_top10_macro_intent_v1/episode-98152888-replay.json,gold_top10_macro_intent_v1,N001,1764,0,0.0
874,98155006,0,9,16762957,Yizuki,55731561,2840.2,EpisodeType.EPISODE_TYPE_PUBLIC,Yizuki,Akshay #2,61705.0,55997.0,WIN,exact,720,31721349,replays/gold_top10_macro_intent_v1/episode-98155006-replay.json,gold_top10_macro_intent_v1,N001,1764,0,0.0
875,98155174,0,8,16655477,Aurora,55729656,2843.0,EpisodeType.EPISODE_TYPE_PUBLIC,Say My Name ?,Tagir Analyzes,67318.0,67257.0,WIN,inferred_alias,720,30918792,replays/gold_top10_macro_intent_v1/episode-98155174-replay.json,gold_top10_macro_intent_v1,N001,1764,0,0.020570458844304085
876,98157290,1,9,16762957,Yizuki,55731561,2840.2,EpisodeType.EPISODE_TYPE_PUBLIC,Yizuki,CROW,101538.0,91148.0,WIN,exact,720,31481516,replays/gold_top10_macro_intent_v1/episode-98157290-replay.json,gold_top10_macro_intent_v1,N001,1764,0,0.0
877,98157470,1,8,16655477,Aurora,55729656,2843.0,EpisodeType.EPISODE_TYPE_PUBLIC,Say My Name ?,Izzoudine Mohamed KANTA,140514.0,131823.0,WIN,inferred_alias,720,31603473,replays/gold_top10_macro_intent_v1/episode-98157470-replay.json,gold_top10_macro_intent_v1,N001,1764,0,0.0
878,98159571,0,9,16762957,Yizuki,55731561,2840.2,EpisodeType.EPISODE_TYPE_PUBLIC,Yizuki,Mille Initiate,109995.0,96823.0,WIN,exact,720,31771057,replays/gold_top10_macro_intent_v1/episode-98159571-replay.json,gold_top10_macro_intent_v1,N001,1764,0,0.0
879,98159748,0,8,16655477,Aurora,55729656,2843.0,EpisodeType.EPISODE_TYPE_PUBLIC,Say My Name ?,Kaito Fukami,44080.0,44008.0,WIN,inferred_alias,720,30913179,replays/gold_top10_macro_intent_v1/episode-98159748-replay.json,gold_top10_macro_intent_v1,N001,1764,0,0.020570458844304085
880,98159907,1,1,16714457,Crop Dusta,55714246,3070.6,EpisodeType.EPISODE_TYPE_PUBLIC,Crop Dusta,junseok lee,74137.0,54723.0,WIN,exact,720,30704315,replays/gold_top10_macro_intent_v1/episode-98159907-replay.json,gold_top10_macro_intent_v1,N559,1,1,0.0
881,98161844,1,9,16762957,Yizuki,55731561,2840.2,EpisodeType.EPISODE_TYPE_PUBLIC,Yizuki,Himanshu Kumar,94741.0,80860.0,WIN,exact,720,31381940,replays/gold_top10_macro_intent_v1/episode-98161844-replay.json,gold_top10_macro_intent_v1,N002,260,0,0.0
882,98162040,1,8,16655477,Aurora,55729656,2843.0,EpisodeType.EPISODE_TYPE_PUBLIC,Say My Name ?,XW,69226.0,71726.0,LOSS,inferred_alias,720,31113692,replays/gold_top10_macro_intent_v1/episode-98162040-replay.json,gold_top10_macro_intent_v1,N001,1764,0,0.0
883,98164129,1,9,16762957,Yizuki,55731561,2840.2,EpisodeType.EPISODE_TYPE_PUBLIC,Yizuki,Yusuke Hayashi,95282.0,84423.0,WIN,exact,720,31690818,replays/gold_top10_macro_intent_v1/episode-98164129-replay.json,gold_top10_macro_intent_v1,N001,1764,0,0.0
884,98164317,0,8,16655477,Aurora,55729656,2843.0,EpisodeType.EPISODE_TYPE_PUBLIC,Say My Name ?,Kazama Yusuke,95368.0,95242.0,WIN,inferred_alias,720,30932953,replays/gold_top10_macro_intent_v1/episode-98164317-replay.json,gold_top10_macro_intent_v1,N001,1764,0,0.020570458844304085
885,98166405,0,9,16762957,Yizuki,55731561,2840.2,EpisodeType.EPISODE_TYPE_PUBLIC,Yizuki,Jasper Turnidge,111355.0,98372.0,WIN,exact,720,31691993,replays/gold_top10_macro_intent_v1/episode-98166405-replay.json,gold_top10_macro_intent_v1,N001,1764,0,0.0
886,98166599,1,8,16655477,Aurora,55729656,2843.0,EpisodeType.EPISODE_TYPE_PUBLIC,Say My Name ?,peikopon,154102.0,146140.0,WIN,inferred_alias,720,31664096,replays/gold_top10_macro_intent_v1/episode-98166599-replay.json,gold_top10_macro_intent_v1,N001,1764,0,0.0
887,98168681,0,9,16762957,Yizuki,55731561,2840.2,EpisodeType.EPISODE_TYPE_PUBLIC,Yizuki,Emir Can,51107.0,48993.0,WIN,exact,720,31655350,replays/gold_top10_macro_intent_v1/episode-98168681-replay.json,gold_top10_macro_intent_v1,N001,1764,0,0.0
888,98168883,1,8,16655477,Aurora,55729656,2843.0,EpisodeType.EPISODE_TYPE_PUBLIC,Say My Name ?,Egor Trushin,76051.0,76030.0,WIN,inferred_alias,720,31607385,replays/gold_top10_macro_intent_v1/episode-98168883-replay.json,gold_top10_macro_intent_v1,N001,1764,0,0.0
889,98170987,0,9,16762957,Yizuki,55731561,2840.2,EpisodeType.EPISODE_TYPE_PUBLIC,Yizuki,TTANE,62696.0,52941.0,WIN,exact,720,31683467,replays/gold_top10_macro_intent_v1/episode-98170987-replay.json,gold_top10_macro_intent_v1,N001,1764,0,0.0
890,98171162,0,8,16655477,Aurora,55729656,2843.0,EpisodeType.EPISODE_TYPE_PUBLIC,Say My Name ?,Ömer Faruk Yüce,132098.0,132020.0,WIN,inferred_alias,720,31087933,replays/gold_top10_macro_intent_v1/episode-98171162-replay.json,gold_top10_macro_intent_v1,N001,1764,0,0.020570458844304085
891,98173263,1,9,16762957,Yizuki,55731561,2840.2,EpisodeType.EPISODE_TYPE_PUBLIC,Yizuki,Seb (allegedly),59389.0,46483.0,WIN,exact,720,32231083,replays/gold_top10_macro_intent_v1/episode-98173263-replay.json,gold_top10_macro_intent_v1,N001,1764,0,0.0
892,98173443,0,8,16655477,Aurora,55729656,2843.0,EpisodeType.EPISODE_TYPE_PUBLIC,Say My Name ?,Izzoudine Mohamed KANTA,119792.0,117031.0,WIN,inferred_alias,720,31547709,replays/gold_top10_macro_intent_v1/episode-98173443-replay.json,gold_top10_macro_intent_v1,N003,247,0,0.0
893,98175560,1,9,16762957,Yizuki,55731561,2840.2,EpisodeType.EPISODE_TYPE_PUBLIC,Yizuki,Jay,61224.0,56097.0,WIN,exact,720,31732557,replays/gold_top10_macro_intent_v1/episode-98175560-replay.json,gold_top10_macro_intent_v1,N001,1764,0,0.0
894,98175728,1,8,16655477,Aurora,55729656,2843.0,EpisodeType.EPISODE_TYPE_PUBLIC,Say My Name ?,Kazama Yusuke,90490.0,90288.0,WIN,inferred_alias,720,31446269,replays/gold_top10_macro_intent_v1/episode-98175728-replay.json,gold_top10_macro_intent_v1,N001,1764,0,0.0
895,98177853,1,9,16762957,Yizuki,55731561,2840.2,EpisodeType.EPISODE_TYPE_PUBLIC,Yizuki,hengck23,83794.0,82863.0,WIN,exact,720,31535301,replays/gold_top10_macro_intent_v1/episode-98177853-replay.json,gold_top10_macro_intent_v1,N001,1764,0,0.0
896,98178010,1,8,16655477,Aurora,55729656,2843.0,EpisodeType.EPISODE_TYPE_PUBLIC,Say My Name ?,Kaito Fukami,98243.0,98165.0,WIN,inferred_alias,720,32671096,replays/gold_top10_macro_intent_v1/episode-98178010-replay.json,gold_top10_macro_intent_v1,N001,1764,0,0.0
897,98180138,0,9,16762957,Yizuki,55731561,2840.2,EpisodeType.EPISODE_TYPE_PUBLIC,Yizuki,Ernnnn4u,90178.0,79091.0,WIN,exact,720,31570262,replays/gold_top10_macro_intent_v1/episode-98180138-replay.json,gold_top10_macro_intent_v1,N001,1764,0,0.0
898,98180299,0,5,16711376,Arman Tuganbaev,55617399,2897.3,EpisodeType.EPISODE_TYPE_PUBLIC,Arman Tuganbaev,Say My Name ?,99467.0,108976.0,LOSS,exact,720,31914756,replays/gold_top10_macro_intent_v1/episode-98180299-replay.json,gold_top10_macro_intent_v1,N026,5,0,0.042302265763282776
899,98180299,1,8,16655477,Aurora,55729656,2843.0,EpisodeType.EPISODE_TYPE_PUBLIC,Say My Name ?,Arman Tuganbaev,108976.0,99467.0,WIN,inferred_alias,720,31914756,replays/gold_top10_macro_intent_v1/episode-98180299-replay.json,gold_top10_macro_intent_v1,N001,1764,0,0.0
900,98182443,1,9,16762957,Yizuki,55731561,2840.2,EpisodeType.EPISODE_TYPE_PUBLIC,Yizuki,G!vIOne,62576.0,58106.0,WIN,exact,720,31656852,replays/gold_top10_macro_intent_v1/episode-98182443-replay.json,gold_top10_macro_intent_v1,N001,1764,0,0.0
901,98182594,0,8,16655477,Aurora,55729656,2843.0,EpisodeType.EPISODE_TYPE_PUBLIC,Say My Name ?,Kaito Fukami,62962.0,62827.0,WIN,inferred_alias,720,30914035,replays/gold_top10_macro_intent_v1/episode-98182594-replay.json,gold_top10_macro_intent_v1,N001,1764,0,0.020570458844304085
902,98184722,1,9,16762957,Yizuki,55731561,2840.2,EpisodeType.EPISODE_TYPE_PUBLIC,Yizuki,James Holland,94128.0,82282.0,WIN,exact,720,31408474,replays/gold_top10_macro_intent_v1/episode-98184722-replay.json,gold_top10_macro_intent_v1,N003,247,0,0.0
903,98184881,1,8,16655477,Aurora,55729656,2843.0,EpisodeType.EPISODE_TYPE_PUBLIC,Say My Name ?,Crop Dusta,49333.0,125027.0,LOSS,inferred_alias,720,31374705,replays/gold_top10_macro_intent_v1/episode-98184881-replay.json,gold_top10_macro_intent_v1,N001,1764,0,0.005199999548494816
904,98185000,1,5,16711376,Arman Tuganbaev,55617399,2897.3,EpisodeType.EPISODE_TYPE_PUBLIC,Arman Tuganbaev,junseok lee,103613.0,116514.0,LOSS,exact,720,30203577,replays/gold_top10_macro_intent_v1/episode-98185000-replay.json,gold_top10_macro_intent_v1,N281,1,1,0.0
905,98187012,0,9,16762957,Yizuki,55731561,2840.2,EpisodeType.EPISODE_TYPE_PUBLIC,Yizuki,bplyc15,125652.0,113988.0,WIN,exact,720,31694278,replays/gold_top10_macro_intent_v1/episode-98187012-replay.json,gold_top10_macro_intent_v1,N001,1764,0,0.0
906,98187167,0,8,16655477,Aurora,55729656,2843.0,EpisodeType.EPISODE_TYPE_PUBLIC,Say My Name ?,Ryo Hasegawa,94612.0,89377.0,WIN,inferred_alias,720,30987795,replays/gold_top10_macro_intent_v1/episode-98187167-replay.json,gold_top10_macro_intent_v1,N002,260,0,0.0
907,98189289,0,9,16762957,Yizuki,55731561,2840.2,EpisodeType.EPISODE_TYPE_PUBLIC,Yizuki,Hello San Francisco,102462.0,88463.0,WIN,exact,720,31672901,replays/gold_top10_macro_intent_v1/episode-98189289-replay.json,gold_top10_macro_intent_v1,N001,1764,0,0.0
908,98189446,0,8,16655477,Aurora,55729656,2843.0,EpisodeType.EPISODE_TYPE_PUBLIC,Say My Name ?,Ryo Hasegawa,100872.0,91646.0,WIN,inferred_alias,720,30857563,replays/gold_top10_macro_intent_v1/episode-98189446-replay.json,gold_top10_macro_intent_v1,N003,247,0,0.018772263079881668
909,98189541,0,3,16705390,Subramanya N,55616096,2953.5,EpisodeType.EPISODE_TYPE_PUBLIC,Subramanya N,Crop Dusta,112200.0,125476.0,LOSS,exact,720,30360969,replays/gold_top10_macro_intent_v1/episode-98189541-replay.json,gold_top10_macro_intent_v1,N237,1,1,0.0
910,98189542,0,1,16714457,Crop Dusta,55714246,3070.6,EpisodeType.EPISODE_TYPE_PUBLIC,Crop Dusta,Ryo Hasegawa,97256.0,113612.0,LOSS,exact,720,31652451,replays/gold_top10_macro_intent_v1/episode-98189542-replay.json,gold_top10_macro_intent_v1,N347,1,1,0.0
911,98189542,1,2,16644287,Ryo Hasegawa,55614463,3059.7,EpisodeType.EPISODE_TYPE_PUBLIC,Ryo Hasegawa,Crop Dusta,113612.0,97256.0,WIN,exact,720,31652451,replays/gold_top10_macro_intent_v1/episode-98189542-replay.json,gold_top10_macro_intent_v1,N006,20,0,0.036746785044670105
912,98191557,1,9,16762957,Yizuki,55731561,2840.2,EpisodeType.EPISODE_TYPE_PUBLIC,Yizuki,Octavi Grau,107827.0,101687.0,WIN,exact,720,31624790,replays/gold_top10_macro_intent_v1/episode-98191557-replay.json,gold_top10_macro_intent_v1,N001,1764,0,0.0
913,98191725,0,8,16655477,Aurora,55729656,2843.0,EpisodeType.EPISODE_TYPE_PUBLIC,Say My Name ?,Kaito Fukami,83099.0,83099.0,TIE,inferred_alias,720,30938279,replays/gold_top10_macro_intent_v1/episode-98191725-replay.json,gold_top10_macro_intent_v1,N003,247,0,0.0
914,98193846,0,9,16762957,Yizuki,55731561,2840.2,EpisodeType.EPISODE_TYPE_PUBLIC,Yizuki,Erfan Eshratifar,87235.0,82981.0,WIN,exact,720,31337668,replays/gold_top10_macro_intent_v1/episode-98193846-replay.json,gold_top10_macro_intent_v1,N003,247,0,0.0
915,98194009,0,5,16711376,Arman Tuganbaev,55617399,2897.3,EpisodeType.EPISODE_TYPE_PUBLIC,Arman Tuganbaev,Say My Name ?,91905.0,98924.0,LOSS,exact,720,31295182,replays/gold_top10_macro_intent_v1/episode-98194009-replay.json,gold_top10_macro_intent_v1,N388,1,1,0.0
916,98194009,1,8,16655477,Aurora,55729656,2843.0,EpisodeType.EPISODE_TYPE_PUBLIC,Say My Name ?,Arman Tuganbaev,98924.0,91905.0,WIN,inferred_alias,720,31295182,replays/gold_top10_macro_intent_v1/episode-98194009-replay.json,gold_top10_macro_intent_v1,N003,247,0,0.0
917,98196131,1,9,16762957,Yizuki,55731561,2840.2,EpisodeType.EPISODE_TYPE_PUBLIC,Yizuki,bplyc15,107346.0,96657.0,WIN,exact,720,31449441,replays/gold_top10_macro_intent_v1/episode-98196131-replay.json,gold_top10_macro_intent_v1,N002,260,0,0.0
918,98196286,0,8,16655477,Aurora,55729656,2843.0,EpisodeType.EPISODE_TYPE_PUBLIC,Say My Name ?,ActiveMusyoku,142181.0,114480.0,WIN,inferred_alias,720,30245389,replays/gold_top10_macro_intent_v1/episode-98196286-replay.json,gold_top10_macro_intent_v1,N001,1764,0,0.006399999838322401
919,98198412,1,9,16762957,Yizuki,55731561,2840.2,EpisodeType.EPISODE_TYPE_PUBLIC,Yizuki,mandgeee,39341.0,41705.0,LOSS,exact,720,31656259,replays/gold_top10_macro_intent_v1/episode-98198412-replay.json,gold_top10_macro_intent_v1,N001,1764,0,0.0
920,98198569,0,8,16655477,Aurora,55729656,2843.0,EpisodeType.EPISODE_TYPE_PUBLIC,Say My Name ?,Crop Dusta,80918.0,82660.0,LOSS,inferred_alias,720,32185711,replays/gold_top10_macro_intent_v1/episode-98198569-replay.json,gold_top10_macro_intent_v1,N001,1764,0,0.0
921,98200691,1,9,16762957,Yizuki,55731561,2840.2,EpisodeType.EPISODE_TYPE_PUBLIC,Yizuki,XW,69941.0,62919.0,WIN,exact,720,31565939,replays/gold_top10_macro_intent_v1/episode-98200691-replay.json,gold_top10_macro_intent_v1,N001,1764,0,0.0
922,98200850,1,8,16655477,Aurora,55729656,2843.0,EpisodeType.EPISODE_TYPE_PUBLIC,Say My Name ?,junseok lee,116852.0,120559.0,LOSS,inferred_alias,720,30312235,replays/gold_top10_macro_intent_v1/episode-98200850-replay.json,gold_top10_macro_intent_v1,N002,260,0,0.0
923,98200945,0,9,16762957,Yizuki,55731561,2840.2,EpisodeType.EPISODE_TYPE_PUBLIC,Yizuki,Lucien de Rubempre,77949.0,75473.0,WIN,exact,720,30359080,replays/gold_top10_macro_intent_v1/episode-98200945-replay.json,gold_top10_macro_intent_v1,N003,247,0,0.0
924,98202974,1,9,16762957,Yizuki,55731561,2840.2,EpisodeType.EPISODE_TYPE_PUBLIC,Yizuki,カワシギ,118645.0,106319.0,WIN,exact,720,31620084,replays/gold_top10_macro_intent_v1/episode-98202974-replay.json,gold_top10_macro_intent_v1,N001,1764,0,0.0
925,98202976,1,9,16762957,Yizuki,55731561,2840.2,EpisodeType.EPISODE_TYPE_PUBLIC,Yizuki,Ueddy,87685.0,83356.0,WIN,exact,720,31362283,replays/gold_top10_macro_intent_v1/episode-98202976-replay.json,gold_top10_macro_intent_v1,N001,1764,0,0.0
926,98203126,1,8,16655477,Aurora,55729656,2843.0,EpisodeType.EPISODE_TYPE_PUBLIC,Say My Name ?,MiMi,65950.0,64739.0,WIN,inferred_alias,720,32976476,replays/gold_top10_macro_intent_v1/episode-98203126-replay.json,gold_top10_macro_intent_v1,N001,1764,0,0.0
927,98205259,0,9,16762957,Yizuki,55731561,2840.2,EpisodeType.EPISODE_TYPE_PUBLIC,Yizuki,Tagir Analyzes,90668.0,81687.0,WIN,exact,720,29860700,replays/gold_top10_macro_intent_v1/episode-98205259-replay.json,gold_top10_macro_intent_v1,N003,247,0,0.0
928,98205402,0,8,16655477,Aurora,55729656,2843.0,EpisodeType.EPISODE_TYPE_PUBLIC,Say My Name ?,Kaito Fukami,109248.0,109248.0,TIE,inferred_alias,720,30944928,replays/gold_top10_macro_intent_v1/episode-98205402-replay.json,gold_top10_macro_intent_v1,N003,247,0,0.0
929,98205538,1,9,16762957,Yizuki,55731561,2840.2,EpisodeType.EPISODE_TYPE_PUBLIC,Yizuki,Kazama Yusuke,120329.0,119390.0,WIN,exact,720,30304690,replays/gold_top10_macro_intent_v1/episode-98205538-replay.json,gold_top10_macro_intent_v1,N002,260,0,0.0
930,98207529,0,9,16762957,Yizuki,55731561,2840.2,EpisodeType.EPISODE_TYPE_PUBLIC,Yizuki,test_money,65441.0,65500.0,LOSS,exact,720,31528495,replays/gold_top10_macro_intent_v1/episode-98207529-replay.json,gold_top10_macro_intent_v1,N001,1764,0,0.0
931,98207680,1,8,16655477,Aurora,55729656,2843.0,EpisodeType.EPISODE_TYPE_PUBLIC,Say My Name ?,Kobe BRYANT,94744.0,87247.0,WIN,inferred_alias,720,31592697,replays/gold_top10_macro_intent_v1/episode-98207680-replay.json,gold_top10_macro_intent_v1,N001,1764,0,0.0
932,98207751,0,9,16762957,Yizuki,55731561,2840.2,EpisodeType.EPISODE_TYPE_PUBLIC,Yizuki,Izzoudine Mohamed KANTA,112140.0,98935.0,WIN,exact,720,31580758,replays/gold_top10_macro_intent_v1/episode-98207751-replay.json,gold_top10_macro_intent_v1,N001,1764,0,0.0
933,98209825,0,9,16762957,Yizuki,55731561,2840.2,EpisodeType.EPISODE_TYPE_PUBLIC,Yizuki,Kaito Fukami,59969.0,55635.0,WIN,exact,720,31356661,replays/gold_top10_macro_intent_v1/episode-98209825-replay.json,gold_top10_macro_intent_v1,N001,1764,0,0.0
934,98209960,1,8,16655477,Aurora,55729656,2843.0,EpisodeType.EPISODE_TYPE_PUBLIC,Say My Name ?,junseok lee,74728.0,75667.0,LOSS,inferred_alias,720,30298622,replays/gold_top10_macro_intent_v1/episode-98209960-replay.json,gold_top10_macro_intent_v1,N002,260,0,0.0
935,98212107,0,9,16762957,Yizuki,55731561,2840.2,EpisodeType.EPISODE_TYPE_PUBLIC,Yizuki,Izzoudine Mohamed KANTA,86846.0,73877.0,WIN,exact,720,31441667,replays/gold_top10_macro_intent_v1/episode-98212107-replay.json,gold_top10_macro_intent_v1,N002,260,0,0.0
936,98212223,0,8,16655477,Aurora,55729656,2843.0,EpisodeType.EPISODE_TYPE_PUBLIC,Say My Name ?,Kobe BRYANT,98559.0,89241.0,WIN,inferred_alias,720,31600854,replays/gold_top10_macro_intent_v1/episode-98212223-replay.json,gold_top10_macro_intent_v1,N001,1764,0,0.0
937,98214392,1,9,16762957,Yizuki,55731561,2840.2,EpisodeType.EPISODE_TYPE_PUBLIC,Yizuki,Izzoudine Mohamed KANTA,78975.0,91979.0,LOSS,exact,720,31599206,replays/gold_top10_macro_intent_v1/episode-98214392-replay.json,gold_top10_macro_intent_v1,N001,1764,0,0.0
938,98214512,0,8,16655477,Aurora,55729656,2843.0,EpisodeType.EPISODE_TYPE_PUBLIC,Say My Name ?,Yizuki,44946.0,44397.0,WIN,inferred_alias,720,31512291,replays/gold_top10_macro_intent_v1/episode-98214512-replay.json,gold_top10_macro_intent_v1,N001,1764,0,0.0
939,98214512,1,9,16762957,Yizuki,55731561,2840.2,EpisodeType.EPISODE_TYPE_PUBLIC,Yizuki,Say My Name ?,44397.0,44946.0,LOSS,exact,720,31512291,replays/gold_top10_macro_intent_v1/episode-98214512-replay.json,gold_top10_macro_intent_v1,N001,1764,0,0.0
940,98216682,1,9,16762957,Yizuki,55731561,2840.2,EpisodeType.EPISODE_TYPE_PUBLIC,Yizuki,test_money,83065.0,83494.0,LOSS,exact,720,31531207,replays/gold_top10_macro_intent_v1/episode-98216682-replay.json,gold_top10_macro_intent_v1,N001,1764,0,0.0
941,98216796,1,8,16655477,Aurora,55729656,2843.0,EpisodeType.EPISODE_TYPE_PUBLIC,Say My Name ?,ActiveMusyoku,102953.0,101517.0,WIN,inferred_alias,720,30306995,replays/gold_top10_macro_intent_v1/episode-98216796-replay.json,gold_top10_macro_intent_v1,N002,260,0,0.0
942,98218973,0,9,16762957,Yizuki,55731561,2840.2,EpisodeType.EPISODE_TYPE_PUBLIC,Yizuki,Kazama Yusuke,90652.0,85767.0,WIN,exact,720,31318629,replays/gold_top10_macro_intent_v1/episode-98218973-replay.json,gold_top10_macro_intent_v1,N001,1764,0,0.0
943,98219089,0,8,16655477,Aurora,55729656,2843.0,EpisodeType.EPISODE_TYPE_PUBLIC,Say My Name ?,Crop Dusta,122633.0,141624.0,LOSS,inferred_alias,720,31710373,replays/gold_top10_macro_intent_v1/episode-98219089-replay.json,gold_top10_macro_intent_v1,N001,1764,0,0.0
944,98221269,0,9,16762957,Yizuki,55731561,2840.2,EpisodeType.EPISODE_TYPE_PUBLIC,Yizuki,ActiveMusyoku,66048.0,58791.0,WIN,exact,720,31008923,replays/gold_top10_macro_intent_v1/episode-98221269-replay.json,gold_top10_macro_intent_v1,N001,1764,0,0.0
945,98221374,0,8,16655477,Aurora,55729656,2843.0,EpisodeType.EPISODE_TYPE_PUBLIC,Say My Name ?,Kaito Fukami,64158.0,64093.0,WIN,inferred_alias,720,31078915,replays/gold_top10_macro_intent_v1/episode-98221374-replay.json,gold_top10_macro_intent_v1,N001,1764,0,0.020570458844304085
946,98223557,0,9,16762957,Yizuki,55731561,2840.2,EpisodeType.EPISODE_TYPE_PUBLIC,Yizuki,Ryo Hasegawa,56456.0,59982.0,LOSS,exact,720,31680143,replays/gold_top10_macro_intent_v1/episode-98223557-replay.json,gold_top10_macro_intent_v1,N001,1764,0,0.0025901533663272858
947,98223674,1,3,16705390,Subramanya N,55616096,2953.5,EpisodeType.EPISODE_TYPE_PUBLIC,Subramanya N,Say My Name ?,156533.0,101022.0,WIN,exact,720,28702528,replays/gold_top10_macro_intent_v1/episode-98223674-replay.json,gold_top10_macro_intent_v1,N117,1,1,0.0
948,98223674,0,8,16655477,Aurora,55729656,2843.0,EpisodeType.EPISODE_TYPE_PUBLIC,Say My Name ?,Subramanya N,101022.0,156533.0,LOSS,inferred_alias,720,28702528,replays/gold_top10_macro_intent_v1/episode-98223674-replay.json,gold_top10_macro_intent_v1,N003,247,0,0.026244107633829117
949,98225846,0,9,16762957,Yizuki,55731561,2840.2,EpisodeType.EPISODE_TYPE_PUBLIC,Yizuki,Kaito Fukami,80084.0,78916.0,WIN,exact,720,31531748,replays/gold_top10_macro_intent_v1/episode-98225846-replay.json,gold_top10_macro_intent_v1,N001,1764,0,0.0
950,98225962,0,8,16655477,Aurora,55729656,2843.0,EpisodeType.EPISODE_TYPE_PUBLIC,Say My Name ?,junseok lee,66708.0,67934.0,LOSS,inferred_alias,720,31522595,replays/gold_top10_macro_intent_v1/episode-98225962-replay.json,gold_top10_macro_intent_v1,N001,1764,0,0.0
951,98228136,1,9,16762957,Yizuki,55731561,2840.2,EpisodeType.EPISODE_TYPE_PUBLIC,Yizuki,Kaito Fukami,113622.0,112029.0,WIN,exact,720,31531233,replays/gold_top10_macro_intent_v1/episode-98228136-replay.json,gold_top10_macro_intent_v1,N001,1764,0,0.0
952,98228301,0,8,16655477,Aurora,55729656,2843.0,EpisodeType.EPISODE_TYPE_PUBLIC,Say My Name ?,Kaito Fukami,73323.0,73264.0,WIN,inferred_alias,720,32660801,replays/gold_top10_macro_intent_v1/episode-98228301-replay.json,gold_top10_macro_intent_v1,N001,1764,0,0.0
953,98230424,1,9,16762957,Yizuki,55731561,2840.2,EpisodeType.EPISODE_TYPE_PUBLIC,Yizuki,Arman Tuganbaev,70338.0,74413.0,LOSS,exact,720,31395447,replays/gold_top10_macro_intent_v1/episode-98230424-replay.json,gold_top10_macro_intent_v1,N001,1764,0,0.0
954,98230596,1,3,16705390,Subramanya N,55616096,2953.5,EpisodeType.EPISODE_TYPE_PUBLIC,Subramanya N,Say My Name ?,67949.0,49356.0,WIN,exact,720,29803188,replays/gold_top10_macro_intent_v1/episode-98230596-replay.json,gold_top10_macro_intent_v1,N607,1,1,0.0
955,98230596,0,8,16655477,Aurora,55729656,2843.0,EpisodeType.EPISODE_TYPE_PUBLIC,Say My Name ?,Subramanya N,49356.0,67949.0,LOSS,inferred_alias,720,29803188,replays/gold_top10_macro_intent_v1/episode-98230596-replay.json,gold_top10_macro_intent_v1,N003,247,0,0.0
956,98232758,0,9,16762957,Yizuki,55731561,2840.2,EpisodeType.EPISODE_TYPE_PUBLIC,Yizuki,Ryo Hasegawa,101590.0,104628.0,LOSS,exact,720,31387022,replays/gold_top10_macro_intent_v1/episode-98232758-replay.json,gold_top10_macro_intent_v1,N003,247,0,0.006806349381804466
957,98235005,0,9,16762957,Yizuki,55731561,2840.2,EpisodeType.EPISODE_TYPE_PUBLIC,Yizuki,カワシギ,75383.0,66808.0,WIN,exact,720,31452283,replays/gold_top10_macro_intent_v1/episode-98235005-replay.json,gold_top10_macro_intent_v1,N002,260,0,0.0
958,98237311,1,9,16762957,Yizuki,55731561,2840.2,EpisodeType.EPISODE_TYPE_PUBLIC,Yizuki,Egor Trushin,113017.0,110158.0,WIN,exact,720,30930300,replays/gold_top10_macro_intent_v1/episode-98237311-replay.json,gold_top10_macro_intent_v1,N001,1764,0,0.020570458844304085
959,98237418,0,2,16644287,Ryo Hasegawa,55614463,3059.7,EpisodeType.EPISODE_TYPE_PUBLIC,Ryo Hasegawa,Subramanya N,92487.0,106270.0,LOSS,exact,720,30405970,replays/gold_top10_macro_intent_v1/episode-98237418-replay.json,gold_top10_macro_intent_v1,N385,1,1,0.0
960,98237418,1,3,16705390,Subramanya N,55616096,2953.5,EpisodeType.EPISODE_TYPE_PUBLIC,Subramanya N,Ryo Hasegawa,106270.0,92487.0,WIN,exact,720,30405970,replays/gold_top10_macro_intent_v1/episode-98237418-replay.json,gold_top10_macro_intent_v1,N258,1,1,0.0
961,98237425,1,1,16714457,Crop Dusta,55714246,3070.6,EpisodeType.EPISODE_TYPE_PUBLIC,Crop Dusta,Arman Tuganbaev,105213.0,77889.0,WIN,exact,720,29810756,replays/gold_top10_macro_intent_v1/episode-98237425-replay.json,gold_top10_macro_intent_v1,N264,1,1,0.0
962,98237425,0,5,16711376,Arman Tuganbaev,55617399,2897.3,EpisodeType.EPISODE_TYPE_PUBLIC,Arman Tuganbaev,Crop Dusta,77889.0,105213.0,LOSS,exact,720,29810756,replays/gold_top10_macro_intent_v1/episode-98237425-replay.json,gold_top10_macro_intent_v1,N010,11,0,0.03088156320154667
963,98239631,0,5,16711376,Arman Tuganbaev,55617399,2897.3,EpisodeType.EPISODE_TYPE_PUBLIC,Arman Tuganbaev,Yizuki,101141.0,77015.0,WIN,exact,720,31914280,replays/gold_top10_macro_intent_v1/episode-98239631-replay.json,gold_top10_macro_intent_v1,N026,5,1,0.0
964,98239631,1,9,16762957,Yizuki,55731561,2840.2,EpisodeType.EPISODE_TYPE_PUBLIC,Yizuki,Arman Tuganbaev,77015.0,101141.0,LOSS,exact,720,31914280,replays/gold_top10_macro_intent_v1/episode-98239631-replay.json,gold_top10_macro_intent_v1,N001,1764,0,0.0
965,98241881,0,9,16762957,Yizuki,55731561,2840.2,EpisodeType.EPISODE_TYPE_PUBLIC,Yizuki,Ueddy,82452.0,77381.0,WIN,exact,720,32150222,replays/gold_top10_macro_intent_v1/episode-98241881-replay.json,gold_top10_macro_intent_v1,N001,1764,0,0.0
966,98244160,1,9,16762957,Yizuki,55731561,2840.2,EpisodeType.EPISODE_TYPE_PUBLIC,Yizuki,GPTatoes,104522.0,104130.0,WIN,exact,720,30276677,replays/gold_top10_macro_intent_v1/episode-98244160-replay.json,gold_top10_macro_intent_v1,N002,260,0,0.0
967,98246410,1,9,16762957,Yizuki,55731561,2840.2,EpisodeType.EPISODE_TYPE_PUBLIC,Yizuki,OceanMix,85631.0,84778.0,WIN,exact,720,31448129,replays/gold_top10_macro_intent_v1/episode-98246410-replay.json,gold_top10_macro_intent_v1,N001,1764,0,0.0
968,98246445,0,9,16762957,Yizuki,55731561,2840.2,EpisodeType.EPISODE_TYPE_PUBLIC,Yizuki,MiMi,105561.0,104734.0,WIN,exact,720,32244779,replays/gold_top10_macro_intent_v1/episode-98246445-replay.json,gold_top10_macro_intent_v1,N001,1764,0,0.0
969,98248742,1,9,16762957,Yizuki,55731561,2840.2,EpisodeType.EPISODE_TYPE_PUBLIC,Yizuki,Izzoudine Mohamed KANTA,54180.0,49513.0,WIN,exact,720,31535470,replays/gold_top10_macro_intent_v1/episode-98248742-replay.json,gold_top10_macro_intent_v1,N003,247,0,0.0
970,98251033,0,9,16762957,Yizuki,55731561,2840.2,EpisodeType.EPISODE_TYPE_PUBLIC,Yizuki,ActiveMusyoku,76445.0,68930.0,WIN,exact,720,30931966,replays/gold_top10_macro_intent_v1/episode-98251033-replay.json,gold_top10_macro_intent_v1,N001,1764,0,0.0
971,98253319,0,9,16762957,Yizuki,55731561,2840.2,EpisodeType.EPISODE_TYPE_PUBLIC,Yizuki,Ueddy,102398.0,100275.0,WIN,exact,720,30298602,replays/gold_top10_macro_intent_v1/episode-98253319-replay.json,gold_top10_macro_intent_v1,N002,260,0,0.0
972,98255615,0,9,16762957,Yizuki,55731561,2840.2,EpisodeType.EPISODE_TYPE_PUBLIC,Yizuki,Ryo Hasegawa,125252.0,114199.0,WIN,exact,720,31788025,replays/gold_top10_macro_intent_v1/episode-98255615-replay.json,gold_top10_macro_intent_v1,N001,1764,0,0.0
973,98257903,1,9,16762957,Yizuki,55731561,2840.2,EpisodeType.EPISODE_TYPE_PUBLIC,Yizuki,MiMi,76424.0,91775.0,LOSS,exact,720,31165830,replays/gold_top10_macro_intent_v1/episode-98257903-replay.json,gold_top10_macro_intent_v1,N003,247,0,0.0
974,98258002,0,8,16655477,Aurora,55729656,2843.0,EpisodeType.EPISODE_TYPE_PUBLIC,Say My Name ?,Crop Dusta,71146.0,84787.0,LOSS,inferred_alias,720,32008155,replays/gold_top10_macro_intent_v1/episode-98258002-replay.json,gold_top10_macro_intent_v1,N001,1764,0,0.0
975,98260192,1,8,16655477,Aurora,55729656,2843.0,EpisodeType.EPISODE_TYPE_PUBLIC,Say My Name ?,Yizuki,138787.0,138270.0,WIN,inferred_alias,720,31506523,replays/gold_top10_macro_intent_v1/episode-98260192-replay.json,gold_top10_macro_intent_v1,N001,1764,0,0.0025901533663272858
976,98260192,0,9,16762957,Yizuki,55731561,2840.2,EpisodeType.EPISODE_TYPE_PUBLIC,Yizuki,Say My Name ?,138270.0,138787.0,LOSS,exact,720,31506523,replays/gold_top10_macro_intent_v1/episode-98260192-replay.json,gold_top10_macro_intent_v1,N001,1764,0,0.0
977,98262478,1,9,16762957,Yizuki,55731561,2840.2,EpisodeType.EPISODE_TYPE_PUBLIC,Yizuki,ActiveMusyoku,59093.0,68826.0,LOSS,exact,720,31268045,replays/gold_top10_macro_intent_v1/episode-98262478-replay.json,gold_top10_macro_intent_v1,N001,1764,0,0.020570458844304085
978,98264761,0,9,16762957,Yizuki,55731561,2840.2,EpisodeType.EPISODE_TYPE_PUBLIC,Yizuki,Kobe BRYANT,73281.0,61287.0,WIN,exact,720,31548864,replays/gold_top10_macro_intent_v1/episode-98264761-replay.json,gold_top10_macro_intent_v1,N003,247,0,0.0
979,98267033,0,9,16762957,Yizuki,55731561,2840.2,EpisodeType.EPISODE_TYPE_PUBLIC,Yizuki,shinamonmon,99144.0,93940.0,WIN,exact,720,31317932,replays/gold_top10_macro_intent_v1/episode-98267033-replay.json,gold_top10_macro_intent_v1,N001,1764,0,0.0
980,98269331,1,9,16762957,Yizuki,55731561,2840.2,EpisodeType.EPISODE_TYPE_PUBLIC,Yizuki,Izzoudine Mohamed KANTA,100510.0,87127.0,WIN,exact,720,31460896,replays/gold_top10_macro_intent_v1/episode-98269331-replay.json,gold_top10_macro_intent_v1,N002,260,0,0.0
981,98271628,1,8,16655477,Aurora,55729656,2843.0,EpisodeType.EPISODE_TYPE_PUBLIC,Say My Name ?,Yizuki,120074.0,125811.0,LOSS,inferred_alias,720,31362891,replays/gold_top10_macro_intent_v1/episode-98271628-replay.json,gold_top10_macro_intent_v1,N001,1764,0,0.020570458844304085
982,98271628,0,9,16762957,Yizuki,55731561,2840.2,EpisodeType.EPISODE_TYPE_PUBLIC,Yizuki,Say My Name ?,125811.0,120074.0,WIN,exact,720,31362891,replays/gold_top10_macro_intent_v1/episode-98271628-replay.json,gold_top10_macro_intent_v1,N001,1764,0,0.0
983,98273913,1,9,16762957,Yizuki,55731561,2840.2,EpisodeType.EPISODE_TYPE_PUBLIC,Yizuki,satoooh,88585.0,85290.0,WIN,exact,720,31339308,replays/gold_top10_macro_intent_v1/episode-98273913-replay.json,gold_top10_macro_intent_v1,N001,1764,0,0.0
984,98273929,0,3,16705390,Subramanya N,55616096,2953.5,EpisodeType.EPISODE_TYPE_PUBLIC,Subramanya N,junseok lee,70293.0,55163.0,WIN,exact,720,31136048,replays/gold_top10_macro_intent_v1/episode-98273929-replay.json,gold_top10_macro_intent_v1,N593,1,1,0.0
985,98276221,1,9,16762957,Yizuki,55731561,2840.2,EpisodeType.EPISODE_TYPE_PUBLIC,Yizuki,Izzoudine Mohamed KANTA,104727.0,109475.0,LOSS,exact,720,31545973,replays/gold_top10_macro_intent_v1/episode-98276221-replay.json,gold_top10_macro_intent_v1,N003,247,0,0.0
986,98292221,1,2,16644287,Ryo Hasegawa,55614463,3059.7,EpisodeType.EPISODE_TYPE_PUBLIC,Ryo Hasegawa,Crop Dusta,114978.0,117461.0,LOSS,exact,720,31075239,replays/gold_top10_macro_intent_v1/episode-98292221-replay.json,gold_top10_macro_intent_v1,N023,6,0,0.010446728207170963
987,98292226,1,1,16714457,Crop Dusta,55714246,3070.6,EpisodeType.EPISODE_TYPE_PUBLIC,Crop Dusta,Subramanya N,82913.0,72134.0,WIN,exact,720,30448905,replays/gold_top10_macro_intent_v1/episode-98292226-replay.json,gold_top10_macro_intent_v1,N473,1,1,0.0
988,98292226,0,3,16705390,Subramanya N,55616096,2953.5,EpisodeType.EPISODE_TYPE_PUBLIC,Subramanya N,Crop Dusta,72134.0,82913.0,LOSS,exact,720,30448905,replays/gold_top10_macro_intent_v1/episode-98292226-replay.json,gold_top10_macro_intent_v1,N575,1,1,0.0
989,98294500,1,5,16711376,Arman Tuganbaev,55617399,2897.3,EpisodeType.EPISODE_TYPE_PUBLIC,Arman Tuganbaev,Kobe BRYANT,92081.0,74557.0,WIN,exact,720,30554606,replays/gold_top10_macro_intent_v1/episode-98294500-replay.json,gold_top10_macro_intent_v1,N021,7,0,0.09591034054756165
990,98301363,0,8,16655477,Aurora,55729656,2843.0,EpisodeType.EPISODE_TYPE_PUBLIC,Say My Name ?,Yizuki,30752.0,29501.0,WIN,inferred_alias,720,31639408,replays/gold_top10_macro_intent_v1/episode-98301363-replay.json,gold_top10_macro_intent_v1,N001,1764,0,0.0
991,98301363,1,9,16762957,Yizuki,55731561,2840.2,EpisodeType.EPISODE_TYPE_PUBLIC,Yizuki,Say My Name ?,29501.0,30752.0,LOSS,exact,720,31639408,replays/gold_top10_macro_intent_v1/episode-98301363-replay.json,gold_top10_macro_intent_v1,N001,1764,0,0.0
992,98315062,1,9,16762957,Yizuki,55731561,2840.2,EpisodeType.EPISODE_TYPE_PUBLIC,Yizuki,MiMi,68946.0,74220.0,LOSS,exact,720,33168739,replays/gold_top10_macro_intent_v1/episode-98315062-replay.json,gold_top10_macro_intent_v1,N001,1764,0,0.0
993,98353736,1,1,16714457,Crop Dusta,55714246,3070.6,EpisodeType.EPISODE_TYPE_PUBLIC,Crop Dusta,Subramanya N,95496.0,88579.0,WIN,exact,720,30433369,replays/gold_top10_macro_intent_v1/episode-98353736-replay.json,gold_top10_macro_intent_v1,N365,1,1,0.0
994,98353736,0,3,16705390,Subramanya N,55616096,2953.5,EpisodeType.EPISODE_TYPE_PUBLIC,Subramanya N,Crop Dusta,88579.0,95496.0,LOSS,exact,720,30433369,replays/gold_top10_macro_intent_v1/episode-98353736-replay.json,gold_top10_macro_intent_v1,N418,1,1,0.0
995,98353834,1,1,16714457,Crop Dusta,55714246,3070.6,EpisodeType.EPISODE_TYPE_PUBLIC,Crop Dusta,Ryo Hasegawa,109640.0,106497.0,WIN,exact,720,31773631,replays/gold_top10_macro_intent_v1/episode-98353834-replay.json,gold_top10_macro_intent_v1,N078,2,1,0.0
996,98353834,0,2,16644287,Ryo Hasegawa,55614463,3059.7,EpisodeType.EPISODE_TYPE_PUBLIC,Ryo Hasegawa,Crop Dusta,106497.0,109640.0,LOSS,exact,720,31773631,replays/gold_top10_macro_intent_v1/episode-98353834-replay.json,gold_top10_macro_intent_v1,N007,16,0,0.09599506855010986
997,98353838,1,1,16714457,Crop Dusta,55714246,3070.6,EpisodeType.EPISODE_TYPE_PUBLIC,Crop Dusta,junseok lee,108482.0,110348.0,LOSS,exact,720,31112393,replays/gold_top10_macro_intent_v1/episode-98353838-replay.json,gold_top10_macro_intent_v1,N250,1,1,0.0
998,98353840,1,1,16714457,Crop Dusta,55714246,3070.6,EpisodeType.EPISODE_TYPE_PUBLIC,Crop Dusta,Subramanya N,84604.0,78920.0,WIN,exact,720,30541644,replays/gold_top10_macro_intent_v1/episode-98353840-replay.json,gold_top10_macro_intent_v1,N453,1,1,0.0
999,98353840,0,3,16705390,Subramanya N,55616096,2953.5,EpisodeType.EPISODE_TYPE_PUBLIC,Subramanya N,Crop Dusta,78920.0,84604.0,LOSS,exact,720,30541644,replays/gold_top10_macro_intent_v1/episode-98353840-replay.json,gold_top10_macro_intent_v1,N514,1,1,0.0
1000,98358337,0,5,16711376,Arman Tuganbaev,55617399,2897.3,EpisodeType.EPISODE_TYPE_PUBLIC,Arman Tuganbaev,Say My Name ?,106792.0,102443.0,WIN,exact,720,30454821,replays/gold_top10_macro_intent_v1/episode-98358337-replay.json,gold_top10_macro_intent_v1,N256,1,1,0.0
1001,98358337,1,8,16655477,Aurora,55729656,2843.0,EpisodeType.EPISODE_TYPE_PUBLIC,Say My Name ?,Arman Tuganbaev,102443.0,106792.0,LOSS,inferred_alias,720,30454821,replays/gold_top10_macro_intent_v1/episode-98358337-replay.json,gold_top10_macro_intent_v1,N002,260,0,0.0
1002,98358404,0,6,16748154,taiseiu,55739697,2879.3,EpisodeType.EPISODE_TYPE_VALIDATION,taiseiu,taiseiu,64149.0,64149.0,TIE,exact,720,31090273,replays/gold_top10_macro_intent_v1/episode-98358404-replay.json,gold_top10_macro_intent_v1,N001,1764,0,0.020570458844304085
1003,98358404,1,6,16748154,taiseiu,55739697,2879.3,EpisodeType.EPISODE_TYPE_VALIDATION,taiseiu,taiseiu,64149.0,64149.0,TIE,exact,720,31090273,replays/gold_top10_macro_intent_v1/episode-98358404-replay.json,gold_top10_macro_intent_v1,N001,1764,0,0.020570458844304085
1004,98360674,0,8,16655477,Aurora,55729656,2843.0,EpisodeType.EPISODE_TYPE_PUBLIC,Say My Name ?,Yizuki,49776.0,53158.0,LOSS,inferred_alias,720,31349629,replays/gold_top10_macro_intent_v1/episode-98360674-replay.json,gold_top10_macro_intent_v1,N001,1764,0,0.020570458844304085
1005,98360674,1,9,16762957,Yizuki,55731561,2840.2,EpisodeType.EPISODE_TYPE_PUBLIC,Yizuki,Say My Name ?,53158.0,49776.0,WIN,exact,720,31349629,replays/gold_top10_macro_intent_v1/episode-98360674-replay.json,gold_top10_macro_intent_v1,N001,1764,0,0.0
1006,98362615,1,6,16748154,taiseiu,55739697,2879.3,EpisodeType.EPISODE_TYPE_PUBLIC,taiseiu,cemal özdeniz,80831.0,13345.0,WIN,exact,720,27481530,replays/gold_top10_macro_intent_v1/episode-98362615-replay.json,gold_top10_macro_intent_v1,N001,1764,0,0.0
1007,98364887,0,6,16748154,taiseiu,55739697,2879.3,EpisodeType.EPISODE_TYPE_PUBLIC,taiseiu,Ho Dinh Trieu,118752.0,65781.0,WIN,exact,720,30055635,replays/gold_top10_macro_intent_v1/episode-98364887-replay.json,gold_top10_macro_intent_v1,N001,1764,0,0.0
1008,98367158,0,6,16748154,taiseiu,55739697,2879.3,EpisodeType.EPISODE_TYPE_PUBLIC,taiseiu,nya654nya,84000.0,65103.0,WIN,exact,720,30321227,replays/gold_top10_macro_intent_v1/episode-98367158-replay.json,gold_top10_macro_intent_v1,N001,1764,0,0.0
1009,98369438,1,6,16748154,taiseiu,55739697,2879.3,EpisodeType.EPISODE_TYPE_PUBLIC,taiseiu,Schwifty,124878.0,52159.0,WIN,exact,720,28460291,replays/gold_top10_macro_intent_v1/episode-98369438-replay.json,gold_top10_macro_intent_v1,N001,1764,0,0.0
1010,98371717,0,6,16748154,taiseiu,55739697,2879.3,EpisodeType.EPISODE_TYPE_PUBLIC,taiseiu,Abhiram Anil,150074.0,127438.0,WIN,exact,720,31810845,replays/gold_top10_macro_intent_v1/episode-98371717-replay.json,gold_top10_macro_intent_v1,N001,1764,0,0.0
1011,98372096,0,4,16686827,Kronki,55740281,2901.0,EpisodeType.EPISODE_TYPE_VALIDATION,Kronki,Kronki,64185.0,64185.0,TIE,exact,720,31091171,replays/gold_top10_macro_intent_v1/episode-98372096-replay.json,gold_top10_macro_intent_v1,N001,1764,0,0.020570458844304085
1012,98372096,1,4,16686827,Kronki,55740281,2901.0,EpisodeType.EPISODE_TYPE_VALIDATION,Kronki,Kronki,64185.0,64185.0,TIE,exact,720,31091171,replays/gold_top10_macro_intent_v1/episode-98372096-replay.json,gold_top10_macro_intent_v1,N001,1764,0,0.020570458844304085
1013,98374000,0,6,16748154,taiseiu,55739697,2879.3,EpisodeType.EPISODE_TYPE_PUBLIC,taiseiu,Mohamed Amine Aichaoui,95220.0,67788.0,WIN,exact,720,30378660,replays/gold_top10_macro_intent_v1/episode-98374000-replay.json,gold_top10_macro_intent_v1,N001,1764,0,0.0
1014,98374047,0,4,16686827,Kronki,55740281,2901.0,EpisodeType.EPISODE_TYPE_PUBLIC,Kronki,zixma13,139173.0,37514.0,WIN,exact,720,27257894,replays/gold_top10_macro_intent_v1/episode-98374047-replay.json,gold_top10_macro_intent_v1,N001,1764,0,0.0
1015,98376272,1,6,16748154,taiseiu,55739697,2879.3,EpisodeType.EPISODE_TYPE_PUBLIC,taiseiu,Rey4Dan,88131.0,64503.0,WIN,exact,720,30743621,replays/gold_top10_macro_intent_v1/episode-98376272-replay.json,gold_top10_macro_intent_v1,N001,1764,0,0.0
1016,98376301,0,4,16686827,Kronki,55740281,2901.0,EpisodeType.EPISODE_TYPE_PUBLIC,Kronki,Qui Ngx,155965.0,79389.0,WIN,exact,720,31186575,replays/gold_top10_macro_intent_v1/episode-98376301-replay.json,gold_top10_macro_intent_v1,N001,1764,0,0.0
1017,98376532,0,5,16711376,Arman Tuganbaev,55617399,2897.3,EpisodeType.EPISODE_TYPE_PUBLIC,Arman Tuganbaev,Ryo Hasegawa,93442.0,93039.0,WIN,exact,720,32122099,replays/gold_top10_macro_intent_v1/episode-98376532-replay.json,gold_top10_macro_intent_v1,N001,1764,0,0.030244357883930206
1018,98378556,0,6,16748154,taiseiu,55739697,2879.3,EpisodeType.EPISODE_TYPE_PUBLIC,taiseiu,OzanM.,60674.0,60173.0,WIN,exact,720,31766631,replays/gold_top10_macro_intent_v1/episode-98378556-replay.json,gold_top10_macro_intent_v1,N001,1764,0,0.0
1019,98378594,1,4,16686827,Kronki,55740281,2901.0,EpisodeType.EPISODE_TYPE_PUBLIC,Kronki,one,174799.0,94753.0,WIN,exact,720,28123496,replays/gold_top10_macro_intent_v1/episode-98378594-replay.json,gold_top10_macro_intent_v1,N001,1764,0,0.0
1020,98380843,0,6,16748154,taiseiu,55739697,2879.3,EpisodeType.EPISODE_TYPE_PUBLIC,taiseiu,UknesIruka,94288.0,72086.0,WIN,exact,720,31138334,replays/gold_top10_macro_intent_v1/episode-98380843-replay.json,gold_top10_macro_intent_v1,N002,260,0,0.0
1021,98380883,1,4,16686827,Kronki,55740281,2901.0,EpisodeType.EPISODE_TYPE_PUBLIC,Kronki,Krishnan CS,139497.0,87286.0,WIN,exact,720,27514340,replays/gold_top10_macro_intent_v1/episode-98380883-replay.json,gold_top10_macro_intent_v1,N001,1764,0,0.0
1022,98380965,1,6,16748154,taiseiu,55739697,2879.3,EpisodeType.EPISODE_TYPE_PUBLIC,taiseiu,vladee,154960.0,144576.0,WIN,exact,720,31498929,replays/gold_top10_macro_intent_v1/episode-98380965-replay.json,gold_top10_macro_intent_v1,N001,1764,0,0.0
1023,98383126,1,6,16748154,taiseiu,55739697,2879.3,EpisodeType.EPISODE_TYPE_PUBLIC,taiseiu,Heads or Tails,84191.0,71222.0,WIN,exact,720,31694400,replays/gold_top10_macro_intent_v1/episode-98383126-replay.json,gold_top10_macro_intent_v1,N001,1764,0,0.0
1024,98383153,1,4,16686827,Kronki,55740281,2901.0,EpisodeType.EPISODE_TYPE_PUBLIC,Kronki,bachi idriss,134299.0,93241.0,WIN,exact,720,28472320,replays/gold_top10_macro_intent_v1/episode-98383153-replay.json,gold_top10_macro_intent_v1,N003,247,0,0.014453570358455181
1025,98385405,1,6,16748154,taiseiu,55739697,2879.3,EpisodeType.EPISODE_TYPE_PUBLIC,taiseiu,Harini Panigrahi,97638.0,89331.0,WIN,exact,720,31207510,replays/gold_top10_macro_intent_v1/episode-98385405-replay.json,gold_top10_macro_intent_v1,N003,247,0,0.0
1026,98385430,1,4,16686827,Kronki,55740281,2901.0,EpisodeType.EPISODE_TYPE_PUBLIC,Kronki,Stitch Clarity,120310.0,95613.0,WIN,exact,720,30323730,replays/gold_top10_macro_intent_v1/episode-98385430-replay.json,gold_top10_macro_intent_v1,N001,1764,0,0.0
1027,98387683,0,6,16748154,taiseiu,55739697,2879.3,EpisodeType.EPISODE_TYPE_PUBLIC,taiseiu,Cultuurstelsel,105519.0,96194.0,WIN,exact,720,31830698,replays/gold_top10_macro_intent_v1/episode-98387683-replay.json,gold_top10_macro_intent_v1,N001,1764,0,0.0
1028,98387713,1,4,16686827,Kronki,55740281,2901.0,EpisodeType.EPISODE_TYPE_PUBLIC,Kronki,Panagiotis Anagnostou,102979.0,72034.0,WIN,exact,720,31029470,replays/gold_top10_macro_intent_v1/episode-98387713-replay.json,gold_top10_macro_intent_v1,N002,260,0,0.0
1029,98387752,1,6,16748154,taiseiu,55739697,2879.3,EpisodeType.EPISODE_TYPE_PUBLIC,taiseiu,Arvin,94490.0,86054.0,WIN,exact,720,31751099,replays/gold_top10_macro_intent_v1/episode-98387752-replay.json,gold_top10_macro_intent_v1,N001,1764,0,0.0
1030,98389969,1,6,16748154,taiseiu,55739697,2879.3,EpisodeType.EPISODE_TYPE_PUBLIC,taiseiu,Chris #2,92648.0,90417.0,WIN,exact,720,31742073,replays/gold_top10_macro_intent_v1/episode-98389969-replay.json,gold_top10_macro_intent_v1,N001,1764,0,0.0
1031,98389990,0,4,16686827,Kronki,55740281,2901.0,EpisodeType.EPISODE_TYPE_PUBLIC,Kronki,Sanskar Omar,101838.0,85710.0,WIN,exact,720,32133831,replays/gold_top10_macro_intent_v1/episode-98389990-replay.json,gold_top10_macro_intent_v1,N001,1764,0,0.0
1032,98390361,1,6,16748154,taiseiu,55739697,2879.3,EpisodeType.EPISODE_TYPE_PUBLIC,taiseiu,rmizuta,106465.0,93264.0,WIN,exact,720,31692783,replays/gold_top10_macro_intent_v1/episode-98390361-replay.json,gold_top10_macro_intent_v1,N001,1764,0,0.0
1033,98392256,0,6,16748154,taiseiu,55739697,2879.3,EpisodeType.EPISODE_TYPE_PUBLIC,taiseiu,Agentmaster,106058.0,101493.0,WIN,exact,720,30869348,replays/gold_top10_macro_intent_v1/episode-98392256-replay.json,gold_top10_macro_intent_v1,N003,247,0,0.0
1034,98392270,1,4,16686827,Kronki,55740281,2901.0,EpisodeType.EPISODE_TYPE_PUBLIC,Kronki,Speedrun retirement,46688.0,39832.0,WIN,exact,720,28795254,replays/gold_top10_macro_intent_v1/episode-98392270-replay.json,gold_top10_macro_intent_v1,N001,1764,0,0.0
1035,98394541,0,4,16686827,Kronki,55740281,2901.0,EpisodeType.EPISODE_TYPE_PUBLIC,Kronki,JiangWenfeng1,94179.0,86244.0,WIN,exact,720,31362466,replays/gold_top10_macro_intent_v1/episode-98394541-replay.json,gold_top10_macro_intent_v1,N001,1764,0,0.0
1036,98394548,1,6,16748154,taiseiu,55739697,2879.3,EpisodeType.EPISODE_TYPE_PUBLIC,taiseiu,Krzysztof Madziar,41434.0,34110.0,WIN,exact,720,31680183,replays/gold_top10_macro_intent_v1/episode-98394548-replay.json,gold_top10_macro_intent_v1,N001,1764,0,0.0
1037,98396817,1,6,16748154,taiseiu,55739697,2879.3,EpisodeType.EPISODE_TYPE_PUBLIC,taiseiu,Thomas Greissler,83897.0,68253.0,WIN,exact,720,31571807,replays/gold_top10_macro_intent_v1/episode-98396817-replay.json,gold_top10_macro_intent_v1,N001,1764,0,0.0
1038,98396820,1,4,16686827,Kronki,55740281,2901.0,EpisodeType.EPISODE_TYPE_PUBLIC,Kronki,Hanh Tran,95081.0,67662.0,WIN,exact,720,30746856,replays/gold_top10_macro_intent_v1/episode-98396820-replay.json,gold_top10_macro_intent_v1,N002,260,0,0.0
1039,98399089,1,4,16686827,Kronki,55740281,2901.0,EpisodeType.EPISODE_TYPE_PUBLIC,Kronki,Poor farmer,59861.0,47362.0,WIN,exact,720,31689596,replays/gold_top10_macro_intent_v1/episode-98399089-replay.json,gold_top10_macro_intent_v1,N001,1764,0,0.0
1040,98399117,0,6,16748154,taiseiu,55739697,2879.3,EpisodeType.EPISODE_TYPE_PUBLIC,taiseiu,Junbeom Lee23,106322.0,98411.0,WIN,exact,720,31747812,replays/gold_top10_macro_intent_v1/episode-98399117-replay.json,gold_top10_macro_intent_v1,N001,1764,0,0.0
1041,98401365,0,4,16686827,Kronki,55740281,2901.0,EpisodeType.EPISODE_TYPE_PUBLIC,Kronki,curiosity,110537.0,98798.0,WIN,exact,720,31317137,replays/gold_top10_macro_intent_v1/episode-98401365-replay.json,gold_top10_macro_intent_v1,N001,1764,0,0.0
1042,98401423,0,6,16748154,taiseiu,55739697,2879.3,EpisodeType.EPISODE_TYPE_PUBLIC,taiseiu,Remielle,113378.0,99933.0,WIN,exact,720,31575901,replays/gold_top10_macro_intent_v1/episode-98401423-replay.json,gold_top10_macro_intent_v1,N001,1764,0,0.0
1043,98403649,0,4,16686827,Kronki,55740281,2901.0,EpisodeType.EPISODE_TYPE_PUBLIC,Kronki,Jaydon J P,64557.0,58603.0,WIN,exact,720,31732854,replays/gold_top10_macro_intent_v1/episode-98403649-replay.json,gold_top10_macro_intent_v1,N001,1764,0,0.0
1044,98403711,0,6,16748154,taiseiu,55739697,2879.3,EpisodeType.EPISODE_TYPE_PUBLIC,taiseiu,NCK,83945.0,77929.0,WIN,exact,720,31626371,replays/gold_top10_macro_intent_v1/episode-98403711-replay.json,gold_top10_macro_intent_v1,N001,1764,0,0.0025901533663272858
1045,98403998,0,5,16711376,Arman Tuganbaev,55617399,2897.3,EpisodeType.EPISODE_TYPE_PUBLIC,Arman Tuganbaev,ActiveMusyoku,117178.0,112836.0,WIN,exact,720,31283644,replays/gold_top10_macro_intent_v1/episode-98403998-replay.json,gold_top10_macro_intent_v1,N019,7,0,0.005412223748862743
1046,98405930,0,4,16686827,Kronki,55740281,2901.0,EpisodeType.EPISODE_TYPE_PUBLIC,Kronki,Rikito Kanda,108448.0,80731.0,WIN,exact,720,30501840,replays/gold_top10_macro_intent_v1/episode-98405930-replay.json,gold_top10_macro_intent_v1,N002,260,0,0.0
1047,98405994,0,6,16748154,taiseiu,55739697,2879.3,EpisodeType.EPISODE_TYPE_PUBLIC,taiseiu,10pi,109143.0,101383.0,WIN,exact,720,31880997,replays/gold_top10_macro_intent_v1/episode-98405994-replay.json,gold_top10_macro_intent_v1,N001,1764,0,0.0
1048,98408212,0,4,16686827,Kronki,55740281,2901.0,EpisodeType.EPISODE_TYPE_PUBLIC,Kronki,Gordeev Max,66776.0,54901.0,WIN,exact,720,31684444,replays/gold_top10_macro_intent_v1/episode-98408212-replay.json,gold_top10_macro_intent_v1,N001,1764,0,0.0
1049,98408300,0,6,16748154,taiseiu,55739697,2879.3,EpisodeType.EPISODE_TYPE_PUBLIC,taiseiu,Ernnnn4u,108907.0,100008.0,WIN,exact,720,31624109,replays/gold_top10_macro_intent_v1/episode-98408300-replay.json,gold_top10_macro_intent_v1,N001,1764,0,0.0
1050,98410493,0,4,16686827,Kronki,55740281,2901.0,EpisodeType.EPISODE_TYPE_PUBLIC,Kronki,tetsu2131,113172.0,107385.0,WIN,exact,720,31558000,replays/gold_top10_macro_intent_v1/episode-98410493-replay.json,gold_top10_macro_intent_v1,N003,247,0,0.0
1051,98410590,0,6,16748154,taiseiu,55739697,2879.3,EpisodeType.EPISODE_TYPE_PUBLIC,taiseiu,guoziyi123456,49485.0,48027.0,WIN,exact,720,31681917,replays/gold_top10_macro_intent_v1/episode-98410590-replay.json,gold_top10_macro_intent_v1,N001,1764,0,0.0
1052,98412779,1,4,16686827,Kronki,55740281,2901.0,EpisodeType.EPISODE_TYPE_PUBLIC,Kronki,Mandy Lin,80602.0,80962.0,LOSS,exact,720,31674722,replays/gold_top10_macro_intent_v1/episode-98412779-replay.json,gold_top10_macro_intent_v1,N001,1764,0,0.0
1053,98412872,1,6,16748154,taiseiu,55739697,2879.3,EpisodeType.EPISODE_TYPE_PUBLIC,taiseiu,JAZ COLD HORN,85202.0,81673.0,WIN,exact,720,30939541,replays/gold_top10_macro_intent_v1/episode-98412872-replay.json,gold_top10_macro_intent_v1,N001,1764,0,0.020570458844304085
1054,98415064,1,4,16686827,Kronki,55740281,2901.0,EpisodeType.EPISODE_TYPE_PUBLIC,Kronki,uri_kkyhr,99436.0,89449.0,WIN,exact,720,31472594,replays/gold_top10_macro_intent_v1/episode-98415064-replay.json,gold_top10_macro_intent_v1,N001,1764,0,0.0
1055,98415163,1,6,16748154,taiseiu,55739697,2879.3,EpisodeType.EPISODE_TYPE_PUBLIC,taiseiu,Hello San Francisco,118484.0,106898.0,WIN,exact,720,31654207,replays/gold_top10_macro_intent_v1/episode-98415163-replay.json,gold_top10_macro_intent_v1,N001,1764,0,0.0
1056,98415386,1,9,16762957,Yizuki,55731561,2840.2,EpisodeType.EPISODE_TYPE_PUBLIC,Yizuki,Izzoudine Mohamed KANTA,105372.0,96403.0,WIN,exact,720,31489521,replays/gold_top10_macro_intent_v1/episode-98415386-replay.json,gold_top10_macro_intent_v1,N002,260,0,0.0
1057,98417361,0,4,16686827,Kronki,55740281,2901.0,EpisodeType.EPISODE_TYPE_PUBLIC,Kronki,animal crossing,134652.0,124843.0,WIN,exact,720,31699095,replays/gold_top10_macro_intent_v1/episode-98417361-replay.json,gold_top10_macro_intent_v1,N001,1764,0,0.0
1058,98417440,1,6,16748154,taiseiu,55739697,2879.3,EpisodeType.EPISODE_TYPE_PUBLIC,taiseiu,ymg_aq,78108.0,65586.0,WIN,exact,720,31685415,replays/gold_top10_macro_intent_v1/episode-98417440-replay.json,gold_top10_macro_intent_v1,N001,1764,0,0.0
1059,98419658,1,4,16686827,Kronki,55740281,2901.0,EpisodeType.EPISODE_TYPE_PUBLIC,Kronki,william,73072.0,58629.0,WIN,exact,720,31198902,replays/gold_top10_macro_intent_v1/episode-98419658-replay.json,gold_top10_macro_intent_v1,N001,1764,0,0.0
1060,98419723,1,6,16748154,taiseiu,55739697,2879.3,EpisodeType.EPISODE_TYPE_PUBLIC,taiseiu,Ryutogrrr,111515.0,99358.0,WIN,exact,720,31668788,replays/gold_top10_macro_intent_v1/episode-98419723-replay.json,gold_top10_macro_intent_v1,N001,1764,0,0.0
1061,98419958,1,3,16705390,Subramanya N,55616096,2953.5,EpisodeType.EPISODE_TYPE_PUBLIC,Subramanya N,Crop Dusta,94433.0,112082.0,LOSS,exact,720,30579771,replays/gold_top10_macro_intent_v1/episode-98419958-replay.json,gold_top10_macro_intent_v1,N372,1,1,0.0
1062,98419962,0,1,16714457,Crop Dusta,55714246,3070.6,EpisodeType.EPISODE_TYPE_PUBLIC,Crop Dusta,Ryo Hasegawa,120284.0,106255.0,WIN,exact,720,30362293,replays/gold_top10_macro_intent_v1/episode-98419962-replay.json,gold_top10_macro_intent_v1,N190,1,1,0.0
1063,98419962,1,2,16644287,Ryo Hasegawa,55614463,3059.7,EpisodeType.EPISODE_TYPE_PUBLIC,Ryo Hasegawa,Crop Dusta,106255.0,120284.0,LOSS,exact,720,30362293,replays/gold_top10_macro_intent_v1/episode-98419962-replay.json,gold_top10_macro_intent_v1,N013,9,0,0.011292514391243458
1064,98419964,0,1,16714457,Crop Dusta,55714246,3070.6,EpisodeType.EPISODE_TYPE_PUBLIC,Crop Dusta,Subramanya N,109772.0,98138.0,WIN,exact,720,30684590,replays/gold_top10_macro_intent_v1/episode-98419964-replay.json,gold_top10_macro_intent_v1,N247,1,1,0.0
1065,98419964,1,3,16705390,Subramanya N,55616096,2953.5,EpisodeType.EPISODE_TYPE_PUBLIC,Subramanya N,Crop Dusta,98138.0,109772.0,LOSS,exact,720,30684590,replays/gold_top10_macro_intent_v1/episode-98419964-replay.json,gold_top10_macro_intent_v1,N340,1,1,0.0
1066,98419965,1,1,16714457,Crop Dusta,55714246,3070.6,EpisodeType.EPISODE_TYPE_PUBLIC,Crop Dusta,Subramanya N,120393.0,105486.0,WIN,exact,720,30534068,replays/gold_top10_macro_intent_v1/episode-98419965-replay.json,gold_top10_macro_intent_v1,N189,1,1,0.0
1067,98419965,0,3,16705390,Subramanya N,55616096,2953.5,EpisodeType.EPISODE_TYPE_PUBLIC,Subramanya N,Crop Dusta,105486.0,120393.0,LOSS,exact,720,30534068,replays/gold_top10_macro_intent_v1/episode-98419965-replay.json,gold_top10_macro_intent_v1,N262,1,1,0.0
1068,98421944,0,4,16686827,Kronki,55740281,2901.0,EpisodeType.EPISODE_TYPE_PUBLIC,Kronki,Jin Niu,66738.0,54281.0,WIN,exact,720,30822530,replays/gold_top10_macro_intent_v1/episode-98421944-replay.json,gold_top10_macro_intent_v1,N003,247,0,0.0
1069,98422005,1,6,16748154,taiseiu,55739697,2879.3,EpisodeType.EPISODE_TYPE_PUBLIC,taiseiu,shiiin9,71324.0,60034.0,WIN,exact,720,31583295,replays/gold_top10_macro_intent_v1/episode-98422005-replay.json,gold_top10_macro_intent_v1,N001,1764,0,0.0
1070,98424230,0,4,16686827,Kronki,55740281,2901.0,EpisodeType.EPISODE_TYPE_PUBLIC,Kronki,tetsuya,124431.0,117445.0,WIN,exact,720,30247921,replays/gold_top10_macro_intent_v1/episode-98424230-replay.json,gold_top10_macro_intent_v1,N002,260,0,0.0
1071,98424296,1,6,16748154,taiseiu,55739697,2879.3,EpisodeType.EPISODE_TYPE_PUBLIC,taiseiu,Pardheev Krishna,84862.0,73231.0,WIN,exact,720,31698541,replays/gold_top10_macro_intent_v1/episode-98424296-replay.json,gold_top10_macro_intent_v1,N001,1764,0,0.0
1072,98426517,0,4,16686827,Kronki,55740281,2901.0,EpisodeType.EPISODE_TYPE_PUBLIC,Kronki,Emmanuel Lo,80164.0,67909.0,WIN,exact,720,31466480,replays/gold_top10_macro_intent_v1/episode-98426517-replay.json,gold_top10_macro_intent_v1,N003,247,0,0.0
1073,98426591,0,6,16748154,taiseiu,55739697,2879.3,EpisodeType.EPISODE_TYPE_PUBLIC,taiseiu,Sarthak Sharma ,76683.0,62869.0,WIN,exact,720,31477065,replays/gold_top10_macro_intent_v1/episode-98426591-replay.json,gold_top10_macro_intent_v1,N001,1764,0,0.0
1074,98426786,0,8,16655477,Aurora,55729656,2843.0,EpisodeType.EPISODE_TYPE_PUBLIC,Say My Name ?,junseok lee,80192.0,81378.0,LOSS,inferred_alias,720,31522927,replays/gold_top10_macro_intent_v1/episode-98426786-replay.json,gold_top10_macro_intent_v1,N001,1764,0,0.0
1075,98428820,0,4,16686827,Kronki,55740281,2901.0,EpisodeType.EPISODE_TYPE_PUBLIC,Kronki,AAAMIKASA,141186.0,130462.0,WIN,exact,720,31702069,replays/gold_top10_macro_intent_v1/episode-98428820-replay.json,gold_top10_macro_intent_v1,N001,1764,0,0.0
1076,98428880,0,6,16748154,taiseiu,55739697,2879.3,EpisodeType.EPISODE_TYPE_PUBLIC,taiseiu,Jiro314,62935.0,59294.0,WIN,exact,720,30894782,replays/gold_top10_macro_intent_v1/episode-98428880-replay.json,gold_top10_macro_intent_v1,N001,1764,0,0.020570458844304085
1077,98431115,0,4,16686827,Kronki,55740281,2901.0,EpisodeType.EPISODE_TYPE_PUBLIC,Kronki,UnknownRobi,154253.0,151032.0,WIN,exact,720,31465342,replays/gold_top10_macro_intent_v1/episode-98431115-replay.json,gold_top10_macro_intent_v1,N002,260,0,0.0003846340987365693
1078,98431170,1,6,16748154,taiseiu,55739697,2879.3,EpisodeType.EPISODE_TYPE_PUBLIC,taiseiu,tingyu516,81680.0,78817.0,WIN,exact,720,30930968,replays/gold_top10_macro_intent_v1/episode-98431170-replay.json,gold_top10_macro_intent_v1,N001,1764,0,0.020570458844304085
1079,98433403,1,4,16686827,Kronki,55740281,2901.0,EpisodeType.EPISODE_TYPE_PUBLIC,Kronki,1o,56432.0,50469.0,WIN,exact,720,31683281,replays/gold_top10_macro_intent_v1/episode-98433403-replay.json,gold_top10_macro_intent_v1,N001,1764,0,0.0
1080,98433458,1,6,16748154,taiseiu,55739697,2879.3,EpisodeType.EPISODE_TYPE_PUBLIC,taiseiu,Hongxin Su,59002.0,57760.0,WIN,exact,720,30851674,replays/gold_top10_macro_intent_v1/episode-98433458-replay.json,gold_top10_macro_intent_v1,N001,1764,0,0.020570458844304085
1081,98435679,0,4,16686827,Kronki,55740281,2901.0,EpisodeType.EPISODE_TYPE_PUBLIC,Kronki,shyjin,147730.0,139587.0,WIN,exact,720,31575064,replays/gold_top10_macro_intent_v1/episode-98435679-replay.json,gold_top10_macro_intent_v1,N001,1764,0,0.0
1082,98435739,0,6,16748154,taiseiu,55739697,2879.3,EpisodeType.EPISODE_TYPE_PUBLIC,taiseiu,tetsuya,66223.0,75088.0,LOSS,exact,720,30331794,replays/gold_top10_macro_intent_v1/episode-98435739-replay.json,gold_top10_macro_intent_v1,N003,247,0,0.0
1083,98437967,0,4,16686827,Kronki,55740281,2901.0,EpisodeType.EPISODE_TYPE_PUBLIC,Kronki,JAZ COLD HORN,79680.0,74880.0,WIN,exact,720,30927379,replays/gold_top10_macro_intent_v1/episode-98437967-replay.json,gold_top10_macro_intent_v1,N001,1764,0,0.020570458844304085
1084,98438023,0,6,16748154,taiseiu,55739697,2879.3,EpisodeType.EPISODE_TYPE_PUBLIC,taiseiu,カワシギ,118922.0,112017.0,WIN,exact,720,31829279,replays/gold_top10_macro_intent_v1/episode-98438023-replay.json,gold_top10_macro_intent_v1,N001,1764,0,0.0
1085,98440237,1,4,16686827,Kronki,55740281,2901.0,EpisodeType.EPISODE_TYPE_PUBLIC,Kronki,CroDoc,54008.0,50444.0,WIN,exact,720,31447073,replays/gold_top10_macro_intent_v1/episode-98440237-replay.json,gold_top10_macro_intent_v1,N001,1764,0,0.0
1086,98440252,0,4,16686827,Kronki,55740281,2901.0,EpisodeType.EPISODE_TYPE_PUBLIC,Kronki,extra eclaire,141865.0,135571.0,WIN,exact,720,31745912,replays/gold_top10_macro_intent_v1/episode-98440252-replay.json,gold_top10_macro_intent_v1,N001,1764,0,0.0
1087,98440306,0,6,16748154,taiseiu,55739697,2879.3,EpisodeType.EPISODE_TYPE_PUBLIC,taiseiu,Lucien de Rubempre,114158.0,107463.0,WIN,exact,720,30128590,replays/gold_top10_macro_intent_v1/episode-98440306-replay.json,gold_top10_macro_intent_v1,N001,1764,0,0.0
1088,98442555,1,4,16686827,Kronki,55740281,2901.0,EpisodeType.EPISODE_TYPE_PUBLIC,Kronki,ktyser,72989.0,61017.0,WIN,exact,720,31696439,replays/gold_top10_macro_intent_v1/episode-98442555-replay.json,gold_top10_macro_intent_v1,N001,1764,0,0.0
1089,98442605,0,6,16748154,taiseiu,55739697,2879.3,EpisodeType.EPISODE_TYPE_PUBLIC,taiseiu,Izzoudine Mohamed KANTA,68776.0,66164.0,WIN,exact,720,31457212,replays/gold_top10_macro_intent_v1/episode-98442605-replay.json,gold_top10_macro_intent_v1,N003,247,0,0.0
1090,98444826,0,6,16748154,taiseiu,55739697,2879.3,EpisodeType.EPISODE_TYPE_PUBLIC,taiseiu,Lucien de Rubempre,143194.0,133052.0,WIN,exact,720,30118866,replays/gold_top10_macro_intent_v1/episode-98444826-replay.json,gold_top10_macro_intent_v1,N001,1764,0,0.0
1091,98444851,0,6,16748154,taiseiu,55739697,2879.3,EpisodeType.EPISODE_TYPE_PUBLIC,taiseiu,Bharath Varma,85515.0,85515.0,TIE,exact,720,32664771,replays/gold_top10_macro_intent_v1/episode-98444851-replay.json,gold_top10_macro_intent_v1,N001,1764,0,0.0
1092,98444930,0,4,16686827,Kronki,55740281,2901.0,EpisodeType.EPISODE_TYPE_PUBLIC,Kronki,カワシギ,49342.0,51241.0,LOSS,exact,720,31968810,replays/gold_top10_macro_intent_v1/episode-98444930-replay.json,gold_top10_macro_intent_v1,N001,1764,0,0.0
1093,98447151,0,4,16686827,Kronki,55740281,2901.0,EpisodeType.EPISODE_TYPE_PUBLIC,Kronki,extra eclaire,94186.0,86279.0,WIN,exact,720,31712196,replays/gold_top10_macro_intent_v1/episode-98447151-replay.json,gold_top10_macro_intent_v1,N001,1764,0,0.0
1094,98447202,1,6,16748154,taiseiu,55739697,2879.3,EpisodeType.EPISODE_TYPE_PUBLIC,taiseiu,Ryo Hasegawa,41266.0,44018.0,LOSS,exact,720,32031694,replays/gold_top10_macro_intent_v1/episode-98447202-replay.json,gold_top10_macro_intent_v1,N001,1764,0,0.0
1095,98449450,1,4,16686827,Kronki,55740281,2901.0,EpisodeType.EPISODE_TYPE_PUBLIC,Kronki,saikyo,54500.0,52199.0,WIN,exact,720,31677477,replays/gold_top10_macro_intent_v1/episode-98449450-replay.json,gold_top10_macro_intent_v1,N001,1764,0,0.0
1096,98449497,1,6,16748154,taiseiu,55739697,2879.3,EpisodeType.EPISODE_TYPE_PUBLIC,taiseiu,lelelove1225,128813.0,118669.0,WIN,exact,720,31703432,replays/gold_top10_macro_intent_v1/episode-98449497-replay.json,gold_top10_macro_intent_v1,N001,1764,0,0.0
1097,98451750,0,4,16686827,Kronki,55740281,2901.0,EpisodeType.EPISODE_TYPE_PUBLIC,Kronki,ziliangCok,73926.0,54524.0,WIN,exact,720,31262866,replays/gold_top10_macro_intent_v1/episode-98451750-replay.json,gold_top10_macro_intent_v1,N002,260,0,0.0
1098,98451787,0,6,16748154,taiseiu,55739697,2879.3,EpisodeType.EPISODE_TYPE_PUBLIC,taiseiu,Izzoudine Mohamed KANTA,80912.0,70612.0,WIN,exact,720,31490208,replays/gold_top10_macro_intent_v1/episode-98451787-replay.json,gold_top10_macro_intent_v1,N002,260,0,0.0
1099,98454044,1,4,16686827,Kronki,55740281,2901.0,EpisodeType.EPISODE_TYPE_PUBLIC,Kronki,Xiaowenhao404,99493.0,93195.0,WIN,exact,720,31708904,replays/gold_top10_macro_intent_v1/episode-98454044-replay.json,gold_top10_macro_intent_v1,N001,1764,0,0.0
1100,98454090,1,6,16748154,taiseiu,55739697,2879.3,EpisodeType.EPISODE_TYPE_PUBLIC,taiseiu,satoooh,94938.0,93748.0,WIN,exact,720,31042892,replays/gold_top10_macro_intent_v1/episode-98454090-replay.json,gold_top10_macro_intent_v1,N001,1764,0,0.020570458844304085
1101,98456337,1,4,16686827,Kronki,55740281,2901.0,EpisodeType.EPISODE_TYPE_PUBLIC,Kronki,ReCurSiON,92746.0,86997.0,WIN,exact,720,31398019,replays/gold_top10_macro_intent_v1/episode-98456337-replay.json,gold_top10_macro_intent_v1,N003,247,0,0.0
1102,98456378,1,6,16748154,taiseiu,55739697,2879.3,EpisodeType.EPISODE_TYPE_PUBLIC,taiseiu,Egor Trushin,40486.0,39232.0,WIN,exact,720,30918275,replays/gold_top10_macro_intent_v1/episode-98456378-replay.json,gold_top10_macro_intent_v1,N001,1764,0,0.020570458844304085
1103,98458623,0,4,16686827,Kronki,55740281,2901.0,EpisodeType.EPISODE_TYPE_PUBLIC,Kronki,lelelove1225,68674.0,42712.0,WIN,exact,720,31437972,replays/gold_top10_macro_intent_v1/episode-98458623-replay.json,gold_top10_macro_intent_v1,N002,260,0,0.0
1104,98458664,1,6,16748154,taiseiu,55739697,2879.3,EpisodeType.EPISODE_TYPE_PUBLIC,taiseiu,StackKnight,99099.0,92971.0,WIN,exact,720,31412946,replays/gold_top10_macro_intent_v1/episode-98458664-replay.json,gold_top10_macro_intent_v1,N002,260,0,0.0
1105,98460918,1,4,16686827,Kronki,55740281,2901.0,EpisodeType.EPISODE_TYPE_PUBLIC,Kronki,Efe Can Celiksoy,103204.0,92055.0,WIN,exact,720,31823739,replays/gold_top10_macro_intent_v1/episode-98460918-replay.json,gold_top10_macro_intent_v1,N001,1764,0,0.0
1106,98460964,1,6,16748154,taiseiu,55739697,2879.3,EpisodeType.EPISODE_TYPE_PUBLIC,taiseiu,test_money,81824.0,75667.0,WIN,exact,720,28910957,replays/gold_top10_macro_intent_v1/episode-98460964-replay.json,gold_top10_macro_intent_v1,N003,247,0,0.026244107633829117
1107,98461008,1,9,16762957,Yizuki,55731561,2840.2,EpisodeType.EPISODE_TYPE_PUBLIC,Yizuki,Chiranjieev,61169.0,65528.0,LOSS,exact,720,31519353,replays/gold_top10_macro_intent_v1/episode-98461008-replay.json,gold_top10_macro_intent_v1,N001,1764,0,0.0
1108,98463236,1,4,16686827,Kronki,55740281,2901.0,EpisodeType.EPISODE_TYPE_PUBLIC,Kronki,lelelove1225,64006.0,60940.0,WIN,exact,720,31611345,replays/gold_top10_macro_intent_v1/episode-98463236-replay.json,gold_top10_macro_intent_v1,N001,1764,0,0.0
1109,98463302,1,6,16748154,taiseiu,55739697,2879.3,EpisodeType.EPISODE_TYPE_PUBLIC,taiseiu,OceanMix,159816.0,157665.0,WIN,exact,720,30314479,replays/gold_top10_macro_intent_v1/episode-98463302-replay.json,gold_top10_macro_intent_v1,N002,260,0,0.0
1110,98465481,0,4,16686827,Kronki,55740281,2901.0,EpisodeType.EPISODE_TYPE_PUBLIC,Kronki,XW,80893.0,78879.0,WIN,exact,720,30946825,replays/gold_top10_macro_intent_v1/episode-98465481-replay.json,gold_top10_macro_intent_v1,N001,1764,0,0.0
1111,98465536,1,6,16748154,taiseiu,55739697,2879.3,EpisodeType.EPISODE_TYPE_PUBLIC,taiseiu,ActiveMusyoku,72905.0,68103.0,WIN,exact,720,30303504,replays/gold_top10_macro_intent_v1/episode-98465536-replay.json,gold_top10_macro_intent_v1,N002,260,0,0.0
1112,98467765,1,4,16686827,Kronki,55740281,2901.0,EpisodeType.EPISODE_TYPE_PUBLIC,Kronki,fufufukakaka,87170.0,52047.0,WIN,exact,720,27461693,replays/gold_top10_macro_intent_v1/episode-98467765-replay.json,gold_top10_macro_intent_v1,N001,1764,0,0.0
1113,98467802,1,6,16748154,taiseiu,55739697,2879.3,EpisodeType.EPISODE_TYPE_PUBLIC,taiseiu,Ryo Hasegawa,60916.0,65761.0,LOSS,exact,720,31107370,replays/gold_top10_macro_intent_v1/episode-98467802-replay.json,gold_top10_macro_intent_v1,N003,247,0,0.018772263079881668
1114,98470050,0,4,16686827,Kronki,55740281,2901.0,EpisodeType.EPISODE_TYPE_PUBLIC,Kronki,Kaan Dınız,109534.0,101441.0,WIN,exact,720,31662298,replays/gold_top10_macro_intent_v1/episode-98470050-replay.json,gold_top10_macro_intent_v1,N001,1764,0,0.0
1115,98470099,1,6,16748154,taiseiu,55739697,2879.3,EpisodeType.EPISODE_TYPE_PUBLIC,taiseiu,Yizuki,91740.0,102557.0,LOSS,exact,720,30819648,replays/gold_top10_macro_intent_v1/episode-98470099-replay.json,gold_top10_macro_intent_v1,N001,1764,0,0.020570458844304085
1116,98470099,0,9,16762957,Yizuki,55731561,2840.2,EpisodeType.EPISODE_TYPE_PUBLIC,Yizuki,taiseiu,102557.0,91740.0,WIN,exact,720,30819648,replays/gold_top10_macro_intent_v1/episode-98470099-replay.json,gold_top10_macro_intent_v1,N001,1764,0,0.0
1117,98472333,0,4,16686827,Kronki,55740281,2901.0,EpisodeType.EPISODE_TYPE_PUBLIC,Kronki,satoooh,73325.0,65503.0,WIN,exact,720,31460669,replays/gold_top10_macro_intent_v1/episode-98472333-replay.json,gold_top10_macro_intent_v1,N001,1764,0,0.0
1118,98472381,0,6,16748154,taiseiu,55739697,2879.3,EpisodeType.EPISODE_TYPE_PUBLIC,taiseiu,OceanMix,98766.0,99186.0,LOSS,exact,720,32416723,replays/gold_top10_macro_intent_v1/episode-98472381-replay.json,gold_top10_macro_intent_v1,N001,1764,0,0.0
1119,98472440,1,4,16686827,Kronki,55740281,2901.0,EpisodeType.EPISODE_TYPE_PUBLIC,Kronki,Bharath Varma,89907.0,87177.0,WIN,exact,720,30938249,replays/gold_top10_macro_intent_v1/episode-98472440-replay.json,gold_top10_macro_intent_v1,N001,1764,0,0.020570458844304085
1120,98472463,0,5,16711376,Arman Tuganbaev,55617399,2897.3,EpisodeType.EPISODE_TYPE_PUBLIC,Arman Tuganbaev,Kaileh57,88941.0,103917.0,LOSS,exact,720,31030720,replays/gold_top10_macro_intent_v1/episode-98472463-replay.json,gold_top10_macro_intent_v1,N028,5,0,0.09029187262058258
1121,98474622,1,4,16686827,Kronki,55740281,2901.0,EpisodeType.EPISODE_TYPE_PUBLIC,Kronki,Emre Cirak,87360.0,79137.0,WIN,exact,720,30772346,replays/gold_top10_macro_intent_v1/episode-98474622-replay.json,gold_top10_macro_intent_v1,N003,247,0,0.0
1122,98474665,0,6,16748154,taiseiu,55739697,2879.3,EpisodeType.EPISODE_TYPE_PUBLIC,taiseiu,Ueddy,91478.0,90248.0,WIN,exact,720,31016958,replays/gold_top10_macro_intent_v1/episode-98474665-replay.json,gold_top10_macro_intent_v1,N001,1764,0,0.020570458844304085
1123,98476916,1,4,16686827,Kronki,55740281,2901.0,EpisodeType.EPISODE_TYPE_PUBLIC,Kronki,カワシギ,51932.0,47821.0,WIN,exact,720,31941431,replays/gold_top10_macro_intent_v1/episode-98476916-replay.json,gold_top10_macro_intent_v1,N001,1764,0,0.0
1124,98476940,1,6,16748154,taiseiu,55739697,2879.3,EpisodeType.EPISODE_TYPE_PUBLIC,taiseiu,Kazama Yusuke,113825.0,112441.0,WIN,exact,720,30281122,replays/gold_top10_macro_intent_v1/episode-98476940-replay.json,gold_top10_macro_intent_v1,N002,260,0,0.0
1125,98479207,0,4,16686827,Kronki,55740281,2901.0,EpisodeType.EPISODE_TYPE_PUBLIC,Kronki,Xiaowenhao404,95528.0,83417.0,WIN,exact,720,31590935,replays/gold_top10_macro_intent_v1/episode-98479207-replay.json,gold_top10_macro_intent_v1,N002,260,0,0.0
1126,98479237,1,6,16748154,taiseiu,55739697,2879.3,EpisodeType.EPISODE_TYPE_PUBLIC,taiseiu,Ryo Hasegawa,100834.0,101746.0,LOSS,exact,720,31136673,replays/gold_top10_macro_intent_v1/episode-98479237-replay.json,gold_top10_macro_intent_v1,N003,247,0,0.0003703734546434134
1127,98479274,0,4,16686827,Kronki,55740281,2901.0,EpisodeType.EPISODE_TYPE_PUBLIC,Kronki,Chiranjieev,57598.0,64398.0,LOSS,exact,720,30404247,replays/gold_top10_macro_intent_v1/episode-98479274-replay.json,gold_top10_macro_intent_v1,N001,1764,0,0.020570458844304085
1128,98481480,0,4,16686827,Kronki,55740281,2901.0,EpisodeType.EPISODE_TYPE_PUBLIC,Kronki,test_money,115996.0,110210.0,WIN,exact,720,30778501,replays/gold_top10_macro_intent_v1/episode-98481480-replay.json,gold_top10_macro_intent_v1,N003,247,0,0.0
1129,98481522,1,6,16748154,taiseiu,55739697,2879.3,EpisodeType.EPISODE_TYPE_PUBLIC,taiseiu,test_money,69791.0,69912.0,LOSS,exact,720,31012071,replays/gold_top10_macro_intent_v1/episode-98481522-replay.json,gold_top10_macro_intent_v1,N001,1764,0,0.020570458844304085
1130,98483771,1,4,16686827,Kronki,55740281,2901.0,EpisodeType.EPISODE_TYPE_PUBLIC,Kronki,test_money,71765.0,65775.0,WIN,exact,720,30771154,replays/gold_top10_macro_intent_v1/episode-98483771-replay.json,gold_top10_macro_intent_v1,N003,247,0,0.0
1131,98483801,0,6,16748154,taiseiu,55739697,2879.3,EpisodeType.EPISODE_TYPE_PUBLIC,taiseiu,Ueddy,89290.0,87693.0,WIN,exact,720,32662495,replays/gold_top10_macro_intent_v1/episode-98483801-replay.json,gold_top10_macro_intent_v1,N001,1764,0,0.0
1132,98486063,0,4,16686827,Kronki,55740281,2901.0,EpisodeType.EPISODE_TYPE_PUBLIC,Kronki,nao.kwmr,158772.0,136440.0,WIN,exact,720,30789932,replays/gold_top10_macro_intent_v1/episode-98486063-replay.json,gold_top10_macro_intent_v1,N001,1764,0,0.0
1133,98486103,1,6,16748154,taiseiu,55739697,2879.3,EpisodeType.EPISODE_TYPE_PUBLIC,taiseiu,TerraLogic Labs,51573.0,50077.0,WIN,exact,720,30909899,replays/gold_top10_macro_intent_v1/episode-98486103-replay.json,gold_top10_macro_intent_v1,N001,1764,0,0.026970459148287773
1134,98486103,0,8,16655477,Aurora,55729656,2843.0,EpisodeType.EPISODE_TYPE_PUBLIC,TerraLogic Labs,taiseiu,50077.0,51573.0,LOSS,inferred_alias,720,30909899,replays/gold_top10_macro_intent_v1/episode-98486103-replay.json,gold_top10_macro_intent_v1,N001,1764,0,0.006399999838322401
1135,98488337,1,4,16686827,Kronki,55740281,2901.0,EpisodeType.EPISODE_TYPE_PUBLIC,Kronki,Nat00,95378.0,92129.0,WIN,exact,720,31457934,replays/gold_top10_macro_intent_v1/episode-98488337-replay.json,gold_top10_macro_intent_v1,N001,1764,0,0.0
1136,98488349,1,4,16686827,Kronki,55740281,2901.0,EpisodeType.EPISODE_TYPE_PUBLIC,Kronki,ActiveMusyoku,96311.0,91010.0,WIN,exact,720,30241321,replays/gold_top10_macro_intent_v1/episode-98488349-replay.json,gold_top10_macro_intent_v1,N002,260,0,0.0
1137,98488387,1,6,16748154,taiseiu,55739697,2879.3,EpisodeType.EPISODE_TYPE_PUBLIC,taiseiu,Ömer Faruk Yüce,56278.0,55403.0,WIN,exact,720,31016654,replays/gold_top10_macro_intent_v1/episode-98488387-replay.json,gold_top10_macro_intent_v1,N001,1764,0,0.020570458844304085
1138,98488484,1,2,16644287,Ryo Hasegawa,55614463,3059.7,EpisodeType.EPISODE_TYPE_PUBLIC,Ryo Hasegawa,Crop Dusta,133369.0,136103.0,LOSS,exact,720,30954868,replays/gold_top10_macro_intent_v1/episode-98488484-replay.json,gold_top10_macro_intent_v1,N016,8,0,0.036113910377025604
1139,98488485,0,3,16705390,Subramanya N,55616096,2953.5,EpisodeType.EPISODE_TYPE_PUBLIC,Subramanya N,Crop Dusta,53524.0,59312.0,LOSS,exact,720,29595672,replays/gold_top10_macro_intent_v1/episode-98488485-replay.json,gold_top10_macro_intent_v1,N675,1,1,0.0
1140,98488486,0,1,16714457,Crop Dusta,55714246,3070.6,EpisodeType.EPISODE_TYPE_PUBLIC,Crop Dusta,junseok lee,93946.0,95202.0,LOSS,exact,720,31918301,replays/gold_top10_macro_intent_v1/episode-98488486-replay.json,gold_top10_macro_intent_v1,N375,1,1,0.0
1141,98488487,0,3,16705390,Subramanya N,55616096,2953.5,EpisodeType.EPISODE_TYPE_PUBLIC,Subramanya N,Crop Dusta,70802.0,78208.0,LOSS,exact,720,29475263,replays/gold_top10_macro_intent_v1/episode-98488487-replay.json,gold_top10_macro_intent_v1,N589,1,1,0.0
1142,98490646,1,4,16686827,Kronki,55740281,2901.0,EpisodeType.EPISODE_TYPE_PUBLIC,Kronki,Bharath Varma,75787.0,76599.0,LOSS,exact,720,30296028,replays/gold_top10_macro_intent_v1/episode-98490646-replay.json,gold_top10_macro_intent_v1,N002,260,0,0.0
1143,98490684,1,6,16748154,taiseiu,55739697,2879.3,EpisodeType.EPISODE_TYPE_PUBLIC,taiseiu,junseok lee,73879.0,70077.0,WIN,exact,720,31401749,replays/gold_top10_macro_intent_v1/episode-98490684-replay.json,gold_top10_macro_intent_v1,N001,1764,0,0.0
1144,98492939,0,4,16686827,Kronki,55740281,2901.0,EpisodeType.EPISODE_TYPE_PUBLIC,Kronki,Tagir Analyzes,96769.0,80202.0,WIN,exact,720,30952428,replays/gold_top10_macro_intent_v1/episode-98492939-replay.json,gold_top10_macro_intent_v1,N001,1764,0,0.0
1145,98492966,0,6,16748154,taiseiu,55739697,2879.3,EpisodeType.EPISODE_TYPE_PUBLIC,taiseiu,Chiranjieev,51098.0,51098.0,TIE,exact,720,30920909,replays/gold_top10_macro_intent_v1/episode-98492966-replay.json,gold_top10_macro_intent_v1,N001,1764,0,0.020570458844304085
1146,98495232,0,4,16686827,Kronki,55740281,2901.0,EpisodeType.EPISODE_TYPE_PUBLIC,Kronki,Ueddy,87929.0,81165.0,WIN,exact,720,31462316,replays/gold_top10_macro_intent_v1/episode-98495232-replay.json,gold_top10_macro_intent_v1,N001,1764,0,0.0
1147,98495259,0,6,16748154,taiseiu,55739697,2879.3,EpisodeType.EPISODE_TYPE_PUBLIC,taiseiu,test_money,115186.0,109526.0,WIN,exact,720,28915751,replays/gold_top10_macro_intent_v1/episode-98495259-replay.json,gold_top10_macro_intent_v1,N003,247,0,0.026244107633829117
1148,98497519,0,4,16686827,Kronki,55740281,2901.0,EpisodeType.EPISODE_TYPE_PUBLIC,Kronki,tetsuya,57532.0,68059.0,LOSS,exact,720,31434450,replays/gold_top10_macro_intent_v1/episode-98497519-replay.json,gold_top10_macro_intent_v1,N001,1764,0,0.0
1149,98497557,0,6,16748154,taiseiu,55739697,2879.3,EpisodeType.EPISODE_TYPE_PUBLIC,taiseiu,Arman Tuganbaev,99178.0,107286.0,LOSS,exact,720,30805004,replays/gold_top10_macro_intent_v1/episode-98497557-replay.json,gold_top10_macro_intent_v1,N002,260,0,0.0
1150,98499802,1,4,16686827,Kronki,55740281,2901.0,EpisodeType.EPISODE_TYPE_PUBLIC,Kronki,カワシギ,127889.0,120304.0,WIN,exact,720,31805468,replays/gold_top10_macro_intent_v1/episode-98499802-replay.json,gold_top10_macro_intent_v1,N001,1764,0,0.0
1151,98499838,0,6,16748154,taiseiu,55739697,2879.3,EpisodeType.EPISODE_TYPE_PUBLIC,taiseiu,Ueddy,96408.0,96288.0,WIN,exact,720,30862029,replays/gold_top10_macro_intent_v1/episode-98499838-replay.json,gold_top10_macro_intent_v1,N001,1764,0,0.020570458844304085
1152,98502097,1,4,16686827,Kronki,55740281,2901.0,EpisodeType.EPISODE_TYPE_PUBLIC,Kronki,nao.kwmr,65226.0,64793.0,WIN,exact,720,30926722,replays/gold_top10_macro_intent_v1/episode-98502097-replay.json,gold_top10_macro_intent_v1,N001,1764,0,0.020570458844304085
1153,98502161,1,6,16748154,taiseiu,55739697,2879.3,EpisodeType.EPISODE_TYPE_PUBLIC,taiseiu,Ömer Faruk Yüce,75143.0,72126.0,WIN,exact,720,30946615,replays/gold_top10_macro_intent_v1/episode-98502161-replay.json,gold_top10_macro_intent_v1,N001,1764,0,0.020570458844304085
1154,98504390,1,4,16686827,Kronki,55740281,2901.0,EpisodeType.EPISODE_TYPE_PUBLIC,Kronki,Bharath Varma,75886.0,76230.0,LOSS,exact,720,30940058,replays/gold_top10_macro_intent_v1/episode-98504390-replay.json,gold_top10_macro_intent_v1,N001,1764,0,0.020570458844304085
1155,98504416,1,6,16748154,taiseiu,55739697,2879.3,EpisodeType.EPISODE_TYPE_PUBLIC,taiseiu,Yizuki,127191.0,124574.0,WIN,exact,720,31534825,replays/gold_top10_macro_intent_v1/episode-98504416-replay.json,gold_top10_macro_intent_v1,N001,1764,0,0.0
1156,98504416,0,9,16762957,Yizuki,55731561,2840.2,EpisodeType.EPISODE_TYPE_PUBLIC,Yizuki,taiseiu,124574.0,127191.0,LOSS,exact,720,31534825,replays/gold_top10_macro_intent_v1/episode-98504416-replay.json,gold_top10_macro_intent_v1,N001,1764,0,0.0
1157,98506741,1,4,16686827,Kronki,55740281,2901.0,EpisodeType.EPISODE_TYPE_PUBLIC,Kronki,Ueddy,113839.0,110431.0,WIN,exact,720,30302993,replays/gold_top10_macro_intent_v1/episode-98506741-replay.json,gold_top10_macro_intent_v1,N002,260,0,0.0
1158,98508978,0,4,16686827,Kronki,55740281,2901.0,EpisodeType.EPISODE_TYPE_PUBLIC,Kronki,Bharath Varma,101312.0,102042.0,LOSS,exact,720,30303974,replays/gold_top10_macro_intent_v1/episode-98508978-replay.json,gold_top10_macro_intent_v1,N002,260,0,0.0
1159,98511274,1,4,16686827,Kronki,55740281,2901.0,EpisodeType.EPISODE_TYPE_PUBLIC,Kronki,Yizuki,101643.0,100333.0,WIN,exact,720,30310631,replays/gold_top10_macro_intent_v1/episode-98511274-replay.json,gold_top10_macro_intent_v1,N002,260,0,0.0
1160,98511274,0,9,16762957,Yizuki,55731561,2840.2,EpisodeType.EPISODE_TYPE_PUBLIC,Yizuki,Kronki,100333.0,101643.0,LOSS,exact,720,30310631,replays/gold_top10_macro_intent_v1/episode-98511274-replay.json,gold_top10_macro_intent_v1,N002,260,0,0.0
1161,98529438,0,6,16748154,taiseiu,55739697,2879.3,EpisodeType.EPISODE_TYPE_PUBLIC,taiseiu,u,104085.0,100561.0,WIN,exact,720,30953338,replays/gold_top10_macro_intent_v1/episode-98529438-replay.json,gold_top10_macro_intent_v1,N003,247,0,0.006806349381804466
1162,98536426,0,4,16686827,Kronki,55740281,2901.0,EpisodeType.EPISODE_TYPE_PUBLIC,Kronki,CroDoc,102201.0,101023.0,WIN,exact,720,30270053,replays/gold_top10_macro_intent_v1/episode-98536426-replay.json,gold_top10_macro_intent_v1,N002,260,0,0.0
1163,98545571,0,5,16711376,Arman Tuganbaev,55617399,2897.3,EpisodeType.EPISODE_TYPE_PUBLIC,Arman Tuganbaev,u,64899.0,54668.0,WIN,exact,720,30882563,replays/gold_top10_macro_intent_v1/episode-98545571-replay.json,gold_top10_macro_intent_v1,N050,3,0,0.058674201369285583
1164,98561497,0,5,16711376,Arman Tuganbaev,55617399,2897.3,EpisodeType.EPISODE_TYPE_PUBLIC,Arman Tuganbaev,TerraLogic Labs,66433.0,62360.0,WIN,exact,720,30469301,replays/gold_top10_macro_intent_v1/episode-98561497-replay.json,gold_top10_macro_intent_v1,N050,3,0,0.09533409029245377
1165,98561497,1,8,16655477,Aurora,55729656,2843.0,EpisodeType.EPISODE_TYPE_PUBLIC,TerraLogic Labs,Arman Tuganbaev,62360.0,66433.0,LOSS,inferred_alias,720,30469301,replays/gold_top10_macro_intent_v1/episode-98561497-replay.json,gold_top10_macro_intent_v1,N001,1764,0,0.0
1166,98563772,1,2,16644287,Ryo Hasegawa,55614463,3059.7,EpisodeType.EPISODE_TYPE_PUBLIC,Ryo Hasegawa,Crop Dusta,129630.0,124472.0,WIN,exact,720,31760156,replays/gold_top10_macro_intent_v1/episode-98563772-replay.json,gold_top10_macro_intent_v1,N043,3,1,0.0
1167,98563775,0,1,16714457,Crop Dusta,55714246,3070.6,EpisodeType.EPISODE_TYPE_PUBLIC,Crop Dusta,Ryo Hasegawa,115216.0,121463.0,LOSS,exact,720,31274394,replays/gold_top10_macro_intent_v1/episode-98563775-replay.json,gold_top10_macro_intent_v1,N217,1,1,0.0
1168,98563775,1,2,16644287,Ryo Hasegawa,55614463,3059.7,EpisodeType.EPISODE_TYPE_PUBLIC,Ryo Hasegawa,Crop Dusta,121463.0,115216.0,WIN,exact,720,31274394,replays/gold_top10_macro_intent_v1/episode-98563775-replay.json,gold_top10_macro_intent_v1,N067,2,0,0.07721897214651108
1169,98563777,1,1,16714457,Crop Dusta,55714246,3070.6,EpisodeType.EPISODE_TYPE_PUBLIC,Crop Dusta,Subramanya N,83932.0,69875.0,WIN,exact,720,30563607,replays/gold_top10_macro_intent_v1/episode-98563777-replay.json,gold_top10_macro_intent_v1,N462,1,1,0.0
1170,98563777,0,3,16705390,Subramanya N,55616096,2953.5,EpisodeType.EPISODE_TYPE_PUBLIC,Subramanya N,Crop Dusta,69875.0,83932.0,LOSS,exact,720,30563607,replays/gold_top10_macro_intent_v1/episode-98563777-replay.json,gold_top10_macro_intent_v1,N594,1,1,0.0
1171,98566108,1,6,16748154,taiseiu,55739697,2879.3,EpisodeType.EPISODE_TYPE_PUBLIC,taiseiu,tetsuya,78933.0,72694.0,WIN,exact,720,31413558,replays/gold_top10_macro_intent_v1/episode-98566108-replay.json,gold_top10_macro_intent_v1,N001,1764,0,0.0
1172,98568383,0,4,16686827,Kronki,55740281,2901.0,EpisodeType.EPISODE_TYPE_PUBLIC,Kronki,Chiranjieev,98695.0,96546.0,WIN,exact,720,30938662,replays/gold_top10_macro_intent_v1/episode-98568383-replay.json,gold_top10_macro_intent_v1,N001,1764,0,0.020570458844304085
1173,98584307,0,6,16748154,taiseiu,55739697,2879.3,EpisodeType.EPISODE_TYPE_PUBLIC,taiseiu,Yizuki,74340.0,70356.0,WIN,exact,720,31528376,replays/gold_top10_macro_intent_v1/episode-98584307-replay.json,gold_top10_macro_intent_v1,N001,1764,0,0.0
1174,98584307,1,9,16762957,Yizuki,55731561,2840.2,EpisodeType.EPISODE_TYPE_PUBLIC,Yizuki,taiseiu,70356.0,74340.0,LOSS,exact,720,31528376,replays/gold_top10_macro_intent_v1/episode-98584307-replay.json,gold_top10_macro_intent_v1,N001,1764,0,0.0
1175,98588947,0,10,16663649,Akhil Chinta,55749148,2837.2,EpisodeType.EPISODE_TYPE_VALIDATION,Akhil Chinta,Akhil Chinta,64098.0,64098.0,TIE,exact,720,31099238,replays/gold_top10_macro_intent_v1/episode-98588947-replay.json,gold_top10_macro_intent_v1,N001,1764,0,0.020570458844304085
1176,98588947,1,10,16663649,Akhil Chinta,55749148,2837.2,EpisodeType.EPISODE_TYPE_VALIDATION,Akhil Chinta,Akhil Chinta,64098.0,64098.0,TIE,exact,720,31099238,replays/gold_top10_macro_intent_v1/episode-98588947-replay.json,gold_top10_macro_intent_v1,N001,1764,0,0.020570458844304085
1177,98590914,1,10,16663649,Akhil Chinta,55749148,2837.2,EpisodeType.EPISODE_TYPE_PUBLIC,Akhil Chinta,Watary0927,151004.0,65019.0,WIN,exact,720,27817674,replays/gold_top10_macro_intent_v1/episode-98590914-replay.json,gold_top10_macro_intent_v1,N001,1764,0,0.0
1178,98593199,1,10,16663649,Akhil Chinta,55749148,2837.2,EpisodeType.EPISODE_TYPE_PUBLIC,Akhil Chinta,Phú Nhân Nguyễn,164420.0,82485.0,WIN,exact,720,28737888,replays/gold_top10_macro_intent_v1/episode-98593199-replay.json,gold_top10_macro_intent_v1,N002,260,0,0.0
1179,98595447,1,10,16663649,Akhil Chinta,55749148,2837.2,EpisodeType.EPISODE_TYPE_PUBLIC,Akhil Chinta,Sooriya Senthilkumar,162241.0,80839.0,WIN,exact,720,31342515,replays/gold_top10_macro_intent_v1/episode-98595447-replay.json,gold_top10_macro_intent_v1,N003,247,0,0.0
1180,98597707,0,10,16663649,Akhil Chinta,55749148,2837.2,EpisodeType.EPISODE_TYPE_PUBLIC,Akhil Chinta,SG4265,97307.0,67924.0,WIN,exact,720,25117060,replays/gold_top10_macro_intent_v1/episode-98597707-replay.json,gold_top10_macro_intent_v1,N003,247,0,0.0
1181,98599976,0,10,16663649,Akhil Chinta,55749148,2837.2,EpisodeType.EPISODE_TYPE_PUBLIC,Akhil Chinta,UwU,134780.0,111021.0,WIN,exact,720,30118927,replays/gold_top10_macro_intent_v1/episode-98599976-replay.json,gold_top10_macro_intent_v1,N001,1764,0,0.020570458844304085
1182,98602253,0,10,16663649,Akhil Chinta,55749148,2837.2,EpisodeType.EPISODE_TYPE_PUBLIC,Akhil Chinta,Kazama Yusuke,59223.0,53573.0,WIN,exact,720,30885628,replays/gold_top10_macro_intent_v1/episode-98602253-replay.json,gold_top10_macro_intent_v1,N001,1764,0,0.020570458844304085
1183,98604522,0,10,16663649,Akhil Chinta,55749148,2837.2,EpisodeType.EPISODE_TYPE_PUBLIC,Akhil Chinta,Vishwamitra Mishra,83442.0,76133.0,WIN,exact,720,29868667,replays/gold_top10_macro_intent_v1/episode-98604522-replay.json,gold_top10_macro_intent_v1,N001,1764,0,0.0
1184,98604809,1,4,16686827,Kronki,55740281,2901.0,EpisodeType.EPISODE_TYPE_PUBLIC,Kronki,CroDoc,124635.0,124180.0,WIN,exact,720,32585648,replays/gold_top10_macro_intent_v1/episode-98604809-replay.json,gold_top10_macro_intent_v1,N001,1764,0,0.0
1185,98606800,0,10,16663649,Akhil Chinta,55749148,2837.2,EpisodeType.EPISODE_TYPE_PUBLIC,Akhil Chinta,Grzegorz Sionkowski,126809.0,95191.0,WIN,exact,720,30635197,replays/gold_top10_macro_intent_v1/episode-98606800-replay.json,gold_top10_macro_intent_v1,N001,1764,0,0.0
1186,98609085,1,10,16663649,Akhil Chinta,55749148,2837.2,EpisodeType.EPISODE_TYPE_PUBLIC,Akhil Chinta,typeIIIfairy,101070.0,74074.0,WIN,exact,720,31837949,replays/gold_top10_macro_intent_v1/episode-98609085-replay.json,gold_top10_macro_intent_v1,N001,1764,0,0.005199999548494816
1187,98611347,0,10,16663649,Akhil Chinta,55749148,2837.2,EpisodeType.EPISODE_TYPE_PUBLIC,Akhil Chinta,Saulo Quiñones Góngora,62696.0,60392.0,WIN,exact,720,31953827,replays/gold_top10_macro_intent_v1/episode-98611347-replay.json,gold_top10_macro_intent_v1,N001,1764,0,0.0
1188,98613625,0,10,16663649,Akhil Chinta,55749148,2837.2,EpisodeType.EPISODE_TYPE_PUBLIC,Akhil Chinta,Marco DG,97282.0,84564.0,WIN,exact,720,31198563,replays/gold_top10_macro_intent_v1/episode-98613625-replay.json,gold_top10_macro_intent_v1,N002,260,0,0.0
1189,98615900,1,10,16663649,Akhil Chinta,55749148,2837.2,EpisodeType.EPISODE_TYPE_PUBLIC,Akhil Chinta,Ugnė Miklovaitė,119007.0,109151.0,WIN,exact,720,31473256,replays/gold_top10_macro_intent_v1/episode-98615900-replay.json,gold_top10_macro_intent_v1,N002,260,0,0.0
1190,98615935,0,10,16663649,Akhil Chinta,55749148,2837.2,EpisodeType.EPISODE_TYPE_PUBLIC,Akhil Chinta,ikevayansky,79814.0,76304.0,WIN,exact,720,31535245,replays/gold_top10_macro_intent_v1/episode-98615935-replay.json,gold_top10_macro_intent_v1,N001,1764,0,0.0
1191,98618184,1,10,16663649,Akhil Chinta,55749148,2837.2,EpisodeType.EPISODE_TYPE_PUBLIC,Akhil Chinta,dqvide,88143.0,75495.0,WIN,exact,720,31151970,replays/gold_top10_macro_intent_v1/episode-98618184-replay.json,gold_top10_macro_intent_v1,N002,260,0,0.0
1192,98618475,0,5,16711376,Arman Tuganbaev,55617399,2897.3,EpisodeType.EPISODE_TYPE_PUBLIC,Arman Tuganbaev,Kaileh57,79578.0,84275.0,LOSS,exact,720,31594965,replays/gold_top10_macro_intent_v1/episode-98618475-replay.json,gold_top10_macro_intent_v1,N503,1,1,0.0
1193,98620465,1,10,16663649,Akhil Chinta,55749148,2837.2,EpisodeType.EPISODE_TYPE_PUBLIC,Akhil Chinta,Cliffton,86643.0,80552.0,WIN,exact,720,31524689,replays/gold_top10_macro_intent_v1/episode-98620465-replay.json,gold_top10_macro_intent_v1,N001,1764,0,0.0
1194,98622739,1,10,16663649,Akhil Chinta,55749148,2837.2,EpisodeType.EPISODE_TYPE_PUBLIC,Akhil Chinta,radji kraim,82081.0,67935.0,WIN,exact,720,31625454,replays/gold_top10_macro_intent_v1/episode-98622739-replay.json,gold_top10_macro_intent_v1,N001,1764,0,0.0
1195,98623046,1,5,16711376,Arman Tuganbaev,55617399,2897.3,EpisodeType.EPISODE_TYPE_PUBLIC,Arman Tuganbaev,Kaileh57,87770.0,85778.0,WIN,exact,720,30824645,replays/gold_top10_macro_intent_v1/episode-98623046-replay.json,gold_top10_macro_intent_v1,N089,2,0,0.11274360865354538
1196,98625020,0,10,16663649,Akhil Chinta,55749148,2837.2,EpisodeType.EPISODE_TYPE_PUBLIC,Akhil Chinta,chenry2003,70851.0,61929.0,WIN,exact,720,31683140,replays/gold_top10_macro_intent_v1/episode-98625020-replay.json,gold_top10_macro_intent_v1,N001,1764,0,0.0
1197,98625404,0,9,16762957,Yizuki,55731561,2840.2,EpisodeType.EPISODE_TYPE_PUBLIC,Yizuki,u,93997.0,90031.0,WIN,exact,720,30948136,replays/gold_top10_macro_intent_v1/episode-98625404-replay.json,gold_top10_macro_intent_v1,N003,247,0,0.0
1198,98625405,1,6,16748154,taiseiu,55739697,2879.3,EpisodeType.EPISODE_TYPE_PUBLIC,taiseiu,Yizuki,106009.0,107447.0,LOSS,exact,720,31352347,replays/gold_top10_macro_intent_v1/episode-98625405-replay.json,gold_top10_macro_intent_v1,N001,1764,0,0.020570458844304085
1199,98625405,0,9,16762957,Yizuki,55731561,2840.2,EpisodeType.EPISODE_TYPE_PUBLIC,Yizuki,taiseiu,107447.0,106009.0,WIN,exact,720,31352347,replays/gold_top10_macro_intent_v1/episode-98625405-replay.json,gold_top10_macro_intent_v1,N001,1764,0,0.0
1200,98627314,0,10,16663649,Akhil Chinta,55749148,2837.2,EpisodeType.EPISODE_TYPE_PUBLIC,Akhil Chinta,mandgeee,66773.0,64545.0,WIN,exact,720,31438226,replays/gold_top10_macro_intent_v1/episode-98627314-replay.json,gold_top10_macro_intent_v1,N001,1764,0,0.0
1201,98629603,1,10,16663649,Akhil Chinta,55749148,2837.2,EpisodeType.EPISODE_TYPE_PUBLIC,Akhil Chinta,Oleg Melnik,65174.0,52562.0,WIN,exact,720,31596258,replays/gold_top10_macro_intent_v1/episode-98629603-replay.json,gold_top10_macro_intent_v1,N001,1764,0,0.0
1202,98629892,1,8,16655477,Aurora,55729656,2843.0,EpisodeType.EPISODE_TYPE_PUBLIC,TerraLogic Labs,Kaileh57,67401.0,70090.0,LOSS,inferred_alias,720,30294154,replays/gold_top10_macro_intent_v1/episode-98629892-replay.json,gold_top10_macro_intent_v1,N002,260,0,0.0
1203,98629956,0,1,16714457,Crop Dusta,55714246,3070.6,EpisodeType.EPISODE_TYPE_PUBLIC,Crop Dusta,junseok lee,123294.0,84757.0,WIN,exact,720,31946236,replays/gold_top10_macro_intent_v1/episode-98629956-replay.json,gold_top10_macro_intent_v1,N171,1,1,0.0
1204,98629958,0,6,16748154,taiseiu,55739697,2879.3,EpisodeType.EPISODE_TYPE_PUBLIC,taiseiu,junseok lee,80715.0,76377.0,WIN,exact,720,31528068,replays/gold_top10_macro_intent_v1/episode-98629958-replay.json,gold_top10_macro_intent_v1,N001,1764,0,0.0
1205,98629959,1,2,16644287,Ryo Hasegawa,55614463,3059.7,EpisodeType.EPISODE_TYPE_PUBLIC,Ryo Hasegawa,Crop Dusta,145137.0,134349.0,WIN,exact,720,31362397,replays/gold_top10_macro_intent_v1/episode-98629959-replay.json,gold_top10_macro_intent_v1,N043,3,0,0.07403197884559631
1206,98629963,1,1,16714457,Crop Dusta,55714246,3070.6,EpisodeType.EPISODE_TYPE_PUBLIC,Crop Dusta,Subramanya N,123912.0,111628.0,WIN,exact,720,30546394,replays/gold_top10_macro_intent_v1/episode-98629963-replay.json,gold_top10_macro_intent_v1,N167,1,1,0.0
1207,98629963,0,3,16705390,Subramanya N,55616096,2953.5,EpisodeType.EPISODE_TYPE_PUBLIC,Subramanya N,Crop Dusta,111628.0,123912.0,LOSS,exact,720,30546394,replays/gold_top10_macro_intent_v1/episode-98629963-replay.json,gold_top10_macro_intent_v1,N238,1,1,0.0
1208,98631896,1,10,16663649,Akhil Chinta,55749148,2837.2,EpisodeType.EPISODE_TYPE_PUBLIC,Akhil Chinta,dejavucry,55953.0,55686.0,WIN,exact,720,30929519,replays/gold_top10_macro_intent_v1/episode-98631896-replay.json,gold_top10_macro_intent_v1,N001,1764,0,0.020570458844304085
1209,98634193,0,10,16663649,Akhil Chinta,55749148,2837.2,EpisodeType.EPISODE_TYPE_PUBLIC,Akhil Chinta,tangaii,58426.0,54185.0,WIN,exact,720,30759832,replays/gold_top10_macro_intent_v1/episode-98634193-replay.json,gold_top10_macro_intent_v1,N001,1764,0,0.020570458844304085
1210,98636497,0,10,16663649,Akhil Chinta,55749148,2837.2,EpisodeType.EPISODE_TYPE_PUBLIC,Akhil Chinta,AAAMIKASA,98863.0,85891.0,WIN,exact,720,31692535,replays/gold_top10_macro_intent_v1/episode-98636497-replay.json,gold_top10_macro_intent_v1,N001,1764,0,0.0
1211,98638780,1,10,16663649,Akhil Chinta,55749148,2837.2,EpisodeType.EPISODE_TYPE_PUBLIC,Akhil Chinta,Thomas Tschinkel,136566.0,131662.0,WIN,exact,720,30900312,replays/gold_top10_macro_intent_v1/episode-98638780-replay.json,gold_top10_macro_intent_v1,N001,1764,0,0.020570458844304085
1212,98641077,0,10,16663649,Akhil Chinta,55749148,2837.2,EpisodeType.EPISODE_TYPE_PUBLIC,Akhil Chinta,katya barzova,59658.0,59282.0,WIN,exact,720,30933838,replays/gold_top10_macro_intent_v1/episode-98641077-replay.json,gold_top10_macro_intent_v1,N001,1764,0,0.020570458844304085
1213,98641374,0,4,16686827,Kronki,55740281,2901.0,EpisodeType.EPISODE_TYPE_PUBLIC,Kronki,tetsuya,126677.0,118990.0,WIN,exact,720,31468734,replays/gold_top10_macro_intent_v1/episode-98641374-replay.json,gold_top10_macro_intent_v1,N001,1764,0,0.0
1214,98643354,0,10,16663649,Akhil Chinta,55749148,2837.2,EpisodeType.EPISODE_TYPE_PUBLIC,Akhil Chinta,Pardheev Krishna,61023.0,47997.0,WIN,exact,720,31691602,replays/gold_top10_macro_intent_v1/episode-98643354-replay.json,gold_top10_macro_intent_v1,N001,1764,0,0.0
1215,98647525,1,10,16663649,Akhil Chinta,55749148,2837.2,EpisodeType.EPISODE_TYPE_PUBLIC,Akhil Chinta,Charles Backman on LinkedIn,106297.0,100215.0,WIN,exact,720,31663250,replays/gold_top10_macro_intent_v1/episode-98647525-replay.json,gold_top10_macro_intent_v1,N001,1764,0,0.0
1216,98649811,0,10,16663649,Akhil Chinta,55749148,2837.2,EpisodeType.EPISODE_TYPE_PUBLIC,Akhil Chinta,Tom3,71408.0,67902.0,WIN,exact,720,30946176,replays/gold_top10_macro_intent_v1/episode-98649811-replay.json,gold_top10_macro_intent_v1,N003,247,0,0.0
1217,98652095,0,10,16663649,Akhil Chinta,55749148,2837.2,EpisodeType.EPISODE_TYPE_PUBLIC,Akhil Chinta,Xiaowenhao404,91161.0,81331.0,WIN,exact,720,31889135,replays/gold_top10_macro_intent_v1/episode-98652095-replay.json,gold_top10_macro_intent_v1,N003,247,0,0.0
1218,98654370,0,10,16663649,Akhil Chinta,55749148,2837.2,EpisodeType.EPISODE_TYPE_PUBLIC,Akhil Chinta,SaiKushal185,104805.0,89497.0,WIN,exact,720,31769361,replays/gold_top10_macro_intent_v1/episode-98654370-replay.json,gold_top10_macro_intent_v1,N001,1764,0,0.0006307330331765115
1219,98654628,1,8,16655477,Aurora,55729656,2843.0,EpisodeType.EPISODE_TYPE_PUBLIC,TerraLogic Labs,Kaileh57,74977.0,76256.0,LOSS,inferred_alias,720,32660509,replays/gold_top10_macro_intent_v1/episode-98654628-replay.json,gold_top10_macro_intent_v1,N001,1764,0,0.0
1220,98656651,0,10,16663649,Akhil Chinta,55749148,2837.2,EpisodeType.EPISODE_TYPE_PUBLIC,Akhil Chinta,Ömer Faruk Yüce,131725.0,130550.0,WIN,exact,720,32678072,replays/gold_top10_macro_intent_v1/episode-98656651-replay.json,gold_top10_macro_intent_v1,N001,1764,0,0.0
1221,98658927,1,10,16663649,Akhil Chinta,55749148,2837.2,EpisodeType.EPISODE_TYPE_PUBLIC,Akhil Chinta,Kaileh57,128433.0,140183.0,LOSS,exact,720,31477852,replays/gold_top10_macro_intent_v1/episode-98658927-replay.json,gold_top10_macro_intent_v1,N001,1764,0,0.0
1222,98661201,1,10,16663649,Akhil Chinta,55749148,2837.2,EpisodeType.EPISODE_TYPE_PUBLIC,Akhil Chinta,fufufukakaka,95901.0,63525.0,WIN,exact,720,27638235,replays/gold_top10_macro_intent_v1/episode-98661201-replay.json,gold_top10_macro_intent_v1,N001,1764,0,0.0
1223,98661459,0,10,16663649,Akhil Chinta,55749148,2837.2,EpisodeType.EPISODE_TYPE_PUBLIC,Akhil Chinta,GUAM,74166.0,73708.0,WIN,exact,720,30940799,replays/gold_top10_macro_intent_v1/episode-98661459-replay.json,gold_top10_macro_intent_v1,N003,247,0,0.006806349381804466
1224,98663486,0,10,16663649,Akhil Chinta,55749148,2837.2,EpisodeType.EPISODE_TYPE_PUBLIC,Akhil Chinta,Suneeth reddy,73919.0,73673.0,WIN,exact,720,31465181,replays/gold_top10_macro_intent_v1/episode-98663486-replay.json,gold_top10_macro_intent_v1,N001,1764,0,0.0
1225,98665767,1,10,16663649,Akhil Chinta,55749148,2837.2,EpisodeType.EPISODE_TYPE_PUBLIC,Akhil Chinta,Lucien de Rubempre,145418.0,84781.0,WIN,exact,720,27814650,replays/gold_top10_macro_intent_v1/episode-98665767-replay.json,gold_top10_macro_intent_v1,N001,1764,0,0.0
1226,98668050,0,10,16663649,Akhil Chinta,55749148,2837.2,EpisodeType.EPISODE_TYPE_PUBLIC,Akhil Chinta,test_money,73896.0,69770.0,WIN,exact,720,30884400,replays/gold_top10_macro_intent_v1/episode-98668050-replay.json,gold_top10_macro_intent_v1,N001,1764,0,0.020570458844304085
1227,98668240,1,9,16762957,Yizuki,55731561,2840.2,EpisodeType.EPISODE_TYPE_PUBLIC,Yizuki,Ueddy,82304.0,76834.0,WIN,exact,720,30954129,replays/gold_top10_macro_intent_v1/episode-98668240-replay.json,gold_top10_macro_intent_v1,N001,1764,0,0.020570458844304085
1228,98670335,0,10,16663649,Akhil Chinta,55749148,2837.2,EpisodeType.EPISODE_TYPE_PUBLIC,Akhil Chinta,GUAM,55708.0,55516.0,WIN,exact,720,30910114,replays/gold_top10_macro_intent_v1/episode-98670335-replay.json,gold_top10_macro_intent_v1,N001,1764,0,0.020570458844304085
1229,98670462,1,10,16663649,Akhil Chinta,55749148,2837.2,EpisodeType.EPISODE_TYPE_PUBLIC,Akhil Chinta,Suneeth reddy,101736.0,101641.0,WIN,exact,720,30931804,replays/gold_top10_macro_intent_v1/episode-98670462-replay.json,gold_top10_macro_intent_v1,N003,247,0,0.0
1230,98672640,0,4,16686827,Kronki,55740281,2901.0,EpisodeType.EPISODE_TYPE_PUBLIC,Kronki,Akhil Chinta,62043.0,59990.0,WIN,exact,720,31460858,replays/gold_top10_macro_intent_v1/episode-98672640-replay.json,gold_top10_macro_intent_v1,N001,1764,0,0.0
1231,98672640,1,10,16663649,Akhil Chinta,55749148,2837.2,EpisodeType.EPISODE_TYPE_PUBLIC,Akhil Chinta,Kronki,59990.0,62043.0,LOSS,exact,720,31460858,replays/gold_top10_macro_intent_v1/episode-98672640-replay.json,gold_top10_macro_intent_v1,N001,1764,0,0.0
1232,98672826,0,6,16748154,taiseiu,55739697,2879.3,EpisodeType.EPISODE_TYPE_PUBLIC,taiseiu,Ryo Hasegawa,48270.0,62694.0,LOSS,exact,720,31960829,replays/gold_top10_macro_intent_v1/episode-98672826-replay.json,gold_top10_macro_intent_v1,N001,1764,0,0.0
1233,98672869,0,4,16686827,Kronki,55740281,2901.0,EpisodeType.EPISODE_TYPE_PUBLIC,Kronki,Bharath Varma,103995.0,98657.0,WIN,exact,720,30767268,replays/gold_top10_macro_intent_v1/episode-98672869-replay.json,gold_top10_macro_intent_v1,N003,247,0,0.0
1234,98674910,1,10,16663649,Akhil Chinta,55749148,2837.2,EpisodeType.EPISODE_TYPE_PUBLIC,Akhil Chinta,Kaileh57,68289.0,72400.0,LOSS,exact,720,30904185,replays/gold_top10_macro_intent_v1/episode-98674910-replay.json,gold_top10_macro_intent_v1,N001,1764,0,0.020570458844304085
1235,98677183,0,10,16663649,Akhil Chinta,55749148,2837.2,EpisodeType.EPISODE_TYPE_PUBLIC,Akhil Chinta,nao.kwmr,101440.0,106741.0,LOSS,exact,720,31362195,replays/gold_top10_macro_intent_v1/episode-98677183-replay.json,gold_top10_macro_intent_v1,N001,1764,0,0.020570458844304085
1236,98679468,0,10,16663649,Akhil Chinta,55749148,2837.2,EpisodeType.EPISODE_TYPE_PUBLIC,Akhil Chinta,Bharath Varma,129132.0,129093.0,WIN,exact,720,30275592,replays/gold_top10_macro_intent_v1/episode-98679468-replay.json,gold_top10_macro_intent_v1,N002,260,0,0.0
1237,98681751,0,10,16663649,Akhil Chinta,55749148,2837.2,EpisodeType.EPISODE_TYPE_PUBLIC,Akhil Chinta,tingyu516,74727.0,70219.0,WIN,exact,720,32122927,replays/gold_top10_macro_intent_v1/episode-98681751-replay.json,gold_top10_macro_intent_v1,N001,1764,0,0.0
1238,98684024,0,10,16663649,Akhil Chinta,55749148,2837.2,EpisodeType.EPISODE_TYPE_PUBLIC,Akhil Chinta,Ueddy,53536.0,49435.0,WIN,exact,720,30943879,replays/gold_top10_macro_intent_v1/episode-98684024-replay.json,gold_top10_macro_intent_v1,N001,1764,0,0.020570458844304085
1239,98684191,1,5,16711376,Arman Tuganbaev,55617399,2897.3,EpisodeType.EPISODE_TYPE_PUBLIC,Arman Tuganbaev,Yizuki,77771.0,67515.0,WIN,exact,720,31676483,replays/gold_top10_macro_intent_v1/episode-98684191-replay.json,gold_top10_macro_intent_v1,N024,6,0,0.049433328211307526
1240,98684191,0,9,16762957,Yizuki,55731561,2840.2,EpisodeType.EPISODE_TYPE_PUBLIC,Yizuki,Arman Tuganbaev,67515.0,77771.0,LOSS,exact,720,31676483,replays/gold_top10_macro_intent_v1/episode-98684191-replay.json,gold_top10_macro_intent_v1,N001,1764,0,0.020570458844304085
1241,98686305,1,10,16663649,Akhil Chinta,55749148,2837.2,EpisodeType.EPISODE_TYPE_PUBLIC,Akhil Chinta,test_money,92877.0,91242.0,WIN,exact,720,30865759,replays/gold_top10_macro_intent_v1/episode-98686305-replay.json,gold_top10_macro_intent_v1,N001,1764,0,0.020570458844304085
1242,98688606,1,10,16663649,Akhil Chinta,55749148,2837.2,EpisodeType.EPISODE_TYPE_PUBLIC,Akhil Chinta,CroDoc,104571.0,103727.0,WIN,exact,720,30276976,replays/gold_top10_macro_intent_v1/episode-98688606-replay.json,gold_top10_macro_intent_v1,N002,260,0,0.0
1243,98688806,0,5,16711376,Arman Tuganbaev,55617399,2897.3,EpisodeType.EPISODE_TYPE_PUBLIC,Arman Tuganbaev,junseok lee,84390.0,101874.0,LOSS,exact,720,29369182,replays/gold_top10_macro_intent_v1/episode-98688806-replay.json,gold_top10_macro_intent_v1,N028,5,0,0.04425451159477234
1244,98688809,0,2,16644287,Ryo Hasegawa,55614463,3059.7,EpisodeType.EPISODE_TYPE_PUBLIC,Ryo Hasegawa,junseok lee,83092.0,89561.0,LOSS,exact,720,32105477,replays/gold_top10_macro_intent_v1/episode-98688809-replay.json,gold_top10_macro_intent_v1,N042,3,0,0.10306975990533829
1245,98688814,1,8,16655477,Aurora,55729656,2843.0,EpisodeType.EPISODE_TYPE_PUBLIC,TerraLogic Labs,Crop Dusta,112378.0,114632.0,LOSS,inferred_alias,720,31708224,replays/gold_top10_macro_intent_v1/episode-98688814-replay.json,gold_top10_macro_intent_v1,N001,1764,0,0.0
1246,98688817,0,3,16705390,Subramanya N,55616096,2953.5,EpisodeType.EPISODE_TYPE_PUBLIC,Subramanya N,Kaileh57,146790.0,118973.0,WIN,exact,720,29262354,replays/gold_top10_macro_intent_v1/episode-98688817-replay.json,gold_top10_macro_intent_v1,N123,1,1,0.0
1247,98688822,1,1,16714457,Crop Dusta,55714246,3070.6,EpisodeType.EPISODE_TYPE_PUBLIC,Crop Dusta,junseok lee,122816.0,94056.0,WIN,exact,720,30524644,replays/gold_top10_macro_intent_v1/episode-98688822-replay.json,gold_top10_macro_intent_v1,N173,1,1,0.0
1248,98690871,0,10,16663649,Akhil Chinta,55749148,2837.2,EpisodeType.EPISODE_TYPE_PUBLIC,Akhil Chinta,Kaileh57,64944.0,66547.0,LOSS,exact,720,30927773,replays/gold_top10_macro_intent_v1/episode-98690871-replay.json,gold_top10_macro_intent_v1,N001,1764,0,0.0
1249,98693155,0,10,16663649,Akhil Chinta,55749148,2837.2,EpisodeType.EPISODE_TYPE_PUBLIC,Akhil Chinta,OceanMix,50934.0,47140.0,WIN,exact,720,31658564,replays/gold_top10_macro_intent_v1/episode-98693155-replay.json,gold_top10_macro_intent_v1,N001,1764,0,0.0
1250,98695433,1,10,16663649,Akhil Chinta,55749148,2837.2,EpisodeType.EPISODE_TYPE_PUBLIC,Akhil Chinta,OceanMix,93311.0,89903.0,WIN,exact,720,31544326,replays/gold_top10_macro_intent_v1/episode-98695433-replay.json,gold_top10_macro_intent_v1,N001,1764,0,0.0
1251,98697716,0,10,16663649,Akhil Chinta,55749148,2837.2,EpisodeType.EPISODE_TYPE_PUBLIC,Akhil Chinta,Chiranjieev,35287.0,37189.0,LOSS,exact,720,30300859,replays/gold_top10_macro_intent_v1/episode-98697716-replay.json,gold_top10_macro_intent_v1,N001,1764,0,0.020570458844304085
1252,98700008,1,4,16686827,Kronki,55740281,2901.0,EpisodeType.EPISODE_TYPE_PUBLIC,Kronki,Akhil Chinta,77339.0,74809.0,WIN,exact,720,31460283,replays/gold_top10_macro_intent_v1/episode-98700008-replay.json,gold_top10_macro_intent_v1,N001,1764,0,0.0
1253,98700008,0,10,16663649,Akhil Chinta,55749148,2837.2,EpisodeType.EPISODE_TYPE_PUBLIC,Akhil Chinta,Kronki,74809.0,77339.0,LOSS,exact,720,31460283,replays/gold_top10_macro_intent_v1/episode-98700008-replay.json,gold_top10_macro_intent_v1,N001,1764,0,0.0
1254,98702287,1,10,16663649,Akhil Chinta,55749148,2837.2,EpisodeType.EPISODE_TYPE_PUBLIC,Akhil Chinta,カワシギ,107980.0,100924.0,WIN,exact,720,31732339,replays/gold_top10_macro_intent_v1/episode-98702287-replay.json,gold_top10_macro_intent_v1,N001,1764,0,0.0
1255,98702450,0,8,16655477,Aurora,55729656,2843.0,EpisodeType.EPISODE_TYPE_PUBLIC,TerraLogic Labs,G!vIOne,56001.0,57421.0,LOSS,inferred_alias,720,30804062,replays/gold_top10_macro_intent_v1/episode-98702450-replay.json,gold_top10_macro_intent_v1,N001,1764,0,0.0
1256,98704568,1,10,16663649,Akhil Chinta,55749148,2837.2,EpisodeType.EPISODE_TYPE_PUBLIC,Akhil Chinta,Bharath Varma,139414.0,138836.0,WIN,exact,720,30316876,replays/gold_top10_macro_intent_v1/episode-98704568-replay.json,gold_top10_macro_intent_v1,N002,260,0,0.0
1257,98706852,0,10,16663649,Akhil Chinta,55749148,2837.2,EpisodeType.EPISODE_TYPE_PUBLIC,Akhil Chinta,theredbluepill,141317.0,127380.0,WIN,exact,720,31969160,replays/gold_top10_macro_intent_v1/episode-98706852-replay.json,gold_top10_macro_intent_v1,N001,1764,0,0.0
1258,98706979,1,6,16748154,taiseiu,55739697,2879.3,EpisodeType.EPISODE_TYPE_PUBLIC,taiseiu,Yizuki,81978.0,78937.0,WIN,exact,720,31533122,replays/gold_top10_macro_intent_v1/episode-98706979-replay.json,gold_top10_macro_intent_v1,N001,1764,0,0.0
1259,98706979,0,9,16762957,Yizuki,55731561,2840.2,EpisodeType.EPISODE_TYPE_PUBLIC,Yizuki,taiseiu,78937.0,81978.0,LOSS,exact,720,31533122,replays/gold_top10_macro_intent_v1/episode-98706979-replay.json,gold_top10_macro_intent_v1,N001,1764,0,0.0
1260,98707054,0,10,16663649,Akhil Chinta,55749148,2837.2,EpisodeType.EPISODE_TYPE_PUBLIC,Akhil Chinta,Kaileh57,28922.0,32695.0,LOSS,exact,720,30907641,replays/gold_top10_macro_intent_v1/episode-98707054-replay.json,gold_top10_macro_intent_v1,N001,1764,0,0.0
1261,98709128,0,10,16663649,Akhil Chinta,55749148,2837.2,EpisodeType.EPISODE_TYPE_PUBLIC,Akhil Chinta,G!vIOne,62430.0,62780.0,LOSS,exact,720,30994287,replays/gold_top10_macro_intent_v1/episode-98709128-replay.json,gold_top10_macro_intent_v1,N001,1764,0,0.020570458844304085
1262,98711424,0,10,16663649,Akhil Chinta,55749148,2837.2,EpisodeType.EPISODE_TYPE_PUBLIC,Akhil Chinta,Bharath Varma,132146.0,129505.0,WIN,exact,720,30499278,replays/gold_top10_macro_intent_v1/episode-98711424-replay.json,gold_top10_macro_intent_v1,N003,247,0,0.018772263079881668
1263,98713703,0,10,16663649,Akhil Chinta,55749148,2837.2,EpisodeType.EPISODE_TYPE_PUBLIC,Akhil Chinta,G!vIOne,69553.0,69364.0,WIN,exact,720,30257770,replays/gold_top10_macro_intent_v1/episode-98713703-replay.json,gold_top10_macro_intent_v1,N002,260,0,0.0
1264,98715993,0,10,16663649,Akhil Chinta,55749148,2837.2,EpisodeType.EPISODE_TYPE_PUBLIC,Akhil Chinta,GPTatoes,78696.0,78634.0,WIN,exact,720,30945293,replays/gold_top10_macro_intent_v1/episode-98715993-replay.json,gold_top10_macro_intent_v1,N003,247,0,0.0
1265,98718276,0,10,16663649,Akhil Chinta,55749148,2837.2,EpisodeType.EPISODE_TYPE_PUBLIC,Akhil Chinta,Chiranjieev,92210.0,92184.0,WIN,exact,720,30303333,replays/gold_top10_macro_intent_v1/episode-98718276-replay.json,gold_top10_macro_intent_v1,N002,260,0,0.0
1266,98720565,0,10,16663649,Akhil Chinta,55749148,2837.2,EpisodeType.EPISODE_TYPE_PUBLIC,Akhil Chinta,OceanMix,100445.0,95861.0,WIN,exact,720,31531562,replays/gold_top10_macro_intent_v1/episode-98720565-replay.json,gold_top10_macro_intent_v1,N001,1764,0,0.0
1267,98722851,0,6,16748154,taiseiu,55739697,2879.3,EpisodeType.EPISODE_TYPE_PUBLIC,taiseiu,Akhil Chinta,59517.0,59257.0,WIN,exact,720,30225372,replays/gold_top10_macro_intent_v1/episode-98722851-replay.json,gold_top10_macro_intent_v1,N002,260,0,0.0
1268,98722851,1,10,16663649,Akhil Chinta,55749148,2837.2,EpisodeType.EPISODE_TYPE_PUBLIC,Akhil Chinta,taiseiu,59257.0,59517.0,LOSS,exact,720,30225372,replays/gold_top10_macro_intent_v1/episode-98722851-replay.json,gold_top10_macro_intent_v1,N002,260,0,0.0003846340987365693
1269,98725122,0,10,16663649,Akhil Chinta,55749148,2837.2,EpisodeType.EPISODE_TYPE_PUBLIC,Akhil Chinta,Lenin Goud,95885.0,95821.0,WIN,exact,720,30309450,replays/gold_top10_macro_intent_v1/episode-98725122-replay.json,gold_top10_macro_intent_v1,N002,260,0,0.0
1270,98725224,0,10,16663649,Akhil Chinta,55749148,2837.2,EpisodeType.EPISODE_TYPE_PUBLIC,Akhil Chinta,Ryo Hasegawa,76790.0,76811.0,LOSS,exact,720,31879517,replays/gold_top10_macro_intent_v1/episode-98725224-replay.json,gold_top10_macro_intent_v1,N001,1764,0,0.0
1271,98725228,1,4,16686827,Kronki,55740281,2901.0,EpisodeType.EPISODE_TYPE_PUBLIC,Kronki,Ryo Hasegawa,62004.0,71656.0,LOSS,exact,720,31932816,replays/gold_top10_macro_intent_v1/episode-98725228-replay.json,gold_top10_macro_intent_v1,N001,1764,0,0.0
1272,98727435,0,10,16663649,Akhil Chinta,55749148,2837.2,EpisodeType.EPISODE_TYPE_PUBLIC,Akhil Chinta,G!vIOne,97007.0,97583.0,LOSS,exact,720,30834934,replays/gold_top10_macro_intent_v1/episode-98727435-replay.json,gold_top10_macro_intent_v1,N001,1764,0,0.020570458844304085
1273,98729717,1,10,16663649,Akhil Chinta,55749148,2837.2,EpisodeType.EPISODE_TYPE_PUBLIC,Akhil Chinta,Suneeth reddy,75393.0,75393.0,TIE,exact,720,30941535,replays/gold_top10_macro_intent_v1/episode-98729717-replay.json,gold_top10_macro_intent_v1,N003,247,0,0.0
1274,98731998,0,10,16663649,Akhil Chinta,55749148,2837.2,EpisodeType.EPISODE_TYPE_PUBLIC,Akhil Chinta,Ryo Hasegawa,110548.0,104766.0,WIN,exact,720,31281778,replays/gold_top10_macro_intent_v1/episode-98731998-replay.json,gold_top10_macro_intent_v1,N003,247,0,0.0
1275,98734280,1,10,16663649,Akhil Chinta,55749148,2837.2,EpisodeType.EPISODE_TYPE_PUBLIC,Akhil Chinta,Tagir Analyzes,133358.0,138855.0,LOSS,exact,720,30081897,replays/gold_top10_macro_intent_v1/episode-98734280-replay.json,gold_top10_macro_intent_v1,N002,260,0,0.014257990755140781
1276,98736571,1,10,16663649,Akhil Chinta,55749148,2837.2,EpisodeType.EPISODE_TYPE_PUBLIC,Akhil Chinta,GPTatoes,63573.0,57218.0,WIN,exact,720,28912055,replays/gold_top10_macro_intent_v1/episode-98736571-replay.json,gold_top10_macro_intent_v1,N003,247,0,0.026244107633829117
1277,98736683,1,8,16655477,Aurora,55729656,2843.0,EpisodeType.EPISODE_TYPE_PUBLIC,TerraLogic Labs,Kaileh57,113562.0,115879.0,LOSS,inferred_alias,720,30307797,replays/gold_top10_macro_intent_v1/episode-98736683-replay.json,gold_top10_macro_intent_v1,N002,260,0,0.0
1278,98738860,0,10,16663649,Akhil Chinta,55749148,2837.2,EpisodeType.EPISODE_TYPE_PUBLIC,Akhil Chinta,Kaileh57,47818.0,51336.0,LOSS,exact,720,30769521,replays/gold_top10_macro_intent_v1/episode-98738860-replay.json,gold_top10_macro_intent_v1,N003,247,0,0.0
1279,98738896,1,3,16705390,Subramanya N,55616096,2953.5,EpisodeType.EPISODE_TYPE_PUBLIC,Subramanya N,Arman Tuganbaev,100668.0,118995.0,LOSS,exact,720,31060553,replays/gold_top10_macro_intent_v1/episode-98738896-replay.json,gold_top10_macro_intent_v1,N314,1,1,0.0
1280,98738896,0,5,16711376,Arman Tuganbaev,55617399,2897.3,EpisodeType.EPISODE_TYPE_PUBLIC,Arman Tuganbaev,Subramanya N,118995.0,100668.0,WIN,exact,720,31060553,replays/gold_top10_macro_intent_v1/episode-98738896-replay.json,gold_top10_macro_intent_v1,N024,6,0,0.011731447651982307
1281,98738897,0,3,16705390,Subramanya N,55616096,2953.5,EpisodeType.EPISODE_TYPE_PUBLIC,Subramanya N,Yizuki,115383.0,99785.0,WIN,exact,720,31184577,replays/gold_top10_macro_intent_v1/episode-98738897-replay.json,gold_top10_macro_intent_v1,N216,1,1,0.0
1282,98738897,1,9,16762957,Yizuki,55731561,2840.2,EpisodeType.EPISODE_TYPE_PUBLIC,Yizuki,Subramanya N,99785.0,115383.0,LOSS,exact,720,31184577,replays/gold_top10_macro_intent_v1/episode-98738897-replay.json,gold_top10_macro_intent_v1,N001,1764,0,0.0
1283,98738898,0,1,16714457,Crop Dusta,55714246,3070.6,EpisodeType.EPISODE_TYPE_PUBLIC,Crop Dusta,Ryo Hasegawa,67206.0,58622.0,WIN,exact,720,30311219,replays/gold_top10_macro_intent_v1/episode-98738898-replay.json,gold_top10_macro_intent_v1,N614,1,1,0.0
1284,98738898,1,2,16644287,Ryo Hasegawa,55614463,3059.7,EpisodeType.EPISODE_TYPE_PUBLIC,Ryo Hasegawa,Crop Dusta,58622.0,67206.0,LOSS,exact,720,30311219,replays/gold_top10_macro_intent_v1/episode-98738898-replay.json,gold_top10_macro_intent_v1,N663,1,1,0.0
1285,98738900,0,3,16705390,Subramanya N,55616096,2953.5,EpisodeType.EPISODE_TYPE_PUBLIC,Subramanya N,Crop Dusta,73090.0,82097.0,LOSS,exact,720,30041115,replays/gold_top10_macro_intent_v1/episode-98738900-replay.json,gold_top10_macro_intent_v1,N565,1,1,0.0
1286,98738902,0,1,16714457,Crop Dusta,55714246,3070.6,EpisodeType.EPISODE_TYPE_PUBLIC,Crop Dusta,Ryo Hasegawa,98550.0,115540.0,LOSS,exact,720,31199082,replays/gold_top10_macro_intent_v1/episode-98738902-replay.json,gold_top10_macro_intent_v1,N337,1,1,0.0
1287,98738902,1,2,16644287,Ryo Hasegawa,55614463,3059.7,EpisodeType.EPISODE_TYPE_PUBLIC,Ryo Hasegawa,Crop Dusta,115540.0,98550.0,WIN,exact,720,31199082,replays/gold_top10_macro_intent_v1/episode-98738902-replay.json,gold_top10_macro_intent_v1,N006,20,1,0.0
1288,98741213,0,10,16663649,Akhil Chinta,55749148,2837.2,EpisodeType.EPISODE_TYPE_PUBLIC,Akhil Chinta,Bharath Varma,96851.0,96291.0,WIN,exact,720,29072971,replays/gold_top10_macro_intent_v1/episode-98741213-replay.json,gold_top10_macro_intent_v1,N003,247,0,0.026244107633829117
1289,98743483,1,10,16663649,Akhil Chinta,55749148,2837.2,EpisodeType.EPISODE_TYPE_PUBLIC,Akhil Chinta,tetsuya,44086.0,63119.0,LOSS,exact,720,30924954,replays/gold_top10_macro_intent_v1/episode-98743483-replay.json,gold_top10_macro_intent_v1,N001,1764,0,0.0
1290,98750312,1,4,16686827,Kronki,55740281,2901.0,EpisodeType.EPISODE_TYPE_PUBLIC,Kronki,Yizuki,44689.0,40581.0,WIN,exact,720,31452035,replays/gold_top10_macro_intent_v1/episode-98750312-replay.json,gold_top10_macro_intent_v1,N001,1764,0,0.0
1291,98750312,0,9,16762957,Yizuki,55731561,2840.2,EpisodeType.EPISODE_TYPE_PUBLIC,Yizuki,Kronki,40581.0,44689.0,LOSS,exact,720,31452035,replays/gold_top10_macro_intent_v1/episode-98750312-replay.json,gold_top10_macro_intent_v1,N001,1764,0,0.0
1292,98752608,0,6,16748154,taiseiu,55739697,2879.3,EpisodeType.EPISODE_TYPE_PUBLIC,taiseiu,Kaileh57,87869.0,91714.0,LOSS,exact,720,30933312,replays/gold_top10_macro_intent_v1/episode-98752608-replay.json,gold_top10_macro_intent_v1,N001,1764,0,0.0
1293,98763972,0,10,16663649,Akhil Chinta,55749148,2837.2,EpisodeType.EPISODE_TYPE_PUBLIC,Akhil Chinta,Bharath Varma,85051.0,84684.0,WIN,exact,720,31083580,replays/gold_top10_macro_intent_v1/episode-98763972-replay.json,gold_top10_macro_intent_v1,N001,1764,0,0.020570458844304085
1294,98773140,1,4,16686827,Kronki,55740281,2901.0,EpisodeType.EPISODE_TYPE_PUBLIC,Kronki,taiseiu,107998.0,108633.0,LOSS,exact,720,30303415,replays/gold_top10_macro_intent_v1/episode-98773140-replay.json,gold_top10_macro_intent_v1,N002,260,0,0.0
1295,98773140,0,6,16748154,taiseiu,55739697,2879.3,EpisodeType.EPISODE_TYPE_PUBLIC,taiseiu,Kronki,108633.0,107998.0,WIN,exact,720,30303415,replays/gold_top10_macro_intent_v1/episode-98773140-replay.json,gold_top10_macro_intent_v1,N002,260,0,0.0
1296,98779877,0,8,16655477,Aurora,55729656,2843.0,EpisodeType.EPISODE_TYPE_PUBLIC,TerraLogic Labs,Akhil Chinta,73915.0,75591.0,LOSS,inferred_alias,720,32649905,replays/gold_top10_macro_intent_v1/episode-98779877-replay.json,gold_top10_macro_intent_v1,N001,1764,0,0.0
1297,98779877,1,10,16663649,Akhil Chinta,55749148,2837.2,EpisodeType.EPISODE_TYPE_PUBLIC,Akhil Chinta,TerraLogic Labs,75591.0,73915.0,WIN,exact,720,32649905,replays/gold_top10_macro_intent_v1/episode-98779877-replay.json,gold_top10_macro_intent_v1,N001,1764,0,0.0
1298,98782135,0,5,16711376,Arman Tuganbaev,55617399,2897.3,EpisodeType.EPISODE_TYPE_PUBLIC,Arman Tuganbaev,TerraLogic Labs,97195.0,152287.0,LOSS,exact,720,28922598,replays/gold_top10_macro_intent_v1/episode-98782135-replay.json,gold_top10_macro_intent_v1,N349,1,1,0.0
1299,98782135,1,8,16655477,Aurora,55729656,2843.0,EpisodeType.EPISODE_TYPE_PUBLIC,TerraLogic Labs,Arman Tuganbaev,152287.0,97195.0,WIN,inferred_alias,720,28922598,replays/gold_top10_macro_intent_v1/episode-98782135-replay.json,gold_top10_macro_intent_v1,N001,1764,0,0.0
1300,98782137,1,2,16644287,Ryo Hasegawa,55614463,3059.7,EpisodeType.EPISODE_TYPE_PUBLIC,Ryo Hasegawa,Crop Dusta,143918.0,142738.0,WIN,exact,720,31487335,replays/gold_top10_macro_intent_v1/episode-98782137-replay.json,gold_top10_macro_intent_v1,N015,8,1,0.0
1301,98782138,0,3,16705390,Subramanya N,55616096,2953.5,EpisodeType.EPISODE_TYPE_PUBLIC,Subramanya N,Arman Tuganbaev,118702.0,100083.0,WIN,exact,720,30904543,replays/gold_top10_macro_intent_v1/episode-98782138-replay.json,gold_top10_macro_intent_v1,N198,1,1,0.0
1302,98782138,1,5,16711376,Arman Tuganbaev,55617399,2897.3,EpisodeType.EPISODE_TYPE_PUBLIC,Arman Tuganbaev,Subramanya N,100083.0,118702.0,LOSS,exact,720,30904543,replays/gold_top10_macro_intent_v1/episode-98782138-replay.json,gold_top10_macro_intent_v1,N033,4,0,0.0021420728880912066
1303,98782139,1,4,16686827,Kronki,55740281,2901.0,EpisodeType.EPISODE_TYPE_PUBLIC,Kronki,junseok lee,104528.0,96093.0,WIN,exact,720,31297708,replays/gold_top10_macro_intent_v1/episode-98782139-replay.json,gold_top10_macro_intent_v1,N001,1764,0,0.0
1304,98782140,1,1,16714457,Crop Dusta,55714246,3070.6,EpisodeType.EPISODE_TYPE_PUBLIC,Crop Dusta,Subramanya N,90609.0,84638.0,WIN,exact,720,30875773,replays/gold_top10_macro_intent_v1/episode-98782140-replay.json,gold_top10_macro_intent_v1,N396,1,1,0.0
1305,98782140,0,3,16705390,Subramanya N,55616096,2953.5,EpisodeType.EPISODE_TYPE_PUBLIC,Subramanya N,Crop Dusta,84638.0,90609.0,LOSS,exact,720,30875773,replays/gold_top10_macro_intent_v1/episode-98782140-replay.json,gold_top10_macro_intent_v1,N451,1,1,0.0
1306,98782141,0,1,16714457,Crop Dusta,55714246,3070.6,EpisodeType.EPISODE_TYPE_PUBLIC,Crop Dusta,Ryo Hasegawa,90711.0,94250.0,LOSS,exact,720,31792274,replays/gold_top10_macro_intent_v1/episode-98782141-replay.json,gold_top10_macro_intent_v1,N395,1,1,0.0
1307,98782141,1,2,16644287,Ryo Hasegawa,55614463,3059.7,EpisodeType.EPISODE_TYPE_PUBLIC,Ryo Hasegawa,Crop Dusta,94250.0,90711.0,WIN,exact,720,31792274,replays/gold_top10_macro_intent_v1/episode-98782141-replay.json,gold_top10_macro_intent_v1,N027,5,0,0.0374918095767498
1308,98791251,1,8,16655477,Aurora,55729656,2843.0,EpisodeType.EPISODE_TYPE_PUBLIC,TerraLogic Labs,Yizuki,105470.0,105647.0,LOSS,inferred_alias,720,31398776,replays/gold_top10_macro_intent_v1/episode-98791251-replay.json,gold_top10_macro_intent_v1,N001,1764,0,0.0
1309,98791251,0,9,16762957,Yizuki,55731561,2840.2,EpisodeType.EPISODE_TYPE_PUBLIC,Yizuki,TerraLogic Labs,105647.0,105470.0,WIN,exact,720,31398776,replays/gold_top10_macro_intent_v1/episode-98791251-replay.json,gold_top10_macro_intent_v1,N001,1764,0,0.0
1310,98793548,1,6,16748154,taiseiu,55739697,2879.3,EpisodeType.EPISODE_TYPE_PUBLIC,taiseiu,Kaileh57,132107.0,135562.0,LOSS,exact,720,32424379,replays/gold_top10_macro_intent_v1/episode-98793548-replay.json,gold_top10_macro_intent_v1,N001,1764,0,0.0
1311,98798133,1,10,16663649,Akhil Chinta,55749148,2837.2,EpisodeType.EPISODE_TYPE_PUBLIC,Akhil Chinta,Ryo Hasegawa,52105.0,60476.0,LOSS,exact,720,31196659,replays/gold_top10_macro_intent_v1/episode-98798133-replay.json,gold_top10_macro_intent_v1,N001,1764,0,0.020570458844304085
1312,98798184,0,8,16655477,Aurora,55729656,2843.0,EpisodeType.EPISODE_TYPE_PUBLIC,TerraLogic Labs,Chiranjieev,98300.0,100721.0,LOSS,inferred_alias,720,31032677,replays/gold_top10_macro_intent_v1/episode-98798184-replay.json,gold_top10_macro_intent_v1,N001,1764,0,0.0
1313,98804936,0,4,16686827,Kronki,55740281,2901.0,EpisodeType.EPISODE_TYPE_PUBLIC,Kronki,OceanMix,88271.0,85994.0,WIN,exact,720,30928147,replays/gold_top10_macro_intent_v1/episode-98804936-replay.json,gold_top10_macro_intent_v1,N001,1764,0,0.020570458844304085
1314,98814134,1,10,16663649,Akhil Chinta,55749148,2837.2,EpisodeType.EPISODE_TYPE_PUBLIC,Akhil Chinta,OceanMix,77825.0,78538.0,LOSS,exact,720,32418158,replays/gold_top10_macro_intent_v1/episode-98814134-replay.json,gold_top10_macro_intent_v1,N001,1764,0,0.0
1315,98816341,1,2,16644287,Ryo Hasegawa,55614463,3059.7,EpisodeType.EPISODE_TYPE_PUBLIC,Ryo Hasegawa,Crop Dusta,145346.0,146422.0,LOSS,exact,720,31114163,replays/gold_top10_macro_intent_v1/episode-98816341-replay.json,gold_top10_macro_intent_v1,N015,8,0,7.546498818555847e-05
1316,98816342,1,4,16686827,Kronki,55740281,2901.0,EpisodeType.EPISODE_TYPE_PUBLIC,Kronki,Arman Tuganbaev,96795.0,76972.0,WIN,exact,720,30962932,replays/gold_top10_macro_intent_v1/episode-98816342-replay.json,gold_top10_macro_intent_v1,N001,1764,0,0.005199999548494816
1317,98816342,0,5,16711376,Arman Tuganbaev,55617399,2897.3,EpisodeType.EPISODE_TYPE_PUBLIC,Arman Tuganbaev,Kronki,76972.0,96795.0,LOSS,exact,720,30962932,replays/gold_top10_macro_intent_v1/episode-98816342-replay.json,gold_top10_macro_intent_v1,N028,5,0,0.0852532908320427
1318,98816344,0,4,16686827,Kronki,55740281,2901.0,EpisodeType.EPISODE_TYPE_PUBLIC,Kronki,junseok lee,128018.0,124127.0,WIN,exact,720,30769387,replays/gold_top10_macro_intent_v1/episode-98816344-replay.json,gold_top10_macro_intent_v1,N001,1764,0,0.020570458844304085
1319,98816345,1,3,16705390,Subramanya N,55616096,2953.5,EpisodeType.EPISODE_TYPE_PUBLIC,Subramanya N,Kaileh57,101688.0,60412.0,WIN,exact,720,31406599,replays/gold_top10_macro_intent_v1/episode-98816345-replay.json,gold_top10_macro_intent_v1,N302,1,1,0.0
1320,98816346,0,1,16714457,Crop Dusta,55714246,3070.6,EpisodeType.EPISODE_TYPE_PUBLIC,Crop Dusta,Ryo Hasegawa,96941.0,83032.0,WIN,exact,720,29945831,replays/gold_top10_macro_intent_v1/episode-98816346-replay.json,gold_top10_macro_intent_v1,N351,1,1,0.0
1321,98816346,1,2,16644287,Ryo Hasegawa,55614463,3059.7,EpisodeType.EPISODE_TYPE_PUBLIC,Ryo Hasegawa,Crop Dusta,83032.0,96941.0,LOSS,exact,720,29945831,replays/gold_top10_macro_intent_v1/episode-98816346-replay.json,gold_top10_macro_intent_v1,N470,1,1,0.0
1322,98816348,0,1,16714457,Crop Dusta,55714246,3070.6,EpisodeType.EPISODE_TYPE_PUBLIC,Crop Dusta,Ryo Hasegawa,96929.0,96139.0,WIN,exact,720,31693304,replays/gold_top10_macro_intent_v1/episode-98816348-replay.json,gold_top10_macro_intent_v1,N352,1,1,0.0
1323,98816348,1,2,16644287,Ryo Hasegawa,55614463,3059.7,EpisodeType.EPISODE_TYPE_PUBLIC,Ryo Hasegawa,Crop Dusta,96139.0,96929.0,LOSS,exact,720,31693304,replays/gold_top10_macro_intent_v1/episode-98816348-replay.json,gold_top10_macro_intent_v1,N027,5,1,0.0
1324,98818578,0,5,16711376,Arman Tuganbaev,55617399,2897.3,EpisodeType.EPISODE_TYPE_PUBLIC,Arman Tuganbaev,taiseiu,56283.0,43809.0,WIN,exact,720,31264751,replays/gold_top10_macro_intent_v1/episode-98818578-replay.json,gold_top10_macro_intent_v1,N012,10,0,0.029586108401417732
1325,98818578,1,6,16748154,taiseiu,55739697,2879.3,EpisodeType.EPISODE_TYPE_PUBLIC,taiseiu,Arman Tuganbaev,43809.0,56283.0,LOSS,exact,720,31264751,replays/gold_top10_macro_intent_v1/episode-98818578-replay.json,gold_top10_macro_intent_v1,N001,1764,0,0.020570458844304085
1326,98823293,1,5,16711376,Arman Tuganbaev,55617399,2897.3,EpisodeType.EPISODE_TYPE_PUBLIC,Arman Tuganbaev,Yizuki,93908.0,86514.0,WIN,exact,720,31563917,replays/gold_top10_macro_intent_v1/episode-98823293-replay.json,gold_top10_macro_intent_v1,N012,10,0,0.06798728555440903
1327,98823293,0,9,16762957,Yizuki,55731561,2840.2,EpisodeType.EPISODE_TYPE_PUBLIC,Yizuki,Arman Tuganbaev,86514.0,93908.0,LOSS,exact,720,31563917,replays/gold_top10_macro_intent_v1/episode-98823293-replay.json,gold_top10_macro_intent_v1,N001,1764,0,0.0
1328,98832334,1,8,16655477,Aurora,55729656,2843.0,EpisodeType.EPISODE_TYPE_PUBLIC,TerraLogic Labs,Yizuki,133480.0,134469.0,LOSS,inferred_alias,720,31536829,replays/gold_top10_macro_intent_v1/episode-98832334-replay.json,gold_top10_macro_intent_v1,N001,1764,0,0.0
1329,98832334,0,9,16762957,Yizuki,55731561,2840.2,EpisodeType.EPISODE_TYPE_PUBLIC,Yizuki,TerraLogic Labs,134469.0,133480.0,WIN,exact,720,31536829,replays/gold_top10_macro_intent_v1/episode-98832334-replay.json,gold_top10_macro_intent_v1,N001,1764,0,0.0
1330,98836962,1,10,16663649,Akhil Chinta,55749148,2837.2,EpisodeType.EPISODE_TYPE_PUBLIC,Akhil Chinta,Jiachen Li,94823.0,98568.0,LOSS,exact,720,30845330,replays/gold_top10_macro_intent_v1/episode-98836962-replay.json,gold_top10_macro_intent_v1,N003,247,0,0.0
1331,98850639,1,5,16711376,Arman Tuganbaev,55617399,2897.3,EpisodeType.EPISODE_TYPE_PUBLIC,Arman Tuganbaev,taiseiu,104328.0,138775.0,LOSS,exact,720,28911398,replays/gold_top10_macro_intent_v1/episode-98850639-replay.json,gold_top10_macro_intent_v1,N274,1,1,0.0
1332,98850639,0,6,16748154,taiseiu,55739697,2879.3,EpisodeType.EPISODE_TYPE_PUBLIC,taiseiu,Arman Tuganbaev,138775.0,104328.0,WIN,exact,720,28911398,replays/gold_top10_macro_intent_v1/episode-98850639-replay.json,gold_top10_macro_intent_v1,N001,1764,0,0.020570458844304085
1333,98852910,1,3,16705390,Subramanya N,55616096,2953.5,EpisodeType.EPISODE_TYPE_PUBLIC,Subramanya N,Crop Dusta,62790.0,70674.0,LOSS,exact,720,29788283,replays/gold_top10_macro_intent_v1/episode-98852910-replay.json,gold_top10_macro_intent_v1,N643,1,1,0.0
1334,98852913,1,8,16655477,Aurora,55729656,2843.0,EpisodeType.EPISODE_TYPE_PUBLIC,TerraLogic Labs,junseok lee,96292.0,95779.0,WIN,inferred_alias,720,31541776,replays/gold_top10_macro_intent_v1/episode-98852913-replay.json,gold_top10_macro_intent_v1,N001,1764,0,0.005199999548494816
1335,98852915,1,4,16686827,Kronki,55740281,2901.0,EpisodeType.EPISODE_TYPE_PUBLIC,Kronki,Yizuki,98378.0,96956.0,WIN,exact,720,30278947,replays/gold_top10_macro_intent_v1/episode-98852915-replay.json,gold_top10_macro_intent_v1,N002,260,0,0.0
1336,98852915,0,9,16762957,Yizuki,55731561,2840.2,EpisodeType.EPISODE_TYPE_PUBLIC,Yizuki,Kronki,96956.0,98378.0,LOSS,exact,720,30278947,replays/gold_top10_macro_intent_v1/episode-98852915-replay.json,gold_top10_macro_intent_v1,N002,260,0,0.0
1337,98852916,1,3,16705390,Subramanya N,55616096,2953.5,EpisodeType.EPISODE_TYPE_PUBLIC,Subramanya N,junseok lee,84275.0,77771.0,WIN,exact,720,31296231,replays/gold_top10_macro_intent_v1/episode-98852916-replay.json,gold_top10_macro_intent_v1,N459,1,1,0.0
1338,98852917,0,1,16714457,Crop Dusta,55714246,3070.6,EpisodeType.EPISODE_TYPE_PUBLIC,Crop Dusta,Subramanya N,122665.0,119494.0,WIN,exact,720,30384733,replays/gold_top10_macro_intent_v1/episode-98852917-replay.json,gold_top10_macro_intent_v1,N175,1,1,0.0
1339,98852917,1,3,16705390,Subramanya N,55616096,2953.5,EpisodeType.EPISODE_TYPE_PUBLIC,Subramanya N,Crop Dusta,119494.0,122665.0,LOSS,exact,720,30384733,replays/gold_top10_macro_intent_v1/episode-98852917-replay.json,gold_top10_macro_intent_v1,N195,1,1,0.0
1340,98852918,1,1,16714457,Crop Dusta,55714246,3070.6,EpisodeType.EPISODE_TYPE_PUBLIC,Crop Dusta,Ryo Hasegawa,117769.0,120828.0,LOSS,exact,720,32043655,replays/gold_top10_macro_intent_v1/episode-98852918-replay.json,gold_top10_macro_intent_v1,N202,1,1,0.0
1341,98852918,0,2,16644287,Ryo Hasegawa,55614463,3059.7,EpisodeType.EPISODE_TYPE_PUBLIC,Ryo Hasegawa,Crop Dusta,120828.0,117769.0,WIN,exact,720,32043655,replays/gold_top10_macro_intent_v1/episode-98852918-replay.json,gold_top10_macro_intent_v1,N187,1,1,0.0
1342,98873431,1,10,16663649,Akhil Chinta,55749148,2837.2,EpisodeType.EPISODE_TYPE_PUBLIC,Akhil Chinta,Nat00,121922.0,106089.0,WIN,exact,720,30716828,replays/gold_top10_macro_intent_v1/episode-98873431-replay.json,gold_top10_macro_intent_v1,N001,1764,0,0.0
1343,98873443,1,5,16711376,Arman Tuganbaev,55617399,2897.3,EpisodeType.EPISODE_TYPE_PUBLIC,Arman Tuganbaev,Ryo Hasegawa,119157.0,100666.0,WIN,exact,720,31880318,replays/gold_top10_macro_intent_v1/episode-98873443-replay.json,gold_top10_macro_intent_v1,N045,3,0,0.10720842331647873
1344,98893993,1,4,16686827,Kronki,55740281,2901.0,EpisodeType.EPISODE_TYPE_PUBLIC,Kronki,taiseiu,100693.0,101008.0,LOSS,exact,720,30302174,replays/gold_top10_macro_intent_v1/episode-98893993-replay.json,gold_top10_macro_intent_v1,N002,260,0,0.0
1345,98893993,0,6,16748154,taiseiu,55739697,2879.3,EpisodeType.EPISODE_TYPE_PUBLIC,taiseiu,Kronki,101008.0,100693.0,WIN,exact,720,30302174,replays/gold_top10_macro_intent_v1/episode-98893993-replay.json,gold_top10_macro_intent_v1,N002,260,0,0.0
1346,98898504,0,9,16762957,Yizuki,55731561,2840.2,EpisodeType.EPISODE_TYPE_PUBLIC,Yizuki,tetsuya,56654.0,66745.0,LOSS,exact,720,31477263,replays/gold_top10_macro_intent_v1/episode-98898504-replay.json,gold_top10_macro_intent_v1,N001,1764,0,0.0
1347,98898505,1,1,16714457,Crop Dusta,55714246,3070.6,EpisodeType.EPISODE_TYPE_PUBLIC,Crop Dusta,Ryo Hasegawa,73975.0,67806.0,WIN,exact,720,31410897,replays/gold_top10_macro_intent_v1/episode-98898505-replay.json,gold_top10_macro_intent_v1,N560,1,1,0.0
1348,98898505,0,2,16644287,Ryo Hasegawa,55614463,3059.7,EpisodeType.EPISODE_TYPE_PUBLIC,Ryo Hasegawa,Crop Dusta,67806.0,73975.0,LOSS,exact,720,31410897,replays/gold_top10_macro_intent_v1/episode-98898505-replay.json,gold_top10_macro_intent_v1,N608,1,1,0.0
1349,98898506,0,3,16705390,Subramanya N,55616096,2953.5,EpisodeType.EPISODE_TYPE_PUBLIC,Subramanya N,Crop Dusta,105006.0,117515.0,LOSS,exact,720,30497386,replays/gold_top10_macro_intent_v1/episode-98898506-replay.json,gold_top10_macro_intent_v1,N269,1,1,0.0
1350,98898507,1,2,16644287,Ryo Hasegawa,55614463,3059.7,EpisodeType.EPISODE_TYPE_PUBLIC,Ryo Hasegawa,Crop Dusta,96845.0,93771.0,WIN,exact,720,31484643,replays/gold_top10_macro_intent_v1/episode-98898507-replay.json,gold_top10_macro_intent_v1,N354,1,1,0.0
1351,98898508,1,8,16655477,Aurora,55729656,2843.0,EpisodeType.EPISODE_TYPE_PUBLIC,Aurora,Nat00,53201.0,56460.0,LOSS,exact,720,31382626,replays/gold_top10_macro_intent_v1/episode-98898508-replay.json,gold_top10_macro_intent_v1,N001,1764,0,0.009466666728258133
1352,98898510,1,2,16644287,Ryo Hasegawa,55614463,3059.7,EpisodeType.EPISODE_TYPE_PUBLIC,Ryo Hasegawa,Crop Dusta,79529.0,81692.0,LOSS,exact,720,31192786,replays/gold_top10_macro_intent_v1/episode-98898510-replay.json,gold_top10_macro_intent_v1,N506,1,1,0.0
1353,98898581,0,7,16665224,tyz123456,55758423,2878.0,EpisodeType.EPISODE_TYPE_VALIDATION,tyz123456,tyz123456,62242.0,62242.0,TIE,exact,720,31103079,replays/gold_top10_macro_intent_v1/episode-98898581-replay.json,gold_top10_macro_intent_v1,N001,1764,0,0.020570458844304085
1354,98898581,1,7,16665224,tyz123456,55758423,2878.0,EpisodeType.EPISODE_TYPE_VALIDATION,tyz123456,tyz123456,62242.0,62242.0,TIE,exact,720,31103079,replays/gold_top10_macro_intent_v1/episode-98898581-replay.json,gold_top10_macro_intent_v1,N001,1764,0,0.020570458844304085
1355,98902808,1,7,16665224,tyz123456,55758423,2878.0,EpisodeType.EPISODE_TYPE_PUBLIC,tyz123456,jeon hyeon woo,164892.0,66338.0,WIN,exact,720,29914262,replays/gold_top10_macro_intent_v1/episode-98902808-replay.json,gold_top10_macro_intent_v1,N001,1764,0,0.0
1356,98905072,1,7,16665224,tyz123456,55758423,2878.0,EpisodeType.EPISODE_TYPE_PUBLIC,tyz123456,Alizen James,143939.0,69065.0,WIN,exact,720,26588848,replays/gold_top10_macro_intent_v1/episode-98905072-replay.json,gold_top10_macro_intent_v1,N001,1764,0,0.0
1357,98907333,1,7,16665224,tyz123456,55758423,2878.0,EpisodeType.EPISODE_TYPE_PUBLIC,tyz123456,soumic 1088,128861.0,74535.0,WIN,exact,720,30141415,replays/gold_top10_macro_intent_v1/episode-98907333-replay.json,gold_top10_macro_intent_v1,N003,247,0,0.01574603281915188
1358,98909613,0,7,16665224,tyz123456,55758423,2878.0,EpisodeType.EPISODE_TYPE_PUBLIC,tyz123456,dkzmn,89338.0,61257.0,WIN,exact,720,30985998,replays/gold_top10_macro_intent_v1/episode-98909613-replay.json,gold_top10_macro_intent_v1,N001,1764,0,0.0
1359,98911903,0,7,16665224,tyz123456,55758423,2878.0,EpisodeType.EPISODE_TYPE_PUBLIC,tyz123456,protoLabs.studio,146525.0,102552.0,WIN,exact,720,29431321,replays/gold_top10_macro_intent_v1/episode-98911903-replay.json,gold_top10_macro_intent_v1,N002,260,0,0.0
1360,98914170,0,7,16665224,tyz123456,55758423,2878.0,EpisodeType.EPISODE_TYPE_PUBLIC,tyz123456,Yuyajk,66094.0,44061.0,WIN,exact,720,31587285,replays/gold_top10_macro_intent_v1/episode-98914170-replay.json,gold_top10_macro_intent_v1,N001,1764,0,0.0
1361,98916445,0,7,16665224,tyz123456,55758423,2878.0,EpisodeType.EPISODE_TYPE_PUBLIC,tyz123456,MJVinay,121402.0,90354.0,WIN,exact,720,30619270,replays/gold_top10_macro_intent_v1/episode-98916445-replay.json,gold_top10_macro_intent_v1,N001,1764,0,0.0
1362,98918713,0,7,16665224,tyz123456,55758423,2878.0,EpisodeType.EPISODE_TYPE_PUBLIC,tyz123456,Cu Spoon,75585.0,65026.0,WIN,exact,720,31364457,replays/gold_top10_macro_intent_v1/episode-98918713-replay.json,gold_top10_macro_intent_v1,N001,1764,0,0.0
1363,98920988,1,7,16665224,tyz123456,55758423,2878.0,EpisodeType.EPISODE_TYPE_PUBLIC,tyz123456,Ronnie Atuhaire,59031.0,50292.0,WIN,exact,720,31417887,replays/gold_top10_macro_intent_v1/episode-98920988-replay.json,gold_top10_macro_intent_v1,N001,1764,0,0.0
1364,98921348,0,10,16663649,Akhil Chinta,55749148,2837.2,EpisodeType.EPISODE_TYPE_PUBLIC,Akhil Chinta,WeAreFarmers,77984.0,77815.0,WIN,exact,720,30930758,replays/gold_top10_macro_intent_v1/episode-98921348-replay.json,gold_top10_macro_intent_v1,N001,1764,0,0.020570458844304085
1365,98921349,1,9,16762957,Yizuki,55731561,2840.2,EpisodeType.EPISODE_TYPE_PUBLIC,Yizuki,Ryo Hasegawa,112537.0,104628.0,WIN,exact,720,32093293,replays/gold_top10_macro_intent_v1/episode-98921349-replay.json,gold_top10_macro_intent_v1,N001,1764,0,0.0
1366,98921353,1,5,16711376,Arman Tuganbaev,55617399,2897.3,EpisodeType.EPISODE_TYPE_PUBLIC,Arman Tuganbaev,Ryo Hasegawa,90457.0,81767.0,WIN,exact,720,31929384,replays/gold_top10_macro_intent_v1/episode-98921353-replay.json,gold_top10_macro_intent_v1,N003,247,0,0.042404305189847946
1367,98923270,0,7,16665224,tyz123456,55758423,2878.0,EpisodeType.EPISODE_TYPE_PUBLIC,tyz123456,xiy lin,117833.0,101479.0,WIN,exact,720,31254855,replays/gold_top10_macro_intent_v1/episode-98923270-replay.json,gold_top10_macro_intent_v1,N001,1764,0,0.0
1368,98925543,1,7,16665224,tyz123456,55758423,2878.0,EpisodeType.EPISODE_TYPE_PUBLIC,tyz123456,DHKim0324,146605.0,127353.0,WIN,exact,720,31902053,replays/gold_top10_macro_intent_v1/episode-98925543-replay.json,gold_top10_macro_intent_v1,N001,1764,0,0.0
1369,98927821,1,7,16665224,tyz123456,55758423,2878.0,EpisodeType.EPISODE_TYPE_PUBLIC,tyz123456,twomoon,61487.0,56484.0,WIN,exact,720,31591667,replays/gold_top10_macro_intent_v1/episode-98927821-replay.json,gold_top10_macro_intent_v1,N001,1764,0,0.0
1370,98930110,0,7,16665224,tyz123456,55758423,2878.0,EpisodeType.EPISODE_TYPE_PUBLIC,tyz123456,Mostafa H,133006.0,132216.0,WIN,exact,720,30317276,replays/gold_top10_macro_intent_v1/episode-98930110-replay.json,gold_top10_macro_intent_v1,N002,260,0,0.0
1371,98932381,1,7,16665224,tyz123456,55758423,2878.0,EpisodeType.EPISODE_TYPE_PUBLIC,tyz123456,SCLim2022080004,55225.0,50352.0,WIN,exact,720,31459560,replays/gold_top10_macro_intent_v1/episode-98932381-replay.json,gold_top10_macro_intent_v1,N001,1764,0,0.0
1372,98934666,1,7,16665224,tyz123456,55758423,2878.0,EpisodeType.EPISODE_TYPE_PUBLIC,tyz123456,141,113049.0,79476.0,WIN,exact,720,31201074,replays/gold_top10_macro_intent_v1/episode-98934666-replay.json,gold_top10_macro_intent_v1,N001,1764,0,0.0
1373,98936949,0,7,16665224,tyz123456,55758423,2878.0,EpisodeType.EPISODE_TYPE_PUBLIC,tyz123456,shyjin,69529.0,59005.0,WIN,exact,720,31615389,replays/gold_top10_macro_intent_v1/episode-98936949-replay.json,gold_top10_macro_intent_v1,N001,1764,0,0.0
1374,98939231,0,7,16665224,tyz123456,55758423,2878.0,EpisodeType.EPISODE_TYPE_PUBLIC,tyz123456,Jerry Hwa,103837.0,89439.0,WIN,exact,720,31629463,replays/gold_top10_macro_intent_v1/episode-98939231-replay.json,gold_top10_macro_intent_v1,N001,1764,0,0.0
1375,98941525,0,7,16665224,tyz123456,55758423,2878.0,EpisodeType.EPISODE_TYPE_PUBLIC,tyz123456,lime0001,63780.0,48841.0,WIN,exact,720,31699578,replays/gold_top10_macro_intent_v1/episode-98941525-replay.json,gold_top10_macro_intent_v1,N001,1764,0,0.0
1376,98943814,1,7,16665224,tyz123456,55758423,2878.0,EpisodeType.EPISODE_TYPE_PUBLIC,tyz123456,Vishal Khomane,117955.0,82764.0,WIN,exact,720,30368307,replays/gold_top10_macro_intent_v1/episode-98943814-replay.json,gold_top10_macro_intent_v1,N002,260,0,0.0
1377,98946112,0,7,16665224,tyz123456,55758423,2878.0,EpisodeType.EPISODE_TYPE_PUBLIC,tyz123456,Ömer Faruk Yüce,59748.0,57192.0,WIN,exact,720,32594037,replays/gold_top10_macro_intent_v1/episode-98946112-replay.json,gold_top10_macro_intent_v1,N001,1764,0,0.0
1378,98946432,1,6,16748154,taiseiu,55739697,2879.3,EpisodeType.EPISODE_TYPE_PUBLIC,taiseiu,Akhil Chinta,52580.0,52642.0,LOSS,exact,720,31605913,replays/gold_top10_macro_intent_v1/episode-98946432-replay.json,gold_top10_macro_intent_v1,N001,1764,0,0.0
1379,98946432,0,10,16663649,Akhil Chinta,55749148,2837.2,EpisodeType.EPISODE_TYPE_PUBLIC,Akhil Chinta,taiseiu,52642.0,52580.0,WIN,exact,720,31605913,replays/gold_top10_macro_intent_v1/episode-98946432-replay.json,gold_top10_macro_intent_v1,N001,1764,0,0.0
1380,98946433,1,4,16686827,Kronki,55740281,2901.0,EpisodeType.EPISODE_TYPE_PUBLIC,Kronki,Aurora,55889.0,50880.0,WIN,exact,720,31379206,replays/gold_top10_macro_intent_v1/episode-98946433-replay.json,gold_top10_macro_intent_v1,N001,1764,0,0.0
1381,98946433,0,8,16655477,Aurora,55729656,2843.0,EpisodeType.EPISODE_TYPE_PUBLIC,Aurora,Kronki,50880.0,55889.0,LOSS,exact,720,31379206,replays/gold_top10_macro_intent_v1/episode-98946433-replay.json,gold_top10_macro_intent_v1,N001,1764,0,0.0
1382,98948408,0,7,16665224,tyz123456,55758423,2878.0,EpisodeType.EPISODE_TYPE_PUBLIC,tyz123456,keniii,140882.0,125341.0,WIN,exact,720,31522909,replays/gold_top10_macro_intent_v1/episode-98948408-replay.json,gold_top10_macro_intent_v1,N001,1764,0,0.0
1383,98950688,1,7,16665224,tyz123456,55758423,2878.0,EpisodeType.EPISODE_TYPE_PUBLIC,tyz123456,Follow Me Gradient,89640.0,66775.0,WIN,exact,720,30427919,replays/gold_top10_macro_intent_v1/episode-98950688-replay.json,gold_top10_macro_intent_v1,N001,1764,0,0.0
1384,98951020,0,1,16714457,Crop Dusta,55714246,3070.6,EpisodeType.EPISODE_TYPE_PUBLIC,Crop Dusta,Aurora,94941.0,73823.0,WIN,exact,720,31149053,replays/gold_top10_macro_intent_v1/episode-98951020-replay.json,gold_top10_macro_intent_v1,N369,1,1,0.0
1385,98951020,1,8,16655477,Aurora,55729656,2843.0,EpisodeType.EPISODE_TYPE_PUBLIC,Aurora,Crop Dusta,73823.0,94941.0,LOSS,exact,720,31149053,replays/gold_top10_macro_intent_v1/episode-98951020-replay.json,gold_top10_macro_intent_v1,N003,247,0,0.0
1386,98951021,0,1,16714457,Crop Dusta,55714246,3070.6,EpisodeType.EPISODE_TYPE_PUBLIC,Crop Dusta,Subramanya N,99174.0,83922.0,WIN,exact,720,30801660,replays/gold_top10_macro_intent_v1/episode-98951021-replay.json,gold_top10_macro_intent_v1,N329,1,1,0.0
1387,98951021,1,3,16705390,Subramanya N,55616096,2953.5,EpisodeType.EPISODE_TYPE_PUBLIC,Subramanya N,Crop Dusta,83922.0,99174.0,LOSS,exact,720,30801660,replays/gold_top10_macro_intent_v1/episode-98951021-replay.json,gold_top10_macro_intent_v1,N463,1,1,0.0
1388,98951022,1,2,16644287,Ryo Hasegawa,55614463,3059.7,EpisodeType.EPISODE_TYPE_PUBLIC,Ryo Hasegawa,Crop Dusta,60233.0,64322.0,LOSS,exact,720,30970048,replays/gold_top10_macro_intent_v1/episode-98951022-replay.json,gold_top10_macro_intent_v1,N657,1,1,0.0
1389,98951023,0,1,16714457,Crop Dusta,55714246,3070.6,EpisodeType.EPISODE_TYPE_PUBLIC,Crop Dusta,Ryo Hasegawa,104044.0,103962.0,WIN,exact,720,30785737,replays/gold_top10_macro_intent_v1/episode-98951023-replay.json,gold_top10_macro_intent_v1,N278,1,1,0.0
1390,98951023,1,2,16644287,Ryo Hasegawa,55614463,3059.7,EpisodeType.EPISODE_TYPE_PUBLIC,Ryo Hasegawa,Crop Dusta,103962.0,104044.0,LOSS,exact,720,30785737,replays/gold_top10_macro_intent_v1/episode-98951023-replay.json,gold_top10_macro_intent_v1,N023,6,0,0.049022480845451355
1391,98952979,1,7,16665224,tyz123456,55758423,2878.0,EpisodeType.EPISODE_TYPE_PUBLIC,tyz123456,JungHwan,120546.0,114605.0,WIN,exact,720,31727331,replays/gold_top10_macro_intent_v1/episode-98952979-replay.json,gold_top10_macro_intent_v1,N003,247,0,0.0
1392,98955273,0,7,16665224,tyz123456,55758423,2878.0,EpisodeType.EPISODE_TYPE_PUBLIC,tyz123456,lelelove1225,129567.0,124712.0,WIN,exact,720,31505009,replays/gold_top10_macro_intent_v1/episode-98955273-replay.json,gold_top10_macro_intent_v1,N002,260,0,0.0
1393,98957566,1,7,16665224,tyz123456,55758423,2878.0,EpisodeType.EPISODE_TYPE_PUBLIC,tyz123456,Collin Christensen,78080.0,77719.0,WIN,exact,720,31130067,replays/gold_top10_macro_intent_v1/episode-98957566-replay.json,gold_top10_macro_intent_v1,N001,1764,0,0.020570458844304085
1394,98959843,1,7,16665224,tyz123456,55758423,2878.0,EpisodeType.EPISODE_TYPE_PUBLIC,tyz123456,bplyc15,53904.0,63721.0,LOSS,exact,720,30087510,replays/gold_top10_macro_intent_v1/episode-98959843-replay.json,gold_top10_macro_intent_v1,N003,247,0,0.0
1395,98962122,0,7,16665224,tyz123456,55758423,2878.0,EpisodeType.EPISODE_TYPE_PUBLIC,tyz123456,James Holland,141143.0,135866.0,WIN,exact,720,31684758,replays/gold_top10_macro_intent_v1/episode-98962122-replay.json,gold_top10_macro_intent_v1,N001,1764,0,0.0
1396,98964398,0,7,16665224,tyz123456,55758423,2878.0,EpisodeType.EPISODE_TYPE_PUBLIC,tyz123456,Xiaowenhao404,88630.0,81704.0,WIN,exact,720,30774528,replays/gold_top10_macro_intent_v1/episode-98964398-replay.json,gold_top10_macro_intent_v1,N003,247,0,0.0
1397,98966687,1,7,16665224,tyz123456,55758423,2878.0,EpisodeType.EPISODE_TYPE_PUBLIC,tyz123456,Ivan Aleksandrov,78794.0,70584.0,WIN,exact,720,31333860,replays/gold_top10_macro_intent_v1/episode-98966687-replay.json,gold_top10_macro_intent_v1,N001,1764,0,0.0
1398,98968977,0,7,16665224,tyz123456,55758423,2878.0,EpisodeType.EPISODE_TYPE_PUBLIC,tyz123456,srijan k.r keshri,102881.0,97074.0,WIN,exact,720,32176439,replays/gold_top10_macro_intent_v1/episode-98968977-replay.json,gold_top10_macro_intent_v1,N001,1764,0,0.0
1399,98971255,0,7,16665224,tyz123456,55758423,2878.0,EpisodeType.EPISODE_TYPE_PUBLIC,tyz123456,Homii_N,85843.0,80472.0,WIN,exact,720,31469916,replays/gold_top10_macro_intent_v1/episode-98971255-replay.json,gold_top10_macro_intent_v1,N001,1764,0,0.0
1400,98973548,0,7,16665224,tyz123456,55758423,2878.0,EpisodeType.EPISODE_TYPE_PUBLIC,tyz123456,Tom3,147264.0,135105.0,WIN,exact,720,31475399,replays/gold_top10_macro_intent_v1/episode-98973548-replay.json,gold_top10_macro_intent_v1,N001,1764,0,0.0
1401,98973807,1,6,16748154,taiseiu,55739697,2879.3,EpisodeType.EPISODE_TYPE_PUBLIC,taiseiu,Yizuki,96126.0,92332.0,WIN,exact,720,31526799,replays/gold_top10_macro_intent_v1/episode-98973807-replay.json,gold_top10_macro_intent_v1,N001,1764,0,0.0
1402,98973807,0,9,16762957,Yizuki,55731561,2840.2,EpisodeType.EPISODE_TYPE_PUBLIC,Yizuki,taiseiu,92332.0,96126.0,LOSS,exact,720,31526799,replays/gold_top10_macro_intent_v1/episode-98973807-replay.json,gold_top10_macro_intent_v1,N001,1764,0,0.0
1403,98973808,1,5,16711376,Arman Tuganbaev,55617399,2897.3,EpisodeType.EPISODE_TYPE_PUBLIC,Arman Tuganbaev,Aurora,109355.0,120888.0,LOSS,exact,720,31608178,replays/gold_top10_macro_intent_v1/episode-98973808-replay.json,gold_top10_macro_intent_v1,N012,10,0,0.06668514013290405
1404,98973808,0,8,16655477,Aurora,55729656,2843.0,EpisodeType.EPISODE_TYPE_PUBLIC,Aurora,Arman Tuganbaev,120888.0,109355.0,WIN,exact,720,31608178,replays/gold_top10_macro_intent_v1/episode-98973808-replay.json,gold_top10_macro_intent_v1,N001,1764,0,0.0
1405,98975840,1,7,16665224,tyz123456,55758423,2878.0,EpisodeType.EPISODE_TYPE_PUBLIC,tyz123456,Suneeth reddy,52346.0,44782.0,WIN,exact,720,32009141,replays/gold_top10_macro_intent_v1/episode-98975840-replay.json,gold_top10_macro_intent_v1,N001,1764,0,0.0
1406,98978116,0,7,16665224,tyz123456,55758423,2878.0,EpisodeType.EPISODE_TYPE_PUBLIC,tyz123456,johnny,99906.0,97308.0,WIN,exact,720,32592705,replays/gold_top10_macro_intent_v1/episode-98978116-replay.json,gold_top10_macro_intent_v1,N001,1764,0,0.0
1407,98978231,1,8,16655477,Aurora,55729656,2843.0,EpisodeType.EPISODE_TYPE_PUBLIC,Aurora,OceanMix,99289.0,118364.0,LOSS,exact,720,31071977,replays/gold_top10_macro_intent_v1/episode-98978231-replay.json,gold_top10_macro_intent_v1,N001,1764,0,0.020570458844304085
1408,98980390,1,7,16665224,tyz123456,55758423,2878.0,EpisodeType.EPISODE_TYPE_PUBLIC,tyz123456,Lucien de Rubempre,57783.0,51856.0,WIN,exact,720,31457069,replays/gold_top10_macro_intent_v1/episode-98980390-replay.json,gold_top10_macro_intent_v1,N001,1764,0,0.0
1409,98982677,1,7,16665224,tyz123456,55758423,2878.0,EpisodeType.EPISODE_TYPE_PUBLIC,tyz123456,Ivan Aleksandrov,76055.0,69161.0,WIN,exact,720,31466607,replays/gold_top10_macro_intent_v1/episode-98982677-replay.json,gold_top10_macro_intent_v1,N001,1764,0,0.0
1410,98984964,1,7,16665224,tyz123456,55758423,2878.0,EpisodeType.EPISODE_TYPE_PUBLIC,tyz123456,Arda Ceylan,87745.0,86201.0,WIN,exact,720,31406239,replays/gold_top10_macro_intent_v1/episode-98984964-replay.json,gold_top10_macro_intent_v1,N001,1764,0,0.0
1411,98987253,1,7,16665224,tyz123456,55758423,2878.0,EpisodeType.EPISODE_TYPE_PUBLIC,tyz123456,tetsuya,85746.0,103856.0,LOSS,exact,720,31011032,replays/gold_top10_macro_intent_v1/episode-98987253-replay.json,gold_top10_macro_intent_v1,N001,1764,0,0.0
1412,98989537,1,7,16665224,tyz123456,55758423,2878.0,EpisodeType.EPISODE_TYPE_PUBLIC,tyz123456,G!vIOne,72852.0,73485.0,LOSS,exact,720,31041405,replays/gold_top10_macro_intent_v1/episode-98989537-replay.json,gold_top10_macro_intent_v1,N001,1764,0,0.020570458844304085
1413,98991816,0,7,16665224,tyz123456,55758423,2878.0,EpisodeType.EPISODE_TYPE_PUBLIC,tyz123456,GPTatoes,79750.0,72907.0,WIN,exact,720,31461450,replays/gold_top10_macro_intent_v1/episode-98991816-replay.json,gold_top10_macro_intent_v1,N001,1764,0,0.0
1414,98991940,0,6,16748154,taiseiu,55739697,2879.3,EpisodeType.EPISODE_TYPE_PUBLIC,taiseiu,OceanMix,53810.0,53396.0,WIN,exact,720,31394208,replays/gold_top10_macro_intent_v1/episode-98991940-replay.json,gold_top10_macro_intent_v1,N001,1764,0,0.0
1415,98994101,1,7,16665224,tyz123456,55758423,2878.0,EpisodeType.EPISODE_TYPE_PUBLIC,tyz123456,Zejun_,94626.0,89383.0,WIN,exact,720,31467886,replays/gold_top10_macro_intent_v1/episode-98994101-replay.json,gold_top10_macro_intent_v1,N001,1764,0,0.0
1416,98996407,1,7,16665224,tyz123456,55758423,2878.0,EpisodeType.EPISODE_TYPE_PUBLIC,tyz123456,MiMi,86143.0,85272.0,WIN,exact,720,32196700,replays/gold_top10_macro_intent_v1/episode-98996407-replay.json,gold_top10_macro_intent_v1,N001,1764,0,0.0
1417,98998693,0,7,16665224,tyz123456,55758423,2878.0,EpisodeType.EPISODE_TYPE_PUBLIC,tyz123456,tingyu516,87606.0,85356.0,WIN,exact,720,30463679,replays/gold_top10_macro_intent_v1/episode-98998693-replay.json,gold_top10_macro_intent_v1,N003,247,0,0.014453570358455181
1418,98998869,0,10,16663649,Akhil Chinta,55749148,2837.2,EpisodeType.EPISODE_TYPE_PUBLIC,Akhil Chinta,Lenin Goud,56411.0,56004.0,WIN,exact,720,31610734,replays/gold_top10_macro_intent_v1/episode-98998869-replay.json,gold_top10_macro_intent_v1,N001,1764,0,0.0
1419,98998884,0,4,16686827,Kronki,55740281,2901.0,EpisodeType.EPISODE_TYPE_PUBLIC,Kronki,Yizuki,112901.0,108548.0,WIN,exact,720,31470108,replays/gold_top10_macro_intent_v1/episode-98998884-replay.json,gold_top10_macro_intent_v1,N001,1764,0,0.0
1420,98998884,1,9,16762957,Yizuki,55731561,2840.2,EpisodeType.EPISODE_TYPE_PUBLIC,Yizuki,Kronki,108548.0,112901.0,LOSS,exact,720,31470108,replays/gold_top10_macro_intent_v1/episode-98998884-replay.json,gold_top10_macro_intent_v1,N001,1764,0,0.0
1421,99000984,1,7,16665224,tyz123456,55758423,2878.0,EpisodeType.EPISODE_TYPE_PUBLIC,tyz123456,Bharath Varma,51184.0,45587.0,WIN,exact,720,31452590,replays/gold_top10_macro_intent_v1/episode-99000984-replay.json,gold_top10_macro_intent_v1,N001,1764,0,0.0
1422,99001098,1,7,16665224,tyz123456,55758423,2878.0,EpisodeType.EPISODE_TYPE_PUBLIC,tyz123456,OceanMix,34274.0,32310.0,WIN,exact,720,31592330,replays/gold_top10_macro_intent_v1/episode-99001098-replay.json,gold_top10_macro_intent_v1,N001,1764,0,0.0
1423,99003281,0,7,16665224,tyz123456,55758423,2878.0,EpisodeType.EPISODE_TYPE_PUBLIC,tyz123456,Zejun_,82130.0,74041.0,WIN,exact,720,31467340,replays/gold_top10_macro_intent_v1/episode-99003281-replay.json,gold_top10_macro_intent_v1,N001,1764,0,0.0
1424,99003467,1,3,16705390,Subramanya N,55616096,2953.5,EpisodeType.EPISODE_TYPE_PUBLIC,Subramanya N,Arman Tuganbaev,105073.0,94458.0,WIN,exact,720,30071796,replays/gold_top10_macro_intent_v1/episode-99003467-replay.json,gold_top10_macro_intent_v1,N266,1,1,0.0
1425,99003467,0,5,16711376,Arman Tuganbaev,55617399,2897.3,EpisodeType.EPISODE_TYPE_PUBLIC,Arman Tuganbaev,Subramanya N,94458.0,105073.0,LOSS,exact,720,30071796,replays/gold_top10_macro_intent_v1/episode-99003467-replay.json,gold_top10_macro_intent_v1,N068,2,0,0.031094860285520554
1426,99003468,0,3,16705390,Subramanya N,55616096,2953.5,EpisodeType.EPISODE_TYPE_PUBLIC,Subramanya N,Crop Dusta,53989.0,71971.0,LOSS,exact,720,29208910,replays/gold_top10_macro_intent_v1/episode-99003468-replay.json,gold_top10_macro_intent_v1,N674,1,1,0.0
1427,99003469,0,1,16714457,Crop Dusta,55714246,3070.6,EpisodeType.EPISODE_TYPE_PUBLIC,Crop Dusta,Ryo Hasegawa,94474.0,93555.0,WIN,exact,720,31754817,replays/gold_top10_macro_intent_v1/episode-99003469-replay.json,gold_top10_macro_intent_v1,N078,2,0,0.08663743734359741
1428,99003469,1,2,16644287,Ryo Hasegawa,55614463,3059.7,EpisodeType.EPISODE_TYPE_PUBLIC,Ryo Hasegawa,Crop Dusta,93555.0,94474.0,LOSS,exact,720,31754817,replays/gold_top10_macro_intent_v1/episode-99003469-replay.json,gold_top10_macro_intent_v1,N007,16,0,0.08324030786752701
1429,99003470,1,1,16714457,Crop Dusta,55714246,3070.6,EpisodeType.EPISODE_TYPE_PUBLIC,Crop Dusta,Ryo Hasegawa,89281.0,81978.0,WIN,exact,720,31520771,replays/gold_top10_macro_intent_v1/episode-99003470-replay.json,gold_top10_macro_intent_v1,N411,1,1,0.0
1430,99003470,0,2,16644287,Ryo Hasegawa,55614463,3059.7,EpisodeType.EPISODE_TYPE_PUBLIC,Ryo Hasegawa,Crop Dusta,81978.0,89281.0,LOSS,exact,720,31520771,replays/gold_top10_macro_intent_v1/episode-99003470-replay.json,gold_top10_macro_intent_v1,N099,2,0,0.10834669321775436
1431,99005630,1,7,16665224,tyz123456,55758423,2878.0,EpisodeType.EPISODE_TYPE_PUBLIC,tyz123456,Yizuki,114820.0,104146.0,WIN,exact,720,31476561,replays/gold_top10_macro_intent_v1/episode-99005630-replay.json,gold_top10_macro_intent_v1,N001,1764,0,0.0
1432,99005630,0,9,16762957,Yizuki,55731561,2840.2,EpisodeType.EPISODE_TYPE_PUBLIC,Yizuki,tyz123456,104146.0,114820.0,LOSS,exact,720,31476561,replays/gold_top10_macro_intent_v1/episode-99005630-replay.json,gold_top10_macro_intent_v1,N001,1764,0,0.0
1433,99007837,0,7,16665224,tyz123456,55758423,2878.0,EpisodeType.EPISODE_TYPE_PUBLIC,tyz123456,OceanMix,115654.0,110553.0,WIN,exact,720,30000072,replays/gold_top10_macro_intent_v1/episode-99007837-replay.json,gold_top10_macro_intent_v1,N002,260,0,0.0
1434,99010121,1,7,16665224,tyz123456,55758423,2878.0,EpisodeType.EPISODE_TYPE_PUBLIC,tyz123456,Zejun_,91119.0,97211.0,LOSS,exact,720,30716959,replays/gold_top10_macro_intent_v1/episode-99010121-replay.json,gold_top10_macro_intent_v1,N001,1764,0,0.020570458844304085
1435,99012394,1,7,16665224,tyz123456,55758423,2878.0,EpisodeType.EPISODE_TYPE_PUBLIC,tyz123456,Aurora,102402.0,95612.0,WIN,exact,720,31459222,replays/gold_top10_macro_intent_v1/episode-99012394-replay.json,gold_top10_macro_intent_v1,N001,1764,0,0.0
1436,99012394,0,8,16655477,Aurora,55729656,2843.0,EpisodeType.EPISODE_TYPE_PUBLIC,Aurora,tyz123456,95612.0,102402.0,LOSS,exact,720,31459222,replays/gold_top10_macro_intent_v1/episode-99012394-replay.json,gold_top10_macro_intent_v1,N001,1764,0,0.0
1437,99014685,1,7,16665224,tyz123456,55758423,2878.0,EpisodeType.EPISODE_TYPE_PUBLIC,tyz123456,G!vIOne,79296.0,80792.0,LOSS,exact,720,30971248,replays/gold_top10_macro_intent_v1/episode-99014685-replay.json,gold_top10_macro_intent_v1,N001,1764,0,0.020570458844304085
1438,99016968,0,7,16665224,tyz123456,55758423,2878.0,EpisodeType.EPISODE_TYPE_PUBLIC,tyz123456,u,65132.0,60535.0,WIN,exact,720,31392506,replays/gold_top10_macro_intent_v1/episode-99016968-replay.json,gold_top10_macro_intent_v1,N001,1764,0,0.0
1439,99019249,0,7,16665224,tyz123456,55758423,2878.0,EpisodeType.EPISODE_TYPE_PUBLIC,tyz123456,Arda Ceylan,56170.0,56582.0,LOSS,exact,720,31181302,replays/gold_top10_macro_intent_v1/episode-99019249-replay.json,gold_top10_macro_intent_v1,N001,1764,0,0.020570458844304085
1440,99021547,0,7,16665224,tyz123456,55758423,2878.0,EpisodeType.EPISODE_TYPE_PUBLIC,tyz123456,tetsuya,67981.0,57574.0,WIN,exact,720,31292315,replays/gold_top10_macro_intent_v1/episode-99021547-replay.json,gold_top10_macro_intent_v1,N001,1764,0,0.0
1441,99023837,0,7,16665224,tyz123456,55758423,2878.0,EpisodeType.EPISODE_TYPE_PUBLIC,tyz123456,G!vIOne,100476.0,96525.0,WIN,exact,720,31441528,replays/gold_top10_macro_intent_v1/episode-99023837-replay.json,gold_top10_macro_intent_v1,N001,1764,0,0.0
1442,99026119,0,7,16665224,tyz123456,55758423,2878.0,EpisodeType.EPISODE_TYPE_PUBLIC,tyz123456,Zejun_,42634.0,36875.0,WIN,exact,720,31459870,replays/gold_top10_macro_intent_v1/episode-99026119-replay.json,gold_top10_macro_intent_v1,N001,1764,0,0.0
1443,99028410,1,7,16665224,tyz123456,55758423,2878.0,EpisodeType.EPISODE_TYPE_PUBLIC,tyz123456,GUAM,138198.0,123874.0,WIN,exact,720,30596311,replays/gold_top10_macro_intent_v1/episode-99028410-replay.json,gold_top10_macro_intent_v1,N001,1764,0,0.020570458844304085
1444,99030700,1,7,16665224,tyz123456,55758423,2878.0,EpisodeType.EPISODE_TYPE_PUBLIC,tyz123456,G!vIOne,98420.0,94878.0,WIN,exact,720,31443287,replays/gold_top10_macro_intent_v1/episode-99030700-replay.json,gold_top10_macro_intent_v1,N001,1764,0,0.0
1445,99032997,0,7,16665224,tyz123456,55758423,2878.0,EpisodeType.EPISODE_TYPE_PUBLIC,tyz123456,Yizuki,58697.0,56457.0,WIN,exact,720,30291514,replays/gold_top10_macro_intent_v1/episode-99032997-replay.json,gold_top10_macro_intent_v1,N002,260,0,0.008158447220921516
1446,99032997,1,9,16762957,Yizuki,55731561,2840.2,EpisodeType.EPISODE_TYPE_PUBLIC,Yizuki,tyz123456,56457.0,58697.0,LOSS,exact,720,30291514,replays/gold_top10_macro_intent_v1/episode-99032997-replay.json,gold_top10_macro_intent_v1,N002,260,0,0.0
1447,99035284,1,7,16665224,tyz123456,55758423,2878.0,EpisodeType.EPISODE_TYPE_PUBLIC,tyz123456,Bharath Varma,98339.0,88452.0,WIN,exact,720,31477559,replays/gold_top10_macro_intent_v1/episode-99035284-replay.json,gold_top10_macro_intent_v1,N001,1764,0,0.0
1448,99037568,0,7,16665224,tyz123456,55758423,2878.0,EpisodeType.EPISODE_TYPE_PUBLIC,tyz123456,tetsuya,66076.0,74387.0,LOSS,exact,720,31570683,replays/gold_top10_macro_intent_v1/episode-99037568-replay.json,gold_top10_macro_intent_v1,N001,1764,0,0.0
1449,99039862,1,7,16665224,tyz123456,55758423,2878.0,EpisodeType.EPISODE_TYPE_PUBLIC,tyz123456,OceanMix,69348.0,66372.0,WIN,exact,720,31138917,replays/gold_top10_macro_intent_v1/episode-99039862-replay.json,gold_top10_macro_intent_v1,N001,1764,0,0.020570458844304085
1450,99042143,0,7,16665224,tyz123456,55758423,2878.0,EpisodeType.EPISODE_TYPE_PUBLIC,tyz123456,nao.kwmr,106855.0,99516.0,WIN,exact,720,31471121,replays/gold_top10_macro_intent_v1/episode-99042143-replay.json,gold_top10_macro_intent_v1,N001,1764,0,0.0
1451,99044420,1,7,16665224,tyz123456,55758423,2878.0,EpisodeType.EPISODE_TYPE_PUBLIC,tyz123456,Yizuki,149034.0,146874.0,WIN,exact,720,30315729,replays/gold_top10_macro_intent_v1/episode-99044420-replay.json,gold_top10_macro_intent_v1,N002,260,0,0.0
1452,99044420,0,9,16762957,Yizuki,55731561,2840.2,EpisodeType.EPISODE_TYPE_PUBLIC,Yizuki,tyz123456,146874.0,149034.0,LOSS,exact,720,30315729,replays/gold_top10_macro_intent_v1/episode-99044420-replay.json,gold_top10_macro_intent_v1,N002,260,0,0.0
1453,99046695,0,7,16665224,tyz123456,55758423,2878.0,EpisodeType.EPISODE_TYPE_PUBLIC,tyz123456,Aurora,121636.0,114134.0,WIN,exact,720,31463509,replays/gold_top10_macro_intent_v1/episode-99046695-replay.json,gold_top10_macro_intent_v1,N001,1764,0,0.0
1454,99046695,1,8,16655477,Aurora,55729656,2843.0,EpisodeType.EPISODE_TYPE_PUBLIC,Aurora,tyz123456,114134.0,121636.0,LOSS,exact,720,31463509,replays/gold_top10_macro_intent_v1/episode-99046695-replay.json,gold_top10_macro_intent_v1,N001,1764,0,0.009466666728258133
1455,99046785,1,5,16711376,Arman Tuganbaev,55617399,2897.3,EpisodeType.EPISODE_TYPE_PUBLIC,Arman Tuganbaev,taiseiu,132136.0,122948.0,WIN,exact,720,31845306,replays/gold_top10_macro_intent_v1/episode-99046785-replay.json,gold_top10_macro_intent_v1,N026,5,0,0.07948939502239227
1456,99046785,0,6,16748154,taiseiu,55739697,2879.3,EpisodeType.EPISODE_TYPE_PUBLIC,taiseiu,Arman Tuganbaev,122948.0,132136.0,LOSS,exact,720,31845306,replays/gold_top10_macro_intent_v1/episode-99046785-replay.json,gold_top10_macro_intent_v1,N001,1764,0,0.020570458844304085
1457,99048971,0,7,16665224,tyz123456,55758423,2878.0,EpisodeType.EPISODE_TYPE_PUBLIC,tyz123456,OceanMix,64135.0,60406.0,WIN,exact,720,31534045,replays/gold_top10_macro_intent_v1/episode-99048971-replay.json,gold_top10_macro_intent_v1,N001,1764,0,0.0
1458,99051260,0,6,16748154,taiseiu,55739697,2879.3,EpisodeType.EPISODE_TYPE_PUBLIC,taiseiu,tyz123456,37150.0,41704.0,LOSS,exact,720,31471254,replays/gold_top10_macro_intent_v1/episode-99051260-replay.json,gold_top10_macro_intent_v1,N001,1764,0,0.0
1459,99051260,1,7,16665224,tyz123456,55758423,2878.0,EpisodeType.EPISODE_TYPE_PUBLIC,tyz123456,taiseiu,41704.0,37150.0,WIN,exact,720,31471254,replays/gold_top10_macro_intent_v1/episode-99051260-replay.json,gold_top10_macro_intent_v1,N001,1764,0,0.0
1460,99051345,1,7,16665224,tyz123456,55758423,2878.0,EpisodeType.EPISODE_TYPE_PUBLIC,tyz123456,Ryo Hasegawa,132096.0,124537.0,WIN,exact,720,30999261,replays/gold_top10_macro_intent_v1/episode-99051345-replay.json,gold_top10_macro_intent_v1,N002,260,0,0.0
1461,99053563,1,7,16665224,tyz123456,55758423,2878.0,EpisodeType.EPISODE_TYPE_PUBLIC,tyz123456,Ryo Hasegawa,68301.0,80335.0,LOSS,exact,720,31710456,replays/gold_top10_macro_intent_v1/episode-99053563-replay.json,gold_top10_macro_intent_v1,N001,1764,0,0.0
1462,99053623,0,10,16663649,Akhil Chinta,55749148,2837.2,EpisodeType.EPISODE_TYPE_PUBLIC,Akhil Chinta,OceanMix,71144.0,70319.0,WIN,exact,720,31015561,replays/gold_top10_macro_intent_v1/episode-99053623-replay.json,gold_top10_macro_intent_v1,N001,1764,0,0.0
1463,99053624,0,4,16686827,Kronki,55740281,2901.0,EpisodeType.EPISODE_TYPE_PUBLIC,Kronki,taiseiu,88905.0,86909.0,WIN,exact,720,31375260,replays/gold_top10_macro_intent_v1/episode-99053624-replay.json,gold_top10_macro_intent_v1,N001,1764,0,0.0
1464,99053624,1,6,16748154,taiseiu,55739697,2879.3,EpisodeType.EPISODE_TYPE_PUBLIC,taiseiu,Kronki,86909.0,88905.0,LOSS,exact,720,31375260,replays/gold_top10_macro_intent_v1/episode-99053624-replay.json,gold_top10_macro_intent_v1,N001,1764,0,0.020570458844304085
1465,99058160,0,2,16644287,Ryo Hasegawa,55614463,3059.7,EpisodeType.EPISODE_TYPE_PUBLIC,Ryo Hasegawa,Subramanya N,76603.0,70946.0,WIN,exact,720,29992187,replays/gold_top10_macro_intent_v1/episode-99058160-replay.json,gold_top10_macro_intent_v1,N535,1,1,0.0
1466,99058160,1,3,16705390,Subramanya N,55616096,2953.5,EpisodeType.EPISODE_TYPE_PUBLIC,Subramanya N,Ryo Hasegawa,70946.0,76603.0,LOSS,exact,720,29992187,replays/gold_top10_macro_intent_v1/episode-99058160-replay.json,gold_top10_macro_intent_v1,N587,1,1,0.0
1467,99058162,1,2,16644287,Ryo Hasegawa,55614463,3059.7,EpisodeType.EPISODE_TYPE_PUBLIC,Ryo Hasegawa,Crop Dusta,99078.0,102204.0,LOSS,exact,720,31400367,replays/gold_top10_macro_intent_v1/episode-99058162-replay.json,gold_top10_macro_intent_v1,N333,1,1,0.0
1468,99058164,0,1,16714457,Crop Dusta,55714246,3070.6,EpisodeType.EPISODE_TYPE_PUBLIC,Crop Dusta,Ryo Hasegawa,139632.0,152604.0,LOSS,exact,720,31241702,replays/gold_top10_macro_intent_v1/episode-99058164-replay.json,gold_top10_macro_intent_v1,N131,1,1,0.0
1469,99058164,1,2,16644287,Ryo Hasegawa,55614463,3059.7,EpisodeType.EPISODE_TYPE_PUBLIC,Ryo Hasegawa,Crop Dusta,152604.0,139632.0,WIN,exact,720,31241702,replays/gold_top10_macro_intent_v1/episode-99058164-replay.json,gold_top10_macro_intent_v1,N007,16,0,0.06839889287948608
1470,99058165,1,2,16644287,Ryo Hasegawa,55614463,3059.7,EpisodeType.EPISODE_TYPE_PUBLIC,Ryo Hasegawa,Crop Dusta,59599.0,60408.0,LOSS,exact,720,31192341,replays/gold_top10_macro_intent_v1/episode-99058165-replay.json,gold_top10_macro_intent_v1,N659,1,1,0.0
1471,99065059,0,7,16665224,tyz123456,55758423,2878.0,EpisodeType.EPISODE_TYPE_PUBLIC,tyz123456,G!vIOne,69299.0,66345.0,WIN,exact,720,31372536,replays/gold_top10_macro_intent_v1/episode-99065059-replay.json,gold_top10_macro_intent_v1,N001,1764,0,0.0
1472,99087874,0,7,16665224,tyz123456,55758423,2878.0,EpisodeType.EPISODE_TYPE_PUBLIC,tyz123456,Yizuki,93135.0,89155.0,WIN,exact,720,30773013,replays/gold_top10_macro_intent_v1/episode-99087874-replay.json,gold_top10_macro_intent_v1,N003,247,0,0.0
1473,99087874,1,9,16762957,Yizuki,55731561,2840.2,EpisodeType.EPISODE_TYPE_PUBLIC,Yizuki,tyz123456,89155.0,93135.0,LOSS,exact,720,30773013,replays/gold_top10_macro_intent_v1/episode-99087874-replay.json,gold_top10_macro_intent_v1,N003,247,0,0.0
1474,99096915,0,10,16663649,Akhil Chinta,55749148,2837.2,EpisodeType.EPISODE_TYPE_PUBLIC,Akhil Chinta,nao.kwmr,80223.0,79861.0,WIN,exact,720,31539685,replays/gold_top10_macro_intent_v1/episode-99096915-replay.json,gold_top10_macro_intent_v1,N001,1764,0,0.0
1475,99099211,0,10,16663649,Akhil Chinta,55749148,2837.2,EpisodeType.EPISODE_TYPE_PUBLIC,Akhil Chinta,OceanMix,47946.0,46864.0,WIN,exact,720,31024902,replays/gold_top10_macro_intent_v1/episode-99099211-replay.json,gold_top10_macro_intent_v1,N001,1764,0,0.0
1476,99101517,1,6,16748154,taiseiu,55739697,2879.3,EpisodeType.EPISODE_TYPE_PUBLIC,taiseiu,Aurora,96956.0,94471.0,WIN,exact,720,29913302,replays/gold_top10_macro_intent_v1/episode-99101517-replay.json,gold_top10_macro_intent_v1,N002,260,0,0.0
1477,99101517,0,8,16655477,Aurora,55729656,2843.0,EpisodeType.EPISODE_TYPE_PUBLIC,Aurora,taiseiu,94471.0,96956.0,LOSS,exact,720,29913302,replays/gold_top10_macro_intent_v1/episode-99101517-replay.json,gold_top10_macro_intent_v1,N002,260,0,0.0
1478,99101522,1,5,16711376,Arman Tuganbaev,55617399,2897.3,EpisodeType.EPISODE_TYPE_PUBLIC,Arman Tuganbaev,tyz123456,116432.0,112369.0,WIN,exact,720,31408996,replays/gold_top10_macro_intent_v1/episode-99101522-replay.json,gold_top10_macro_intent_v1,N012,10,1,0.0
1479,99101522,0,7,16665224,tyz123456,55758423,2878.0,EpisodeType.EPISODE_TYPE_PUBLIC,tyz123456,Arman Tuganbaev,112369.0,116432.0,LOSS,exact,720,31408996,replays/gold_top10_macro_intent_v1/episode-99101522-replay.json,gold_top10_macro_intent_v1,N001,1764,0,0.0
1480,99108385,1,7,16665224,tyz123456,55758423,2878.0,EpisodeType.EPISODE_TYPE_PUBLIC,tyz123456,Ryo Hasegawa,79069.0,75647.0,WIN,exact,720,31871127,replays/gold_top10_macro_intent_v1/episode-99108385-replay.json,gold_top10_macro_intent_v1,N001,1764,0,0.0
1481,99108392,0,4,16686827,Kronki,55740281,2901.0,EpisodeType.EPISODE_TYPE_PUBLIC,Kronki,Arman Tuganbaev,133217.0,123447.0,WIN,exact,720,31918089,replays/gold_top10_macro_intent_v1/episode-99108392-replay.json,gold_top10_macro_intent_v1,N001,1764,0,0.0
1482,99108392,1,5,16711376,Arman Tuganbaev,55617399,2897.3,EpisodeType.EPISODE_TYPE_PUBLIC,Arman Tuganbaev,Kronki,123447.0,133217.0,LOSS,exact,720,31918089,replays/gold_top10_macro_intent_v1/episode-99108392-replay.json,gold_top10_macro_intent_v1,N026,5,0,0.0385606475174427
1483,99115169,0,2,16644287,Ryo Hasegawa,55614463,3059.7,EpisodeType.EPISODE_TYPE_PUBLIC,Ryo Hasegawa,Subramanya N,102699.0,98230.0,WIN,exact,720,29765990,replays/gold_top10_macro_intent_v1/episode-99115169-replay.json,gold_top10_macro_intent_v1,N289,1,1,0.0
1484,99115169,1,3,16705390,Subramanya N,55616096,2953.5,EpisodeType.EPISODE_TYPE_PUBLIC,Subramanya N,Ryo Hasegawa,98230.0,102699.0,LOSS,exact,720,29765990,replays/gold_top10_macro_intent_v1/episode-99115169-replay.json,gold_top10_macro_intent_v1,N339,1,1,0.0
1485,99115171,0,1,16714457,Crop Dusta,55714246,3070.6,EpisodeType.EPISODE_TYPE_PUBLIC,Crop Dusta,Arman Tuganbaev,125989.0,85472.0,WIN,exact,720,31879509,replays/gold_top10_macro_intent_v1/episode-99115171-replay.json,gold_top10_macro_intent_v1,N163,1,1,0.0
1486,99115171,1,5,16711376,Arman Tuganbaev,55617399,2897.3,EpisodeType.EPISODE_TYPE_PUBLIC,Arman Tuganbaev,Crop Dusta,85472.0,125989.0,LOSS,exact,720,31879509,replays/gold_top10_macro_intent_v1/episode-99115171-replay.json,gold_top10_macro_intent_v1,N444,1,1,0.0
1487,99115180,0,2,16644287,Ryo Hasegawa,55614463,3059.7,EpisodeType.EPISODE_TYPE_PUBLIC,Ryo Hasegawa,Crop Dusta,82436.0,83511.0,LOSS,exact,720,31554590,replays/gold_top10_macro_intent_v1/episode-99115180-replay.json,gold_top10_macro_intent_v1,N478,1,1,0.0
1488,99115197,0,1,16714457,Crop Dusta,55714246,3070.6,EpisodeType.EPISODE_TYPE_PUBLIC,Crop Dusta,Ryo Hasegawa,112941.0,95029.0,WIN,exact,720,31809105,replays/gold_top10_macro_intent_v1/episode-99115197-replay.json,gold_top10_macro_intent_v1,N230,1,1,0.0
1489,99115197,1,2,16644287,Ryo Hasegawa,55614463,3059.7,EpisodeType.EPISODE_TYPE_PUBLIC,Ryo Hasegawa,Crop Dusta,95029.0,112941.0,LOSS,exact,720,31809105,replays/gold_top10_macro_intent_v1/episode-99115197-replay.json,gold_top10_macro_intent_v1,N077,2,0,0.09010512381792068
1490,99142540,0,8,16655477,Aurora,55729656,2843.0,EpisodeType.EPISODE_TYPE_PUBLIC,Aurora,Yizuki,44476.0,43448.0,WIN,exact,720,31654688,replays/gold_top10_macro_intent_v1/episode-99142540-replay.json,gold_top10_macro_intent_v1,N001,1764,0,0.0
1491,99142540,1,9,16762957,Yizuki,55731561,2840.2,EpisodeType.EPISODE_TYPE_PUBLIC,Yizuki,Aurora,43448.0,44476.0,LOSS,exact,720,31654688,replays/gold_top10_macro_intent_v1/episode-99142540-replay.json,gold_top10_macro_intent_v1,N001,1764,0,0.0
1492,99147101,0,4,16686827,Kronki,55740281,2901.0,EpisodeType.EPISODE_TYPE_PUBLIC,Kronki,tyz123456,76507.0,75822.0,WIN,exact,720,30965365,replays/gold_top10_macro_intent_v1/episode-99147101-replay.json,gold_top10_macro_intent_v1,N003,247,0,0.0
1493,99147101,1,7,16665224,tyz123456,55758423,2878.0,EpisodeType.EPISODE_TYPE_PUBLIC,tyz123456,Kronki,75822.0,76507.0,LOSS,exact,720,30965365,replays/gold_top10_macro_intent_v1/episode-99147101-replay.json,gold_top10_macro_intent_v1,N003,247,0,0.0
1494,99153933,1,10,16663649,Akhil Chinta,55749148,2837.2,EpisodeType.EPISODE_TYPE_PUBLIC,Akhil Chinta,tetsuya,88463.0,93507.0,LOSS,exact,720,31586029,replays/gold_top10_macro_intent_v1/episode-99153933-replay.json,gold_top10_macro_intent_v1,N001,1764,0,0.0
1495,99156211,1,6,16748154,taiseiu,55739697,2879.3,EpisodeType.EPISODE_TYPE_PUBLIC,taiseiu,Ryo Hasegawa,40456.0,47723.0,LOSS,exact,720,31739720,replays/gold_top10_macro_intent_v1/episode-99156211-replay.json,gold_top10_macro_intent_v1,N001,1764,0,0.0
1496,99169912,1,3,16705390,Subramanya N,55616096,2953.5,EpisodeType.EPISODE_TYPE_PUBLIC,Subramanya N,Aurora,107692.0,98609.0,WIN,exact,720,30510860,replays/gold_top10_macro_intent_v1/episode-99169912-replay.json,gold_top10_macro_intent_v1,N253,1,1,0.0
1497,99169912,0,8,16655477,Aurora,55729656,2843.0,EpisodeType.EPISODE_TYPE_PUBLIC,Aurora,Subramanya N,98609.0,107692.0,LOSS,exact,720,30510860,replays/gold_top10_macro_intent_v1/episode-99169912-replay.json,gold_top10_macro_intent_v1,N003,247,0,0.0
1498,99169915,0,2,16644287,Ryo Hasegawa,55614463,3059.7,EpisodeType.EPISODE_TYPE_PUBLIC,Ryo Hasegawa,Crop Dusta,143012.0,138963.0,WIN,exact,720,31214554,replays/gold_top10_macro_intent_v1/episode-99169915-replay.json,gold_top10_macro_intent_v1,N041,3,0,0.09988021105527878
1499,99169917,1,1,16714457,Crop Dusta,55714246,3070.6,EpisodeType.EPISODE_TYPE_PUBLIC,Crop Dusta,Subramanya N,103218.0,100869.0,WIN,exact,720,29961036,replays/gold_top10_macro_intent_v1/episode-99169917-replay.json,gold_top10_macro_intent_v1,N283,1,1,0.0
1500,99169917,0,3,16705390,Subramanya N,55616096,2953.5,EpisodeType.EPISODE_TYPE_PUBLIC,Subramanya N,Crop Dusta,100869.0,103218.0,LOSS,exact,720,29961036,replays/gold_top10_macro_intent_v1/episode-99169917-replay.json,gold_top10_macro_intent_v1,N312,1,1,0.0
1501,99169918,0,2,16644287,Ryo Hasegawa,55614463,3059.7,EpisodeType.EPISODE_TYPE_PUBLIC,Ryo Hasegawa,Crop Dusta,97224.0,93623.0,WIN,exact,720,31078813,replays/gold_top10_macro_intent_v1/episode-99169918-replay.json,gold_top10_macro_intent_v1,N080,2,0,0.10433509945869446
1502,99169921,1,4,16686827,Kronki,55740281,2901.0,EpisodeType.EPISODE_TYPE_PUBLIC,Kronki,Arman Tuganbaev,135975.0,120305.0,WIN,exact,720,31191094,replays/gold_top10_macro_intent_v1/episode-99169921-replay.json,gold_top10_macro_intent_v1,N002,260,0,0.0
1503,99169921,0,5,16711376,Arman Tuganbaev,55617399,2897.3,EpisodeType.EPISODE_TYPE_PUBLIC,Arman Tuganbaev,Kronki,120305.0,135975.0,LOSS,exact,720,31191094,replays/gold_top10_macro_intent_v1/episode-99169921-replay.json,gold_top10_macro_intent_v1,N019,7,1,0.0
1504,97845297,0,37,16742369,Ömer Faruk Yüce,55723563,2688.4,EpisodeType.EPISODE_TYPE_VALIDATION,Ömer Faruk Yüce,Ömer Faruk Yüce,64580.0,64580.0,TIE,exact,720,31090787,replays/ranks_21_40_macro_intent_v1/episode-97845297-replay.json,ranks_21_40_macro_intent_v1,N001,1764,0,0.020570458844304085
1505,97845297,1,37,16742369,Ömer Faruk Yüce,55723563,2688.4,EpisodeType.EPISODE_TYPE_VALIDATION,Ömer Faruk Yüce,Ömer Faruk Yüce,64580.0,64580.0,TIE,exact,720,31090787,replays/ranks_21_40_macro_intent_v1/episode-97845297-replay.json,ranks_21_40_macro_intent_v1,N001,1764,0,0.020570458844304085
1506,97849513,0,37,16742369,Ömer Faruk Yüce,55723563,2688.4,EpisodeType.EPISODE_TYPE_PUBLIC,Ömer Faruk Yüce,Lucas Henrique Mateo,127927.0,39403.0,WIN,exact,720,25729118,replays/ranks_21_40_macro_intent_v1/episode-97849513-replay.json,ranks_21_40_macro_intent_v1,N002,260,0,0.0
1507,97851794,0,37,16742369,Ömer Faruk Yüce,55723563,2688.4,EpisodeType.EPISODE_TYPE_PUBLIC,Ömer Faruk Yüce,Arya Arun,95333.0,24579.0,WIN,exact,720,26662251,replays/ranks_21_40_macro_intent_v1/episode-97851794-replay.json,ranks_21_40_macro_intent_v1,N001,1764,0,0.0
1508,97854059,0,37,16742369,Ömer Faruk Yüce,55723563,2688.4,EpisodeType.EPISODE_TYPE_PUBLIC,Ömer Faruk Yüce,Roland Luethy,153990.0,73917.0,WIN,exact,720,29053460,replays/ranks_21_40_macro_intent_v1/episode-97854059-replay.json,ranks_21_40_macro_intent_v1,N001,1764,0,0.0
1509,97856335,1,37,16742369,Ömer Faruk Yüce,55723563,2688.4,EpisodeType.EPISODE_TYPE_PUBLIC,Ömer Faruk Yüce,Michael Mullen,65963.0,31178.0,WIN,exact,720,28857789,replays/ranks_21_40_macro_intent_v1/episode-97856335-replay.json,ranks_21_40_macro_intent_v1,N001,1764,0,0.0
1510,97858606,0,37,16742369,Ömer Faruk Yüce,55723563,2688.4,EpisodeType.EPISODE_TYPE_PUBLIC,Ömer Faruk Yüce,FunnyBishop,126945.0,92493.0,WIN,exact,720,30949820,replays/ranks_21_40_macro_intent_v1/episode-97858606-replay.json,ranks_21_40_macro_intent_v1,N001,1764,0,0.0
1511,97860887,1,37,16742369,Ömer Faruk Yüce,55723563,2688.4,EpisodeType.EPISODE_TYPE_PUBLIC,Ömer Faruk Yüce,Sakthei,64993.0,52590.0,WIN,exact,720,31850893,replays/ranks_21_40_macro_intent_v1/episode-97860887-replay.json,ranks_21_40_macro_intent_v1,N001,1764,0,0.0
1512,97861269,0,35,16670276,Egor Trushin,55724054,2692.1,EpisodeType.EPISODE_TYPE_VALIDATION,Egor Trushin,Egor Trushin,64580.0,64580.0,TIE,exact,720,31090735,replays/ranks_21_40_macro_intent_v1/episode-97861269-replay.json,ranks_21_40_macro_intent_v1,N001,1764,0,0.020570458844304085
1513,97861269,1,35,16670276,Egor Trushin,55724054,2692.1,EpisodeType.EPISODE_TYPE_VALIDATION,Egor Trushin,Egor Trushin,64580.0,64580.0,TIE,exact,720,31090735,replays/ranks_21_40_macro_intent_v1/episode-97861269-replay.json,ranks_21_40_macro_intent_v1,N001,1764,0,0.020570458844304085
1514,97863168,0,37,16742369,Ömer Faruk Yüce,55723563,2688.4,EpisodeType.EPISODE_TYPE_PUBLIC,Ömer Faruk Yüce,Panos,81406.0,54001.0,WIN,exact,720,31669363,replays/ranks_21_40_macro_intent_v1/episode-97863168-replay.json,ranks_21_40_macro_intent_v1,N001,1764,0,0.0
1515,97865441,1,37,16742369,Ömer Faruk Yüce,55723563,2688.4,EpisodeType.EPISODE_TYPE_PUBLIC,Ömer Faruk Yüce,Muhammad Faraz Aftab,93757.0,59680.0,WIN,exact,720,31028188,replays/ranks_21_40_macro_intent_v1/episode-97865441-replay.json,ranks_21_40_macro_intent_v1,N002,260,0,0.0
1516,97865482,1,35,16670276,Egor Trushin,55724054,2692.1,EpisodeType.EPISODE_TYPE_PUBLIC,Egor Trushin,Carl Bell,115236.0,21025.0,WIN,exact,720,25676125,replays/ranks_21_40_macro_intent_v1/episode-97865482-replay.json,ranks_21_40_macro_intent_v1,N001,1764,0,0.0
1517,97867710,0,37,16742369,Ömer Faruk Yüce,55723563,2688.4,EpisodeType.EPISODE_TYPE_PUBLIC,Ömer Faruk Yüce,Peter Thompson,115714.0,99210.0,WIN,exact,720,31175663,replays/ranks_21_40_macro_intent_v1/episode-97867710-replay.json,ranks_21_40_macro_intent_v1,N001,1764,0,0.0
1518,97867756,0,35,16670276,Egor Trushin,55724054,2692.1,EpisodeType.EPISODE_TYPE_PUBLIC,Egor Trushin,Chris Kang,161710.0,62884.0,WIN,exact,720,25695526,replays/ranks_21_40_macro_intent_v1/episode-97867756-replay.json,ranks_21_40_macro_intent_v1,N001,1764,0,0.0
1519,97869986,1,37,16742369,Ömer Faruk Yüce,55723563,2688.4,EpisodeType.EPISODE_TYPE_PUBLIC,Ömer Faruk Yüce,Plant City Planter,63958.0,57462.0,WIN,exact,720,31449030,replays/ranks_21_40_macro_intent_v1/episode-97869986-replay.json,ranks_21_40_macro_intent_v1,N001,1764,0,0.0
1520,97869987,1,37,16742369,Ömer Faruk Yüce,55723563,2688.4,EpisodeType.EPISODE_TYPE_PUBLIC,Ömer Faruk Yüce,track,95604.0,81206.0,WIN,exact,720,31694664,replays/ranks_21_40_macro_intent_v1/episode-97869987-replay.json,ranks_21_40_macro_intent_v1,N001,1764,0,0.0
1521,97870021,1,35,16670276,Egor Trushin,55724054,2692.1,EpisodeType.EPISODE_TYPE_PUBLIC,Egor Trushin,MoongladeAI,152429.0,69756.0,WIN,exact,720,23432632,replays/ranks_21_40_macro_intent_v1/episode-97870021-replay.json,ranks_21_40_macro_intent_v1,N001,1764,0,0.0
1522,97872265,1,37,16742369,Ömer Faruk Yüce,55723563,2688.4,EpisodeType.EPISODE_TYPE_PUBLIC,Ömer Faruk Yüce,Aaweg,94238.0,84578.0,WIN,exact,720,31692736,replays/ranks_21_40_macro_intent_v1/episode-97872265-replay.json,ranks_21_40_macro_intent_v1,N001,1764,0,0.0
1523,97872294,0,35,16670276,Egor Trushin,55724054,2692.1,EpisodeType.EPISODE_TYPE_PUBLIC,Egor Trushin,Kangqiao LIU,118991.0,71627.0,WIN,exact,720,28998299,replays/ranks_21_40_macro_intent_v1/episode-97872294-replay.json,ranks_21_40_macro_intent_v1,N001,1764,0,0.0
1524,97874544,0,37,16742369,Ömer Faruk Yüce,55723563,2688.4,EpisodeType.EPISODE_TYPE_PUBLIC,Ömer Faruk Yüce,Ian Teigen,102786.0,93233.0,WIN,exact,720,31771496,replays/ranks_21_40_macro_intent_v1/episode-97874544-replay.json,ranks_21_40_macro_intent_v1,N001,1764,0,0.0
1525,97874567,0,35,16670276,Egor Trushin,55724054,2692.1,EpisodeType.EPISODE_TYPE_PUBLIC,Egor Trushin,batuhan kalem,71326.0,42926.0,WIN,exact,720,29153142,replays/ranks_21_40_macro_intent_v1/episode-97874567-replay.json,ranks_21_40_macro_intent_v1,N001,1764,0,0.0006307330331765115
1526,97876824,1,37,16742369,Ömer Faruk Yüce,55723563,2688.4,EpisodeType.EPISODE_TYPE_PUBLIC,Ömer Faruk Yüce,uuu,102373.0,90311.0,WIN,exact,720,31702462,replays/ranks_21_40_macro_intent_v1/episode-97876824-replay.json,ranks_21_40_macro_intent_v1,N001,1764,0,0.0
1527,97876843,0,35,16670276,Egor Trushin,55724054,2692.1,EpisodeType.EPISODE_TYPE_PUBLIC,Egor Trushin,cracker_1_war,103379.0,92613.0,WIN,exact,720,28971344,replays/ranks_21_40_macro_intent_v1/episode-97876843-replay.json,ranks_21_40_macro_intent_v1,N002,260,0,0.0
1528,97876991,1,37,16742369,Ömer Faruk Yüce,55723563,2688.4,EpisodeType.EPISODE_TYPE_PUBLIC,Ömer Faruk Yüce,mg,156799.0,136011.0,WIN,exact,720,31831486,replays/ranks_21_40_macro_intent_v1/episode-97876991-replay.json,ranks_21_40_macro_intent_v1,N001,1764,0,0.0
1529,97879116,1,37,16742369,Ömer Faruk Yüce,55723563,2688.4,EpisodeType.EPISODE_TYPE_PUBLIC,Ömer Faruk Yüce,RyanHo,75985.0,69484.0,WIN,exact,720,31667494,replays/ranks_21_40_macro_intent_v1/episode-97879116-replay.json,ranks_21_40_macro_intent_v1,N001,1764,0,0.0
1530,97879125,1,35,16670276,Egor Trushin,55724054,2692.1,EpisodeType.EPISODE_TYPE_PUBLIC,Egor Trushin,Zhang Yingluo,119002.0,55333.0,WIN,exact,720,28674521,replays/ranks_21_40_macro_intent_v1/episode-97879125-replay.json,ranks_21_40_macro_intent_v1,N001,1764,0,0.0
1531,97881385,0,37,16742369,Ömer Faruk Yüce,55723563,2688.4,EpisodeType.EPISODE_TYPE_PUBLIC,Ömer Faruk Yüce,Munib Ur Rehman Memon,86906.0,73509.0,WIN,exact,720,31690330,replays/ranks_21_40_macro_intent_v1/episode-97881385-replay.json,ranks_21_40_macro_intent_v1,N001,1764,0,0.0
1532,97881397,0,35,16670276,Egor Trushin,55724054,2692.1,EpisodeType.EPISODE_TYPE_PUBLIC,Egor Trushin,Alchemical Retard.,85483.0,51840.0,WIN,exact,720,30134679,replays/ranks_21_40_macro_intent_v1/episode-97881397-replay.json,ranks_21_40_macro_intent_v1,N001,1764,0,0.0
1533,97883670,1,37,16742369,Ömer Faruk Yüce,55723563,2688.4,EpisodeType.EPISODE_TYPE_PUBLIC,Ömer Faruk Yüce,lllleeeo,131325.0,110998.0,WIN,exact,720,30406975,replays/ranks_21_40_macro_intent_v1/episode-97883670-replay.json,ranks_21_40_macro_intent_v1,N003,247,0,0.0
1534,97883683,1,35,16670276,Egor Trushin,55724054,2692.1,EpisodeType.EPISODE_TYPE_PUBLIC,Egor Trushin,adakoda,97123.0,74750.0,WIN,exact,720,30550384,replays/ranks_21_40_macro_intent_v1/episode-97883683-replay.json,ranks_21_40_macro_intent_v1,N001,1764,0,0.0
1535,97885948,0,37,16742369,Ömer Faruk Yüce,55723563,2688.4,EpisodeType.EPISODE_TYPE_PUBLIC,Ömer Faruk Yüce,WENJIE_Wang,78572.0,65785.0,WIN,exact,720,31657661,replays/ranks_21_40_macro_intent_v1/episode-97885948-replay.json,ranks_21_40_macro_intent_v1,N001,1764,0,0.0006307330331765115
1536,97885952,0,35,16670276,Egor Trushin,55724054,2692.1,EpisodeType.EPISODE_TYPE_PUBLIC,Egor Trushin,Chukunder,94686.0,94199.0,WIN,exact,720,31801009,replays/ranks_21_40_macro_intent_v1/episode-97885952-replay.json,ranks_21_40_macro_intent_v1,N001,1764,0,0.0
1537,97888232,1,35,16670276,Egor Trushin,55724054,2692.1,EpisodeType.EPISODE_TYPE_PUBLIC,Egor Trushin,digitalChaos,56978.0,47062.0,WIN,exact,720,31688755,replays/ranks_21_40_macro_intent_v1/episode-97888232-replay.json,ranks_21_40_macro_intent_v1,N001,1764,0,0.0
1538,97888241,1,37,16742369,Ömer Faruk Yüce,55723563,2688.4,EpisodeType.EPISODE_TYPE_PUBLIC,Ömer Faruk Yüce,J,117193.0,104986.0,WIN,exact,720,31575637,replays/ranks_21_40_macro_intent_v1/episode-97888241-replay.json,ranks_21_40_macro_intent_v1,N001,1764,0,0.0
1539,97890507,0,35,16670276,Egor Trushin,55724054,2692.1,EpisodeType.EPISODE_TYPE_PUBLIC,Egor Trushin,Maksim Borisov,130630.0,123788.0,WIN,exact,720,31998834,replays/ranks_21_40_macro_intent_v1/episode-97890507-replay.json,ranks_21_40_macro_intent_v1,N001,1764,0,0.0
1540,97890523,0,37,16742369,Ömer Faruk Yüce,55723563,2688.4,EpisodeType.EPISODE_TYPE_PUBLIC,Ömer Faruk Yüce,webmaking,121278.0,111925.0,WIN,exact,720,31710248,replays/ranks_21_40_macro_intent_v1/episode-97890523-replay.json,ranks_21_40_macro_intent_v1,N001,1764,0,0.0025901533663272858
1541,97892782,1,35,16670276,Egor Trushin,55724054,2692.1,EpisodeType.EPISODE_TYPE_PUBLIC,Egor Trushin,Trupen Patel,143838.0,142262.0,WIN,exact,720,31522871,replays/ranks_21_40_macro_intent_v1/episode-97892782-replay.json,ranks_21_40_macro_intent_v1,N001,1764,0,0.0
1542,97892828,1,37,16742369,Ömer Faruk Yüce,55723563,2688.4,EpisodeType.EPISODE_TYPE_PUBLIC,Ömer Faruk Yüce,AAAMIKASA,85090.0,72074.0,WIN,exact,720,30827107,replays/ranks_21_40_macro_intent_v1/episode-97892828-replay.json,ranks_21_40_macro_intent_v1,N003,247,0,0.0
1543,97895065,1,35,16670276,Egor Trushin,55724054,2692.1,EpisodeType.EPISODE_TYPE_PUBLIC,Egor Trushin,0xalgos,78606.0,69188.0,WIN,exact,720,31742464,replays/ranks_21_40_macro_intent_v1/episode-97895065-replay.json,ranks_21_40_macro_intent_v1,N001,1764,0,0.0
1544,97895116,0,37,16742369,Ömer Faruk Yüce,55723563,2688.4,EpisodeType.EPISODE_TYPE_PUBLIC,Ömer Faruk Yüce,Bruce,62703.0,44133.0,WIN,exact,720,31691064,replays/ranks_21_40_macro_intent_v1/episode-97895116-replay.json,ranks_21_40_macro_intent_v1,N001,1764,0,0.0
1545,97897342,0,35,16670276,Egor Trushin,55724054,2692.1,EpisodeType.EPISODE_TYPE_PUBLIC,Egor Trushin,ko9ma,100337.0,89665.0,WIN,exact,720,30939723,replays/ranks_21_40_macro_intent_v1/episode-97897342-replay.json,ranks_21_40_macro_intent_v1,N002,260,0,0.0
1546,97897413,0,37,16742369,Ömer Faruk Yüce,55723563,2688.4,EpisodeType.EPISODE_TYPE_PUBLIC,Ömer Faruk Yüce,Poor farmer,75345.0,62465.0,WIN,exact,720,31700703,replays/ranks_21_40_macro_intent_v1/episode-97897413-replay.json,ranks_21_40_macro_intent_v1,N001,1764,0,0.0
1547,97899618,0,35,16670276,Egor Trushin,55724054,2692.1,EpisodeType.EPISODE_TYPE_PUBLIC,Egor Trushin,Soil Warriors,94073.0,84460.0,WIN,exact,720,31691323,replays/ranks_21_40_macro_intent_v1/episode-97899618-replay.json,ranks_21_40_macro_intent_v1,N001,1764,0,0.0
1548,97899689,1,37,16742369,Ömer Faruk Yüce,55723563,2688.4,EpisodeType.EPISODE_TYPE_PUBLIC,Ömer Faruk Yüce,yjshyfy,81640.0,68547.0,WIN,exact,720,31690513,replays/ranks_21_40_macro_intent_v1/episode-97899689-replay.json,ranks_21_40_macro_intent_v1,N001,1764,0,0.0
1549,97901909,1,35,16670276,Egor Trushin,55724054,2692.1,EpisodeType.EPISODE_TYPE_PUBLIC,Egor Trushin,2nod,64763.0,55137.0,WIN,exact,720,31554903,replays/ranks_21_40_macro_intent_v1/episode-97901909-replay.json,ranks_21_40_macro_intent_v1,N001,1764,0,0.0
1550,97901969,1,37,16742369,Ömer Faruk Yüce,55723563,2688.4,EpisodeType.EPISODE_TYPE_PUBLIC,Ömer Faruk Yüce,lelelove1225,65131.0,74925.0,LOSS,exact,720,31699598,replays/ranks_21_40_macro_intent_v1/episode-97901969-replay.json,ranks_21_40_macro_intent_v1,N001,1764,0,0.0
1551,97904187,0,35,16670276,Egor Trushin,55724054,2692.1,EpisodeType.EPISODE_TYPE_PUBLIC,Egor Trushin,lelelove1225,40402.0,31038.0,WIN,exact,720,31679748,replays/ranks_21_40_macro_intent_v1/episode-97904187-replay.json,ranks_21_40_macro_intent_v1,N001,1764,0,0.0
1552,97904256,0,37,16742369,Ömer Faruk Yüce,55723563,2688.4,EpisodeType.EPISODE_TYPE_PUBLIC,Ömer Faruk Yüce,theredbluepill,126629.0,115221.0,WIN,exact,720,32071850,replays/ranks_21_40_macro_intent_v1/episode-97904256-replay.json,ranks_21_40_macro_intent_v1,N001,1764,0,0.0
1553,97904462,1,37,16742369,Ömer Faruk Yüce,55723563,2688.4,EpisodeType.EPISODE_TYPE_PUBLIC,Ömer Faruk Yüce,Michael Timbs,69999.0,68856.0,WIN,exact,720,31705968,replays/ranks_21_40_macro_intent_v1/episode-97904462-replay.json,ranks_21_40_macro_intent_v1,N001,1764,0,0.0
1554,97906482,1,35,16670276,Egor Trushin,55724054,2692.1,EpisodeType.EPISODE_TYPE_PUBLIC,Egor Trushin,MOHAMMADJAFAR ZAMANI,69867.0,61184.0,WIN,exact,720,31685700,replays/ranks_21_40_macro_intent_v1/episode-97906482-replay.json,ranks_21_40_macro_intent_v1,N001,1764,0,0.0
1555,97906549,1,37,16742369,Ömer Faruk Yüce,55723563,2688.4,EpisodeType.EPISODE_TYPE_PUBLIC,Ömer Faruk Yüce,Sergei Fironov,157783.0,148784.0,WIN,exact,720,31701984,replays/ranks_21_40_macro_intent_v1/episode-97906549-replay.json,ranks_21_40_macro_intent_v1,N001,1764,0,0.0
1556,97908760,1,35,16670276,Egor Trushin,55724054,2692.1,EpisodeType.EPISODE_TYPE_PUBLIC,Egor Trushin,Efnutrrionpy,77515.0,64737.0,WIN,exact,720,31687121,replays/ranks_21_40_macro_intent_v1/episode-97908760-replay.json,ranks_21_40_macro_intent_v1,N001,1764,0,0.0
1557,97908829,1,37,16742369,Ömer Faruk Yüce,55723563,2688.4,EpisodeType.EPISODE_TYPE_PUBLIC,Ömer Faruk Yüce,srijan k.r keshri,84739.0,82936.0,WIN,exact,720,32285843,replays/ranks_21_40_macro_intent_v1/episode-97908829-replay.json,ranks_21_40_macro_intent_v1,N001,1764,0,0.0
1558,97911046,0,35,16670276,Egor Trushin,55724054,2692.1,EpisodeType.EPISODE_TYPE_PUBLIC,Egor Trushin,tellurium_rrr,85290.0,73216.0,WIN,exact,720,31671713,replays/ranks_21_40_macro_intent_v1/episode-97911046-replay.json,ranks_21_40_macro_intent_v1,N001,1764,0,0.0
1559,97911102,0,37,16742369,Ömer Faruk Yüce,55723563,2688.4,EpisodeType.EPISODE_TYPE_PUBLIC,Ömer Faruk Yüce,SaiKushal185,69927.0,61192.0,WIN,exact,720,31427888,replays/ranks_21_40_macro_intent_v1/episode-97911102-replay.json,ranks_21_40_macro_intent_v1,N001,1764,0,0.0
1560,97913337,0,35,16670276,Egor Trushin,55724054,2692.1,EpisodeType.EPISODE_TYPE_PUBLIC,Egor Trushin,Jince,104393.0,92668.0,WIN,exact,720,31652534,replays/ranks_21_40_macro_intent_v1/episode-97913337-replay.json,ranks_21_40_macro_intent_v1,N001,1764,0,0.0
1561,97913387,0,37,16742369,Ömer Faruk Yüce,55723563,2688.4,EpisodeType.EPISODE_TYPE_PUBLIC,Ömer Faruk Yüce,Efe Can Celiksoy,47994.0,50095.0,LOSS,exact,720,31810438,replays/ranks_21_40_macro_intent_v1/episode-97913387-replay.json,ranks_21_40_macro_intent_v1,N001,1764,0,0.0
1562,97913406,0,37,16742369,Ömer Faruk Yüce,55723563,2688.4,EpisodeType.EPISODE_TYPE_PUBLIC,Ömer Faruk Yüce,Napier1550,94638.0,105254.0,LOSS,exact,720,30930149,replays/ranks_21_40_macro_intent_v1/episode-97913406-replay.json,ranks_21_40_macro_intent_v1,N001,1764,0,0.020570458844304085
1563,97913586,0,37,16742369,Ömer Faruk Yüce,55723563,2688.4,EpisodeType.EPISODE_TYPE_PUBLIC,Ömer Faruk Yüce,カワシギ,106601.0,96331.0,WIN,exact,720,31838178,replays/ranks_21_40_macro_intent_v1/episode-97913586-replay.json,ranks_21_40_macro_intent_v1,N001,1764,0,0.0
1564,97915630,1,35,16670276,Egor Trushin,55724054,2692.1,EpisodeType.EPISODE_TYPE_PUBLIC,Egor Trushin,guoziyi123456,107289.0,100093.0,WIN,exact,720,31690603,replays/ranks_21_40_macro_intent_v1/episode-97915630-replay.json,ranks_21_40_macro_intent_v1,N001,1764,0,0.0
1565,97915670,1,37,16742369,Ömer Faruk Yüce,55723563,2688.4,EpisodeType.EPISODE_TYPE_PUBLIC,Ömer Faruk Yüce,theredbluepill,102238.0,102535.0,LOSS,exact,720,30955640,replays/ranks_21_40_macro_intent_v1/episode-97915670-replay.json,ranks_21_40_macro_intent_v1,N003,247,0,0.0
1566,97917914,0,35,16670276,Egor Trushin,55724054,2692.1,EpisodeType.EPISODE_TYPE_PUBLIC,Egor Trushin,A. R. SEKKAT,101286.0,90505.0,WIN,exact,720,31441838,replays/ranks_21_40_macro_intent_v1/episode-97917914-replay.json,ranks_21_40_macro_intent_v1,N002,260,0,0.0
1567,97917959,0,37,16742369,Ömer Faruk Yüce,55723563,2688.4,EpisodeType.EPISODE_TYPE_PUBLIC,Ömer Faruk Yüce,mandgeee,103655.0,94833.0,WIN,exact,720,31558161,replays/ranks_21_40_macro_intent_v1/episode-97917959-replay.json,ranks_21_40_macro_intent_v1,N001,1764,0,0.0
1568,97920202,1,35,16670276,Egor Trushin,55724054,2692.1,EpisodeType.EPISODE_TYPE_PUBLIC,Egor Trushin,Jince,42727.0,44234.0,LOSS,exact,720,31673467,replays/ranks_21_40_macro_intent_v1/episode-97920202-replay.json,ranks_21_40_macro_intent_v1,N001,1764,0,0.0
1569,97920241,1,37,16742369,Ömer Faruk Yüce,55723563,2688.4,EpisodeType.EPISODE_TYPE_PUBLIC,Ömer Faruk Yüce,VanKoha,62868.0,53123.0,WIN,exact,720,31609797,replays/ranks_21_40_macro_intent_v1/episode-97920241-replay.json,ranks_21_40_macro_intent_v1,N001,1764,0,0.0
1570,97922484,1,35,16670276,Egor Trushin,55724054,2692.1,EpisodeType.EPISODE_TYPE_PUBLIC,Egor Trushin,Arda Ceylan,139427.0,136647.0,WIN,exact,720,31551805,replays/ranks_21_40_macro_intent_v1/episode-97922484-replay.json,ranks_21_40_macro_intent_v1,N003,247,0,0.0
1571,97922528,0,37,16742369,Ömer Faruk Yüce,55723563,2688.4,EpisodeType.EPISODE_TYPE_PUBLIC,Ömer Faruk Yüce,Syed Muhammad Gillani,120208.0,107363.0,WIN,exact,720,30858529,replays/ranks_21_40_macro_intent_v1/episode-97922528-replay.json,ranks_21_40_macro_intent_v1,N003,247,0,0.0
1572,97924774,1,35,16670276,Egor Trushin,55724054,2692.1,EpisodeType.EPISODE_TYPE_PUBLIC,Egor Trushin,webmaking,90406.0,91493.0,LOSS,exact,720,30999992,replays/ranks_21_40_macro_intent_v1/episode-97924774-replay.json,ranks_21_40_macro_intent_v1,N002,260,0,0.0
1573,97924821,1,37,16742369,Ömer Faruk Yüce,55723563,2688.4,EpisodeType.EPISODE_TYPE_PUBLIC,Ömer Faruk Yüce,StackKnight,85303.0,73222.0,WIN,exact,720,31687660,replays/ranks_21_40_macro_intent_v1/episode-97924821-replay.json,ranks_21_40_macro_intent_v1,N001,1764,0,0.0
1574,97927058,0,35,16670276,Egor Trushin,55724054,2692.1,EpisodeType.EPISODE_TYPE_PUBLIC,Egor Trushin,Yosif EL-Rammaal,95598.0,85745.0,WIN,exact,720,31691638,replays/ranks_21_40_macro_intent_v1/episode-97927058-replay.json,ranks_21_40_macro_intent_v1,N001,1764,0,0.0
1575,97927094,0,37,16742369,Ömer Faruk Yüce,55723563,2688.4,EpisodeType.EPISODE_TYPE_PUBLIC,Ömer Faruk Yüce,SaiKushal185,119941.0,109935.0,WIN,exact,720,31694083,replays/ranks_21_40_macro_intent_v1/episode-97927094-replay.json,ranks_21_40_macro_intent_v1,N001,1764,0,0.0
1576,97929329,1,35,16670276,Egor Trushin,55724054,2692.1,EpisodeType.EPISODE_TYPE_PUBLIC,Egor Trushin,Luan Kunyu,86250.0,73486.0,WIN,exact,720,31689993,replays/ranks_21_40_macro_intent_v1/episode-97929329-replay.json,ranks_21_40_macro_intent_v1,N001,1764,0,0.0
1577,97929374,0,37,16742369,Ömer Faruk Yüce,55723563,2688.4,EpisodeType.EPISODE_TYPE_PUBLIC,Ömer Faruk Yüce,fufufukakaka,76606.0,65237.0,WIN,exact,720,30161972,replays/ranks_21_40_macro_intent_v1/episode-97929374-replay.json,ranks_21_40_macro_intent_v1,N001,1764,0,0.0
1578,97931619,0,35,16670276,Egor Trushin,55724054,2692.1,EpisodeType.EPISODE_TYPE_PUBLIC,Egor Trushin,lucaskna,93557.0,94420.0,LOSS,exact,720,31782099,replays/ranks_21_40_macro_intent_v1/episode-97931619-replay.json,ranks_21_40_macro_intent_v1,N003,247,0,0.0
1579,97931656,1,37,16742369,Ömer Faruk Yüce,55723563,2688.4,EpisodeType.EPISODE_TYPE_PUBLIC,Ömer Faruk Yüce,QQ Farming,92924.0,79374.0,WIN,exact,720,31702783,replays/ranks_21_40_macro_intent_v1/episode-97931656-replay.json,ranks_21_40_macro_intent_v1,N001,1764,0,0.0
1580,97933900,0,35,16670276,Egor Trushin,55724054,2692.1,EpisodeType.EPISODE_TYPE_PUBLIC,Egor Trushin,lucaskna,140235.0,145158.0,LOSS,exact,720,31358979,replays/ranks_21_40_macro_intent_v1/episode-97933900-replay.json,ranks_21_40_macro_intent_v1,N001,1764,0,0.0
1581,97933943,0,37,16742369,Ömer Faruk Yüce,55723563,2688.4,EpisodeType.EPISODE_TYPE_PUBLIC,Ömer Faruk Yüce,Kenjo1209,103079.0,92241.0,WIN,exact,720,31692965,replays/ranks_21_40_macro_intent_v1/episode-97933943-replay.json,ranks_21_40_macro_intent_v1,N001,1764,0,0.0
1582,97934088,1,35,16670276,Egor Trushin,55724054,2692.1,EpisodeType.EPISODE_TYPE_PUBLIC,Egor Trushin,Anand,51470.0,43577.0,WIN,exact,720,31686731,replays/ranks_21_40_macro_intent_v1/episode-97934088-replay.json,ranks_21_40_macro_intent_v1,N001,1764,0,0.0
1583,97936187,0,35,16670276,Egor Trushin,55724054,2692.1,EpisodeType.EPISODE_TYPE_PUBLIC,Egor Trushin,Efe Can Celiksoy,111725.0,101404.0,WIN,exact,720,31831936,replays/ranks_21_40_macro_intent_v1/episode-97936187-replay.json,ranks_21_40_macro_intent_v1,N001,1764,0,0.0
1584,97936231,1,37,16742369,Ömer Faruk Yüce,55723563,2688.4,EpisodeType.EPISODE_TYPE_PUBLIC,Ömer Faruk Yüce,Victor @ Tufa Labs,71343.0,66089.0,WIN,exact,720,31672787,replays/ranks_21_40_macro_intent_v1/episode-97936231-replay.json,ranks_21_40_macro_intent_v1,N001,1764,0,0.0
1585,97938472,0,35,16670276,Egor Trushin,55724054,2692.1,EpisodeType.EPISODE_TYPE_PUBLIC,Egor Trushin,peikopon,108817.0,101584.0,WIN,exact,720,30927979,replays/ranks_21_40_macro_intent_v1/episode-97938472-replay.json,ranks_21_40_macro_intent_v1,N002,260,0,0.0
1586,97938504,0,37,16742369,Ömer Faruk Yüce,55723563,2688.4,EpisodeType.EPISODE_TYPE_PUBLIC,Ömer Faruk Yüce,satoooh,114379.0,114379.0,TIE,exact,720,31618489,replays/ranks_21_40_macro_intent_v1/episode-97938504-replay.json,ranks_21_40_macro_intent_v1,N001,1764,0,0.0
1587,97940750,0,35,16670276,Egor Trushin,55724054,2692.1,EpisodeType.EPISODE_TYPE_PUBLIC,Egor Trushin,qr farm,154293.0,144680.0,WIN,exact,720,31702233,replays/ranks_21_40_macro_intent_v1/episode-97940750-replay.json,ranks_21_40_macro_intent_v1,N001,1764,0,0.0
1588,97940781,1,37,16742369,Ömer Faruk Yüce,55723563,2688.4,EpisodeType.EPISODE_TYPE_PUBLIC,Ömer Faruk Yüce,tetsuya,69436.0,77242.0,LOSS,exact,720,30299151,replays/ranks_21_40_macro_intent_v1/episode-97940781-replay.json,ranks_21_40_macro_intent_v1,N003,247,0,0.0
1589,97943038,1,35,16670276,Egor Trushin,55724054,2692.1,EpisodeType.EPISODE_TYPE_PUBLIC,Egor Trushin,bplyc15,92179.0,79021.0,WIN,exact,720,31559492,replays/ranks_21_40_macro_intent_v1/episode-97943038-replay.json,ranks_21_40_macro_intent_v1,N001,1764,0,0.0
1590,97943076,0,37,16742369,Ömer Faruk Yüce,55723563,2688.4,EpisodeType.EPISODE_TYPE_PUBLIC,Ömer Faruk Yüce,shiiin9,58192.0,48466.0,WIN,exact,720,31587768,replays/ranks_21_40_macro_intent_v1/episode-97943076-replay.json,ranks_21_40_macro_intent_v1,N001,1764,0,0.0
1591,97945327,0,35,16670276,Egor Trushin,55724054,2692.1,EpisodeType.EPISODE_TYPE_PUBLIC,Egor Trushin,ReCurSiON,73804.0,70280.0,WIN,exact,720,31504869,replays/ranks_21_40_macro_intent_v1/episode-97945327-replay.json,ranks_21_40_macro_intent_v1,N001,1764,0,0.0
1592,97945365,0,37,16742369,Ömer Faruk Yüce,55723563,2688.4,EpisodeType.EPISODE_TYPE_PUBLIC,Ömer Faruk Yüce,Sarthak Sharma ,84738.0,87149.0,LOSS,exact,720,31605022,replays/ranks_21_40_macro_intent_v1/episode-97945365-replay.json,ranks_21_40_macro_intent_v1,N001,1764,0,0.0025901533663272858
1593,97947620,1,35,16670276,Egor Trushin,55724054,2692.1,EpisodeType.EPISODE_TYPE_PUBLIC,Egor Trushin,Arman Tuganbaev,85102.0,87512.0,LOSS,exact,720,29161400,replays/ranks_21_40_macro_intent_v1/episode-97947620-replay.json,ranks_21_40_macro_intent_v1,N002,260,0,0.0
1594,97947650,1,37,16742369,Ömer Faruk Yüce,55723563,2688.4,EpisodeType.EPISODE_TYPE_PUBLIC,Ömer Faruk Yüce,Kaan Dınız,112705.0,102924.0,WIN,exact,720,31656697,replays/ranks_21_40_macro_intent_v1/episode-97947650-replay.json,ranks_21_40_macro_intent_v1,N001,1764,0,0.0
1595,97947657,1,37,16742369,Ömer Faruk Yüce,55723563,2688.4,EpisodeType.EPISODE_TYPE_PUBLIC,Ömer Faruk Yüce,Napier1550,137877.0,137964.0,LOSS,exact,720,30941292,replays/ranks_21_40_macro_intent_v1/episode-97947657-replay.json,ranks_21_40_macro_intent_v1,N001,1764,0,0.020570458844304085
1596,97949900,0,35,16670276,Egor Trushin,55724054,2692.1,EpisodeType.EPISODE_TYPE_PUBLIC,Egor Trushin,Napier1550,70128.0,68755.0,WIN,exact,720,30864719,replays/ranks_21_40_macro_intent_v1/episode-97949900-replay.json,ranks_21_40_macro_intent_v1,N001,1764,0,0.020570458844304085
1597,97949932,0,37,16742369,Ömer Faruk Yüce,55723563,2688.4,EpisodeType.EPISODE_TYPE_PUBLIC,Ömer Faruk Yüce,shiiin9,70092.0,61319.0,WIN,exact,720,31506880,replays/ranks_21_40_macro_intent_v1/episode-97949932-replay.json,ranks_21_40_macro_intent_v1,N001,1764,0,0.0
1598,97952177,0,35,16670276,Egor Trushin,55724054,2692.1,EpisodeType.EPISODE_TYPE_PUBLIC,Egor Trushin,ReCurSiON,95986.0,84658.0,WIN,exact,720,31349797,replays/ranks_21_40_macro_intent_v1/episode-97952177-replay.json,ranks_21_40_macro_intent_v1,N001,1764,0,0.0
1599,97952217,0,37,16742369,Ömer Faruk Yüce,55723563,2688.4,EpisodeType.EPISODE_TYPE_PUBLIC,Ömer Faruk Yüce,Sarthak Sharma ,110009.0,114147.0,LOSS,exact,720,31636563,replays/ranks_21_40_macro_intent_v1/episode-97952217-replay.json,ranks_21_40_macro_intent_v1,N001,1764,0,0.0
1600,97954467,1,35,16670276,Egor Trushin,55724054,2692.1,EpisodeType.EPISODE_TYPE_PUBLIC,Egor Trushin,lelelove1225,136653.0,124367.0,WIN,exact,720,31578429,replays/ranks_21_40_macro_intent_v1/episode-97954467-replay.json,ranks_21_40_macro_intent_v1,N001,1764,0,0.0
1601,97954499,0,37,16742369,Ömer Faruk Yüce,55723563,2688.4,EpisodeType.EPISODE_TYPE_PUBLIC,Ömer Faruk Yüce,SaiKushal185,65984.0,54227.0,WIN,exact,720,31688098,replays/ranks_21_40_macro_intent_v1/episode-97954499-replay.json,ranks_21_40_macro_intent_v1,N001,1764,0,0.0
1602,97956741,1,35,16670276,Egor Trushin,55724054,2692.1,EpisodeType.EPISODE_TYPE_PUBLIC,Egor Trushin,Xiaowenhao404,65220.0,57822.0,WIN,exact,720,31696549,replays/ranks_21_40_macro_intent_v1/episode-97956741-replay.json,ranks_21_40_macro_intent_v1,N001,1764,0,0.0
1603,97956776,0,37,16742369,Ömer Faruk Yüce,55723563,2688.4,EpisodeType.EPISODE_TYPE_PUBLIC,Ömer Faruk Yüce,Lucien de Rubempre,100892.0,64619.0,WIN,exact,720,27819586,replays/ranks_21_40_macro_intent_v1/episode-97956776-replay.json,ranks_21_40_macro_intent_v1,N001,1764,0,0.0
1604,97959026,0,35,16670276,Egor Trushin,55724054,2692.1,EpisodeType.EPISODE_TYPE_PUBLIC,Egor Trushin,XW,41871.0,58438.0,LOSS,exact,720,30524365,replays/ranks_21_40_macro_intent_v1/episode-97959026-replay.json,ranks_21_40_macro_intent_v1,N001,1764,0,0.0
1605,97959059,0,37,16742369,Ömer Faruk Yüce,55723563,2688.4,EpisodeType.EPISODE_TYPE_PUBLIC,Ömer Faruk Yüce,Victor @ Tufa Labs,141017.0,136443.0,WIN,exact,720,31627112,replays/ranks_21_40_macro_intent_v1/episode-97959059-replay.json,ranks_21_40_macro_intent_v1,N001,1764,0,0.0
1606,97961310,1,35,16670276,Egor Trushin,55724054,2692.1,EpisodeType.EPISODE_TYPE_PUBLIC,Egor Trushin,peikopon,117650.0,112061.0,WIN,exact,720,30961108,replays/ranks_21_40_macro_intent_v1/episode-97961310-replay.json,ranks_21_40_macro_intent_v1,N002,260,0,0.0
1607,97961345,1,37,16742369,Ömer Faruk Yüce,55723563,2688.4,EpisodeType.EPISODE_TYPE_PUBLIC,Ömer Faruk Yüce,Wiz,75357.0,62858.0,WIN,exact,720,30164891,replays/ranks_21_40_macro_intent_v1/episode-97961345-replay.json,ranks_21_40_macro_intent_v1,N001,1764,0,0.0
1608,97963575,0,35,16670276,Egor Trushin,55724054,2692.1,EpisodeType.EPISODE_TYPE_PUBLIC,Egor Trushin,fufufukakaka,150651.0,142929.0,WIN,exact,720,30507230,replays/ranks_21_40_macro_intent_v1/episode-97963575-replay.json,ranks_21_40_macro_intent_v1,N001,1764,0,0.0
1609,97963621,1,35,16670276,Egor Trushin,55724054,2692.1,EpisodeType.EPISODE_TYPE_PUBLIC,Egor Trushin,Ömer Faruk Yüce,69213.0,69212.0,WIN,exact,720,31613646,replays/ranks_21_40_macro_intent_v1/episode-97963621-replay.json,ranks_21_40_macro_intent_v1,N001,1764,0,0.0
1610,97963621,0,37,16742369,Ömer Faruk Yüce,55723563,2688.4,EpisodeType.EPISODE_TYPE_PUBLIC,Ömer Faruk Yüce,Egor Trushin,69212.0,69213.0,LOSS,exact,720,31613646,replays/ranks_21_40_macro_intent_v1/episode-97963621-replay.json,ranks_21_40_macro_intent_v1,N001,1764,0,0.0
1611,97963755,0,35,16670276,Egor Trushin,55724054,2692.1,EpisodeType.EPISODE_TYPE_PUBLIC,Egor Trushin,theredbluepill,59678.0,63517.0,LOSS,exact,720,32171807,replays/ranks_21_40_macro_intent_v1/episode-97963755-replay.json,ranks_21_40_macro_intent_v1,N001,1764,0,0.0
1612,97965879,1,35,16670276,Egor Trushin,55724054,2692.1,EpisodeType.EPISODE_TYPE_PUBLIC,Egor Trushin,Sarthak Sharma ,59938.0,97749.0,LOSS,exact,720,31588008,replays/ranks_21_40_macro_intent_v1/episode-97965879-replay.json,ranks_21_40_macro_intent_v1,N001,1764,0,0.0
1613,97965903,0,37,16742369,Ömer Faruk Yüce,55723563,2688.4,EpisodeType.EPISODE_TYPE_PUBLIC,Ömer Faruk Yüce,Lucien de Rubempre,139964.0,124821.0,WIN,exact,720,30456268,replays/ranks_21_40_macro_intent_v1/episode-97965903-replay.json,ranks_21_40_macro_intent_v1,N001,1764,0,0.0
1614,97968163,0,35,16670276,Egor Trushin,55724054,2692.1,EpisodeType.EPISODE_TYPE_PUBLIC,Egor Trushin,fufufukakaka,98311.0,54500.0,WIN,exact,720,27468148,replays/ranks_21_40_macro_intent_v1/episode-97968163-replay.json,ranks_21_40_macro_intent_v1,N001,1764,0,0.0
1615,97968185,1,37,16742369,Ömer Faruk Yüce,55723563,2688.4,EpisodeType.EPISODE_TYPE_PUBLIC,Ömer Faruk Yüce,カワシギ,145847.0,137611.0,WIN,exact,720,31834378,replays/ranks_21_40_macro_intent_v1/episode-97968185-replay.json,ranks_21_40_macro_intent_v1,N001,1764,0,0.0
1616,97970437,0,35,16670276,Egor Trushin,55724054,2692.1,EpisodeType.EPISODE_TYPE_PUBLIC,Egor Trushin,peikopon,78910.0,80389.0,LOSS,exact,720,31623860,replays/ranks_21_40_macro_intent_v1/episode-97970437-replay.json,ranks_21_40_macro_intent_v1,N001,1764,0,0.0
1617,97970473,1,37,16742369,Ömer Faruk Yüce,55723563,2688.4,EpisodeType.EPISODE_TYPE_PUBLIC,Ömer Faruk Yüce,Ryo Hasegawa,58934.0,78404.0,LOSS,exact,720,31520807,replays/ranks_21_40_macro_intent_v1/episode-97970473-replay.json,ranks_21_40_macro_intent_v1,N001,1764,0,0.0
1618,97972727,0,35,16670276,Egor Trushin,55724054,2692.1,EpisodeType.EPISODE_TYPE_PUBLIC,Egor Trushin,Lucien de Rubempre,113570.0,116469.0,LOSS,exact,720,29998367,replays/ranks_21_40_macro_intent_v1/episode-97972727-replay.json,ranks_21_40_macro_intent_v1,N002,260,0,0.008158447220921516
1619,97972756,1,35,16670276,Egor Trushin,55724054,2692.1,EpisodeType.EPISODE_TYPE_PUBLIC,Egor Trushin,Ömer Faruk Yüce,74878.0,74867.0,WIN,exact,720,30915685,replays/ranks_21_40_macro_intent_v1/episode-97972756-replay.json,ranks_21_40_macro_intent_v1,N001,1764,0,0.020570458844304085
1620,97972756,0,37,16742369,Ömer Faruk Yüce,55723563,2688.4,EpisodeType.EPISODE_TYPE_PUBLIC,Ömer Faruk Yüce,Egor Trushin,74867.0,74878.0,LOSS,exact,720,30915685,replays/ranks_21_40_macro_intent_v1/episode-97972756-replay.json,ranks_21_40_macro_intent_v1,N001,1764,0,0.025770459324121475
1621,97975024,0,35,16670276,Egor Trushin,55724054,2692.1,EpisodeType.EPISODE_TYPE_PUBLIC,Egor Trushin,SaiKushal185,64782.0,52344.0,WIN,exact,720,31695775,replays/ranks_21_40_macro_intent_v1/episode-97975024-replay.json,ranks_21_40_macro_intent_v1,N001,1764,0,0.0
1622,97975040,1,37,16742369,Ömer Faruk Yüce,55723563,2688.4,EpisodeType.EPISODE_TYPE_PUBLIC,Ömer Faruk Yüce,Kaan Dınız,103455.0,97517.0,WIN,exact,720,31661079,replays/ranks_21_40_macro_intent_v1/episode-97975040-replay.json,ranks_21_40_macro_intent_v1,N001,1764,0,0.0
1623,97975050,1,35,16670276,Egor Trushin,55724054,2692.1,EpisodeType.EPISODE_TYPE_PUBLIC,Egor Trushin,Napier1550,76446.0,76152.0,WIN,exact,720,30950584,replays/ranks_21_40_macro_intent_v1/episode-97975050-replay.json,ranks_21_40_macro_intent_v1,N003,247,0,0.0
1624,97975232,0,38,16633226,test_money,55726920,2683.9,EpisodeType.EPISODE_TYPE_VALIDATION,test_money,test_money,64580.0,64580.0,TIE,exact,720,31090727,replays/ranks_21_40_macro_intent_v1/episode-97975232-replay.json,ranks_21_40_macro_intent_v1,N001,1764,0,0.020570458844304085
1625,97975232,1,38,16633226,test_money,55726920,2683.9,EpisodeType.EPISODE_TYPE_VALIDATION,test_money,test_money,64580.0,64580.0,TIE,exact,720,31090727,replays/ranks_21_40_macro_intent_v1/episode-97975232-replay.json,ranks_21_40_macro_intent_v1,N001,1764,0,0.020570458844304085
1626,97977166,0,38,16633226,test_money,55726920,2683.9,EpisodeType.EPISODE_TYPE_PUBLIC,test_money,华东 朱,110798.0,30603.0,WIN,exact,720,23850128,replays/ranks_21_40_macro_intent_v1/episode-97977166-replay.json,ranks_21_40_macro_intent_v1,N001,1764,0,0.0
1627,97977310,1,35,16670276,Egor Trushin,55724054,2692.1,EpisodeType.EPISODE_TYPE_PUBLIC,Egor Trushin,カワシギ,74654.0,77640.0,LOSS,exact,720,31707798,replays/ranks_21_40_macro_intent_v1/episode-97977310-replay.json,ranks_21_40_macro_intent_v1,N001,1764,0,0.0
1628,97977318,0,37,16742369,Ömer Faruk Yüce,55723563,2688.4,EpisodeType.EPISODE_TYPE_PUBLIC,Ömer Faruk Yüce,MiMi,69031.0,57481.0,WIN,exact,720,32527018,replays/ranks_21_40_macro_intent_v1/episode-97977318-replay.json,ranks_21_40_macro_intent_v1,N001,1764,0,0.0
1629,97979435,0,38,16633226,test_money,55726920,2683.9,EpisodeType.EPISODE_TYPE_PUBLIC,test_money,Panashe Arthur Mhonde,165631.0,37776.0,WIN,exact,720,29201279,replays/ranks_21_40_macro_intent_v1/episode-97979435-replay.json,ranks_21_40_macro_intent_v1,N001,1764,0,0.0
1630,97979588,0,35,16670276,Egor Trushin,55724054,2692.1,EpisodeType.EPISODE_TYPE_PUBLIC,Egor Trushin,peikopon,98163.0,91242.0,WIN,exact,720,31531532,replays/ranks_21_40_macro_intent_v1/episode-97979588-replay.json,ranks_21_40_macro_intent_v1,N001,1764,0,0.0
1631,97979604,0,37,16742369,Ömer Faruk Yüce,55723563,2688.4,EpisodeType.EPISODE_TYPE_PUBLIC,Ömer Faruk Yüce,peikopon,60707.0,56029.0,WIN,exact,720,31624872,replays/ranks_21_40_macro_intent_v1/episode-97979604-replay.json,ranks_21_40_macro_intent_v1,N001,1764,0,0.0
1632,97981702,0,38,16633226,test_money,55726920,2683.9,EpisodeType.EPISODE_TYPE_PUBLIC,test_money,Ajay Singh,149772.0,55292.0,WIN,exact,720,24584340,replays/ranks_21_40_macro_intent_v1/episode-97981702-replay.json,ranks_21_40_macro_intent_v1,N003,247,0,0.0
1633,97981867,1,35,16670276,Egor Trushin,55724054,2692.1,EpisodeType.EPISODE_TYPE_PUBLIC,Egor Trushin,Kaan Dınız,59745.0,54093.0,WIN,exact,720,31536387,replays/ranks_21_40_macro_intent_v1/episode-97981867-replay.json,ranks_21_40_macro_intent_v1,N001,1764,0,0.0
1634,97981881,1,37,16742369,Ömer Faruk Yüce,55723563,2688.4,EpisodeType.EPISODE_TYPE_PUBLIC,Ömer Faruk Yüce,Kaan Dınız,54390.0,44709.0,WIN,exact,720,31393086,replays/ranks_21_40_macro_intent_v1/episode-97981881-replay.json,ranks_21_40_macro_intent_v1,N001,1764,0,0.0
1635,97983969,0,38,16633226,test_money,55726920,2683.9,EpisodeType.EPISODE_TYPE_PUBLIC,test_money,lu_fish,104185.0,35871.0,WIN,exact,720,29192051,replays/ranks_21_40_macro_intent_v1/episode-97983969-replay.json,ranks_21_40_macro_intent_v1,N001,1764,0,0.0
1636,97984138,0,35,16670276,Egor Trushin,55724054,2692.1,EpisodeType.EPISODE_TYPE_PUBLIC,Egor Trushin,ReCurSiON,64032.0,62600.0,WIN,exact,720,31503146,replays/ranks_21_40_macro_intent_v1/episode-97984138-replay.json,ranks_21_40_macro_intent_v1,N001,1764,0,0.0
1637,97984164,0,37,16742369,Ömer Faruk Yüce,55723563,2688.4,EpisodeType.EPISODE_TYPE_PUBLIC,Ömer Faruk Yüce,fufufukakaka,93008.0,71333.0,WIN,exact,720,30025003,replays/ranks_21_40_macro_intent_v1/episode-97984164-replay.json,ranks_21_40_macro_intent_v1,N001,1764,0,0.0
1638,97986242,1,38,16633226,test_money,55726920,2683.9,EpisodeType.EPISODE_TYPE_PUBLIC,test_money,DEMON JI,144716.0,104282.0,WIN,exact,720,29735686,replays/ranks_21_40_macro_intent_v1/episode-97986242-replay.json,ranks_21_40_macro_intent_v1,N001,1764,0,0.020570458844304085
1639,97986419,0,35,16670276,Egor Trushin,55724054,2692.1,EpisodeType.EPISODE_TYPE_PUBLIC,Egor Trushin,XW,97570.0,113282.0,LOSS,exact,720,29277840,replays/ranks_21_40_macro_intent_v1/episode-97986419-replay.json,ranks_21_40_macro_intent_v1,N002,260,0,0.0
1640,97986440,0,37,16742369,Ömer Faruk Yüce,55723563,2688.4,EpisodeType.EPISODE_TYPE_PUBLIC,Ömer Faruk Yüce,カワシギ,139147.0,131147.0,WIN,exact,720,31642014,replays/ranks_21_40_macro_intent_v1/episode-97986440-replay.json,ranks_21_40_macro_intent_v1,N001,1764,0,0.0
1641,97988514,1,38,16633226,test_money,55726920,2683.9,EpisodeType.EPISODE_TYPE_PUBLIC,test_money,Mimic Mohsin,94769.0,62876.0,WIN,exact,720,28298902,replays/ranks_21_40_macro_intent_v1/episode-97988514-replay.json,ranks_21_40_macro_intent_v1,N002,260,0,0.0
1642,97988698,0,35,16670276,Egor Trushin,55724054,2692.1,EpisodeType.EPISODE_TYPE_PUBLIC,Egor Trushin,Lucien de Rubempre,139166.0,127418.0,WIN,exact,720,29915436,replays/ranks_21_40_macro_intent_v1/episode-97988698-replay.json,ranks_21_40_macro_intent_v1,N001,1764,0,0.0
1643,97988719,0,37,16742369,Ömer Faruk Yüce,55723563,2688.4,EpisodeType.EPISODE_TYPE_PUBLIC,Ömer Faruk Yüce,Kaan Dınız,37842.0,38764.0,LOSS,exact,720,31647838,replays/ranks_21_40_macro_intent_v1/episode-97988719-replay.json,ranks_21_40_macro_intent_v1,N001,1764,0,0.0
1644,97990790,1,38,16633226,test_money,55726920,2683.9,EpisodeType.EPISODE_TYPE_PUBLIC,test_money,なーでぃー牧場,98836.0,81990.0,WIN,exact,720,31377820,replays/ranks_21_40_macro_intent_v1/episode-97990790-replay.json,ranks_21_40_macro_intent_v1,N001,1764,0,0.0
1645,97990978,0,35,16670276,Egor Trushin,55724054,2692.1,EpisodeType.EPISODE_TYPE_PUBLIC,Egor Trushin,tetsuya,31539.0,55826.0,LOSS,exact,720,30627412,replays/ranks_21_40_macro_intent_v1/episode-97990978-replay.json,ranks_21_40_macro_intent_v1,N001,1764,0,0.0
1646,97991011,1,37,16742369,Ömer Faruk Yüce,55723563,2688.4,EpisodeType.EPISODE_TYPE_PUBLIC,Ömer Faruk Yüce,Sarthak Sharma ,78823.0,75276.0,WIN,exact,720,30940311,replays/ranks_21_40_macro_intent_v1/episode-97991011-replay.json,ranks_21_40_macro_intent_v1,N001,1764,0,0.0
1647,97993064,1,38,16633226,test_money,55726920,2683.9,EpisodeType.EPISODE_TYPE_PUBLIC,test_money,galaxyhunter,138147.0,117980.0,WIN,exact,720,31806803,replays/ranks_21_40_macro_intent_v1/episode-97993064-replay.json,ranks_21_40_macro_intent_v1,N001,1764,0,0.0
1648,97993218,1,35,16670276,Egor Trushin,55724054,2692.1,EpisodeType.EPISODE_TYPE_PUBLIC,Egor Trushin,Napier1550,76542.0,76591.0,LOSS,exact,720,30299186,replays/ranks_21_40_macro_intent_v1/episode-97993218-replay.json,ranks_21_40_macro_intent_v1,N002,260,0,0.0
1649,97993331,1,35,16670276,Egor Trushin,55724054,2692.1,EpisodeType.EPISODE_TYPE_PUBLIC,Egor Trushin,StackKnight,118287.0,109945.0,WIN,exact,720,31467777,replays/ranks_21_40_macro_intent_v1/episode-97993331-replay.json,ranks_21_40_macro_intent_v1,N002,260,0,0.0
1650,97993335,1,37,16742369,Ömer Faruk Yüce,55723563,2688.4,EpisodeType.EPISODE_TYPE_PUBLIC,Ömer Faruk Yüce,Izzoudine Mohamed KANTA,70790.0,60701.0,WIN,exact,720,31456817,replays/ranks_21_40_macro_intent_v1/episode-97993335-replay.json,ranks_21_40_macro_intent_v1,N001,1764,0,0.0
1651,97995338,1,38,16633226,test_money,55726920,2683.9,EpisodeType.EPISODE_TYPE_PUBLIC,test_money,argon,144622.0,113343.0,WIN,exact,720,30851217,replays/ranks_21_40_macro_intent_v1/episode-97995338-replay.json,ranks_21_40_macro_intent_v1,N001,1764,0,0.0
1652,97995544,1,35,16670276,Egor Trushin,55724054,2692.1,EpisodeType.EPISODE_TYPE_PUBLIC,Egor Trushin,Xiaowenhao404,72278.0,61073.0,WIN,exact,720,31705639,replays/ranks_21_40_macro_intent_v1/episode-97995544-replay.json,ranks_21_40_macro_intent_v1,N001,1764,0,0.0
1653,97995567,1,37,16742369,Ömer Faruk Yüce,55723563,2688.4,EpisodeType.EPISODE_TYPE_PUBLIC,Ömer Faruk Yüce,Napier1550,80903.0,81116.0,LOSS,exact,720,30264405,replays/ranks_21_40_macro_intent_v1/episode-97995567-replay.json,ranks_21_40_macro_intent_v1,N002,260,0,0.0
1654,97997610,0,38,16633226,test_money,55726920,2683.9,EpisodeType.EPISODE_TYPE_PUBLIC,test_money,CurveCowboy,43512.0,39914.0,WIN,exact,720,31679880,replays/ranks_21_40_macro_intent_v1/episode-97997610-replay.json,ranks_21_40_macro_intent_v1,N001,1764,0,0.0
1655,97997826,1,35,16670276,Egor Trushin,55724054,2692.1,EpisodeType.EPISODE_TYPE_PUBLIC,Egor Trushin,StackKnight,63813.0,53973.0,WIN,exact,720,31557618,replays/ranks_21_40_macro_intent_v1/episode-97997826-replay.json,ranks_21_40_macro_intent_v1,N001,1764,0,0.0
1656,97997834,0,37,16742369,Ömer Faruk Yüce,55723563,2688.4,EpisodeType.EPISODE_TYPE_PUBLIC,Ömer Faruk Yüce,satoooh,47934.0,47934.0,TIE,exact,720,30919323,replays/ranks_21_40_macro_intent_v1/episode-97997834-replay.json,ranks_21_40_macro_intent_v1,N001,1764,0,0.020570458844304085
1657,97997856,1,37,16742369,Ömer Faruk Yüce,55723563,2688.4,EpisodeType.EPISODE_TYPE_PUBLIC,Ömer Faruk Yüce,Napier1550,95330.0,101403.0,LOSS,exact,720,30511423,replays/ranks_21_40_macro_intent_v1/episode-97997856-replay.json,ranks_21_40_macro_intent_v1,N003,247,0,0.006806349381804466
1658,97999895,0,38,16633226,test_money,55726920,2683.9,EpisodeType.EPISODE_TYPE_PUBLIC,test_money,Dicere,124142.0,107168.0,WIN,exact,720,31682994,replays/ranks_21_40_macro_intent_v1/episode-97999895-replay.json,ranks_21_40_macro_intent_v1,N001,1764,0,0.0
1659,98000114,0,35,16670276,Egor Trushin,55724054,2692.1,EpisodeType.EPISODE_TYPE_PUBLIC,Egor Trushin,Arman Tuganbaev,69543.0,120767.0,LOSS,exact,720,31906554,replays/ranks_21_40_macro_intent_v1/episode-98000114-replay.json,ranks_21_40_macro_intent_v1,N001,1764,0,0.006399999838322401
1660,98000134,1,37,16742369,Ömer Faruk Yüce,55723563,2688.4,EpisodeType.EPISODE_TYPE_PUBLIC,Ömer Faruk Yüce,satoooh,109106.0,109075.0,WIN,exact,720,30305346,replays/ranks_21_40_macro_intent_v1/episode-98000134-replay.json,ranks_21_40_macro_intent_v1,N002,260,0,0.0
1661,98002176,1,38,16633226,test_money,55726920,2683.9,EpisodeType.EPISODE_TYPE_PUBLIC,test_money,bono,96795.0,83479.0,WIN,exact,720,31715163,replays/ranks_21_40_macro_intent_v1/episode-98002176-replay.json,ranks_21_40_macro_intent_v1,N001,1764,0,0.0
1662,98002408,0,35,16670276,Egor Trushin,55724054,2692.1,EpisodeType.EPISODE_TYPE_PUBLIC,Egor Trushin,Xiaowenhao404,54912.0,49830.0,WIN,exact,720,31667136,replays/ranks_21_40_macro_intent_v1/episode-98002408-replay.json,ranks_21_40_macro_intent_v1,N001,1764,0,0.006399999838322401
1663,98002431,1,37,16742369,Ömer Faruk Yüce,55723563,2688.4,EpisodeType.EPISODE_TYPE_PUBLIC,Ömer Faruk Yüce,fufufukakaka,70993.0,65059.0,WIN,exact,720,30079966,replays/ranks_21_40_macro_intent_v1/episode-98002431-replay.json,ranks_21_40_macro_intent_v1,N001,1764,0,0.0
1664,98004452,0,38,16633226,test_money,55726920,2683.9,EpisodeType.EPISODE_TYPE_PUBLIC,test_money,just_calculate,73495.0,67984.0,WIN,exact,720,31862018,replays/ranks_21_40_macro_intent_v1/episode-98004452-replay.json,ranks_21_40_macro_intent_v1,N001,1764,0,0.0
1665,98004691,0,35,16670276,Egor Trushin,55724054,2692.1,EpisodeType.EPISODE_TYPE_PUBLIC,Egor Trushin,peikopon,82576.0,80020.0,WIN,exact,720,31365265,replays/ranks_21_40_macro_intent_v1/episode-98004691-replay.json,ranks_21_40_macro_intent_v1,N003,247,0,0.0
1666,98004712,0,37,16742369,Ömer Faruk Yüce,55723563,2688.4,EpisodeType.EPISODE_TYPE_PUBLIC,Ömer Faruk Yüce,peikopon,80097.0,73089.0,WIN,exact,720,31689403,replays/ranks_21_40_macro_intent_v1/episode-98004712-replay.json,ranks_21_40_macro_intent_v1,N001,1764,0,0.0
1667,98006741,1,38,16633226,test_money,55726920,2683.9,EpisodeType.EPISODE_TYPE_PUBLIC,test_money,durgesh dere,125671.0,110489.0,WIN,exact,720,31780694,replays/ranks_21_40_macro_intent_v1/episode-98006741-replay.json,ranks_21_40_macro_intent_v1,N001,1764,0,0.0
1668,98006977,0,35,16670276,Egor Trushin,55724054,2692.1,EpisodeType.EPISODE_TYPE_PUBLIC,Egor Trushin,Kobe BRYANT,88530.0,78859.0,WIN,exact,720,31571888,replays/ranks_21_40_macro_intent_v1/episode-98006977-replay.json,ranks_21_40_macro_intent_v1,N001,1764,0,0.0
1669,98006995,1,37,16742369,Ömer Faruk Yüce,55723563,2688.4,EpisodeType.EPISODE_TYPE_PUBLIC,Ömer Faruk Yüce,Sarthak Sharma ,88877.0,87123.0,WIN,exact,720,31407329,replays/ranks_21_40_macro_intent_v1/episode-98006995-replay.json,ranks_21_40_macro_intent_v1,N001,1764,0,0.0
1670,98009022,0,38,16633226,test_money,55726920,2683.9,EpisodeType.EPISODE_TYPE_PUBLIC,test_money,bhavya shah,97254.0,65529.0,WIN,exact,720,29873933,replays/ranks_21_40_macro_intent_v1/episode-98009022-replay.json,ranks_21_40_macro_intent_v1,N002,260,0,0.0
1671,98009264,1,35,16670276,Egor Trushin,55724054,2692.1,EpisodeType.EPISODE_TYPE_PUBLIC,Egor Trushin,Ömer Faruk Yüce,100471.0,100467.0,WIN,exact,720,31097304,replays/ranks_21_40_macro_intent_v1/episode-98009264-replay.json,ranks_21_40_macro_intent_v1,N001,1764,0,0.020570458844304085
1672,98009264,0,37,16742369,Ömer Faruk Yüce,55723563,2688.4,EpisodeType.EPISODE_TYPE_PUBLIC,Ömer Faruk Yüce,Egor Trushin,100467.0,100471.0,LOSS,exact,720,31097304,replays/ranks_21_40_macro_intent_v1/episode-98009264-replay.json,ranks_21_40_macro_intent_v1,N001,1764,0,0.020570458844304085
1673,98009406,1,37,16742369,Ömer Faruk Yüce,55723563,2688.4,EpisodeType.EPISODE_TYPE_PUBLIC,Ömer Faruk Yüce,ReCurSiON,49182.0,55141.0,LOSS,exact,720,31963389,replays/ranks_21_40_macro_intent_v1/episode-98009406-replay.json,ranks_21_40_macro_intent_v1,N001,1764,0,0.0
1674,98011318,0,38,16633226,test_money,55726920,2683.9,EpisodeType.EPISODE_TYPE_PUBLIC,test_money,Tim Zagrebelny,65740.0,56942.0,WIN,exact,720,31708891,replays/ranks_21_40_macro_intent_v1/episode-98011318-replay.json,ranks_21_40_macro_intent_v1,N001,1764,0,0.0
1675,98011585,0,35,16670276,Egor Trushin,55724054,2692.1,EpisodeType.EPISODE_TYPE_PUBLIC,Egor Trushin,Sarthak Sharma ,66206.0,58067.0,WIN,exact,720,31599968,replays/ranks_21_40_macro_intent_v1/episode-98011585-replay.json,ranks_21_40_macro_intent_v1,N001,1764,0,0.0
1676,98013607,0,38,16633226,test_money,55726920,2683.9,EpisodeType.EPISODE_TYPE_PUBLIC,test_money,next-best-agent,59617.0,46837.0,WIN,exact,720,31563959,replays/ranks_21_40_macro_intent_v1/episode-98013607-replay.json,ranks_21_40_macro_intent_v1,N001,1764,0,0.0
1677,98013787,1,37,16742369,Ömer Faruk Yüce,55723563,2688.4,EpisodeType.EPISODE_TYPE_PUBLIC,Ömer Faruk Yüce,OceanMix,128833.0,120635.0,WIN,exact,720,29955769,replays/ranks_21_40_macro_intent_v1/episode-98013787-replay.json,ranks_21_40_macro_intent_v1,N002,260,0,0.0
1678,98013876,1,35,16670276,Egor Trushin,55724054,2692.1,EpisodeType.EPISODE_TYPE_PUBLIC,Egor Trushin,fufufukakaka,92586.0,96065.0,LOSS,exact,720,30217260,replays/ranks_21_40_macro_intent_v1/episode-98013876-replay.json,ranks_21_40_macro_intent_v1,N002,260,0,0.0
1679,98015888,1,38,16633226,test_money,55726920,2683.9,EpisodeType.EPISODE_TYPE_PUBLIC,test_money,RS Turley,99544.0,87666.0,WIN,exact,720,31442803,replays/ranks_21_40_macro_intent_v1/episode-98015888-replay.json,ranks_21_40_macro_intent_v1,N002,260,0,0.0
1680,98016191,0,35,16670276,Egor Trushin,55724054,2692.1,EpisodeType.EPISODE_TYPE_PUBLIC,Egor Trushin,peikopon,79385.0,80319.0,LOSS,exact,720,31627933,replays/ranks_21_40_macro_intent_v1/episode-98016191-replay.json,ranks_21_40_macro_intent_v1,N001,1764,0,0.0
1681,98018181,1,38,16633226,test_money,55726920,2683.9,EpisodeType.EPISODE_TYPE_PUBLIC,test_money,yash bhaskar,114347.0,102972.0,WIN,exact,720,31697583,replays/ranks_21_40_macro_intent_v1/episode-98018181-replay.json,ranks_21_40_macro_intent_v1,N001,1764,0,0.0
1682,98020458,0,38,16633226,test_money,55726920,2683.9,EpisodeType.EPISODE_TYPE_PUBLIC,test_money,BurntPotato,88487.0,86764.0,WIN,exact,720,30299990,replays/ranks_21_40_macro_intent_v1/episode-98020458-replay.json,ranks_21_40_macro_intent_v1,N002,260,0,0.0
1683,98020740,0,38,16633226,test_money,55726920,2683.9,EpisodeType.EPISODE_TYPE_PUBLIC,test_money,ComposeMage,52497.0,42241.0,WIN,exact,720,31605961,replays/ranks_21_40_macro_intent_v1/episode-98020740-replay.json,ranks_21_40_macro_intent_v1,N001,1764,0,0.0
1684,98022773,1,38,16633226,test_money,55726920,2683.9,EpisodeType.EPISODE_TYPE_PUBLIC,test_money,Wang H2O,128628.0,117201.0,WIN,exact,720,31693155,replays/ranks_21_40_macro_intent_v1/episode-98022773-replay.json,ranks_21_40_macro_intent_v1,N001,1764,0,0.0
1685,98025077,0,38,16633226,test_money,55726920,2683.9,EpisodeType.EPISODE_TYPE_PUBLIC,test_money,danilka200300,75047.0,65552.0,WIN,exact,720,31536844,replays/ranks_21_40_macro_intent_v1/episode-98025077-replay.json,ranks_21_40_macro_intent_v1,N001,1764,0,0.0
1686,98027360,0,38,16633226,test_money,55726920,2683.9,EpisodeType.EPISODE_TYPE_PUBLIC,test_money,易研学社,96439.0,81411.0,WIN,exact,720,31512276,replays/ranks_21_40_macro_intent_v1/episode-98027360-replay.json,ranks_21_40_macro_intent_v1,N003,247,0,0.0
1687,98029645,0,38,16633226,test_money,55726920,2683.9,EpisodeType.EPISODE_TYPE_PUBLIC,test_money,srijan k.r keshri,75981.0,73626.0,WIN,exact,720,30416711,replays/ranks_21_40_macro_intent_v1/episode-98029645-replay.json,ranks_21_40_macro_intent_v1,N002,260,0,0.0
1688,98031933,1,38,16633226,test_money,55726920,2683.9,EpisodeType.EPISODE_TYPE_PUBLIC,test_money,Pardheev Krishna,115132.0,105355.0,WIN,exact,720,31354341,replays/ranks_21_40_macro_intent_v1/episode-98031933-replay.json,ranks_21_40_macro_intent_v1,N003,247,0,0.0
1689,98034221,1,38,16633226,test_money,55726920,2683.9,EpisodeType.EPISODE_TYPE_PUBLIC,test_money,BorisV,87831.0,78604.0,WIN,exact,720,31695459,replays/ranks_21_40_macro_intent_v1/episode-98034221-replay.json,ranks_21_40_macro_intent_v1,N001,1764,0,0.0
1690,98036503,1,38,16633226,test_money,55726920,2683.9,EpisodeType.EPISODE_TYPE_PUBLIC,test_money,Jingxiang,103963.0,90269.0,WIN,exact,720,31584138,replays/ranks_21_40_macro_intent_v1/episode-98036503-replay.json,ranks_21_40_macro_intent_v1,N001,1764,0,0.0
1691,98036611,1,37,16742369,Ömer Faruk Yüce,55723563,2688.4,EpisodeType.EPISODE_TYPE_PUBLIC,Ömer Faruk Yüce,OceanMix,142548.0,142548.0,TIE,exact,720,30927520,replays/ranks_21_40_macro_intent_v1/episode-98036611-replay.json,ranks_21_40_macro_intent_v1,N001,1764,0,0.020570458844304085
1692,98036759,1,35,16670276,Egor Trushin,55724054,2692.1,EpisodeType.EPISODE_TYPE_PUBLIC,Egor Trushin,tetsuya,107763.0,110263.0,LOSS,exact,720,31546740,replays/ranks_21_40_macro_intent_v1/episode-98036759-replay.json,ranks_21_40_macro_intent_v1,N001,1764,0,0.0
1693,98038791,1,38,16633226,test_money,55726920,2683.9,EpisodeType.EPISODE_TYPE_PUBLIC,test_money,theredbluepill,68356.0,68634.0,LOSS,exact,720,31993033,replays/ranks_21_40_macro_intent_v1/episode-98038791-replay.json,ranks_21_40_macro_intent_v1,N001,1764,0,0.0
1694,98041088,0,38,16633226,test_money,55726920,2683.9,EpisodeType.EPISODE_TYPE_PUBLIC,test_money,A. R. SEKKAT,77383.0,66252.0,WIN,exact,720,31602423,replays/ranks_21_40_macro_intent_v1/episode-98041088-replay.json,ranks_21_40_macro_intent_v1,N001,1764,0,0.009466666728258133
1695,98043377,0,38,16633226,test_money,55726920,2683.9,EpisodeType.EPISODE_TYPE_PUBLIC,test_money,Arda Ceylan,91291.0,82809.0,WIN,exact,720,31580304,replays/ranks_21_40_macro_intent_v1/episode-98043377-replay.json,ranks_21_40_macro_intent_v1,N001,1764,0,0.0
1696,98043578,1,35,16670276,Egor Trushin,55724054,2692.1,EpisodeType.EPISODE_TYPE_PUBLIC,Egor Trushin,fufufukakaka,93513.0,92978.0,WIN,exact,720,30461690,replays/ranks_21_40_macro_intent_v1/episode-98043578-replay.json,ranks_21_40_macro_intent_v1,N003,247,0,0.0
1697,98043649,0,24,16685548,Erfan Eshratifar,55729097,2729.9,EpisodeType.EPISODE_TYPE_VALIDATION,Erfan Eshratifar,Erfan Eshratifar,60436.0,59979.0,WIN,exact,720,31708939,replays/ranks_21_40_macro_intent_v1/episode-98043649-replay.json,ranks_21_40_macro_intent_v1,N004,130,0,0.011875350028276443
1698,98043649,1,24,16685548,Erfan Eshratifar,55729097,2729.9,EpisodeType.EPISODE_TYPE_VALIDATION,Erfan Eshratifar,Erfan Eshratifar,59979.0,60436.0,LOSS,exact,720,31708939,replays/ranks_21_40_macro_intent_v1/episode-98043649-replay.json,ranks_21_40_macro_intent_v1,N004,130,0,0.006938426289707422
1699,98045611,1,24,16685548,Erfan Eshratifar,55729097,2729.9,EpisodeType.EPISODE_TYPE_PUBLIC,Erfan Eshratifar,Julien Baumgartner,139212.0,36915.0,WIN,exact,720,24179047,replays/ranks_21_40_macro_intent_v1/episode-98045611-replay.json,ranks_21_40_macro_intent_v1,N004,130,0,0.0152736222371459
1700,98045662,1,38,16633226,test_money,55726920,2683.9,EpisodeType.EPISODE_TYPE_PUBLIC,test_money,guoziyi123456,133632.0,123235.0,WIN,exact,720,31577752,replays/ranks_21_40_macro_intent_v1/episode-98045662-replay.json,ranks_21_40_macro_intent_v1,N001,1764,0,0.0
1701,98047872,1,24,16685548,Erfan Eshratifar,55729097,2729.9,EpisodeType.EPISODE_TYPE_PUBLIC,Erfan Eshratifar,Sergei Myshianov,132953.0,50952.0,WIN,exact,720,25978137,replays/ranks_21_40_macro_intent_v1/episode-98047872-replay.json,ranks_21_40_macro_intent_v1,N004,130,0,0.006938426289707422
1702,98047957,0,38,16633226,test_money,55726920,2683.9,EpisodeType.EPISODE_TYPE_PUBLIC,test_money,mandgeee,64661.0,57570.0,WIN,exact,720,31572785,replays/ranks_21_40_macro_intent_v1/episode-98047957-replay.json,ranks_21_40_macro_intent_v1,N001,1764,0,0.0
1703,98050136,0,24,16685548,Erfan Eshratifar,55729097,2729.9,EpisodeType.EPISODE_TYPE_PUBLIC,Erfan Eshratifar,July,162285.0,51069.0,WIN,exact,720,25260809,replays/ranks_21_40_macro_intent_v1/episode-98050136-replay.json,ranks_21_40_macro_intent_v1,N004,130,1,0.0
1704,98050240,0,38,16633226,test_money,55726920,2683.9,EpisodeType.EPISODE_TYPE_PUBLIC,test_money,Yosif EL-Rammaal,99510.0,87755.0,WIN,exact,720,31567112,replays/ranks_21_40_macro_intent_v1/episode-98050240-replay.json,ranks_21_40_macro_intent_v1,N001,1764,0,0.0
1705,98050342,1,35,16670276,Egor Trushin,55724054,2692.1,EpisodeType.EPISODE_TYPE_PUBLIC,Egor Trushin,OceanMix,57872.0,58269.0,LOSS,exact,720,30968163,replays/ranks_21_40_macro_intent_v1/episode-98050342-replay.json,ranks_21_40_macro_intent_v1,N001,1764,0,0.020570458844304085
1706,98052421,0,24,16685548,Erfan Eshratifar,55729097,2729.9,EpisodeType.EPISODE_TYPE_PUBLIC,Erfan Eshratifar,B05801037,144727.0,61327.0,WIN,exact,720,23139240,replays/ranks_21_40_macro_intent_v1/episode-98052421-replay.json,ranks_21_40_macro_intent_v1,N004,130,0,0.07977796345949173
1707,98052525,0,38,16633226,test_money,55726920,2683.9,EpisodeType.EPISODE_TYPE_PUBLIC,test_money,theredbluepill,81707.0,82195.0,LOSS,exact,720,30956273,replays/ranks_21_40_macro_intent_v1/episode-98052525-replay.json,ranks_21_40_macro_intent_v1,N003,247,0,0.0
1708,98054690,0,24,16685548,Erfan Eshratifar,55729097,2729.9,EpisodeType.EPISODE_TYPE_PUBLIC,Erfan Eshratifar,SIDHAARTH SHREE,106715.0,85163.0,WIN,exact,720,26636443,replays/ranks_21_40_macro_intent_v1/episode-98054690-replay.json,ranks_21_40_macro_intent_v1,N004,130,0,0.09499587118625641
1709,98054811,1,38,16633226,test_money,55726920,2683.9,EpisodeType.EPISODE_TYPE_PUBLIC,test_money,James Holland,98383.0,89772.0,WIN,exact,720,31087249,replays/ranks_21_40_macro_intent_v1/episode-98054811-replay.json,ranks_21_40_macro_intent_v1,N002,260,0,0.0
1710,98056971,0,24,16685548,Erfan Eshratifar,55729097,2729.9,EpisodeType.EPISODE_TYPE_PUBLIC,Erfan Eshratifar,Sujith Kumar Sashikanth,116433.0,42383.0,WIN,exact,720,32507701,replays/ranks_21_40_macro_intent_v1/episode-98056971-replay.json,ranks_21_40_macro_intent_v1,N004,130,0,0.0152736222371459
1711,98057100,1,38,16633226,test_money,55726920,2683.9,EpisodeType.EPISODE_TYPE_PUBLIC,test_money,Charles Backman on LinkedIn,105229.0,95394.0,WIN,exact,720,31737844,replays/ranks_21_40_macro_intent_v1/episode-98057100-replay.json,ranks_21_40_macro_intent_v1,N001,1764,0,0.0
1712,98057261,0,37,16742369,Ömer Faruk Yüce,55723563,2688.4,EpisodeType.EPISODE_TYPE_PUBLIC,Ömer Faruk Yüce,fufufukakaka,94317.0,61252.0,WIN,exact,720,27461670,replays/ranks_21_40_macro_intent_v1/episode-98057261-replay.json,ranks_21_40_macro_intent_v1,N001,1764,0,0.0
1713,98059250,0,24,16685548,Erfan Eshratifar,55729097,2729.9,EpisodeType.EPISODE_TYPE_PUBLIC,Erfan Eshratifar,Ikki Katsuyama,81734.0,51007.0,WIN,exact,720,29944066,replays/ranks_21_40_macro_intent_v1/episode-98059250-replay.json,ranks_21_40_macro_intent_v1,N004,130,0,0.0152736222371459
1714,98059379,0,38,16633226,test_money,55726920,2683.9,EpisodeType.EPISODE_TYPE_PUBLIC,test_money,Sarthak Sharma ,82262.0,65868.0,WIN,exact,720,31453698,replays/ranks_21_40_macro_intent_v1/episode-98059379-replay.json,ranks_21_40_macro_intent_v1,N002,260,0,0.0
1715,98061518,1,24,16685548,Erfan Eshratifar,55729097,2729.9,EpisodeType.EPISODE_TYPE_PUBLIC,Erfan Eshratifar,tianwen zhang1,98835.0,48816.0,WIN,exact,720,30647459,replays/ranks_21_40_macro_intent_v1/episode-98061518-replay.json,ranks_21_40_macro_intent_v1,N004,130,0,0.0
1716,98061667,0,38,16633226,test_money,55726920,2683.9,EpisodeType.EPISODE_TYPE_PUBLIC,test_money,QQ Farming,141113.0,134530.0,WIN,exact,720,30524989,replays/ranks_21_40_macro_intent_v1/episode-98061667-replay.json,ranks_21_40_macro_intent_v1,N002,260,0,0.0
1717,98061775,1,35,16670276,Egor Trushin,55724054,2692.1,EpisodeType.EPISODE_TYPE_PUBLIC,Egor Trushin,OceanMix,104985.0,104966.0,WIN,exact,720,30305374,replays/ranks_21_40_macro_intent_v1/episode-98061775-replay.json,ranks_21_40_macro_intent_v1,N002,260,0,0.0
1718,98063806,0,24,16685548,Erfan Eshratifar,55729097,2729.9,EpisodeType.EPISODE_TYPE_PUBLIC,Erfan Eshratifar,Aiman Al-Shalfi,153872.0,115858.0,WIN,exact,720,30051705,replays/ranks_21_40_macro_intent_v1/episode-98063806-replay.json,ranks_21_40_macro_intent_v1,N004,130,0,0.07228583097457886
1719,98063955,0,38,16633226,test_money,55726920,2683.9,EpisodeType.EPISODE_TYPE_PUBLIC,test_money,tetsuya,78825.0,88332.0,LOSS,exact,720,31578533,replays/ranks_21_40_macro_intent_v1/episode-98063955-replay.json,ranks_21_40_macro_intent_v1,N001,1764,0,0.0
1720,98066077,0,24,16685548,Erfan Eshratifar,55729097,2729.9,EpisodeType.EPISODE_TYPE_PUBLIC,Erfan Eshratifar,N_Matsumoto24,116209.0,75862.0,WIN,exact,720,31635785,replays/ranks_21_40_macro_intent_v1/episode-98066077-replay.json,ranks_21_40_macro_intent_v1,N004,130,0,0.09499587118625641
1721,98066244,0,38,16633226,test_money,55726920,2683.9,EpisodeType.EPISODE_TYPE_PUBLIC,test_money,ziliangCok,48310.0,35373.0,WIN,exact,720,31528859,replays/ranks_21_40_macro_intent_v1/episode-98066244-replay.json,ranks_21_40_macro_intent_v1,N001,1764,0,0.0
1722,98068350,0,24,16685548,Erfan Eshratifar,55729097,2729.9,EpisodeType.EPISODE_TYPE_PUBLIC,Erfan Eshratifar,Narendra Sirvi,96487.0,73283.0,WIN,exact,720,31038297,replays/ranks_21_40_macro_intent_v1/episode-98068350-replay.json,ranks_21_40_macro_intent_v1,N004,130,0,0.0557420514523983
1723,98068526,1,38,16633226,test_money,55726920,2683.9,EpisodeType.EPISODE_TYPE_PUBLIC,test_money,lelelove1225,149213.0,140926.0,WIN,exact,720,31700269,replays/ranks_21_40_macro_intent_v1/episode-98068526-replay.json,ranks_21_40_macro_intent_v1,N001,1764,0,0.0
1724,98068569,0,38,16633226,test_money,55726920,2683.9,EpisodeType.EPISODE_TYPE_PUBLIC,test_money,Tagir Analyzes,73101.0,76388.0,LOSS,exact,720,31343743,replays/ranks_21_40_macro_intent_v1/episode-98068569-replay.json,ranks_21_40_macro_intent_v1,N001,1764,0,0.020570458844304085
1725,98070629,0,24,16685548,Erfan Eshratifar,55729097,2729.9,EpisodeType.EPISODE_TYPE_PUBLIC,Erfan Eshratifar,xiy lin,67183.0,49688.0,WIN,exact,720,30894884,replays/ranks_21_40_macro_intent_v1/episode-98070629-replay.json,ranks_21_40_macro_intent_v1,N004,130,0,0.006938426289707422
1726,98070818,1,38,16633226,test_money,55726920,2683.9,EpisodeType.EPISODE_TYPE_PUBLIC,test_money,Lucien de Rubempre,99482.0,101572.0,LOSS,exact,720,30226278,replays/ranks_21_40_macro_intent_v1/episode-98070818-replay.json,ranks_21_40_macro_intent_v1,N002,260,0,0.0
1727,98072907,1,24,16685548,Erfan Eshratifar,55729097,2729.9,EpisodeType.EPISODE_TYPE_PUBLIC,Erfan Eshratifar,Chukunder,69849.0,49497.0,WIN,exact,720,30621556,replays/ranks_21_40_macro_intent_v1/episode-98072907-replay.json,ranks_21_40_macro_intent_v1,N004,130,0,0.0
1728,98073108,1,38,16633226,test_money,55726920,2683.9,EpisodeType.EPISODE_TYPE_PUBLIC,test_money,Octavi Grau,84032.0,68696.0,WIN,exact,720,30870520,replays/ranks_21_40_macro_intent_v1/episode-98073108-replay.json,ranks_21_40_macro_intent_v1,N002,260,0,0.0
1729,98075184,0,24,16685548,Erfan Eshratifar,55729097,2729.9,EpisodeType.EPISODE_TYPE_PUBLIC,Erfan Eshratifar,Ahmed Ehab Fathi,86266.0,78172.0,WIN,exact,720,31551070,replays/ranks_21_40_macro_intent_v1/episode-98075184-replay.json,ranks_21_40_macro_intent_v1,N004,130,0,0.02645007148385048
1730,98075384,1,38,16633226,test_money,55726920,2683.9,EpisodeType.EPISODE_TYPE_PUBLIC,test_money,A. R. SEKKAT,96251.0,82742.0,WIN,exact,720,31684266,replays/ranks_21_40_macro_intent_v1/episode-98075384-replay.json,ranks_21_40_macro_intent_v1,N001,1764,0,0.0
1731,98077463,0,24,16685548,Erfan Eshratifar,55729097,2729.9,EpisodeType.EPISODE_TYPE_PUBLIC,Erfan Eshratifar,Papa Annan,71596.0,66920.0,WIN,exact,720,30389642,replays/ranks_21_40_macro_intent_v1/episode-98077463-replay.json,ranks_21_40_macro_intent_v1,N004,130,0,0.0
1732,98077661,1,37,16742369,Ömer Faruk Yüce,55723563,2688.4,EpisodeType.EPISODE_TYPE_PUBLIC,Ömer Faruk Yüce,junseok lee,143183.0,149648.0,LOSS,exact,720,31360504,replays/ranks_21_40_macro_intent_v1/episode-98077661-replay.json,ranks_21_40_macro_intent_v1,N001,1764,0,0.020570458844304085
1733,98077667,1,38,16633226,test_money,55726920,2683.9,EpisodeType.EPISODE_TYPE_PUBLIC,test_money,ebisu_ya,112450.0,100741.0,WIN,exact,720,31630548,replays/ranks_21_40_macro_intent_v1/episode-98077667-replay.json,ranks_21_40_macro_intent_v1,N001,1764,0,0.0
1734,98079753,1,24,16685548,Erfan Eshratifar,55729097,2729.9,EpisodeType.EPISODE_TYPE_PUBLIC,Erfan Eshratifar,Max Fofanov,91521.0,73306.0,WIN,exact,720,31326153,replays/ranks_21_40_macro_intent_v1/episode-98079753-replay.json,ranks_21_40_macro_intent_v1,N004,130,0,0.07977796345949173
1735,98079967,0,38,16633226,test_money,55726920,2683.9,EpisodeType.EPISODE_TYPE_PUBLIC,test_money,Jasper Turnidge,124780.0,118149.0,WIN,exact,720,31292662,replays/ranks_21_40_macro_intent_v1/episode-98079967-replay.json,ranks_21_40_macro_intent_v1,N002,260,0,0.0
1736,98082031,1,24,16685548,Erfan Eshratifar,55729097,2729.9,EpisodeType.EPISODE_TYPE_PUBLIC,Erfan Eshratifar,Vu Tran Hoang,121605.0,111817.0,WIN,exact,720,30451127,replays/ranks_21_40_macro_intent_v1/episode-98082031-replay.json,ranks_21_40_macro_intent_v1,N004,130,0,0.006938426289707422
1737,98082254,1,38,16633226,test_money,55726920,2683.9,EpisodeType.EPISODE_TYPE_PUBLIC,test_money,Victor @ Tufa Labs,132810.0,134603.0,LOSS,exact,720,30416673,replays/ranks_21_40_macro_intent_v1/episode-98082254-replay.json,ranks_21_40_macro_intent_v1,N002,260,0,0.0
1738,98084310,0,24,16685548,Erfan Eshratifar,55729097,2729.9,EpisodeType.EPISODE_TYPE_PUBLIC,Erfan Eshratifar,Alperen Aydın,50278.0,46080.0,WIN,exact,720,31492659,replays/ranks_21_40_macro_intent_v1/episode-98084310-replay.json,ranks_21_40_macro_intent_v1,N004,130,0,0.0
1739,98084539,1,38,16633226,test_money,55726920,2683.9,EpisodeType.EPISODE_TYPE_PUBLIC,test_money,StackKnight,56411.0,41117.0,WIN,exact,720,31680390,replays/ranks_21_40_macro_intent_v1/episode-98084539-replay.json,ranks_21_40_macro_intent_v1,N001,1764,0,0.0
1740,98086609,0,24,16685548,Erfan Eshratifar,55729097,2729.9,EpisodeType.EPISODE_TYPE_PUBLIC,Erfan Eshratifar,Andrey Chankin,60405.0,58891.0,WIN,exact,720,31112019,replays/ranks_21_40_macro_intent_v1/episode-98086609-replay.json,ranks_21_40_macro_intent_v1,N004,130,0,0.0
1741,98086820,1,38,16633226,test_money,55726920,2683.9,EpisodeType.EPISODE_TYPE_PUBLIC,test_money,ReCurSiON,97641.0,86579.0,WIN,exact,720,31435723,replays/ranks_21_40_macro_intent_v1/episode-98086820-replay.json,ranks_21_40_macro_intent_v1,N001,1764,0,0.0
1742,98088874,0,24,16685548,Erfan Eshratifar,55729097,2729.9,EpisodeType.EPISODE_TYPE_PUBLIC,Erfan Eshratifar,Yusuraume,47815.0,37168.0,WIN,exact,720,31140320,replays/ranks_21_40_macro_intent_v1/episode-98088874-replay.json,ranks_21_40_macro_intent_v1,N004,130,0,0.0
1743,98089102,0,38,16633226,test_money,55726920,2683.9,EpisodeType.EPISODE_TYPE_PUBLIC,test_money,Kaan Dınız,111183.0,93905.0,WIN,exact,720,30762216,replays/ranks_21_40_macro_intent_v1/episode-98089102-replay.json,ranks_21_40_macro_intent_v1,N003,247,0,0.0
1744,98091166,0,24,16685548,Erfan Eshratifar,55729097,2729.9,EpisodeType.EPISODE_TYPE_PUBLIC,Erfan Eshratifar,Kadouci Abdelhak,82683.0,79438.0,WIN,exact,720,32090670,replays/ranks_21_40_macro_intent_v1/episode-98091166-replay.json,ranks_21_40_macro_intent_v1,N004,130,0,0.07977796345949173
1745,98091376,0,38,16633226,test_money,55726920,2683.9,EpisodeType.EPISODE_TYPE_PUBLIC,test_money,Xiaowenhao404,89669.0,79354.0,WIN,exact,720,31683904,replays/ranks_21_40_macro_intent_v1/episode-98091376-replay.json,ranks_21_40_macro_intent_v1,N001,1764,0,0.0
1746,98091426,0,37,16742369,Ömer Faruk Yüce,55723563,2688.4,EpisodeType.EPISODE_TYPE_PUBLIC,Ömer Faruk Yüce,Tagir Analyzes,70664.0,70664.0,TIE,exact,720,30922113,replays/ranks_21_40_macro_intent_v1/episode-98091426-replay.json,ranks_21_40_macro_intent_v1,N001,1764,0,0.020570458844304085
1747,98091495,1,24,16685548,Erfan Eshratifar,55729097,2729.9,EpisodeType.EPISODE_TYPE_PUBLIC,Erfan Eshratifar,Sébastien Mametz (Pixs),109770.0,104250.0,WIN,exact,720,31562515,replays/ranks_21_40_macro_intent_v1/episode-98091495-replay.json,ranks_21_40_macro_intent_v1,N004,130,0,0.021316811442375183
1748,98093468,0,24,16685548,Erfan Eshratifar,55729097,2729.9,EpisodeType.EPISODE_TYPE_PUBLIC,Erfan Eshratifar,ZotAZaw3,127177.0,127466.0,LOSS,exact,720,31154821,replays/ranks_21_40_macro_intent_v1/episode-98093468-replay.json,ranks_21_40_macro_intent_v1,N004,130,0,0.0
1749,98093657,1,38,16633226,test_money,55726920,2683.9,EpisodeType.EPISODE_TYPE_PUBLIC,test_money,Yosif EL-Rammaal,74842.0,59334.0,WIN,exact,720,31440627,replays/ranks_21_40_macro_intent_v1/episode-98093657-replay.json,ranks_21_40_macro_intent_v1,N001,1764,0,0.0
1750,98095747,1,24,16685548,Erfan Eshratifar,55729097,2729.9,EpisodeType.EPISODE_TYPE_PUBLIC,Erfan Eshratifar,automatylicza,81418.0,70716.0,WIN,exact,720,31153385,replays/ranks_21_40_macro_intent_v1/episode-98095747-replay.json,ranks_21_40_macro_intent_v1,N004,130,0,0.0
1751,98095940,0,38,16633226,test_money,55726920,2683.9,EpisodeType.EPISODE_TYPE_PUBLIC,test_money,James Holland,36509.0,37986.0,LOSS,exact,720,31656911,replays/ranks_21_40_macro_intent_v1/episode-98095940-replay.json,ranks_21_40_macro_intent_v1,N001,1764,0,0.0
1752,98098036,1,24,16685548,Erfan Eshratifar,55729097,2729.9,EpisodeType.EPISODE_TYPE_PUBLIC,Erfan Eshratifar,Yusuke Hayashi,101709.0,92871.0,WIN,exact,720,31743077,replays/ranks_21_40_macro_intent_v1/episode-98098036-replay.json,ranks_21_40_macro_intent_v1,N004,130,0,0.0557420514523983
1753,98098225,0,38,16633226,test_money,55726920,2683.9,EpisodeType.EPISODE_TYPE_PUBLIC,test_money,mandgeee,107215.0,95707.0,WIN,exact,720,31687082,replays/ranks_21_40_macro_intent_v1/episode-98098225-replay.json,ranks_21_40_macro_intent_v1,N002,260,0,0.0
1754,98098261,0,24,16685548,Erfan Eshratifar,55729097,2729.9,EpisodeType.EPISODE_TYPE_PUBLIC,Erfan Eshratifar,THIRD FARM CLUB,74412.0,69659.0,WIN,exact,720,30934196,replays/ranks_21_40_macro_intent_v1/episode-98098261-replay.json,ranks_21_40_macro_intent_v1,N004,130,0,0.0
1755,98100401,0,24,16685548,Erfan Eshratifar,55729097,2729.9,EpisodeType.EPISODE_TYPE_PUBLIC,Erfan Eshratifar,THeLAB,136830.0,133602.0,WIN,exact,720,31748878,replays/ranks_21_40_macro_intent_v1/episode-98100401-replay.json,ranks_21_40_macro_intent_v1,N004,130,0,0.0557420514523983
1756,98100567,1,38,16633226,test_money,55726920,2683.9,EpisodeType.EPISODE_TYPE_PUBLIC,test_money,shiiin9,83329.0,71749.0,WIN,exact,720,31599776,replays/ranks_21_40_macro_intent_v1/episode-98100567-replay.json,ranks_21_40_macro_intent_v1,N001,1764,0,0.0
1757,98102625,1,24,16685548,Erfan Eshratifar,55729097,2729.9,EpisodeType.EPISODE_TYPE_PUBLIC,Erfan Eshratifar,zxysbsq,132967.0,139520.0,LOSS,exact,720,31139293,replays/ranks_21_40_macro_intent_v1/episode-98102625-replay.json,ranks_21_40_macro_intent_v1,N004,130,0,0.021316811442375183
1758,98102789,1,37,16742369,Ömer Faruk Yüce,55723563,2688.4,EpisodeType.EPISODE_TYPE_PUBLIC,Ömer Faruk Yüce,junseok lee,63671.0,66491.0,LOSS,exact,720,30196975,replays/ranks_21_40_macro_intent_v1/episode-98102789-replay.json,ranks_21_40_macro_intent_v1,N002,260,0,0.008158447220921516
1759,98102792,1,38,16633226,test_money,55726920,2683.9,EpisodeType.EPISODE_TYPE_PUBLIC,test_money,Lucien de Rubempre,138065.0,81957.0,WIN,exact,720,27810874,replays/ranks_21_40_macro_intent_v1/episode-98102792-replay.json,ranks_21_40_macro_intent_v1,N001,1764,0,0.0
1760,98104912,1,24,16685548,Erfan Eshratifar,55729097,2729.9,EpisodeType.EPISODE_TYPE_PUBLIC,Erfan Eshratifar,Tom3,64620.0,56471.0,WIN,exact,720,30646672,replays/ranks_21_40_macro_intent_v1/episode-98104912-replay.json,ranks_21_40_macro_intent_v1,N004,130,0,0.0
1761,98105077,0,35,16670276,Egor Trushin,55724054,2692.1,EpisodeType.EPISODE_TYPE_PUBLIC,Egor Trushin,test_money,106899.0,106989.0,LOSS,exact,720,32637094,replays/ranks_21_40_macro_intent_v1/episode-98105077-replay.json,ranks_21_40_macro_intent_v1,N001,1764,0,0.0006307330331765115
1762,98105077,1,38,16633226,test_money,55726920,2683.9,EpisodeType.EPISODE_TYPE_PUBLIC,test_money,Egor Trushin,106989.0,106899.0,WIN,exact,720,32637094,replays/ranks_21_40_macro_intent_v1/episode-98105077-replay.json,ranks_21_40_macro_intent_v1,N001,1764,0,0.0
1763,98107201,1,24,16685548,Erfan Eshratifar,55729097,2729.9,EpisodeType.EPISODE_TYPE_PUBLIC,Erfan Eshratifar,Omer Faruk Merey,140902.0,135837.0,WIN,exact,720,32096000,replays/ranks_21_40_macro_intent_v1/episode-98107201-replay.json,ranks_21_40_macro_intent_v1,N004,130,0,0.07977796345949173
1764,98107364,0,38,16633226,test_money,55726920,2683.9,EpisodeType.EPISODE_TYPE_PUBLIC,test_money,Arman Tuganbaev,96568.0,91094.0,WIN,exact,720,30438979,replays/ranks_21_40_macro_intent_v1/episode-98107364-replay.json,ranks_21_40_macro_intent_v1,N002,260,0,0.0
1765,98109493,0,24,16685548,Erfan Eshratifar,55729097,2729.9,EpisodeType.EPISODE_TYPE_PUBLIC,Erfan Eshratifar,The Wolf of Wheat Street,56197.0,48898.0,WIN,exact,720,30953478,replays/ranks_21_40_macro_intent_v1/episode-98109493-replay.json,ranks_21_40_macro_intent_v1,N004,130,0,0.013333333656191826
1766,98109587,0,35,16670276,Egor Trushin,55724054,2692.1,EpisodeType.EPISODE_TYPE_PUBLIC,Egor Trushin,Kazama Yusuke,82784.0,82855.0,LOSS,exact,720,31603785,replays/ranks_21_40_macro_intent_v1/episode-98109587-replay.json,ranks_21_40_macro_intent_v1,N001,1764,0,0.0
1767,98109652,1,38,16633226,test_money,55726920,2683.9,EpisodeType.EPISODE_TYPE_PUBLIC,test_money,Kazama Yusuke,96211.0,96211.0,TIE,exact,720,30918056,replays/ranks_21_40_macro_intent_v1/episode-98109652-replay.json,ranks_21_40_macro_intent_v1,N001,1764,0,0.020570458844304085
1768,98111786,0,24,16685548,Erfan Eshratifar,55729097,2729.9,EpisodeType.EPISODE_TYPE_PUBLIC,Erfan Eshratifar,yjshyfy,94248.0,83797.0,WIN,exact,720,31323460,replays/ranks_21_40_macro_intent_v1/episode-98111786-replay.json,ranks_21_40_macro_intent_v1,N004,130,0,0.0557420514523983
1769,98111940,1,38,16633226,test_money,55726920,2683.9,EpisodeType.EPISODE_TYPE_PUBLIC,test_money,peikopon,61728.0,69534.0,LOSS,exact,720,31631228,replays/ranks_21_40_macro_intent_v1/episode-98111940-replay.json,ranks_21_40_macro_intent_v1,N001,1764,0,0.0
1770,98112052,1,38,16633226,test_money,55726920,2683.9,EpisodeType.EPISODE_TYPE_PUBLIC,test_money,fufufukakaka,54587.0,44790.0,WIN,exact,720,27746774,replays/ranks_21_40_macro_intent_v1/episode-98112052-replay.json,ranks_21_40_macro_intent_v1,N001,1764,0,0.0
1771,98112062,1,24,16685548,Erfan Eshratifar,55729097,2729.9,EpisodeType.EPISODE_TYPE_PUBLIC,Erfan Eshratifar,CemBas,61566.0,58728.0,WIN,exact,720,31744656,replays/ranks_21_40_macro_intent_v1/episode-98112062-replay.json,ranks_21_40_macro_intent_v1,N004,130,0,0.0
1772,98114075,0,24,16685548,Erfan Eshratifar,55729097,2729.9,EpisodeType.EPISODE_TYPE_PUBLIC,Erfan Eshratifar,SCNU,110300.0,103085.0,WIN,exact,720,31027399,replays/ranks_21_40_macro_intent_v1/episode-98114075-replay.json,ranks_21_40_macro_intent_v1,N004,130,0,0.057100776582956314
1773,98114238,1,38,16633226,test_money,55726920,2683.9,EpisodeType.EPISODE_TYPE_PUBLIC,test_money,peikopon,99581.0,90666.0,WIN,exact,720,31627626,replays/ranks_21_40_macro_intent_v1/episode-98114238-replay.json,ranks_21_40_macro_intent_v1,N001,1764,0,0.0
1774,98116356,1,24,16685548,Erfan Eshratifar,55729097,2729.9,EpisodeType.EPISODE_TYPE_PUBLIC,Erfan Eshratifar,Hiroyasu Okuno,129900.0,121944.0,WIN,exact,720,32099201,replays/ranks_21_40_macro_intent_v1/episode-98116356-replay.json,ranks_21_40_macro_intent_v1,N004,130,0,0.07977796345949173
1775,98116444,0,35,16670276,Egor Trushin,55724054,2692.1,EpisodeType.EPISODE_TYPE_PUBLIC,Egor Trushin,Kazama Yusuke,89117.0,89125.0,LOSS,exact,720,32664296,replays/ranks_21_40_macro_intent_v1/episode-98116444-replay.json,ranks_21_40_macro_intent_v1,N001,1764,0,0.0
1776,98116511,1,38,16633226,test_money,55726920,2683.9,EpisodeType.EPISODE_TYPE_PUBLIC,test_money,Kazama Yusuke,117043.0,117043.0,TIE,exact,720,31089094,replays/ranks_21_40_macro_intent_v1/episode-98116511-replay.json,ranks_21_40_macro_intent_v1,N001,1764,0,0.020570458844304085
1777,98116624,0,37,16742369,Ömer Faruk Yüce,55723563,2688.4,EpisodeType.EPISODE_TYPE_PUBLIC,Ömer Faruk Yüce,カワシギ,86222.0,81183.0,WIN,exact,720,32000675,replays/ranks_21_40_macro_intent_v1/episode-98116624-replay.json,ranks_21_40_macro_intent_v1,N001,1764,0,0.0
1778,98118635,0,24,16685548,Erfan Eshratifar,55729097,2729.9,EpisodeType.EPISODE_TYPE_PUBLIC,Erfan Eshratifar,SpaTaro,71838.0,62127.0,WIN,exact,720,31614026,replays/ranks_21_40_macro_intent_v1/episode-98118635-replay.json,ranks_21_40_macro_intent_v1,N004,130,0,0.0557420514523983
1779,98118784,0,38,16633226,test_money,55726920,2683.9,EpisodeType.EPISODE_TYPE_PUBLIC,test_money,Kazama Yusuke,57710.0,57710.0,TIE,exact,720,31440808,replays/ranks_21_40_macro_intent_v1/episode-98118784-replay.json,ranks_21_40_macro_intent_v1,N001,1764,0,0.0
1780,98120925,1,24,16685548,Erfan Eshratifar,55729097,2729.9,EpisodeType.EPISODE_TYPE_PUBLIC,Erfan Eshratifar,Syed Muhammad Gillani,68814.0,73080.0,LOSS,exact,720,31195539,replays/ranks_21_40_macro_intent_v1/episode-98120925-replay.json,ranks_21_40_macro_intent_v1,N004,130,0,0.0
1781,98121065,0,38,16633226,test_money,55726920,2683.9,EpisodeType.EPISODE_TYPE_PUBLIC,test_money,peikopon,77711.0,71791.0,WIN,exact,720,31494171,replays/ranks_21_40_macro_intent_v1/episode-98121065-replay.json,ranks_21_40_macro_intent_v1,N001,1764,0,0.0
1782,98123210,0,24,16685548,Erfan Eshratifar,55729097,2729.9,EpisodeType.EPISODE_TYPE_PUBLIC,Erfan Eshratifar,Poor farmer,106133.0,104276.0,WIN,exact,720,31146226,replays/ranks_21_40_macro_intent_v1/episode-98123210-replay.json,ranks_21_40_macro_intent_v1,N004,130,0,0.02645007148385048
1783,98123336,0,38,16633226,test_money,55726920,2683.9,EpisodeType.EPISODE_TYPE_PUBLIC,test_money,peikopon,62510.0,63829.0,LOSS,exact,720,31416016,replays/ranks_21_40_macro_intent_v1/episode-98123336-replay.json,ranks_21_40_macro_intent_v1,N003,247,0,0.0
1784,98123364,0,24,16685548,Erfan Eshratifar,55729097,2729.9,EpisodeType.EPISODE_TYPE_PUBLIC,Erfan Eshratifar,shyjin,82203.0,72529.0,WIN,exact,720,32253660,replays/ranks_21_40_macro_intent_v1/episode-98123364-replay.json,ranks_21_40_macro_intent_v1,N004,130,0,0.07977796345949173
1785,98125496,1,24,16685548,Erfan Eshratifar,55729097,2729.9,EpisodeType.EPISODE_TYPE_PUBLIC,Erfan Eshratifar,1o,140962.0,131467.0,WIN,exact,720,30850978,replays/ranks_21_40_macro_intent_v1/episode-98125496-replay.json,ranks_21_40_macro_intent_v1,N004,130,0,0.021316811442375183
1786,98125631,1,38,16633226,test_money,55726920,2683.9,EpisodeType.EPISODE_TYPE_PUBLIC,test_money,satoooh,89517.0,89517.0,TIE,exact,720,30916031,replays/ranks_21_40_macro_intent_v1/episode-98125631-replay.json,ranks_21_40_macro_intent_v1,N001,1764,0,0.020570458844304085
1787,98127788,0,24,16685548,Erfan Eshratifar,55729097,2729.9,EpisodeType.EPISODE_TYPE_PUBLIC,Erfan Eshratifar,GusNicho,145469.0,139863.0,WIN,exact,720,30908025,replays/ranks_21_40_macro_intent_v1/episode-98127788-replay.json,ranks_21_40_macro_intent_v1,N004,130,0,0.057100776582956314
1788,98127910,1,38,16633226,test_money,55726920,2683.9,EpisodeType.EPISODE_TYPE_PUBLIC,test_money,Kaan Dınız,76290.0,72115.0,WIN,exact,720,31658509,replays/ranks_21_40_macro_intent_v1/episode-98127910-replay.json,ranks_21_40_macro_intent_v1,N001,1764,0,0.0
1789,98130066,1,24,16685548,Erfan Eshratifar,55729097,2729.9,EpisodeType.EPISODE_TYPE_PUBLIC,Erfan Eshratifar,extra eclaire,60188.0,66892.0,LOSS,exact,720,31312799,replays/ranks_21_40_macro_intent_v1/episode-98130066-replay.json,ranks_21_40_macro_intent_v1,N004,130,0,0.02645007148385048
1790,98130187,0,38,16633226,test_money,55726920,2683.9,EpisodeType.EPISODE_TYPE_PUBLIC,test_money,satoooh,24094.0,24094.0,TIE,exact,720,30898472,replays/ranks_21_40_macro_intent_v1/episode-98130187-replay.json,ranks_21_40_macro_intent_v1,N001,1764,0,0.020570458844304085
1791,98132441,1,24,16685548,Erfan Eshratifar,55729097,2729.9,EpisodeType.EPISODE_TYPE_PUBLIC,Erfan Eshratifar,Patrick Chan,106756.0,102946.0,WIN,exact,720,31153820,replays/ranks_21_40_macro_intent_v1/episode-98132441-replay.json,ranks_21_40_macro_intent_v1,N004,130,0,0.0
1792,98132466,0,38,16633226,test_money,55726920,2683.9,EpisodeType.EPISODE_TYPE_PUBLIC,test_money,Arman Tuganbaev,130357.0,123398.0,WIN,exact,720,31329343,replays/ranks_21_40_macro_intent_v1/episode-98132466-replay.json,ranks_21_40_macro_intent_v1,N002,260,0,0.0
1793,98134643,1,24,16685548,Erfan Eshratifar,55729097,2729.9,EpisodeType.EPISODE_TYPE_PUBLIC,Erfan Eshratifar,1o,62754.0,51488.0,WIN,exact,720,31150470,replays/ranks_21_40_macro_intent_v1/episode-98134643-replay.json,ranks_21_40_macro_intent_v1,N004,130,0,0.0
1794,98134747,1,38,16633226,test_money,55726920,2683.9,EpisodeType.EPISODE_TYPE_PUBLIC,test_money,ReCurSiON,109417.0,95307.0,WIN,exact,720,31447251,replays/ranks_21_40_macro_intent_v1/episode-98134747-replay.json,ranks_21_40_macro_intent_v1,N001,1764,0,0.0
1795,98136926,1,24,16685548,Erfan Eshratifar,55729097,2729.9,EpisodeType.EPISODE_TYPE_PUBLIC,Erfan Eshratifar,ziliangCok,86038.0,77697.0,WIN,exact,720,31024499,replays/ranks_21_40_macro_intent_v1/episode-98136926-replay.json,ranks_21_40_macro_intent_v1,N004,130,0,0.0
1796,98137038,0,38,16633226,test_money,55726920,2683.9,EpisodeType.EPISODE_TYPE_PUBLIC,test_money,Tagir Analyzes,85545.0,85545.0,TIE,exact,720,30925446,replays/ranks_21_40_macro_intent_v1/episode-98137038-replay.json,ranks_21_40_macro_intent_v1,N001,1764,0,0.020570458844304085
1797,98139215,0,24,16685548,Erfan Eshratifar,55729097,2729.9,EpisodeType.EPISODE_TYPE_PUBLIC,Erfan Eshratifar,ymg_aq,49003.0,50721.0,LOSS,exact,720,31190527,replays/ranks_21_40_macro_intent_v1/episode-98139215-replay.json,ranks_21_40_macro_intent_v1,N004,130,0,0.0
1798,98139323,1,38,16633226,test_money,55726920,2683.9,EpisodeType.EPISODE_TYPE_PUBLIC,test_money,ReCurSiON,92774.0,82664.0,WIN,exact,720,31078977,replays/ranks_21_40_macro_intent_v1/episode-98139323-replay.json,ranks_21_40_macro_intent_v1,N002,260,0,0.0
1799,98141503,1,24,16685548,Erfan Eshratifar,55729097,2729.9,EpisodeType.EPISODE_TYPE_PUBLIC,Erfan Eshratifar,qr farm,74949.0,70459.0,WIN,exact,720,31128230,replays/ranks_21_40_macro_intent_v1/episode-98141503-replay.json,ranks_21_40_macro_intent_v1,N004,130,0,0.0
1800,98141608,0,38,16633226,test_money,55726920,2683.9,EpisodeType.EPISODE_TYPE_PUBLIC,test_money,Ryo Hasegawa,60881.0,70913.0,LOSS,exact,720,31230827,replays/ranks_21_40_macro_intent_v1/episode-98141608-replay.json,ranks_21_40_macro_intent_v1,N001,1764,0,0.0
1801,98143792,0,24,16685548,Erfan Eshratifar,55729097,2729.9,EpisodeType.EPISODE_TYPE_PUBLIC,Erfan Eshratifar,Luan Kunyu,114419.0,106533.0,WIN,exact,720,31095759,replays/ranks_21_40_macro_intent_v1/episode-98143792-replay.json,ranks_21_40_macro_intent_v1,N004,130,0,0.006938426289707422
1802,98143893,0,38,16633226,test_money,55726920,2683.9,EpisodeType.EPISODE_TYPE_PUBLIC,test_money,Arman Tuganbaev,50602.0,58364.0,LOSS,exact,720,30656830,replays/ranks_21_40_macro_intent_v1/episode-98143893-replay.json,ranks_21_40_macro_intent_v1,N001,1764,0,0.0
1803,98146061,0,24,16685548,Erfan Eshratifar,55729097,2729.9,EpisodeType.EPISODE_TYPE_PUBLIC,Erfan Eshratifar,guoziyi123456,103177.0,95735.0,WIN,exact,720,31151418,replays/ranks_21_40_macro_intent_v1/episode-98146061-replay.json,ranks_21_40_macro_intent_v1,N004,130,0,0.0
1804,98146180,0,38,16633226,test_money,55726920,2683.9,EpisodeType.EPISODE_TYPE_PUBLIC,test_money,tetsuya,138352.0,128928.0,WIN,exact,720,31320281,replays/ranks_21_40_macro_intent_v1/episode-98146180-replay.json,ranks_21_40_macro_intent_v1,N001,1764,0,0.0
1805,98148360,0,24,16685548,Erfan Eshratifar,55729097,2729.9,EpisodeType.EPISODE_TYPE_PUBLIC,Erfan Eshratifar,Luan Kunyu,53019.0,42969.0,WIN,exact,720,31140670,replays/ranks_21_40_macro_intent_v1/episode-98148360-replay.json,ranks_21_40_macro_intent_v1,N004,130,0,0.0
1806,98148543,1,38,16633226,test_money,55726920,2683.9,EpisodeType.EPISODE_TYPE_PUBLIC,test_money,ActiveMusyoku,97392.0,92315.0,WIN,exact,720,30950281,replays/ranks_21_40_macro_intent_v1/episode-98148543-replay.json,ranks_21_40_macro_intent_v1,N003,247,0,0.0
1807,98150647,0,24,16685548,Erfan Eshratifar,55729097,2729.9,EpisodeType.EPISODE_TYPE_PUBLIC,Erfan Eshratifar,Ryutogrrr,101169.0,102786.0,LOSS,exact,720,31204786,replays/ranks_21_40_macro_intent_v1/episode-98150647-replay.json,ranks_21_40_macro_intent_v1,N004,130,0,0.0
1808,98152930,0,24,16685548,Erfan Eshratifar,55729097,2729.9,EpisodeType.EPISODE_TYPE_PUBLIC,Erfan Eshratifar,Anand,111027.0,98731.0,WIN,exact,720,31158773,replays/ranks_21_40_macro_intent_v1/episode-98152930-replay.json,ranks_21_40_macro_intent_v1,N004,130,0,0.0
1809,98152991,0,37,16742369,Ömer Faruk Yüce,55723563,2688.4,EpisodeType.EPISODE_TYPE_PUBLIC,Ömer Faruk Yüce,Kazama Yusuke,93318.0,105593.0,LOSS,exact,720,30849533,replays/ranks_21_40_macro_intent_v1/episode-98152991-replay.json,ranks_21_40_macro_intent_v1,N001,1764,0,0.020570458844304085
1810,98155218,1,24,16685548,Erfan Eshratifar,55729097,2729.9,EpisodeType.EPISODE_TYPE_PUBLIC,Erfan Eshratifar,Zefirrr,82190.0,73800.0,WIN,exact,720,31231046,replays/ranks_21_40_macro_intent_v1/episode-98155218-replay.json,ranks_21_40_macro_intent_v1,N004,130,0,0.006938426289707422
1811,98157508,1,24,16685548,Erfan Eshratifar,55729097,2729.9,EpisodeType.EPISODE_TYPE_PUBLIC,Erfan Eshratifar,theredbluepill,62143.0,70434.0,LOSS,exact,720,31426978,replays/ranks_21_40_macro_intent_v1/episode-98157508-replay.json,ranks_21_40_macro_intent_v1,N004,130,0,0.0557420514523983
1812,98157579,0,38,16633226,test_money,55726920,2683.9,EpisodeType.EPISODE_TYPE_PUBLIC,test_money,Kazama Yusuke,68308.0,68308.0,TIE,exact,720,30915256,replays/ranks_21_40_macro_intent_v1/episode-98157579-replay.json,ranks_21_40_macro_intent_v1,N001,1764,0,0.020570458844304085
1813,98159789,0,24,16685548,Erfan Eshratifar,55729097,2729.9,EpisodeType.EPISODE_TYPE_PUBLIC,Erfan Eshratifar,lvisdd,124954.0,115823.0,WIN,exact,720,31244087,replays/ranks_21_40_macro_intent_v1/episode-98159789-replay.json,ranks_21_40_macro_intent_v1,N004,130,0,0.057100776582956314
1814,98159859,0,24,16685548,Erfan Eshratifar,55729097,2729.9,EpisodeType.EPISODE_TYPE_PUBLIC,Erfan Eshratifar,Hello San Francisco,117861.0,112372.0,WIN,exact,720,30936032,replays/ranks_21_40_macro_intent_v1/episode-98159859-replay.json,ranks_21_40_macro_intent_v1,N004,130,0,0.0
1815,98162089,1,24,16685548,Erfan Eshratifar,55729097,2729.9,EpisodeType.EPISODE_TYPE_PUBLIC,Erfan Eshratifar,webmaking,102746.0,101892.0,WIN,exact,720,30927017,replays/ranks_21_40_macro_intent_v1/episode-98162089-replay.json,ranks_21_40_macro_intent_v1,N004,130,0,0.006938426289707422
1816,98162124,1,35,16670276,Egor Trushin,55724054,2692.1,EpisodeType.EPISODE_TYPE_PUBLIC,Egor Trushin,GPTatoes,108427.0,108431.0,LOSS,exact,720,30274068,replays/ranks_21_40_macro_intent_v1/episode-98162124-replay.json,ranks_21_40_macro_intent_v1,N002,260,0,0.0
1817,98164359,1,24,16685548,Erfan Eshratifar,55729097,2729.9,EpisodeType.EPISODE_TYPE_PUBLIC,Erfan Eshratifar,Xiaowenhao404,101256.0,102873.0,LOSS,exact,720,31244905,replays/ranks_21_40_macro_intent_v1/episode-98164359-replay.json,ranks_21_40_macro_intent_v1,N004,130,0,0.0006702574901282787
1818,98164416,1,38,16633226,test_money,55726920,2683.9,EpisodeType.EPISODE_TYPE_PUBLIC,test_money,Kazama Yusuke,57780.0,57780.0,TIE,exact,720,30918557,replays/ranks_21_40_macro_intent_v1/episode-98164416-replay.json,ranks_21_40_macro_intent_v1,N001,1764,0,0.020570458844304085
1819,98166633,1,24,16685548,Erfan Eshratifar,55729097,2729.9,EpisodeType.EPISODE_TYPE_PUBLIC,Erfan Eshratifar,peikopon,64250.0,75139.0,LOSS,exact,720,31111004,replays/ranks_21_40_macro_intent_v1/episode-98166633-replay.json,ranks_21_40_macro_intent_v1,N004,130,0,0.006938426289707422
1820,98168883,0,35,16670276,Egor Trushin,55724054,2692.1,EpisodeType.EPISODE_TYPE_PUBLIC,Egor Trushin,Say My Name ?,76030.0,76051.0,LOSS,exact,720,31607385,replays/ranks_21_40_macro_intent_v1/episode-98168883-replay.json,ranks_21_40_macro_intent_v1,N001,1764,0,0.0
1821,98168919,0,24,16685548,Erfan Eshratifar,55729097,2729.9,EpisodeType.EPISODE_TYPE_PUBLIC,Erfan Eshratifar,Excluding,60384.0,77814.0,LOSS,exact,720,31547303,replays/ranks_21_40_macro_intent_v1/episode-98168919-replay.json,ranks_21_40_macro_intent_v1,N004,130,0,0.07977796345949173
1822,98171162,1,37,16742369,Ömer Faruk Yüce,55723563,2688.4,EpisodeType.EPISODE_TYPE_PUBLIC,Ömer Faruk Yüce,Say My Name ?,132020.0,132098.0,LOSS,exact,720,31087933,replays/ranks_21_40_macro_intent_v1/episode-98171162-replay.json,ranks_21_40_macro_intent_v1,N001,1764,0,0.020570458844304085
1823,98171204,0,24,16685548,Erfan Eshratifar,55729097,2729.9,EpisodeType.EPISODE_TYPE_PUBLIC,Erfan Eshratifar,Rayk Kretzschmar,64481.0,51223.0,WIN,exact,720,31150702,replays/ranks_21_40_macro_intent_v1/episode-98171204-replay.json,ranks_21_40_macro_intent_v1,N004,130,0,0.0
1824,98173487,0,24,16685548,Erfan Eshratifar,55729097,2729.9,EpisodeType.EPISODE_TYPE_PUBLIC,Erfan Eshratifar,mandgeee,91360.0,84080.0,WIN,exact,720,32496487,replays/ranks_21_40_macro_intent_v1/episode-98173487-replay.json,ranks_21_40_macro_intent_v1,N004,130,0,0.07977796345949173
1825,98175764,1,24,16685548,Erfan Eshratifar,55729097,2729.9,EpisodeType.EPISODE_TYPE_PUBLIC,Erfan Eshratifar,VanKoha,84566.0,68914.0,WIN,exact,720,31238134,replays/ranks_21_40_macro_intent_v1/episode-98175764-replay.json,ranks_21_40_macro_intent_v1,N004,130,0,0.0557420514523983
1826,98178054,1,24,16685548,Erfan Eshratifar,55729097,2729.9,EpisodeType.EPISODE_TYPE_PUBLIC,Erfan Eshratifar,theredbluepill,97390.0,100176.0,LOSS,exact,720,31618842,replays/ranks_21_40_macro_intent_v1/episode-98178054-replay.json,ranks_21_40_macro_intent_v1,N004,130,0,0.006938426289707422
1827,98178091,0,35,16670276,Egor Trushin,55724054,2692.1,EpisodeType.EPISODE_TYPE_PUBLIC,Egor Trushin,GPTatoes,78300.0,78299.0,WIN,exact,720,31454323,replays/ranks_21_40_macro_intent_v1/episode-98178091-replay.json,ranks_21_40_macro_intent_v1,N001,1764,0,0.0
1828,98180333,0,24,16685548,Erfan Eshratifar,55729097,2729.9,EpisodeType.EPISODE_TYPE_PUBLIC,Erfan Eshratifar,Michael Timbs,85730.0,93952.0,LOSS,exact,720,31921816,replays/ranks_21_40_macro_intent_v1/episode-98180333-replay.json,ranks_21_40_macro_intent_v1,N004,130,0,0.07977796345949173
1829,98182634,0,24,16685548,Erfan Eshratifar,55729097,2729.9,EpisodeType.EPISODE_TYPE_PUBLIC,Erfan Eshratifar,Luan Kunyu,106694.0,101251.0,WIN,exact,720,31155213,replays/ranks_21_40_macro_intent_v1/episode-98182634-replay.json,ranks_21_40_macro_intent_v1,N004,130,0,0.0
1830,98182757,0,38,16633226,test_money,55726920,2683.9,EpisodeType.EPISODE_TYPE_PUBLIC,test_money,GPTatoes,80810.0,80810.0,TIE,exact,720,32669317,replays/ranks_21_40_macro_intent_v1/episode-98182757-replay.json,ranks_21_40_macro_intent_v1,N001,1764,0,0.0
1831,98184919,1,24,16685548,Erfan Eshratifar,55729097,2729.9,EpisodeType.EPISODE_TYPE_PUBLIC,Erfan Eshratifar,lelelove1225,140528.0,133385.0,WIN,exact,720,31281525,replays/ranks_21_40_macro_intent_v1/episode-98184919-replay.json,ranks_21_40_macro_intent_v1,N004,130,0,0.057100776582956314
1832,98187202,1,24,16685548,Erfan Eshratifar,55729097,2729.9,EpisodeType.EPISODE_TYPE_PUBLIC,Erfan Eshratifar,Efe Can Celiksoy,142263.0,133077.0,WIN,exact,720,30481280,replays/ranks_21_40_macro_intent_v1/episode-98187202-replay.json,ranks_21_40_macro_intent_v1,N004,130,0,0.021316811442375183
1833,98189484,1,24,16685548,Erfan Eshratifar,55729097,2729.9,EpisodeType.EPISODE_TYPE_PUBLIC,Erfan Eshratifar,Sergei Fironov,77918.0,76812.0,WIN,exact,720,31122960,replays/ranks_21_40_macro_intent_v1/episode-98189484-replay.json,ranks_21_40_macro_intent_v1,N004,130,0,0.0
1834,98191751,1,24,16685548,Erfan Eshratifar,55729097,2729.9,EpisodeType.EPISODE_TYPE_PUBLIC,Erfan Eshratifar,James Holland,55318.0,53696.0,WIN,exact,720,31119433,replays/ranks_21_40_macro_intent_v1/episode-98191751-replay.json,ranks_21_40_macro_intent_v1,N004,130,0,0.0
1835,98193846,1,24,16685548,Erfan Eshratifar,55729097,2729.9,EpisodeType.EPISODE_TYPE_PUBLIC,Erfan Eshratifar,Yizuki,82981.0,87235.0,LOSS,exact,720,31337668,replays/ranks_21_40_macro_intent_v1/episode-98193846-replay.json,ranks_21_40_macro_intent_v1,N004,130,0,0.0557420514523983
1836,98194041,1,24,16685548,Erfan Eshratifar,55729097,2729.9,EpisodeType.EPISODE_TYPE_PUBLIC,Erfan Eshratifar,ziliangCok,133805.0,122532.0,WIN,exact,720,31278869,replays/ranks_21_40_macro_intent_v1/episode-98194041-replay.json,ranks_21_40_macro_intent_v1,N004,130,0,0.057100776582956314
1837,98194096,1,38,16633226,test_money,55726920,2683.9,EpisodeType.EPISODE_TYPE_PUBLIC,test_money,Arman Tuganbaev,106474.0,93258.0,WIN,exact,720,31905671,replays/ranks_21_40_macro_intent_v1/episode-98194096-replay.json,ranks_21_40_macro_intent_v1,N001,1764,0,0.0
1838,98196329,0,24,16685548,Erfan Eshratifar,55729097,2729.9,EpisodeType.EPISODE_TYPE_PUBLIC,Erfan Eshratifar,Yosif EL-Rammaal,107436.0,98186.0,WIN,exact,720,31270998,replays/ranks_21_40_macro_intent_v1/episode-98196329-replay.json,ranks_21_40_macro_intent_v1,N004,130,0,0.057100776582956314
1839,98198666,1,24,16685548,Erfan Eshratifar,55729097,2729.9,EpisodeType.EPISODE_TYPE_PUBLIC,Erfan Eshratifar,ReCurSiON,150883.0,142061.0,WIN,exact,720,31720769,replays/ranks_21_40_macro_intent_v1/episode-98198666-replay.json,ranks_21_40_macro_intent_v1,N004,130,0,0.057100776582956314
1840,98198681,1,24,16685548,Erfan Eshratifar,55729097,2729.9,EpisodeType.EPISODE_TYPE_PUBLIC,Erfan Eshratifar,shyjin,49508.0,41746.0,WIN,exact,720,31143857,replays/ranks_21_40_macro_intent_v1/episode-98198681-replay.json,ranks_21_40_macro_intent_v1,N004,130,0,0.0
1841,98207529,1,38,16633226,test_money,55726920,2683.9,EpisodeType.EPISODE_TYPE_PUBLIC,test_money,Yizuki,65500.0,65441.0,WIN,exact,720,31528495,replays/ranks_21_40_macro_intent_v1/episode-98207529-replay.json,ranks_21_40_macro_intent_v1,N001,1764,0,0.0
1842,98214397,0,24,16685548,Erfan Eshratifar,55729097,2729.9,EpisodeType.EPISODE_TYPE_PUBLIC,Erfan Eshratifar,Catriculture,87060.0,83987.0,WIN,exact,720,32039563,replays/ranks_21_40_macro_intent_v1/episode-98214397-replay.json,ranks_21_40_macro_intent_v1,N004,130,0,0.02645007148385048
1843,98216682,0,38,16633226,test_money,55726920,2683.9,EpisodeType.EPISODE_TYPE_PUBLIC,test_money,Yizuki,83494.0,83065.0,WIN,exact,720,31531207,replays/ranks_21_40_macro_intent_v1/episode-98216682-replay.json,ranks_21_40_macro_intent_v1,N001,1764,0,0.0
1844,98216926,1,37,16742369,Ömer Faruk Yüce,55723563,2688.4,EpisodeType.EPISODE_TYPE_PUBLIC,Ömer Faruk Yüce,Kazama Yusuke,93289.0,93289.0,TIE,exact,720,30929429,replays/ranks_21_40_macro_intent_v1/episode-98216926-replay.json,ranks_21_40_macro_intent_v1,N001,1764,0,0.020570458844304085
1845,98221295,0,24,16685548,Erfan Eshratifar,55729097,2729.9,EpisodeType.EPISODE_TYPE_PUBLIC,Erfan Eshratifar,shinamonmon,130041.0,134640.0,LOSS,exact,720,31765099,replays/ranks_21_40_macro_intent_v1/episode-98221295-replay.json,ranks_21_40_macro_intent_v1,N004,130,0,0.021316811442375183
1846,98225977,1,35,16670276,Egor Trushin,55724054,2692.1,EpisodeType.EPISODE_TYPE_PUBLIC,Egor Trushin,Kazama Yusuke,116031.0,116017.0,WIN,exact,720,30946454,replays/ranks_21_40_macro_intent_v1/episode-98225977-replay.json,ranks_21_40_macro_intent_v1,N003,247,0,0.0
1847,98228108,1,38,16633226,test_money,55726920,2683.9,EpisodeType.EPISODE_TYPE_PUBLIC,test_money,Ueddy,96299.0,96072.0,WIN,exact,720,30269622,replays/ranks_21_40_macro_intent_v1/episode-98228108-replay.json,ranks_21_40_macro_intent_v1,N002,260,0,0.0
1848,98237311,0,35,16670276,Egor Trushin,55724054,2692.1,EpisodeType.EPISODE_TYPE_PUBLIC,Egor Trushin,Yizuki,110158.0,113017.0,LOSS,exact,720,30930300,replays/ranks_21_40_macro_intent_v1/episode-98237311-replay.json,ranks_21_40_macro_intent_v1,N001,1764,0,0.020570458844304085
1849,98241853,0,35,16670276,Egor Trushin,55724054,2692.1,EpisodeType.EPISODE_TYPE_PUBLIC,Egor Trushin,Ueddy,131691.0,131919.0,LOSS,exact,720,31104848,replays/ranks_21_40_macro_intent_v1/episode-98241853-replay.json,ranks_21_40_macro_intent_v1,N001,1764,0,0.020570458844304085
1850,98241906,0,24,16685548,Erfan Eshratifar,55729097,2729.9,EpisodeType.EPISODE_TYPE_PUBLIC,Erfan Eshratifar,shinamonmon,82395.0,82947.0,LOSS,exact,720,31729076,replays/ranks_21_40_macro_intent_v1/episode-98241906-replay.json,ranks_21_40_macro_intent_v1,N004,130,0,0.0
1851,98262460,1,38,16633226,test_money,55726920,2683.9,EpisodeType.EPISODE_TYPE_PUBLIC,test_money,Ueddy,81365.0,81440.0,LOSS,exact,720,31088045,replays/ranks_21_40_macro_intent_v1/episode-98262460-replay.json,ranks_21_40_macro_intent_v1,N001,1764,0,0.020570458844304085
1852,98267142,1,37,16742369,Ömer Faruk Yüce,55723563,2688.4,EpisodeType.EPISODE_TYPE_PUBLIC,Ömer Faruk Yüce,Arman Tuganbaev,64337.0,75945.0,LOSS,exact,720,31573234,replays/ranks_21_40_macro_intent_v1/episode-98267142-replay.json,ranks_21_40_macro_intent_v1,N001,1764,0,0.0
1853,98289807,1,24,16685548,Erfan Eshratifar,55729097,2729.9,EpisodeType.EPISODE_TYPE_PUBLIC,Erfan Eshratifar,nao.kwmr,113993.0,118817.0,LOSS,exact,720,31979776,replays/ranks_21_40_macro_intent_v1/episode-98289807-replay.json,ranks_21_40_macro_intent_v1,N004,130,0,0.0
1854,98289942,1,24,16685548,Erfan Eshratifar,55729097,2729.9,EpisodeType.EPISODE_TYPE_PUBLIC,Erfan Eshratifar,Pardheev Krishna,126386.0,121635.0,WIN,exact,720,32267832,replays/ranks_21_40_macro_intent_v1/episode-98289942-replay.json,ranks_21_40_macro_intent_v1,N004,130,0,0.07977796345949173
1855,98296806,1,35,16670276,Egor Trushin,55724054,2692.1,EpisodeType.EPISODE_TYPE_PUBLIC,Egor Trushin,Lucien de Rubempre,86515.0,68221.0,WIN,exact,720,29927711,replays/ranks_21_40_macro_intent_v1/episode-98296806-replay.json,ranks_21_40_macro_intent_v1,N001,1764,0,0.0
1856,98305677,0,24,16685548,Erfan Eshratifar,55729097,2729.9,EpisodeType.EPISODE_TYPE_PUBLIC,Erfan Eshratifar,tetsuya,57496.0,68038.0,LOSS,exact,720,31051033,replays/ranks_21_40_macro_intent_v1/episode-98305677-replay.json,ranks_21_40_macro_intent_v1,N004,130,0,0.006938426289707422
1857,98312566,0,35,16670276,Egor Trushin,55724054,2692.1,EpisodeType.EPISODE_TYPE_PUBLIC,Egor Trushin,tetsuya,81395.0,86074.0,LOSS,exact,720,30120513,replays/ranks_21_40_macro_intent_v1/episode-98312566-replay.json,ranks_21_40_macro_intent_v1,N002,260,0,0.0
1858,98312687,0,37,16742369,Ömer Faruk Yüce,55723563,2688.4,EpisodeType.EPISODE_TYPE_PUBLIC,Ömer Faruk Yüce,nao.kwmr,106980.0,111221.0,LOSS,exact,720,30954268,replays/ranks_21_40_macro_intent_v1/episode-98312687-replay.json,ranks_21_40_macro_intent_v1,N003,247,0,0.0
1859,98317321,1,38,16633226,test_money,55726920,2683.9,EpisodeType.EPISODE_TYPE_PUBLIC,test_money,Izzoudine Mohamed KANTA,73925.0,76702.0,LOSS,exact,720,31606584,replays/ranks_21_40_macro_intent_v1/episode-98317321-replay.json,ranks_21_40_macro_intent_v1,N001,1764,0,0.0
1860,98321904,1,38,16633226,test_money,55726920,2683.9,EpisodeType.EPISODE_TYPE_PUBLIC,test_money,Ueddy,97760.0,98136.0,LOSS,exact,720,30910609,replays/ranks_21_40_macro_intent_v1/episode-98321904-replay.json,ranks_21_40_macro_intent_v1,N003,247,0,0.0
1861,98328749,1,24,16685548,Erfan Eshratifar,55729097,2729.9,EpisodeType.EPISODE_TYPE_PUBLIC,Erfan Eshratifar,shiiin9,45055.0,39590.0,WIN,exact,720,31105067,replays/ranks_21_40_macro_intent_v1/episode-98328749-replay.json,ranks_21_40_macro_intent_v1,N004,130,0,0.0
1862,98333109,1,24,16685548,Erfan Eshratifar,55729097,2729.9,EpisodeType.EPISODE_TYPE_PUBLIC,Erfan Eshratifar,UjjwalPardeshi,49971.0,41802.0,WIN,exact,720,31964797,replays/ranks_21_40_macro_intent_v1/episode-98333109-replay.json,ranks_21_40_macro_intent_v1,N004,130,0,0.0
1863,98349017,0,35,16670276,Egor Trushin,55724054,2692.1,EpisodeType.EPISODE_TYPE_PUBLIC,Egor Trushin,StackKnight,72142.0,64844.0,WIN,exact,720,31687877,replays/ranks_21_40_macro_intent_v1/episode-98349017-replay.json,ranks_21_40_macro_intent_v1,N001,1764,0,0.0
1864,98362869,1,35,16670276,Egor Trushin,55724054,2692.1,EpisodeType.EPISODE_TYPE_PUBLIC,Egor Trushin,tetsuya,51640.0,59184.0,LOSS,exact,720,31403385,replays/ranks_21_40_macro_intent_v1/episode-98362869-replay.json,ranks_21_40_macro_intent_v1,N001,1764,0,0.0
1865,98362956,1,38,16633226,test_money,55726920,2683.9,EpisodeType.EPISODE_TYPE_PUBLIC,test_money,Ueddy,112898.0,113056.0,LOSS,exact,720,30931288,replays/ranks_21_40_macro_intent_v1/episode-98362956-replay.json,ranks_21_40_macro_intent_v1,N001,1764,0,0.020570458844304085
1866,98376640,1,37,16742369,Ömer Faruk Yüce,55723563,2688.4,EpisodeType.EPISODE_TYPE_PUBLIC,Ömer Faruk Yüce,Arman Tuganbaev,140431.0,91010.0,WIN,exact,720,28967028,replays/ranks_21_40_macro_intent_v1/episode-98376640-replay.json,ranks_21_40_macro_intent_v1,N001,1764,0,0.0
1867,98385777,0,38,16633226,test_money,55726920,2683.9,EpisodeType.EPISODE_TYPE_PUBLIC,test_money,Kazama Yusuke,63733.0,67745.0,LOSS,exact,720,30097828,replays/ranks_21_40_macro_intent_v1/episode-98385777-replay.json,ranks_21_40_macro_intent_v1,N002,260,0,0.014257990755140781
1868,98392486,1,37,16742369,Ömer Faruk Yüce,55723563,2688.4,EpisodeType.EPISODE_TYPE_PUBLIC,Ömer Faruk Yüce,Kaileh57,106587.0,109687.0,LOSS,exact,720,30300837,replays/ranks_21_40_macro_intent_v1/episode-98392486-replay.json,ranks_21_40_macro_intent_v1,N002,260,0,0.0
1869,98399433,0,24,16685548,Erfan Eshratifar,55729097,2729.9,EpisodeType.EPISODE_TYPE_PUBLIC,Erfan Eshratifar,Victor @ Tufa Labs,47927.0,50525.0,LOSS,exact,720,30932401,replays/ranks_21_40_macro_intent_v1/episode-98399433-replay.json,ranks_21_40_macro_intent_v1,N004,130,0,0.0152736222371459
1870,98408364,1,24,16685548,Erfan Eshratifar,55729097,2729.9,EpisodeType.EPISODE_TYPE_PUBLIC,Erfan Eshratifar,Bharath Varma,59679.0,51213.0,WIN,exact,720,32038562,replays/ranks_21_40_macro_intent_v1/episode-98408364-replay.json,ranks_21_40_macro_intent_v1,N004,130,0,0.02645007148385048
1871,98408615,0,39,16712714,MiMi,55741684,2682.8,EpisodeType.EPISODE_TYPE_VALIDATION,MiMi,MiMi,111972.0,104822.0,WIN,exact,720,32636699,replays/ranks_21_40_macro_intent_v1/episode-98408615-replay.json,ranks_21_40_macro_intent_v1,N075,2,1,0.0
1872,98408615,1,39,16712714,MiMi,55741684,2682.8,EpisodeType.EPISODE_TYPE_VALIDATION,MiMi,MiMi,104822.0,111972.0,LOSS,exact,720,32636699,replays/ranks_21_40_macro_intent_v1/episode-98408615-replay.json,ranks_21_40_macro_intent_v1,N075,2,0,0.047651492059230804
1873,98412843,0,39,16712714,MiMi,55741684,2682.8,EpisodeType.EPISODE_TYPE_PUBLIC,MiMi,Pritul Raut,113829.0,25528.0,WIN,exact,720,28598926,replays/ranks_21_40_macro_intent_v1/episode-98412843-replay.json,ranks_21_40_macro_intent_v1,N224,1,1,0.0
1874,98415114,0,39,16712714,MiMi,55741684,2682.8,EpisodeType.EPISODE_TYPE_PUBLIC,MiMi,Manu Rahi,164651.0,26005.0,WIN,exact,720,24927878,replays/ranks_21_40_macro_intent_v1/episode-98415114-replay.json,ranks_21_40_macro_intent_v1,N113,1,1,0.0
1875,98417386,1,39,16712714,MiMi,55741684,2682.8,EpisodeType.EPISODE_TYPE_PUBLIC,MiMi,Jamshid Ganiev,123471.0,56994.0,WIN,exact,720,25890305,replays/ranks_21_40_macro_intent_v1/episode-98417386-replay.json,ranks_21_40_macro_intent_v1,N170,1,1,0.0
1876,98419655,0,39,16712714,MiMi,55741684,2682.8,EpisodeType.EPISODE_TYPE_PUBLIC,MiMi,Chase Lebarv,94102.0,62931.0,WIN,exact,720,30607896,replays/ranks_21_40_macro_intent_v1/episode-98419655-replay.json,ranks_21_40_macro_intent_v1,N374,1,1,0.0
1877,98421932,0,39,16712714,MiMi,55741684,2682.8,EpisodeType.EPISODE_TYPE_PUBLIC,MiMi,Samsay24,102051.0,65818.0,WIN,exact,720,28939108,replays/ranks_21_40_macro_intent_v1/episode-98421932-replay.json,ranks_21_40_macro_intent_v1,N295,1,1,0.0
1878,98422055,0,35,16670276,Egor Trushin,55724054,2692.1,EpisodeType.EPISODE_TYPE_PUBLIC,Egor Trushin,Chiranjieev,75702.0,80203.0,LOSS,exact,720,30945826,replays/ranks_21_40_macro_intent_v1/episode-98422055-replay.json,ranks_21_40_macro_intent_v1,N003,247,0,0.0
1879,98424207,0,39,16712714,MiMi,55741684,2682.8,EpisodeType.EPISODE_TYPE_PUBLIC,MiMi,601918_กิตติพงศ์,157195.0,114399.0,WIN,exact,720,29835586,replays/ranks_21_40_macro_intent_v1/episode-98424207-replay.json,ranks_21_40_macro_intent_v1,N115,1,1,0.0
1880,98426481,1,39,16712714,MiMi,55741684,2682.8,EpisodeType.EPISODE_TYPE_PUBLIC,MiMi,Teddy McBride,133606.0,103981.0,WIN,exact,720,29630868,replays/ranks_21_40_macro_intent_v1/episode-98426481-replay.json,ranks_21_40_macro_intent_v1,N143,1,1,0.0
1881,98428767,1,39,16712714,MiMi,55741684,2682.8,EpisodeType.EPISODE_TYPE_PUBLIC,MiMi,Auxileon,95443.0,67509.0,WIN,exact,720,32584837,replays/ranks_21_40_macro_intent_v1/episode-98428767-replay.json,ranks_21_40_macro_intent_v1,N367,1,1,0.0
1882,98431039,0,39,16712714,MiMi,55741684,2682.8,EpisodeType.EPISODE_TYPE_PUBLIC,MiMi,Tmaxxer,102243.0,86954.0,WIN,exact,720,32440192,replays/ranks_21_40_macro_intent_v1/episode-98431039-replay.json,ranks_21_40_macro_intent_v1,N294,1,1,0.0
1883,98431340,1,38,16633226,test_money,55726920,2683.9,EpisodeType.EPISODE_TYPE_PUBLIC,test_money,Kaileh57,65069.0,67568.0,LOSS,exact,720,30919929,replays/ranks_21_40_macro_intent_v1/episode-98431340-replay.json,ranks_21_40_macro_intent_v1,N001,1764,0,0.0
1884,98431432,0,31,16635314,Aurora wy,55742603,2699.1,EpisodeType.EPISODE_TYPE_VALIDATION,Aurora wy,Aurora wy,64094.0,64094.0,TIE,exact,720,31090987,replays/ranks_21_40_macro_intent_v1/episode-98431432-replay.json,ranks_21_40_macro_intent_v1,N001,1764,0,0.020570458844304085
1885,98431432,1,31,16635314,Aurora wy,55742603,2699.1,EpisodeType.EPISODE_TYPE_VALIDATION,Aurora wy,Aurora wy,64094.0,64094.0,TIE,exact,720,31090987,replays/ranks_21_40_macro_intent_v1/episode-98431432-replay.json,ranks_21_40_macro_intent_v1,N001,1764,0,0.020570458844304085
1886,98433318,1,39,16712714,MiMi,55741684,2682.8,EpisodeType.EPISODE_TYPE_PUBLIC,MiMi,Ani,104375.0,82127.0,WIN,exact,720,31492376,replays/ranks_21_40_macro_intent_v1/episode-98433318-replay.json,ranks_21_40_macro_intent_v1,N273,1,1,0.0
1887,98435590,0,39,16712714,MiMi,55741684,2682.8,EpisodeType.EPISODE_TYPE_PUBLIC,MiMi,Abhishek Sharma,138960.0,116625.0,WIN,exact,720,30451026,replays/ranks_21_40_macro_intent_v1/episode-98435590-replay.json,ranks_21_40_macro_intent_v1,N133,1,1,0.0
1888,98435650,1,31,16635314,Aurora wy,55742603,2699.1,EpisodeType.EPISODE_TYPE_PUBLIC,Aurora wy,Aditya Dube,174243.0,47400.0,WIN,exact,720,25963745,replays/ranks_21_40_macro_intent_v1/episode-98435650-replay.json,ranks_21_40_macro_intent_v1,N001,1764,0,0.0
1889,98437871,0,39,16712714,MiMi,55741684,2682.8,EpisodeType.EPISODE_TYPE_PUBLIC,MiMi,JeremiahMannings,62815.0,61544.0,WIN,exact,720,32215800,replays/ranks_21_40_macro_intent_v1/episode-98437871-replay.json,ranks_21_40_macro_intent_v1,N642,1,1,0.0
1890,98437921,1,31,16635314,Aurora wy,55742603,2699.1,EpisodeType.EPISODE_TYPE_PUBLIC,Aurora wy,Vinymo,141210.0,43069.0,WIN,exact,720,27763599,replays/ranks_21_40_macro_intent_v1/episode-98437921-replay.json,ranks_21_40_macro_intent_v1,N001,1764,0,0.0
1891,98438093,1,35,16670276,Egor Trushin,55724054,2692.1,EpisodeType.EPISODE_TYPE_PUBLIC,Egor Trushin,Bharath Varma,72191.0,72440.0,LOSS,exact,720,31017529,replays/ranks_21_40_macro_intent_v1/episode-98438093-replay.json,ranks_21_40_macro_intent_v1,N001,1764,0,0.0
1892,98440151,0,39,16712714,MiMi,55741684,2682.8,EpisodeType.EPISODE_TYPE_PUBLIC,MiMi,Stefano Blando,64814.0,60575.0,WIN,exact,720,32148502,replays/ranks_21_40_macro_intent_v1/episode-98440151-replay.json,ranks_21_40_macro_intent_v1,N637,1,1,0.0
1893,98440199,1,31,16635314,Aurora wy,55742603,2699.1,EpisodeType.EPISODE_TYPE_PUBLIC,Aurora wy,JJ,133975.0,32495.0,WIN,exact,720,24181006,replays/ranks_21_40_macro_intent_v1/episode-98440199-replay.json,ranks_21_40_macro_intent_v1,N002,260,0,0.0
1894,98442439,0,39,16712714,MiMi,55741684,2682.8,EpisodeType.EPISODE_TYPE_PUBLIC,MiMi,The T-MAN,115413.0,105641.0,WIN,exact,720,32225086,replays/ranks_21_40_macro_intent_v1/episode-98442439-replay.json,ranks_21_40_macro_intent_v1,N214,1,1,0.0
1895,98442481,1,31,16635314,Aurora wy,55742603,2699.1,EpisodeType.EPISODE_TYPE_PUBLIC,Aurora wy,Max Manushin,119923.0,94466.0,WIN,exact,720,29656855,replays/ranks_21_40_macro_intent_v1/episode-98442481-replay.json,ranks_21_40_macro_intent_v1,N001,1764,0,0.0
1896,98444726,1,39,16712714,MiMi,55741684,2682.8,EpisodeType.EPISODE_TYPE_PUBLIC,MiMi,Mehrdad_LU,93613.0,82157.0,WIN,exact,720,31061189,replays/ranks_21_40_macro_intent_v1/episode-98444726-replay.json,ranks_21_40_macro_intent_v1,N090,2,1,0.0
1897,98444762,1,31,16635314,Aurora wy,55742603,2699.1,EpisodeType.EPISODE_TYPE_PUBLIC,Aurora wy,Adrian Martinez 1111,125794.0,92630.0,WIN,exact,720,27732560,replays/ranks_21_40_macro_intent_v1/episode-98444762-replay.json,ranks_21_40_macro_intent_v1,N001,1764,0,0.0
1898,98444824,0,31,16635314,Aurora wy,55742603,2699.1,EpisodeType.EPISODE_TYPE_PUBLIC,Aurora wy,TheDanKing,130722.0,51927.0,WIN,exact,720,29167905,replays/ranks_21_40_macro_intent_v1/episode-98444824-replay.json,ranks_21_40_macro_intent_v1,N001,1764,0,0.0
1899,98444936,1,39,16712714,MiMi,55741684,2682.8,EpisodeType.EPISODE_TYPE_PUBLIC,MiMi,AI是我的豆包,80965.0,72286.0,WIN,exact,720,31540345,replays/ranks_21_40_macro_intent_v1/episode-98444936-replay.json,ranks_21_40_macro_intent_v1,N492,1,1,0.0
1900,98447014,1,39,16712714,MiMi,55741684,2682.8,EpisodeType.EPISODE_TYPE_PUBLIC,MiMi,iVl44d,87744.0,81727.0,WIN,exact,720,32279440,replays/ranks_21_40_macro_intent_v1/episode-98447014-replay.json,ranks_21_40_macro_intent_v1,N427,1,1,0.0
1901,98447034,1,31,16635314,Aurora wy,55742603,2699.1,EpisodeType.EPISODE_TYPE_PUBLIC,Aurora wy,parv goyal2,83168.0,76818.0,WIN,exact,720,30914874,replays/ranks_21_40_macro_intent_v1/episode-98447034-replay.json,ranks_21_40_macro_intent_v1,N003,247,0,0.0
1902,98447262,1,37,16742369,Ömer Faruk Yüce,55723563,2688.4,EpisodeType.EPISODE_TYPE_PUBLIC,Ömer Faruk Yüce,Chiranjieev,79953.0,85437.0,LOSS,exact,720,28910194,replays/ranks_21_40_macro_intent_v1/episode-98447262-replay.json,ranks_21_40_macro_intent_v1,N003,247,0,0.026244107633829117
1903,98449305,1,39,16712714,MiMi,55741684,2682.8,EpisodeType.EPISODE_TYPE_PUBLIC,MiMi,Sidharth Hulyalkar,71382.0,66478.0,WIN,exact,720,29432851,replays/ranks_21_40_macro_intent_v1/episode-98449305-replay.json,ranks_21_40_macro_intent_v1,N105,2,1,0.0
1904,98449313,1,31,16635314,Aurora wy,55742603,2699.1,EpisodeType.EPISODE_TYPE_PUBLIC,Aurora wy,u,75187.0,67944.0,WIN,exact,720,31455301,replays/ranks_21_40_macro_intent_v1/episode-98449313-replay.json,ranks_21_40_macro_intent_v1,N001,1764,0,0.0
1905,98449633,0,38,16633226,test_money,55726920,2683.9,EpisodeType.EPISODE_TYPE_PUBLIC,test_money,Arman Tuganbaev,146932.0,95417.0,WIN,exact,720,28933767,replays/ranks_21_40_macro_intent_v1/episode-98449633-replay.json,ranks_21_40_macro_intent_v1,N001,1764,0,0.0
1906,98451594,0,31,16635314,Aurora wy,55742603,2699.1,EpisodeType.EPISODE_TYPE_PUBLIC,Aurora wy,Jake #2,94367.0,87004.0,WIN,exact,720,32246751,replays/ranks_21_40_macro_intent_v1/episode-98451594-replay.json,ranks_21_40_macro_intent_v1,N001,1764,0,0.0
1907,98451604,1,39,16712714,MiMi,55741684,2682.8,EpisodeType.EPISODE_TYPE_PUBLIC,MiMi,tetsuya,85371.0,83357.0,WIN,exact,720,29580233,replays/ranks_21_40_macro_intent_v1/episode-98451604-replay.json,ranks_21_40_macro_intent_v1,N445,1,1,0.0
1908,98453877,0,31,16635314,Aurora wy,55742603,2699.1,EpisodeType.EPISODE_TYPE_PUBLIC,Aurora wy,Heads or Tails,86433.0,75087.0,WIN,exact,720,31345625,replays/ranks_21_40_macro_intent_v1/episode-98453877-replay.json,ranks_21_40_macro_intent_v1,N002,260,0,0.0
1909,98453914,0,39,16712714,MiMi,55741684,2682.8,EpisodeType.EPISODE_TYPE_PUBLIC,MiMi,Feng Jiahui,96333.0,95464.0,WIN,exact,720,32420272,replays/ranks_21_40_macro_intent_v1/episode-98453914-replay.json,ranks_21_40_macro_intent_v1,N358,1,1,0.0
1910,98454226,1,35,16670276,Egor Trushin,55724054,2692.1,EpisodeType.EPISODE_TYPE_PUBLIC,Egor Trushin,fufufukakaka,115895.0,105964.0,WIN,exact,720,28761924,replays/ranks_21_40_macro_intent_v1/episode-98454226-replay.json,ranks_21_40_macro_intent_v1,N003,247,0,0.0
1911,98456153,1,31,16635314,Aurora wy,55742603,2699.1,EpisodeType.EPISODE_TYPE_PUBLIC,Aurora wy,Bridgeport,142577.0,124766.0,WIN,exact,720,31817169,replays/ranks_21_40_macro_intent_v1/episode-98456153-replay.json,ranks_21_40_macro_intent_v1,N001,1764,0,0.0
1912,98456209,1,39,16712714,MiMi,55741684,2682.8,EpisodeType.EPISODE_TYPE_PUBLIC,MiMi,dunky su,68923.0,68283.0,WIN,exact,720,31925521,replays/ranks_21_40_macro_intent_v1/episode-98456209-replay.json,ranks_21_40_macro_intent_v1,N600,1,1,0.0
1913,98456378,0,35,16670276,Egor Trushin,55724054,2692.1,EpisodeType.EPISODE_TYPE_PUBLIC,Egor Trushin,taiseiu,39232.0,40486.0,LOSS,exact,720,30918275,replays/ranks_21_40_macro_intent_v1/episode-98456378-replay.json,ranks_21_40_macro_intent_v1,N001,1764,0,0.0
1914,98458436,0,31,16635314,Aurora wy,55742603,2699.1,EpisodeType.EPISODE_TYPE_PUBLIC,Aurora wy,Tmaxxer,87387.0,71331.0,WIN,exact,720,31859683,replays/ranks_21_40_macro_intent_v1/episode-98458436-replay.json,ranks_21_40_macro_intent_v1,N001,1764,0,0.0
1915,98458528,1,39,16712714,MiMi,55741684,2682.8,EpisodeType.EPISODE_TYPE_PUBLIC,MiMi,Ryutogrrr,147138.0,140520.0,WIN,exact,720,31176055,replays/ranks_21_40_macro_intent_v1/episode-98458528-replay.json,ranks_21_40_macro_intent_v1,N053,2,1,0.0
1916,98460719,1,31,16635314,Aurora wy,55742603,2699.1,EpisodeType.EPISODE_TYPE_PUBLIC,Aurora wy,LittleScottyy,79484.0,75631.0,WIN,exact,720,31590746,replays/ranks_21_40_macro_intent_v1/episode-98460719-replay.json,ranks_21_40_macro_intent_v1,N001,1764,0,0.0
1917,98460828,1,39,16712714,MiMi,55741684,2682.8,EpisodeType.EPISODE_TYPE_PUBLIC,MiMi,saikyo,57089.0,71415.0,LOSS,exact,720,29429104,replays/ranks_21_40_macro_intent_v1/episode-98460828-replay.json,ranks_21_40_macro_intent_v1,N667,1,1,0.0
1918,98460964,0,38,16633226,test_money,55726920,2683.9,EpisodeType.EPISODE_TYPE_PUBLIC,test_money,taiseiu,75667.0,81824.0,LOSS,exact,720,28910957,replays/ranks_21_40_macro_intent_v1/episode-98460964-replay.json,ranks_21_40_macro_intent_v1,N003,247,0,0.026244107633829117
1919,98460968,1,24,16685548,Erfan Eshratifar,55729097,2729.9,EpisodeType.EPISODE_TYPE_PUBLIC,Erfan Eshratifar,Hongxin Su,75131.0,71238.0,WIN,exact,720,31718064,replays/ranks_21_40_macro_intent_v1/episode-98460968-replay.json,ranks_21_40_macro_intent_v1,N004,130,0,0.0
1920,98461021,0,38,16633226,test_money,55726920,2683.9,EpisodeType.EPISODE_TYPE_PUBLIC,test_money,Bharath Varma,90979.0,95673.0,LOSS,exact,720,30949807,replays/ranks_21_40_macro_intent_v1/episode-98461021-replay.json,ranks_21_40_macro_intent_v1,N001,1764,0,0.020570458844304085
1921,98463007,1,31,16635314,Aurora wy,55742603,2699.1,EpisodeType.EPISODE_TYPE_PUBLIC,Aurora wy,Han Chen,43299.0,40174.0,WIN,exact,720,31609762,replays/ranks_21_40_macro_intent_v1/episode-98463007-replay.json,ranks_21_40_macro_intent_v1,N001,1764,0,0.0
1922,98463075,1,39,16712714,MiMi,55741684,2682.8,EpisodeType.EPISODE_TYPE_PUBLIC,MiMi,1o,89150.0,86803.0,WIN,exact,720,31031905,replays/ranks_21_40_macro_intent_v1/episode-98463075-replay.json,ranks_21_40_macro_intent_v1,N414,1,1,0.0
1923,98463339,0,37,16742369,Ömer Faruk Yüce,55723563,2688.4,EpisodeType.EPISODE_TYPE_PUBLIC,Ömer Faruk Yüce,Bharath Varma,90006.0,91175.0,LOSS,exact,720,31027008,replays/ranks_21_40_macro_intent_v1/episode-98463339-replay.json,ranks_21_40_macro_intent_v1,N001,1764,0,0.0
1924,98463400,0,36,16699741,Tom3,55743933,2684.9,EpisodeType.EPISODE_TYPE_VALIDATION,Tom3,Tom3,66250.0,66250.0,TIE,exact,720,30573923,replays/ranks_21_40_macro_intent_v1/episode-98463400-replay.json,ranks_21_40_macro_intent_v1,N001,1764,0,0.020570458844304085
1925,98463400,1,36,16699741,Tom3,55743933,2684.9,EpisodeType.EPISODE_TYPE_VALIDATION,Tom3,Tom3,66250.0,66250.0,TIE,exact,720,30573923,replays/ranks_21_40_macro_intent_v1/episode-98463400-replay.json,ranks_21_40_macro_intent_v1,N001,1764,0,0.020570458844304085
1926,98465277,1,31,16635314,Aurora wy,55742603,2699.1,EpisodeType.EPISODE_TYPE_PUBLIC,Aurora wy,houlidai-jiekiulai,67293.0,62987.0,WIN,exact,720,31807131,replays/ranks_21_40_macro_intent_v1/episode-98465277-replay.json,ranks_21_40_macro_intent_v1,N001,1764,0,0.0
1927,98465393,0,39,16712714,MiMi,55741684,2682.8,EpisodeType.EPISODE_TYPE_PUBLIC,MiMi,SCNU,121049.0,109059.0,WIN,exact,720,31056597,replays/ranks_21_40_macro_intent_v1/episode-98465393-replay.json,ranks_21_40_macro_intent_v1,N183,1,1,0.0
1928,98467553,0,31,16635314,Aurora wy,55742603,2699.1,EpisodeType.EPISODE_TYPE_PUBLIC,Aurora wy,Russlan Ramdowar,52831.0,72147.0,LOSS,exact,720,31621787,replays/ranks_21_40_macro_intent_v1/episode-98467553-replay.json,ranks_21_40_macro_intent_v1,N001,1764,0,0.0
1929,98467635,1,36,16699741,Tom3,55743933,2684.9,EpisodeType.EPISODE_TYPE_PUBLIC,Tom3,TonightIsOver,142938.0,41368.0,WIN,exact,720,22009225,replays/ranks_21_40_macro_intent_v1/episode-98467635-replay.json,ranks_21_40_macro_intent_v1,N001,1764,0,0.0
1930,98467670,1,39,16712714,MiMi,55741684,2682.8,EpisodeType.EPISODE_TYPE_PUBLIC,MiMi,webmaking,86349.0,77146.0,WIN,exact,720,31335512,replays/ranks_21_40_macro_intent_v1/episode-98467670-replay.json,ranks_21_40_macro_intent_v1,N434,1,1,0.0
1931,98469841,0,31,16635314,Aurora wy,55742603,2699.1,EpisodeType.EPISODE_TYPE_PUBLIC,Aurora wy,Kyohei,76906.0,58615.0,WIN,exact,720,31383771,replays/ranks_21_40_macro_intent_v1/episode-98469841-replay.json,ranks_21_40_macro_intent_v1,N002,260,0,0.0
1932,98469911,1,36,16699741,Tom3,55743933,2684.9,EpisodeType.EPISODE_TYPE_PUBLIC,Tom3,Aot Chanthorn,115498.0,75774.0,WIN,exact,720,26768437,replays/ranks_21_40_macro_intent_v1/episode-98469911-replay.json,ranks_21_40_macro_intent_v1,N001,1764,0,0.006399999838322401
1933,98469954,0,39,16712714,MiMi,55741684,2682.8,EpisodeType.EPISODE_TYPE_PUBLIC,MiMi,saikyo,119221.0,102884.0,WIN,exact,720,31456252,replays/ranks_21_40_macro_intent_v1/episode-98469954-replay.json,ranks_21_40_macro_intent_v1,N197,1,1,0.0
1934,98470162,0,37,16742369,Ömer Faruk Yüce,55723563,2688.4,EpisodeType.EPISODE_TYPE_PUBLIC,Ömer Faruk Yüce,Bharath Varma,124364.0,129550.0,LOSS,exact,720,30913062,replays/ranks_21_40_macro_intent_v1/episode-98470162-replay.json,ranks_21_40_macro_intent_v1,N001,1764,0,0.020570458844304085
1935,98472121,0,31,16635314,Aurora wy,55742603,2699.1,EpisodeType.EPISODE_TYPE_PUBLIC,Aurora wy,Sripad Modali,49656.0,42691.0,WIN,exact,720,31679476,replays/ranks_21_40_macro_intent_v1/episode-98472121-replay.json,ranks_21_40_macro_intent_v1,N001,1764,0,0.0
1936,98472178,0,36,16699741,Tom3,55743933,2684.9,EpisodeType.EPISODE_TYPE_PUBLIC,Tom3,Aromal vK,97215.0,37737.0,WIN,exact,720,24617069,replays/ranks_21_40_macro_intent_v1/episode-98472178-replay.json,ranks_21_40_macro_intent_v1,N001,1764,0,0.0
1937,98472231,1,39,16712714,MiMi,55741684,2682.8,EpisodeType.EPISODE_TYPE_PUBLIC,MiMi,Xiaowenhao404,133105.0,126883.0,WIN,exact,720,30873875,replays/ranks_21_40_macro_intent_v1/episode-98472231-replay.json,ranks_21_40_macro_intent_v1,N144,1,1,0.0
1938,98472318,0,39,16712714,MiMi,55741684,2682.8,EpisodeType.EPISODE_TYPE_PUBLIC,MiMi,Nat00,62322.0,70137.0,LOSS,exact,720,32511266,replays/ranks_21_40_macro_intent_v1/episode-98472318-replay.json,ranks_21_40_macro_intent_v1,N038,4,0,0.09542053937911987
1939,98474425,0,31,16635314,Aurora wy,55742603,2699.1,EpisodeType.EPISODE_TYPE_PUBLIC,Aurora wy,ss,103589.0,96593.0,WIN,exact,720,31566473,replays/ranks_21_40_macro_intent_v1/episode-98474425-replay.json,ranks_21_40_macro_intent_v1,N001,1764,0,0.0
1940,98474433,0,36,16699741,Tom3,55743933,2684.9,EpisodeType.EPISODE_TYPE_PUBLIC,Tom3,smlcr,62839.0,40696.0,WIN,exact,720,29942931,replays/ranks_21_40_macro_intent_v1/episode-98474433-replay.json,ranks_21_40_macro_intent_v1,N001,1764,0,0.0
1941,98474516,1,39,16712714,MiMi,55741684,2682.8,EpisodeType.EPISODE_TYPE_PUBLIC,MiMi,StackKnight,108795.0,103451.0,WIN,exact,720,32520434,replays/ranks_21_40_macro_intent_v1/episode-98474516-replay.json,ranks_21_40_macro_intent_v1,N249,1,1,0.0
1942,98474710,0,35,16670276,Egor Trushin,55724054,2692.1,EpisodeType.EPISODE_TYPE_PUBLIC,Egor Trushin,Chiranjieev,83918.0,89631.0,LOSS,exact,720,30947013,replays/ranks_21_40_macro_intent_v1/episode-98474710-replay.json,ranks_21_40_macro_intent_v1,N001,1764,0,0.020570458844304085
1943,98476705,0,31,16635314,Aurora wy,55742603,2699.1,EpisodeType.EPISODE_TYPE_PUBLIC,Aurora wy,Farhat Pachisa,109057.0,98680.0,WIN,exact,720,31687319,replays/ranks_21_40_macro_intent_v1/episode-98476705-replay.json,ranks_21_40_macro_intent_v1,N001,1764,0,0.0
1944,98476709,0,36,16699741,Tom3,55743933,2684.9,EpisodeType.EPISODE_TYPE_PUBLIC,Tom3,Avvy Lavoienne,93791.0,68143.0,WIN,exact,720,31021008,replays/ranks_21_40_macro_intent_v1/episode-98476709-replay.json,ranks_21_40_macro_intent_v1,N001,1764,0,0.0
1945,98476818,0,39,16712714,MiMi,55741684,2682.8,EpisodeType.EPISODE_TYPE_PUBLIC,MiMi,guoziyi123456,79530.0,66311.0,WIN,exact,720,31204333,replays/ranks_21_40_macro_intent_v1/episode-98476818-replay.json,ranks_21_40_macro_intent_v1,N505,1,1,0.0
1946,98478986,0,36,16699741,Tom3,55743933,2684.9,EpisodeType.EPISODE_TYPE_PUBLIC,Tom3,Raj Aryan,86137.0,57816.0,WIN,exact,720,31339043,replays/ranks_21_40_macro_intent_v1/episode-98478986-replay.json,ranks_21_40_macro_intent_v1,N003,247,0,0.0
1947,98478997,0,31,16635314,Aurora wy,55742603,2699.1,EpisodeType.EPISODE_TYPE_PUBLIC,Aurora wy,Boiled-Sweet-Potato,105759.0,101804.0,WIN,exact,720,30305039,replays/ranks_21_40_macro_intent_v1/episode-98478997-replay.json,ranks_21_40_macro_intent_v1,N002,260,0,0.0
1948,98479101,1,39,16712714,MiMi,55741684,2682.8,EpisodeType.EPISODE_TYPE_PUBLIC,MiMi,ktyser,67129.0,53002.0,WIN,exact,720,31604122,replays/ranks_21_40_macro_intent_v1/episode-98479101-replay.json,ranks_21_40_macro_intent_v1,N615,1,1,0.0
1949,98481258,1,36,16699741,Tom3,55743933,2684.9,EpisodeType.EPISODE_TYPE_PUBLIC,Tom3,William Dennis,99515.0,84352.0,WIN,exact,720,29199897,replays/ranks_21_40_macro_intent_v1/episode-98481258-replay.json,ranks_21_40_macro_intent_v1,N003,247,0,0.0
1950,98481297,0,31,16635314,Aurora wy,55742603,2699.1,EpisodeType.EPISODE_TYPE_PUBLIC,Aurora wy,Harrison Interactive,106094.0,98040.0,WIN,exact,720,30842727,replays/ranks_21_40_macro_intent_v1/episode-98481297-replay.json,ranks_21_40_macro_intent_v1,N003,247,0,0.0
1951,98481384,1,39,16712714,MiMi,55741684,2682.8,EpisodeType.EPISODE_TYPE_PUBLIC,MiMi,lelelove1225,49305.0,37777.0,WIN,exact,720,30936281,replays/ranks_21_40_macro_intent_v1/episode-98481384-replay.json,ranks_21_40_macro_intent_v1,N677,1,1,0.0
1952,98481480,1,38,16633226,test_money,55726920,2683.9,EpisodeType.EPISODE_TYPE_PUBLIC,test_money,Kronki,110210.0,115996.0,LOSS,exact,720,30778501,replays/ranks_21_40_macro_intent_v1/episode-98481480-replay.json,ranks_21_40_macro_intent_v1,N003,247,0,0.0
1953,98481522,0,38,16633226,test_money,55726920,2683.9,EpisodeType.EPISODE_TYPE_PUBLIC,test_money,taiseiu,69912.0,69791.0,WIN,exact,720,31012071,replays/ranks_21_40_macro_intent_v1/episode-98481522-replay.json,ranks_21_40_macro_intent_v1,N001,1764,0,0.0
1954,98483531,1,36,16699741,Tom3,55743933,2684.9,EpisodeType.EPISODE_TYPE_PUBLIC,Tom3,Hozuma ITOBAYASHI,134889.0,106589.0,WIN,exact,720,32137151,replays/ranks_21_40_macro_intent_v1/episode-98483531-replay.json,ranks_21_40_macro_intent_v1,N001,1764,0,0.0
1955,98483582,1,31,16635314,Aurora wy,55742603,2699.1,EpisodeType.EPISODE_TYPE_PUBLIC,Aurora wy,Yogesh Jadhav,73827.0,57150.0,WIN,exact,720,31457653,replays/ranks_21_40_macro_intent_v1/episode-98483582-replay.json,ranks_21_40_macro_intent_v1,N002,260,0,0.0
1956,98483672,0,39,16712714,MiMi,55741684,2682.8,EpisodeType.EPISODE_TYPE_PUBLIC,MiMi,VanKoha,69856.0,59365.0,WIN,exact,720,30307261,replays/ranks_21_40_macro_intent_v1/episode-98483672-replay.json,ranks_21_40_macro_intent_v1,N105,2,0,0.08792153745889664
1957,98483771,0,38,16633226,test_money,55726920,2683.9,EpisodeType.EPISODE_TYPE_PUBLIC,test_money,Kronki,65775.0,71765.0,LOSS,exact,720,30771154,replays/ranks_21_40_macro_intent_v1/episode-98483771-replay.json,ranks_21_40_macro_intent_v1,N003,247,0,0.0
1958,98485811,1,36,16699741,Tom3,55743933,2684.9,EpisodeType.EPISODE_TYPE_PUBLIC,Tom3,XiaoZhiren,86329.0,63317.0,WIN,exact,720,29831965,replays/ranks_21_40_macro_intent_v1/episode-98485811-replay.json,ranks_21_40_macro_intent_v1,N001,1764,0,0.0
1959,98485890,1,31,16635314,Aurora wy,55742603,2699.1,EpisodeType.EPISODE_TYPE_PUBLIC,Aurora wy,zjukop1,102791.0,91883.0,WIN,exact,720,31694226,replays/ranks_21_40_macro_intent_v1/episode-98485890-replay.json,ranks_21_40_macro_intent_v1,N001,1764,0,0.0
1960,98485914,0,39,16712714,MiMi,55741684,2682.8,EpisodeType.EPISODE_TYPE_PUBLIC,MiMi,u,119812.0,124896.0,LOSS,exact,720,30887291,replays/ranks_21_40_macro_intent_v1/episode-98485914-replay.json,ranks_21_40_macro_intent_v1,N193,1,1,0.0
1961,98485963,0,39,16712714,MiMi,55741684,2682.8,EpisodeType.EPISODE_TYPE_PUBLIC,MiMi,James Holland,121391.0,108513.0,WIN,exact,720,31643170,replays/ranks_21_40_macro_intent_v1/episode-98485963-replay.json,ranks_21_40_macro_intent_v1,N179,1,1,0.0
1962,98486034,1,24,16685548,Erfan Eshratifar,55729097,2729.9,EpisodeType.EPISODE_TYPE_PUBLIC,Erfan Eshratifar,CroDoc,92736.0,96002.0,LOSS,exact,720,31108443,replays/ranks_21_40_macro_intent_v1/episode-98486034-replay.json,ranks_21_40_macro_intent_v1,N004,130,0,0.07977796345949173
1963,98486043,0,24,16685548,Erfan Eshratifar,55729097,2729.9,EpisodeType.EPISODE_TYPE_PUBLIC,Erfan Eshratifar,CroDoc,108929.0,108751.0,WIN,exact,720,32048551,replays/ranks_21_40_macro_intent_v1/episode-98486043-replay.json,ranks_21_40_macro_intent_v1,N004,130,0,0.02645007148385048
1964,98488098,0,36,16699741,Tom3,55743933,2684.9,EpisodeType.EPISODE_TYPE_PUBLIC,Tom3,MOHSIN525,66940.0,54922.0,WIN,exact,720,31039630,replays/ranks_21_40_macro_intent_v1/episode-98488098-replay.json,ranks_21_40_macro_intent_v1,N001,1764,0,0.0
1965,98488184,0,31,16635314,Aurora wy,55742603,2699.1,EpisodeType.EPISODE_TYPE_PUBLIC,Aurora wy,Kanth Da,88093.0,83174.0,WIN,exact,720,31685486,replays/ranks_21_40_macro_intent_v1/episode-98488184-replay.json,ranks_21_40_macro_intent_v1,N001,1764,0,0.0
1966,98488260,1,39,16712714,MiMi,55741684,2682.8,EpisodeType.EPISODE_TYPE_PUBLIC,MiMi,Xiaowenhao404,140644.0,135043.0,WIN,exact,720,31548578,replays/ranks_21_40_macro_intent_v1/episode-98488260-replay.json,ranks_21_40_macro_intent_v1,N129,1,1,0.0
1967,98488387,0,37,16742369,Ömer Faruk Yüce,55723563,2688.4,EpisodeType.EPISODE_TYPE_PUBLIC,Ömer Faruk Yüce,taiseiu,55403.0,56278.0,LOSS,exact,720,31016654,replays/ranks_21_40_macro_intent_v1/episode-98488387-replay.json,ranks_21_40_macro_intent_v1,N001,1764,0,0.0
1968,98490380,1,36,16699741,Tom3,55743933,2684.9,EpisodeType.EPISODE_TYPE_PUBLIC,Tom3,Controlvector,63208.0,57998.0,WIN,exact,720,31451625,replays/ranks_21_40_macro_intent_v1/episode-98490380-replay.json,ranks_21_40_macro_intent_v1,N001,1764,0,0.0
1969,98490469,0,31,16635314,Aurora wy,55742603,2699.1,EpisodeType.EPISODE_TYPE_PUBLIC,Aurora wy,Djaafar Lecheheb DL,79987.0,69734.0,WIN,exact,720,31628599,replays/ranks_21_40_macro_intent_v1/episode-98490469-replay.json,ranks_21_40_macro_intent_v1,N001,1764,0,0.0
1970,98490501,1,38,16633226,test_money,55726920,2683.9,EpisodeType.EPISODE_TYPE_PUBLIC,test_money,u,89694.0,90014.0,LOSS,exact,720,31715382,replays/ranks_21_40_macro_intent_v1/episode-98490501-replay.json,ranks_21_40_macro_intent_v1,N001,1764,0,0.0
1971,98490550,1,39,16712714,MiMi,55741684,2682.8,EpisodeType.EPISODE_TYPE_PUBLIC,MiMi,johnny,115409.0,110130.0,WIN,exact,720,31705283,replays/ranks_21_40_macro_intent_v1/episode-98490550-replay.json,ranks_21_40_macro_intent_v1,N215,1,1,0.0
1972,98492660,1,36,16699741,Tom3,55743933,2684.9,EpisodeType.EPISODE_TYPE_PUBLIC,Tom3,Labh Khatke,97780.0,73061.0,WIN,exact,720,31623286,replays/ranks_21_40_macro_intent_v1/episode-98492660-replay.json,ranks_21_40_macro_intent_v1,N003,247,0,0.0
1973,98492756,1,31,16635314,Aurora wy,55742603,2699.1,EpisodeType.EPISODE_TYPE_PUBLIC,Aurora wy,iwance,54995.0,55623.0,LOSS,exact,720,31380463,replays/ranks_21_40_macro_intent_v1/episode-98492756-replay.json,ranks_21_40_macro_intent_v1,N001,1764,0,0.009466666728258133
1974,98492834,1,39,16712714,MiMi,55741684,2682.8,EpisodeType.EPISODE_TYPE_PUBLIC,MiMi,Xiaowenhao404,145725.0,134965.0,WIN,exact,720,31573573,replays/ranks_21_40_macro_intent_v1/episode-98492834-replay.json,ranks_21_40_macro_intent_v1,N053,2,0,0.10997957736253738
1975,98494948,1,36,16699741,Tom3,55743933,2684.9,EpisodeType.EPISODE_TYPE_PUBLIC,Tom3,gezi,59013.0,53601.0,WIN,exact,720,31487516,replays/ranks_21_40_macro_intent_v1/episode-98494948-replay.json,ranks_21_40_macro_intent_v1,N001,1764,0,0.0
1976,98495043,1,31,16635314,Aurora wy,55742603,2699.1,EpisodeType.EPISODE_TYPE_PUBLIC,Aurora wy,lingyu07,152840.0,150145.0,WIN,exact,720,30322226,replays/ranks_21_40_macro_intent_v1/episode-98495043-replay.json,ranks_21_40_macro_intent_v1,N002,260,0,0.0
1977,98495134,1,39,16712714,MiMi,55741684,2682.8,EpisodeType.EPISODE_TYPE_PUBLIC,MiMi,theredbluepill,86335.0,87524.0,LOSS,exact,720,32117545,replays/ranks_21_40_macro_intent_v1/episode-98495134-replay.json,ranks_21_40_macro_intent_v1,N435,1,1,0.0
1978,98495259,1,38,16633226,test_money,55726920,2683.9,EpisodeType.EPISODE_TYPE_PUBLIC,test_money,taiseiu,109526.0,115186.0,LOSS,exact,720,28915751,replays/ranks_21_40_macro_intent_v1/episode-98495259-replay.json,ranks_21_40_macro_intent_v1,N003,247,0,0.026244107633829117
1979,98497231,0,36,16699741,Tom3,55743933,2684.9,EpisodeType.EPISODE_TYPE_PUBLIC,Tom3,minamoto,62981.0,49127.0,WIN,exact,720,31406536,replays/ranks_21_40_macro_intent_v1/episode-98497231-replay.json,ranks_21_40_macro_intent_v1,N001,1764,0,0.0
1980,98497356,1,31,16635314,Aurora wy,55742603,2699.1,EpisodeType.EPISODE_TYPE_PUBLIC,Aurora wy,lvisdd,84421.0,76095.0,WIN,exact,720,31580813,replays/ranks_21_40_macro_intent_v1/episode-98497356-replay.json,ranks_21_40_macro_intent_v1,N001,1764,0,0.0
1981,98497429,0,39,16712714,MiMi,55741684,2682.8,EpisodeType.EPISODE_TYPE_PUBLIC,MiMi,Xiaowenhao404,101839.0,102026.0,LOSS,exact,720,30841697,replays/ranks_21_40_macro_intent_v1/episode-98497429-replay.json,ranks_21_40_macro_intent_v1,N300,1,1,0.0
1982,98497493,1,39,16712714,MiMi,55741684,2682.8,EpisodeType.EPISODE_TYPE_PUBLIC,MiMi,CroDoc,55676.0,65731.0,LOSS,exact,720,32833616,replays/ranks_21_40_macro_intent_v1/episode-98497493-replay.json,ranks_21_40_macro_intent_v1,N670,1,1,0.0
1983,98499517,1,36,16699741,Tom3,55743933,2684.9,EpisodeType.EPISODE_TYPE_PUBLIC,Tom3,islet,78321.0,60741.0,WIN,exact,720,32155056,replays/ranks_21_40_macro_intent_v1/episode-98499517-replay.json,ranks_21_40_macro_intent_v1,N001,1764,0,0.0
1984,98499645,0,31,16635314,Aurora wy,55742603,2699.1,EpisodeType.EPISODE_TYPE_PUBLIC,Aurora wy,MD. Nazmus Sakib Anik,82132.0,67874.0,WIN,exact,720,31694895,replays/ranks_21_40_macro_intent_v1/episode-98499645-replay.json,ranks_21_40_macro_intent_v1,N001,1764,0,0.0
1985,98499716,0,39,16712714,MiMi,55741684,2682.8,EpisodeType.EPISODE_TYPE_PUBLIC,MiMi,Kaan Dınız,83305.0,73693.0,WIN,exact,720,32047835,replays/ranks_21_40_macro_intent_v1/episode-98499716-replay.json,ranks_21_40_macro_intent_v1,N469,1,1,0.0
1986,98501798,0,36,16699741,Tom3,55743933,2684.9,EpisodeType.EPISODE_TYPE_PUBLIC,Tom3,Tangruichen,149088.0,138232.0,WIN,exact,720,31632726,replays/ranks_21_40_macro_intent_v1/episode-98501798-replay.json,ranks_21_40_macro_intent_v1,N001,1764,0,0.0
1987,98501923,1,31,16635314,Aurora wy,55742603,2699.1,EpisodeType.EPISODE_TYPE_PUBLIC,Aurora wy,BorisV,98552.0,95284.0,WIN,exact,720,31565132,replays/ranks_21_40_macro_intent_v1/episode-98501923-replay.json,ranks_21_40_macro_intent_v1,N001,1764,0,0.0
1988,98502008,0,39,16712714,MiMi,55741684,2682.8,EpisodeType.EPISODE_TYPE_PUBLIC,MiMi,Emre Cirak,72863.0,81964.0,LOSS,exact,720,32998845,replays/ranks_21_40_macro_intent_v1/episode-98502008-replay.json,ranks_21_40_macro_intent_v1,N038,4,0,0.07535751909017563
1989,98502134,0,37,16742369,Ömer Faruk Yüce,55723563,2688.4,EpisodeType.EPISODE_TYPE_PUBLIC,Ömer Faruk Yüce,Hongxin Su,67430.0,67430.0,TIE,exact,720,31620911,replays/ranks_21_40_macro_intent_v1/episode-98502134-replay.json,ranks_21_40_macro_intent_v1,N001,1764,0,0.0
1990,98502161,0,37,16742369,Ömer Faruk Yüce,55723563,2688.4,EpisodeType.EPISODE_TYPE_PUBLIC,Ömer Faruk Yüce,taiseiu,72126.0,75143.0,LOSS,exact,720,30946615,replays/ranks_21_40_macro_intent_v1/episode-98502161-replay.json,ranks_21_40_macro_intent_v1,N001,1764,0,0.0
1991,98504080,0,36,16699741,Tom3,55743933,2684.9,EpisodeType.EPISODE_TYPE_PUBLIC,Tom3,Ryoya Tsuruoka,77005.0,72041.0,WIN,exact,720,31268645,replays/ranks_21_40_macro_intent_v1/episode-98504080-replay.json,ranks_21_40_macro_intent_v1,N001,1764,0,0.0
1992,98504219,1,31,16635314,Aurora wy,55742603,2699.1,EpisodeType.EPISODE_TYPE_PUBLIC,Aurora wy,ktyser,73233.0,62292.0,WIN,exact,720,31694336,replays/ranks_21_40_macro_intent_v1/episode-98504219-replay.json,ranks_21_40_macro_intent_v1,N001,1764,0,0.0
1993,98504309,0,39,16712714,MiMi,55741684,2682.8,EpisodeType.EPISODE_TYPE_PUBLIC,MiMi,srijan k.r keshri,75122.0,62287.0,WIN,exact,720,32350154,replays/ranks_21_40_macro_intent_v1/episode-98504309-replay.json,ranks_21_40_macro_intent_v1,N548,1,1,0.0
1994,98504331,0,36,16699741,Tom3,55743933,2684.9,EpisodeType.EPISODE_TYPE_PUBLIC,Tom3,Sai Syam,87670.0,83612.0,WIN,exact,720,31508716,replays/ranks_21_40_macro_intent_v1/episode-98504331-replay.json,ranks_21_40_macro_intent_v1,N001,1764,0,0.0
1995,98506407,0,36,16699741,Tom3,55743933,2684.9,EpisodeType.EPISODE_TYPE_PUBLIC,Tom3,Paami,112146.0,79554.0,WIN,exact,720,30908761,replays/ranks_21_40_macro_intent_v1/episode-98506407-replay.json,ranks_21_40_macro_intent_v1,N002,260,0,0.0
1996,98506522,1,31,16635314,Aurora wy,55742603,2699.1,EpisodeType.EPISODE_TYPE_PUBLIC,Aurora wy,ktyser,92235.0,78159.0,WIN,exact,720,31664895,replays/ranks_21_40_macro_intent_v1/episode-98506522-replay.json,ranks_21_40_macro_intent_v1,N001,1764,0,0.0
1997,98506640,1,39,16712714,MiMi,55741684,2682.8,EpisodeType.EPISODE_TYPE_PUBLIC,MiMi,Victor @ Tufa Labs,83378.0,54808.0,WIN,exact,720,30935589,replays/ranks_21_40_macro_intent_v1/episode-98506640-replay.json,ranks_21_40_macro_intent_v1,N090,2,0,0.07655628025531769
1998,98508687,1,36,16699741,Tom3,55743933,2684.9,EpisodeType.EPISODE_TYPE_PUBLIC,Tom3,Maham Haroon,81499.0,66454.0,WIN,exact,720,31513960,replays/ranks_21_40_macro_intent_v1/episode-98508687-replay.json,ranks_21_40_macro_intent_v1,N001,1764,0,0.0
1999,98508813,1,31,16635314,Aurora wy,55742603,2699.1,EpisodeType.EPISODE_TYPE_PUBLIC,Aurora wy,lelelove1225,116986.0,112941.0,WIN,exact,720,31701499,replays/ranks_21_40_macro_intent_v1/episode-98508813-replay.json,ranks_21_40_macro_intent_v1,N001,1764,0,0.0
2000,98508890,1,39,16712714,MiMi,55741684,2682.8,EpisodeType.EPISODE_TYPE_PUBLIC,MiMi,Victor @ Tufa Labs,84712.0,78165.0,WIN,exact,720,31629374,replays/ranks_21_40_macro_intent_v1/episode-98508890-replay.json,ranks_21_40_macro_intent_v1,N450,1,1,0.0
2001,98510984,0,36,16699741,Tom3,55743933,2684.9,EpisodeType.EPISODE_TYPE_PUBLIC,Tom3,shinamonmon,47020.0,46768.0,WIN,exact,720,31451625,replays/ranks_21_40_macro_intent_v1/episode-98510984-replay.json,ranks_21_40_macro_intent_v1,N001,1764,0,0.0
2002,98511108,0,31,16635314,Aurora wy,55742603,2699.1,EpisodeType.EPISODE_TYPE_PUBLIC,Aurora wy,Efe Can Celiksoy,93326.0,88261.0,WIN,exact,720,31829738,replays/ranks_21_40_macro_intent_v1/episode-98511108-replay.json,ranks_21_40_macro_intent_v1,N001,1764,0,0.0
2003,98511174,0,39,16712714,MiMi,55741684,2682.8,EpisodeType.EPISODE_TYPE_PUBLIC,MiMi,StackKnight,153328.0,149629.0,WIN,exact,720,30929211,replays/ranks_21_40_macro_intent_v1/episode-98511174-replay.json,ranks_21_40_macro_intent_v1,N119,1,1,0.0
2004,98511235,1,24,16685548,Erfan Eshratifar,55729097,2729.9,EpisodeType.EPISODE_TYPE_PUBLIC,Erfan Eshratifar,CroDoc,91731.0,94128.0,LOSS,exact,720,31316152,replays/ranks_21_40_macro_intent_v1/episode-98511235-replay.json,ranks_21_40_macro_intent_v1,N004,130,0,0.06427538394927979
2005,98513276,0,36,16699741,Tom3,55743933,2684.9,EpisodeType.EPISODE_TYPE_PUBLIC,Tom3,KoRo2_JP,95419.0,96832.0,LOSS,exact,720,31442914,replays/ranks_21_40_macro_intent_v1/episode-98513276-replay.json,ranks_21_40_macro_intent_v1,N001,1764,0,0.0
2006,98513382,1,31,16635314,Aurora wy,55742603,2699.1,EpisodeType.EPISODE_TYPE_PUBLIC,Aurora wy,Syed Asad Ali,68764.0,61205.0,WIN,exact,720,31460274,replays/ranks_21_40_macro_intent_v1/episode-98513382-replay.json,ranks_21_40_macro_intent_v1,N001,1764,0,0.0
2007,98513464,1,39,16712714,MiMi,55741684,2682.8,EpisodeType.EPISODE_TYPE_PUBLIC,MiMi,XW,107622.0,119548.0,LOSS,exact,720,31493050,replays/ranks_21_40_macro_intent_v1/episode-98513464-replay.json,ranks_21_40_macro_intent_v1,N254,1,1,0.0
2008,98515576,1,36,16699741,Tom3,55743933,2684.9,EpisodeType.EPISODE_TYPE_PUBLIC,Tom3,iamlonely,123540.0,102817.0,WIN,exact,720,31435981,replays/ranks_21_40_macro_intent_v1/episode-98515576-replay.json,ranks_21_40_macro_intent_v1,N001,1764,0,0.0
2009,98515679,1,31,16635314,Aurora wy,55742603,2699.1,EpisodeType.EPISODE_TYPE_PUBLIC,Aurora wy,Freddy,90966.0,78741.0,WIN,exact,720,31685834,replays/ranks_21_40_macro_intent_v1/episode-98515679-replay.json,ranks_21_40_macro_intent_v1,N001,1764,0,0.0
2010,98515755,1,39,16712714,MiMi,55741684,2682.8,EpisodeType.EPISODE_TYPE_PUBLIC,MiMi,Lucien de Rubempre,124009.0,120646.0,WIN,exact,720,31227507,replays/ranks_21_40_macro_intent_v1/episode-98515755-replay.json,ranks_21_40_macro_intent_v1,N166,1,1,0.0
2011,98517877,1,36,16699741,Tom3,55743933,2684.9,EpisodeType.EPISODE_TYPE_PUBLIC,Tom3,CemBas,110132.0,96078.0,WIN,exact,720,31781428,replays/ranks_21_40_macro_intent_v1/episode-98517877-replay.json,ranks_21_40_macro_intent_v1,N001,1764,0,0.0
2012,98517965,1,31,16635314,Aurora wy,55742603,2699.1,EpisodeType.EPISODE_TYPE_PUBLIC,Aurora wy,Ryutogrrr,81555.0,70089.0,WIN,exact,720,31690784,replays/ranks_21_40_macro_intent_v1/episode-98517965-replay.json,ranks_21_40_macro_intent_v1,N001,1764,0,0.0
2013,98517998,1,31,16635314,Aurora wy,55742603,2699.1,EpisodeType.EPISODE_TYPE_PUBLIC,Aurora wy,aisamhottman,85247.0,79025.0,WIN,exact,720,31458182,replays/ranks_21_40_macro_intent_v1/episode-98517998-replay.json,ranks_21_40_macro_intent_v1,N001,1764,0,0.0
2014,98518043,1,39,16712714,MiMi,55741684,2682.8,EpisodeType.EPISODE_TYPE_PUBLIC,MiMi,カワシギ,105006.0,111883.0,LOSS,exact,720,31359685,replays/ranks_21_40_macro_intent_v1/episode-98518043-replay.json,ranks_21_40_macro_intent_v1,N268,1,1,0.0
2015,98518104,0,35,16670276,Egor Trushin,55724054,2692.1,EpisodeType.EPISODE_TYPE_PUBLIC,Egor Trushin,CroDoc,94010.0,87247.0,WIN,exact,720,30719479,replays/ranks_21_40_macro_intent_v1/episode-98518104-replay.json,ranks_21_40_macro_intent_v1,N001,1764,0,0.0
2016,98518119,1,39,16712714,MiMi,55741684,2682.8,EpisodeType.EPISODE_TYPE_PUBLIC,MiMi,CroDoc,92612.0,105586.0,LOSS,exact,720,32880778,replays/ranks_21_40_macro_intent_v1/episode-98518119-replay.json,ranks_21_40_macro_intent_v1,N384,1,1,0.0
2017,98520180,1,36,16699741,Tom3,55743933,2684.9,EpisodeType.EPISODE_TYPE_PUBLIC,Tom3,Excluding,57616.0,61878.0,LOSS,exact,720,30698622,replays/ranks_21_40_macro_intent_v1/episode-98520180-replay.json,ranks_21_40_macro_intent_v1,N002,260,0,0.0
2018,98520261,1,31,16635314,Aurora wy,55742603,2699.1,EpisodeType.EPISODE_TYPE_PUBLIC,Aurora wy,fufufukakaka,94625.0,61962.0,WIN,exact,720,27819940,replays/ranks_21_40_macro_intent_v1/episode-98520261-replay.json,ranks_21_40_macro_intent_v1,N001,1764,0,0.0
2019,98520341,1,39,16712714,MiMi,55741684,2682.8,EpisodeType.EPISODE_TYPE_PUBLIC,MiMi,CroDoc,111027.0,118782.0,LOSS,exact,720,30770963,replays/ranks_21_40_macro_intent_v1/episode-98520341-replay.json,ranks_21_40_macro_intent_v1,N242,1,1,0.0
2020,98520390,1,38,16633226,test_money,55726920,2683.9,EpisodeType.EPISODE_TYPE_PUBLIC,test_money,CroDoc,73941.0,76609.0,LOSS,exact,720,31084688,replays/ranks_21_40_macro_intent_v1/episode-98520390-replay.json,ranks_21_40_macro_intent_v1,N001,1764,0,0.020570458844304085
2021,98522471,0,36,16699741,Tom3,55743933,2684.9,EpisodeType.EPISODE_TYPE_PUBLIC,Tom3,Umut Keltek,100124.0,90779.0,WIN,exact,720,31320066,replays/ranks_21_40_macro_intent_v1/episode-98522471-replay.json,ranks_21_40_macro_intent_v1,N001,1764,0,0.0
2022,98522555,1,31,16635314,Aurora wy,55742603,2699.1,EpisodeType.EPISODE_TYPE_PUBLIC,Aurora wy,Luan Kunyu,85021.0,88756.0,LOSS,exact,720,31576315,replays/ranks_21_40_macro_intent_v1/episode-98522555-replay.json,ranks_21_40_macro_intent_v1,N001,1764,0,0.0
2023,98522564,0,37,16742369,Ömer Faruk Yüce,55723563,2688.4,EpisodeType.EPISODE_TYPE_PUBLIC,Ömer Faruk Yüce,u,47058.0,47268.0,LOSS,exact,720,31075579,replays/ranks_21_40_macro_intent_v1/episode-98522564-replay.json,ranks_21_40_macro_intent_v1,N001,1764,0,0.020570458844304085
2024,98522636,0,39,16712714,MiMi,55741684,2682.8,EpisodeType.EPISODE_TYPE_PUBLIC,MiMi,Kaan Dınız,84617.0,80475.0,WIN,exact,720,32064051,replays/ranks_21_40_macro_intent_v1/episode-98522636-replay.json,ranks_21_40_macro_intent_v1,N452,1,1,0.0
2025,98524757,0,36,16699741,Tom3,55743933,2684.9,EpisodeType.EPISODE_TYPE_PUBLIC,Tom3,Hamachi,70955.0,70839.0,WIN,exact,720,31250973,replays/ranks_21_40_macro_intent_v1/episode-98524757-replay.json,ranks_21_40_macro_intent_v1,N001,1764,0,0.0
2026,98524856,1,31,16635314,Aurora wy,55742603,2699.1,EpisodeType.EPISODE_TYPE_PUBLIC,Aurora wy,ktyser,68976.0,54922.0,WIN,exact,720,31690124,replays/ranks_21_40_macro_intent_v1/episode-98524856-replay.json,ranks_21_40_macro_intent_v1,N001,1764,0,0.0
2027,98524878,1,31,16635314,Aurora wy,55742603,2699.1,EpisodeType.EPISODE_TYPE_PUBLIC,Aurora wy,aisamhottman,105551.0,101969.0,WIN,exact,720,32590119,replays/ranks_21_40_macro_intent_v1/episode-98524878-replay.json,ranks_21_40_macro_intent_v1,N001,1764,0,0.0
2028,98524933,1,39,16712714,MiMi,55741684,2682.8,EpisodeType.EPISODE_TYPE_PUBLIC,MiMi,Jiro314,78739.0,72781.0,WIN,exact,720,33044708,replays/ranks_21_40_macro_intent_v1/episode-98524933-replay.json,ranks_21_40_macro_intent_v1,N519,1,1,0.0
2029,98524977,1,39,16712714,MiMi,55741684,2682.8,EpisodeType.EPISODE_TYPE_PUBLIC,MiMi,CroDoc,126256.0,118748.0,WIN,exact,720,31773012,replays/ranks_21_40_macro_intent_v1/episode-98524977-replay.json,ranks_21_40_macro_intent_v1,N162,1,1,0.0
2030,98527049,1,36,16699741,Tom3,55743933,2684.9,EpisodeType.EPISODE_TYPE_PUBLIC,Tom3,Black Mamba Farm,74681.0,63224.0,WIN,exact,720,31290299,replays/ranks_21_40_macro_intent_v1/episode-98527049-replay.json,ranks_21_40_macro_intent_v1,N001,1764,0,0.0
2031,98527147,0,31,16635314,Aurora wy,55742603,2699.1,EpisodeType.EPISODE_TYPE_PUBLIC,Aurora wy,MMM Abbie,48375.0,42940.0,WIN,exact,720,31456699,replays/ranks_21_40_macro_intent_v1/episode-98527147-replay.json,ranks_21_40_macro_intent_v1,N001,1764,0,0.0
2032,98527224,0,39,16712714,MiMi,55741684,2682.8,EpisodeType.EPISODE_TYPE_PUBLIC,MiMi,nao.kwmr,86291.0,59340.0,WIN,exact,720,32204674,replays/ranks_21_40_macro_intent_v1/episode-98527224-replay.json,ranks_21_40_macro_intent_v1,N079,2,1,0.0
2033,98529332,0,36,16699741,Tom3,55743933,2684.9,EpisodeType.EPISODE_TYPE_PUBLIC,Tom3,shivam saini,113839.0,104075.0,WIN,exact,720,30589279,replays/ranks_21_40_macro_intent_v1/episode-98529332-replay.json,ranks_21_40_macro_intent_v1,N003,247,0,0.0
2034,98529432,1,24,16685548,Erfan Eshratifar,55729097,2729.9,EpisodeType.EPISODE_TYPE_PUBLIC,Erfan Eshratifar,Aurora wy,77643.0,73759.0,WIN,exact,720,31912719,replays/ranks_21_40_macro_intent_v1/episode-98529432-replay.json,ranks_21_40_macro_intent_v1,N004,130,0,0.006938426289707422
2035,98529432,0,31,16635314,Aurora wy,55742603,2699.1,EpisodeType.EPISODE_TYPE_PUBLIC,Aurora wy,Erfan Eshratifar,73759.0,77643.0,LOSS,exact,720,31912719,replays/ranks_21_40_macro_intent_v1/episode-98529432-replay.json,ranks_21_40_macro_intent_v1,N001,1764,0,0.0
2036,98529513,1,39,16712714,MiMi,55741684,2682.8,EpisodeType.EPISODE_TYPE_PUBLIC,MiMi,CroDoc,96103.0,97172.0,LOSS,exact,720,31374484,replays/ranks_21_40_macro_intent_v1/episode-98529513-replay.json,ranks_21_40_macro_intent_v1,N360,1,1,0.0
2037,98531638,0,36,16699741,Tom3,55743933,2684.9,EpisodeType.EPISODE_TYPE_PUBLIC,Tom3,Nuri DUDAK,114738.0,111602.0,WIN,exact,720,31581154,replays/ranks_21_40_macro_intent_v1/episode-98531638-replay.json,ranks_21_40_macro_intent_v1,N001,1764,0,0.0
2038,98531693,0,31,16635314,Aurora wy,55742603,2699.1,EpisodeType.EPISODE_TYPE_PUBLIC,Aurora wy,Dude and Destroy,82730.0,80735.0,WIN,exact,720,31004349,replays/ranks_21_40_macro_intent_v1/episode-98531693-replay.json,ranks_21_40_macro_intent_v1,N001,1764,0,0.020570458844304085
2039,98531751,1,38,16633226,test_money,55726920,2683.9,EpisodeType.EPISODE_TYPE_PUBLIC,test_money,u,100903.0,101064.0,LOSS,exact,720,31720853,replays/ranks_21_40_macro_intent_v1/episode-98531751-replay.json,ranks_21_40_macro_intent_v1,N001,1764,0,0.0
2040,98531808,1,39,16712714,MiMi,55741684,2682.8,EpisodeType.EPISODE_TYPE_PUBLIC,MiMi,johnny,94639.0,102976.0,LOSS,exact,720,33230655,replays/ranks_21_40_macro_intent_v1/episode-98531808-replay.json,ranks_21_40_macro_intent_v1,N371,1,1,0.0
2041,98533891,0,36,16699741,Tom3,55743933,2684.9,EpisodeType.EPISODE_TYPE_PUBLIC,Tom3,Yunho Hwang,100036.0,95167.0,WIN,exact,720,31301377,replays/ranks_21_40_macro_intent_v1/episode-98533891-replay.json,ranks_21_40_macro_intent_v1,N001,1764,0,0.0
2042,98533974,0,31,16635314,Aurora wy,55742603,2699.1,EpisodeType.EPISODE_TYPE_PUBLIC,Aurora wy,theredbluepill,118243.0,116041.0,WIN,exact,720,30489852,replays/ranks_21_40_macro_intent_v1/episode-98533974-replay.json,ranks_21_40_macro_intent_v1,N002,260,0,0.0
2043,98534060,0,37,16742369,Ömer Faruk Yüce,55723563,2688.4,EpisodeType.EPISODE_TYPE_PUBLIC,Ömer Faruk Yüce,u,82265.0,82708.0,LOSS,exact,720,30920887,replays/ranks_21_40_macro_intent_v1/episode-98534060-replay.json,ranks_21_40_macro_intent_v1,N001,1764,0,0.020570458844304085
2044,98534070,1,39,16712714,MiMi,55741684,2682.8,EpisodeType.EPISODE_TYPE_PUBLIC,MiMi,johnny,75967.0,81196.0,LOSS,exact,720,33124484,replays/ranks_21_40_macro_intent_v1/episode-98534070-replay.json,ranks_21_40_macro_intent_v1,N539,1,1,0.0
2045,98536182,0,36,16699741,Tom3,55743933,2684.9,EpisodeType.EPISODE_TYPE_PUBLIC,Tom3,ktyser,99267.0,86751.0,WIN,exact,720,31433504,replays/ranks_21_40_macro_intent_v1/episode-98536182-replay.json,ranks_21_40_macro_intent_v1,N001,1764,0,0.0
2046,98536280,0,31,16635314,Aurora wy,55742603,2699.1,EpisodeType.EPISODE_TYPE_PUBLIC,Aurora wy,MiMi,143808.0,130748.0,WIN,exact,720,32257408,replays/ranks_21_40_macro_intent_v1/episode-98536280-replay.json,ranks_21_40_macro_intent_v1,N001,1764,0,0.0
2047,98536280,1,39,16712714,MiMi,55741684,2682.8,EpisodeType.EPISODE_TYPE_PUBLIC,MiMi,Aurora wy,130748.0,143808.0,LOSS,exact,720,32257408,replays/ranks_21_40_macro_intent_v1/episode-98536280-replay.json,ranks_21_40_macro_intent_v1,N063,2,1,0.0
2048,98536380,0,39,16712714,MiMi,55741684,2682.8,EpisodeType.EPISODE_TYPE_PUBLIC,MiMi,ReCurSiON,99555.0,94027.0,WIN,exact,720,31728973,replays/ranks_21_40_macro_intent_v1/episode-98536380-replay.json,ranks_21_40_macro_intent_v1,N324,1,1,0.0
2049,98538481,1,36,16699741,Tom3,55743933,2684.9,EpisodeType.EPISODE_TYPE_PUBLIC,Tom3,Ernnnn4u,59853.0,53038.0,WIN,exact,720,31306949,replays/ranks_21_40_macro_intent_v1/episode-98538481-replay.json,ranks_21_40_macro_intent_v1,N001,1764,0,0.0
2050,98538556,0,31,16635314,Aurora wy,55742603,2699.1,EpisodeType.EPISODE_TYPE_PUBLIC,Aurora wy,srijan k.r keshri,95466.0,113509.0,LOSS,exact,720,32011816,replays/ranks_21_40_macro_intent_v1/episode-98538556-replay.json,ranks_21_40_macro_intent_v1,N001,1764,0,0.0
2051,98538640,0,31,16635314,Aurora wy,55742603,2699.1,EpisodeType.EPISODE_TYPE_PUBLIC,Aurora wy,MiMi,56366.0,66747.0,LOSS,exact,720,32381329,replays/ranks_21_40_macro_intent_v1/episode-98538640-replay.json,ranks_21_40_macro_intent_v1,N001,1764,0,0.0
2052,98538640,1,39,16712714,MiMi,55741684,2682.8,EpisodeType.EPISODE_TYPE_PUBLIC,MiMi,Aurora wy,66747.0,56366.0,WIN,exact,720,32381329,replays/ranks_21_40_macro_intent_v1/episode-98538640-replay.json,ranks_21_40_macro_intent_v1,N622,1,1,0.0
2053,98540770,1,36,16699741,Tom3,55743933,2684.9,EpisodeType.EPISODE_TYPE_PUBLIC,Tom3,SCNU,119949.0,110271.0,WIN,exact,720,31461964,replays/ranks_21_40_macro_intent_v1/episode-98540770-replay.json,ranks_21_40_macro_intent_v1,N003,247,0,0.0
2054,98540850,1,35,16670276,Egor Trushin,55724054,2692.1,EpisodeType.EPISODE_TYPE_PUBLIC,Egor Trushin,u,59974.0,60460.0,LOSS,exact,720,30918359,replays/ranks_21_40_macro_intent_v1/episode-98540850-replay.json,ranks_21_40_macro_intent_v1,N001,1764,0,0.020570458844304085
2055,98540857,0,31,16635314,Aurora wy,55742603,2699.1,EpisodeType.EPISODE_TYPE_PUBLIC,Aurora wy,QQ Farming,78408.0,65303.0,WIN,exact,720,31019186,replays/ranks_21_40_macro_intent_v1/episode-98540857-replay.json,ranks_21_40_macro_intent_v1,N001,1764,0,0.0
2056,98540969,1,37,16742369,Ömer Faruk Yüce,55723563,2688.4,EpisodeType.EPISODE_TYPE_PUBLIC,Ömer Faruk Yüce,fufufukakaka,114262.0,73299.0,WIN,exact,720,27808784,replays/ranks_21_40_macro_intent_v1/episode-98540969-replay.json,ranks_21_40_macro_intent_v1,N001,1764,0,0.0
2057,98541012,0,23,16684954,Suneeth reddy,55747103,2730.9,EpisodeType.EPISODE_TYPE_VALIDATION,Suneeth reddy,Suneeth reddy,64149.0,64149.0,TIE,exact,720,31090297,replays/ranks_21_40_macro_intent_v1/episode-98541012-replay.json,ranks_21_40_macro_intent_v1,N001,1764,0,0.020570458844304085
2058,98541012,1,23,16684954,Suneeth reddy,55747103,2730.9,EpisodeType.EPISODE_TYPE_VALIDATION,Suneeth reddy,Suneeth reddy,64149.0,64149.0,TIE,exact,720,31090297,replays/ranks_21_40_macro_intent_v1/episode-98541012-replay.json,ranks_21_40_macro_intent_v1,N001,1764,0,0.020570458844304085
2059,98543066,0,36,16699741,Tom3,55743933,2684.9,EpisodeType.EPISODE_TYPE_PUBLIC,Tom3,BorisV,56466.0,44376.0,WIN,exact,720,31430867,replays/ranks_21_40_macro_intent_v1/episode-98543066-replay.json,ranks_21_40_macro_intent_v1,N001,1764,0,0.0
2060,98543152,0,31,16635314,Aurora wy,55742603,2699.1,EpisodeType.EPISODE_TYPE_PUBLIC,Aurora wy,enddl22,130580.0,127268.0,WIN,exact,720,32593586,replays/ranks_21_40_macro_intent_v1/episode-98543152-replay.json,ranks_21_40_macro_intent_v1,N001,1764,0,0.0
2061,98543164,0,36,16699741,Tom3,55743933,2684.9,EpisodeType.EPISODE_TYPE_PUBLIC,Tom3,aisamhottman,139336.0,138988.0,WIN,exact,720,30313257,replays/ranks_21_40_macro_intent_v1/episode-98543164-replay.json,ranks_21_40_macro_intent_v1,N002,260,0,0.0
2062,98545269,0,23,16684954,Suneeth reddy,55747103,2730.9,EpisodeType.EPISODE_TYPE_PUBLIC,Suneeth reddy,Neural,92070.0,72254.0,WIN,exact,720,28920550,replays/ranks_21_40_macro_intent_v1/episode-98545269-replay.json,ranks_21_40_macro_intent_v1,N003,247,0,0.0
2063,98545375,0,36,16699741,Tom3,55743933,2684.9,EpisodeType.EPISODE_TYPE_PUBLIC,Tom3,kaggricultureomnidimensionalut,54359.0,53293.0,WIN,exact,720,30718391,replays/ranks_21_40_macro_intent_v1/episode-98545375-replay.json,ranks_21_40_macro_intent_v1,N001,1764,0,0.020570458844304085
2064,98545471,0,31,16635314,Aurora wy,55742603,2699.1,EpisodeType.EPISODE_TYPE_PUBLIC,Aurora wy,カワシギ,86204.0,79829.0,WIN,exact,720,31961320,replays/ranks_21_40_macro_intent_v1/episode-98545471-replay.json,ranks_21_40_macro_intent_v1,N001,1764,0,0.0
2065,98547513,1,23,16684954,Suneeth reddy,55747103,2730.9,EpisodeType.EPISODE_TYPE_PUBLIC,Suneeth reddy,Thales Augusto Leite de Souza,83426.0,21359.0,WIN,exact,720,27415522,replays/ranks_21_40_macro_intent_v1/episode-98547513-replay.json,ranks_21_40_macro_intent_v1,N001,1764,0,0.0
2066,98547668,1,36,16699741,Tom3,55743933,2684.9,EpisodeType.EPISODE_TYPE_PUBLIC,Tom3,fufufukakaka,79954.0,62945.0,WIN,exact,720,29732287,replays/ranks_21_40_macro_intent_v1/episode-98547668-replay.json,ranks_21_40_macro_intent_v1,N001,1764,0,0.0
2067,98547740,0,31,16635314,Aurora wy,55742603,2699.1,EpisodeType.EPISODE_TYPE_PUBLIC,Aurora wy,shyjin,107333.0,99351.0,WIN,exact,720,31527644,replays/ranks_21_40_macro_intent_v1/episode-98547740-replay.json,ranks_21_40_macro_intent_v1,N003,247,0,0.0
2068,98549799,1,23,16684954,Suneeth reddy,55747103,2730.9,EpisodeType.EPISODE_TYPE_PUBLIC,Suneeth reddy,Kaggler Albafica,59409.0,39856.0,WIN,exact,720,30996165,replays/ranks_21_40_macro_intent_v1/episode-98549799-replay.json,ranks_21_40_macro_intent_v1,N001,1764,0,0.0
2069,98549942,0,36,16699741,Tom3,55743933,2684.9,EpisodeType.EPISODE_TYPE_PUBLIC,Tom3,Efe Can Celiksoy,92507.0,82469.0,WIN,exact,720,31373057,replays/ranks_21_40_macro_intent_v1/episode-98549942-replay.json,ranks_21_40_macro_intent_v1,N001,1764,0,0.0
2070,98550045,0,24,16685548,Erfan Eshratifar,55729097,2729.9,EpisodeType.EPISODE_TYPE_PUBLIC,Erfan Eshratifar,Aurora wy,113999.0,115340.0,LOSS,exact,720,31431390,replays/ranks_21_40_macro_intent_v1/episode-98550045-replay.json,ranks_21_40_macro_intent_v1,N004,130,0,0.0557420514523983
2071,98550045,1,31,16635314,Aurora wy,55742603,2699.1,EpisodeType.EPISODE_TYPE_PUBLIC,Aurora wy,Erfan Eshratifar,115340.0,113999.0,WIN,exact,720,31431390,replays/ranks_21_40_macro_intent_v1/episode-98550045-replay.json,ranks_21_40_macro_intent_v1,N003,247,0,0.0
2072,98552065,1,23,16684954,Suneeth reddy,55747103,2730.9,EpisodeType.EPISODE_TYPE_PUBLIC,Suneeth reddy,Kavya Bhandari,104463.0,80619.0,WIN,exact,720,29569942,replays/ranks_21_40_macro_intent_v1/episode-98552065-replay.json,ranks_21_40_macro_intent_v1,N003,247,0,0.0
2073,98552155,1,38,16633226,test_money,55726920,2683.9,EpisodeType.EPISODE_TYPE_PUBLIC,test_money,Danzzzl,88996.0,88996.0,TIE,exact,720,28776511,replays/ranks_21_40_macro_intent_v1/episode-98552155-replay.json,ranks_21_40_macro_intent_v1,N003,247,0,0.026244107633829117
2074,98552234,1,36,16699741,Tom3,55743933,2684.9,EpisodeType.EPISODE_TYPE_PUBLIC,Tom3,kaggricultureomnidimensionalut,70661.0,70399.0,WIN,exact,720,30301811,replays/ranks_21_40_macro_intent_v1/episode-98552234-replay.json,ranks_21_40_macro_intent_v1,N002,260,0,0.0
2075,98552328,1,38,16633226,test_money,55726920,2683.9,EpisodeType.EPISODE_TYPE_PUBLIC,test_money,u,86273.0,86622.0,LOSS,exact,720,32673973,replays/ranks_21_40_macro_intent_v1/episode-98552328-replay.json,ranks_21_40_macro_intent_v1,N001,1764,0,0.0
2076,98552357,0,31,16635314,Aurora wy,55742603,2699.1,EpisodeType.EPISODE_TYPE_PUBLIC,Aurora wy,Sarthak Sharma ,77889.0,65707.0,WIN,exact,720,31816430,replays/ranks_21_40_macro_intent_v1/episode-98552357-replay.json,ranks_21_40_macro_intent_v1,N003,247,0,0.0
2077,98554338,0,23,16684954,Suneeth reddy,55747103,2730.9,EpisodeType.EPISODE_TYPE_PUBLIC,Suneeth reddy,Vlad Kochetov,80355.0,59851.0,WIN,exact,720,31974890,replays/ranks_21_40_macro_intent_v1/episode-98554338-replay.json,ranks_21_40_macro_intent_v1,N001,1764,0,0.0
2078,98554518,1,36,16699741,Tom3,55743933,2684.9,EpisodeType.EPISODE_TYPE_PUBLIC,Tom3,ziliangCok,105453.0,93724.0,WIN,exact,720,31688883,replays/ranks_21_40_macro_intent_v1/episode-98554518-replay.json,ranks_21_40_macro_intent_v1,N001,1764,0,0.0
2079,98554603,0,31,16635314,Aurora wy,55742603,2699.1,EpisodeType.EPISODE_TYPE_PUBLIC,Aurora wy,Jiro314,132824.0,121865.0,WIN,exact,720,31478287,replays/ranks_21_40_macro_intent_v1/episode-98554603-replay.json,ranks_21_40_macro_intent_v1,N001,1764,0,0.0
2080,98554630,0,37,16742369,Ömer Faruk Yüce,55723563,2688.4,EpisodeType.EPISODE_TYPE_PUBLIC,Ömer Faruk Yüce,u,61600.0,62011.0,LOSS,exact,720,30931402,replays/ranks_21_40_macro_intent_v1/episode-98554630-replay.json,ranks_21_40_macro_intent_v1,N001,1764,0,0.020570458844304085
2081,98556603,1,23,16684954,Suneeth reddy,55747103,2730.9,EpisodeType.EPISODE_TYPE_PUBLIC,Suneeth reddy,wenjinyang,83615.0,68537.0,WIN,exact,720,32137203,replays/ranks_21_40_macro_intent_v1/episode-98556603-replay.json,ranks_21_40_macro_intent_v1,N001,1764,0,0.0
2082,98556796,0,36,16699741,Tom3,55743933,2684.9,EpisodeType.EPISODE_TYPE_PUBLIC,Tom3,Charles Backman on LinkedIn,113698.0,106309.0,WIN,exact,720,31139373,replays/ranks_21_40_macro_intent_v1/episode-98556796-replay.json,ranks_21_40_macro_intent_v1,N002,260,0,0.0
2083,98556875,1,31,16635314,Aurora wy,55742603,2699.1,EpisodeType.EPISODE_TYPE_PUBLIC,Aurora wy,Victor @ Tufa Labs,116411.0,111061.0,WIN,exact,720,31629496,replays/ranks_21_40_macro_intent_v1/episode-98556875-replay.json,ranks_21_40_macro_intent_v1,N001,1764,0,0.0
2084,98558878,1,23,16684954,Suneeth reddy,55747103,2730.9,EpisodeType.EPISODE_TYPE_PUBLIC,Suneeth reddy,KKY,64351.0,60292.0,WIN,exact,720,31347897,replays/ranks_21_40_macro_intent_v1/episode-98558878-replay.json,ranks_21_40_macro_intent_v1,N001,1764,0,0.0
2085,98559097,1,36,16699741,Tom3,55743933,2684.9,EpisodeType.EPISODE_TYPE_PUBLIC,Tom3,lelelove1225,67112.0,70967.0,LOSS,exact,720,31506864,replays/ranks_21_40_macro_intent_v1/episode-98559097-replay.json,ranks_21_40_macro_intent_v1,N001,1764,0,0.0
2086,98559157,1,31,16635314,Aurora wy,55742603,2699.1,EpisodeType.EPISODE_TYPE_PUBLIC,Aurora wy,XW,147795.0,135131.0,WIN,exact,720,31380024,replays/ranks_21_40_macro_intent_v1/episode-98559157-replay.json,ranks_21_40_macro_intent_v1,N001,1764,0,0.0
2087,98561164,0,23,16684954,Suneeth reddy,55747103,2730.9,EpisodeType.EPISODE_TYPE_PUBLIC,Suneeth reddy,Kenny,96152.0,70861.0,WIN,exact,720,29805118,replays/ranks_21_40_macro_intent_v1/episode-98561164-replay.json,ranks_21_40_macro_intent_v1,N001,1764,0,0.0025901533663272858
2088,98561365,1,24,16685548,Erfan Eshratifar,55729097,2729.9,EpisodeType.EPISODE_TYPE_PUBLIC,Erfan Eshratifar,Kaileh57,62156.0,57554.0,WIN,exact,720,32174218,replays/ranks_21_40_macro_intent_v1/episode-98561365-replay.json,ranks_21_40_macro_intent_v1,N004,130,0,0.02645007148385048
2089,98561380,1,36,16699741,Tom3,55743933,2684.9,EpisodeType.EPISODE_TYPE_PUBLIC,Tom3,enddl22,52740.0,50803.0,WIN,exact,720,31353455,replays/ranks_21_40_macro_intent_v1/episode-98561380-replay.json,ranks_21_40_macro_intent_v1,N001,1764,0,0.0
2090,98561452,1,31,16635314,Aurora wy,55742603,2699.1,EpisodeType.EPISODE_TYPE_PUBLIC,Aurora wy,Luan Kunyu,44821.0,40610.0,WIN,exact,720,31679443,replays/ranks_21_40_macro_intent_v1/episode-98561452-replay.json,ranks_21_40_macro_intent_v1,N001,1764,0,0.0
2091,98563432,0,23,16684954,Suneeth reddy,55747103,2730.9,EpisodeType.EPISODE_TYPE_PUBLIC,Suneeth reddy,liuhc1017,68068.0,56310.0,WIN,exact,720,31685568,replays/ranks_21_40_macro_intent_v1/episode-98563432-replay.json,ranks_21_40_macro_intent_v1,N001,1764,0,0.0
2092,98563576,0,39,16712714,MiMi,55741684,2682.8,EpisodeType.EPISODE_TYPE_PUBLIC,MiMi,Danzzzl,115972.0,107237.0,WIN,exact,720,29909694,replays/ranks_21_40_macro_intent_v1/episode-98563576-replay.json,ranks_21_40_macro_intent_v1,N211,1,1,0.0
2093,98563663,1,36,16699741,Tom3,55743933,2684.9,EpisodeType.EPISODE_TYPE_PUBLIC,Tom3,A. R. SEKKAT,70628.0,56339.0,WIN,exact,720,31339111,replays/ranks_21_40_macro_intent_v1/episode-98563663-replay.json,ranks_21_40_macro_intent_v1,N002,260,0,0.0022776504047214985
2094,98563734,1,31,16635314,Aurora wy,55742603,2699.1,EpisodeType.EPISODE_TYPE_PUBLIC,Aurora wy,Victor @ Tufa Labs,63401.0,58922.0,WIN,exact,720,30719641,replays/ranks_21_40_macro_intent_v1/episode-98563734-replay.json,ranks_21_40_macro_intent_v1,N003,247,0,0.0
2095,98563822,1,39,16712714,MiMi,55741684,2682.8,EpisodeType.EPISODE_TYPE_PUBLIC,MiMi,Sarthak Sharma ,96857.0,94830.0,WIN,exact,720,31879019,replays/ranks_21_40_macro_intent_v1/episode-98563822-replay.json,ranks_21_40_macro_intent_v1,N353,1,1,0.0
2096,98565714,0,23,16684954,Suneeth reddy,55747103,2730.9,EpisodeType.EPISODE_TYPE_PUBLIC,Suneeth reddy,masb,153649.0,147116.0,WIN,exact,720,31750618,replays/ranks_21_40_macro_intent_v1/episode-98565714-replay.json,ranks_21_40_macro_intent_v1,N001,1764,0,0.0
2097,98565893,1,39,16712714,MiMi,55741684,2682.8,EpisodeType.EPISODE_TYPE_PUBLIC,MiMi,Danzzzl,101681.0,101008.0,WIN,exact,720,32115572,replays/ranks_21_40_macro_intent_v1/episode-98565893-replay.json,ranks_21_40_macro_intent_v1,N303,1,1,0.0
2098,98565950,1,36,16699741,Tom3,55743933,2684.9,EpisodeType.EPISODE_TYPE_PUBLIC,Tom3,Lucien de Rubempre,72722.0,66873.0,WIN,exact,720,30347571,replays/ranks_21_40_macro_intent_v1/episode-98565950-replay.json,ranks_21_40_macro_intent_v1,N001,1764,0,0.0
2099,98566017,1,31,16635314,Aurora wy,55742603,2699.1,EpisodeType.EPISODE_TYPE_PUBLIC,Aurora wy,shiiin9,68763.0,78006.0,LOSS,exact,720,31467541,replays/ranks_21_40_macro_intent_v1/episode-98566017-replay.json,ranks_21_40_macro_intent_v1,N001,1764,0,0.0
2100,98566023,1,31,16635314,Aurora wy,55742603,2699.1,EpisodeType.EPISODE_TYPE_PUBLIC,Aurora wy,aisamhottman,113889.0,101050.0,WIN,exact,720,31470030,replays/ranks_21_40_macro_intent_v1/episode-98566023-replay.json,ranks_21_40_macro_intent_v1,N001,1764,0,0.0
2101,98567993,0,23,16684954,Suneeth reddy,55747103,2730.9,EpisodeType.EPISODE_TYPE_PUBLIC,Suneeth reddy,WeAreFarmers,113275.0,101902.0,WIN,exact,720,31335417,replays/ranks_21_40_macro_intent_v1/episode-98567993-replay.json,ranks_21_40_macro_intent_v1,N001,1764,0,0.0
2102,98568216,1,36,16699741,Tom3,55743933,2684.9,EpisodeType.EPISODE_TYPE_PUBLIC,Tom3,ReCurSiON,79493.0,72215.0,WIN,exact,720,31502482,replays/ranks_21_40_macro_intent_v1/episode-98568216-replay.json,ranks_21_40_macro_intent_v1,N001,1764,0,0.0
2103,98568305,0,31,16635314,Aurora wy,55742603,2699.1,EpisodeType.EPISODE_TYPE_PUBLIC,Aurora wy,Victor @ Tufa Labs,107068.0,117643.0,LOSS,exact,720,31562294,replays/ranks_21_40_macro_intent_v1/episode-98568305-replay.json,ranks_21_40_macro_intent_v1,N001,1764,0,0.0
2104,98570284,0,23,16684954,Suneeth reddy,55747103,2730.9,EpisodeType.EPISODE_TYPE_PUBLIC,Suneeth reddy,James Y,95799.0,84296.0,WIN,exact,720,31466387,replays/ranks_21_40_macro_intent_v1/episode-98570284-replay.json,ranks_21_40_macro_intent_v1,N002,260,0,0.0
2105,98570378,1,24,16685548,Erfan Eshratifar,55729097,2729.9,EpisodeType.EPISODE_TYPE_PUBLIC,Erfan Eshratifar,Kaileh57,56371.0,47161.0,WIN,exact,720,32030810,replays/ranks_21_40_macro_intent_v1/episode-98570378-replay.json,ranks_21_40_macro_intent_v1,N004,130,0,0.0
2106,98570567,0,36,16699741,Tom3,55743933,2684.9,EpisodeType.EPISODE_TYPE_PUBLIC,Tom3,aisamhottman,56147.0,55860.0,WIN,exact,720,31522912,replays/ranks_21_40_macro_intent_v1/episode-98570567-replay.json,ranks_21_40_macro_intent_v1,N001,1764,0,0.0
2107,98572571,1,23,16684954,Suneeth reddy,55747103,2730.9,EpisodeType.EPISODE_TYPE_PUBLIC,Suneeth reddy,Ezzzzzekki,77411.0,75463.0,WIN,exact,720,30864581,replays/ranks_21_40_macro_intent_v1/episode-98572571-replay.json,ranks_21_40_macro_intent_v1,N001,1764,0,0.020570458844304085
2108,98572810,1,24,16685548,Erfan Eshratifar,55729097,2729.9,EpisodeType.EPISODE_TYPE_PUBLIC,Erfan Eshratifar,Kaileh57,65467.0,61253.0,WIN,exact,720,31839648,replays/ranks_21_40_macro_intent_v1/episode-98572810-replay.json,ranks_21_40_macro_intent_v1,N004,130,0,0.0
2109,98572821,0,36,16699741,Tom3,55743933,2684.9,EpisodeType.EPISODE_TYPE_PUBLIC,Tom3,Emre Cirak,91857.0,91856.0,WIN,exact,720,32411526,replays/ranks_21_40_macro_intent_v1/episode-98572821-replay.json,ranks_21_40_macro_intent_v1,N001,1764,0,0.0
2110,98572833,1,23,16684954,Suneeth reddy,55747103,2730.9,EpisodeType.EPISODE_TYPE_PUBLIC,Suneeth reddy,qr farm,105792.0,104539.0,WIN,exact,720,30839043,replays/ranks_21_40_macro_intent_v1/episode-98572833-replay.json,ranks_21_40_macro_intent_v1,N001,1764,0,0.020570458844304085
2111,98574855,0,23,16684954,Suneeth reddy,55747103,2730.9,EpisodeType.EPISODE_TYPE_PUBLIC,Suneeth reddy,DL,73673.0,61371.0,WIN,exact,720,31630749,replays/ranks_21_40_macro_intent_v1/episode-98574855-replay.json,ranks_21_40_macro_intent_v1,N001,1764,0,0.0
2112,98575101,1,24,16685548,Erfan Eshratifar,55729097,2729.9,EpisodeType.EPISODE_TYPE_PUBLIC,Erfan Eshratifar,Kaileh57,101826.0,100375.0,WIN,exact,720,31989584,replays/ranks_21_40_macro_intent_v1/episode-98575101-replay.json,ranks_21_40_macro_intent_v1,N004,130,0,0.0
2113,98575115,1,36,16699741,Tom3,55743933,2684.9,EpisodeType.EPISODE_TYPE_PUBLIC,Tom3,hengck23,130627.0,130618.0,WIN,exact,720,31454593,replays/ranks_21_40_macro_intent_v1/episode-98575115-replay.json,ranks_21_40_macro_intent_v1,N001,1764,0,0.0
2114,98577148,0,23,16684954,Suneeth reddy,55747103,2730.9,EpisodeType.EPISODE_TYPE_PUBLIC,Suneeth reddy,Aaweg,91582.0,75387.0,WIN,exact,720,31704778,replays/ranks_21_40_macro_intent_v1/episode-98577148-replay.json,ranks_21_40_macro_intent_v1,N001,1764,0,0.0
2115,98577387,0,35,16670276,Egor Trushin,55724054,2692.1,EpisodeType.EPISODE_TYPE_PUBLIC,Egor Trushin,Tom3,95953.0,95835.0,WIN,exact,720,30935753,replays/ranks_21_40_macro_intent_v1/episode-98577387-replay.json,ranks_21_40_macro_intent_v1,N003,247,0,0.0
2116,98577387,1,36,16699741,Tom3,55743933,2684.9,EpisodeType.EPISODE_TYPE_PUBLIC,Tom3,Egor Trushin,95835.0,95953.0,LOSS,exact,720,30935753,replays/ranks_21_40_macro_intent_v1/episode-98577387-replay.json,ranks_21_40_macro_intent_v1,N003,247,0,0.0
2117,98579438,0,23,16684954,Suneeth reddy,55747103,2730.9,EpisodeType.EPISODE_TYPE_PUBLIC,Suneeth reddy,ShiviWhivi,67077.0,54994.0,WIN,exact,720,31533970,replays/ranks_21_40_macro_intent_v1/episode-98579438-replay.json,ranks_21_40_macro_intent_v1,N003,247,0,0.0
2118,98579695,0,36,16699741,Tom3,55743933,2684.9,EpisodeType.EPISODE_TYPE_PUBLIC,Tom3,shinamonmon,65699.0,64369.0,WIN,exact,720,32472470,replays/ranks_21_40_macro_intent_v1/episode-98579695-replay.json,ranks_21_40_macro_intent_v1,N001,1764,0,0.0
2119,98579767,1,24,16685548,Erfan Eshratifar,55729097,2729.9,EpisodeType.EPISODE_TYPE_PUBLIC,Erfan Eshratifar,StackKnight,99637.0,91967.0,WIN,exact,720,32264918,replays/ranks_21_40_macro_intent_v1/episode-98579767-replay.json,ranks_21_40_macro_intent_v1,N004,130,0,0.07977796345949173
2120,98581740,1,23,16684954,Suneeth reddy,55747103,2730.9,EpisodeType.EPISODE_TYPE_PUBLIC,Suneeth reddy,ktyser,83000.0,98666.0,LOSS,exact,720,29668519,replays/ranks_21_40_macro_intent_v1/episode-98581740-replay.json,ranks_21_40_macro_intent_v1,N036,4,1,0.0
2121,98581968,0,36,16699741,Tom3,55743933,2684.9,EpisodeType.EPISODE_TYPE_PUBLIC,Tom3,Xiaowenhao404,60148.0,53625.0,WIN,exact,720,31649536,replays/ranks_21_40_macro_intent_v1/episode-98581968-replay.json,ranks_21_40_macro_intent_v1,N001,1764,0,0.0
2122,98582025,1,38,16633226,test_money,55726920,2683.9,EpisodeType.EPISODE_TYPE_PUBLIC,test_money,カワシギ,77610.0,79225.0,LOSS,exact,720,31670058,replays/ranks_21_40_macro_intent_v1/episode-98582025-replay.json,ranks_21_40_macro_intent_v1,N001,1764,0,0.0
2123,98584031,0,23,16684954,Suneeth reddy,55747103,2730.9,EpisodeType.EPISODE_TYPE_PUBLIC,Suneeth reddy,TTANE,75995.0,62529.0,WIN,exact,720,31688555,replays/ranks_21_40_macro_intent_v1/episode-98584031-replay.json,ranks_21_40_macro_intent_v1,N001,1764,0,0.0
2124,98584242,0,39,16712714,MiMi,55741684,2682.8,EpisodeType.EPISODE_TYPE_PUBLIC,MiMi,Kaileh57,103112.0,111529.0,LOSS,exact,720,32811402,replays/ranks_21_40_macro_intent_v1/episode-98584242-replay.json,ranks_21_40_macro_intent_v1,N285,1,1,0.0
2125,98584257,0,36,16699741,Tom3,55743933,2684.9,EpisodeType.EPISODE_TYPE_PUBLIC,Tom3,Victor @ Tufa Labs,96835.0,98194.0,LOSS,exact,720,30694824,replays/ranks_21_40_macro_intent_v1/episode-98584257-replay.json,ranks_21_40_macro_intent_v1,N003,247,0,0.0
2126,98584338,1,31,16635314,Aurora wy,55742603,2699.1,EpisodeType.EPISODE_TYPE_PUBLIC,Aurora wy,Arda Ceylan,47853.0,52896.0,LOSS,exact,720,30913223,replays/ranks_21_40_macro_intent_v1/episode-98584338-replay.json,ranks_21_40_macro_intent_v1,N001,1764,0,0.020570458844304085
2127,98586318,1,23,16684954,Suneeth reddy,55747103,2730.9,EpisodeType.EPISODE_TYPE_PUBLIC,Suneeth reddy,Seb (allegedly),67357.0,65707.0,WIN,exact,720,29820140,replays/ranks_21_40_macro_intent_v1/episode-98586318-replay.json,ranks_21_40_macro_intent_v1,N001,1764,0,0.0
2128,98586444,0,24,16685548,Erfan Eshratifar,55729097,2729.9,EpisodeType.EPISODE_TYPE_PUBLIC,Erfan Eshratifar,Kaileh57,44234.0,36143.0,WIN,exact,720,31831384,replays/ranks_21_40_macro_intent_v1/episode-98586444-replay.json,ranks_21_40_macro_intent_v1,N004,130,0,0.0
2129,98586518,0,36,16699741,Tom3,55743933,2684.9,EpisodeType.EPISODE_TYPE_PUBLIC,Tom3,Lucien de Rubempre,87621.0,76427.0,WIN,exact,720,30056268,replays/ranks_21_40_macro_intent_v1/episode-98586518-replay.json,ranks_21_40_macro_intent_v1,N003,247,0,0.01574603281915188
2130,98586538,0,24,16685548,Erfan Eshratifar,55729097,2729.9,EpisodeType.EPISODE_TYPE_PUBLIC,Erfan Eshratifar,Danzzzl,79404.0,79749.0,LOSS,exact,720,31801084,replays/ranks_21_40_macro_intent_v1/episode-98586538-replay.json,ranks_21_40_macro_intent_v1,N004,130,0,0.027450144290924072
2131,98586565,1,37,16742369,Ömer Faruk Yüce,55723563,2688.4,EpisodeType.EPISODE_TYPE_PUBLIC,Ömer Faruk Yüce,Lenin Goud,104731.0,106251.0,LOSS,exact,720,32670489,replays/ranks_21_40_macro_intent_v1/episode-98586565-replay.json,ranks_21_40_macro_intent_v1,N001,1764,0,0.0
2132,98588612,0,23,16684954,Suneeth reddy,55747103,2730.9,EpisodeType.EPISODE_TYPE_PUBLIC,Suneeth reddy,hetspookjee,68881.0,65438.0,WIN,exact,720,31543897,replays/ranks_21_40_macro_intent_v1/episode-98588612-replay.json,ranks_21_40_macro_intent_v1,N001,1764,0,0.005199999548494816
2133,98588820,1,36,16699741,Tom3,55743933,2684.9,EpisodeType.EPISODE_TYPE_PUBLIC,Tom3,nao.kwmr,82163.0,88577.0,LOSS,exact,720,31160703,replays/ranks_21_40_macro_intent_v1/episode-98588820-replay.json,ranks_21_40_macro_intent_v1,N001,1764,0,0.020570458844304085
2134,98590925,0,23,16684954,Suneeth reddy,55747103,2730.9,EpisodeType.EPISODE_TYPE_PUBLIC,Suneeth reddy,Efe Can Celiksoy,116515.0,107799.0,WIN,exact,720,31742986,replays/ranks_21_40_macro_intent_v1/episode-98590925-replay.json,ranks_21_40_macro_intent_v1,N001,1764,0,0.0
2135,98591131,1,36,16699741,Tom3,55743933,2684.9,EpisodeType.EPISODE_TYPE_PUBLIC,Tom3,Hongxin Su,99612.0,93642.0,WIN,exact,720,32054313,replays/ranks_21_40_macro_intent_v1/episode-98591131-replay.json,ranks_21_40_macro_intent_v1,N001,1764,0,0.0
2136,98591230,0,25,16624276,Zejun_,55749262,2728.5,EpisodeType.EPISODE_TYPE_VALIDATION,Zejun_,Zejun_,64149.0,64149.0,TIE,exact,720,31100335,replays/ranks_21_40_macro_intent_v1/episode-98591230-replay.json,ranks_21_40_macro_intent_v1,N001,1764,0,0.020570458844304085
2137,98591230,1,25,16624276,Zejun_,55749262,2728.5,EpisodeType.EPISODE_TYPE_VALIDATION,Zejun_,Zejun_,64149.0,64149.0,TIE,exact,720,31100335,replays/ranks_21_40_macro_intent_v1/episode-98591230-replay.json,ranks_21_40_macro_intent_v1,N001,1764,0,0.020570458844304085
2138,98593207,1,23,16684954,Suneeth reddy,55747103,2730.9,EpisodeType.EPISODE_TYPE_PUBLIC,Suneeth reddy,Will English,86812.0,84030.0,WIN,exact,720,31669387,replays/ranks_21_40_macro_intent_v1/episode-98593207-replay.json,ranks_21_40_macro_intent_v1,N001,1764,0,0.0
2139,98593425,1,36,16699741,Tom3,55743933,2684.9,EpisodeType.EPISODE_TYPE_PUBLIC,Tom3,tingyu516,49682.0,48534.0,WIN,exact,720,30724081,replays/ranks_21_40_macro_intent_v1/episode-98593425-replay.json,ranks_21_40_macro_intent_v1,N001,1764,0,0.020570458844304085
2140,98595465,0,25,16624276,Zejun_,55749262,2728.5,EpisodeType.EPISODE_TYPE_PUBLIC,Zejun_,williams,111580.0,36706.0,WIN,exact,720,29559183,replays/ranks_21_40_macro_intent_v1/episode-98595465-replay.json,ranks_21_40_macro_intent_v1,N001,1764,0,0.0
2141,98595497,0,23,16684954,Suneeth reddy,55747103,2730.9,EpisodeType.EPISODE_TYPE_PUBLIC,Suneeth reddy,Napier1550,61107.0,59996.0,WIN,exact,720,30855985,replays/ranks_21_40_macro_intent_v1/episode-98595497-replay.json,ranks_21_40_macro_intent_v1,N001,1764,0,0.020570458844304085
2142,98595634,1,23,16684954,Suneeth reddy,55747103,2730.9,EpisodeType.EPISODE_TYPE_PUBLIC,Suneeth reddy,Thomas Tschinkel,117714.0,114927.0,WIN,exact,720,30949208,replays/ranks_21_40_macro_intent_v1/episode-98595634-replay.json,ranks_21_40_macro_intent_v1,N001,1764,0,0.020570458844304085
2143,98595700,0,36,16699741,Tom3,55743933,2684.9,EpisodeType.EPISODE_TYPE_PUBLIC,Tom3,ReCurSiON,83286.0,90946.0,LOSS,exact,720,31372657,replays/ranks_21_40_macro_intent_v1/episode-98595700-replay.json,ranks_21_40_macro_intent_v1,N003,247,0,0.0
2144,98597731,1,25,16624276,Zejun_,55749262,2728.5,EpisodeType.EPISODE_TYPE_PUBLIC,Zejun_,ashsah,134271.0,66440.0,WIN,exact,720,28084896,replays/ranks_21_40_macro_intent_v1/episode-98597731-replay.json,ranks_21_40_macro_intent_v1,N002,260,0,0.0
2145,98597778,0,23,16684954,Suneeth reddy,55747103,2730.9,EpisodeType.EPISODE_TYPE_PUBLIC,Suneeth reddy,denden12,63498.0,56310.0,WIN,exact,720,31680805,replays/ranks_21_40_macro_intent_v1/episode-98597778-replay.json,ranks_21_40_macro_intent_v1,N001,1764,0,0.0
2146,98597979,1,36,16699741,Tom3,55743933,2684.9,EpisodeType.EPISODE_TYPE_PUBLIC,Tom3,Xiaowenhao404,106645.0,97821.0,WIN,exact,720,31591275,replays/ranks_21_40_macro_intent_v1/episode-98597979-replay.json,ranks_21_40_macro_intent_v1,N002,260,0,0.0
2147,98600000,1,25,16624276,Zejun_,55749262,2728.5,EpisodeType.EPISODE_TYPE_PUBLIC,Zejun_,victor souza,122458.0,68990.0,WIN,exact,720,29941038,replays/ranks_21_40_macro_intent_v1/episode-98600000-replay.json,ranks_21_40_macro_intent_v1,N001,1764,0,0.006399999838322401
2148,98600063,1,23,16684954,Suneeth reddy,55747103,2730.9,EpisodeType.EPISODE_TYPE_PUBLIC,Suneeth reddy,BorisV,76818.0,63581.0,WIN,exact,720,31696933,replays/ranks_21_40_macro_intent_v1/episode-98600063-replay.json,ranks_21_40_macro_intent_v1,N001,1764,0,0.0
2149,98600258,1,24,16685548,Erfan Eshratifar,55729097,2729.9,EpisodeType.EPISODE_TYPE_PUBLIC,Erfan Eshratifar,Kaileh57,98370.0,102354.0,LOSS,exact,720,31845065,replays/ranks_21_40_macro_intent_v1/episode-98600258-replay.json,ranks_21_40_macro_intent_v1,N004,130,0,0.0
2150,98600264,1,36,16699741,Tom3,55743933,2684.9,EpisodeType.EPISODE_TYPE_PUBLIC,Tom3,CroDoc,117513.0,117868.0,LOSS,exact,720,31612726,replays/ranks_21_40_macro_intent_v1/episode-98600264-replay.json,ranks_21_40_macro_intent_v1,N001,1764,0,0.0
2151,98602273,0,25,16624276,Zejun_,55749262,2728.5,EpisodeType.EPISODE_TYPE_PUBLIC,Zejun_,Alex Paul,77949.0,47524.0,WIN,exact,720,26877927,replays/ranks_21_40_macro_intent_v1/episode-98602273-replay.json,ranks_21_40_macro_intent_v1,N036,4,0,0.0
2152,98602357,1,23,16684954,Suneeth reddy,55747103,2730.9,EpisodeType.EPISODE_TYPE_PUBLIC,Suneeth reddy,Follow Me Gradient,139873.0,135905.0,WIN,exact,720,30952752,replays/ranks_21_40_macro_intent_v1/episode-98602357-replay.json,ranks_21_40_macro_intent_v1,N001,1764,0,0.020570458844304085
2153,98602557,1,36,16699741,Tom3,55743933,2684.9,EpisodeType.EPISODE_TYPE_PUBLIC,Tom3,UjjwalPardeshi,75476.0,74698.0,WIN,exact,720,31338628,replays/ranks_21_40_macro_intent_v1/episode-98602557-replay.json,ranks_21_40_macro_intent_v1,N001,1764,0,0.0
2154,98604546,1,25,16624276,Zejun_,55749262,2728.5,EpisodeType.EPISODE_TYPE_PUBLIC,Zejun_,fle3n,102881.0,87586.0,WIN,exact,720,31781323,replays/ranks_21_40_macro_intent_v1/episode-98604546-replay.json,ranks_21_40_macro_intent_v1,N001,1764,0,0.0025901533663272858
2155,98604639,0,23,16684954,Suneeth reddy,55747103,2730.9,EpisodeType.EPISODE_TYPE_PUBLIC,Suneeth reddy,kaggricultureomnidimensionalut,109548.0,100370.0,WIN,exact,720,28920226,replays/ranks_21_40_macro_intent_v1/episode-98604639-replay.json,ranks_21_40_macro_intent_v1,N003,247,0,0.026244107633829117
2156,98604779,1,31,16635314,Aurora wy,55742603,2699.1,EpisodeType.EPISODE_TYPE_PUBLIC,Aurora wy,Umut Keltek,82272.0,83128.0,LOSS,exact,720,32665495,replays/ranks_21_40_macro_intent_v1/episode-98604779-replay.json,ranks_21_40_macro_intent_v1,N001,1764,0,0.0
2157,98604899,0,36,16699741,Tom3,55743933,2684.9,EpisodeType.EPISODE_TYPE_PUBLIC,Tom3,Lucien de Rubempre,75685.0,77268.0,LOSS,exact,720,30017729,replays/ranks_21_40_macro_intent_v1/episode-98604899-replay.json,ranks_21_40_macro_intent_v1,N001,1764,0,0.0
2158,98604909,0,27,16630675,Lucien de Rubempre,55749795,2712.1,EpisodeType.EPISODE_TYPE_VALIDATION,Lucien de Rubempre,Lucien de Rubempre,64149.0,64149.0,TIE,exact,720,31090317,replays/ranks_21_40_macro_intent_v1/episode-98604909-replay.json,ranks_21_40_macro_intent_v1,N001,1764,0,0.020570458844304085
2159,98604909,1,27,16630675,Lucien de Rubempre,55749795,2712.1,EpisodeType.EPISODE_TYPE_VALIDATION,Lucien de Rubempre,Lucien de Rubempre,64149.0,64149.0,TIE,exact,720,31090317,replays/ranks_21_40_macro_intent_v1/episode-98604909-replay.json,ranks_21_40_macro_intent_v1,N001,1764,0,0.020570458844304085
2160,98606812,1,25,16624276,Zejun_,55749262,2728.5,EpisodeType.EPISODE_TYPE_PUBLIC,Zejun_,Saud Saudesen,107040.0,82788.0,WIN,exact,720,29726043,replays/ranks_21_40_macro_intent_v1/episode-98606812-replay.json,ranks_21_40_macro_intent_v1,N002,260,0,0.0
2161,98606910,0,23,16684954,Suneeth reddy,55747103,2730.9,EpisodeType.EPISODE_TYPE_PUBLIC,Suneeth reddy,Charles Backman on LinkedIn,104445.0,106916.0,LOSS,exact,720,30427773,replays/ranks_21_40_macro_intent_v1/episode-98606910-replay.json,ranks_21_40_macro_intent_v1,N003,247,0,0.006806349381804466
2162,98607005,1,35,16670276,Egor Trushin,55724054,2692.1,EpisodeType.EPISODE_TYPE_PUBLIC,Egor Trushin,GUAM,74116.0,75194.0,LOSS,exact,720,31012945,replays/ranks_21_40_macro_intent_v1/episode-98607005-replay.json,ranks_21_40_macro_intent_v1,N001,1764,0,0.0
2163,98607135,0,35,16670276,Egor Trushin,55724054,2692.1,EpisodeType.EPISODE_TYPE_PUBLIC,Egor Trushin,Kaileh57,70928.0,76383.0,LOSS,exact,720,31460297,replays/ranks_21_40_macro_intent_v1/episode-98607135-replay.json,ranks_21_40_macro_intent_v1,N001,1764,0,0.0
2164,98609088,1,25,16624276,Zejun_,55749262,2728.5,EpisodeType.EPISODE_TYPE_PUBLIC,Zejun_,Gavin Cao,135866.0,103743.0,WIN,exact,720,32136856,replays/ranks_21_40_macro_intent_v1/episode-98609088-replay.json,ranks_21_40_macro_intent_v1,N001,1764,0,0.0
2165,98609143,0,27,16630675,Lucien de Rubempre,55749795,2712.1,EpisodeType.EPISODE_TYPE_PUBLIC,Lucien de Rubempre,Jonathan Ashenaf1,110457.0,34550.0,WIN,exact,720,23843204,replays/ranks_21_40_macro_intent_v1/episode-98609143-replay.json,ranks_21_40_macro_intent_v1,N001,1764,0,0.0
2166,98609211,1,23,16684954,Suneeth reddy,55747103,2730.9,EpisodeType.EPISODE_TYPE_PUBLIC,Suneeth reddy,SOSyuki,81374.0,81374.0,TIE,exact,720,30937296,replays/ranks_21_40_macro_intent_v1/episode-98609211-replay.json,ranks_21_40_macro_intent_v1,N001,1764,0,0.020570458844304085
2167,98611353,0,25,16624276,Zejun_,55749262,2728.5,EpisodeType.EPISODE_TYPE_PUBLIC,Zejun_,zshandy,54836.0,43734.0,WIN,exact,720,29653712,replays/ranks_21_40_macro_intent_v1/episode-98611353-replay.json,ranks_21_40_macro_intent_v1,N001,1764,0,0.0
2168,98611404,1,27,16630675,Lucien de Rubempre,55749795,2712.1,EpisodeType.EPISODE_TYPE_PUBLIC,Lucien de Rubempre,David Sedláček,168504.0,87113.0,WIN,exact,720,29384821,replays/ranks_21_40_macro_intent_v1/episode-98611404-replay.json,ranks_21_40_macro_intent_v1,N001,1764,0,0.0
2169,98611482,0,23,16684954,Suneeth reddy,55747103,2730.9,EpisodeType.EPISODE_TYPE_PUBLIC,Suneeth reddy,MMM Abbie,62016.0,59193.0,WIN,exact,720,30437380,replays/ranks_21_40_macro_intent_v1/episode-98611482-replay.json,ranks_21_40_macro_intent_v1,N036,4,0,0.0
2170,98611576,1,39,16712714,MiMi,55741684,2682.8,EpisodeType.EPISODE_TYPE_PUBLIC,MiMi,GUAM,61664.0,63447.0,LOSS,exact,720,32620511,replays/ranks_21_40_macro_intent_v1/episode-98611576-replay.json,ranks_21_40_macro_intent_v1,N038,4,0,0.057405006140470505
2171,98613631,1,25,16624276,Zejun_,55749262,2728.5,EpisodeType.EPISODE_TYPE_PUBLIC,Zejun_,Alan Cai,126649.0,125696.0,WIN,exact,720,30836864,replays/ranks_21_40_macro_intent_v1/episode-98613631-replay.json,ranks_21_40_macro_intent_v1,N002,260,0,0.0
2172,98613682,0,27,16630675,Lucien de Rubempre,55749795,2712.1,EpisodeType.EPISODE_TYPE_PUBLIC,Lucien de Rubempre,Manish Kumar,123177.0,28518.0,WIN,exact,720,26710860,replays/ranks_21_40_macro_intent_v1/episode-98613682-replay.json,ranks_21_40_macro_intent_v1,N001,1764,0,0.0
2173,98613766,0,23,16684954,Suneeth reddy,55747103,2730.9,EpisodeType.EPISODE_TYPE_PUBLIC,Suneeth reddy,James Holland,111456.0,103519.0,WIN,exact,720,31102611,replays/ranks_21_40_macro_intent_v1/episode-98613766-replay.json,ranks_21_40_macro_intent_v1,N002,260,0,0.0
2174,98615904,1,25,16624276,Zejun_,55749262,2728.5,EpisodeType.EPISODE_TYPE_PUBLIC,Zejun_,Azelearn,51350.0,50711.0,WIN,exact,720,31191773,replays/ranks_21_40_macro_intent_v1/episode-98615904-replay.json,ranks_21_40_macro_intent_v1,N001,1764,0,0.0
2175,98615940,1,27,16630675,Lucien de Rubempre,55749795,2712.1,EpisodeType.EPISODE_TYPE_PUBLIC,Lucien de Rubempre,shoryakumar mishra,79679.0,66347.0,WIN,exact,720,30222075,replays/ranks_21_40_macro_intent_v1/episode-98615940-replay.json,ranks_21_40_macro_intent_v1,N001,1764,0,0.0
2176,98616030,1,23,16684954,Suneeth reddy,55747103,2730.9,EpisodeType.EPISODE_TYPE_PUBLIC,Suneeth reddy,ringbearer,119692.0,117600.0,WIN,exact,720,30303361,replays/ranks_21_40_macro_intent_v1/episode-98616030-replay.json,ranks_21_40_macro_intent_v1,N002,260,0,0.0
2177,98616142,0,25,16624276,Zejun_,55749262,2728.5,EpisodeType.EPISODE_TYPE_PUBLIC,Zejun_,Cristiano,60413.0,57910.0,WIN,exact,720,31600875,replays/ranks_21_40_macro_intent_v1/episode-98616142-replay.json,ranks_21_40_macro_intent_v1,N001,1764,0,0.0
2178,98618187,1,25,16624276,Zejun_,55749262,2728.5,EpisodeType.EPISODE_TYPE_PUBLIC,Zejun_,Sameera T,83609.0,73061.0,WIN,exact,720,31707060,replays/ranks_21_40_macro_intent_v1/episode-98618187-replay.json,ranks_21_40_macro_intent_v1,N001,1764,0,0.0
2179,98618216,1,27,16630675,Lucien de Rubempre,55749795,2712.1,EpisodeType.EPISODE_TYPE_PUBLIC,Lucien de Rubempre,Light,116390.0,90599.0,WIN,exact,720,30340380,replays/ranks_21_40_macro_intent_v1/episode-98618216-replay.json,ranks_21_40_macro_intent_v1,N001,1764,0,0.0
2180,98618338,1,23,16684954,Suneeth reddy,55747103,2730.9,EpisodeType.EPISODE_TYPE_PUBLIC,Suneeth reddy,Xiaowenhao404,59075.0,50218.0,WIN,exact,720,31598020,replays/ranks_21_40_macro_intent_v1/episode-98618338-replay.json,ranks_21_40_macro_intent_v1,N001,1764,0,0.0
2181,98618461,1,39,16712714,MiMi,55741684,2682.8,EpisodeType.EPISODE_TYPE_PUBLIC,MiMi,G!vIOne,75019.0,49260.0,WIN,exact,720,30792360,replays/ranks_21_40_macro_intent_v1/episode-98618461-replay.json,ranks_21_40_macro_intent_v1,N551,1,1,0.0
2182,98618502,0,37,16742369,Ömer Faruk Yüce,55723563,2688.4,EpisodeType.EPISODE_TYPE_PUBLIC,Ömer Faruk Yüce,Lenin Goud,104532.0,105275.0,LOSS,exact,720,31022285,replays/ranks_21_40_macro_intent_v1/episode-98618502-replay.json,ranks_21_40_macro_intent_v1,N001,1764,0,0.0
2183,98620470,0,25,16624276,Zejun_,55749262,2728.5,EpisodeType.EPISODE_TYPE_PUBLIC,Zejun_,lixiuqixiaoke,63019.0,54942.0,WIN,exact,720,31730633,replays/ranks_21_40_macro_intent_v1/episode-98620470-replay.json,ranks_21_40_macro_intent_v1,N001,1764,0,0.0
2184,98620495,0,27,16630675,Lucien de Rubempre,55749795,2712.1,EpisodeType.EPISODE_TYPE_PUBLIC,Lucien de Rubempre,今日洗澡明日香,34706.0,23894.0,WIN,exact,720,31794235,replays/ranks_21_40_macro_intent_v1/episode-98620495-replay.json,ranks_21_40_macro_intent_v1,N001,1764,0,0.0
2185,98620625,0,23,16684954,Suneeth reddy,55747103,2730.9,EpisodeType.EPISODE_TYPE_PUBLIC,Suneeth reddy,shiiin9,68096.0,62099.0,WIN,exact,720,31543496,replays/ranks_21_40_macro_intent_v1/episode-98620625-replay.json,ranks_21_40_macro_intent_v1,N003,247,0,0.0
2186,98620759,0,23,16684954,Suneeth reddy,55747103,2730.9,EpisodeType.EPISODE_TYPE_PUBLIC,Suneeth reddy,G!vIOne,58137.0,58606.0,LOSS,exact,720,31522392,replays/ranks_21_40_macro_intent_v1/episode-98620759-replay.json,ranks_21_40_macro_intent_v1,N001,1764,0,0.0
2187,98620852,0,36,16699741,Tom3,55743933,2684.9,EpisodeType.EPISODE_TYPE_PUBLIC,Tom3,tetsuya,53019.0,80019.0,LOSS,exact,720,31127779,replays/ranks_21_40_macro_intent_v1/episode-98620852-replay.json,ranks_21_40_macro_intent_v1,N001,1764,0,0.0
2188,98622740,0,25,16624276,Zejun_,55749262,2728.5,EpisodeType.EPISODE_TYPE_PUBLIC,Zejun_,Himanshu Kumar,82078.0,60382.0,WIN,exact,720,31698009,replays/ranks_21_40_macro_intent_v1/episode-98622740-replay.json,ranks_21_40_macro_intent_v1,N001,1764,0,0.0
2189,98622761,0,27,16630675,Lucien de Rubempre,55749795,2712.1,EpisodeType.EPISODE_TYPE_PUBLIC,Lucien de Rubempre,Debatreya Biswas,97846.0,73615.0,WIN,exact,720,31064165,replays/ranks_21_40_macro_intent_v1/episode-98622761-replay.json,ranks_21_40_macro_intent_v1,N002,260,0,0.0
2190,98622906,1,23,16684954,Suneeth reddy,55747103,2730.9,EpisodeType.EPISODE_TYPE_PUBLIC,Suneeth reddy,Hongxin Su,75371.0,72401.0,WIN,exact,720,30929145,replays/ranks_21_40_macro_intent_v1/episode-98622906-replay.json,ranks_21_40_macro_intent_v1,N003,247,0,0.0
2191,98623091,0,37,16742369,Ömer Faruk Yüce,55723563,2688.4,EpisodeType.EPISODE_TYPE_PUBLIC,Ömer Faruk Yüce,Bharath Varma,105949.0,108511.0,LOSS,exact,720,30942667,replays/ranks_21_40_macro_intent_v1/episode-98623091-replay.json,ranks_21_40_macro_intent_v1,N001,1764,0,0.0
2192,98625022,1,25,16624276,Zejun_,55749262,2728.5,EpisodeType.EPISODE_TYPE_PUBLIC,Zejun_,Dr Chandrasen Pandey,122267.0,121481.0,WIN,exact,720,31412873,replays/ranks_21_40_macro_intent_v1/episode-98625022-replay.json,ranks_21_40_macro_intent_v1,N002,260,0,0.0
2193,98625039,0,27,16630675,Lucien de Rubempre,55749795,2712.1,EpisodeType.EPISODE_TYPE_PUBLIC,Lucien de Rubempre,mocatti,132067.0,107697.0,WIN,exact,720,31708644,replays/ranks_21_40_macro_intent_v1/episode-98625039-replay.json,ranks_21_40_macro_intent_v1,N001,1764,0,0.0
2194,98625191,0,23,16684954,Suneeth reddy,55747103,2730.9,EpisodeType.EPISODE_TYPE_PUBLIC,Suneeth reddy,Victor @ Tufa Labs,59745.0,53733.0,WIN,exact,720,31548177,replays/ranks_21_40_macro_intent_v1/episode-98625191-replay.json,ranks_21_40_macro_intent_v1,N001,1764,0,0.0
2195,98625278,1,38,16633226,test_money,55726920,2683.9,EpisodeType.EPISODE_TYPE_PUBLIC,test_money,GUAM,106250.0,107223.0,LOSS,exact,720,32669322,replays/ranks_21_40_macro_intent_v1/episode-98625278-replay.json,ranks_21_40_macro_intent_v1,N001,1764,0,0.0
2196,98627295,0,25,16624276,Zejun_,55749262,2728.5,EpisodeType.EPISODE_TYPE_PUBLIC,Zejun_,Iadh Jarray,113472.0,100856.0,WIN,exact,720,31700618,replays/ranks_21_40_macro_intent_v1/episode-98627295-replay.json,ranks_21_40_macro_intent_v1,N001,1764,0,0.0
2197,98627311,1,27,16630675,Lucien de Rubempre,55749795,2712.1,EpisodeType.EPISODE_TYPE_PUBLIC,Lucien de Rubempre,mraz1006,129562.0,123603.0,WIN,exact,720,32088335,replays/ranks_21_40_macro_intent_v1/episode-98627311-replay.json,ranks_21_40_macro_intent_v1,N001,1764,0,0.0
2198,98627471,0,23,16684954,Suneeth reddy,55747103,2730.9,EpisodeType.EPISODE_TYPE_PUBLIC,Suneeth reddy,Xiaowenhao404,72727.0,66349.0,WIN,exact,720,31696965,replays/ranks_21_40_macro_intent_v1/episode-98627471-replay.json,ranks_21_40_macro_intent_v1,N001,1764,0,0.0
2199,98629576,0,25,16624276,Zejun_,55749262,2728.5,EpisodeType.EPISODE_TYPE_PUBLIC,Zejun_,我的豆包是ai,120958.0,113987.0,WIN,exact,720,30839606,replays/ranks_21_40_macro_intent_v1/episode-98629576-replay.json,ranks_21_40_macro_intent_v1,N003,247,0,0.0
2200,98629586,1,27,16630675,Lucien de Rubempre,55749795,2712.1,EpisodeType.EPISODE_TYPE_PUBLIC,Lucien de Rubempre,meatori-nu,85917.0,82107.0,WIN,exact,720,31727710,replays/ranks_21_40_macro_intent_v1/episode-98629586-replay.json,ranks_21_40_macro_intent_v1,N001,1764,0,0.0
2201,98629754,0,23,16684954,Suneeth reddy,55747103,2730.9,EpisodeType.EPISODE_TYPE_PUBLIC,Suneeth reddy,nao.kwmr,105923.0,105867.0,WIN,exact,720,31531639,replays/ranks_21_40_macro_intent_v1/episode-98629754-replay.json,ranks_21_40_macro_intent_v1,N001,1764,0,0.0
2202,98629843,0,25,16624276,Zejun_,55749262,2728.5,EpisodeType.EPISODE_TYPE_PUBLIC,Zejun_,TIM,57558.0,52167.0,WIN,exact,720,30539752,replays/ranks_21_40_macro_intent_v1/episode-98629843-replay.json,ranks_21_40_macro_intent_v1,N001,1764,0,0.020570458844304085
2203,98631864,1,27,16630675,Lucien de Rubempre,55749795,2712.1,EpisodeType.EPISODE_TYPE_PUBLIC,Lucien de Rubempre,souju00,107586.0,78501.0,WIN,exact,720,30545134,replays/ranks_21_40_macro_intent_v1/episode-98631864-replay.json,ranks_21_40_macro_intent_v1,N002,260,0,0.0
2204,98631875,0,25,16624276,Zejun_,55749262,2728.5,EpisodeType.EPISODE_TYPE_PUBLIC,Zejun_,Timass,65649.0,63198.0,WIN,exact,720,30772087,replays/ranks_21_40_macro_intent_v1/episode-98631875-replay.json,ranks_21_40_macro_intent_v1,N001,1764,0,0.020570458844304085
2205,98632036,1,23,16684954,Suneeth reddy,55747103,2730.9,EpisodeType.EPISODE_TYPE_PUBLIC,Suneeth reddy,Pardheev Krishna,102470.0,92069.0,WIN,exact,720,31696302,replays/ranks_21_40_macro_intent_v1/episode-98632036-replay.json,ranks_21_40_macro_intent_v1,N001,1764,0,0.0
2206,98632228,0,31,16635314,Aurora wy,55742603,2699.1,EpisodeType.EPISODE_TYPE_PUBLIC,Aurora wy,Umut Keltek,107571.0,107822.0,LOSS,exact,720,31405071,replays/ranks_21_40_macro_intent_v1/episode-98632228-replay.json,ranks_21_40_macro_intent_v1,N001,1764,0,0.0
2207,98634153,1,27,16630675,Lucien de Rubempre,55749795,2712.1,EpisodeType.EPISODE_TYPE_PUBLIC,Lucien de Rubempre,Cultuurstelsel,63033.0,53704.0,WIN,exact,720,31695174,replays/ranks_21_40_macro_intent_v1/episode-98634153-replay.json,ranks_21_40_macro_intent_v1,N001,1764,0,0.0
2208,98634178,1,25,16624276,Zejun_,55749262,2728.5,EpisodeType.EPISODE_TYPE_PUBLIC,Zejun_,Roshan Roy,59955.0,49183.0,WIN,exact,720,31554732,replays/ranks_21_40_macro_intent_v1/episode-98634178-replay.json,ranks_21_40_macro_intent_v1,N001,1764,0,0.0
2209,98634333,0,23,16684954,Suneeth reddy,55747103,2730.9,EpisodeType.EPISODE_TYPE_PUBLIC,Suneeth reddy,Aurora wy,73956.0,73033.0,WIN,exact,720,32671603,replays/ranks_21_40_macro_intent_v1/episode-98634333-replay.json,ranks_21_40_macro_intent_v1,N001,1764,0,0.0
2210,98634333,1,31,16635314,Aurora wy,55742603,2699.1,EpisodeType.EPISODE_TYPE_PUBLIC,Aurora wy,Suneeth reddy,73033.0,73956.0,LOSS,exact,720,32671603,replays/ranks_21_40_macro_intent_v1/episode-98634333-replay.json,ranks_21_40_macro_intent_v1,N001,1764,0,0.0
2211,98634429,0,39,16712714,MiMi,55741684,2682.8,EpisodeType.EPISODE_TYPE_PUBLIC,MiMi,GUAM,130593.0,141750.0,LOSS,exact,720,31908999,replays/ranks_21_40_macro_intent_v1/episode-98634429-replay.json,ranks_21_40_macro_intent_v1,N152,1,1,0.0
2212,98636425,1,27,16630675,Lucien de Rubempre,55749795,2712.1,EpisodeType.EPISODE_TYPE_PUBLIC,Lucien de Rubempre,asi1024,104440.0,88909.0,WIN,exact,720,31203765,replays/ranks_21_40_macro_intent_v1/episode-98636425-replay.json,ranks_21_40_macro_intent_v1,N003,247,0,0.0
2213,98636471,0,25,16624276,Zejun_,55749262,2728.5,EpisodeType.EPISODE_TYPE_PUBLIC,Zejun_,Lenin Goud,70588.0,57477.0,WIN,exact,720,31498712,replays/ranks_21_40_macro_intent_v1/episode-98636471-replay.json,ranks_21_40_macro_intent_v1,N003,247,0,0.0
2214,98636615,1,23,16684954,Suneeth reddy,55747103,2730.9,EpisodeType.EPISODE_TYPE_PUBLIC,Suneeth reddy,Sarthak Sharma ,119765.0,110018.0,WIN,exact,720,31611903,replays/ranks_21_40_macro_intent_v1/episode-98636615-replay.json,ranks_21_40_macro_intent_v1,N001,1764,0,0.0
2215,98636825,0,26,16732714,Mforg,55751131,2719.8,EpisodeType.EPISODE_TYPE_VALIDATION,Mforg,Mforg,62379.0,62379.0,TIE,exact,720,31091559,replays/ranks_21_40_macro_intent_v1/episode-98636825-replay.json,ranks_21_40_macro_intent_v1,N001,1764,0,0.020570458844304085
2216,98636825,1,26,16732714,Mforg,55751131,2719.8,EpisodeType.EPISODE_TYPE_VALIDATION,Mforg,Mforg,62379.0,62379.0,TIE,exact,720,31091559,replays/ranks_21_40_macro_intent_v1/episode-98636825-replay.json,ranks_21_40_macro_intent_v1,N001,1764,0,0.020570458844304085
2217,98638709,1,27,16630675,Lucien de Rubempre,55749795,2712.1,EpisodeType.EPISODE_TYPE_PUBLIC,Lucien de Rubempre,Snipine,93610.0,83428.0,WIN,exact,720,31460273,replays/ranks_21_40_macro_intent_v1/episode-98638709-replay.json,ranks_21_40_macro_intent_v1,N002,260,0,0.0
2218,98638754,0,25,16624276,Zejun_,55749262,2728.5,EpisodeType.EPISODE_TYPE_PUBLIC,Zejun_,Forrest,83514.0,83514.0,TIE,exact,720,31092268,replays/ranks_21_40_macro_intent_v1/episode-98638754-replay.json,ranks_21_40_macro_intent_v1,N001,1764,0,0.020570458844304085
2219,98638914,0,23,16684954,Suneeth reddy,55747103,2730.9,EpisodeType.EPISODE_TYPE_PUBLIC,Suneeth reddy,u,100968.0,98963.0,WIN,exact,720,30863508,replays/ranks_21_40_macro_intent_v1/episode-98638914-replay.json,ranks_21_40_macro_intent_v1,N001,1764,0,0.020570458844304085
2220,98639062,1,31,16635314,Aurora wy,55742603,2699.1,EpisodeType.EPISODE_TYPE_PUBLIC,Aurora wy,G!vIOne,82943.0,84322.0,LOSS,exact,720,32587009,replays/ranks_21_40_macro_intent_v1/episode-98639062-replay.json,ranks_21_40_macro_intent_v1,N001,1764,0,0.0
2221,98639075,1,36,16699741,Tom3,55743933,2684.9,EpisodeType.EPISODE_TYPE_PUBLIC,Tom3,Kaileh57,74530.0,78372.0,LOSS,exact,720,30924320,replays/ranks_21_40_macro_intent_v1/episode-98639075-replay.json,ranks_21_40_macro_intent_v1,N001,1764,0,0.0
2222,98640992,0,27,16630675,Lucien de Rubempre,55749795,2712.1,EpisodeType.EPISODE_TYPE_PUBLIC,Lucien de Rubempre,Himanshu Kumar,109995.0,96828.0,WIN,exact,720,31694175,replays/ranks_21_40_macro_intent_v1/episode-98640992-replay.json,ranks_21_40_macro_intent_v1,N001,1764,0,0.0
2223,98641048,1,26,16732714,Mforg,55751131,2719.8,EpisodeType.EPISODE_TYPE_PUBLIC,Mforg,Nezihe Sözen,125942.0,22538.0,WIN,exact,720,20143829,replays/ranks_21_40_macro_intent_v1/episode-98641048-replay.json,ranks_21_40_macro_intent_v1,N003,247,0,0.0
2224,98641049,0,25,16624276,Zejun_,55749262,2728.5,EpisodeType.EPISODE_TYPE_PUBLIC,Zejun_,Yunho Hwang,58638.0,54088.0,WIN,exact,720,31481620,replays/ranks_21_40_macro_intent_v1/episode-98641049-replay.json,ranks_21_40_macro_intent_v1,N001,1764,0,0.0
2225,98641200,0,23,16684954,Suneeth reddy,55747103,2730.9,EpisodeType.EPISODE_TYPE_PUBLIC,Suneeth reddy,Kaan Dınız,138847.0,133736.0,WIN,exact,720,31555487,replays/ranks_21_40_macro_intent_v1/episode-98641200-replay.json,ranks_21_40_macro_intent_v1,N001,1764,0,0.0
2226,98641328,0,31,16635314,Aurora wy,55742603,2699.1,EpisodeType.EPISODE_TYPE_PUBLIC,Aurora wy,GUAM,106113.0,117767.0,LOSS,exact,720,30583412,replays/ranks_21_40_macro_intent_v1/episode-98641328-replay.json,ranks_21_40_macro_intent_v1,N003,247,0,0.028602004051208496
2227,98641360,1,31,16635314,Aurora wy,55742603,2699.1,EpisodeType.EPISODE_TYPE_PUBLIC,Aurora wy,Lenin Goud,101343.0,97519.0,WIN,exact,720,31327608,replays/ranks_21_40_macro_intent_v1/episode-98641360-replay.json,ranks_21_40_macro_intent_v1,N001,1764,0,0.0
2228,98643273,0,27,16630675,Lucien de Rubempre,55749795,2712.1,EpisodeType.EPISODE_TYPE_PUBLIC,Lucien de Rubempre,WangQrkkk,117407.0,111302.0,WIN,exact,720,31885580,replays/ranks_21_40_macro_intent_v1/episode-98643273-replay.json,ranks_21_40_macro_intent_v1,N001,1764,0,0.0
2229,98643314,1,26,16732714,Mforg,55751131,2719.8,EpisodeType.EPISODE_TYPE_PUBLIC,Mforg,bachi idriss,107438.0,64018.0,WIN,exact,720,29587463,replays/ranks_21_40_macro_intent_v1/episode-98643314-replay.json,ranks_21_40_macro_intent_v1,N001,1764,0,0.0
2230,98643352,1,25,16624276,Zejun_,55749262,2728.5,EpisodeType.EPISODE_TYPE_PUBLIC,Zejun_,Stephen Schott,97591.0,90828.0,WIN,exact,720,30266505,replays/ranks_21_40_macro_intent_v1/episode-98643352-replay.json,ranks_21_40_macro_intent_v1,N001,1764,0,0.0
2231,98643483,0,23,16684954,Suneeth reddy,55747103,2730.9,EpisodeType.EPISODE_TYPE_PUBLIC,Suneeth reddy,Arda Ceylan,72501.0,77395.0,LOSS,exact,720,31290612,replays/ranks_21_40_macro_intent_v1/episode-98643483-replay.json,ranks_21_40_macro_intent_v1,N001,1764,0,0.020570458844304085
2232,98647431,0,27,16630675,Lucien de Rubempre,55749795,2712.1,EpisodeType.EPISODE_TYPE_PUBLIC,Lucien de Rubempre,SaiKushal185,111316.0,100860.0,WIN,exact,720,31698584,replays/ranks_21_40_macro_intent_v1/episode-98647431-replay.json,ranks_21_40_macro_intent_v1,N001,1764,0,0.0
2233,98647466,1,26,16732714,Mforg,55751131,2719.8,EpisodeType.EPISODE_TYPE_PUBLIC,Mforg,Lars Kammeijer,121798.0,62607.0,WIN,exact,720,28698790,replays/ranks_21_40_macro_intent_v1/episode-98647466-replay.json,ranks_21_40_macro_intent_v1,N001,1764,0,0.0
2234,98647508,1,25,16624276,Zejun_,55749262,2728.5,EpisodeType.EPISODE_TYPE_PUBLIC,Zejun_,Kevin E R MILLE,65628.0,64412.0,WIN,exact,720,31018758,replays/ranks_21_40_macro_intent_v1/episode-98647508-replay.json,ranks_21_40_macro_intent_v1,N001,1764,0,0.020570458844304085
2235,98647649,0,23,16684954,Suneeth reddy,55747103,2730.9,EpisodeType.EPISODE_TYPE_PUBLIC,Suneeth reddy,Erfan Eshratifar,127003.0,131889.0,LOSS,exact,720,32103810,replays/ranks_21_40_macro_intent_v1/episode-98647649-replay.json,ranks_21_40_macro_intent_v1,N001,1764,0,0.0
2236,98647649,1,24,16685548,Erfan Eshratifar,55729097,2729.9,EpisodeType.EPISODE_TYPE_PUBLIC,Erfan Eshratifar,Suneeth reddy,131889.0,127003.0,WIN,exact,720,32103810,replays/ranks_21_40_macro_intent_v1/episode-98647649-replay.json,ranks_21_40_macro_intent_v1,N004,130,0,0.057100776582956314
2237,98649714,0,27,16630675,Lucien de Rubempre,55749795,2712.1,EpisodeType.EPISODE_TYPE_PUBLIC,Lucien de Rubempre,IsThereAnyCode,57121.0,57121.0,TIE,exact,720,30911894,replays/ranks_21_40_macro_intent_v1/episode-98649714-replay.json,ranks_21_40_macro_intent_v1,N001,1764,0,0.020570458844304085
2238,98649741,1,26,16732714,Mforg,55751131,2719.8,EpisodeType.EPISODE_TYPE_PUBLIC,Mforg,Vishnu R Mohan,147073.0,94385.0,WIN,exact,720,32303217,replays/ranks_21_40_macro_intent_v1/episode-98649741-replay.json,ranks_21_40_macro_intent_v1,N002,260,0,0.0
2239,98649792,0,25,16624276,Zejun_,55749262,2728.5,EpisodeType.EPISODE_TYPE_PUBLIC,Zejun_,OxFFFs,131252.0,131252.0,TIE,exact,720,30315104,replays/ranks_21_40_macro_intent_v1/episode-98649792-replay.json,ranks_21_40_macro_intent_v1,N002,260,0,0.0
2240,98649811,1,36,16699741,Tom3,55743933,2684.9,EpisodeType.EPISODE_TYPE_PUBLIC,Tom3,Akhil Chinta,67902.0,71408.0,LOSS,exact,720,30946176,replays/ranks_21_40_macro_intent_v1/episode-98649811-replay.json,ranks_21_40_macro_intent_v1,N003,247,0,0.0
2241,98649936,1,23,16684954,Suneeth reddy,55747103,2730.9,EpisodeType.EPISODE_TYPE_PUBLIC,Suneeth reddy,SaiKushal185,70963.0,76933.0,LOSS,exact,720,31735279,replays/ranks_21_40_macro_intent_v1/episode-98649936-replay.json,ranks_21_40_macro_intent_v1,N003,247,0,0.0
2242,98649941,0,27,16630675,Lucien de Rubempre,55749795,2712.1,EpisodeType.EPISODE_TYPE_PUBLIC,Lucien de Rubempre,RicardoLópez,93743.0,92217.0,WIN,exact,720,30874786,replays/ranks_21_40_macro_intent_v1/episode-98649941-replay.json,ranks_21_40_macro_intent_v1,N001,1764,0,0.02120119333267212
2243,98652004,0,27,16630675,Lucien de Rubempre,55749795,2712.1,EpisodeType.EPISODE_TYPE_PUBLIC,Lucien de Rubempre,Dr Chandrasen Pandey,55621.0,55472.0,WIN,exact,720,31013848,replays/ranks_21_40_macro_intent_v1/episode-98652004-replay.json,ranks_21_40_macro_intent_v1,N001,1764,0,0.020570458844304085
2244,98652009,0,26,16732714,Mforg,55751131,2719.8,EpisodeType.EPISODE_TYPE_PUBLIC,Mforg,jorge fabian avila,138940.0,123094.0,WIN,exact,720,30305816,replays/ranks_21_40_macro_intent_v1/episode-98652009-replay.json,ranks_21_40_macro_intent_v1,N001,1764,0,0.0
2245,98652067,0,25,16624276,Zejun_,55749262,2728.5,EpisodeType.EPISODE_TYPE_PUBLIC,Zejun_,VanKoha,77488.0,62422.0,WIN,exact,720,31555690,replays/ranks_21_40_macro_intent_v1/episode-98652067-replay.json,ranks_21_40_macro_intent_v1,N001,1764,0,0.0
2246,98652219,0,23,16684954,Suneeth reddy,55747103,2730.9,EpisodeType.EPISODE_TYPE_PUBLIC,Suneeth reddy,Lucien de Rubempre,87063.0,69037.0,WIN,exact,720,30787127,replays/ranks_21_40_macro_intent_v1/episode-98652219-replay.json,ranks_21_40_macro_intent_v1,N003,247,0,0.0
2247,98652309,1,26,16732714,Mforg,55751131,2719.8,EpisodeType.EPISODE_TYPE_PUBLIC,Mforg,zyvren,43708.0,21631.0,WIN,exact,720,30447350,replays/ranks_21_40_macro_intent_v1/episode-98652309-replay.json,ranks_21_40_macro_intent_v1,N001,1764,0,0.0
2248,98654276,1,26,16732714,Mforg,55751131,2719.8,EpisodeType.EPISODE_TYPE_PUBLIC,Mforg,Kenny,99764.0,74663.0,WIN,exact,720,31299245,replays/ranks_21_40_macro_intent_v1/episode-98654276-replay.json,ranks_21_40_macro_intent_v1,N002,260,0,0.0
2249,98654284,1,27,16630675,Lucien de Rubempre,55749795,2712.1,EpisodeType.EPISODE_TYPE_PUBLIC,Lucien de Rubempre,Inzilbêth,101831.0,98545.0,WIN,exact,720,31623678,replays/ranks_21_40_macro_intent_v1/episode-98654284-replay.json,ranks_21_40_macro_intent_v1,N001,1764,0,0.0
2250,98654337,1,25,16624276,Zejun_,55749262,2728.5,EpisodeType.EPISODE_TYPE_PUBLIC,Zejun_,OxFFFs,66781.0,66781.0,TIE,exact,720,30926599,replays/ranks_21_40_macro_intent_v1/episode-98654337-replay.json,ranks_21_40_macro_intent_v1,N001,1764,0,0.020570458844304085
2251,98654498,1,23,16684954,Suneeth reddy,55747103,2730.9,EpisodeType.EPISODE_TYPE_PUBLIC,Suneeth reddy,tingyu516,85622.0,83142.0,WIN,exact,720,30866470,replays/ranks_21_40_macro_intent_v1/episode-98654498-replay.json,ranks_21_40_macro_intent_v1,N001,1764,0,0.020570458844304085
2252,98656558,1,26,16732714,Mforg,55751131,2719.8,EpisodeType.EPISODE_TYPE_PUBLIC,Mforg,Tariku Mehdi,97622.0,54168.0,WIN,exact,720,27354975,replays/ranks_21_40_macro_intent_v1/episode-98656558-replay.json,ranks_21_40_macro_intent_v1,N001,1764,0,0.0006307330331765115
2253,98656583,1,27,16630675,Lucien de Rubempre,55749795,2712.1,EpisodeType.EPISODE_TYPE_PUBLIC,Lucien de Rubempre,The T-MAN,46191.0,38521.0,WIN,exact,720,31682350,replays/ranks_21_40_macro_intent_v1/episode-98656583-replay.json,ranks_21_40_macro_intent_v1,N001,1764,0,0.0
2254,98656625,1,25,16624276,Zejun_,55749262,2728.5,EpisodeType.EPISODE_TYPE_PUBLIC,Zejun_,Xiaowenhao404,90853.0,95032.0,LOSS,exact,720,31143223,replays/ranks_21_40_macro_intent_v1/episode-98656625-replay.json,ranks_21_40_macro_intent_v1,N001,1764,0,0.0
2255,98656651,1,37,16742369,Ömer Faruk Yüce,55723563,2688.4,EpisodeType.EPISODE_TYPE_PUBLIC,Ömer Faruk Yüce,Akhil Chinta,130550.0,131725.0,LOSS,exact,720,32678072,replays/ranks_21_40_macro_intent_v1/episode-98656651-replay.json,ranks_21_40_macro_intent_v1,N001,1764,0,0.0
2256,98656779,0,23,16684954,Suneeth reddy,55747103,2730.9,EpisodeType.EPISODE_TYPE_PUBLIC,Suneeth reddy,CroDoc,101719.0,100054.0,WIN,exact,720,30940005,replays/ranks_21_40_macro_intent_v1/episode-98656779-replay.json,ranks_21_40_macro_intent_v1,N003,247,0,0.0
2257,98658832,0,26,16732714,Mforg,55751131,2719.8,EpisodeType.EPISODE_TYPE_PUBLIC,Mforg,taijunhao,103197.0,83003.0,WIN,exact,720,30993591,replays/ranks_21_40_macro_intent_v1/episode-98658832-replay.json,ranks_21_40_macro_intent_v1,N002,260,0,0.0
2258,98658859,0,27,16630675,Lucien de Rubempre,55749795,2712.1,EpisodeType.EPISODE_TYPE_PUBLIC,Lucien de Rubempre,Wang H2O,68277.0,51830.0,WIN,exact,720,31494444,replays/ranks_21_40_macro_intent_v1/episode-98658859-replay.json,ranks_21_40_macro_intent_v1,N001,1764,0,0.005199999548494816
2259,98658905,1,25,16624276,Zejun_,55749262,2728.5,EpisodeType.EPISODE_TYPE_PUBLIC,Zejun_,lelelove1225,101822.0,88407.0,WIN,exact,720,31459196,replays/ranks_21_40_macro_intent_v1/episode-98658905-replay.json,ranks_21_40_macro_intent_v1,N002,260,0,0.0
2260,98659051,0,23,16684954,Suneeth reddy,55747103,2730.9,EpisodeType.EPISODE_TYPE_PUBLIC,Suneeth reddy,MiMi,62157.0,61310.0,WIN,exact,720,32564618,replays/ranks_21_40_macro_intent_v1/episode-98659051-replay.json,ranks_21_40_macro_intent_v1,N001,1764,0,0.0
2261,98659051,1,39,16712714,MiMi,55741684,2682.8,EpisodeType.EPISODE_TYPE_PUBLIC,MiMi,Suneeth reddy,61310.0,62157.0,LOSS,exact,720,32564618,replays/ranks_21_40_macro_intent_v1/episode-98659051-replay.json,ranks_21_40_macro_intent_v1,N109,2,1,0.0
2262,98661105,0,26,16732714,Mforg,55751131,2719.8,EpisodeType.EPISODE_TYPE_PUBLIC,Mforg,ra1nac1d,83690.0,63878.0,WIN,exact,720,31562726,replays/ranks_21_40_macro_intent_v1/episode-98661105-replay.json,ranks_21_40_macro_intent_v1,N001,1764,0,0.0
2263,98661149,1,27,16630675,Lucien de Rubempre,55749795,2712.1,EpisodeType.EPISODE_TYPE_PUBLIC,Lucien de Rubempre,Kaito Fukami,61060.0,61060.0,TIE,exact,720,31619304,replays/ranks_21_40_macro_intent_v1/episode-98661149-replay.json,ranks_21_40_macro_intent_v1,N001,1764,0,0.0
2264,98661180,1,25,16624276,Zejun_,55749262,2728.5,EpisodeType.EPISODE_TYPE_PUBLIC,Zejun_,Xiaowenhao404,39403.0,40720.0,LOSS,exact,720,31687951,replays/ranks_21_40_macro_intent_v1/episode-98661180-replay.json,ranks_21_40_macro_intent_v1,N001,1764,0,0.0
2265,98661197,0,27,16630675,Lucien de Rubempre,55749795,2712.1,EpisodeType.EPISODE_TYPE_PUBLIC,Lucien de Rubempre,mandgeee,74865.0,89947.0,LOSS,exact,720,31645332,replays/ranks_21_40_macro_intent_v1/episode-98661197-replay.json,ranks_21_40_macro_intent_v1,N001,1764,0,0.0
2266,98661340,1,23,16684954,Suneeth reddy,55747103,2730.9,EpisodeType.EPISODE_TYPE_PUBLIC,Suneeth reddy,tingyu516,81236.0,81180.0,WIN,exact,720,30936947,replays/ranks_21_40_macro_intent_v1/episode-98661340-replay.json,ranks_21_40_macro_intent_v1,N003,247,0,0.0
2267,98661414,0,23,16684954,Suneeth reddy,55747103,2730.9,EpisodeType.EPISODE_TYPE_PUBLIC,Suneeth reddy,OceanMix,56644.0,55325.0,WIN,exact,720,31236409,replays/ranks_21_40_macro_intent_v1/episode-98661414-replay.json,ranks_21_40_macro_intent_v1,N001,1764,0,0.020570458844304085
2268,98663379,0,26,16732714,Mforg,55751131,2719.8,EpisodeType.EPISODE_TYPE_PUBLIC,Mforg,Kerem Ercin,59073.0,53673.0,WIN,exact,720,31290471,replays/ranks_21_40_macro_intent_v1/episode-98663379-replay.json,ranks_21_40_macro_intent_v1,N001,1764,0,0.0
2269,98663431,0,27,16630675,Lucien de Rubempre,55749795,2712.1,EpisodeType.EPISODE_TYPE_PUBLIC,Lucien de Rubempre,THeLAB,84820.0,72237.0,WIN,exact,720,30591136,replays/ranks_21_40_macro_intent_v1/episode-98663431-replay.json,ranks_21_40_macro_intent_v1,N002,260,0,0.01494420412927866
2270,98663455,0,25,16624276,Zejun_,55749262,2728.5,EpisodeType.EPISODE_TYPE_PUBLIC,Zejun_,Rayk Kretzschmar,87661.0,85527.0,WIN,exact,720,31638028,replays/ranks_21_40_macro_intent_v1/episode-98663455-replay.json,ranks_21_40_macro_intent_v1,N001,1764,0,0.0
2271,98663486,1,23,16684954,Suneeth reddy,55747103,2730.9,EpisodeType.EPISODE_TYPE_PUBLIC,Suneeth reddy,Akhil Chinta,73673.0,73919.0,LOSS,exact,720,31465181,replays/ranks_21_40_macro_intent_v1/episode-98663486-replay.json,ranks_21_40_macro_intent_v1,N001,1764,0,0.0
2272,98663615,1,23,16684954,Suneeth reddy,55747103,2730.9,EpisodeType.EPISODE_TYPE_PUBLIC,Suneeth reddy,Emre Cirak,138552.0,137643.0,WIN,exact,720,32677325,replays/ranks_21_40_macro_intent_v1/episode-98663615-replay.json,ranks_21_40_macro_intent_v1,N001,1764,0,0.0
2273,98665658,1,26,16732714,Mforg,55751131,2719.8,EpisodeType.EPISODE_TYPE_PUBLIC,Mforg,quzhihang,72948.0,65739.0,WIN,exact,720,31711564,replays/ranks_21_40_macro_intent_v1/episode-98665658-replay.json,ranks_21_40_macro_intent_v1,N001,1764,0,0.0
2274,98665718,0,27,16630675,Lucien de Rubempre,55749795,2712.1,EpisodeType.EPISODE_TYPE_PUBLIC,Lucien de Rubempre,saikyo,106760.0,108677.0,LOSS,exact,720,31709066,replays/ranks_21_40_macro_intent_v1/episode-98665718-replay.json,ranks_21_40_macro_intent_v1,N001,1764,0,0.0
2275,98665735,1,25,16624276,Zejun_,55749262,2728.5,EpisodeType.EPISODE_TYPE_PUBLIC,Zejun_,老乡,61146.0,61225.0,LOSS,exact,720,31651955,replays/ranks_21_40_macro_intent_v1/episode-98665735-replay.json,ranks_21_40_macro_intent_v1,N001,1764,0,0.0
2276,98665897,0,23,16684954,Suneeth reddy,55747103,2730.9,EpisodeType.EPISODE_TYPE_PUBLIC,Suneeth reddy,Kaileh57,82317.0,89696.0,LOSS,exact,720,31385302,replays/ranks_21_40_macro_intent_v1/episode-98665897-replay.json,ranks_21_40_macro_intent_v1,N001,1764,0,0.020570458844304085
2277,98667929,0,26,16732714,Mforg,55751131,2719.8,EpisodeType.EPISODE_TYPE_PUBLIC,Mforg,wataru420,71341.0,64036.0,WIN,exact,720,31735294,replays/ranks_21_40_macro_intent_v1/episode-98667929-replay.json,ranks_21_40_macro_intent_v1,N001,1764,0,0.0
2278,98667993,0,27,16630675,Lucien de Rubempre,55749795,2712.1,EpisodeType.EPISODE_TYPE_PUBLIC,Lucien de Rubempre,CleoCantCompete,159432.0,149724.0,WIN,exact,720,31707749,replays/ranks_21_40_macro_intent_v1/episode-98667993-replay.json,ranks_21_40_macro_intent_v1,N001,1764,0,0.0
2279,98668021,1,25,16624276,Zejun_,55749262,2728.5,EpisodeType.EPISODE_TYPE_PUBLIC,Zejun_,Jasper Turnidge,69542.0,55074.0,WIN,exact,720,31271220,replays/ranks_21_40_macro_intent_v1/episode-98668021-replay.json,ranks_21_40_macro_intent_v1,N002,260,0,0.0
2280,98668050,1,38,16633226,test_money,55726920,2683.9,EpisodeType.EPISODE_TYPE_PUBLIC,test_money,Akhil Chinta,69770.0,73896.0,LOSS,exact,720,30884400,replays/ranks_21_40_macro_intent_v1/episode-98668050-replay.json,ranks_21_40_macro_intent_v1,N001,1764,0,0.020570458844304085
2281,98668191,1,23,16684954,Suneeth reddy,55747103,2730.9,EpisodeType.EPISODE_TYPE_PUBLIC,Suneeth reddy,aisamhottman,102212.0,100882.0,WIN,exact,720,31022787,replays/ranks_21_40_macro_intent_v1/episode-98668191-replay.json,ranks_21_40_macro_intent_v1,N001,1764,0,0.020570458844304085
2282,98670207,0,26,16732714,Mforg,55751131,2719.8,EpisodeType.EPISODE_TYPE_PUBLIC,Mforg,MD. Nazmus Sakib Anik,91742.0,81424.0,WIN,exact,720,31600623,replays/ranks_21_40_macro_intent_v1/episode-98670207-replay.json,ranks_21_40_macro_intent_v1,N001,1764,0,0.0
2283,98670277,0,27,16630675,Lucien de Rubempre,55749795,2712.1,EpisodeType.EPISODE_TYPE_PUBLIC,Lucien de Rubempre,zxysbsq,99210.0,93427.0,WIN,exact,720,31691119,replays/ranks_21_40_macro_intent_v1/episode-98670277-replay.json,ranks_21_40_macro_intent_v1,N001,1764,0,0.0
2284,98670300,0,25,16624276,Zejun_,55749262,2728.5,EpisodeType.EPISODE_TYPE_PUBLIC,Zejun_,Xiaowenhao404,135571.0,133512.0,WIN,exact,720,31598852,replays/ranks_21_40_macro_intent_v1/episode-98670300-replay.json,ranks_21_40_macro_intent_v1,N002,260,0,0.0
2285,98670462,0,23,16684954,Suneeth reddy,55747103,2730.9,EpisodeType.EPISODE_TYPE_PUBLIC,Suneeth reddy,Akhil Chinta,101641.0,101736.0,LOSS,exact,720,30931804,replays/ranks_21_40_macro_intent_v1/episode-98670462-replay.json,ranks_21_40_macro_intent_v1,N003,247,0,0.0
2286,98670564,0,36,16699741,Tom3,55743933,2684.9,EpisodeType.EPISODE_TYPE_PUBLIC,Tom3,カワシギ,101552.0,90282.0,WIN,exact,720,31546079,replays/ranks_21_40_macro_intent_v1/episode-98670564-replay.json,ranks_21_40_macro_intent_v1,N003,247,0,0.0
2287,98670584,1,35,16670276,Egor Trushin,55724054,2692.1,EpisodeType.EPISODE_TYPE_PUBLIC,Egor Trushin,tetsuya,66109.0,108157.0,LOSS,exact,720,31599569,replays/ranks_21_40_macro_intent_v1/episode-98670584-replay.json,ranks_21_40_macro_intent_v1,N001,1764,0,0.0
2288,98672498,0,26,16732714,Mforg,55751131,2719.8,EpisodeType.EPISODE_TYPE_PUBLIC,Mforg,Datta Dhebe,107171.0,97077.0,WIN,exact,720,31578201,replays/ranks_21_40_macro_intent_v1/episode-98672498-replay.json,ranks_21_40_macro_intent_v1,N001,1764,0,0.0
2289,98672584,0,27,16630675,Lucien de Rubempre,55749795,2712.1,EpisodeType.EPISODE_TYPE_PUBLIC,Lucien de Rubempre,Nat00,120055.0,120819.0,LOSS,exact,720,31413447,replays/ranks_21_40_macro_intent_v1/episode-98672584-replay.json,ranks_21_40_macro_intent_v1,N001,1764,0,0.0006307330331765115
2290,98672607,1,25,16624276,Zejun_,55749262,2728.5,EpisodeType.EPISODE_TYPE_PUBLIC,Zejun_,SaiKushal185,138068.0,117395.0,WIN,exact,720,31708316,replays/ranks_21_40_macro_intent_v1/episode-98672607-replay.json,ranks_21_40_macro_intent_v1,N001,1764,0,0.0
2291,98672771,0,23,16684954,Suneeth reddy,55747103,2730.9,EpisodeType.EPISODE_TYPE_PUBLIC,Suneeth reddy,tetsuya,108968.0,94359.0,WIN,exact,720,31310780,replays/ranks_21_40_macro_intent_v1/episode-98672771-replay.json,ranks_21_40_macro_intent_v1,N001,1764,0,0.0
2292,98674774,0,26,16732714,Mforg,55751131,2719.8,EpisodeType.EPISODE_TYPE_PUBLIC,Mforg,Masashi Nishimoto,60390.0,48168.0,WIN,exact,720,31688814,replays/ranks_21_40_macro_intent_v1/episode-98674774-replay.json,ranks_21_40_macro_intent_v1,N001,1764,0,0.0
2293,98674861,1,27,16630675,Lucien de Rubempre,55749795,2712.1,EpisodeType.EPISODE_TYPE_PUBLIC,Lucien de Rubempre,durgesh dere,76840.0,68165.0,WIN,exact,720,31687068,replays/ranks_21_40_macro_intent_v1/episode-98674861-replay.json,ranks_21_40_macro_intent_v1,N001,1764,0,0.0
2294,98674884,1,25,16624276,Zejun_,55749262,2728.5,EpisodeType.EPISODE_TYPE_PUBLIC,Zejun_,satoooh,53118.0,48690.0,WIN,exact,720,30947958,replays/ranks_21_40_macro_intent_v1/episode-98674884-replay.json,ranks_21_40_macro_intent_v1,N001,1764,0,0.020570458844304085
2295,98675046,1,27,16630675,Lucien de Rubempre,55749795,2712.1,EpisodeType.EPISODE_TYPE_PUBLIC,Lucien de Rubempre,Sirui Zeng,44611.0,44611.0,TIE,exact,720,31431751,replays/ranks_21_40_macro_intent_v1/episode-98675046-replay.json,ranks_21_40_macro_intent_v1,N001,1764,0,0.0
2296,98675048,1,23,16684954,Suneeth reddy,55747103,2730.9,EpisodeType.EPISODE_TYPE_PUBLIC,Suneeth reddy,ReCurSiON,95009.0,97583.0,LOSS,exact,720,31986834,replays/ranks_21_40_macro_intent_v1/episode-98675048-replay.json,ranks_21_40_macro_intent_v1,N001,1764,0,0.0
2297,98677048,0,26,16732714,Mforg,55751131,2719.8,EpisodeType.EPISODE_TYPE_PUBLIC,Mforg,sword3522,154108.0,143675.0,WIN,exact,720,31633859,replays/ranks_21_40_macro_intent_v1/episode-98677048-replay.json,ranks_21_40_macro_intent_v1,N001,1764,0,0.0
2298,98677136,1,27,16630675,Lucien de Rubempre,55749795,2712.1,EpisodeType.EPISODE_TYPE_PUBLIC,Lucien de Rubempre,ArX,54939.0,46521.0,WIN,exact,720,31632057,replays/ranks_21_40_macro_intent_v1/episode-98677136-replay.json,ranks_21_40_macro_intent_v1,N001,1764,0,0.0
2299,98677143,1,25,16624276,Zejun_,55749262,2728.5,EpisodeType.EPISODE_TYPE_PUBLIC,Zejun_,srijan k.r keshri,73882.0,78520.0,LOSS,exact,720,32190927,replays/ranks_21_40_macro_intent_v1/episode-98677143-replay.json,ranks_21_40_macro_intent_v1,N001,1764,0,0.0
2300,98677298,0,23,16684954,Suneeth reddy,55747103,2730.9,EpisodeType.EPISODE_TYPE_PUBLIC,Suneeth reddy,ReCurSiON,89458.0,79929.0,WIN,exact,720,31387445,replays/ranks_21_40_macro_intent_v1/episode-98677298-replay.json,ranks_21_40_macro_intent_v1,N003,247,0,0.0
2301,98679324,0,26,16732714,Mforg,55751131,2719.8,EpisodeType.EPISODE_TYPE_PUBLIC,Mforg,Jiro314,77106.0,71092.0,WIN,exact,720,31370604,replays/ranks_21_40_macro_intent_v1/episode-98679324-replay.json,ranks_21_40_macro_intent_v1,N001,1764,0,0.0
2302,98679413,0,27,16630675,Lucien de Rubempre,55749795,2712.1,EpisodeType.EPISODE_TYPE_PUBLIC,Lucien de Rubempre,Syed Asad Ali,86863.0,85200.0,WIN,exact,720,31023108,replays/ranks_21_40_macro_intent_v1/episode-98679413-replay.json,ranks_21_40_macro_intent_v1,N001,1764,0,0.020570458844304085
2303,98679435,1,25,16624276,Zejun_,55749262,2728.5,EpisodeType.EPISODE_TYPE_PUBLIC,Zejun_,Aurora wy,79377.0,83792.0,LOSS,exact,720,31175309,replays/ranks_21_40_macro_intent_v1/episode-98679435-replay.json,ranks_21_40_macro_intent_v1,N001,1764,0,0.020570458844304085
2304,98679435,0,31,16635314,Aurora wy,55742603,2699.1,EpisodeType.EPISODE_TYPE_PUBLIC,Aurora wy,Zejun_,83792.0,79377.0,WIN,exact,720,31175309,replays/ranks_21_40_macro_intent_v1/episode-98679435-replay.json,ranks_21_40_macro_intent_v1,N001,1764,0,0.0025901533663272858
2305,98679629,0,23,16684954,Suneeth reddy,55747103,2730.9,EpisodeType.EPISODE_TYPE_PUBLIC,Suneeth reddy,Kaileh57,104612.0,108537.0,LOSS,exact,720,30935882,replays/ranks_21_40_macro_intent_v1/episode-98679629-replay.json,ranks_21_40_macro_intent_v1,N001,1764,0,0.0
2306,98681617,0,26,16732714,Mforg,55751131,2719.8,EpisodeType.EPISODE_TYPE_PUBLIC,Mforg,Hikari_30,90366.0,82722.0,WIN,exact,720,31470423,replays/ranks_21_40_macro_intent_v1/episode-98681617-replay.json,ranks_21_40_macro_intent_v1,N001,1764,0,0.0
2307,98681682,0,27,16630675,Lucien de Rubempre,55749795,2712.1,EpisodeType.EPISODE_TYPE_PUBLIC,Lucien de Rubempre,Stephen Schott,95058.0,93385.0,WIN,exact,720,30972645,replays/ranks_21_40_macro_intent_v1/episode-98681682-replay.json,ranks_21_40_macro_intent_v1,N001,1764,0,0.0
2308,98681713,0,25,16624276,Zejun_,55749262,2728.5,EpisodeType.EPISODE_TYPE_PUBLIC,Zejun_,カワシギ,113053.0,105494.0,WIN,exact,720,31870023,replays/ranks_21_40_macro_intent_v1/episode-98681713-replay.json,ranks_21_40_macro_intent_v1,N001,1764,0,0.0
2309,98683900,1,26,16732714,Mforg,55751131,2719.8,EpisodeType.EPISODE_TYPE_PUBLIC,Mforg,tetsuya,89364.0,91549.0,LOSS,exact,720,31120580,replays/ranks_21_40_macro_intent_v1/episode-98683900-replay.json,ranks_21_40_macro_intent_v1,N001,1764,0,0.0
2310,98683963,1,27,16630675,Lucien de Rubempre,55749795,2712.1,EpisodeType.EPISODE_TYPE_PUBLIC,Lucien de Rubempre,ShoaibSSM,69712.0,49970.0,WIN,exact,720,31469128,replays/ranks_21_40_macro_intent_v1/episode-98683963-replay.json,ranks_21_40_macro_intent_v1,N002,260,0,0.0
2311,98683993,1,25,16624276,Zejun_,55749262,2728.5,EpisodeType.EPISODE_TYPE_PUBLIC,Zejun_,SOSyuki,48419.0,48419.0,TIE,exact,720,31438720,replays/ranks_21_40_macro_intent_v1/episode-98683993-replay.json,ranks_21_40_macro_intent_v1,N001,1764,0,0.0
2312,98686191,0,26,16732714,Mforg,55751131,2719.8,EpisodeType.EPISODE_TYPE_PUBLIC,Mforg,Luan Kunyu,81948.0,91031.0,LOSS,exact,720,31560062,replays/ranks_21_40_macro_intent_v1/episode-98686191-replay.json,ranks_21_40_macro_intent_v1,N001,1764,0,0.0
2313,98686242,1,27,16630675,Lucien de Rubempre,55749795,2712.1,EpisodeType.EPISODE_TYPE_PUBLIC,Lucien de Rubempre,James Holland,79830.0,79323.0,WIN,exact,720,31416008,replays/ranks_21_40_macro_intent_v1/episode-98686242-replay.json,ranks_21_40_macro_intent_v1,N003,247,0,0.0
2314,98686277,1,24,16685548,Erfan Eshratifar,55729097,2729.9,EpisodeType.EPISODE_TYPE_PUBLIC,Erfan Eshratifar,Zejun_,96305.0,100791.0,LOSS,exact,720,31844843,replays/ranks_21_40_macro_intent_v1/episode-98686277-replay.json,ranks_21_40_macro_intent_v1,N004,130,0,0.0
2315,98686277,0,25,16624276,Zejun_,55749262,2728.5,EpisodeType.EPISODE_TYPE_PUBLIC,Zejun_,Erfan Eshratifar,100791.0,96305.0,WIN,exact,720,31844843,replays/ranks_21_40_macro_intent_v1/episode-98686277-replay.json,ranks_21_40_macro_intent_v1,N001,1764,0,0.0
2316,98686305,0,38,16633226,test_money,55726920,2683.9,EpisodeType.EPISODE_TYPE_PUBLIC,test_money,Akhil Chinta,91242.0,92877.0,LOSS,exact,720,30865759,replays/ranks_21_40_macro_intent_v1/episode-98686305-replay.json,ranks_21_40_macro_intent_v1,N001,1764,0,0.0
2317,98686486,1,23,16684954,Suneeth reddy,55747103,2730.9,EpisodeType.EPISODE_TYPE_PUBLIC,Suneeth reddy,tetsuya,73776.0,59111.0,WIN,exact,720,31259183,replays/ranks_21_40_macro_intent_v1/episode-98686486-replay.json,ranks_21_40_macro_intent_v1,N001,1764,0,0.0
2318,98686507,0,36,16699741,Tom3,55743933,2684.9,EpisodeType.EPISODE_TYPE_PUBLIC,Tom3,John Park,46781.0,45900.0,WIN,exact,720,30651538,replays/ranks_21_40_macro_intent_v1/episode-98686507-replay.json,ranks_21_40_macro_intent_v1,N001,1764,0,0.020570458844304085
2319,98686518,1,38,16633226,test_money,55726920,2683.9,EpisodeType.EPISODE_TYPE_PUBLIC,test_money,Lenin Goud,68081.0,69535.0,LOSS,exact,720,32582232,replays/ranks_21_40_macro_intent_v1/episode-98686518-replay.json,ranks_21_40_macro_intent_v1,N001,1764,0,0.0
2320,98688473,1,26,16732714,Mforg,55751131,2719.8,EpisodeType.EPISODE_TYPE_PUBLIC,Mforg,Meta learners,57221.0,54961.0,WIN,exact,720,30930386,replays/ranks_21_40_macro_intent_v1/episode-98688473-replay.json,ranks_21_40_macro_intent_v1,N001,1764,0,0.020570458844304085
2321,98688526,1,27,16630675,Lucien de Rubempre,55749795,2712.1,EpisodeType.EPISODE_TYPE_PUBLIC,Lucien de Rubempre,hengck23,84164.0,82600.0,WIN,exact,720,32589458,replays/ranks_21_40_macro_intent_v1/episode-98688526-replay.json,ranks_21_40_macro_intent_v1,N001,1764,0,0.0
2322,98688550,0,25,16624276,Zejun_,55749262,2728.5,EpisodeType.EPISODE_TYPE_PUBLIC,Zejun_,ReCurSiON,69962.0,77113.0,LOSS,exact,720,31985837,replays/ranks_21_40_macro_intent_v1/episode-98688550-replay.json,ranks_21_40_macro_intent_v1,N001,1764,0,0.0
2323,98690762,1,26,16732714,Mforg,55751131,2719.8,EpisodeType.EPISODE_TYPE_PUBLIC,Mforg,zxysbsq,104513.0,88058.0,WIN,exact,720,30522055,replays/ranks_21_40_macro_intent_v1/episode-98690762-replay.json,ranks_21_40_macro_intent_v1,N002,260,0,0.0
2324,98690806,1,27,16630675,Lucien de Rubempre,55749795,2712.1,EpisodeType.EPISODE_TYPE_PUBLIC,Lucien de Rubempre,shivam saini,101424.0,101424.0,TIE,exact,720,30311594,replays/ranks_21_40_macro_intent_v1/episode-98690806-replay.json,ranks_21_40_macro_intent_v1,N002,260,0,0.0
2325,98690835,1,25,16624276,Zejun_,55749262,2728.5,EpisodeType.EPISODE_TYPE_PUBLIC,Zejun_,aisamhottman,131180.0,128689.0,WIN,exact,720,30275294,replays/ranks_21_40_macro_intent_v1/episode-98690835-replay.json,ranks_21_40_macro_intent_v1,N002,260,0,0.0
2326,98690922,1,24,16685548,Erfan Eshratifar,55729097,2729.9,EpisodeType.EPISODE_TYPE_PUBLIC,Erfan Eshratifar,Jiachen Li,88914.0,89472.0,LOSS,exact,720,31838567,replays/ranks_21_40_macro_intent_v1/episode-98690922-replay.json,ranks_21_40_macro_intent_v1,N004,130,0,0.0
2327,98690975,1,24,16685548,Erfan Eshratifar,55729097,2729.9,EpisodeType.EPISODE_TYPE_PUBLIC,Erfan Eshratifar,TerraLogic Labs,53621.0,51772.0,WIN,exact,720,31792564,replays/ranks_21_40_macro_intent_v1/episode-98690975-replay.json,ranks_21_40_macro_intent_v1,N004,130,0,0.00048507231986150146
2328,98693045,1,26,16732714,Mforg,55751131,2719.8,EpisodeType.EPISODE_TYPE_PUBLIC,Mforg,Jay,126471.0,123904.0,WIN,exact,720,31081539,replays/ranks_21_40_macro_intent_v1/episode-98693045-replay.json,ranks_21_40_macro_intent_v1,N002,260,0,0.0
2329,98693087,1,27,16630675,Lucien de Rubempre,55749795,2712.1,EpisodeType.EPISODE_TYPE_PUBLIC,Lucien de Rubempre,Pardheev Krishna,128803.0,137682.0,LOSS,exact,720,30952160,replays/ranks_21_40_macro_intent_v1/episode-98693087-replay.json,ranks_21_40_macro_intent_v1,N001,1764,0,0.018933333456516266
2330,98693112,1,25,16624276,Zejun_,55749262,2728.5,EpisodeType.EPISODE_TYPE_PUBLIC,Zejun_,Jiachen Li,66453.0,66453.0,TIE,exact,720,30928579,replays/ranks_21_40_macro_intent_v1/episode-98693112-replay.json,ranks_21_40_macro_intent_v1,N001,1764,0,0.020570458844304085
2331,98695337,0,26,16732714,Mforg,55751131,2719.8,EpisodeType.EPISODE_TYPE_PUBLIC,Mforg,Kaito Fukami,64869.0,64417.0,WIN,exact,720,30915491,replays/ranks_21_40_macro_intent_v1/episode-98695337-replay.json,ranks_21_40_macro_intent_v1,N001,1764,0,0.020570458844304085
2332,98695369,1,27,16630675,Lucien de Rubempre,55749795,2712.1,EpisodeType.EPISODE_TYPE_PUBLIC,Lucien de Rubempre,Pascal,85172.0,83156.0,WIN,exact,720,30271261,replays/ranks_21_40_macro_intent_v1/episode-98695369-replay.json,ranks_21_40_macro_intent_v1,N002,260,0,0.0
2333,98695396,0,25,16624276,Zejun_,55749262,2728.5,EpisodeType.EPISODE_TYPE_PUBLIC,Zejun_,tingyu516,74770.0,79425.0,LOSS,exact,720,30450615,replays/ranks_21_40_macro_intent_v1/episode-98695396-replay.json,ranks_21_40_macro_intent_v1,N001,1764,0,0.020570458844304085
2334,98695636,1,23,16684954,Suneeth reddy,55747103,2730.9,EpisodeType.EPISODE_TYPE_PUBLIC,Suneeth reddy,MiMi,141174.0,132335.0,WIN,exact,720,31182064,replays/ranks_21_40_macro_intent_v1/episode-98695636-replay.json,ranks_21_40_macro_intent_v1,N002,260,0,0.0
2335,98695636,0,39,16712714,MiMi,55741684,2682.8,EpisodeType.EPISODE_TYPE_PUBLIC,MiMi,Suneeth reddy,132335.0,141174.0,LOSS,exact,720,31182064,replays/ranks_21_40_macro_intent_v1/episode-98695636-replay.json,ranks_21_40_macro_intent_v1,N147,1,1,0.0
2336,98697624,1,26,16732714,Mforg,55751131,2719.8,EpisodeType.EPISODE_TYPE_PUBLIC,Mforg,1o,75845.0,61681.0,WIN,exact,720,31662306,replays/ranks_21_40_macro_intent_v1/episode-98697624-replay.json,ranks_21_40_macro_intent_v1,N001,1764,0,0.0
2337,98697656,0,27,16630675,Lucien de Rubempre,55749795,2712.1,EpisodeType.EPISODE_TYPE_PUBLIC,Lucien de Rubempre,saikyo,111458.0,106019.0,WIN,exact,720,31446013,replays/ranks_21_40_macro_intent_v1/episode-98697656-replay.json,ranks_21_40_macro_intent_v1,N002,260,0,0.0
2338,98697677,1,25,16624276,Zejun_,55749262,2728.5,EpisodeType.EPISODE_TYPE_PUBLIC,Zejun_,Charles Backman on LinkedIn,62450.0,55424.0,WIN,exact,720,31736741,replays/ranks_21_40_macro_intent_v1/episode-98697677-replay.json,ranks_21_40_macro_intent_v1,N001,1764,0,0.0
2339,98697772,1,38,16633226,test_money,55726920,2683.9,EpisodeType.EPISODE_TYPE_PUBLIC,test_money,Jiachen Li,103726.0,107956.0,LOSS,exact,720,30824392,replays/ranks_21_40_macro_intent_v1/episode-98697772-replay.json,ranks_21_40_macro_intent_v1,N001,1764,0,0.0
2340,98697896,1,27,16630675,Lucien de Rubempre,55749795,2712.1,EpisodeType.EPISODE_TYPE_PUBLIC,Lucien de Rubempre,Michael Timbs,73741.0,78500.0,LOSS,exact,720,31700422,replays/ranks_21_40_macro_intent_v1/episode-98697896-replay.json,ranks_21_40_macro_intent_v1,N001,1764,0,0.0
2341,98699906,0,26,16732714,Mforg,55751131,2719.8,EpisodeType.EPISODE_TYPE_PUBLIC,Mforg,TommyCyd,100127.0,93443.0,WIN,exact,720,32189701,replays/ranks_21_40_macro_intent_v1/episode-98699906-replay.json,ranks_21_40_macro_intent_v1,N001,1764,0,0.0
2342,98699948,0,27,16630675,Lucien de Rubempre,55749795,2712.1,EpisodeType.EPISODE_TYPE_PUBLIC,Lucien de Rubempre,srijan k.r keshri,110456.0,105490.0,WIN,exact,720,32296550,replays/ranks_21_40_macro_intent_v1/episode-98699948-replay.json,ranks_21_40_macro_intent_v1,N001,1764,0,0.0
2343,98699964,0,25,16624276,Zejun_,55749262,2728.5,EpisodeType.EPISODE_TYPE_PUBLIC,Zejun_,theredbluepill,49097.0,56297.0,LOSS,exact,720,32044107,replays/ranks_21_40_macro_intent_v1/episode-98699964-replay.json,ranks_21_40_macro_intent_v1,N001,1764,0,0.0
2344,98700205,0,36,16699741,Tom3,55743933,2684.9,EpisodeType.EPISODE_TYPE_PUBLIC,Tom3,MMM Abbie,115290.0,115295.0,LOSS,exact,720,30942388,replays/ranks_21_40_macro_intent_v1/episode-98700205-replay.json,ranks_21_40_macro_intent_v1,N001,1764,0,0.020570458844304085
2345,98702194,0,26,16732714,Mforg,55751131,2719.8,EpisodeType.EPISODE_TYPE_PUBLIC,Mforg,Michael Timbs,43098.0,51720.0,LOSS,exact,720,31794155,replays/ranks_21_40_macro_intent_v1/episode-98702194-replay.json,ranks_21_40_macro_intent_v1,N001,1764,0,0.0006307330331765115
2346,98702232,0,27,16630675,Lucien de Rubempre,55749795,2712.1,EpisodeType.EPISODE_TYPE_PUBLIC,Lucien de Rubempre,Kazama Yusuke,78701.0,69488.0,WIN,exact,720,31709993,replays/ranks_21_40_macro_intent_v1/episode-98702232-replay.json,ranks_21_40_macro_intent_v1,N001,1764,0,0.0
2347,98702245,0,25,16624276,Zejun_,55749262,2728.5,EpisodeType.EPISODE_TYPE_PUBLIC,Zejun_,Emre Cirak,61850.0,60189.0,WIN,exact,720,32654612,replays/ranks_21_40_macro_intent_v1/episode-98702245-replay.json,ranks_21_40_macro_intent_v1,N001,1764,0,0.0
2348,98704468,1,26,16732714,Mforg,55751131,2719.8,EpisodeType.EPISODE_TYPE_PUBLIC,Mforg,Hiroyasu Okuno,102177.0,87189.0,WIN,exact,720,31570983,replays/ranks_21_40_macro_intent_v1/episode-98704468-replay.json,ranks_21_40_macro_intent_v1,N001,1764,0,0.0
2349,98704507,0,27,16630675,Lucien de Rubempre,55749795,2712.1,EpisodeType.EPISODE_TYPE_PUBLIC,Lucien de Rubempre,Jasper Turnidge,71158.0,62863.0,WIN,exact,720,31661751,replays/ranks_21_40_macro_intent_v1/episode-98704507-replay.json,ranks_21_40_macro_intent_v1,N001,1764,0,0.0
2350,98704531,0,25,16624276,Zejun_,55749262,2728.5,EpisodeType.EPISODE_TYPE_PUBLIC,Zejun_,ReCurSiON,103764.0,91799.0,WIN,exact,720,31526368,replays/ranks_21_40_macro_intent_v1/episode-98704531-replay.json,ranks_21_40_macro_intent_v1,N001,1764,0,0.0
2351,98704560,1,31,16635314,Aurora wy,55742603,2699.1,EpisodeType.EPISODE_TYPE_PUBLIC,Aurora wy,Nat00,90383.0,92231.0,LOSS,exact,720,30961809,replays/ranks_21_40_macro_intent_v1/episode-98704560-replay.json,ranks_21_40_macro_intent_v1,N003,247,0,0.0
2352,98706757,0,26,16732714,Mforg,55751131,2719.8,EpisodeType.EPISODE_TYPE_PUBLIC,Mforg,shinamonmon,102390.0,105480.0,LOSS,exact,720,30545921,replays/ranks_21_40_macro_intent_v1/episode-98706757-replay.json,ranks_21_40_macro_intent_v1,N001,1764,0,0.020570458844304085
2353,98706801,0,27,16630675,Lucien de Rubempre,55749795,2712.1,EpisodeType.EPISODE_TYPE_PUBLIC,Lucien de Rubempre,Danzzzl,51732.0,50949.0,WIN,exact,720,30845184,replays/ranks_21_40_macro_intent_v1/episode-98706801-replay.json,ranks_21_40_macro_intent_v1,N001,1764,0,0.02120119333267212
2354,98706813,0,25,16624276,Zejun_,55749262,2728.5,EpisodeType.EPISODE_TYPE_PUBLIC,Zejun_,Kaan Dınız,106292.0,97741.0,WIN,exact,720,31661710,replays/ranks_21_40_macro_intent_v1/episode-98706813-replay.json,ranks_21_40_macro_intent_v1,N001,1764,0,0.0
2355,98709024,0,26,16732714,Mforg,55751131,2719.8,EpisodeType.EPISODE_TYPE_PUBLIC,Mforg,John Park,74892.0,67233.0,WIN,exact,720,30754929,replays/ranks_21_40_macro_intent_v1/episode-98709024-replay.json,ranks_21_40_macro_intent_v1,N003,247,0,0.0
2356,98709075,1,27,16630675,Lucien de Rubempre,55749795,2712.1,EpisodeType.EPISODE_TYPE_PUBLIC,Lucien de Rubempre,Pascal,48831.0,47919.0,WIN,exact,720,30933219,replays/ranks_21_40_macro_intent_v1/episode-98709075-replay.json,ranks_21_40_macro_intent_v1,N001,1764,0,0.020570458844304085
2357,98709088,1,25,16624276,Zejun_,55749262,2728.5,EpisodeType.EPISODE_TYPE_PUBLIC,Zejun_,shiiin9,71655.0,61530.0,WIN,exact,720,31553475,replays/ranks_21_40_macro_intent_v1/episode-98709088-replay.json,ranks_21_40_macro_intent_v1,N001,1764,0,0.0006307330331765115
2358,98709174,0,24,16685548,Erfan Eshratifar,55729097,2729.9,EpisodeType.EPISODE_TYPE_PUBLIC,Erfan Eshratifar,Jiachen Li,132352.0,133419.0,LOSS,exact,720,31429357,replays/ranks_21_40_macro_intent_v1/episode-98709174-replay.json,ranks_21_40_macro_intent_v1,N004,130,0,0.0557420514523983
2359,98709254,1,23,16684954,Suneeth reddy,55747103,2730.9,EpisodeType.EPISODE_TYPE_PUBLIC,Suneeth reddy,G!vIOne,102934.0,103613.0,LOSS,exact,720,31337020,replays/ranks_21_40_macro_intent_v1/episode-98709254-replay.json,ranks_21_40_macro_intent_v1,N001,1764,0,0.0006307330331765115
2360,98711315,0,26,16732714,Mforg,55751131,2719.8,EpisodeType.EPISODE_TYPE_PUBLIC,Mforg,lvisdd,88411.0,75026.0,WIN,exact,720,31577282,replays/ranks_21_40_macro_intent_v1/episode-98711315-replay.json,ranks_21_40_macro_intent_v1,N001,1764,0,0.0
2361,98711364,0,27,16630675,Lucien de Rubempre,55749795,2712.1,EpisodeType.EPISODE_TYPE_PUBLIC,Lucien de Rubempre,QQ Farming,91638.0,81121.0,WIN,exact,720,30923737,replays/ranks_21_40_macro_intent_v1/episode-98711364-replay.json,ranks_21_40_macro_intent_v1,N001,1764,0,0.0
2362,98711372,1,25,16624276,Zejun_,55749262,2728.5,EpisodeType.EPISODE_TYPE_PUBLIC,Zejun_,Hongxin Su,92942.0,91200.0,WIN,exact,720,31019271,replays/ranks_21_40_macro_intent_v1/episode-98711372-replay.json,ranks_21_40_macro_intent_v1,N001,1764,0,0.020570458844304085
2363,98711490,0,37,16742369,Ömer Faruk Yüce,55723563,2688.4,EpisodeType.EPISODE_TYPE_PUBLIC,Ömer Faruk Yüce,satoooh,98966.0,98966.0,TIE,exact,720,31607898,replays/ranks_21_40_macro_intent_v1/episode-98711490-replay.json,ranks_21_40_macro_intent_v1,N001,1764,0,0.0
2364,98711614,0,23,16684954,Suneeth reddy,55747103,2730.9,EpisodeType.EPISODE_TYPE_PUBLIC,Suneeth reddy,satoooh,128724.0,127418.0,WIN,exact,720,30861233,replays/ranks_21_40_macro_intent_v1/episode-98711614-replay.json,ranks_21_40_macro_intent_v1,N001,1764,0,0.020570458844304085
2365,98713598,1,26,16732714,Mforg,55751131,2719.8,EpisodeType.EPISODE_TYPE_PUBLIC,Mforg,iwance,102392.0,105724.0,LOSS,exact,720,30520794,replays/ranks_21_40_macro_intent_v1/episode-98713598-replay.json,ranks_21_40_macro_intent_v1,N001,1764,0,0.020570458844304085
2366,98713647,1,27,16630675,Lucien de Rubempre,55749795,2712.1,EpisodeType.EPISODE_TYPE_PUBLIC,Lucien de Rubempre,Anand,75082.0,64845.0,WIN,exact,720,31679222,replays/ranks_21_40_macro_intent_v1/episode-98713647-replay.json,ranks_21_40_macro_intent_v1,N001,1764,0,0.006399999838322401
2367,98713658,1,25,16624276,Zejun_,55749262,2728.5,EpisodeType.EPISODE_TYPE_PUBLIC,Zejun_,tetsuya,56753.0,66507.0,LOSS,exact,720,31445618,replays/ranks_21_40_macro_intent_v1/episode-98713658-replay.json,ranks_21_40_macro_intent_v1,N001,1764,0,0.0
2368,98715889,0,26,16732714,Mforg,55751131,2719.8,EpisodeType.EPISODE_TYPE_PUBLIC,Mforg,1o,109316.0,96958.0,WIN,exact,720,31702444,replays/ranks_21_40_macro_intent_v1/episode-98715889-replay.json,ranks_21_40_macro_intent_v1,N001,1764,0,0.0
2369,98715936,1,27,16630675,Lucien de Rubempre,55749795,2712.1,EpisodeType.EPISODE_TYPE_PUBLIC,Lucien de Rubempre,SaiKushal185,107088.0,96599.0,WIN,exact,720,31792826,replays/ranks_21_40_macro_intent_v1/episode-98715936-replay.json,ranks_21_40_macro_intent_v1,N003,247,0,0.0
2370,98715946,0,25,16624276,Zejun_,55749262,2728.5,EpisodeType.EPISODE_TYPE_PUBLIC,Zejun_,Hongxin Su,78201.0,76976.0,WIN,exact,720,30796581,replays/ranks_21_40_macro_intent_v1/episode-98715946-replay.json,ranks_21_40_macro_intent_v1,N001,1764,0,0.020570458844304085
2371,98715971,0,27,16630675,Lucien de Rubempre,55749795,2712.1,EpisodeType.EPISODE_TYPE_PUBLIC,Lucien de Rubempre,Nat00,119417.0,119609.0,LOSS,exact,720,31098538,replays/ranks_21_40_macro_intent_v1/episode-98715971-replay.json,ranks_21_40_macro_intent_v1,N001,1764,0,0.020570458844304085
2372,98716115,0,36,16699741,Tom3,55743933,2684.9,EpisodeType.EPISODE_TYPE_PUBLIC,Tom3,Lucien de Rubempre,125996.0,120194.0,WIN,exact,720,30196740,replays/ranks_21_40_macro_intent_v1/episode-98716115-replay.json,ranks_21_40_macro_intent_v1,N002,260,0,0.0
2373,98718183,0,26,16732714,Mforg,55751131,2719.8,EpisodeType.EPISODE_TYPE_PUBLIC,Mforg,Jingxiang,104874.0,94570.0,WIN,exact,720,31576171,replays/ranks_21_40_macro_intent_v1/episode-98718183-replay.json,ranks_21_40_macro_intent_v1,N001,1764,0,0.0
2374,98718227,1,27,16630675,Lucien de Rubempre,55749795,2712.1,EpisodeType.EPISODE_TYPE_PUBLIC,Lucien de Rubempre,カワシギ,79923.0,70123.0,WIN,exact,720,31759611,replays/ranks_21_40_macro_intent_v1/episode-98718227-replay.json,ranks_21_40_macro_intent_v1,N001,1764,0,0.0
2375,98718241,1,25,16624276,Zejun_,55749262,2728.5,EpisodeType.EPISODE_TYPE_PUBLIC,Zejun_,Tom3,90351.0,89931.0,WIN,exact,720,32474772,replays/ranks_21_40_macro_intent_v1/episode-98718241-replay.json,ranks_21_40_macro_intent_v1,N001,1764,0,0.0
2376,98718241,0,36,16699741,Tom3,55743933,2684.9,EpisodeType.EPISODE_TYPE_PUBLIC,Tom3,Zejun_,89931.0,90351.0,LOSS,exact,720,32474772,replays/ranks_21_40_macro_intent_v1/episode-98718241-replay.json,ranks_21_40_macro_intent_v1,N001,1764,0,0.0
2377,98720463,0,26,16732714,Mforg,55751131,2719.8,EpisodeType.EPISODE_TYPE_PUBLIC,Mforg,JungHwan,103685.0,98383.0,WIN,exact,720,31501951,replays/ranks_21_40_macro_intent_v1/episode-98720463-replay.json,ranks_21_40_macro_intent_v1,N001,1764,0,0.0
2378,98720513,0,27,16630675,Lucien de Rubempre,55749795,2712.1,EpisodeType.EPISODE_TYPE_PUBLIC,Lucien de Rubempre,Xiaowenhao404,115299.0,105611.0,WIN,exact,720,31590619,replays/ranks_21_40_macro_intent_v1/episode-98720513-replay.json,ranks_21_40_macro_intent_v1,N001,1764,0,0.0
2379,98720523,0,25,16624276,Zejun_,55749262,2728.5,EpisodeType.EPISODE_TYPE_PUBLIC,Zejun_,Lucien de Rubempre,85814.0,85814.0,TIE,exact,720,31614529,replays/ranks_21_40_macro_intent_v1/episode-98720523-replay.json,ranks_21_40_macro_intent_v1,N001,1764,0,0.0
2380,98720523,1,27,16630675,Lucien de Rubempre,55749795,2712.1,EpisodeType.EPISODE_TYPE_PUBLIC,Lucien de Rubempre,Zejun_,85814.0,85814.0,TIE,exact,720,31614529,replays/ranks_21_40_macro_intent_v1/episode-98720523-replay.json,ranks_21_40_macro_intent_v1,N001,1764,0,0.0
2381,98720535,1,39,16712714,MiMi,55741684,2682.8,EpisodeType.EPISODE_TYPE_PUBLIC,MiMi,Nat00,97648.0,103485.0,LOSS,exact,720,32370419,replays/ranks_21_40_macro_intent_v1/episode-98720535-replay.json,ranks_21_40_macro_intent_v1,N345,1,1,0.0
2382,98720704,0,31,16635314,Aurora wy,55742603,2699.1,EpisodeType.EPISODE_TYPE_PUBLIC,Aurora wy,TerraLogic Labs,118130.0,119153.0,LOSS,exact,720,31532452,replays/ranks_21_40_macro_intent_v1/episode-98720704-replay.json,ranks_21_40_macro_intent_v1,N001,1764,0,0.0
2383,98720726,1,35,16670276,Egor Trushin,55724054,2692.1,EpisodeType.EPISODE_TYPE_PUBLIC,Egor Trushin,Kaileh57,121393.0,124160.0,LOSS,exact,720,30307349,replays/ranks_21_40_macro_intent_v1/episode-98720726-replay.json,ranks_21_40_macro_intent_v1,N002,260,0,0.0
2384,98722754,1,26,16732714,Mforg,55751131,2719.8,EpisodeType.EPISODE_TYPE_PUBLIC,Mforg,Jince,83671.0,75315.0,WIN,exact,720,31686762,replays/ranks_21_40_macro_intent_v1/episode-98722754-replay.json,ranks_21_40_macro_intent_v1,N001,1764,0,0.0
2385,98722800,1,27,16630675,Lucien de Rubempre,55749795,2712.1,EpisodeType.EPISODE_TYPE_PUBLIC,Lucien de Rubempre,theredbluepill,93393.0,91329.0,WIN,exact,720,31871187,replays/ranks_21_40_macro_intent_v1/episode-98722800-replay.json,ranks_21_40_macro_intent_v1,N001,1764,0,0.0
2386,98722810,1,24,16685548,Erfan Eshratifar,55729097,2729.9,EpisodeType.EPISODE_TYPE_PUBLIC,Erfan Eshratifar,Zejun_,74215.0,69138.0,WIN,exact,720,31905531,replays/ranks_21_40_macro_intent_v1/episode-98722810-replay.json,ranks_21_40_macro_intent_v1,N004,130,0,0.0
2387,98722810,0,25,16624276,Zejun_,55749262,2728.5,EpisodeType.EPISODE_TYPE_PUBLIC,Zejun_,Erfan Eshratifar,69138.0,74215.0,LOSS,exact,720,31905531,replays/ranks_21_40_macro_intent_v1/episode-98722810-replay.json,ranks_21_40_macro_intent_v1,N001,1764,0,0.0
2388,98722823,1,38,16633226,test_money,55726920,2683.9,EpisodeType.EPISODE_TYPE_PUBLIC,test_money,Nat00,94679.0,104022.0,LOSS,exact,720,31427731,replays/ranks_21_40_macro_intent_v1/episode-98722823-replay.json,ranks_21_40_macro_intent_v1,N001,1764,0,0.020570458844304085
2389,98725036,0,26,16732714,Mforg,55751131,2719.8,EpisodeType.EPISODE_TYPE_PUBLIC,Mforg,kwon yong deuk,73696.0,69274.0,WIN,exact,720,31452876,replays/ranks_21_40_macro_intent_v1/episode-98725036-replay.json,ranks_21_40_macro_intent_v1,N001,1764,0,0.0
2390,98725079,1,27,16630675,Lucien de Rubempre,55749795,2712.1,EpisodeType.EPISODE_TYPE_PUBLIC,Lucien de Rubempre,OxFFFs,74358.0,74358.0,TIE,exact,720,30919483,replays/ranks_21_40_macro_intent_v1/episode-98725079-replay.json,ranks_21_40_macro_intent_v1,N001,1764,0,0.020570458844304085
2391,98725090,1,25,16624276,Zejun_,55749262,2728.5,EpisodeType.EPISODE_TYPE_PUBLIC,Zejun_,Ömer Faruk Yüce,127655.0,126042.0,WIN,exact,720,31026747,replays/ranks_21_40_macro_intent_v1/episode-98725090-replay.json,ranks_21_40_macro_intent_v1,N001,1764,0,0.020570458844304085
2392,98725090,0,37,16742369,Ömer Faruk Yüce,55723563,2688.4,EpisodeType.EPISODE_TYPE_PUBLIC,Ömer Faruk Yüce,Zejun_,126042.0,127655.0,LOSS,exact,720,31026747,replays/ranks_21_40_macro_intent_v1/episode-98725090-replay.json,ranks_21_40_macro_intent_v1,N001,1764,0,0.0
2393,98725308,0,29,16639507,Homii_N,55753519,2701.6,EpisodeType.EPISODE_TYPE_VALIDATION,Homii_N,Homii_N,64149.0,64149.0,TIE,exact,720,31090273,replays/ranks_21_40_macro_intent_v1/episode-98725308-replay.json,ranks_21_40_macro_intent_v1,N001,1764,0,0.020570458844304085
2394,98725308,1,29,16639507,Homii_N,55753519,2701.6,EpisodeType.EPISODE_TYPE_VALIDATION,Homii_N,Homii_N,64149.0,64149.0,TIE,exact,720,31090273,replays/ranks_21_40_macro_intent_v1/episode-98725308-replay.json,ranks_21_40_macro_intent_v1,N001,1764,0,0.020570458844304085
2395,98727324,1,26,16732714,Mforg,55751131,2719.8,EpisodeType.EPISODE_TYPE_PUBLIC,Mforg,MMM Abbie,65784.0,59448.0,WIN,exact,720,31466366,replays/ranks_21_40_macro_intent_v1/episode-98727324-replay.json,ranks_21_40_macro_intent_v1,N001,1764,0,0.0
2396,98727375,1,27,16630675,Lucien de Rubempre,55749795,2712.1,EpisodeType.EPISODE_TYPE_PUBLIC,Lucien de Rubempre,theredbluepill,100554.0,97095.0,WIN,exact,720,30674774,replays/ranks_21_40_macro_intent_v1/episode-98727375-replay.json,ranks_21_40_macro_intent_v1,N002,260,0,0.0
2397,98727386,0,25,16624276,Zejun_,55749262,2728.5,EpisodeType.EPISODE_TYPE_PUBLIC,Zejun_,test_money,86196.0,81128.0,WIN,exact,720,30944590,replays/ranks_21_40_macro_intent_v1/episode-98727386-replay.json,ranks_21_40_macro_intent_v1,N003,247,0,0.0
2398,98727386,1,38,16633226,test_money,55726920,2683.9,EpisodeType.EPISODE_TYPE_PUBLIC,test_money,Zejun_,81128.0,86196.0,LOSS,exact,720,30944590,replays/ranks_21_40_macro_intent_v1/episode-98727386-replay.json,ranks_21_40_macro_intent_v1,N003,247,0,0.0
2399,98727512,0,26,16732714,Mforg,55751131,2719.8,EpisodeType.EPISODE_TYPE_PUBLIC,Mforg,dejavucry,124010.0,124027.0,LOSS,exact,720,30933874,replays/ranks_21_40_macro_intent_v1/episode-98727512-replay.json,ranks_21_40_macro_intent_v1,N001,1764,0,0.020570458844304085
2400,98729526,0,29,16639507,Homii_N,55753519,2701.6,EpisodeType.EPISODE_TYPE_PUBLIC,Homii_N,Joe Hall,118016.0,50804.0,WIN,exact,720,29204552,replays/ranks_21_40_macro_intent_v1/episode-98729526-replay.json,ranks_21_40_macro_intent_v1,N001,1764,0,0.0
2401,98729601,1,27,16630675,Lucien de Rubempre,55749795,2712.1,EpisodeType.EPISODE_TYPE_PUBLIC,Lucien de Rubempre,Mforg,73244.0,72977.0,WIN,exact,720,30520813,replays/ranks_21_40_macro_intent_v1/episode-98729601-replay.json,ranks_21_40_macro_intent_v1,N001,1764,0,0.020570458844304085
2402,98729609,0,26,16732714,Mforg,55751131,2719.8,EpisodeType.EPISODE_TYPE_PUBLIC,Mforg,mandgeee,140948.0,130390.0,WIN,exact,720,31612694,replays/ranks_21_40_macro_intent_v1/episode-98729609-replay.json,ranks_21_40_macro_intent_v1,N001,1764,0,0.0
2403,98729653,1,27,16630675,Lucien de Rubempre,55749795,2712.1,EpisodeType.EPISODE_TYPE_PUBLIC,Lucien de Rubempre,shivam saini,85014.0,86780.0,LOSS,exact,720,30862417,replays/ranks_21_40_macro_intent_v1/episode-98729653-replay.json,ranks_21_40_macro_intent_v1,N001,1764,0,0.0
2404,98729668,0,25,16624276,Zejun_,55749262,2728.5,EpisodeType.EPISODE_TYPE_PUBLIC,Zejun_,shinamonmon,58109.0,57191.0,WIN,exact,720,32650217,replays/ranks_21_40_macro_intent_v1/episode-98729668-replay.json,ranks_21_40_macro_intent_v1,N001,1764,0,0.0
2405,98729717,0,23,16684954,Suneeth reddy,55747103,2730.9,EpisodeType.EPISODE_TYPE_PUBLIC,Suneeth reddy,Akhil Chinta,75393.0,75393.0,TIE,exact,720,30941535,replays/ranks_21_40_macro_intent_v1/episode-98729717-replay.json,ranks_21_40_macro_intent_v1,N003,247,0,0.0
2406,98729793,1,23,16684954,Suneeth reddy,55747103,2730.9,EpisodeType.EPISODE_TYPE_PUBLIC,Suneeth reddy,Zejun_,50201.0,50201.0,TIE,exact,720,31720882,replays/ranks_21_40_macro_intent_v1/episode-98729793-replay.json,ranks_21_40_macro_intent_v1,N001,1764,0,0.0
2407,98729793,0,25,16624276,Zejun_,55749262,2728.5,EpisodeType.EPISODE_TYPE_PUBLIC,Zejun_,Suneeth reddy,50201.0,50201.0,TIE,exact,720,31720882,replays/ranks_21_40_macro_intent_v1/episode-98729793-replay.json,ranks_21_40_macro_intent_v1,N001,1764,0,0.0
2408,98731795,0,29,16639507,Homii_N,55753519,2701.6,EpisodeType.EPISODE_TYPE_PUBLIC,Homii_N,irisV11,157271.0,88252.0,WIN,exact,720,26550384,replays/ranks_21_40_macro_intent_v1/episode-98731795-replay.json,ranks_21_40_macro_intent_v1,N001,1764,0,0.0
2409,98731899,1,26,16732714,Mforg,55751131,2719.8,EpisodeType.EPISODE_TYPE_PUBLIC,Mforg,Lindicaphxag,70133.0,57520.0,WIN,exact,720,31684294,replays/ranks_21_40_macro_intent_v1/episode-98731899-replay.json,ranks_21_40_macro_intent_v1,N001,1764,0,0.0
2410,98731943,1,27,16630675,Lucien de Rubempre,55749795,2712.1,EpisodeType.EPISODE_TYPE_PUBLIC,Lucien de Rubempre,satoooh,74737.0,73503.0,WIN,exact,720,30859897,replays/ranks_21_40_macro_intent_v1/episode-98731943-replay.json,ranks_21_40_macro_intent_v1,N001,1764,0,0.020570458844304085
2411,98731958,1,25,16624276,Zejun_,55749262,2728.5,EpisodeType.EPISODE_TYPE_PUBLIC,Zejun_,G!vIOne,95181.0,114827.0,LOSS,exact,720,30332765,replays/ranks_21_40_macro_intent_v1/episode-98731958-replay.json,ranks_21_40_macro_intent_v1,N001,1764,0,0.0395037941634655
2412,98734073,0,29,16639507,Homii_N,55753519,2701.6,EpisodeType.EPISODE_TYPE_PUBLIC,Homii_N,prospers,155372.0,112478.0,WIN,exact,720,31147395,replays/ranks_21_40_macro_intent_v1/episode-98734073-replay.json,ranks_21_40_macro_intent_v1,N001,1764,0,0.0
2413,98734187,0,26,16732714,Mforg,55751131,2719.8,EpisodeType.EPISODE_TYPE_PUBLIC,Mforg,SpaTaro,72933.0,75830.0,LOSS,exact,720,31837178,replays/ranks_21_40_macro_intent_v1/episode-98734187-replay.json,ranks_21_40_macro_intent_v1,N001,1764,0,0.0
2414,98734232,1,27,16630675,Lucien de Rubempre,55749795,2712.1,EpisodeType.EPISODE_TYPE_PUBLIC,Lucien de Rubempre,Arda Ceylan,133708.0,131580.0,WIN,exact,720,30238764,replays/ranks_21_40_macro_intent_v1/episode-98734232-replay.json,ranks_21_40_macro_intent_v1,N002,260,0,0.0
2415,98734248,1,25,16624276,Zejun_,55749262,2728.5,EpisodeType.EPISODE_TYPE_PUBLIC,Zejun_,Jiachen Li,118574.0,118574.0,TIE,exact,720,30939061,replays/ranks_21_40_macro_intent_v1/episode-98734248-replay.json,ranks_21_40_macro_intent_v1,N001,1764,0,0.020570458844304085
2416,98734425,0,23,16684954,Suneeth reddy,55747103,2730.9,EpisodeType.EPISODE_TYPE_PUBLIC,Suneeth reddy,GUAM,42006.0,42006.0,TIE,exact,720,31078251,replays/ranks_21_40_macro_intent_v1/episode-98734425-replay.json,ranks_21_40_macro_intent_v1,N001,1764,0,0.020570458844304085
2417,98736355,1,29,16639507,Homii_N,55753519,2701.6,EpisodeType.EPISODE_TYPE_PUBLIC,Homii_N,JacobKooi,142267.0,89029.0,WIN,exact,720,30787078,replays/ranks_21_40_macro_intent_v1/episode-98736355-replay.json,ranks_21_40_macro_intent_v1,N001,1764,0,0.0
2418,98736482,0,26,16732714,Mforg,55751131,2719.8,EpisodeType.EPISODE_TYPE_PUBLIC,Mforg,Dude and Destroy,66010.0,65946.0,WIN,exact,720,31612742,replays/ranks_21_40_macro_intent_v1/episode-98736482-replay.json,ranks_21_40_macro_intent_v1,N001,1764,0,0.0
2419,98736523,1,27,16630675,Lucien de Rubempre,55749795,2712.1,EpisodeType.EPISODE_TYPE_PUBLIC,Lucien de Rubempre,Hongxin Su,68117.0,63644.0,WIN,exact,720,30947331,replays/ranks_21_40_macro_intent_v1/episode-98736523-replay.json,ranks_21_40_macro_intent_v1,N001,1764,0,0.020570458844304085
2420,98736536,0,25,16624276,Zejun_,55749262,2728.5,EpisodeType.EPISODE_TYPE_PUBLIC,Zejun_,TerraLogic Labs,104284.0,107896.0,LOSS,exact,720,31484924,replays/ranks_21_40_macro_intent_v1/episode-98736536-replay.json,ranks_21_40_macro_intent_v1,N001,1764,0,0.020570458844304085
2421,98736714,1,37,16742369,Ömer Faruk Yüce,55723563,2688.4,EpisodeType.EPISODE_TYPE_PUBLIC,Ömer Faruk Yüce,Kaileh57,118059.0,114225.0,WIN,exact,720,30424601,replays/ranks_21_40_macro_intent_v1/episode-98736714-replay.json,ranks_21_40_macro_intent_v1,N001,1764,0,0.020570458844304085
2422,98738625,0,29,16639507,Homii_N,55753519,2701.6,EpisodeType.EPISODE_TYPE_PUBLIC,Homii_N,Jack Burley,88552.0,54441.0,WIN,exact,720,31760560,replays/ranks_21_40_macro_intent_v1/episode-98738625-replay.json,ranks_21_40_macro_intent_v1,N002,260,0,0.0
2423,98738766,1,26,16732714,Mforg,55751131,2719.8,EpisodeType.EPISODE_TYPE_PUBLIC,Mforg,Xiaowenhao404,85197.0,93325.0,LOSS,exact,720,30913295,replays/ranks_21_40_macro_intent_v1/episode-98738766-replay.json,ranks_21_40_macro_intent_v1,N001,1764,0,0.020570458844304085
2424,98738815,0,27,16630675,Lucien de Rubempre,55749795,2712.1,EpisodeType.EPISODE_TYPE_PUBLIC,Lucien de Rubempre,mandgeee,73805.0,66174.0,WIN,exact,720,31537788,replays/ranks_21_40_macro_intent_v1/episode-98738815-replay.json,ranks_21_40_macro_intent_v1,N001,1764,0,0.0
2425,98738819,1,25,16624276,Zejun_,55749262,2728.5,EpisodeType.EPISODE_TYPE_PUBLIC,Zejun_,Tom3,108344.0,107372.0,WIN,exact,720,32481941,replays/ranks_21_40_macro_intent_v1/episode-98738819-replay.json,ranks_21_40_macro_intent_v1,N001,1764,0,0.0
2426,98738819,0,36,16699741,Tom3,55743933,2684.9,EpisodeType.EPISODE_TYPE_PUBLIC,Tom3,Zejun_,107372.0,108344.0,LOSS,exact,720,32481941,replays/ranks_21_40_macro_intent_v1/episode-98738819-replay.json,ranks_21_40_macro_intent_v1,N001,1764,0,0.0
2427,98738964,0,36,16699741,Tom3,55743933,2684.9,EpisodeType.EPISODE_TYPE_PUBLIC,Tom3,Hongxin Su,95225.0,95201.0,WIN,exact,720,31441507,replays/ranks_21_40_macro_intent_v1/episode-98738964-replay.json,ranks_21_40_macro_intent_v1,N001,1764,0,0.0
2428,98740905,0,29,16639507,Homii_N,55753519,2701.6,EpisodeType.EPISODE_TYPE_PUBLIC,Homii_N,lungjyuanz,77827.0,72262.0,WIN,exact,720,30313505,replays/ranks_21_40_macro_intent_v1/episode-98740905-replay.json,ranks_21_40_macro_intent_v1,N001,1764,0,0.0
2429,98741055,1,26,16732714,Mforg,55751131,2719.8,EpisodeType.EPISODE_TYPE_PUBLIC,Mforg,Jasper Turnidge,80608.0,73187.0,WIN,exact,720,31686679,replays/ranks_21_40_macro_intent_v1/episode-98741055-replay.json,ranks_21_40_macro_intent_v1,N001,1764,0,0.0
2430,98741095,1,27,16630675,Lucien de Rubempre,55749795,2712.1,EpisodeType.EPISODE_TYPE_PUBLIC,Lucien de Rubempre,nao.kwmr,74901.0,79177.0,LOSS,exact,720,30889566,replays/ranks_21_40_macro_intent_v1/episode-98741095-replay.json,ranks_21_40_macro_intent_v1,N001,1764,0,0.020570458844304085
2431,98741104,1,25,16624276,Zejun_,55749262,2728.5,EpisodeType.EPISODE_TYPE_PUBLIC,Zejun_,Ömer Faruk Yüce,115093.0,118794.0,LOSS,exact,720,30476737,replays/ranks_21_40_macro_intent_v1/episode-98741104-replay.json,ranks_21_40_macro_intent_v1,N001,1764,0,0.020570458844304085
2432,98741104,0,37,16742369,Ömer Faruk Yüce,55723563,2688.4,EpisodeType.EPISODE_TYPE_PUBLIC,Ömer Faruk Yüce,Zejun_,118794.0,115093.0,WIN,exact,720,30476737,replays/ranks_21_40_macro_intent_v1/episode-98741104-replay.json,ranks_21_40_macro_intent_v1,N001,1764,0,0.020570458844304085
2433,98743172,1,29,16639507,Homii_N,55753519,2701.6,EpisodeType.EPISODE_TYPE_PUBLIC,Homii_N,Abhiram Anil,112651.0,108274.0,WIN,exact,720,31820875,replays/ranks_21_40_macro_intent_v1/episode-98743172-replay.json,ranks_21_40_macro_intent_v1,N001,1764,0,0.0
2434,98743333,1,26,16732714,Mforg,55751131,2719.8,EpisodeType.EPISODE_TYPE_PUBLIC,Mforg,StackKnight,119987.0,109189.0,WIN,exact,720,31224709,replays/ranks_21_40_macro_intent_v1/episode-98743333-replay.json,ranks_21_40_macro_intent_v1,N002,260,0,0.0
2435,98743376,1,27,16630675,Lucien de Rubempre,55749795,2712.1,EpisodeType.EPISODE_TYPE_PUBLIC,Lucien de Rubempre,TerraLogic Labs,131879.0,131039.0,WIN,exact,720,30312372,replays/ranks_21_40_macro_intent_v1/episode-98743376-replay.json,ranks_21_40_macro_intent_v1,N002,260,0,0.0
2436,98743379,0,25,16624276,Zejun_,55749262,2728.5,EpisodeType.EPISODE_TYPE_PUBLIC,Zejun_,johnny,83813.0,77987.0,WIN,exact,720,28903651,replays/ranks_21_40_macro_intent_v1/episode-98743379-replay.json,ranks_21_40_macro_intent_v1,N003,247,0,0.026244107633829117
2437,98743418,1,26,16732714,Mforg,55751131,2719.8,EpisodeType.EPISODE_TYPE_PUBLIC,Mforg,mandgeee,142255.0,131915.0,WIN,exact,720,31580319,replays/ranks_21_40_macro_intent_v1/episode-98743418-replay.json,ranks_21_40_macro_intent_v1,N001,1764,0,0.0
2438,98745448,1,29,16639507,Homii_N,55753519,2701.6,EpisodeType.EPISODE_TYPE_PUBLIC,Homii_N,Vasilii Buzmakov,130185.0,128365.0,WIN,exact,720,30925919,replays/ranks_21_40_macro_intent_v1/episode-98745448-replay.json,ranks_21_40_macro_intent_v1,N001,1764,0,0.0
2439,98745616,0,26,16732714,Mforg,55751131,2719.8,EpisodeType.EPISODE_TYPE_PUBLIC,Mforg,SpaTaro,85498.0,81882.0,WIN,exact,720,31837558,replays/ranks_21_40_macro_intent_v1/episode-98745616-replay.json,ranks_21_40_macro_intent_v1,N001,1764,0,0.0
2440,98745653,1,27,16630675,Lucien de Rubempre,55749795,2712.1,EpisodeType.EPISODE_TYPE_PUBLIC,Lucien de Rubempre,TerraLogic Labs,120003.0,123981.0,LOSS,exact,720,30735814,replays/ranks_21_40_macro_intent_v1/episode-98745653-replay.json,ranks_21_40_macro_intent_v1,N003,247,0,0.0
2441,98745655,0,25,16624276,Zejun_,55749262,2728.5,EpisodeType.EPISODE_TYPE_PUBLIC,Zejun_,Hongxin Su,100144.0,95821.0,WIN,exact,720,30896908,replays/ranks_21_40_macro_intent_v1/episode-98745655-replay.json,ranks_21_40_macro_intent_v1,N001,1764,0,0.020570458844304085
2442,98745786,0,23,16684954,Suneeth reddy,55747103,2730.9,EpisodeType.EPISODE_TYPE_PUBLIC,Suneeth reddy,satoooh,74973.0,70275.0,WIN,exact,720,30898123,replays/ranks_21_40_macro_intent_v1/episode-98745786-replay.json,ranks_21_40_macro_intent_v1,N001,1764,0,0.020570458844304085
2443,98747725,1,29,16639507,Homii_N,55753519,2701.6,EpisodeType.EPISODE_TYPE_PUBLIC,Homii_N,Rishavendra Sharma,96152.0,89965.0,WIN,exact,720,31196608,replays/ranks_21_40_macro_intent_v1/episode-98747725-replay.json,ranks_21_40_macro_intent_v1,N003,247,0,0.0
2444,98747907,0,26,16732714,Mforg,55751131,2719.8,EpisodeType.EPISODE_TYPE_PUBLIC,Mforg,A. R. SEKKAT,98213.0,88718.0,WIN,exact,720,31435289,replays/ranks_21_40_macro_intent_v1/episode-98747907-replay.json,ranks_21_40_macro_intent_v1,N002,260,0,0.0
2445,98747946,0,27,16630675,Lucien de Rubempre,55749795,2712.1,EpisodeType.EPISODE_TYPE_PUBLIC,Lucien de Rubempre,satoooh,64039.0,61892.0,WIN,exact,720,30929602,replays/ranks_21_40_macro_intent_v1/episode-98747946-replay.json,ranks_21_40_macro_intent_v1,N001,1764,0,0.020570458844304085
2446,98747950,0,25,16624276,Zejun_,55749262,2728.5,EpisodeType.EPISODE_TYPE_PUBLIC,Zejun_,tingyu516,139375.0,134670.0,WIN,exact,720,30900875,replays/ranks_21_40_macro_intent_v1/episode-98747950-replay.json,ranks_21_40_macro_intent_v1,N001,1764,0,0.020570458844304085
2447,98750000,0,29,16639507,Homii_N,55753519,2701.6,EpisodeType.EPISODE_TYPE_PUBLIC,Homii_N,mudesteven,88585.0,62068.0,WIN,exact,720,31169216,replays/ranks_21_40_macro_intent_v1/episode-98750000-replay.json,ranks_21_40_macro_intent_v1,N002,260,0,0.0
2448,98750176,1,23,16684954,Suneeth reddy,55747103,2730.9,EpisodeType.EPISODE_TYPE_PUBLIC,Suneeth reddy,Mforg,62913.0,66141.0,LOSS,exact,720,31459880,replays/ranks_21_40_macro_intent_v1/episode-98750176-replay.json,ranks_21_40_macro_intent_v1,N001,1764,0,0.0
2449,98750176,0,26,16732714,Mforg,55751131,2719.8,EpisodeType.EPISODE_TYPE_PUBLIC,Mforg,Suneeth reddy,66141.0,62913.0,WIN,exact,720,31459880,replays/ranks_21_40_macro_intent_v1/episode-98750176-replay.json,ranks_21_40_macro_intent_v1,N001,1764,0,0.0
2450,98750220,0,24,16685548,Erfan Eshratifar,55729097,2729.9,EpisodeType.EPISODE_TYPE_PUBLIC,Erfan Eshratifar,Lucien de Rubempre,90920.0,86952.0,WIN,exact,720,31918092,replays/ranks_21_40_macro_intent_v1/episode-98750220-replay.json,ranks_21_40_macro_intent_v1,N004,130,0,0.006938426289707422
2451,98750220,1,27,16630675,Lucien de Rubempre,55749795,2712.1,EpisodeType.EPISODE_TYPE_PUBLIC,Lucien de Rubempre,Erfan Eshratifar,86952.0,90920.0,LOSS,exact,720,31918092,replays/ranks_21_40_macro_intent_v1/episode-98750220-replay.json,ranks_21_40_macro_intent_v1,N001,1764,0,0.0
2452,98750225,1,25,16624276,Zejun_,55749262,2728.5,EpisodeType.EPISODE_TYPE_PUBLIC,Zejun_,shiiin9,83516.0,74354.0,WIN,exact,720,31597704,replays/ranks_21_40_macro_intent_v1/episode-98750225-replay.json,ranks_21_40_macro_intent_v1,N001,1764,0,0.0
2453,98750339,1,38,16633226,test_money,55726920,2683.9,EpisodeType.EPISODE_TYPE_PUBLIC,test_money,Nat00,63020.0,68358.0,LOSS,exact,720,31392611,replays/ranks_21_40_macro_intent_v1/episode-98750339-replay.json,ranks_21_40_macro_intent_v1,N001,1764,0,0.0
2454,98752270,1,29,16639507,Homii_N,55753519,2701.6,EpisodeType.EPISODE_TYPE_PUBLIC,Homii_N,Rishavendra Sharma,75060.0,73939.0,WIN,exact,720,31809898,replays/ranks_21_40_macro_intent_v1/episode-98752270-replay.json,ranks_21_40_macro_intent_v1,N001,1764,0,0.0
2455,98752462,1,26,16732714,Mforg,55751131,2719.8,EpisodeType.EPISODE_TYPE_PUBLIC,Mforg,Tom3,70120.0,71422.0,LOSS,exact,720,30253154,replays/ranks_21_40_macro_intent_v1/episode-98752462-replay.json,ranks_21_40_macro_intent_v1,N001,1764,0,0.020570458844304085
2456,98752462,0,36,16699741,Tom3,55743933,2684.9,EpisodeType.EPISODE_TYPE_PUBLIC,Tom3,Mforg,71422.0,70120.0,WIN,exact,720,30253154,replays/ranks_21_40_macro_intent_v1/episode-98752462-replay.json,ranks_21_40_macro_intent_v1,N001,1764,0,0.0
2457,98752503,1,27,16630675,Lucien de Rubempre,55749795,2712.1,EpisodeType.EPISODE_TYPE_PUBLIC,Lucien de Rubempre,Aurora wy,42201.0,42118.0,WIN,exact,720,31385488,replays/ranks_21_40_macro_intent_v1/episode-98752503-replay.json,ranks_21_40_macro_intent_v1,N001,1764,0,0.020570458844304085
2458,98752503,0,31,16635314,Aurora wy,55742603,2699.1,EpisodeType.EPISODE_TYPE_PUBLIC,Aurora wy,Lucien de Rubempre,42118.0,42201.0,LOSS,exact,720,31385488,replays/ranks_21_40_macro_intent_v1/episode-98752503-replay.json,ranks_21_40_macro_intent_v1,N001,1764,0,0.0
2459,98752507,0,25,16624276,Zejun_,55749262,2728.5,EpisodeType.EPISODE_TYPE_PUBLIC,Zejun_,Hongxin Su,70860.0,66567.0,WIN,exact,720,30948180,replays/ranks_21_40_macro_intent_v1/episode-98752507-replay.json,ranks_21_40_macro_intent_v1,N003,247,0,0.0
2460,98752645,1,31,16635314,Aurora wy,55742603,2699.1,EpisodeType.EPISODE_TYPE_PUBLIC,Aurora wy,satoooh,106779.0,104025.0,WIN,exact,720,30304421,replays/ranks_21_40_macro_intent_v1/episode-98752645-replay.json,ranks_21_40_macro_intent_v1,N002,260,0,0.0
2461,98754555,1,29,16639507,Homii_N,55753519,2701.6,EpisodeType.EPISODE_TYPE_PUBLIC,Homii_N,mtskggle,158588.0,142355.0,WIN,exact,720,31786969,replays/ranks_21_40_macro_intent_v1/episode-98754555-replay.json,ranks_21_40_macro_intent_v1,N001,1764,0,0.0
2462,98754741,0,26,16732714,Mforg,55751131,2719.8,EpisodeType.EPISODE_TYPE_PUBLIC,Mforg,enddl22,94401.0,88095.0,WIN,exact,720,30688498,replays/ranks_21_40_macro_intent_v1/episode-98754741-replay.json,ranks_21_40_macro_intent_v1,N003,247,0,0.0
2463,98754788,1,27,16630675,Lucien de Rubempre,55749795,2712.1,EpisodeType.EPISODE_TYPE_PUBLIC,Lucien de Rubempre,johnny,35782.0,35782.0,TIE,exact,720,31434499,replays/ranks_21_40_macro_intent_v1/episode-98754788-replay.json,ranks_21_40_macro_intent_v1,N001,1764,0,0.0
2464,98754792,1,25,16624276,Zejun_,55749262,2728.5,EpisodeType.EPISODE_TYPE_PUBLIC,Zejun_,theredbluepill,61004.0,67503.0,LOSS,exact,720,31995972,replays/ranks_21_40_macro_intent_v1/episode-98754792-replay.json,ranks_21_40_macro_intent_v1,N001,1764,0,0.0
2465,98754850,1,39,16712714,MiMi,55741684,2682.8,EpisodeType.EPISODE_TYPE_PUBLIC,MiMi,Victor @ Tufa Labs,82454.0,65406.0,WIN,exact,720,29598388,replays/ranks_21_40_macro_intent_v1/episode-98754850-replay.json,ranks_21_40_macro_intent_v1,N477,1,1,0.0
2466,98756826,0,29,16639507,Homii_N,55753519,2701.6,EpisodeType.EPISODE_TYPE_PUBLIC,Homii_N,beeyan,57941.0,55805.0,WIN,exact,720,32312608,replays/ranks_21_40_macro_intent_v1/episode-98756826-replay.json,ranks_21_40_macro_intent_v1,N001,1764,0,0.0
2467,98757018,1,26,16732714,Mforg,55751131,2719.8,EpisodeType.EPISODE_TYPE_PUBLIC,Mforg,Napier1550,94021.0,92320.0,WIN,exact,720,30310472,replays/ranks_21_40_macro_intent_v1/episode-98757018-replay.json,ranks_21_40_macro_intent_v1,N002,260,0,0.0
2468,98757064,0,27,16630675,Lucien de Rubempre,55749795,2712.1,EpisodeType.EPISODE_TYPE_PUBLIC,Lucien de Rubempre,Thomas Tschinkel,98504.0,97774.0,WIN,exact,720,32670568,replays/ranks_21_40_macro_intent_v1/episode-98757064-replay.json,ranks_21_40_macro_intent_v1,N001,1764,0,0.0
2469,98757071,0,25,16624276,Zejun_,55749262,2728.5,EpisodeType.EPISODE_TYPE_PUBLIC,Zejun_,Lenin Goud,70727.0,70727.0,TIE,exact,720,31604090,replays/ranks_21_40_macro_intent_v1/episode-98757071-replay.json,ranks_21_40_macro_intent_v1,N001,1764,0,0.0
2470,98757176,1,38,16633226,test_money,55726920,2683.9,EpisodeType.EPISODE_TYPE_PUBLIC,test_money,Lenin Goud,77982.0,82719.0,LOSS,exact,720,30898269,replays/ranks_21_40_macro_intent_v1/episode-98757176-replay.json,ranks_21_40_macro_intent_v1,N001,1764,0,0.020570458844304085
2471,98759101,1,29,16639507,Homii_N,55753519,2701.6,EpisodeType.EPISODE_TYPE_PUBLIC,Homii_N,alex chilton,106633.0,98499.0,WIN,exact,720,31794145,replays/ranks_21_40_macro_intent_v1/episode-98759101-replay.json,ranks_21_40_macro_intent_v1,N001,1764,0,0.0
2472,98759288,1,26,16732714,Mforg,55751131,2719.8,EpisodeType.EPISODE_TYPE_PUBLIC,Mforg,Lucien de Rubempre,100044.0,73483.0,WIN,exact,720,30786119,replays/ranks_21_40_macro_intent_v1/episode-98759288-replay.json,ranks_21_40_macro_intent_v1,N003,247,0,0.0
2473,98759331,1,27,16630675,Lucien de Rubempre,55749795,2712.1,EpisodeType.EPISODE_TYPE_PUBLIC,Lucien de Rubempre,satoooh,54639.0,50004.0,WIN,exact,720,30950480,replays/ranks_21_40_macro_intent_v1/episode-98759331-replay.json,ranks_21_40_macro_intent_v1,N001,1764,0,0.020570458844304085
2474,98759343,0,25,16624276,Zejun_,55749262,2728.5,EpisodeType.EPISODE_TYPE_PUBLIC,Zejun_,tingyu516,56739.0,56739.0,TIE,exact,720,32652766,replays/ranks_21_40_macro_intent_v1/episode-98759343-replay.json,ranks_21_40_macro_intent_v1,N001,1764,0,0.0
2475,98759505,0,22,16745006,UjjwalPardeshi,55754433,2734.7,EpisodeType.EPISODE_TYPE_VALIDATION,UjjwalPardeshi,UjjwalPardeshi,64465.0,64465.0,TIE,exact,720,31101685,replays/ranks_21_40_macro_intent_v1/episode-98759505-replay.json,ranks_21_40_macro_intent_v1,N001,1764,0,0.020570458844304085
2476,98759505,1,22,16745006,UjjwalPardeshi,55754433,2734.7,EpisodeType.EPISODE_TYPE_VALIDATION,UjjwalPardeshi,UjjwalPardeshi,64465.0,64465.0,TIE,exact,720,31101685,replays/ranks_21_40_macro_intent_v1/episode-98759505-replay.json,ranks_21_40_macro_intent_v1,N001,1764,0,0.020570458844304085
2477,98761379,1,29,16639507,Homii_N,55753519,2701.6,EpisodeType.EPISODE_TYPE_PUBLIC,Homii_N,Francesco Montone,97978.0,92399.0,WIN,exact,720,31776610,replays/ranks_21_40_macro_intent_v1/episode-98761379-replay.json,ranks_21_40_macro_intent_v1,N001,1764,0,0.0
2478,98761573,0,26,16732714,Mforg,55751131,2719.8,EpisodeType.EPISODE_TYPE_PUBLIC,Mforg,shivam saini,72183.0,68787.0,WIN,exact,720,31458790,replays/ranks_21_40_macro_intent_v1/episode-98761573-replay.json,ranks_21_40_macro_intent_v1,N001,1764,0,0.0
2479,98761613,1,23,16684954,Suneeth reddy,55747103,2730.9,EpisodeType.EPISODE_TYPE_PUBLIC,Suneeth reddy,Zejun_,104899.0,104899.0,TIE,exact,720,30310935,replays/ranks_21_40_macro_intent_v1/episode-98761613-replay.json,ranks_21_40_macro_intent_v1,N002,260,0,0.0
2480,98761613,0,25,16624276,Zejun_,55749262,2728.5,EpisodeType.EPISODE_TYPE_PUBLIC,Zejun_,Suneeth reddy,104899.0,104899.0,TIE,exact,720,30310935,replays/ranks_21_40_macro_intent_v1/episode-98761613-replay.json,ranks_21_40_macro_intent_v1,N002,260,0,0.0
2481,98761614,0,27,16630675,Lucien de Rubempre,55749795,2712.1,EpisodeType.EPISODE_TYPE_PUBLIC,Lucien de Rubempre,Xiaowenhao404,131560.0,119936.0,WIN,exact,720,31575998,replays/ranks_21_40_macro_intent_v1/episode-98761614-replay.json,ranks_21_40_macro_intent_v1,N001,1764,0,0.0
2482,98761733,0,25,16624276,Zejun_,55749262,2728.5,EpisodeType.EPISODE_TYPE_PUBLIC,Zejun_,u,70145.0,68963.0,WIN,exact,720,31015734,replays/ranks_21_40_macro_intent_v1/episode-98761733-replay.json,ranks_21_40_macro_intent_v1,N001,1764,0,0.020570458844304085
2483,98763653,0,29,16639507,Homii_N,55753519,2701.6,EpisodeType.EPISODE_TYPE_PUBLIC,Homii_N,Junichiro Morita,118184.0,95185.0,WIN,exact,720,31437402,replays/ranks_21_40_macro_intent_v1/episode-98763653-replay.json,ranks_21_40_macro_intent_v1,N001,1764,0,0.0
2484,98763709,0,22,16745006,UjjwalPardeshi,55754433,2734.7,EpisodeType.EPISODE_TYPE_PUBLIC,UjjwalPardeshi,Richard Valino,108296.0,4515.0,WIN,exact,720,27265968,replays/ranks_21_40_macro_intent_v1/episode-98763709-replay.json,ranks_21_40_macro_intent_v1,N001,1764,0,0.0
2485,98763850,0,26,16732714,Mforg,55751131,2719.8,EpisodeType.EPISODE_TYPE_PUBLIC,Mforg,Lucien de Rubempre,98821.0,98231.0,WIN,exact,720,30113755,replays/ranks_21_40_macro_intent_v1/episode-98763850-replay.json,ranks_21_40_macro_intent_v1,N001,1764,0,0.0
2486,98763883,0,25,16624276,Zejun_,55749262,2728.5,EpisodeType.EPISODE_TYPE_PUBLIC,Zejun_,Victor @ Tufa Labs,98235.0,102852.0,LOSS,exact,720,31329644,replays/ranks_21_40_macro_intent_v1/episode-98763883-replay.json,ranks_21_40_macro_intent_v1,N001,1764,0,0.0
2487,98763888,1,27,16630675,Lucien de Rubempre,55749795,2712.1,EpisodeType.EPISODE_TYPE_PUBLIC,Lucien de Rubempre,fufufukakaka,114934.0,98827.0,WIN,exact,720,30785323,replays/ranks_21_40_macro_intent_v1/episode-98763888-replay.json,ranks_21_40_macro_intent_v1,N001,1764,0,0.0
2488,98765931,0,29,16639507,Homii_N,55753519,2701.6,EpisodeType.EPISODE_TYPE_PUBLIC,Homii_N,Filip Strzałka,84016.0,71574.0,WIN,exact,720,31690019,replays/ranks_21_40_macro_intent_v1/episode-98765931-replay.json,ranks_21_40_macro_intent_v1,N001,1764,0,0.006399999838322401
2489,98765979,1,22,16745006,UjjwalPardeshi,55754433,2734.7,EpisodeType.EPISODE_TYPE_PUBLIC,UjjwalPardeshi,アナコンダ,94016.0,22095.0,WIN,exact,720,27095462,replays/ranks_21_40_macro_intent_v1/episode-98765979-replay.json,ranks_21_40_macro_intent_v1,N001,1764,0,0.0
2490,98766127,0,26,16732714,Mforg,55751131,2719.8,EpisodeType.EPISODE_TYPE_PUBLIC,Mforg,TerraLogic Labs,55484.0,56112.0,LOSS,exact,720,31527184,replays/ranks_21_40_macro_intent_v1/episode-98766127-replay.json,ranks_21_40_macro_intent_v1,N001,1764,0,0.0
2491,98766168,1,27,16630675,Lucien de Rubempre,55749795,2712.1,EpisodeType.EPISODE_TYPE_PUBLIC,Lucien de Rubempre,tingyu516,82566.0,81644.0,WIN,exact,720,31042088,replays/ranks_21_40_macro_intent_v1/episode-98766168-replay.json,ranks_21_40_macro_intent_v1,N001,1764,0,0.020570458844304085
2492,98766169,0,25,16624276,Zejun_,55749262,2728.5,EpisodeType.EPISODE_TYPE_PUBLIC,Zejun_,ReCurSiON,53815.0,40297.0,WIN,exact,720,31422645,replays/ranks_21_40_macro_intent_v1/episode-98766169-replay.json,ranks_21_40_macro_intent_v1,N001,1764,0,0.0
2493,98766279,1,35,16670276,Egor Trushin,55724054,2692.1,EpisodeType.EPISODE_TYPE_PUBLIC,Egor Trushin,Tagir Analyzes,42612.0,42611.0,WIN,exact,720,31602013,replays/ranks_21_40_macro_intent_v1/episode-98766279-replay.json,ranks_21_40_macro_intent_v1,N001,1764,0,0.0
2494,98768214,1,29,16639507,Homii_N,55753519,2701.6,EpisodeType.EPISODE_TYPE_PUBLIC,Homii_N,MD. Nazmus Sakib Anik,67436.0,67436.0,TIE,exact,720,30927822,replays/ranks_21_40_macro_intent_v1/episode-98768214-replay.json,ranks_21_40_macro_intent_v1,N001,1764,0,0.020570458844304085
2495,98768244,0,22,16745006,UjjwalPardeshi,55754433,2734.7,EpisodeType.EPISODE_TYPE_PUBLIC,UjjwalPardeshi,Caio Ruiz,147194.0,40725.0,WIN,exact,720,31347665,replays/ranks_21_40_macro_intent_v1/episode-98768244-replay.json,ranks_21_40_macro_intent_v1,N001,1764,0,0.0
2496,98768409,1,26,16732714,Mforg,55751131,2719.8,EpisodeType.EPISODE_TYPE_PUBLIC,Mforg,aisamhottman,57272.0,52300.0,WIN,exact,720,31426246,replays/ranks_21_40_macro_intent_v1/episode-98768409-replay.json,ranks_21_40_macro_intent_v1,N001,1764,0,0.0006307330331765115
2497,98768443,0,27,16630675,Lucien de Rubempre,55749795,2712.1,EpisodeType.EPISODE_TYPE_PUBLIC,Lucien de Rubempre,Tom3,84904.0,83472.0,WIN,exact,720,31023993,replays/ranks_21_40_macro_intent_v1/episode-98768443-replay.json,ranks_21_40_macro_intent_v1,N001,1764,0,0.020570458844304085
2498,98768443,1,36,16699741,Tom3,55743933,2684.9,EpisodeType.EPISODE_TYPE_PUBLIC,Tom3,Lucien de Rubempre,83472.0,84904.0,LOSS,exact,720,31023993,replays/ranks_21_40_macro_intent_v1/episode-98768443-replay.json,ranks_21_40_macro_intent_v1,N001,1764,0,0.0
2499,98768445,0,25,16624276,Zejun_,55749262,2728.5,EpisodeType.EPISODE_TYPE_PUBLIC,Zejun_,tetsuya,109722.0,121472.0,LOSS,exact,720,31002394,replays/ranks_21_40_macro_intent_v1/episode-98768445-replay.json,ranks_21_40_macro_intent_v1,N002,260,0,0.006991780828684568
2500,98770495,1,29,16639507,Homii_N,55753519,2701.6,EpisodeType.EPISODE_TYPE_PUBLIC,Homii_N,Ddere008,50001.0,41687.0,WIN,exact,720,31683645,replays/ranks_21_40_macro_intent_v1/episode-98770495-replay.json,ranks_21_40_macro_intent_v1,N001,1764,0,0.0
2501,98770518,1,22,16745006,UjjwalPardeshi,55754433,2734.7,EpisodeType.EPISODE_TYPE_PUBLIC,UjjwalPardeshi,cobrapigeon,102925.0,68594.0,WIN,exact,720,30621049,replays/ranks_21_40_macro_intent_v1/episode-98770518-replay.json,ranks_21_40_macro_intent_v1,N001,1764,0,0.0
2502,98770688,1,26,16732714,Mforg,55751131,2719.8,EpisodeType.EPISODE_TYPE_PUBLIC,Mforg,bplyc15,33451.0,29365.0,WIN,exact,720,31530136,replays/ranks_21_40_macro_intent_v1/episode-98770688-replay.json,ranks_21_40_macro_intent_v1,N001,1764,0,0.0
2503,98770720,1,27,16630675,Lucien de Rubempre,55749795,2712.1,EpisodeType.EPISODE_TYPE_PUBLIC,Lucien de Rubempre,GPTatoes,116881.0,111306.0,WIN,exact,720,30816115,replays/ranks_21_40_macro_intent_v1/episode-98770720-replay.json,ranks_21_40_macro_intent_v1,N001,1764,0,0.020570458844304085
2504,98770724,0,25,16624276,Zejun_,55749262,2728.5,EpisodeType.EPISODE_TYPE_PUBLIC,Zejun_,Tagir Analyzes,123285.0,117325.0,WIN,exact,720,30898369,replays/ranks_21_40_macro_intent_v1/episode-98770724-replay.json,ranks_21_40_macro_intent_v1,N001,1764,0,0.020570458844304085
2505,98770739,1,35,16670276,Egor Trushin,55724054,2692.1,EpisodeType.EPISODE_TYPE_PUBLIC,Egor Trushin,G!vIOne,72259.0,82748.0,LOSS,exact,720,30827118,replays/ranks_21_40_macro_intent_v1/episode-98770739-replay.json,ranks_21_40_macro_intent_v1,N001,1764,0,0.020570458844304085
2506,98772771,0,29,16639507,Homii_N,55753519,2701.6,EpisodeType.EPISODE_TYPE_PUBLIC,Homii_N,Harrison Interactive,43276.0,38362.0,WIN,exact,720,30941311,replays/ranks_21_40_macro_intent_v1/episode-98772771-replay.json,ranks_21_40_macro_intent_v1,N001,1764,0,0.018933333456516266
2507,98772789,0,22,16745006,UjjwalPardeshi,55754433,2734.7,EpisodeType.EPISODE_TYPE_PUBLIC,UjjwalPardeshi,Aditi Salvi,95607.0,49772.0,WIN,exact,720,29042861,replays/ranks_21_40_macro_intent_v1/episode-98772789-replay.json,ranks_21_40_macro_intent_v1,N001,1764,0,0.0
2508,98772965,0,26,16732714,Mforg,55751131,2719.8,EpisodeType.EPISODE_TYPE_PUBLIC,Mforg,shivam saini,109052.0,108053.0,WIN,exact,720,30807717,replays/ranks_21_40_macro_intent_v1/episode-98772965-replay.json,ranks_21_40_macro_intent_v1,N001,1764,0,0.020570458844304085
2509,98773060,0,27,16630675,Lucien de Rubempre,55749795,2712.1,EpisodeType.EPISODE_TYPE_PUBLIC,Lucien de Rubempre,nao.kwmr,50297.0,50984.0,LOSS,exact,720,31518265,replays/ranks_21_40_macro_intent_v1/episode-98773060-replay.json,ranks_21_40_macro_intent_v1,N001,1764,0,0.0
2510,98773103,1,25,16624276,Zejun_,55749262,2728.5,EpisodeType.EPISODE_TYPE_PUBLIC,Zejun_,Bharath Varma,71852.0,71852.0,TIE,exact,720,31082759,replays/ranks_21_40_macro_intent_v1/episode-98773103-replay.json,ranks_21_40_macro_intent_v1,N001,1764,0,0.020570458844304085
2511,98775054,1,29,16639507,Homii_N,55753519,2701.6,EpisodeType.EPISODE_TYPE_PUBLIC,Homii_N,T0m0t0m0 W,60047.0,53247.0,WIN,exact,720,31683685,replays/ranks_21_40_macro_intent_v1/episode-98775054-replay.json,ranks_21_40_macro_intent_v1,N001,1764,0,0.0
2512,98775064,0,22,16745006,UjjwalPardeshi,55754433,2734.7,EpisodeType.EPISODE_TYPE_PUBLIC,UjjwalPardeshi,gktdgktdgktd,98387.0,70077.0,WIN,exact,720,30818061,replays/ranks_21_40_macro_intent_v1/episode-98775064-replay.json,ranks_21_40_macro_intent_v1,N001,1764,0,0.0
2513,98775243,1,24,16685548,Erfan Eshratifar,55729097,2729.9,EpisodeType.EPISODE_TYPE_PUBLIC,Erfan Eshratifar,Mforg,53603.0,43947.0,WIN,exact,720,31828175,replays/ranks_21_40_macro_intent_v1/episode-98775243-replay.json,ranks_21_40_macro_intent_v1,N004,130,0,0.0
2514,98775243,0,26,16732714,Mforg,55751131,2719.8,EpisodeType.EPISODE_TYPE_PUBLIC,Mforg,Erfan Eshratifar,43947.0,53603.0,LOSS,exact,720,31828175,replays/ranks_21_40_macro_intent_v1/episode-98775243-replay.json,ranks_21_40_macro_intent_v1,N001,1764,0,0.0
2515,98775297,0,24,16685548,Erfan Eshratifar,55729097,2729.9,EpisodeType.EPISODE_TYPE_PUBLIC,Erfan Eshratifar,Lucien de Rubempre,76055.0,68702.0,WIN,exact,720,31906587,replays/ranks_21_40_macro_intent_v1/episode-98775297-replay.json,ranks_21_40_macro_intent_v1,N004,130,0,0.034983403980731964
2516,98775297,1,27,16630675,Lucien de Rubempre,55749795,2712.1,EpisodeType.EPISODE_TYPE_PUBLIC,Lucien de Rubempre,Erfan Eshratifar,68702.0,76055.0,LOSS,exact,720,31906587,replays/ranks_21_40_macro_intent_v1/episode-98775297-replay.json,ranks_21_40_macro_intent_v1,N001,1764,0,0.0
2517,98775376,0,25,16624276,Zejun_,55749262,2728.5,EpisodeType.EPISODE_TYPE_PUBLIC,Zejun_,GPTatoes,49765.0,46425.0,WIN,exact,720,30925945,replays/ranks_21_40_macro_intent_v1/episode-98775376-replay.json,ranks_21_40_macro_intent_v1,N001,1764,0,0.020570458844304085
2518,98775435,0,26,16732714,Mforg,55751131,2719.8,EpisodeType.EPISODE_TYPE_PUBLIC,Mforg,TommyCyd,93657.0,87887.0,WIN,exact,720,30765068,replays/ranks_21_40_macro_intent_v1/episode-98775435-replay.json,ranks_21_40_macro_intent_v1,N003,247,0,0.0
2519,98777333,1,22,16745006,UjjwalPardeshi,55754433,2734.7,EpisodeType.EPISODE_TYPE_PUBLIC,UjjwalPardeshi,YERMES AMINE,97311.0,83732.0,WIN,exact,720,30432657,replays/ranks_21_40_macro_intent_v1/episode-98777333-replay.json,ranks_21_40_macro_intent_v1,N001,1764,0,0.0
2520,98777349,1,29,16639507,Homii_N,55753519,2701.6,EpisodeType.EPISODE_TYPE_PUBLIC,Homii_N,solo levelling,123221.0,111568.0,WIN,exact,720,31700675,replays/ranks_21_40_macro_intent_v1/episode-98777349-replay.json,ranks_21_40_macro_intent_v1,N001,1764,0,0.0
2521,98777521,0,26,16732714,Mforg,55751131,2719.8,EpisodeType.EPISODE_TYPE_PUBLIC,Mforg,satoooh,101424.0,94288.0,WIN,exact,720,30768182,replays/ranks_21_40_macro_intent_v1/episode-98777521-replay.json,ranks_21_40_macro_intent_v1,N003,247,0,0.0
2522,98779606,1,22,16745006,UjjwalPardeshi,55754433,2734.7,EpisodeType.EPISODE_TYPE_PUBLIC,UjjwalPardeshi,george-nigmatulin,52581.0,36368.0,WIN,exact,720,26397115,replays/ranks_21_40_macro_intent_v1/episode-98779606-replay.json,ranks_21_40_macro_intent_v1,N001,1764,0,0.0
2523,98779637,0,29,16639507,Homii_N,55753519,2701.6,EpisodeType.EPISODE_TYPE_PUBLIC,Homii_N,Atakan Aldemir,75229.0,73739.0,WIN,exact,720,31020657,replays/ranks_21_40_macro_intent_v1/episode-98779637-replay.json,ranks_21_40_macro_intent_v1,N001,1764,0,0.020570458844304085
2524,98779678,1,29,16639507,Homii_N,55753519,2701.6,EpisodeType.EPISODE_TYPE_PUBLIC,Homii_N,Raul Tinajero,40275.0,40275.0,TIE,exact,720,31442505,replays/ranks_21_40_macro_intent_v1/episode-98779678-replay.json,ranks_21_40_macro_intent_v1,N001,1764,0,0.0
2525,98779808,1,26,16732714,Mforg,55751131,2719.8,EpisodeType.EPISODE_TYPE_PUBLIC,Mforg,tyz123456,88654.0,90275.0,LOSS,exact,720,30298141,replays/ranks_21_40_macro_intent_v1/episode-98779808-replay.json,ranks_21_40_macro_intent_v1,N003,247,0,0.0
2526,98779952,0,23,16684954,Suneeth reddy,55747103,2730.9,EpisodeType.EPISODE_TYPE_PUBLIC,Suneeth reddy,nao.kwmr,60002.0,61809.0,LOSS,exact,720,31004556,replays/ranks_21_40_macro_intent_v1/episode-98779952-replay.json,ranks_21_40_macro_intent_v1,N001,1764,0,0.020570458844304085
2527,98781879,1,22,16745006,UjjwalPardeshi,55754433,2734.7,EpisodeType.EPISODE_TYPE_PUBLIC,UjjwalPardeshi,Noah Bishop,59169.0,58777.0,WIN,exact,720,31391392,replays/ranks_21_40_macro_intent_v1/episode-98781879-replay.json,ranks_21_40_macro_intent_v1,N003,247,0,0.0
2528,98781922,0,29,16639507,Homii_N,55753519,2701.6,EpisodeType.EPISODE_TYPE_PUBLIC,Homii_N,Jingxiang,110382.0,103931.0,WIN,exact,720,31491799,replays/ranks_21_40_macro_intent_v1/episode-98781922-replay.json,ranks_21_40_macro_intent_v1,N002,260,0,0.0
2529,98782083,1,26,16732714,Mforg,55751131,2719.8,EpisodeType.EPISODE_TYPE_PUBLIC,Mforg,Hongxin Su,41539.0,36678.0,WIN,exact,720,30743912,replays/ranks_21_40_macro_intent_v1/episode-98782083-replay.json,ranks_21_40_macro_intent_v1,N001,1764,0,0.020570458844304085
2530,98782236,1,37,16742369,Ömer Faruk Yüce,55723563,2688.4,EpisodeType.EPISODE_TYPE_PUBLIC,Ömer Faruk Yüce,GPTatoes,68348.0,72642.0,LOSS,exact,720,28287799,replays/ranks_21_40_macro_intent_v1/episode-98782236-replay.json,ranks_21_40_macro_intent_v1,N003,247,0,0.041990138590335846
2531,98784152,1,22,16745006,UjjwalPardeshi,55754433,2734.7,EpisodeType.EPISODE_TYPE_PUBLIC,UjjwalPardeshi,Samrish B,61922.0,54212.0,WIN,exact,720,31361626,replays/ranks_21_40_macro_intent_v1/episode-98784152-replay.json,ranks_21_40_macro_intent_v1,N001,1764,0,0.0
2532,98784193,1,29,16639507,Homii_N,55753519,2701.6,EpisodeType.EPISODE_TYPE_PUBLIC,Homii_N,Muhammad Shoaib Memon,95517.0,85714.0,WIN,exact,720,31355823,replays/ranks_21_40_macro_intent_v1/episode-98784193-replay.json,ranks_21_40_macro_intent_v1,N002,260,0,0.0
2533,98784362,0,26,16732714,Mforg,55751131,2719.8,EpisodeType.EPISODE_TYPE_PUBLIC,Mforg,shivam saini,63392.0,62877.0,WIN,exact,720,30492197,replays/ranks_21_40_macro_intent_v1/episode-98784362-replay.json,ranks_21_40_macro_intent_v1,N001,1764,0,0.02120119333267212
2534,98784370,0,39,16712714,MiMi,55741684,2682.8,EpisodeType.EPISODE_TYPE_PUBLIC,MiMi,tyz123456,97831.0,105799.0,LOSS,exact,720,32271973,replays/ranks_21_40_macro_intent_v1/episode-98784370-replay.json,ranks_21_40_macro_intent_v1,N063,2,0,0.08162645250558853
2535,98784515,1,39,16712714,MiMi,55741684,2682.8,EpisodeType.EPISODE_TYPE_PUBLIC,MiMi,GPTatoes,100401.0,107798.0,LOSS,exact,720,32678409,replays/ranks_21_40_macro_intent_v1/episode-98784515-replay.json,ranks_21_40_macro_intent_v1,N318,1,1,0.0
2536,98784532,1,25,16624276,Zejun_,55749262,2728.5,EpisodeType.EPISODE_TYPE_PUBLIC,Zejun_,u,56290.0,56692.0,LOSS,exact,720,30914665,replays/ranks_21_40_macro_intent_v1/episode-98784532-replay.json,ranks_21_40_macro_intent_v1,N001,1764,0,0.020570458844304085
2537,98786425,1,22,16745006,UjjwalPardeshi,55754433,2734.7,EpisodeType.EPISODE_TYPE_PUBLIC,UjjwalPardeshi,62326368,108021.0,96277.0,WIN,exact,720,31771611,replays/ranks_21_40_macro_intent_v1/episode-98786425-replay.json,ranks_21_40_macro_intent_v1,N001,1764,0,0.0
2538,98786477,0,29,16639507,Homii_N,55753519,2701.6,EpisodeType.EPISODE_TYPE_PUBLIC,Homii_N,Luan Kunyu,77851.0,64945.0,WIN,exact,720,31688918,replays/ranks_21_40_macro_intent_v1/episode-98786477-replay.json,ranks_21_40_macro_intent_v1,N001,1764,0,0.0
2539,98786640,1,26,16732714,Mforg,55751131,2719.8,EpisodeType.EPISODE_TYPE_PUBLIC,Mforg,srijan k.r keshri,79082.0,85493.0,LOSS,exact,720,31929699,replays/ranks_21_40_macro_intent_v1/episode-98786640-replay.json,ranks_21_40_macro_intent_v1,N001,1764,0,0.0
2540,98786677,1,31,16635314,Aurora wy,55742603,2699.1,EpisodeType.EPISODE_TYPE_PUBLIC,Aurora wy,Kevin E R MILLE,61626.0,55692.0,WIN,exact,720,31278688,replays/ranks_21_40_macro_intent_v1/episode-98786677-replay.json,ranks_21_40_macro_intent_v1,N001,1764,0,0.0
2541,98786818,1,25,16624276,Zejun_,55749262,2728.5,EpisodeType.EPISODE_TYPE_PUBLIC,Zejun_,Lucien de Rubempre,88601.0,88601.0,TIE,exact,720,31098933,replays/ranks_21_40_macro_intent_v1/episode-98786818-replay.json,ranks_21_40_macro_intent_v1,N001,1764,0,0.020570458844304085
2542,98786818,0,27,16630675,Lucien de Rubempre,55749795,2712.1,EpisodeType.EPISODE_TYPE_PUBLIC,Lucien de Rubempre,Zejun_,88601.0,88601.0,TIE,exact,720,31098933,replays/ranks_21_40_macro_intent_v1/episode-98786818-replay.json,ranks_21_40_macro_intent_v1,N001,1764,0,0.020570458844304085
2543,98788698,1,22,16745006,UjjwalPardeshi,55754433,2734.7,EpisodeType.EPISODE_TYPE_PUBLIC,UjjwalPardeshi,alex chilton,79507.0,69220.0,WIN,exact,720,31787174,replays/ranks_21_40_macro_intent_v1/episode-98788698-replay.json,ranks_21_40_macro_intent_v1,N001,1764,0,0.0
2544,98788754,0,29,16639507,Homii_N,55753519,2701.6,EpisodeType.EPISODE_TYPE_PUBLIC,Homii_N,Luan Kunyu,96490.0,83152.0,WIN,exact,720,31663033,replays/ranks_21_40_macro_intent_v1/episode-98788754-replay.json,ranks_21_40_macro_intent_v1,N001,1764,0,0.0
2545,98788769,0,22,16745006,UjjwalPardeshi,55754433,2734.7,EpisodeType.EPISODE_TYPE_PUBLIC,UjjwalPardeshi,David Goldrajch,120060.0,106313.0,WIN,exact,720,31864981,replays/ranks_21_40_macro_intent_v1/episode-98788769-replay.json,ranks_21_40_macro_intent_v1,N001,1764,0,0.0
2546,98788913,1,26,16732714,Mforg,55751131,2719.8,EpisodeType.EPISODE_TYPE_PUBLIC,Mforg,Lucien de Rubempre,79679.0,69841.0,WIN,exact,720,29917532,replays/ranks_21_40_macro_intent_v1/episode-98788913-replay.json,ranks_21_40_macro_intent_v1,N001,1764,0,0.0
2547,98790978,1,22,16745006,UjjwalPardeshi,55754433,2734.7,EpisodeType.EPISODE_TYPE_PUBLIC,UjjwalPardeshi,Zcy,85252.0,78319.0,WIN,exact,720,31478033,replays/ranks_21_40_macro_intent_v1/episode-98790978-replay.json,ranks_21_40_macro_intent_v1,N002,260,0,0.0
2548,98791028,1,29,16639507,Homii_N,55753519,2701.6,EpisodeType.EPISODE_TYPE_PUBLIC,Homii_N,fufufukakaka,102139.0,94124.0,WIN,exact,720,28842915,replays/ranks_21_40_macro_intent_v1/episode-98791028-replay.json,ranks_21_40_macro_intent_v1,N003,247,0,0.0
2549,98791191,1,26,16732714,Mforg,55751131,2719.8,EpisodeType.EPISODE_TYPE_PUBLIC,Mforg,Emre Cirak,92074.0,89515.0,WIN,exact,720,32594048,replays/ranks_21_40_macro_intent_v1/episode-98791191-replay.json,ranks_21_40_macro_intent_v1,N001,1764,0,0.0
2550,98793259,0,22,16745006,UjjwalPardeshi,55754433,2734.7,EpisodeType.EPISODE_TYPE_PUBLIC,UjjwalPardeshi,Shuiys,64070.0,62452.0,WIN,exact,720,31692320,replays/ranks_21_40_macro_intent_v1/episode-98793259-replay.json,ranks_21_40_macro_intent_v1,N001,1764,0,0.0
2551,98793313,0,29,16639507,Homii_N,55753519,2701.6,EpisodeType.EPISODE_TYPE_PUBLIC,Homii_N,katya barzova,44933.0,38717.0,WIN,exact,720,30579262,replays/ranks_21_40_macro_intent_v1/episode-98793313-replay.json,ranks_21_40_macro_intent_v1,N001,1764,0,0.0
2552,98793474,1,24,16685548,Erfan Eshratifar,55729097,2729.9,EpisodeType.EPISODE_TYPE_PUBLIC,Erfan Eshratifar,Mforg,93898.0,97891.0,LOSS,exact,720,31842046,replays/ranks_21_40_macro_intent_v1/episode-98793474-replay.json,ranks_21_40_macro_intent_v1,N004,130,0,0.0
2553,98793474,0,26,16732714,Mforg,55751131,2719.8,EpisodeType.EPISODE_TYPE_PUBLIC,Mforg,Erfan Eshratifar,97891.0,93898.0,WIN,exact,720,31842046,replays/ranks_21_40_macro_intent_v1/episode-98793474-replay.json,ranks_21_40_macro_intent_v1,N001,1764,0,0.0
2554,98793615,0,27,16630675,Lucien de Rubempre,55749795,2712.1,EpisodeType.EPISODE_TYPE_PUBLIC,Lucien de Rubempre,Tom3,70370.0,70354.0,WIN,exact,720,32470513,replays/ranks_21_40_macro_intent_v1/episode-98793615-replay.json,ranks_21_40_macro_intent_v1,N001,1764,0,0.0
2555,98793615,1,36,16699741,Tom3,55743933,2684.9,EpisodeType.EPISODE_TYPE_PUBLIC,Tom3,Lucien de Rubempre,70354.0,70370.0,LOSS,exact,720,32470513,replays/ranks_21_40_macro_intent_v1/episode-98793615-replay.json,ranks_21_40_macro_intent_v1,N001,1764,0,0.0
2556,98795538,1,22,16745006,UjjwalPardeshi,55754433,2734.7,EpisodeType.EPISODE_TYPE_PUBLIC,UjjwalPardeshi,Carson Zhang,81384.0,64629.0,WIN,exact,720,30499177,replays/ranks_21_40_macro_intent_v1/episode-98795538-replay.json,ranks_21_40_macro_intent_v1,N003,247,0,0.0
2557,98795600,0,29,16639507,Homii_N,55753519,2701.6,EpisodeType.EPISODE_TYPE_PUBLIC,Homii_N,Jasper Turnidge,98731.0,89917.0,WIN,exact,720,30830347,replays/ranks_21_40_macro_intent_v1/episode-98795600-replay.json,ranks_21_40_macro_intent_v1,N003,247,0,0.0
2558,98795762,0,26,16732714,Mforg,55751131,2719.8,EpisodeType.EPISODE_TYPE_PUBLIC,Mforg,StackKnight,99917.0,108664.0,LOSS,exact,720,31512628,replays/ranks_21_40_macro_intent_v1/episode-98795762-replay.json,ranks_21_40_macro_intent_v1,N003,247,0,0.0
2559,98795855,1,23,16684954,Suneeth reddy,55747103,2730.9,EpisodeType.EPISODE_TYPE_PUBLIC,Suneeth reddy,Emre Cirak,122183.0,119356.0,WIN,exact,720,30308195,replays/ranks_21_40_macro_intent_v1/episode-98795855-replay.json,ranks_21_40_macro_intent_v1,N002,260,0,0.008158447220921516
2560,98795892,0,38,16633226,test_money,55726920,2683.9,EpisodeType.EPISODE_TYPE_PUBLIC,test_money,SOSyuki,79121.0,78225.0,WIN,exact,720,30692196,replays/ranks_21_40_macro_intent_v1/episode-98795892-replay.json,ranks_21_40_macro_intent_v1,N001,1764,0,0.0
2561,98795918,1,25,16624276,Zejun_,55749262,2728.5,EpisodeType.EPISODE_TYPE_PUBLIC,Zejun_,shiiin9,115150.0,100894.0,WIN,exact,720,31450327,replays/ranks_21_40_macro_intent_v1/episode-98795918-replay.json,ranks_21_40_macro_intent_v1,N002,260,0,0.0
2562,98797822,0,22,16745006,UjjwalPardeshi,55754433,2734.7,EpisodeType.EPISODE_TYPE_PUBLIC,UjjwalPardeshi,Kazuo Watanabe,76868.0,61828.0,WIN,exact,720,31698200,replays/ranks_21_40_macro_intent_v1/episode-98797822-replay.json,ranks_21_40_macro_intent_v1,N001,1764,0,0.0
2563,98797896,0,29,16639507,Homii_N,55753519,2701.6,EpisodeType.EPISODE_TYPE_PUBLIC,Homii_N,lelelove1225,132651.0,123202.0,WIN,exact,720,31694821,replays/ranks_21_40_macro_intent_v1/episode-98797896-replay.json,ranks_21_40_macro_intent_v1,N001,1764,0,0.0
2564,98798062,1,26,16732714,Mforg,55751131,2719.8,EpisodeType.EPISODE_TYPE_PUBLIC,Mforg,Victor @ Tufa Labs,100761.0,94898.0,WIN,exact,720,31664367,replays/ranks_21_40_macro_intent_v1/episode-98798062-replay.json,ranks_21_40_macro_intent_v1,N001,1764,0,0.0
2565,98800100,0,22,16745006,UjjwalPardeshi,55754433,2734.7,EpisodeType.EPISODE_TYPE_PUBLIC,UjjwalPardeshi,lemon13418,122582.0,116462.0,WIN,exact,720,31727959,replays/ranks_21_40_macro_intent_v1/episode-98800100-replay.json,ranks_21_40_macro_intent_v1,N001,1764,0,0.0
2566,98800175,0,29,16639507,Homii_N,55753519,2701.6,EpisodeType.EPISODE_TYPE_PUBLIC,Homii_N,SOSyuki,106554.0,106501.0,WIN,exact,720,30937528,replays/ranks_21_40_macro_intent_v1/episode-98800175-replay.json,ranks_21_40_macro_intent_v1,N001,1764,0,0.020570458844304085
2567,98800328,1,26,16732714,Mforg,55751131,2719.8,EpisodeType.EPISODE_TYPE_PUBLIC,Mforg,tingyu516,75777.0,68232.0,WIN,exact,720,31340545,replays/ranks_21_40_macro_intent_v1/episode-98800328-replay.json,ranks_21_40_macro_intent_v1,N001,1764,0,0.0
2568,98800459,0,31,16635314,Aurora wy,55742603,2699.1,EpisodeType.EPISODE_TYPE_PUBLIC,Aurora wy,Kazama Yusuke,45057.0,39477.0,WIN,exact,720,31277746,replays/ranks_21_40_macro_intent_v1/episode-98800459-replay.json,ranks_21_40_macro_intent_v1,N001,1764,0,0.006399999838322401
2569,98802385,0,22,16745006,UjjwalPardeshi,55754433,2734.7,EpisodeType.EPISODE_TYPE_PUBLIC,UjjwalPardeshi,PrasadChopade213,140661.0,139688.0,WIN,exact,720,30957993,replays/ranks_21_40_macro_intent_v1/episode-98802385-replay.json,ranks_21_40_macro_intent_v1,N001,1764,0,0.020570458844304085
2570,98802454,0,29,16639507,Homii_N,55753519,2701.6,EpisodeType.EPISODE_TYPE_PUBLIC,Homii_N,Lucien de Rubempre,62604.0,56215.0,WIN,exact,720,30106910,replays/ranks_21_40_macro_intent_v1/episode-98802454-replay.json,ranks_21_40_macro_intent_v1,N001,1764,0,0.0
2571,98804671,1,22,16745006,UjjwalPardeshi,55754433,2734.7,EpisodeType.EPISODE_TYPE_PUBLIC,UjjwalPardeshi,tetsuya,82008.0,77630.0,WIN,exact,720,31435196,replays/ranks_21_40_macro_intent_v1/episode-98804671-replay.json,ranks_21_40_macro_intent_v1,N001,1764,0,0.0
2572,98804730,1,29,16639507,Homii_N,55753519,2701.6,EpisodeType.EPISODE_TYPE_PUBLIC,Homii_N,fufufukakaka,102107.0,67914.0,WIN,exact,720,27306757,replays/ranks_21_40_macro_intent_v1/episode-98804730-replay.json,ranks_21_40_macro_intent_v1,N001,1764,0,0.006399999838322401
2573,98804984,0,27,16630675,Lucien de Rubempre,55749795,2712.1,EpisodeType.EPISODE_TYPE_PUBLIC,Lucien de Rubempre,Egor Trushin,101842.0,97708.0,WIN,exact,720,30316606,replays/ranks_21_40_macro_intent_v1/episode-98804984-replay.json,ranks_21_40_macro_intent_v1,N002,260,0,0.0
2574,98804984,1,35,16670276,Egor Trushin,55724054,2692.1,EpisodeType.EPISODE_TYPE_PUBLIC,Egor Trushin,Lucien de Rubempre,97708.0,101842.0,LOSS,exact,720,30316606,replays/ranks_21_40_macro_intent_v1/episode-98804984-replay.json,ranks_21_40_macro_intent_v1,N002,260,0,0.0
2575,98806950,0,22,16745006,UjjwalPardeshi,55754433,2734.7,EpisodeType.EPISODE_TYPE_PUBLIC,UjjwalPardeshi,Matteo123383iend,86509.0,73496.0,WIN,exact,720,31576486,replays/ranks_21_40_macro_intent_v1/episode-98806950-replay.json,ranks_21_40_macro_intent_v1,N001,1764,0,0.0
2576,98807013,1,29,16639507,Homii_N,55753519,2701.6,EpisodeType.EPISODE_TYPE_PUBLIC,Homii_N,shinamonmon,87526.0,92139.0,LOSS,exact,720,30459262,replays/ranks_21_40_macro_intent_v1/episode-98807013-replay.json,ranks_21_40_macro_intent_v1,N003,247,0,0.0
2577,98807225,1,24,16685548,Erfan Eshratifar,55729097,2729.9,EpisodeType.EPISODE_TYPE_PUBLIC,Erfan Eshratifar,Tagir Analyzes,45744.0,56429.0,LOSS,exact,720,31810241,replays/ranks_21_40_macro_intent_v1/episode-98807225-replay.json,ranks_21_40_macro_intent_v1,N004,130,0,0.0
2578,98807279,1,25,16624276,Zejun_,55749262,2728.5,EpisodeType.EPISODE_TYPE_PUBLIC,Zejun_,Nat00,58077.0,58117.0,LOSS,exact,720,31720748,replays/ranks_21_40_macro_intent_v1/episode-98807279-replay.json,ranks_21_40_macro_intent_v1,N001,1764,0,0.0
2579,98809235,0,22,16745006,UjjwalPardeshi,55754433,2734.7,EpisodeType.EPISODE_TYPE_PUBLIC,UjjwalPardeshi,zjukop1,157039.0,156747.0,WIN,exact,720,31707874,replays/ranks_21_40_macro_intent_v1/episode-98809235-replay.json,ranks_21_40_macro_intent_v1,N001,1764,0,0.0
2580,98809286,0,29,16639507,Homii_N,55753519,2701.6,EpisodeType.EPISODE_TYPE_PUBLIC,Homii_N,Jiachen Li,83520.0,83520.0,TIE,exact,720,31079076,replays/ranks_21_40_macro_intent_v1/episode-98809286-replay.json,ranks_21_40_macro_intent_v1,N001,1764,0,0.020570458844304085
2581,98809582,0,23,16684954,Suneeth reddy,55747103,2730.9,EpisodeType.EPISODE_TYPE_PUBLIC,Suneeth reddy,Kaileh57,96174.0,106487.0,LOSS,exact,720,31383249,replays/ranks_21_40_macro_intent_v1/episode-98809582-replay.json,ranks_21_40_macro_intent_v1,N001,1764,0,0.020570458844304085
2582,98811527,1,22,16745006,UjjwalPardeshi,55754433,2734.7,EpisodeType.EPISODE_TYPE_PUBLIC,UjjwalPardeshi,Zejun_,91557.0,91212.0,WIN,exact,720,30957329,replays/ranks_21_40_macro_intent_v1/episode-98811527-replay.json,ranks_21_40_macro_intent_v1,N001,1764,0,0.020570458844304085
2583,98811571,1,29,16639507,Homii_N,55753519,2701.6,EpisodeType.EPISODE_TYPE_PUBLIC,Homii_N,Tom3,60349.0,60756.0,LOSS,exact,720,30750690,replays/ranks_21_40_macro_intent_v1/episode-98811571-replay.json,ranks_21_40_macro_intent_v1,N001,1764,0,0.020570458844304085
2584,98811571,0,36,16699741,Tom3,55743933,2684.9,EpisodeType.EPISODE_TYPE_PUBLIC,Tom3,Homii_N,60756.0,60349.0,WIN,exact,720,30750690,replays/ranks_21_40_macro_intent_v1/episode-98811571-replay.json,ranks_21_40_macro_intent_v1,N001,1764,0,0.0
2585,98811735,0,25,16624276,Zejun_,55749262,2728.5,EpisodeType.EPISODE_TYPE_PUBLIC,Zejun_,Ueddy,85837.0,84351.0,WIN,exact,720,31020777,replays/ranks_21_40_macro_intent_v1/episode-98811735-replay.json,ranks_21_40_macro_intent_v1,N001,1764,0,0.020570458844304085
2586,98811748,1,24,16685548,Erfan Eshratifar,55729097,2729.9,EpisodeType.EPISODE_TYPE_PUBLIC,Erfan Eshratifar,ReCurSiON,143110.0,126858.0,WIN,exact,720,31757170,replays/ranks_21_40_macro_intent_v1/episode-98811748-replay.json,ranks_21_40_macro_intent_v1,N004,130,0,0.057100776582956314
2587,98813805,1,22,16745006,UjjwalPardeshi,55754433,2734.7,EpisodeType.EPISODE_TYPE_PUBLIC,UjjwalPardeshi,JungHwan,53936.0,52214.0,WIN,exact,720,31615881,replays/ranks_21_40_macro_intent_v1/episode-98813805-replay.json,ranks_21_40_macro_intent_v1,N001,1764,0,0.0
2588,98813842,0,29,16639507,Homii_N,55753519,2701.6,EpisodeType.EPISODE_TYPE_PUBLIC,Homii_N,SOSyuki,94423.0,94423.0,TIE,exact,720,31091786,replays/ranks_21_40_macro_intent_v1/episode-98813842-replay.json,ranks_21_40_macro_intent_v1,N001,1764,0,0.020570458844304085
2589,98814036,0,39,16712714,MiMi,55741684,2682.8,EpisodeType.EPISODE_TYPE_PUBLIC,MiMi,tingyu516,95668.0,106572.0,LOSS,exact,720,31609366,replays/ranks_21_40_macro_intent_v1/episode-98814036-replay.json,ranks_21_40_macro_intent_v1,N070,2,1,0.0
2590,98814053,1,26,16732714,Mforg,55751131,2719.8,EpisodeType.EPISODE_TYPE_PUBLIC,Mforg,Homii_N,84492.0,84674.0,LOSS,exact,720,30923780,replays/ranks_21_40_macro_intent_v1/episode-98814053-replay.json,ranks_21_40_macro_intent_v1,N001,1764,0,0.020570458844304085
2591,98814053,0,29,16639507,Homii_N,55753519,2701.6,EpisodeType.EPISODE_TYPE_PUBLIC,Homii_N,Mforg,84674.0,84492.0,WIN,exact,720,30923780,replays/ranks_21_40_macro_intent_v1/episode-98814053-replay.json,ranks_21_40_macro_intent_v1,N001,1764,0,0.0
2592,98814094,1,35,16670276,Egor Trushin,55724054,2692.1,EpisodeType.EPISODE_TYPE_PUBLIC,Egor Trushin,nao.kwmr,56648.0,59995.0,LOSS,exact,720,31186009,replays/ranks_21_40_macro_intent_v1/episode-98814094-replay.json,ranks_21_40_macro_intent_v1,N001,1764,0,0.020570458844304085
2593,98816084,1,22,16745006,UjjwalPardeshi,55754433,2734.7,EpisodeType.EPISODE_TYPE_PUBLIC,UjjwalPardeshi,Forrest,72853.0,68323.0,WIN,exact,720,30897307,replays/ranks_21_40_macro_intent_v1/episode-98816084-replay.json,ranks_21_40_macro_intent_v1,N001,1764,0,0.020570458844304085
2594,98816101,0,31,16635314,Aurora wy,55742603,2699.1,EpisodeType.EPISODE_TYPE_PUBLIC,Aurora wy,Ivan Aleksandrov,68082.0,58918.0,WIN,exact,720,31293655,replays/ranks_21_40_macro_intent_v1/episode-98816101-replay.json,ranks_21_40_macro_intent_v1,N001,1764,0,0.0
2595,98816118,1,29,16639507,Homii_N,55753519,2701.6,EpisodeType.EPISODE_TYPE_PUBLIC,Homii_N,ReCurSiON,86924.0,89554.0,LOSS,exact,720,31993681,replays/ranks_21_40_macro_intent_v1/episode-98816118-replay.json,ranks_21_40_macro_intent_v1,N001,1764,0,0.0
2596,98816358,0,37,16742369,Ömer Faruk Yüce,55723563,2688.4,EpisodeType.EPISODE_TYPE_PUBLIC,Ömer Faruk Yüce,G!vIOne,76482.0,77416.0,LOSS,exact,720,30924768,replays/ranks_21_40_macro_intent_v1/episode-98816358-replay.json,ranks_21_40_macro_intent_v1,N001,1764,0,0.0
2597,98818383,1,22,16745006,UjjwalPardeshi,55754433,2734.7,EpisodeType.EPISODE_TYPE_PUBLIC,UjjwalPardeshi,Efe Can Celiksoy,66215.0,63355.0,WIN,exact,720,31827136,replays/ranks_21_40_macro_intent_v1/episode-98818383-replay.json,ranks_21_40_macro_intent_v1,N001,1764,0,0.0
2598,98818421,0,29,16639507,Homii_N,55753519,2701.6,EpisodeType.EPISODE_TYPE_PUBLIC,Homii_N,test_money,63824.0,63778.0,WIN,exact,720,30932177,replays/ranks_21_40_macro_intent_v1/episode-98818421-replay.json,ranks_21_40_macro_intent_v1,N003,247,0,0.0
2599,98818421,1,38,16633226,test_money,55726920,2683.9,EpisodeType.EPISODE_TYPE_PUBLIC,test_money,Homii_N,63778.0,63824.0,LOSS,exact,720,30932177,replays/ranks_21_40_macro_intent_v1/episode-98818421-replay.json,ranks_21_40_macro_intent_v1,N003,247,0,0.0
2600,98818694,0,25,16624276,Zejun_,55749262,2728.5,EpisodeType.EPISODE_TYPE_PUBLIC,Zejun_,Lucien de Rubempre,64174.0,64174.0,TIE,exact,720,31083185,replays/ranks_21_40_macro_intent_v1/episode-98818694-replay.json,ranks_21_40_macro_intent_v1,N001,1764,0,0.020570458844304085
2601,98818694,1,27,16630675,Lucien de Rubempre,55749795,2712.1,EpisodeType.EPISODE_TYPE_PUBLIC,Lucien de Rubempre,Zejun_,64174.0,64174.0,TIE,exact,720,31083185,replays/ranks_21_40_macro_intent_v1/episode-98818694-replay.json,ranks_21_40_macro_intent_v1,N001,1764,0,0.020570458844304085
2602,98818709,1,24,16685548,Erfan Eshratifar,55729097,2729.9,EpisodeType.EPISODE_TYPE_PUBLIC,Erfan Eshratifar,Lenin Goud,114502.0,110554.0,WIN,exact,720,31961712,replays/ranks_21_40_macro_intent_v1/episode-98818709-replay.json,ranks_21_40_macro_intent_v1,N004,130,0,0.057100776582956314
2603,98820683,0,22,16745006,UjjwalPardeshi,55754433,2734.7,EpisodeType.EPISODE_TYPE_PUBLIC,UjjwalPardeshi,Mforg,74848.0,72557.0,WIN,exact,720,32665037,replays/ranks_21_40_macro_intent_v1/episode-98820683-replay.json,ranks_21_40_macro_intent_v1,N001,1764,0,0.0
2604,98820722,0,29,16639507,Homii_N,55753519,2701.6,EpisodeType.EPISODE_TYPE_PUBLIC,Homii_N,srijan k.r keshri,128718.0,111030.0,WIN,exact,720,32082399,replays/ranks_21_40_macro_intent_v1/episode-98820722-replay.json,ranks_21_40_macro_intent_v1,N001,1764,0,0.0
2605,98820898,0,38,16633226,test_money,55726920,2683.9,EpisodeType.EPISODE_TYPE_PUBLIC,test_money,GPTatoes,103333.0,103333.0,TIE,exact,720,31088140,replays/ranks_21_40_macro_intent_v1/episode-98820898-replay.json,ranks_21_40_macro_intent_v1,N001,1764,0,0.020570458844304085
2606,98822981,1,22,16745006,UjjwalPardeshi,55754433,2734.7,EpisodeType.EPISODE_TYPE_PUBLIC,UjjwalPardeshi,Ivan Aleksandrov,72908.0,68249.0,WIN,exact,720,30944136,replays/ranks_21_40_macro_intent_v1/episode-98822981-replay.json,ranks_21_40_macro_intent_v1,N003,247,0,0.0
2607,98823016,1,29,16639507,Homii_N,55753519,2701.6,EpisodeType.EPISODE_TYPE_PUBLIC,Homii_N,ReCurSiON,145058.0,127638.0,WIN,exact,720,31440908,replays/ranks_21_40_macro_intent_v1/episode-98823016-replay.json,ranks_21_40_macro_intent_v1,N001,1764,0,0.0
2608,98825275,0,22,16745006,UjjwalPardeshi,55754433,2734.7,EpisodeType.EPISODE_TYPE_PUBLIC,UjjwalPardeshi,James Holland,94048.0,87840.0,WIN,exact,720,31599998,replays/ranks_21_40_macro_intent_v1/episode-98825275-replay.json,ranks_21_40_macro_intent_v1,N001,1764,0,0.0
2609,98825305,1,29,16639507,Homii_N,55753519,2701.6,EpisodeType.EPISODE_TYPE_PUBLIC,Homii_N,johnny,126978.0,120835.0,WIN,exact,720,30904198,replays/ranks_21_40_macro_intent_v1/episode-98825305-replay.json,ranks_21_40_macro_intent_v1,N001,1764,0,0.020570458844304085
2610,98827560,0,22,16745006,UjjwalPardeshi,55754433,2734.7,EpisodeType.EPISODE_TYPE_PUBLIC,UjjwalPardeshi,Homii_N,47834.0,47491.0,WIN,exact,720,30924049,replays/ranks_21_40_macro_intent_v1/episode-98827560-replay.json,ranks_21_40_macro_intent_v1,N001,1764,0,0.020570458844304085
2611,98827560,1,29,16639507,Homii_N,55753519,2701.6,EpisodeType.EPISODE_TYPE_PUBLIC,Homii_N,UjjwalPardeshi,47491.0,47834.0,LOSS,exact,720,30924049,replays/ranks_21_40_macro_intent_v1/episode-98827560-replay.json,ranks_21_40_macro_intent_v1,N001,1764,0,0.020570458844304085
2612,98827596,1,29,16639507,Homii_N,55753519,2701.6,EpisodeType.EPISODE_TYPE_PUBLIC,Homii_N,UtaAzu,52231.0,63785.0,LOSS,exact,720,30821714,replays/ranks_21_40_macro_intent_v1/episode-98827596-replay.json,ranks_21_40_macro_intent_v1,N001,1764,0,0.020570458844304085
2613,98827785,0,23,16684954,Suneeth reddy,55747103,2730.9,EpisodeType.EPISODE_TYPE_PUBLIC,Suneeth reddy,u,55717.0,52569.0,WIN,exact,720,30890413,replays/ranks_21_40_macro_intent_v1/episode-98827785-replay.json,ranks_21_40_macro_intent_v1,N001,1764,0,0.020570458844304085
2614,98827788,1,23,16684954,Suneeth reddy,55747103,2730.9,EpisodeType.EPISODE_TYPE_PUBLIC,Suneeth reddy,Ömer Faruk Yüce,106298.0,103203.0,WIN,exact,720,30961174,replays/ranks_21_40_macro_intent_v1/episode-98827788-replay.json,ranks_21_40_macro_intent_v1,N001,1764,0,0.020570458844304085
2615,98827788,0,37,16742369,Ömer Faruk Yüce,55723563,2688.4,EpisodeType.EPISODE_TYPE_PUBLIC,Ömer Faruk Yüce,Suneeth reddy,103203.0,106298.0,LOSS,exact,720,30961174,replays/ranks_21_40_macro_intent_v1/episode-98827788-replay.json,ranks_21_40_macro_intent_v1,N001,1764,0,0.0
2616,98829848,1,22,16745006,UjjwalPardeshi,55754433,2734.7,EpisodeType.EPISODE_TYPE_PUBLIC,UjjwalPardeshi,SaiKushal185,125547.0,122671.0,WIN,exact,720,31703438,replays/ranks_21_40_macro_intent_v1/episode-98829848-replay.json,ranks_21_40_macro_intent_v1,N001,1764,0,0.0
2617,98829887,0,23,16684954,Suneeth reddy,55747103,2730.9,EpisodeType.EPISODE_TYPE_PUBLIC,Suneeth reddy,Homii_N,58168.0,64976.0,LOSS,exact,720,30926142,replays/ranks_21_40_macro_intent_v1/episode-98829887-replay.json,ranks_21_40_macro_intent_v1,N001,1764,0,0.020570458844304085
2618,98829887,1,29,16639507,Homii_N,55753519,2701.6,EpisodeType.EPISODE_TYPE_PUBLIC,Homii_N,Suneeth reddy,64976.0,58168.0,WIN,exact,720,30926142,replays/ranks_21_40_macro_intent_v1/episode-98829887-replay.json,ranks_21_40_macro_intent_v1,N001,1764,0,0.0
2619,98832139,0,22,16745006,UjjwalPardeshi,55754433,2734.7,EpisodeType.EPISODE_TYPE_PUBLIC,UjjwalPardeshi,satoooh,101602.0,100973.0,WIN,exact,720,30860535,replays/ranks_21_40_macro_intent_v1/episode-98832139-replay.json,ranks_21_40_macro_intent_v1,N001,1764,0,0.020570458844304085
2620,98832180,1,29,16639507,Homii_N,55753519,2701.6,EpisodeType.EPISODE_TYPE_PUBLIC,Homii_N,StackKnight,105898.0,95022.0,WIN,exact,720,31699012,replays/ranks_21_40_macro_intent_v1/episode-98832180-replay.json,ranks_21_40_macro_intent_v1,N001,1764,0,0.0
2621,98832400,0,27,16630675,Lucien de Rubempre,55749795,2712.1,EpisodeType.EPISODE_TYPE_PUBLIC,Lucien de Rubempre,Ömer Faruk Yüce,71470.0,71470.0,TIE,exact,720,31437342,replays/ranks_21_40_macro_intent_v1/episode-98832400-replay.json,ranks_21_40_macro_intent_v1,N001,1764,0,0.0
2622,98832400,1,37,16742369,Ömer Faruk Yüce,55723563,2688.4,EpisodeType.EPISODE_TYPE_PUBLIC,Ömer Faruk Yüce,Lucien de Rubempre,71470.0,71470.0,TIE,exact,720,31437342,replays/ranks_21_40_macro_intent_v1/episode-98832400-replay.json,ranks_21_40_macro_intent_v1,N001,1764,0,0.0
2623,98832403,1,24,16685548,Erfan Eshratifar,55729097,2729.9,EpisodeType.EPISODE_TYPE_PUBLIC,Erfan Eshratifar,Mforg,105720.0,103859.0,WIN,exact,720,31910096,replays/ranks_21_40_macro_intent_v1/episode-98832403-replay.json,ranks_21_40_macro_intent_v1,N004,130,0,0.0
2624,98832403,0,26,16732714,Mforg,55751131,2719.8,EpisodeType.EPISODE_TYPE_PUBLIC,Mforg,Erfan Eshratifar,103859.0,105720.0,LOSS,exact,720,31910096,replays/ranks_21_40_macro_intent_v1/episode-98832403-replay.json,ranks_21_40_macro_intent_v1,N001,1764,0,0.0
2625,98834418,1,22,16745006,UjjwalPardeshi,55754433,2734.7,EpisodeType.EPISODE_TYPE_PUBLIC,UjjwalPardeshi,Ömer Faruk Yüce,80378.0,80235.0,WIN,exact,720,31020134,replays/ranks_21_40_macro_intent_v1/episode-98834418-replay.json,ranks_21_40_macro_intent_v1,N001,1764,0,0.020570458844304085
2626,98834418,0,37,16742369,Ömer Faruk Yüce,55723563,2688.4,EpisodeType.EPISODE_TYPE_PUBLIC,Ömer Faruk Yüce,UjjwalPardeshi,80235.0,80378.0,LOSS,exact,720,31020134,replays/ranks_21_40_macro_intent_v1/episode-98834418-replay.json,ranks_21_40_macro_intent_v1,N001,1764,0,0.0
2627,98834455,0,29,16639507,Homii_N,55753519,2701.6,EpisodeType.EPISODE_TYPE_PUBLIC,Homii_N,Arda Ceylan,99417.0,100582.0,LOSS,exact,720,30274528,replays/ranks_21_40_macro_intent_v1/episode-98834455-replay.json,ranks_21_40_macro_intent_v1,N002,260,0,0.0
2628,98836697,0,22,16745006,UjjwalPardeshi,55754433,2734.7,EpisodeType.EPISODE_TYPE_PUBLIC,UjjwalPardeshi,shinamonmon,62491.0,61894.0,WIN,exact,720,31020277,replays/ranks_21_40_macro_intent_v1/episode-98836697-replay.json,ranks_21_40_macro_intent_v1,N001,1764,0,0.020570458844304085
2629,98836724,1,29,16639507,Homii_N,55753519,2701.6,EpisodeType.EPISODE_TYPE_PUBLIC,Homii_N,MiMi,49535.0,64971.0,LOSS,exact,720,29804947,replays/ranks_21_40_macro_intent_v1/episode-98836724-replay.json,ranks_21_40_macro_intent_v1,N003,247,0,0.0
2630,98836724,0,39,16712714,MiMi,55741684,2682.8,EpisodeType.EPISODE_TYPE_PUBLIC,MiMi,Homii_N,64971.0,49535.0,WIN,exact,720,29804947,replays/ranks_21_40_macro_intent_v1/episode-98836724-replay.json,ranks_21_40_macro_intent_v1,N636,1,1,0.0
2631,98838988,0,22,16745006,UjjwalPardeshi,55754433,2734.7,EpisodeType.EPISODE_TYPE_PUBLIC,UjjwalPardeshi,Jiachen Li,38332.0,37992.0,WIN,exact,720,30903920,replays/ranks_21_40_macro_intent_v1/episode-98838988-replay.json,ranks_21_40_macro_intent_v1,N001,1764,0,0.020570458844304085
2632,98839026,0,29,16639507,Homii_N,55753519,2701.6,EpisodeType.EPISODE_TYPE_PUBLIC,Homii_N,Hongxin Su,70497.0,70549.0,LOSS,exact,720,30920743,replays/ranks_21_40_macro_intent_v1/episode-98839026-replay.json,ranks_21_40_macro_intent_v1,N001,1764,0,0.020570458844304085
2633,98841281,1,22,16745006,UjjwalPardeshi,55754433,2734.7,EpisodeType.EPISODE_TYPE_PUBLIC,UjjwalPardeshi,ReCurSiON,55512.0,56578.0,LOSS,exact,720,31505839,replays/ranks_21_40_macro_intent_v1/episode-98841281-replay.json,ranks_21_40_macro_intent_v1,N001,1764,0,0.0
2634,98841326,0,26,16732714,Mforg,55751131,2719.8,EpisodeType.EPISODE_TYPE_PUBLIC,Mforg,Homii_N,111571.0,109147.0,WIN,exact,720,30940677,replays/ranks_21_40_macro_intent_v1/episode-98841326-replay.json,ranks_21_40_macro_intent_v1,N001,1764,0,0.020570458844304085
2635,98841326,1,29,16639507,Homii_N,55753519,2701.6,EpisodeType.EPISODE_TYPE_PUBLIC,Homii_N,Mforg,109147.0,111571.0,LOSS,exact,720,30940677,replays/ranks_21_40_macro_intent_v1/episode-98841326-replay.json,ranks_21_40_macro_intent_v1,N001,1764,0,0.0
2636,98841502,1,26,16732714,Mforg,55751131,2719.8,EpisodeType.EPISODE_TYPE_PUBLIC,Mforg,shivam saini,137828.0,129027.0,WIN,exact,720,31393911,replays/ranks_21_40_macro_intent_v1/episode-98841502-replay.json,ranks_21_40_macro_intent_v1,N001,1764,0,0.0
2637,98841506,0,24,16685548,Erfan Eshratifar,55729097,2729.9,EpisodeType.EPISODE_TYPE_PUBLIC,Erfan Eshratifar,GUAM,109458.0,114037.0,LOSS,exact,720,31852698,replays/ranks_21_40_macro_intent_v1/episode-98841506-replay.json,ranks_21_40_macro_intent_v1,N004,130,0,0.0
2638,98841511,1,36,16699741,Tom3,55743933,2684.9,EpisodeType.EPISODE_TYPE_PUBLIC,Tom3,カワシギ,115126.0,131348.0,LOSS,exact,720,30786667,replays/ranks_21_40_macro_intent_v1/episode-98841511-replay.json,ranks_21_40_macro_intent_v1,N002,260,0,0.01494420412927866
2639,98843577,1,22,16745006,UjjwalPardeshi,55754433,2734.7,EpisodeType.EPISODE_TYPE_PUBLIC,UjjwalPardeshi,TerraLogic Labs,112970.0,127744.0,LOSS,exact,720,30459568,replays/ranks_21_40_macro_intent_v1/episode-98843577-replay.json,ranks_21_40_macro_intent_v1,N003,247,0,0.0
2640,98843613,1,29,16639507,Homii_N,55753519,2701.6,EpisodeType.EPISODE_TYPE_PUBLIC,Homii_N,satoooh,75237.0,73181.0,WIN,exact,720,30904308,replays/ranks_21_40_macro_intent_v1/episode-98843613-replay.json,ranks_21_40_macro_intent_v1,N001,1764,0,0.020570458844304085
2641,98845865,1,22,16745006,UjjwalPardeshi,55754433,2734.7,EpisodeType.EPISODE_TYPE_PUBLIC,UjjwalPardeshi,GPTatoes,63882.0,62279.0,WIN,exact,720,32659787,replays/ranks_21_40_macro_intent_v1/episode-98845865-replay.json,ranks_21_40_macro_intent_v1,N001,1764,0,0.0
2642,98845904,1,29,16639507,Homii_N,55753519,2701.6,EpisodeType.EPISODE_TYPE_PUBLIC,Homii_N,Arda Ceylan,41147.0,42552.0,LOSS,exact,720,31356779,replays/ranks_21_40_macro_intent_v1/episode-98845904-replay.json,ranks_21_40_macro_intent_v1,N001,1764,0,0.0
2643,98846032,1,25,16624276,Zejun_,55749262,2728.5,EpisodeType.EPISODE_TYPE_PUBLIC,Zejun_,カワシギ,95286.0,96351.0,LOSS,exact,720,31471006,replays/ranks_21_40_macro_intent_v1/episode-98846032-replay.json,ranks_21_40_macro_intent_v1,N002,260,0,0.0
2644,98846100,0,36,16699741,Tom3,55743933,2684.9,EpisodeType.EPISODE_TYPE_PUBLIC,Tom3,カワシギ,139769.0,131597.0,WIN,exact,720,31608570,replays/ranks_21_40_macro_intent_v1/episode-98846100-replay.json,ranks_21_40_macro_intent_v1,N001,1764,0,0.0
2645,98848156,1,22,16745006,UjjwalPardeshi,55754433,2734.7,EpisodeType.EPISODE_TYPE_PUBLIC,UjjwalPardeshi,Mforg,89205.0,92827.0,LOSS,exact,720,30783005,replays/ranks_21_40_macro_intent_v1/episode-98848156-replay.json,ranks_21_40_macro_intent_v1,N003,247,0,0.0
2646,98848156,0,26,16732714,Mforg,55751131,2719.8,EpisodeType.EPISODE_TYPE_PUBLIC,Mforg,UjjwalPardeshi,92827.0,89205.0,WIN,exact,720,30783005,replays/ranks_21_40_macro_intent_v1/episode-98848156-replay.json,ranks_21_40_macro_intent_v1,N003,247,0,0.0
2647,98848196,0,29,16639507,Homii_N,55753519,2701.6,EpisodeType.EPISODE_TYPE_PUBLIC,Homii_N,Tagir Analyzes,108688.0,107939.0,WIN,exact,720,30859471,replays/ranks_21_40_macro_intent_v1/episode-98848196-replay.json,ranks_21_40_macro_intent_v1,N001,1764,0,0.020570458844304085
2648,98850443,0,22,16745006,UjjwalPardeshi,55754433,2734.7,EpisodeType.EPISODE_TYPE_PUBLIC,UjjwalPardeshi,fufufukakaka,44967.0,45779.0,LOSS,exact,720,30164072,replays/ranks_21_40_macro_intent_v1/episode-98850443-replay.json,ranks_21_40_macro_intent_v1,N001,1764,0,0.0
2649,98850459,0,27,16630675,Lucien de Rubempre,55749795,2712.1,EpisodeType.EPISODE_TYPE_PUBLIC,Lucien de Rubempre,WeAreFarmers,69754.0,69833.0,LOSS,exact,720,32667458,replays/ranks_21_40_macro_intent_v1/episode-98850459-replay.json,ranks_21_40_macro_intent_v1,N001,1764,0,0.0
2650,98850484,1,29,16639507,Homii_N,55753519,2701.6,EpisodeType.EPISODE_TYPE_PUBLIC,Homii_N,tingyu516,68211.0,68590.0,LOSS,exact,720,30986509,replays/ranks_21_40_macro_intent_v1/episode-98850484-replay.json,ranks_21_40_macro_intent_v1,N001,1764,0,0.02120119333267212
2651,98850623,1,24,16685548,Erfan Eshratifar,55729097,2729.9,EpisodeType.EPISODE_TYPE_PUBLIC,Erfan Eshratifar,Egor Trushin,73226.0,68537.0,WIN,exact,720,31909140,replays/ranks_21_40_macro_intent_v1/episode-98850623-replay.json,ranks_21_40_macro_intent_v1,N004,130,0,0.0
2652,98850623,0,35,16670276,Egor Trushin,55724054,2692.1,EpisodeType.EPISODE_TYPE_PUBLIC,Egor Trushin,Erfan Eshratifar,68537.0,73226.0,LOSS,exact,720,31909140,replays/ranks_21_40_macro_intent_v1/episode-98850623-replay.json,ranks_21_40_macro_intent_v1,N001,1764,0,0.0
2653,98852727,1,22,16745006,UjjwalPardeshi,55754433,2734.7,EpisodeType.EPISODE_TYPE_PUBLIC,UjjwalPardeshi,Jiachen Li,60856.0,60533.0,WIN,exact,720,31627533,replays/ranks_21_40_macro_intent_v1/episode-98852727-replay.json,ranks_21_40_macro_intent_v1,N001,1764,0,0.0
2654,98852748,0,39,16712714,MiMi,55741684,2682.8,EpisodeType.EPISODE_TYPE_PUBLIC,MiMi,WeAreFarmers,50198.0,46110.0,WIN,exact,720,30233103,replays/ranks_21_40_macro_intent_v1/episode-98852748-replay.json,ranks_21_40_macro_intent_v1,N676,1,1,0.0
2655,98852770,1,29,16639507,Homii_N,55753519,2701.6,EpisodeType.EPISODE_TYPE_PUBLIC,Homii_N,GPTatoes,94558.0,91420.0,WIN,exact,720,30299801,replays/ranks_21_40_macro_intent_v1/episode-98852770-replay.json,ranks_21_40_macro_intent_v1,N002,260,0,0.0
2656,98852885,1,31,16635314,Aurora wy,55742603,2699.1,EpisodeType.EPISODE_TYPE_PUBLIC,Aurora wy,Tom3,94339.0,82361.0,WIN,exact,720,31101375,replays/ranks_21_40_macro_intent_v1/episode-98852885-replay.json,ranks_21_40_macro_intent_v1,N001,1764,0,0.0
2657,98852885,0,36,16699741,Tom3,55743933,2684.9,EpisodeType.EPISODE_TYPE_PUBLIC,Tom3,Aurora wy,82361.0,94339.0,LOSS,exact,720,31101375,replays/ranks_21_40_macro_intent_v1/episode-98852885-replay.json,ranks_21_40_macro_intent_v1,N001,1764,0,0.020570458844304085
2658,98855021,0,22,16745006,UjjwalPardeshi,55754433,2734.7,EpisodeType.EPISODE_TYPE_PUBLIC,UjjwalPardeshi,Homii_N,102785.0,103234.0,LOSS,exact,720,30932779,replays/ranks_21_40_macro_intent_v1/episode-98855021-replay.json,ranks_21_40_macro_intent_v1,N001,1764,0,0.020570458844304085
2659,98855021,1,29,16639507,Homii_N,55753519,2701.6,EpisodeType.EPISODE_TYPE_PUBLIC,Homii_N,UjjwalPardeshi,103234.0,102785.0,WIN,exact,720,30932779,replays/ranks_21_40_macro_intent_v1/episode-98855021-replay.json,ranks_21_40_macro_intent_v1,N001,1764,0,0.020570458844304085
2660,98855063,1,22,16745006,UjjwalPardeshi,55754433,2734.7,EpisodeType.EPISODE_TYPE_PUBLIC,UjjwalPardeshi,Homii_N,92698.0,92844.0,LOSS,exact,720,30268217,replays/ranks_21_40_macro_intent_v1/episode-98855063-replay.json,ranks_21_40_macro_intent_v1,N002,260,0,0.0
2661,98855063,0,29,16639507,Homii_N,55753519,2701.6,EpisodeType.EPISODE_TYPE_PUBLIC,Homii_N,UjjwalPardeshi,92844.0,92698.0,WIN,exact,720,30268217,replays/ranks_21_40_macro_intent_v1/episode-98855063-replay.json,ranks_21_40_macro_intent_v1,N002,260,0,0.0
2662,98855242,0,33,16674312,yuxuan,55757156,2694.7,EpisodeType.EPISODE_TYPE_VALIDATION,yuxuan,yuxuan,64149.0,64149.0,TIE,exact,720,31100335,replays/ranks_21_40_macro_intent_v1/episode-98855242-replay.json,ranks_21_40_macro_intent_v1,N001,1764,0,0.020570458844304085
2663,98855242,1,33,16674312,yuxuan,55757156,2694.7,EpisodeType.EPISODE_TYPE_VALIDATION,yuxuan,yuxuan,64149.0,64149.0,TIE,exact,720,31100335,replays/ranks_21_40_macro_intent_v1/episode-98855242-replay.json,ranks_21_40_macro_intent_v1,N001,1764,0,0.020570458844304085
2664,98857297,1,22,16745006,UjjwalPardeshi,55754433,2734.7,EpisodeType.EPISODE_TYPE_PUBLIC,UjjwalPardeshi,Kaan Dınız,72753.0,57799.0,WIN,exact,720,30556466,replays/ranks_21_40_macro_intent_v1/episode-98857297-replay.json,ranks_21_40_macro_intent_v1,N003,247,0,0.0
2665,98857346,0,29,16639507,Homii_N,55753519,2701.6,EpisodeType.EPISODE_TYPE_PUBLIC,Homii_N,srijan k.r keshri,87428.0,90723.0,LOSS,exact,720,31124434,replays/ranks_21_40_macro_intent_v1/episode-98857346-replay.json,ranks_21_40_macro_intent_v1,N003,247,0,0.0
2666,98859470,0,33,16674312,yuxuan,55757156,2694.7,EpisodeType.EPISODE_TYPE_PUBLIC,yuxuan,Aarush pandey,78247.0,50911.0,WIN,exact,720,29575945,replays/ranks_21_40_macro_intent_v1/episode-98859470-replay.json,ranks_21_40_macro_intent_v1,N001,1764,0,0.0
2667,98859585,0,22,16745006,UjjwalPardeshi,55754433,2734.7,EpisodeType.EPISODE_TYPE_PUBLIC,UjjwalPardeshi,Lucien de Rubempre,78677.0,78599.0,WIN,exact,720,30297610,replays/ranks_21_40_macro_intent_v1/episode-98859585-replay.json,ranks_21_40_macro_intent_v1,N002,260,0,0.0
2668,98859585,1,27,16630675,Lucien de Rubempre,55749795,2712.1,EpisodeType.EPISODE_TYPE_PUBLIC,Lucien de Rubempre,UjjwalPardeshi,78599.0,78677.0,LOSS,exact,720,30297610,replays/ranks_21_40_macro_intent_v1/episode-98859585-replay.json,ranks_21_40_macro_intent_v1,N002,260,0,0.0
2669,98859632,1,29,16639507,Homii_N,55753519,2701.6,EpisodeType.EPISODE_TYPE_PUBLIC,Homii_N,test_money,54034.0,52807.0,WIN,exact,720,31008845,replays/ranks_21_40_macro_intent_v1/episode-98859632-replay.json,ranks_21_40_macro_intent_v1,N001,1764,0,0.020570458844304085
2670,98859632,0,38,16633226,test_money,55726920,2683.9,EpisodeType.EPISODE_TYPE_PUBLIC,test_money,Homii_N,52807.0,54034.0,LOSS,exact,720,31008845,replays/ranks_21_40_macro_intent_v1/episode-98859632-replay.json,ranks_21_40_macro_intent_v1,N001,1764,0,0.0
2671,98859722,0,25,16624276,Zejun_,55749262,2728.5,EpisodeType.EPISODE_TYPE_PUBLIC,Zejun_,test_money,58112.0,54447.0,WIN,exact,720,30672602,replays/ranks_21_40_macro_intent_v1/episode-98859722-replay.json,ranks_21_40_macro_intent_v1,N001,1764,0,0.020570458844304085
2672,98859722,1,38,16633226,test_money,55726920,2683.9,EpisodeType.EPISODE_TYPE_PUBLIC,test_money,Zejun_,54447.0,58112.0,LOSS,exact,720,30672602,replays/ranks_21_40_macro_intent_v1/episode-98859722-replay.json,ranks_21_40_macro_intent_v1,N001,1764,0,0.020570458844304085
2673,98861738,1,33,16674312,yuxuan,55757156,2694.7,EpisodeType.EPISODE_TYPE_PUBLIC,yuxuan,Michael van Mill,144397.0,82981.0,WIN,exact,720,27096596,replays/ranks_21_40_macro_intent_v1/episode-98861738-replay.json,ranks_21_40_macro_intent_v1,N001,1764,0,0.0
2674,98861871,1,22,16745006,UjjwalPardeshi,55754433,2734.7,EpisodeType.EPISODE_TYPE_PUBLIC,UjjwalPardeshi,WeAreFarmers,117186.0,119032.0,LOSS,exact,720,30951189,replays/ranks_21_40_macro_intent_v1/episode-98861871-replay.json,ranks_21_40_macro_intent_v1,N003,247,0,0.0
2675,98861918,1,29,16639507,Homii_N,55753519,2701.6,EpisodeType.EPISODE_TYPE_PUBLIC,Homii_N,TerraLogic Labs,72487.0,83371.0,LOSS,exact,720,30689280,replays/ranks_21_40_macro_intent_v1/episode-98861918-replay.json,ranks_21_40_macro_intent_v1,N003,247,0,0.0
2676,98864005,0,33,16674312,yuxuan,55757156,2694.7,EpisodeType.EPISODE_TYPE_PUBLIC,yuxuan,Yeh!AIGame,124561.0,60792.0,WIN,exact,720,27519762,replays/ranks_21_40_macro_intent_v1/episode-98864005-replay.json,ranks_21_40_macro_intent_v1,N001,1764,0,0.0
2677,98864165,0,22,16745006,UjjwalPardeshi,55754433,2734.7,EpisodeType.EPISODE_TYPE_PUBLIC,UjjwalPardeshi,srijan k.r keshri,90841.0,95976.0,LOSS,exact,720,31348062,replays/ranks_21_40_macro_intent_v1/episode-98864165-replay.json,ranks_21_40_macro_intent_v1,N003,247,0,0.0
2678,98864187,0,25,16624276,Zejun_,55749262,2728.5,EpisodeType.EPISODE_TYPE_PUBLIC,Zejun_,WeAreFarmers,71108.0,71397.0,LOSS,exact,720,31102120,replays/ranks_21_40_macro_intent_v1/episode-98864187-replay.json,ranks_21_40_macro_intent_v1,N001,1764,0,0.020570458844304085
2679,98864209,0,29,16639507,Homii_N,55753519,2701.6,EpisodeType.EPISODE_TYPE_PUBLIC,Homii_N,Hongxin Su,50074.0,48668.0,WIN,exact,720,30930479,replays/ranks_21_40_macro_intent_v1/episode-98864209-replay.json,ranks_21_40_macro_intent_v1,N001,1764,0,0.020570458844304085
2680,98864213,1,22,16745006,UjjwalPardeshi,55754433,2734.7,EpisodeType.EPISODE_TYPE_PUBLIC,UjjwalPardeshi,UtaAzu,58999.0,58663.0,WIN,exact,720,30926466,replays/ranks_21_40_macro_intent_v1/episode-98864213-replay.json,ranks_21_40_macro_intent_v1,N001,1764,0,0.020570458844304085
2681,98866278,1,33,16674312,yuxuan,55757156,2694.7,EpisodeType.EPISODE_TYPE_PUBLIC,yuxuan,Haozhe Wang 2022,100854.0,89678.0,WIN,exact,720,30992637,replays/ranks_21_40_macro_intent_v1/episode-98866278-replay.json,ranks_21_40_macro_intent_v1,N001,1764,0,0.0
2682,98866455,1,22,16745006,UjjwalPardeshi,55754433,2734.7,EpisodeType.EPISODE_TYPE_PUBLIC,UjjwalPardeshi,tingyu516,80554.0,82181.0,LOSS,exact,720,32246098,replays/ranks_21_40_macro_intent_v1/episode-98866455-replay.json,ranks_21_40_macro_intent_v1,N001,1764,0,0.0
2683,98866470,1,23,16684954,Suneeth reddy,55747103,2730.9,EpisodeType.EPISODE_TYPE_PUBLIC,Suneeth reddy,WeAreFarmers,89942.0,90150.0,LOSS,exact,720,30932109,replays/ranks_21_40_macro_intent_v1/episode-98866470-replay.json,ranks_21_40_macro_intent_v1,N001,1764,0,0.020570458844304085
2684,98866494,1,22,16745006,UjjwalPardeshi,55754433,2734.7,EpisodeType.EPISODE_TYPE_PUBLIC,UjjwalPardeshi,Homii_N,143841.0,144886.0,LOSS,exact,720,31624988,replays/ranks_21_40_macro_intent_v1/episode-98866494-replay.json,ranks_21_40_macro_intent_v1,N001,1764,0,0.0
2685,98866494,0,29,16639507,Homii_N,55753519,2701.6,EpisodeType.EPISODE_TYPE_PUBLIC,Homii_N,UjjwalPardeshi,144886.0,143841.0,WIN,exact,720,31624988,replays/ranks_21_40_macro_intent_v1/episode-98866494-replay.json,ranks_21_40_macro_intent_v1,N001,1764,0,0.006399999838322401
2686,98866643,0,32,16685450,Nadeem,55757473,2695.7,EpisodeType.EPISODE_TYPE_VALIDATION,Nadeem,Nadeem,64149.0,64149.0,TIE,exact,720,31100335,replays/ranks_21_40_macro_intent_v1/episode-98866643-replay.json,ranks_21_40_macro_intent_v1,N001,1764,0,0.020570458844304085
2687,98866643,1,32,16685450,Nadeem,55757473,2695.7,EpisodeType.EPISODE_TYPE_VALIDATION,Nadeem,Nadeem,64149.0,64149.0,TIE,exact,720,31100335,replays/ranks_21_40_macro_intent_v1/episode-98866643-replay.json,ranks_21_40_macro_intent_v1,N001,1764,0,0.020570458844304085
2688,98868544,0,33,16674312,yuxuan,55757156,2694.7,EpisodeType.EPISODE_TYPE_PUBLIC,yuxuan,Jules,61233.0,47504.0,WIN,exact,720,29419460,replays/ranks_21_40_macro_intent_v1/episode-98868544-replay.json,ranks_21_40_macro_intent_v1,N001,1764,0,0.0
2689,98868735,0,22,16745006,UjjwalPardeshi,55754433,2734.7,EpisodeType.EPISODE_TYPE_PUBLIC,UjjwalPardeshi,johnny,84910.0,85893.0,LOSS,exact,720,31095533,replays/ranks_21_40_macro_intent_v1/episode-98868735-replay.json,ranks_21_40_macro_intent_v1,N001,1764,0,0.020570458844304085
2690,98868776,1,27,16630675,Lucien de Rubempre,55749795,2712.1,EpisodeType.EPISODE_TYPE_PUBLIC,Lucien de Rubempre,Homii_N,109972.0,109804.0,WIN,exact,720,30285035,replays/ranks_21_40_macro_intent_v1/episode-98868776-replay.json,ranks_21_40_macro_intent_v1,N002,260,0,0.0
2691,98868776,0,29,16639507,Homii_N,55753519,2701.6,EpisodeType.EPISODE_TYPE_PUBLIC,Homii_N,Lucien de Rubempre,109804.0,109972.0,LOSS,exact,720,30285035,replays/ranks_21_40_macro_intent_v1/episode-98868776-replay.json,ranks_21_40_macro_intent_v1,N002,260,0,0.0
2692,98870829,0,33,16674312,yuxuan,55757156,2694.7,EpisodeType.EPISODE_TYPE_PUBLIC,yuxuan,I2nfinit3y,76317.0,63856.0,WIN,exact,720,31794414,replays/ranks_21_40_macro_intent_v1/episode-98870829-replay.json,ranks_21_40_macro_intent_v1,N001,1764,0,0.0
2693,98870871,1,32,16685450,Nadeem,55757473,2695.7,EpisodeType.EPISODE_TYPE_PUBLIC,Nadeem,Prajwal Nivangune,182727.0,24646.0,WIN,exact,720,23148566,replays/ranks_21_40_macro_intent_v1/episode-98870871-replay.json,ranks_21_40_macro_intent_v1,N001,1764,0,0.006399999838322401
2694,98871024,1,22,16745006,UjjwalPardeshi,55754433,2734.7,EpisodeType.EPISODE_TYPE_PUBLIC,UjjwalPardeshi,StackKnight,91672.0,87846.0,WIN,exact,720,31482362,replays/ranks_21_40_macro_intent_v1/episode-98871024-replay.json,ranks_21_40_macro_intent_v1,N002,260,0,0.0
2695,98871043,1,29,16639507,Homii_N,55753519,2701.6,EpisodeType.EPISODE_TYPE_PUBLIC,Homii_N,Egor Trushin,87916.0,84665.0,WIN,exact,720,30309012,replays/ranks_21_40_macro_intent_v1/episode-98871043-replay.json,ranks_21_40_macro_intent_v1,N002,260,0,0.0
2696,98871043,0,35,16670276,Egor Trushin,55724054,2692.1,EpisodeType.EPISODE_TYPE_PUBLIC,Egor Trushin,Homii_N,84665.0,87916.0,LOSS,exact,720,30309012,replays/ranks_21_40_macro_intent_v1/episode-98871043-replay.json,ranks_21_40_macro_intent_v1,N002,260,0,0.0
2697,98871073,0,23,16684954,Suneeth reddy,55747103,2730.9,EpisodeType.EPISODE_TYPE_PUBLIC,Suneeth reddy,UtaAzu,78157.0,78157.0,TIE,exact,720,27297858,replays/ranks_21_40_macro_intent_v1/episode-98871073-replay.json,ranks_21_40_macro_intent_v1,N036,4,0,0.0
2698,98871210,0,28,16689430,Terry Luo,55757614,2711.2,EpisodeType.EPISODE_TYPE_VALIDATION,Terry Luo,Terry Luo,64149.0,64149.0,TIE,exact,720,31090281,replays/ranks_21_40_macro_intent_v1/episode-98871210-replay.json,ranks_21_40_macro_intent_v1,N001,1764,0,0.020570458844304085
2699,98871210,1,28,16689430,Terry Luo,55757614,2711.2,EpisodeType.EPISODE_TYPE_VALIDATION,Terry Luo,Terry Luo,64149.0,64149.0,TIE,exact,720,31090281,replays/ranks_21_40_macro_intent_v1/episode-98871210-replay.json,ranks_21_40_macro_intent_v1,N001,1764,0,0.020570458844304085
2700,98873106,1,33,16674312,yuxuan,55757156,2694.7,EpisodeType.EPISODE_TYPE_PUBLIC,yuxuan,Yuzuki,89751.0,65673.0,WIN,exact,720,30902443,replays/ranks_21_40_macro_intent_v1/episode-98873106-replay.json,ranks_21_40_macro_intent_v1,N001,1764,0,0.0
2701,98873145,0,32,16685450,Nadeem,55757473,2695.7,EpisodeType.EPISODE_TYPE_PUBLIC,Nadeem,Cole,145369.0,70631.0,WIN,exact,720,26115651,replays/ranks_21_40_macro_intent_v1/episode-98873145-replay.json,ranks_21_40_macro_intent_v1,N003,247,0,0.0
2702,98873314,1,22,16745006,UjjwalPardeshi,55754433,2734.7,EpisodeType.EPISODE_TYPE_PUBLIC,UjjwalPardeshi,Homii_N,73984.0,63066.0,WIN,exact,720,30979353,replays/ranks_21_40_macro_intent_v1/episode-98873314-replay.json,ranks_21_40_macro_intent_v1,N001,1764,0,0.0
2703,98873314,0,29,16639507,Homii_N,55753519,2701.6,EpisodeType.EPISODE_TYPE_PUBLIC,Homii_N,UjjwalPardeshi,63066.0,73984.0,LOSS,exact,720,30979353,replays/ranks_21_40_macro_intent_v1/episode-98873314-replay.json,ranks_21_40_macro_intent_v1,N001,1764,0,0.020570458844304085
2704,98873326,1,23,16684954,Suneeth reddy,55747103,2730.9,EpisodeType.EPISODE_TYPE_PUBLIC,Suneeth reddy,WeAreFarmers,124218.0,124421.0,LOSS,exact,720,30319819,replays/ranks_21_40_macro_intent_v1/episode-98873326-replay.json,ranks_21_40_macro_intent_v1,N002,260,0,0.0
2705,98873351,0,27,16630675,Lucien de Rubempre,55749795,2712.1,EpisodeType.EPISODE_TYPE_PUBLIC,Lucien de Rubempre,Homii_N,119950.0,119950.0,TIE,exact,720,30959826,replays/ranks_21_40_macro_intent_v1/episode-98873351-replay.json,ranks_21_40_macro_intent_v1,N003,247,0,0.0
2706,98873351,1,29,16639507,Homii_N,55753519,2701.6,EpisodeType.EPISODE_TYPE_PUBLIC,Homii_N,Lucien de Rubempre,119950.0,119950.0,TIE,exact,720,30959826,replays/ranks_21_40_macro_intent_v1/episode-98873351-replay.json,ranks_21_40_macro_intent_v1,N003,247,0,0.0
2707,98873365,0,24,16685548,Erfan Eshratifar,55729097,2729.9,EpisodeType.EPISODE_TYPE_PUBLIC,Erfan Eshratifar,UtaAzu,72484.0,68217.0,WIN,exact,720,31847423,replays/ranks_21_40_macro_intent_v1/episode-98873365-replay.json,ranks_21_40_macro_intent_v1,N004,130,0,0.0
2708,98875385,0,33,16674312,yuxuan,55757156,2694.7,EpisodeType.EPISODE_TYPE_PUBLIC,yuxuan,Adarsh,99023.0,72863.0,WIN,exact,720,31678331,replays/ranks_21_40_macro_intent_v1/episode-98875385-replay.json,ranks_21_40_macro_intent_v1,N001,1764,0,0.0
2709,98875426,0,32,16685450,Nadeem,55757473,2695.7,EpisodeType.EPISODE_TYPE_PUBLIC,Nadeem,Saptanshu Samal,154927.0,62033.0,WIN,exact,720,27892988,replays/ranks_21_40_macro_intent_v1/episode-98875426-replay.json,ranks_21_40_macro_intent_v1,N001,1764,0,0.0
2710,98875441,0,28,16689430,Terry Luo,55757614,2711.2,EpisodeType.EPISODE_TYPE_PUBLIC,Terry Luo,Francisco Corredor,136103.0,28445.0,WIN,exact,720,23407282,replays/ranks_21_40_macro_intent_v1/episode-98875441-replay.json,ranks_21_40_macro_intent_v1,N001,1764,0,0.0
2711,98875597,0,37,16742369,Ömer Faruk Yüce,55723563,2688.4,EpisodeType.EPISODE_TYPE_PUBLIC,Ömer Faruk Yüce,Ivan Aleksandrov,100248.0,100248.0,TIE,exact,720,31441038,replays/ranks_21_40_macro_intent_v1/episode-98875597-replay.json,ranks_21_40_macro_intent_v1,N001,1764,0,0.0
2712,98875608,0,22,16745006,UjjwalPardeshi,55754433,2734.7,EpisodeType.EPISODE_TYPE_PUBLIC,UjjwalPardeshi,Victor @ Tufa Labs,137951.0,144200.0,LOSS,exact,720,30494480,replays/ranks_21_40_macro_intent_v1/episode-98875608-replay.json,ranks_21_40_macro_intent_v1,N003,247,0,0.0
2713,98875640,1,29,16639507,Homii_N,55753519,2701.6,EpisodeType.EPISODE_TYPE_PUBLIC,Homii_N,Mforg,69840.0,68662.0,WIN,exact,720,30850603,replays/ranks_21_40_macro_intent_v1/episode-98875640-replay.json,ranks_21_40_macro_intent_v1,N001,1764,0,0.020570458844304085
2714,98875656,0,26,16732714,Mforg,55751131,2719.8,EpisodeType.EPISODE_TYPE_PUBLIC,Mforg,UtaAzu,84615.0,80446.0,WIN,exact,720,31933294,replays/ranks_21_40_macro_intent_v1/episode-98875656-replay.json,ranks_21_40_macro_intent_v1,N001,1764,0,0.0
2715,98875746,0,37,16742369,Ömer Faruk Yüce,55723563,2688.4,EpisodeType.EPISODE_TYPE_PUBLIC,Ömer Faruk Yüce,GPTatoes,52648.0,56674.0,LOSS,exact,720,30901104,replays/ranks_21_40_macro_intent_v1/episode-98875746-replay.json,ranks_21_40_macro_intent_v1,N001,1764,0,0.020570458844304085
2716,98877654,0,33,16674312,yuxuan,55757156,2694.7,EpisodeType.EPISODE_TYPE_PUBLIC,yuxuan,Tutti,140631.0,126194.0,WIN,exact,720,32062505,replays/ranks_21_40_macro_intent_v1/episode-98877654-replay.json,ranks_21_40_macro_intent_v1,N001,1764,0,0.0
2717,98877677,0,32,16685450,Nadeem,55757473,2695.7,EpisodeType.EPISODE_TYPE_PUBLIC,Nadeem,Spiros Skarmoutsos,127428.0,64248.0,WIN,exact,720,31234310,replays/ranks_21_40_macro_intent_v1/episode-98877677-replay.json,ranks_21_40_macro_intent_v1,N001,1764,0,0.0
2718,98877694,1,28,16689430,Terry Luo,55757614,2711.2,EpisodeType.EPISODE_TYPE_PUBLIC,Terry Luo,Jimmy,186540.0,69029.0,WIN,exact,720,25684509,replays/ranks_21_40_macro_intent_v1/episode-98877694-replay.json,ranks_21_40_macro_intent_v1,N001,1764,0,0.0
2719,98877870,0,25,16624276,Zejun_,55749262,2728.5,EpisodeType.EPISODE_TYPE_PUBLIC,Zejun_,Ivan Aleksandrov,37793.0,34416.0,WIN,exact,720,30882840,replays/ranks_21_40_macro_intent_v1/episode-98877870-replay.json,ranks_21_40_macro_intent_v1,N001,1764,0,0.020570458844304085
2720,98877880,0,22,16745006,UjjwalPardeshi,55754433,2734.7,EpisodeType.EPISODE_TYPE_PUBLIC,UjjwalPardeshi,OxFFFs,84364.0,84028.0,WIN,exact,720,30921468,replays/ranks_21_40_macro_intent_v1/episode-98877880-replay.json,ranks_21_40_macro_intent_v1,N001,1764,0,0.020570458844304085
2721,98877894,1,26,16732714,Mforg,55751131,2719.8,EpisodeType.EPISODE_TYPE_PUBLIC,Mforg,WeAreFarmers,87745.0,87065.0,WIN,exact,720,30952580,replays/ranks_21_40_macro_intent_v1/episode-98877894-replay.json,ranks_21_40_macro_intent_v1,N001,1764,0,0.020570458844304085
2722,98877918,1,23,16684954,Suneeth reddy,55747103,2730.9,EpisodeType.EPISODE_TYPE_PUBLIC,Suneeth reddy,Homii_N,74146.0,74146.0,TIE,exact,720,31091448,replays/ranks_21_40_macro_intent_v1/episode-98877918-replay.json,ranks_21_40_macro_intent_v1,N001,1764,0,0.020570458844304085
2723,98877918,0,29,16639507,Homii_N,55753519,2701.6,EpisodeType.EPISODE_TYPE_PUBLIC,Homii_N,Suneeth reddy,74146.0,74146.0,TIE,exact,720,31091448,replays/ranks_21_40_macro_intent_v1/episode-98877918-replay.json,ranks_21_40_macro_intent_v1,N001,1764,0,0.020570458844304085
2724,98877925,1,38,16633226,test_money,55726920,2683.9,EpisodeType.EPISODE_TYPE_PUBLIC,test_money,UtaAzu,97424.0,101721.0,LOSS,exact,720,30944812,replays/ranks_21_40_macro_intent_v1/episode-98877925-replay.json,ranks_21_40_macro_intent_v1,N003,247,0,0.0
2725,98879931,0,33,16674312,yuxuan,55757156,2694.7,EpisodeType.EPISODE_TYPE_PUBLIC,yuxuan,Ragunath Ravi,69062.0,61628.0,WIN,exact,720,31111922,replays/ranks_21_40_macro_intent_v1/episode-98879931-replay.json,ranks_21_40_macro_intent_v1,N002,260,0,0.0
2726,98879957,0,32,16685450,Nadeem,55757473,2695.7,EpisodeType.EPISODE_TYPE_PUBLIC,Nadeem,Malte Bories,110313.0,74223.0,WIN,exact,720,32309000,replays/ranks_21_40_macro_intent_v1/episode-98879957-replay.json,ranks_21_40_macro_intent_v1,N001,1764,0,0.0
2727,98879966,1,28,16689430,Terry Luo,55757614,2711.2,EpisodeType.EPISODE_TYPE_PUBLIC,Terry Luo,cemal özdeniz,142798.0,51943.0,WIN,exact,720,27453757,replays/ranks_21_40_macro_intent_v1/episode-98879966-replay.json,ranks_21_40_macro_intent_v1,N001,1764,0,0.0
2728,98880158,0,22,16745006,UjjwalPardeshi,55754433,2734.7,EpisodeType.EPISODE_TYPE_PUBLIC,UjjwalPardeshi,UtaAzu,40860.0,40534.0,WIN,exact,720,30916465,replays/ranks_21_40_macro_intent_v1/episode-98880158-replay.json,ranks_21_40_macro_intent_v1,N001,1764,0,0.020570458844304085
2729,98880189,0,29,16639507,Homii_N,55753519,2701.6,EpisodeType.EPISODE_TYPE_PUBLIC,Homii_N,Emre Cirak,85469.0,84318.0,WIN,exact,720,30583357,replays/ranks_21_40_macro_intent_v1/episode-98880189-replay.json,ranks_21_40_macro_intent_v1,N001,1764,0,0.020570458844304085
2730,98882213,1,33,16674312,yuxuan,55757156,2694.7,EpisodeType.EPISODE_TYPE_PUBLIC,yuxuan,choqui62,113134.0,111857.0,WIN,exact,720,31715328,replays/ranks_21_40_macro_intent_v1/episode-98882213-replay.json,ranks_21_40_macro_intent_v1,N001,1764,0,0.0025901533663272858
2731,98882224,0,32,16685450,Nadeem,55757473,2695.7,EpisodeType.EPISODE_TYPE_PUBLIC,Nadeem,TAUIL Abd Elilah,79203.0,50125.0,WIN,exact,720,30996237,replays/ranks_21_40_macro_intent_v1/episode-98882224-replay.json,ranks_21_40_macro_intent_v1,N003,247,0,0.0
2732,98882244,1,28,16689430,Terry Luo,55757614,2711.2,EpisodeType.EPISODE_TYPE_PUBLIC,Terry Luo,Panagiotis Charalabopoulos,160751.0,114738.0,WIN,exact,720,29983488,replays/ranks_21_40_macro_intent_v1/episode-98882244-replay.json,ranks_21_40_macro_intent_v1,N001,1764,0,0.0
2733,98882445,0,22,16745006,UjjwalPardeshi,55754433,2734.7,EpisodeType.EPISODE_TYPE_PUBLIC,UjjwalPardeshi,Igor V,55788.0,55632.0,WIN,exact,720,30895906,replays/ranks_21_40_macro_intent_v1/episode-98882445-replay.json,ranks_21_40_macro_intent_v1,N003,247,0,0.0
2734,98882460,1,39,16712714,MiMi,55741684,2682.8,EpisodeType.EPISODE_TYPE_PUBLIC,MiMi,WeAreFarmers,68388.0,70267.0,LOSS,exact,720,32766501,replays/ranks_21_40_macro_intent_v1/episode-98882460-replay.json,ranks_21_40_macro_intent_v1,N109,2,0,0.08760321885347366
2735,98882477,1,29,16639507,Homii_N,55753519,2701.6,EpisodeType.EPISODE_TYPE_PUBLIC,Homii_N,GPTatoes,85274.0,84220.0,WIN,exact,720,31026358,replays/ranks_21_40_macro_intent_v1/episode-98882477-replay.json,ranks_21_40_macro_intent_v1,N001,1764,0,0.020570458844304085
2736,98882490,0,26,16732714,Mforg,55751131,2719.8,EpisodeType.EPISODE_TYPE_PUBLIC,Mforg,UtaAzu,75004.0,71714.0,WIN,exact,720,31892388,replays/ranks_21_40_macro_intent_v1/episode-98882490-replay.json,ranks_21_40_macro_intent_v1,N001,1764,0,0.0
2737,98884479,1,33,16674312,yuxuan,55757156,2694.7,EpisodeType.EPISODE_TYPE_PUBLIC,yuxuan,YJ Wee 2807,88886.0,77188.0,WIN,exact,720,31573959,replays/ranks_21_40_macro_intent_v1/episode-98884479-replay.json,ranks_21_40_macro_intent_v1,N001,1764,0,0.0
2738,98884496,0,32,16685450,Nadeem,55757473,2695.7,EpisodeType.EPISODE_TYPE_PUBLIC,Nadeem,Livingstone Selassie,103852.0,73024.0,WIN,exact,720,32127106,replays/ranks_21_40_macro_intent_v1/episode-98884496-replay.json,ranks_21_40_macro_intent_v1,N001,1764,0,0.0
2739,98884514,0,28,16689430,Terry Luo,55757614,2711.2,EpisodeType.EPISODE_TYPE_PUBLIC,Terry Luo,Nerijus Areska,115951.0,89540.0,WIN,exact,720,30245407,replays/ranks_21_40_macro_intent_v1/episode-98884514-replay.json,ranks_21_40_macro_intent_v1,N001,1764,0,0.0
2740,98884730,1,22,16745006,UjjwalPardeshi,55754433,2734.7,EpisodeType.EPISODE_TYPE_PUBLIC,UjjwalPardeshi,GPTatoes,141250.0,137136.0,WIN,exact,720,30901161,replays/ranks_21_40_macro_intent_v1/episode-98884730-replay.json,ranks_21_40_macro_intent_v1,N001,1764,0,0.020570458844304085
2741,98884763,1,29,16639507,Homii_N,55753519,2701.6,EpisodeType.EPISODE_TYPE_PUBLIC,Homii_N,GPTatoes,67645.0,63318.0,WIN,exact,720,30816800,replays/ranks_21_40_macro_intent_v1/episode-98884763-replay.json,ranks_21_40_macro_intent_v1,N001,1764,0,0.020570458844304085
2742,98886754,0,33,16674312,yuxuan,55757156,2694.7,EpisodeType.EPISODE_TYPE_PUBLIC,yuxuan,Maqsoud Tawaliou,82219.0,74974.0,WIN,exact,720,31749662,replays/ranks_21_40_macro_intent_v1/episode-98886754-replay.json,ranks_21_40_macro_intent_v1,N001,1764,0,0.0
2743,98886766,0,32,16685450,Nadeem,55757473,2695.7,EpisodeType.EPISODE_TYPE_PUBLIC,Nadeem,FilipJ,65026.0,59074.0,WIN,exact,720,31324316,replays/ranks_21_40_macro_intent_v1/episode-98886766-replay.json,ranks_21_40_macro_intent_v1,N001,1764,0,0.0
2744,98886788,1,28,16689430,Terry Luo,55757614,2711.2,EpisodeType.EPISODE_TYPE_PUBLIC,Terry Luo,copasta,166918.0,121632.0,WIN,exact,720,31477848,replays/ranks_21_40_macro_intent_v1/episode-98886788-replay.json,ranks_21_40_macro_intent_v1,N001,1764,0,0.0
2745,98886995,0,38,16633226,test_money,55726920,2683.9,EpisodeType.EPISODE_TYPE_PUBLIC,test_money,Ivan Aleksandrov,94495.0,94495.0,TIE,exact,720,30923237,replays/ranks_21_40_macro_intent_v1/episode-98886995-replay.json,ranks_21_40_macro_intent_v1,N001,1764,0,0.020570458844304085
2746,98887001,1,22,16745006,UjjwalPardeshi,55754433,2734.7,EpisodeType.EPISODE_TYPE_PUBLIC,UjjwalPardeshi,Darshan Makwana,88336.0,85076.0,WIN,exact,720,30951797,replays/ranks_21_40_macro_intent_v1/episode-98887001-replay.json,ranks_21_40_macro_intent_v1,N001,1764,0,0.020570458844304085
2747,98887017,1,38,16633226,test_money,55726920,2683.9,EpisodeType.EPISODE_TYPE_PUBLIC,test_money,WeAreFarmers,44397.0,44513.0,LOSS,exact,720,31050198,replays/ranks_21_40_macro_intent_v1/episode-98887017-replay.json,ranks_21_40_macro_intent_v1,N001,1764,0,0.020570458844304085
2748,98887039,0,29,16639507,Homii_N,55753519,2701.6,EpisodeType.EPISODE_TYPE_PUBLIC,Homii_N,UtaAzu,49671.0,49619.0,WIN,exact,720,30920546,replays/ranks_21_40_macro_intent_v1/episode-98887039-replay.json,ranks_21_40_macro_intent_v1,N001,1764,0,0.020570458844304085
2749,98889035,0,33,16674312,yuxuan,55757156,2694.7,EpisodeType.EPISODE_TYPE_PUBLIC,yuxuan,monnu,84048.0,76302.0,WIN,exact,720,31593336,replays/ranks_21_40_macro_intent_v1/episode-98889035-replay.json,ranks_21_40_macro_intent_v1,N001,1764,0,0.0
2750,98889041,0,32,16685450,Nadeem,55757473,2695.7,EpisodeType.EPISODE_TYPE_PUBLIC,Nadeem,Auxileon,63097.0,44527.0,WIN,exact,720,30007989,replays/ranks_21_40_macro_intent_v1/episode-98889041-replay.json,ranks_21_40_macro_intent_v1,N001,1764,0,0.0
2751,98889061,0,28,16689430,Terry Luo,55757614,2711.2,EpisodeType.EPISODE_TYPE_PUBLIC,Terry Luo,Ragul M,95979.0,65984.0,WIN,exact,720,29381979,replays/ranks_21_40_macro_intent_v1/episode-98889061-replay.json,ranks_21_40_macro_intent_v1,N003,247,0,0.0
2752,98889289,0,22,16745006,UjjwalPardeshi,55754433,2734.7,EpisodeType.EPISODE_TYPE_PUBLIC,UjjwalPardeshi,Tagir Analyzes,97875.0,94013.0,WIN,exact,720,30648692,replays/ranks_21_40_macro_intent_v1/episode-98889289-replay.json,ranks_21_40_macro_intent_v1,N003,247,0,0.0
2753,98889314,1,29,16639507,Homii_N,55753519,2701.6,EpisodeType.EPISODE_TYPE_PUBLIC,Homii_N,Hongxin Su,65321.0,61022.0,WIN,exact,720,30892865,replays/ranks_21_40_macro_intent_v1/episode-98889314-replay.json,ranks_21_40_macro_intent_v1,N001,1764,0,0.020570458844304085
2754,98889426,1,35,16670276,Egor Trushin,55724054,2692.1,EpisodeType.EPISODE_TYPE_PUBLIC,Egor Trushin,カワシギ,70179.0,64099.0,WIN,exact,720,31975560,replays/ranks_21_40_macro_intent_v1/episode-98889426-replay.json,ranks_21_40_macro_intent_v1,N001,1764,0,0.0
2755,98891312,1,33,16674312,yuxuan,55757156,2694.7,EpisodeType.EPISODE_TYPE_PUBLIC,yuxuan,Yura,82877.0,72862.0,WIN,exact,720,31754325,replays/ranks_21_40_macro_intent_v1/episode-98891312-replay.json,ranks_21_40_macro_intent_v1,N001,1764,0,0.0
2756,98891317,0,32,16685450,Nadeem,55757473,2695.7,EpisodeType.EPISODE_TYPE_PUBLIC,Nadeem,matsurih,133932.0,133232.0,WIN,exact,720,31207942,replays/ranks_21_40_macro_intent_v1/episode-98891317-replay.json,ranks_21_40_macro_intent_v1,N003,247,0,0.0
2757,98891330,1,28,16689430,Terry Luo,55757614,2711.2,EpisodeType.EPISODE_TYPE_PUBLIC,Terry Luo,Mike Murunov,122052.0,121195.0,WIN,exact,720,30696429,replays/ranks_21_40_macro_intent_v1/episode-98891330-replay.json,ranks_21_40_macro_intent_v1,N003,247,0,0.0
2758,98891566,1,22,16745006,UjjwalPardeshi,55754433,2734.7,EpisodeType.EPISODE_TYPE_PUBLIC,UjjwalPardeshi,Aurora wy,132562.0,137840.0,LOSS,exact,720,31333546,replays/ranks_21_40_macro_intent_v1/episode-98891566-replay.json,ranks_21_40_macro_intent_v1,N001,1764,0,0.020570458844304085
2759,98891566,0,31,16635314,Aurora wy,55742603,2699.1,EpisodeType.EPISODE_TYPE_PUBLIC,Aurora wy,UjjwalPardeshi,137840.0,132562.0,WIN,exact,720,31333546,replays/ranks_21_40_macro_intent_v1/episode-98891566-replay.json,ranks_21_40_macro_intent_v1,N001,1764,0,0.0
2760,98891600,0,29,16639507,Homii_N,55753519,2701.6,EpisodeType.EPISODE_TYPE_PUBLIC,Homii_N,Lenin Goud,73118.0,74163.0,LOSS,exact,720,30847207,replays/ranks_21_40_macro_intent_v1/episode-98891600-replay.json,ranks_21_40_macro_intent_v1,N001,1764,0,0.020570458844304085
2761,98893609,1,32,16685450,Nadeem,55757473,2695.7,EpisodeType.EPISODE_TYPE_PUBLIC,Nadeem,maxout,97106.0,86627.0,WIN,exact,720,31363676,replays/ranks_21_40_macro_intent_v1/episode-98893609-replay.json,ranks_21_40_macro_intent_v1,N003,247,0,0.0
2762,98893610,0,33,16674312,yuxuan,55757156,2694.7,EpisodeType.EPISODE_TYPE_PUBLIC,yuxuan,Plant City Planter,86390.0,77745.0,WIN,exact,720,31756384,replays/ranks_21_40_macro_intent_v1/episode-98893610-replay.json,ranks_21_40_macro_intent_v1,N001,1764,0,0.0
2763,98893620,1,28,16689430,Terry Luo,55757614,2711.2,EpisodeType.EPISODE_TYPE_PUBLIC,Terry Luo,今日洗澡明日香,149656.0,124865.0,WIN,exact,720,31804198,replays/ranks_21_40_macro_intent_v1/episode-98893620-replay.json,ranks_21_40_macro_intent_v1,N001,1764,0,0.0
2764,98893870,0,22,16745006,UjjwalPardeshi,55754433,2734.7,EpisodeType.EPISODE_TYPE_PUBLIC,UjjwalPardeshi,shinamonmon,132573.0,132756.0,LOSS,exact,720,31035166,replays/ranks_21_40_macro_intent_v1/episode-98893870-replay.json,ranks_21_40_macro_intent_v1,N001,1764,0,0.020570458844304085
2765,98893942,0,29,16639507,Homii_N,55753519,2701.6,EpisodeType.EPISODE_TYPE_PUBLIC,Homii_N,Jiachen Li,38037.0,38037.0,TIE,exact,720,30913733,replays/ranks_21_40_macro_intent_v1/episode-98893942-replay.json,ranks_21_40_macro_intent_v1,N001,1764,0,0.020570458844304085
2766,98895891,1,32,16685450,Nadeem,55757473,2695.7,EpisodeType.EPISODE_TYPE_PUBLIC,Nadeem,Papa Annan,85080.0,61780.0,WIN,exact,720,30547914,replays/ranks_21_40_macro_intent_v1/episode-98895891-replay.json,ranks_21_40_macro_intent_v1,N002,260,0,0.0
2767,98895896,1,33,16674312,yuxuan,55757156,2694.7,EpisodeType.EPISODE_TYPE_PUBLIC,yuxuan,Subramanya N,76218.0,73169.0,WIN,exact,720,31134880,replays/ranks_21_40_macro_intent_v1/episode-98895896-replay.json,ranks_21_40_macro_intent_v1,N001,1764,0,0.0
2768,98895899,0,28,16689430,Terry Luo,55757614,2711.2,EpisodeType.EPISODE_TYPE_PUBLIC,Terry Luo,adakoda,47425.0,43151.0,WIN,exact,720,31318607,replays/ranks_21_40_macro_intent_v1/episode-98895899-replay.json,ranks_21_40_macro_intent_v1,N001,1764,0,0.0
2769,98896166,1,22,16745006,UjjwalPardeshi,55754433,2734.7,EpisodeType.EPISODE_TYPE_PUBLIC,UjjwalPardeshi,enddl22,77548.0,76040.0,WIN,exact,720,30951682,replays/ranks_21_40_macro_intent_v1/episode-98896166-replay.json,ranks_21_40_macro_intent_v1,N003,247,0,0.0
2770,98896187,1,25,16624276,Zejun_,55749262,2728.5,EpisodeType.EPISODE_TYPE_PUBLIC,Zejun_,WeAreFarmers,71055.0,71059.0,LOSS,exact,720,31097555,replays/ranks_21_40_macro_intent_v1/episode-98896187-replay.json,ranks_21_40_macro_intent_v1,N001,1764,0,0.020570458844304085
2771,98896241,1,29,16639507,Homii_N,55753519,2701.6,EpisodeType.EPISODE_TYPE_PUBLIC,Homii_N,Nat00,85321.0,85383.0,LOSS,exact,720,31087049,replays/ranks_21_40_macro_intent_v1/episode-98896241-replay.json,ranks_21_40_macro_intent_v1,N001,1764,0,0.020570458844304085
2772,98896288,1,36,16699741,Tom3,55743933,2684.9,EpisodeType.EPISODE_TYPE_PUBLIC,Tom3,ReCurSiON,120708.0,105873.0,WIN,exact,720,31296253,replays/ranks_21_40_macro_intent_v1/episode-98896288-replay.json,ranks_21_40_macro_intent_v1,N001,1764,0,0.0
2773,98898172,0,32,16685450,Nadeem,55757473,2695.7,EpisodeType.EPISODE_TYPE_PUBLIC,Nadeem,Jaydon J P,92083.0,84521.0,WIN,exact,720,31738676,replays/ranks_21_40_macro_intent_v1/episode-98898172-replay.json,ranks_21_40_macro_intent_v1,N001,1764,0,0.0
2774,98898179,1,28,16689430,Terry Luo,55757614,2711.2,EpisodeType.EPISODE_TYPE_PUBLIC,Terry Luo,Aryaman Chokhani,57102.0,47918.0,WIN,exact,720,31119730,replays/ranks_21_40_macro_intent_v1/episode-98898179-replay.json,ranks_21_40_macro_intent_v1,N001,1764,0,0.0
2775,98898188,0,33,16674312,yuxuan,55757156,2694.7,EpisodeType.EPISODE_TYPE_PUBLIC,yuxuan,Yichi,58213.0,59179.0,LOSS,exact,720,30918074,replays/ranks_21_40_macro_intent_v1/episode-98898188-replay.json,ranks_21_40_macro_intent_v1,N001,1764,0,0.020570458844304085
2776,98898430,0,36,16699741,Tom3,55743933,2684.9,EpisodeType.EPISODE_TYPE_PUBLIC,Tom3,Ivan Aleksandrov,60776.0,59924.0,WIN,exact,720,32463677,replays/ranks_21_40_macro_intent_v1/episode-98898430-replay.json,ranks_21_40_macro_intent_v1,N001,1764,0,0.0
2777,98898462,0,22,16745006,UjjwalPardeshi,55754433,2734.7,EpisodeType.EPISODE_TYPE_PUBLIC,UjjwalPardeshi,Ömer Faruk Yüce,84599.0,74709.0,WIN,exact,720,30915471,replays/ranks_21_40_macro_intent_v1/episode-98898462-replay.json,ranks_21_40_macro_intent_v1,N001,1764,0,0.020570458844304085
2778,98898462,1,37,16742369,Ömer Faruk Yüce,55723563,2688.4,EpisodeType.EPISODE_TYPE_PUBLIC,Ömer Faruk Yüce,UjjwalPardeshi,74709.0,84599.0,LOSS,exact,720,30915471,replays/ranks_21_40_macro_intent_v1/episode-98898462-replay.json,ranks_21_40_macro_intent_v1,N001,1764,0,0.020570458844304085
2779,98900458,0,32,16685450,Nadeem,55757473,2695.7,EpisodeType.EPISODE_TYPE_PUBLIC,Nadeem,Tomas Escobar Rivera,72236.0,61337.0,WIN,exact,720,31477937,replays/ranks_21_40_macro_intent_v1/episode-98900458-replay.json,ranks_21_40_macro_intent_v1,N001,1764,0,0.0
2780,98900462,0,28,16689430,Terry Luo,55757614,2711.2,EpisodeType.EPISODE_TYPE_PUBLIC,Terry Luo,saya akan lawan!,129108.0,125419.0,WIN,exact,720,31852039,replays/ranks_21_40_macro_intent_v1/episode-98900462-replay.json,ranks_21_40_macro_intent_v1,N001,1764,0,0.0
2781,98900482,0,33,16674312,yuxuan,55757156,2694.7,EpisodeType.EPISODE_TYPE_PUBLIC,yuxuan,Wang H2O,72611.0,60601.0,WIN,exact,720,31695827,replays/ranks_21_40_macro_intent_v1/episode-98900482-replay.json,ranks_21_40_macro_intent_v1,N001,1764,0,0.0
2782,98900745,0,22,16745006,UjjwalPardeshi,55754433,2734.7,EpisodeType.EPISODE_TYPE_PUBLIC,UjjwalPardeshi,Aurora,55618.0,55549.0,WIN,exact,720,31316628,replays/ranks_21_40_macro_intent_v1/episode-98900745-replay.json,ranks_21_40_macro_intent_v1,N001,1764,0,0.020570458844304085
2783,98902738,0,32,16685450,Nadeem,55757473,2695.7,EpisodeType.EPISODE_TYPE_PUBLIC,Nadeem,Silhouette,78666.0,64930.0,WIN,exact,720,31438658,replays/ranks_21_40_macro_intent_v1/episode-98902738-replay.json,ranks_21_40_macro_intent_v1,N002,260,0,0.0
2784,98902741,1,28,16689430,Terry Luo,55757614,2711.2,EpisodeType.EPISODE_TYPE_PUBLIC,Terry Luo,digiliwigili,158564.0,153232.0,WIN,exact,720,31749578,replays/ranks_21_40_macro_intent_v1/episode-98902741-replay.json,ranks_21_40_macro_intent_v1,N001,1764,0,0.0
2785,98902789,0,33,16674312,yuxuan,55757156,2694.7,EpisodeType.EPISODE_TYPE_PUBLIC,yuxuan,CY,119273.0,106626.0,WIN,exact,720,31420572,replays/ranks_21_40_macro_intent_v1/episode-98902789-replay.json,ranks_21_40_macro_intent_v1,N002,260,0,0.0
2786,98903035,0,22,16745006,UjjwalPardeshi,55754433,2734.7,EpisodeType.EPISODE_TYPE_PUBLIC,UjjwalPardeshi,Hongxin Su,64325.0,55775.0,WIN,exact,720,30522484,replays/ranks_21_40_macro_intent_v1/episode-98903035-replay.json,ranks_21_40_macro_intent_v1,N001,1764,0,0.020570458844304085
2787,98905015,0,28,16689430,Terry Luo,55757614,2711.2,EpisodeType.EPISODE_TYPE_PUBLIC,Terry Luo,Leonardo Viola10,114864.0,102885.0,WIN,exact,720,31695201,replays/ranks_21_40_macro_intent_v1/episode-98905015-replay.json,ranks_21_40_macro_intent_v1,N001,1764,0,0.0
2788,98905016,0,32,16685450,Nadeem,55757473,2695.7,EpisodeType.EPISODE_TYPE_PUBLIC,Nadeem,DASH村,60786.0,53043.0,WIN,exact,720,31730247,replays/ranks_21_40_macro_intent_v1/episode-98905016-replay.json,ranks_21_40_macro_intent_v1,N001,1764,0,0.0
2789,98905076,1,33,16674312,yuxuan,55757156,2694.7,EpisodeType.EPISODE_TYPE_PUBLIC,yuxuan,Ali Bauyrzhan,54627.0,44972.0,WIN,exact,720,31685253,replays/ranks_21_40_macro_intent_v1/episode-98905076-replay.json,ranks_21_40_macro_intent_v1,N001,1764,0,0.0
2790,98905314,1,22,16745006,UjjwalPardeshi,55754433,2734.7,EpisodeType.EPISODE_TYPE_PUBLIC,UjjwalPardeshi,test_money,40640.0,40301.0,WIN,exact,720,30918018,replays/ranks_21_40_macro_intent_v1/episode-98905314-replay.json,ranks_21_40_macro_intent_v1,N001,1764,0,0.020570458844304085
2791,98905314,0,38,16633226,test_money,55726920,2683.9,EpisodeType.EPISODE_TYPE_PUBLIC,test_money,UjjwalPardeshi,40301.0,40640.0,LOSS,exact,720,30918018,replays/ranks_21_40_macro_intent_v1/episode-98905314-replay.json,ranks_21_40_macro_intent_v1,N001,1764,0,0.020570458844304085
2792,98905335,1,23,16684954,Suneeth reddy,55747103,2730.9,EpisodeType.EPISODE_TYPE_PUBLIC,Suneeth reddy,WeAreFarmers,115311.0,115043.0,WIN,exact,720,30293764,replays/ranks_21_40_macro_intent_v1/episode-98905335-replay.json,ranks_21_40_macro_intent_v1,N002,260,0,0.0
2793,98907292,1,28,16689430,Terry Luo,55757614,2711.2,EpisodeType.EPISODE_TYPE_PUBLIC,Terry Luo,DeeperNet,50138.0,41176.0,WIN,exact,720,31681653,replays/ranks_21_40_macro_intent_v1/episode-98907292-replay.json,ranks_21_40_macro_intent_v1,N001,1764,0,0.0
2794,98907296,0,32,16685450,Nadeem,55757473,2695.7,EpisodeType.EPISODE_TYPE_PUBLIC,Nadeem,rkd,63718.0,63718.0,TIE,exact,720,31605905,replays/ranks_21_40_macro_intent_v1/episode-98907296-replay.json,ranks_21_40_macro_intent_v1,N001,1764,0,0.0
2795,98907370,0,33,16674312,yuxuan,55757156,2694.7,EpisodeType.EPISODE_TYPE_PUBLIC,yuxuan,THeLAB,102418.0,100335.0,WIN,exact,720,31826009,replays/ranks_21_40_macro_intent_v1/episode-98907370-replay.json,ranks_21_40_macro_intent_v1,N001,1764,0,0.006399999838322401
2796,98907560,0,25,16624276,Zejun_,55749262,2728.5,EpisodeType.EPISODE_TYPE_PUBLIC,Zejun_,Ivan Aleksandrov,77122.0,77071.0,WIN,exact,720,30911897,replays/ranks_21_40_macro_intent_v1/episode-98907560-replay.json,ranks_21_40_macro_intent_v1,N001,1764,0,0.020570458844304085
2797,98907591,1,22,16745006,UjjwalPardeshi,55754433,2734.7,EpisodeType.EPISODE_TYPE_PUBLIC,UjjwalPardeshi,fufufukakaka,100149.0,83712.0,WIN,exact,720,30083893,replays/ranks_21_40_macro_intent_v1/episode-98907591-replay.json,ranks_21_40_macro_intent_v1,N001,1764,0,0.0
2798,98909574,1,28,16689430,Terry Luo,55757614,2711.2,EpisodeType.EPISODE_TYPE_PUBLIC,Terry Luo,ZJUwlm,79427.0,75600.0,WIN,exact,720,30309893,replays/ranks_21_40_macro_intent_v1/episode-98909574-replay.json,ranks_21_40_macro_intent_v1,N002,260,0,0.0
2799,98909582,0,32,16685450,Nadeem,55757473,2695.7,EpisodeType.EPISODE_TYPE_PUBLIC,Nadeem,Efnutrrionpy,82417.0,72701.0,WIN,exact,720,31696397,replays/ranks_21_40_macro_intent_v1/episode-98909582-replay.json,ranks_21_40_macro_intent_v1,N001,1764,0,0.0
2800,98909658,1,33,16674312,yuxuan,55757156,2694.7,EpisodeType.EPISODE_TYPE_PUBLIC,yuxuan,supr3mum,103144.0,103650.0,LOSS,exact,720,31516495,replays/ranks_21_40_macro_intent_v1/episode-98909658-replay.json,ranks_21_40_macro_intent_v1,N001,1764,0,0.0
2801,98909702,0,28,16689430,Terry Luo,55757614,2711.2,EpisodeType.EPISODE_TYPE_PUBLIC,Terry Luo,The Wolf of Wheat Street,53763.0,44420.0,WIN,exact,720,31683134,replays/ranks_21_40_macro_intent_v1/episode-98909702-replay.json,ranks_21_40_macro_intent_v1,N001,1764,0,0.0
2802,98909873,0,22,16745006,UjjwalPardeshi,55754433,2734.7,EpisodeType.EPISODE_TYPE_PUBLIC,UjjwalPardeshi,UtaAzu,44903.0,44558.0,WIN,exact,720,30922197,replays/ranks_21_40_macro_intent_v1/episode-98909873-replay.json,ranks_21_40_macro_intent_v1,N001,1764,0,0.020570458844304085
2803,98911860,1,28,16689430,Terry Luo,55757614,2711.2,EpisodeType.EPISODE_TYPE_PUBLIC,Terry Luo,Gekkotron,114789.0,101011.0,WIN,exact,720,31584781,replays/ranks_21_40_macro_intent_v1/episode-98911860-replay.json,ranks_21_40_macro_intent_v1,N001,1764,0,0.0
2804,98911866,1,32,16685450,Nadeem,55757473,2695.7,EpisodeType.EPISODE_TYPE_PUBLIC,Nadeem,Miaohua Zhang,94863.0,83513.0,WIN,exact,720,31689012,replays/ranks_21_40_macro_intent_v1/episode-98911866-replay.json,ranks_21_40_macro_intent_v1,N001,1764,0,0.0
2805,98911944,1,24,16685548,Erfan Eshratifar,55729097,2729.9,EpisodeType.EPISODE_TYPE_PUBLIC,Erfan Eshratifar,OceanMix,72025.0,65708.0,WIN,exact,720,32051337,replays/ranks_21_40_macro_intent_v1/episode-98911944-replay.json,ranks_21_40_macro_intent_v1,N004,130,0,0.02645007148385048
2806,98911947,1,33,16674312,yuxuan,55757156,2694.7,EpisodeType.EPISODE_TYPE_PUBLIC,yuxuan,Cengizhan Tümer,86935.0,86935.0,TIE,exact,720,31088470,replays/ranks_21_40_macro_intent_v1/episode-98911947-replay.json,ranks_21_40_macro_intent_v1,N001,1764,0,0.020570458844304085
2807,98912035,1,24,16685548,Erfan Eshratifar,55729097,2729.9,EpisodeType.EPISODE_TYPE_PUBLIC,Erfan Eshratifar,u,74280.0,73281.0,WIN,exact,720,31845851,replays/ranks_21_40_macro_intent_v1/episode-98912035-replay.json,ranks_21_40_macro_intent_v1,N004,130,0,0.0
2808,98912140,1,36,16699741,Tom3,55743933,2684.9,EpisodeType.EPISODE_TYPE_PUBLIC,Tom3,Ivan Aleksandrov,90207.0,89717.0,WIN,exact,720,31581786,replays/ranks_21_40_macro_intent_v1/episode-98912140-replay.json,ranks_21_40_macro_intent_v1,N001,1764,0,0.0
2809,98912171,0,22,16745006,UjjwalPardeshi,55754433,2734.7,EpisodeType.EPISODE_TYPE_PUBLIC,UjjwalPardeshi,shinamonmon,67278.0,66773.0,WIN,exact,720,31022761,replays/ranks_21_40_macro_intent_v1/episode-98912171-replay.json,ranks_21_40_macro_intent_v1,N001,1764,0,0.020570458844304085
2810,98914169,0,28,16689430,Terry Luo,55757614,2711.2,EpisodeType.EPISODE_TYPE_PUBLIC,Terry Luo,Ömer Faruk Yüce,78320.0,76217.0,WIN,exact,720,32627947,replays/ranks_21_40_macro_intent_v1/episode-98914169-replay.json,ranks_21_40_macro_intent_v1,N001,1764,0,0.0
2811,98914183,0,32,16685450,Nadeem,55757473,2695.7,EpisodeType.EPISODE_TYPE_PUBLIC,Nadeem,Yizuki,89480.0,78783.0,WIN,exact,720,31656707,replays/ranks_21_40_macro_intent_v1/episode-98914183-replay.json,ranks_21_40_macro_intent_v1,N001,1764,0,0.0
2812,98914235,0,33,16674312,yuxuan,55757156,2694.7,EpisodeType.EPISODE_TYPE_PUBLIC,yuxuan,Napier1550,96426.0,70910.0,WIN,exact,720,29773836,replays/ranks_21_40_macro_intent_v1/episode-98914235-replay.json,ranks_21_40_macro_intent_v1,N001,1764,0,0.0
2813,98914428,0,27,16630675,Lucien de Rubempre,55749795,2712.1,EpisodeType.EPISODE_TYPE_PUBLIC,Lucien de Rubempre,Ivan Aleksandrov,51114.0,51114.0,TIE,exact,720,31075628,replays/ranks_21_40_macro_intent_v1/episode-98914428-replay.json,ranks_21_40_macro_intent_v1,N001,1764,0,0.020570458844304085
2814,98914508,1,22,16745006,UjjwalPardeshi,55754433,2734.7,EpisodeType.EPISODE_TYPE_PUBLIC,UjjwalPardeshi,GPTatoes,105370.0,103713.0,WIN,exact,720,31030976,replays/ranks_21_40_macro_intent_v1/episode-98914508-replay.json,ranks_21_40_macro_intent_v1,N001,1764,0,0.020570458844304085
2815,98914537,0,40,16671767,Kaileh57,55758863,2681.3,EpisodeType.EPISODE_TYPE_VALIDATION,Kaileh57,Kaileh57,64149.0,64149.0,TIE,exact,720,31100343,replays/ranks_21_40_macro_intent_v1/episode-98914537-replay.json,ranks_21_40_macro_intent_v1,N001,1764,0,0.020570458844304085
2816,98914537,1,40,16671767,Kaileh57,55758863,2681.3,EpisodeType.EPISODE_TYPE_VALIDATION,Kaileh57,Kaileh57,64149.0,64149.0,TIE,exact,720,31100343,replays/ranks_21_40_macro_intent_v1/episode-98914537-replay.json,ranks_21_40_macro_intent_v1,N001,1764,0,0.020570458844304085
2817,98916454,0,28,16689430,Terry Luo,55757614,2711.2,EpisodeType.EPISODE_TYPE_PUBLIC,Terry Luo,AAAMIKASA,66277.0,58759.0,WIN,exact,720,31210501,replays/ranks_21_40_macro_intent_v1/episode-98916454-replay.json,ranks_21_40_macro_intent_v1,N001,1764,0,0.0
2818,98916466,0,32,16685450,Nadeem,55757473,2695.7,EpisodeType.EPISODE_TYPE_PUBLIC,Nadeem,vijaikm,89929.0,78678.0,WIN,exact,720,31505017,replays/ranks_21_40_macro_intent_v1/episode-98916466-replay.json,ranks_21_40_macro_intent_v1,N001,1764,0,0.0
2819,98916510,0,33,16674312,yuxuan,55757156,2694.7,EpisodeType.EPISODE_TYPE_PUBLIC,yuxuan,zxysbsq,128788.0,115090.0,WIN,exact,720,30519253,replays/ranks_21_40_macro_intent_v1/episode-98916510-replay.json,ranks_21_40_macro_intent_v1,N002,260,0,0.0
2820,98916761,0,31,16635314,Aurora wy,55742603,2699.1,EpisodeType.EPISODE_TYPE_PUBLIC,Aurora wy,tingyu516,93370.0,86390.0,WIN,exact,720,31294509,replays/ranks_21_40_macro_intent_v1/episode-98916761-replay.json,ranks_21_40_macro_intent_v1,N001,1764,0,0.0
2821,98916766,1,39,16712714,MiMi,55741684,2682.8,EpisodeType.EPISODE_TYPE_PUBLIC,MiMi,Kazama Yusuke,82460.0,90667.0,LOSS,exact,720,32902539,replays/ranks_21_40_macro_intent_v1/episode-98916766-replay.json,ranks_21_40_macro_intent_v1,N476,1,1,0.0
2822,98916796,1,22,16745006,UjjwalPardeshi,55754433,2734.7,EpisodeType.EPISODE_TYPE_PUBLIC,UjjwalPardeshi,Aurora,126578.0,127068.0,LOSS,exact,720,30312461,replays/ranks_21_40_macro_intent_v1/episode-98916796-replay.json,ranks_21_40_macro_intent_v1,N002,260,0,0.0
2823,98918767,1,28,16689430,Terry Luo,55757614,2711.2,EpisodeType.EPISODE_TYPE_PUBLIC,Terry Luo,Luan Kunyu,72534.0,61082.0,WIN,exact,720,31658686,replays/ranks_21_40_macro_intent_v1/episode-98918767-replay.json,ranks_21_40_macro_intent_v1,N001,1764,0,0.0025901533663272858
2824,98918776,0,32,16685450,Nadeem,55757473,2695.7,EpisodeType.EPISODE_TYPE_PUBLIC,Nadeem,Forrest,82811.0,86008.0,LOSS,exact,720,32246420,replays/ranks_21_40_macro_intent_v1/episode-98918776-replay.json,ranks_21_40_macro_intent_v1,N001,1764,0,0.0
2825,98918778,0,40,16671767,Kaileh57,55758863,2681.3,EpisodeType.EPISODE_TYPE_PUBLIC,Kaileh57,Ryotaro Minato,143125.0,39665.0,WIN,exact,720,24904621,replays/ranks_21_40_macro_intent_v1/episode-98918778-replay.json,ranks_21_40_macro_intent_v1,N002,260,0,0.0
2826,98918805,1,33,16674312,yuxuan,55757156,2694.7,EpisodeType.EPISODE_TYPE_PUBLIC,yuxuan,JungHwan,84714.0,69030.0,WIN,exact,720,31428011,replays/ranks_21_40_macro_intent_v1/episode-98918805-replay.json,ranks_21_40_macro_intent_v1,N001,1764,0,0.0
2827,98921053,1,32,16685450,Nadeem,55757473,2695.7,EpisodeType.EPISODE_TYPE_PUBLIC,Nadeem,lingyu07,140551.0,136355.0,WIN,exact,720,30953291,replays/ranks_21_40_macro_intent_v1/episode-98921053-replay.json,ranks_21_40_macro_intent_v1,N001,1764,0,0.026970459148287773
2828,98921054,1,28,16689430,Terry Luo,55757614,2711.2,EpisodeType.EPISODE_TYPE_PUBLIC,Terry Luo,BorisV,121459.0,110338.0,WIN,exact,720,31695715,replays/ranks_21_40_macro_intent_v1/episode-98921054-replay.json,ranks_21_40_macro_intent_v1,N001,1764,0,0.006399999838322401
2829,98921064,0,40,16671767,Kaileh57,55758863,2681.3,EpisodeType.EPISODE_TYPE_PUBLIC,Kaileh57,BXZ2003,165617.0,76915.0,WIN,exact,720,24963659,replays/ranks_21_40_macro_intent_v1/episode-98921064-replay.json,ranks_21_40_macro_intent_v1,N001,1764,0,0.0
2830,98921081,0,33,16674312,yuxuan,55757156,2694.7,EpisodeType.EPISODE_TYPE_PUBLIC,yuxuan,Riva Kajangu,81345.0,81345.0,TIE,exact,720,30927231,replays/ranks_21_40_macro_intent_v1/episode-98921081-replay.json,ranks_21_40_macro_intent_v1,N001,1764,0,0.020570458844304085
2831,98921383,0,34,16741542,Jiro314,55759101,2693.0,EpisodeType.EPISODE_TYPE_VALIDATION,Jiro314,Jiro314,86254.0,86118.0,WIN,exact,720,30821803,replays/ranks_21_40_macro_intent_v1/episode-98921383-replay.json,ranks_21_40_macro_intent_v1,N001,1764,0,0.10913640260696411
2832,98921383,1,34,16741542,Jiro314,55759101,2693.0,EpisodeType.EPISODE_TYPE_VALIDATION,Jiro314,Jiro314,86118.0,86254.0,LOSS,exact,720,30821803,replays/ranks_21_40_macro_intent_v1/episode-98921383-replay.json,ranks_21_40_macro_intent_v1,N001,1764,0,0.10913640260696411
2833,98923315,0,40,16671767,Kaileh57,55758863,2681.3,EpisodeType.EPISODE_TYPE_PUBLIC,Kaileh57,Otter Vibe,112189.0,68579.0,WIN,exact,720,34766610,replays/ranks_21_40_macro_intent_v1/episode-98923315-replay.json,ranks_21_40_macro_intent_v1,N001,1764,0,0.0
2834,98923318,1,40,16671767,Kaileh57,55758863,2681.3,EpisodeType.EPISODE_TYPE_PUBLIC,Kaileh57,Roumak Das,103126.0,94963.0,WIN,exact,720,31182334,replays/ranks_21_40_macro_intent_v1/episode-98923318-replay.json,ranks_21_40_macro_intent_v1,N001,1764,0,0.0
2835,98923352,1,32,16685450,Nadeem,55757473,2695.7,EpisodeType.EPISODE_TYPE_PUBLIC,Nadeem,Victor @ Tufa Labs,93175.0,87288.0,WIN,exact,720,31655625,replays/ranks_21_40_macro_intent_v1/episode-98923352-replay.json,ranks_21_40_macro_intent_v1,N001,1764,0,0.0
2836,98923353,0,28,16689430,Terry Luo,55757614,2711.2,EpisodeType.EPISODE_TYPE_PUBLIC,Terry Luo,ziliangCok,97257.0,88986.0,WIN,exact,720,31326562,replays/ranks_21_40_macro_intent_v1/episode-98923353-replay.json,ranks_21_40_macro_intent_v1,N001,1764,0,0.0
2837,98923364,1,33,16674312,yuxuan,55757156,2694.7,EpisodeType.EPISODE_TYPE_PUBLIC,yuxuan,StackKnight,109848.0,102240.0,WIN,exact,720,31444465,replays/ranks_21_40_macro_intent_v1/episode-98923364-replay.json,ranks_21_40_macro_intent_v1,N002,260,0,0.0
2838,98923457,0,39,16712714,MiMi,55741684,2682.8,EpisodeType.EPISODE_TYPE_PUBLIC,MiMi,u,125940.0,128051.0,LOSS,exact,720,30734951,replays/ranks_21_40_macro_intent_v1/episode-98923457-replay.json,ranks_21_40_macro_intent_v1,N070,2,0,0.08245809376239777
2839,98923606,1,22,16745006,UjjwalPardeshi,55754433,2734.7,EpisodeType.EPISODE_TYPE_PUBLIC,UjjwalPardeshi,Homii_N,81982.0,82653.0,LOSS,exact,720,30306475,replays/ranks_21_40_macro_intent_v1/episode-98923606-replay.json,ranks_21_40_macro_intent_v1,N002,260,0,0.0
2840,98923606,0,29,16639507,Homii_N,55753519,2701.6,EpisodeType.EPISODE_TYPE_PUBLIC,Homii_N,UjjwalPardeshi,82653.0,81982.0,WIN,exact,720,30306475,replays/ranks_21_40_macro_intent_v1/episode-98923606-replay.json,ranks_21_40_macro_intent_v1,N002,260,0,0.0
2841,98925591,0,40,16671767,Kaileh57,55758863,2681.3,EpisodeType.EPISODE_TYPE_PUBLIC,Kaileh57,Sm00thiecodes,84711.0,59535.0,WIN,exact,720,30222868,replays/ranks_21_40_macro_intent_v1/episode-98925591-replay.json,ranks_21_40_macro_intent_v1,N001,1764,0,0.0
2842,98925620,1,34,16741542,Jiro314,55759101,2693.0,EpisodeType.EPISODE_TYPE_PUBLIC,Jiro314,LiXingtao,173550.0,23220.0,WIN,exact,720,23361544,replays/ranks_21_40_macro_intent_v1/episode-98925620-replay.json,ranks_21_40_macro_intent_v1,N001,1764,0,0.0
2843,98925633,1,32,16685450,Nadeem,55757473,2695.7,EpisodeType.EPISODE_TYPE_PUBLIC,Nadeem,extra eclaire,91645.0,81412.0,WIN,exact,720,31152538,replays/ranks_21_40_macro_intent_v1/episode-98925633-replay.json,ranks_21_40_macro_intent_v1,N002,260,0,0.0
2844,98925634,0,28,16689430,Terry Luo,55757614,2711.2,EpisodeType.EPISODE_TYPE_PUBLIC,Terry Luo,extra eclaire,110478.0,104970.0,WIN,exact,720,31472415,replays/ranks_21_40_macro_intent_v1/episode-98925634-replay.json,ranks_21_40_macro_intent_v1,N003,247,0,0.0
2845,98925654,0,33,16674312,yuxuan,55757156,2694.7,EpisodeType.EPISODE_TYPE_PUBLIC,yuxuan,mandgeee,81638.0,85737.0,LOSS,exact,720,31429003,replays/ranks_21_40_macro_intent_v1/episode-98925654-replay.json,ranks_21_40_macro_intent_v1,N001,1764,0,0.0
2846,98927858,0,40,16671767,Kaileh57,55758863,2681.3,EpisodeType.EPISODE_TYPE_PUBLIC,Kaileh57,Lester Leong,95881.0,67418.0,WIN,exact,720,31050282,replays/ranks_21_40_macro_intent_v1/episode-98927858-replay.json,ranks_21_40_macro_intent_v1,N002,260,0,0.0
2847,98927890,0,34,16741542,Jiro314,55759101,2693.0,EpisodeType.EPISODE_TYPE_PUBLIC,Jiro314,zekenoe,75609.0,69310.0,WIN,exact,720,31138052,replays/ranks_21_40_macro_intent_v1/episode-98927890-replay.json,ranks_21_40_macro_intent_v1,N001,1764,0,0.10913640260696411
2848,98927920,1,28,16689430,Terry Luo,55757614,2711.2,EpisodeType.EPISODE_TYPE_PUBLIC,Terry Luo,SaiKushal185,66071.0,57310.0,WIN,exact,720,31602977,replays/ranks_21_40_macro_intent_v1/episode-98927920-replay.json,ranks_21_40_macro_intent_v1,N001,1764,0,0.005199999548494816
2849,98927925,0,32,16685450,Nadeem,55757473,2695.7,EpisodeType.EPISODE_TYPE_PUBLIC,Nadeem,Rayk Kretzschmar,122785.0,111425.0,WIN,exact,720,31663047,replays/ranks_21_40_macro_intent_v1/episode-98927925-replay.json,ranks_21_40_macro_intent_v1,N001,1764,0,0.0006307330331765115
2850,98927935,0,33,16674312,yuxuan,55757156,2694.7,EpisodeType.EPISODE_TYPE_PUBLIC,yuxuan,Luan Kunyu,116118.0,103877.0,WIN,exact,720,31700975,replays/ranks_21_40_macro_intent_v1/episode-98927935-replay.json,ranks_21_40_macro_intent_v1,N001,1764,0,0.0
2851,98928030,1,38,16633226,test_money,55726920,2683.9,EpisodeType.EPISODE_TYPE_PUBLIC,test_money,u,60311.0,68779.0,LOSS,exact,720,31487665,replays/ranks_21_40_macro_intent_v1/episode-98928030-replay.json,ranks_21_40_macro_intent_v1,N001,1764,0,0.020570458844304085
2852,98930126,1,40,16671767,Kaileh57,55758863,2681.3,EpisodeType.EPISODE_TYPE_PUBLIC,Kaileh57,tao wu11,56396.0,50580.0,WIN,exact,720,31085658,replays/ranks_21_40_macro_intent_v1/episode-98930126-replay.json,ranks_21_40_macro_intent_v1,N001,1764,0,0.0
2853,98930159,1,34,16741542,Jiro314,55759101,2693.0,EpisodeType.EPISODE_TYPE_PUBLIC,Jiro314,Pascal Andreas,96202.0,62846.0,WIN,exact,720,28714962,replays/ranks_21_40_macro_intent_v1/episode-98930159-replay.json,ranks_21_40_macro_intent_v1,N001,1764,0,0.0
2854,98930209,0,28,16689430,Terry Luo,55757614,2711.2,EpisodeType.EPISODE_TYPE_PUBLIC,Terry Luo,shivam saini,64603.0,64603.0,TIE,exact,720,31092910,replays/ranks_21_40_macro_intent_v1/episode-98930209-replay.json,ranks_21_40_macro_intent_v1,N001,1764,0,0.020570458844304085
2855,98930213,0,32,16685450,Nadeem,55757473,2695.7,EpisodeType.EPISODE_TYPE_PUBLIC,Nadeem,James Holland,79576.0,69043.0,WIN,exact,720,31063121,replays/ranks_21_40_macro_intent_v1/episode-98930213-replay.json,ranks_21_40_macro_intent_v1,N002,260,0,0.0003846340987365693
2856,98930231,0,33,16674312,yuxuan,55757156,2694.7,EpisodeType.EPISODE_TYPE_PUBLIC,yuxuan,kwon yong deuk,104165.0,102479.0,WIN,exact,720,31037271,replays/ranks_21_40_macro_intent_v1/episode-98930231-replay.json,ranks_21_40_macro_intent_v1,N001,1764,0,0.020570458844304085
2857,98932398,0,40,16671767,Kaileh57,55758863,2681.3,EpisodeType.EPISODE_TYPE_PUBLIC,Kaileh57,Debatreya Biswas,63483.0,49342.0,WIN,exact,720,30357858,replays/ranks_21_40_macro_intent_v1/episode-98932398-replay.json,ranks_21_40_macro_intent_v1,N001,1764,0,0.0
2858,98932425,1,34,16741542,Jiro314,55759101,2693.0,EpisodeType.EPISODE_TYPE_PUBLIC,Jiro314,anthony sinchi,109645.0,50866.0,WIN,exact,720,29665926,replays/ranks_21_40_macro_intent_v1/episode-98932425-replay.json,ranks_21_40_macro_intent_v1,N001,1764,0,0.0
2859,98932493,1,28,16689430,Terry Luo,55757614,2711.2,EpisodeType.EPISODE_TYPE_PUBLIC,Terry Luo,test_money,135521.0,132908.0,WIN,exact,720,30316203,replays/ranks_21_40_macro_intent_v1/episode-98932493-replay.json,ranks_21_40_macro_intent_v1,N002,260,0,0.0
2860,98932493,0,38,16633226,test_money,55726920,2683.9,EpisodeType.EPISODE_TYPE_PUBLIC,test_money,Terry Luo,132908.0,135521.0,LOSS,exact,720,30316203,replays/ranks_21_40_macro_intent_v1/episode-98932493-replay.json,ranks_21_40_macro_intent_v1,N002,260,0,0.0
2861,98932503,0,32,16685450,Nadeem,55757473,2695.7,EpisodeType.EPISODE_TYPE_PUBLIC,Nadeem,fufufukakaka,61872.0,66833.0,LOSS,exact,720,30215078,replays/ranks_21_40_macro_intent_v1/episode-98932503-replay.json,ranks_21_40_macro_intent_v1,N002,260,0,0.0
2862,98932511,1,33,16674312,yuxuan,55757156,2694.7,EpisodeType.EPISODE_TYPE_PUBLIC,yuxuan,VanKoha,104132.0,97700.0,WIN,exact,720,31354356,replays/ranks_21_40_macro_intent_v1/episode-98932511-replay.json,ranks_21_40_macro_intent_v1,N003,247,0,0.0
2863,98932603,0,29,16639507,Homii_N,55753519,2701.6,EpisodeType.EPISODE_TYPE_PUBLIC,Homii_N,u,37419.0,38805.0,LOSS,exact,720,30907606,replays/ranks_21_40_macro_intent_v1/episode-98932603-replay.json,ranks_21_40_macro_intent_v1,N001,1764,0,0.020570458844304085
2864,98932738,0,26,16732714,Mforg,55751131,2719.8,EpisodeType.EPISODE_TYPE_PUBLIC,Mforg,theredbluepill,56938.0,66341.0,LOSS,exact,720,31915180,replays/ranks_21_40_macro_intent_v1/episode-98932738-replay.json,ranks_21_40_macro_intent_v1,N001,1764,0,0.0
2865,98934675,0,40,16671767,Kaileh57,55758863,2681.3,EpisodeType.EPISODE_TYPE_PUBLIC,Kaileh57,akahane,80569.0,63925.0,WIN,exact,720,31436271,replays/ranks_21_40_macro_intent_v1/episode-98934675-replay.json,ranks_21_40_macro_intent_v1,N003,247,0,0.0
2866,98934704,1,34,16741542,Jiro314,55759101,2693.0,EpisodeType.EPISODE_TYPE_PUBLIC,Jiro314,TrinhDung16,112388.0,59744.0,WIN,exact,720,31110019,replays/ranks_21_40_macro_intent_v1/episode-98934704-replay.json,ranks_21_40_macro_intent_v1,N001,1764,0,0.0
2867,98934774,1,28,16689430,Terry Luo,55757614,2711.2,EpisodeType.EPISODE_TYPE_PUBLIC,Terry Luo,Pascal,54478.0,52437.0,WIN,exact,720,30509664,replays/ranks_21_40_macro_intent_v1/episode-98934774-replay.json,ranks_21_40_macro_intent_v1,N001,1764,0,0.02316061221063137
2868,98934785,0,32,16685450,Nadeem,55757473,2695.7,EpisodeType.EPISODE_TYPE_PUBLIC,Nadeem,lingyu07,104441.0,99964.0,WIN,exact,720,30940139,replays/ranks_21_40_macro_intent_v1/episode-98934785-replay.json,ranks_21_40_macro_intent_v1,N003,247,0,0.0
2869,98934802,1,33,16674312,yuxuan,55757156,2694.7,EpisodeType.EPISODE_TYPE_PUBLIC,yuxuan,Efe Can Celiksoy,82447.0,73059.0,WIN,exact,720,31821566,replays/ranks_21_40_macro_intent_v1/episode-98934802-replay.json,ranks_21_40_macro_intent_v1,N001,1764,0,0.0
2870,98934868,0,32,16685450,Nadeem,55757473,2695.7,EpisodeType.EPISODE_TYPE_PUBLIC,Nadeem,Collin Christensen,98779.0,98777.0,WIN,exact,720,30322927,replays/ranks_21_40_macro_intent_v1/episode-98934868-replay.json,ranks_21_40_macro_intent_v1,N002,260,0,0.0
2871,98936947,1,40,16671767,Kaileh57,55758863,2681.3,EpisodeType.EPISODE_TYPE_PUBLIC,Kaileh57,MaxChen303,62838.0,58670.0,WIN,exact,720,31559024,replays/ranks_21_40_macro_intent_v1/episode-98936947-replay.json,ranks_21_40_macro_intent_v1,N001,1764,0,0.0
2872,98936974,1,34,16741542,Jiro314,55759101,2693.0,EpisodeType.EPISODE_TYPE_PUBLIC,Jiro314,Kazuta MIZUTA,111414.0,83231.0,WIN,exact,720,31330720,replays/ranks_21_40_macro_intent_v1/episode-98936974-replay.json,ranks_21_40_macro_intent_v1,N003,247,0,0.0
2873,98937059,0,28,16689430,Terry Luo,55757614,2711.2,EpisodeType.EPISODE_TYPE_PUBLIC,Terry Luo,Egor Trushin,111669.0,114068.0,LOSS,exact,720,30203187,replays/ranks_21_40_macro_intent_v1/episode-98937059-replay.json,ranks_21_40_macro_intent_v1,N002,260,0,0.0
2874,98937059,1,35,16670276,Egor Trushin,55724054,2692.1,EpisodeType.EPISODE_TYPE_PUBLIC,Egor Trushin,Terry Luo,114068.0,111669.0,WIN,exact,720,30203187,replays/ranks_21_40_macro_intent_v1/episode-98937059-replay.json,ranks_21_40_macro_intent_v1,N002,260,0,0.0
2875,98937076,1,32,16685450,Nadeem,55757473,2695.7,EpisodeType.EPISODE_TYPE_PUBLIC,Nadeem,SpaTaro,112269.0,116138.0,LOSS,exact,720,31105200,replays/ranks_21_40_macro_intent_v1/episode-98937076-replay.json,ranks_21_40_macro_intent_v1,N003,247,0,0.0
2876,98937085,1,33,16674312,yuxuan,55757156,2694.7,EpisodeType.EPISODE_TYPE_PUBLIC,yuxuan,Jiro314,54666.0,63359.0,LOSS,exact,720,32652373,replays/ranks_21_40_macro_intent_v1/episode-98937085-replay.json,ranks_21_40_macro_intent_v1,N001,1764,0,0.0
2877,98937097,1,28,16689430,Terry Luo,55757614,2711.2,EpisodeType.EPISODE_TYPE_PUBLIC,Terry Luo,OceanMix,85543.0,87650.0,LOSS,exact,720,31544174,replays/ranks_21_40_macro_intent_v1/episode-98937097-replay.json,ranks_21_40_macro_intent_v1,N001,1764,0,0.0
2878,98939230,0,40,16671767,Kaileh57,55758863,2681.3,EpisodeType.EPISODE_TYPE_PUBLIC,Kaileh57,anvai_agents,103427.0,83999.0,WIN,exact,720,30876349,replays/ranks_21_40_macro_intent_v1/episode-98939230-replay.json,ranks_21_40_macro_intent_v1,N002,260,0,0.0
2879,98939255,1,34,16741542,Jiro314,55759101,2693.0,EpisodeType.EPISODE_TYPE_PUBLIC,Jiro314,OctahedronBB,49619.0,36993.0,WIN,exact,720,30145365,replays/ranks_21_40_macro_intent_v1/episode-98939255-replay.json,ranks_21_40_macro_intent_v1,N001,1764,0,0.0312348660081625
2880,98939353,0,28,16689430,Terry Luo,55757614,2711.2,EpisodeType.EPISODE_TYPE_PUBLIC,Terry Luo,johnny,113236.0,111302.0,WIN,exact,720,30953445,replays/ranks_21_40_macro_intent_v1/episode-98939353-replay.json,ranks_21_40_macro_intent_v1,N003,247,0,0.0
2881,98939374,1,32,16685450,Nadeem,55757473,2695.7,EpisodeType.EPISODE_TYPE_PUBLIC,Nadeem,gnanadeepika karanam,68033.0,71329.0,LOSS,exact,720,29874669,replays/ranks_21_40_macro_intent_v1/episode-98939374-replay.json,ranks_21_40_macro_intent_v1,N002,260,0,0.03135981783270836
2882,98939380,1,33,16674312,yuxuan,55757156,2694.7,EpisodeType.EPISODE_TYPE_PUBLIC,yuxuan,lelelove1225,82492.0,71397.0,WIN,exact,720,31567556,replays/ranks_21_40_macro_intent_v1/episode-98939380-replay.json,ranks_21_40_macro_intent_v1,N001,1764,0,0.0
2883,98941514,1,40,16671767,Kaileh57,55758863,2681.3,EpisodeType.EPISODE_TYPE_PUBLIC,Kaileh57,cicen1139,140572.0,125238.0,WIN,exact,720,31886212,replays/ranks_21_40_macro_intent_v1/episode-98941514-replay.json,ranks_21_40_macro_intent_v1,N001,1764,0,0.0
2884,98941527,1,34,16741542,Jiro314,55759101,2693.0,EpisodeType.EPISODE_TYPE_PUBLIC,Jiro314,Speedrun retirement,47769.0,47748.0,WIN,exact,720,29083713,replays/ranks_21_40_macro_intent_v1/episode-98941527-replay.json,ranks_21_40_macro_intent_v1,N001,1764,0,0.0
2885,98941654,1,28,16689430,Terry Luo,55757614,2711.2,EpisodeType.EPISODE_TYPE_PUBLIC,Terry Luo,Danzzzl,91389.0,87898.0,WIN,exact,720,30301993,replays/ranks_21_40_macro_intent_v1/episode-98941654-replay.json,ranks_21_40_macro_intent_v1,N002,260,0,0.0
2886,98941665,0,32,16685450,Nadeem,55757473,2695.7,EpisodeType.EPISODE_TYPE_PUBLIC,Nadeem,webmaking,66651.0,63781.0,WIN,exact,720,31740715,replays/ranks_21_40_macro_intent_v1/episode-98941665-replay.json,ranks_21_40_macro_intent_v1,N001,1764,0,0.0
2887,98941681,0,33,16674312,yuxuan,55757156,2694.7,EpisodeType.EPISODE_TYPE_PUBLIC,yuxuan,Syed Asad Ali,84500.0,83354.0,WIN,exact,720,31026508,replays/ranks_21_40_macro_intent_v1/episode-98941681-replay.json,ranks_21_40_macro_intent_v1,N001,1764,0,0.020570458844304085
2888,98943795,1,40,16671767,Kaileh57,55758863,2681.3,EpisodeType.EPISODE_TYPE_PUBLIC,Kaileh57,Subin An,60987.0,50643.0,WIN,exact,720,31735013,replays/ranks_21_40_macro_intent_v1/episode-98943795-replay.json,ranks_21_40_macro_intent_v1,N001,1764,0,0.0
2889,98943811,0,34,16741542,Jiro314,55759101,2693.0,EpisodeType.EPISODE_TYPE_PUBLIC,Jiro314,MOHSIN525,97849.0,84943.0,WIN,exact,720,31693029,replays/ranks_21_40_macro_intent_v1/episode-98943811-replay.json,ranks_21_40_macro_intent_v1,N001,1764,0,0.0
2890,98943938,0,28,16689430,Terry Luo,55757614,2711.2,EpisodeType.EPISODE_TYPE_PUBLIC,Terry Luo,fufufukakaka,74804.0,74060.0,WIN,exact,720,30215995,replays/ranks_21_40_macro_intent_v1/episode-98943938-replay.json,ranks_21_40_macro_intent_v1,N002,260,0,0.0
2891,98943950,0,32,16685450,Nadeem,55757473,2695.7,EpisodeType.EPISODE_TYPE_PUBLIC,Nadeem,BorisV,60124.0,51929.0,WIN,exact,720,31682934,replays/ranks_21_40_macro_intent_v1/episode-98943950-replay.json,ranks_21_40_macro_intent_v1,N001,1764,0,0.0
2892,98943962,0,33,16674312,yuxuan,55757156,2694.7,EpisodeType.EPISODE_TYPE_PUBLIC,yuxuan,Ryutogrrr,115976.0,103987.0,WIN,exact,720,31689777,replays/ranks_21_40_macro_intent_v1/episode-98943962-replay.json,ranks_21_40_macro_intent_v1,N001,1764,0,0.0
2893,98944057,1,24,16685548,Erfan Eshratifar,55729097,2729.9,EpisodeType.EPISODE_TYPE_PUBLIC,Erfan Eshratifar,u,85412.0,80661.0,WIN,exact,720,31389678,replays/ranks_21_40_macro_intent_v1/episode-98944057-replay.json,ranks_21_40_macro_intent_v1,N004,130,0,0.0557420514523983
2894,98944147,1,24,16685548,Erfan Eshratifar,55729097,2729.9,EpisodeType.EPISODE_TYPE_PUBLIC,Erfan Eshratifar,shiiin9,59171.0,51304.0,WIN,exact,720,31108606,replays/ranks_21_40_macro_intent_v1/episode-98944147-replay.json,ranks_21_40_macro_intent_v1,N004,130,0,0.006938426289707422
2895,98946069,1,40,16671767,Kaileh57,55758863,2681.3,EpisodeType.EPISODE_TYPE_PUBLIC,Kaileh57,༺ANIS YT༻,54234.0,47376.0,WIN,exact,720,31684830,replays/ranks_21_40_macro_intent_v1/episode-98946069-replay.json,ranks_21_40_macro_intent_v1,N001,1764,0,0.0
2896,98946080,0,34,16741542,Jiro314,55759101,2693.0,EpisodeType.EPISODE_TYPE_PUBLIC,Jiro314,yemaoye,80810.0,58179.0,WIN,exact,720,30431189,replays/ranks_21_40_macro_intent_v1/episode-98946080-replay.json,ranks_21_40_macro_intent_v1,N001,1764,0,0.0
2897,98946219,0,28,16689430,Terry Luo,55757614,2711.2,EpisodeType.EPISODE_TYPE_PUBLIC,Terry Luo,srijan k.r keshri,66725.0,65255.0,WIN,exact,720,30459273,replays/ranks_21_40_macro_intent_v1/episode-98946219-replay.json,ranks_21_40_macro_intent_v1,N002,260,0,0.0
2898,98946236,0,32,16685450,Nadeem,55757473,2695.7,EpisodeType.EPISODE_TYPE_PUBLIC,Nadeem,Dmitry Larko,89229.0,89434.0,LOSS,exact,720,31451922,replays/ranks_21_40_macro_intent_v1/episode-98946236-replay.json,ranks_21_40_macro_intent_v1,N001,1764,0,0.0
2899,98946247,0,32,16685450,Nadeem,55757473,2695.7,EpisodeType.EPISODE_TYPE_PUBLIC,Nadeem,yuxuan,56111.0,56111.0,TIE,exact,720,31088147,replays/ranks_21_40_macro_intent_v1/episode-98946247-replay.json,ranks_21_40_macro_intent_v1,N001,1764,0,0.020570458844304085
2900,98946247,1,33,16674312,yuxuan,55757156,2694.7,EpisodeType.EPISODE_TYPE_PUBLIC,yuxuan,Nadeem,56111.0,56111.0,TIE,exact,720,31088147,replays/ranks_21_40_macro_intent_v1/episode-98946247-replay.json,ranks_21_40_macro_intent_v1,N001,1764,0,0.020570458844304085
2901,98946264,0,24,16685548,Erfan Eshratifar,55729097,2729.9,EpisodeType.EPISODE_TYPE_PUBLIC,Erfan Eshratifar,OceanMix,80934.0,76062.0,WIN,exact,720,31907705,replays/ranks_21_40_macro_intent_v1/episode-98946264-replay.json,ranks_21_40_macro_intent_v1,N004,130,0,0.006938426289707422
2902,98946416,1,40,16671767,Kaileh57,55758863,2681.3,EpisodeType.EPISODE_TYPE_PUBLIC,Kaileh57,istinetz,74614.0,65627.0,WIN,exact,720,31828476,replays/ranks_21_40_macro_intent_v1/episode-98946416-replay.json,ranks_21_40_macro_intent_v1,N001,1764,0,0.0
2903,98948351,0,40,16671767,Kaileh57,55758863,2681.3,EpisodeType.EPISODE_TYPE_PUBLIC,Kaileh57,Less,78219.0,76696.0,WIN,exact,720,31659220,replays/ranks_21_40_macro_intent_v1/episode-98948351-replay.json,ranks_21_40_macro_intent_v1,N001,1764,0,0.0
2904,98948360,0,34,16741542,Jiro314,55759101,2693.0,EpisodeType.EPISODE_TYPE_PUBLIC,Jiro314,Ani,73280.0,62254.0,WIN,exact,720,31404948,replays/ranks_21_40_macro_intent_v1/episode-98948360-replay.json,ranks_21_40_macro_intent_v1,N001,1764,0,0.11191403865814209
2905,98948510,0,25,16624276,Zejun_,55749262,2728.5,EpisodeType.EPISODE_TYPE_PUBLIC,Zejun_,Terry Luo,108168.0,108168.0,TIE,exact,720,30922601,replays/ranks_21_40_macro_intent_v1/episode-98948510-replay.json,ranks_21_40_macro_intent_v1,N001,1764,0,0.020570458844304085
2906,98948510,1,28,16689430,Terry Luo,55757614,2711.2,EpisodeType.EPISODE_TYPE_PUBLIC,Terry Luo,Zejun_,108168.0,108168.0,TIE,exact,720,30922601,replays/ranks_21_40_macro_intent_v1/episode-98948510-replay.json,ranks_21_40_macro_intent_v1,N001,1764,0,0.020570458844304085
2907,98948522,1,32,16685450,Nadeem,55757473,2695.7,EpisodeType.EPISODE_TYPE_PUBLIC,Nadeem,lelelove1225,92288.0,82547.0,WIN,exact,720,31705570,replays/ranks_21_40_macro_intent_v1/episode-98948522-replay.json,ranks_21_40_macro_intent_v1,N001,1764,0,0.0
2908,98948529,0,33,16674312,yuxuan,55757156,2694.7,EpisodeType.EPISODE_TYPE_PUBLIC,yuxuan,SaiKushal185,93555.0,79977.0,WIN,exact,720,31697248,replays/ranks_21_40_macro_intent_v1/episode-98948529-replay.json,ranks_21_40_macro_intent_v1,N001,1764,0,0.0
2909,98948546,0,37,16742369,Ömer Faruk Yüce,55723563,2688.4,EpisodeType.EPISODE_TYPE_PUBLIC,Ömer Faruk Yüce,OceanMix,118923.0,124092.0,LOSS,exact,720,30954448,replays/ranks_21_40_macro_intent_v1/episode-98948546-replay.json,ranks_21_40_macro_intent_v1,N001,1764,0,0.020570458844304085
2910,98948631,0,26,16732714,Mforg,55751131,2719.8,EpisodeType.EPISODE_TYPE_PUBLIC,Mforg,u,61145.0,59092.0,WIN,exact,720,31461184,replays/ranks_21_40_macro_intent_v1/episode-98948631-replay.json,ranks_21_40_macro_intent_v1,N001,1764,0,0.0
2911,98948727,0,35,16670276,Egor Trushin,55724054,2692.1,EpisodeType.EPISODE_TYPE_PUBLIC,Egor Trushin,GUAM,31684.0,32379.0,LOSS,exact,720,30802203,replays/ranks_21_40_macro_intent_v1/episode-98948727-replay.json,ranks_21_40_macro_intent_v1,N001,1764,0,0.0
2912,98950633,0,40,16671767,Kaileh57,55758863,2681.3,EpisodeType.EPISODE_TYPE_PUBLIC,Kaileh57,Bruce Zheng,75110.0,72798.0,WIN,exact,720,31615475,replays/ranks_21_40_macro_intent_v1/episode-98950633-replay.json,ranks_21_40_macro_intent_v1,N001,1764,0,0.0
2913,98950634,0,34,16741542,Jiro314,55759101,2693.0,EpisodeType.EPISODE_TYPE_PUBLIC,Jiro314,motemen,100195.0,94822.0,WIN,exact,720,31859246,replays/ranks_21_40_macro_intent_v1/episode-98950634-replay.json,ranks_21_40_macro_intent_v1,N003,247,0,0.0
2914,98950786,1,28,16689430,Terry Luo,55757614,2711.2,EpisodeType.EPISODE_TYPE_PUBLIC,Terry Luo,Tagir Analyzes,48635.0,48635.0,TIE,exact,720,31436291,replays/ranks_21_40_macro_intent_v1/episode-98950786-replay.json,ranks_21_40_macro_intent_v1,N001,1764,0,0.0
2915,98950804,0,32,16685450,Nadeem,55757473,2695.7,EpisodeType.EPISODE_TYPE_PUBLIC,Nadeem,extra eclaire,107986.0,99618.0,WIN,exact,720,31747972,replays/ranks_21_40_macro_intent_v1/episode-98950804-replay.json,ranks_21_40_macro_intent_v1,N001,1764,0,0.0
2916,98950814,1,33,16674312,yuxuan,55757156,2694.7,EpisodeType.EPISODE_TYPE_PUBLIC,yuxuan,StackKnight,104361.0,93678.0,WIN,exact,720,31438425,replays/ranks_21_40_macro_intent_v1/episode-98950814-replay.json,ranks_21_40_macro_intent_v1,N002,260,0,0.0
2917,98950907,0,24,16685548,Erfan Eshratifar,55729097,2729.9,EpisodeType.EPISODE_TYPE_PUBLIC,Erfan Eshratifar,u,71991.0,69974.0,WIN,exact,720,31824761,replays/ranks_21_40_macro_intent_v1/episode-98950907-replay.json,ranks_21_40_macro_intent_v1,N004,130,0,0.0
2918,98951024,0,23,16684954,Suneeth reddy,55747103,2730.9,EpisodeType.EPISODE_TYPE_PUBLIC,Suneeth reddy,Nat00,48330.0,51974.0,LOSS,exact,720,31546392,replays/ranks_21_40_macro_intent_v1/episode-98951024-replay.json,ranks_21_40_macro_intent_v1,N001,1764,0,0.0
2919,98951030,0,30,16753799,桂棹兮兰桨,55760200,2699.6,EpisodeType.EPISODE_TYPE_VALIDATION,桂棹兮兰桨,桂棹兮兰桨,63116.0,63116.0,TIE,exact,720,31090771,replays/ranks_21_40_macro_intent_v1/episode-98951030-replay.json,ranks_21_40_macro_intent_v1,N001,1764,0,0.020570458844304085
2920,98951030,1,30,16753799,桂棹兮兰桨,55760200,2699.6,EpisodeType.EPISODE_TYPE_VALIDATION,桂棹兮兰桨,桂棹兮兰桨,63116.0,63116.0,TIE,exact,720,31090771,replays/ranks_21_40_macro_intent_v1/episode-98951030-replay.json,ranks_21_40_macro_intent_v1,N001,1764,0,0.020570458844304085
2921,98952911,1,34,16741542,Jiro314,55759101,2693.0,EpisodeType.EPISODE_TYPE_PUBLIC,Jiro314,アナコンダ,111988.0,98164.0,WIN,exact,720,31900115,replays/ranks_21_40_macro_intent_v1/episode-98952911-replay.json,ranks_21_40_macro_intent_v1,N001,1764,0,0.0
2922,98952922,0,40,16671767,Kaileh57,55758863,2681.3,EpisodeType.EPISODE_TYPE_PUBLIC,Kaileh57,york li13,103663.0,89640.0,WIN,exact,720,31697244,replays/ranks_21_40_macro_intent_v1/episode-98952922-replay.json,ranks_21_40_macro_intent_v1,N001,1764,0,0.0
2923,98953064,0,28,16689430,Terry Luo,55757614,2711.2,EpisodeType.EPISODE_TYPE_PUBLIC,Terry Luo,Homii_N,52824.0,52824.0,TIE,exact,720,30919849,replays/ranks_21_40_macro_intent_v1/episode-98953064-replay.json,ranks_21_40_macro_intent_v1,N001,1764,0,0.020570458844304085
2924,98953064,1,29,16639507,Homii_N,55753519,2701.6,EpisodeType.EPISODE_TYPE_PUBLIC,Homii_N,Terry Luo,52824.0,52824.0,TIE,exact,720,30919849,replays/ranks_21_40_macro_intent_v1/episode-98953064-replay.json,ranks_21_40_macro_intent_v1,N001,1764,0,0.020570458844304085
2925,98953083,0,32,16685450,Nadeem,55757473,2695.7,EpisodeType.EPISODE_TYPE_PUBLIC,Nadeem,Will,65292.0,64668.0,WIN,exact,720,31386891,replays/ranks_21_40_macro_intent_v1/episode-98953083-replay.json,ranks_21_40_macro_intent_v1,N001,1764,0,0.0
2926,98953095,0,33,16674312,yuxuan,55757156,2694.7,EpisodeType.EPISODE_TYPE_PUBLIC,yuxuan,shivam saini,67314.0,67314.0,TIE,exact,720,31092706,replays/ranks_21_40_macro_intent_v1/episode-98953095-replay.json,ranks_21_40_macro_intent_v1,N001,1764,0,0.020570458844304085
2927,98953196,1,37,16742369,Ömer Faruk Yüce,55723563,2688.4,EpisodeType.EPISODE_TYPE_PUBLIC,Ömer Faruk Yüce,u,61221.0,69889.0,LOSS,exact,720,31433989,replays/ranks_21_40_macro_intent_v1/episode-98953196-replay.json,ranks_21_40_macro_intent_v1,N001,1764,0,0.020570458844304085
2928,98955187,1,34,16741542,Jiro314,55759101,2693.0,EpisodeType.EPISODE_TYPE_PUBLIC,Jiro314,wataru420,63146.0,49768.0,WIN,exact,720,31607253,replays/ranks_21_40_macro_intent_v1/episode-98955187-replay.json,ranks_21_40_macro_intent_v1,N001,1764,0,0.0
2929,98955225,1,40,16671767,Kaileh57,55758863,2681.3,EpisodeType.EPISODE_TYPE_PUBLIC,Kaileh57,brightest66,98214.0,86841.0,WIN,exact,720,30831382,replays/ranks_21_40_macro_intent_v1/episode-98955225-replay.json,ranks_21_40_macro_intent_v1,N003,247,0,0.0
2930,98955261,1,30,16753799,桂棹兮兰桨,55760200,2699.6,EpisodeType.EPISODE_TYPE_PUBLIC,桂棹兮兰桨,Dhruv Patel #2,120403.0,42483.0,WIN,exact,720,26364300,replays/ranks_21_40_macro_intent_v1/episode-98955261-replay.json,ranks_21_40_macro_intent_v1,N001,1764,0,0.0
2931,98955335,1,28,16689430,Terry Luo,55757614,2711.2,EpisodeType.EPISODE_TYPE_PUBLIC,Terry Luo,shinamonmon,65231.0,59567.0,WIN,exact,720,31482200,replays/ranks_21_40_macro_intent_v1/episode-98955335-replay.json,ranks_21_40_macro_intent_v1,N001,1764,0,0.0
2932,98955363,1,32,16685450,Nadeem,55757473,2695.7,EpisodeType.EPISODE_TYPE_PUBLIC,Nadeem,Jasper Turnidge,63113.0,53286.0,WIN,exact,720,31554249,replays/ranks_21_40_macro_intent_v1/episode-98955363-replay.json,ranks_21_40_macro_intent_v1,N001,1764,0,0.0
2933,98955369,0,33,16674312,yuxuan,55757156,2694.7,EpisodeType.EPISODE_TYPE_PUBLIC,yuxuan,SOSyuki,71043.0,58480.0,WIN,exact,720,30555969,replays/ranks_21_40_macro_intent_v1/episode-98955369-replay.json,ranks_21_40_macro_intent_v1,N001,1764,0,0.005199999548494816
2934,98955481,0,37,16742369,Ömer Faruk Yüce,55723563,2688.4,EpisodeType.EPISODE_TYPE_PUBLIC,Ömer Faruk Yüce,u,66622.0,73699.0,LOSS,exact,720,31560198,replays/ranks_21_40_macro_intent_v1/episode-98955481-replay.json,ranks_21_40_macro_intent_v1,N001,1764,0,0.0
2935,98955536,0,28,16689430,Terry Luo,55757614,2711.2,EpisodeType.EPISODE_TYPE_PUBLIC,Terry Luo,Bharath Varma,62397.0,65246.0,LOSS,exact,720,32326020,replays/ranks_21_40_macro_intent_v1/episode-98955536-replay.json,ranks_21_40_macro_intent_v1,N001,1764,0,0.0
2936,98955574,0,36,16699741,Tom3,55743933,2684.9,EpisodeType.EPISODE_TYPE_PUBLIC,Tom3,Hongxin Su,28768.0,27020.0,WIN,exact,720,31169224,replays/ranks_21_40_macro_intent_v1/episode-98955574-replay.json,ranks_21_40_macro_intent_v1,N001,1764,0,0.0
2937,98957470,0,34,16741542,Jiro314,55759101,2693.0,EpisodeType.EPISODE_TYPE_PUBLIC,Jiro314,FarmGoose,53572.0,50924.0,WIN,exact,720,31037447,replays/ranks_21_40_macro_intent_v1/episode-98957470-replay.json,ranks_21_40_macro_intent_v1,N001,1764,0,0.10913640260696411
2938,98957521,1,40,16671767,Kaileh57,55758863,2681.3,EpisodeType.EPISODE_TYPE_PUBLIC,Kaileh57,denden12,75494.0,62012.0,WIN,exact,720,31568422,replays/ranks_21_40_macro_intent_v1/episode-98957521-replay.json,ranks_21_40_macro_intent_v1,N001,1764,0,0.0
2939,98957531,1,30,16753799,桂棹兮兰桨,55760200,2699.6,EpisodeType.EPISODE_TYPE_PUBLIC,桂棹兮兰桨,Md. Abdullah Al Mamun,125769.0,30587.0,WIN,exact,720,28518699,replays/ranks_21_40_macro_intent_v1/episode-98957531-replay.json,ranks_21_40_macro_intent_v1,N001,1764,0,0.0
2940,98957637,0,28,16689430,Terry Luo,55757614,2711.2,EpisodeType.EPISODE_TYPE_PUBLIC,Terry Luo,shinamonmon,80968.0,78510.0,WIN,exact,720,31023048,replays/ranks_21_40_macro_intent_v1/episode-98957637-replay.json,ranks_21_40_macro_intent_v1,N001,1764,0,0.020570458844304085
2941,98957650,1,32,16685450,Nadeem,55757473,2695.7,EpisodeType.EPISODE_TYPE_PUBLIC,Nadeem,James Holland,73042.0,65551.0,WIN,exact,720,31664225,replays/ranks_21_40_macro_intent_v1/episode-98957650-replay.json,ranks_21_40_macro_intent_v1,N001,1764,0,0.0
2942,98957665,0,37,16742369,Ömer Faruk Yüce,55723563,2688.4,EpisodeType.EPISODE_TYPE_PUBLIC,Ömer Faruk Yüce,OceanMix,86924.0,98193.0,LOSS,exact,720,31364433,replays/ranks_21_40_macro_intent_v1/episode-98957665-replay.json,ranks_21_40_macro_intent_v1,N001,1764,0,0.020570458844304085
2943,98957770,0,33,16674312,yuxuan,55757156,2694.7,EpisodeType.EPISODE_TYPE_PUBLIC,yuxuan,Dude and Destroy,60062.0,59070.0,WIN,exact,720,30925908,replays/ranks_21_40_macro_intent_v1/episode-98957770-replay.json,ranks_21_40_macro_intent_v1,N001,1764,0,0.0
2944,98959750,0,34,16741542,Jiro314,55759101,2693.0,EpisodeType.EPISODE_TYPE_PUBLIC,Jiro314,Hồ Khánh Duy,98382.0,81202.0,WIN,exact,720,31736052,replays/ranks_21_40_macro_intent_v1/episode-98959750-replay.json,ranks_21_40_macro_intent_v1,N001,1764,0,0.02849394641816616
2945,98959798,1,30,16753799,桂棹兮兰桨,55760200,2699.6,EpisodeType.EPISODE_TYPE_PUBLIC,桂棹兮兰桨,HandsOffMyBigMelons,107487.0,73423.0,WIN,exact,720,29368469,replays/ranks_21_40_macro_intent_v1/episode-98959798-replay.json,ranks_21_40_macro_intent_v1,N001,1764,0,0.0
2946,98959824,0,40,16671767,Kaileh57,55758863,2681.3,EpisodeType.EPISODE_TYPE_PUBLIC,Kaileh57,THIRD FARM CLUB,92732.0,99386.0,LOSS,exact,720,31682649,replays/ranks_21_40_macro_intent_v1/episode-98959824-replay.json,ranks_21_40_macro_intent_v1,N001,1764,0,0.0
2947,98959909,1,28,16689430,Terry Luo,55757614,2711.2,EpisodeType.EPISODE_TYPE_PUBLIC,Terry Luo,yuxuan,85145.0,85145.0,TIE,exact,720,31085251,replays/ranks_21_40_macro_intent_v1/episode-98959909-replay.json,ranks_21_40_macro_intent_v1,N001,1764,0,0.020570458844304085
2948,98959909,0,33,16674312,yuxuan,55757156,2694.7,EpisodeType.EPISODE_TYPE_PUBLIC,yuxuan,Terry Luo,85145.0,85145.0,TIE,exact,720,31085251,replays/ranks_21_40_macro_intent_v1/episode-98959909-replay.json,ranks_21_40_macro_intent_v1,N001,1764,0,0.020570458844304085
2949,98959936,1,32,16685450,Nadeem,55757473,2695.7,EpisodeType.EPISODE_TYPE_PUBLIC,Nadeem,Xiaowenhao404,40152.0,37487.0,WIN,exact,720,30888773,replays/ranks_21_40_macro_intent_v1/episode-98959936-replay.json,ranks_21_40_macro_intent_v1,N001,1764,0,0.020570458844304085
2950,98959940,0,33,16674312,yuxuan,55757156,2694.7,EpisodeType.EPISODE_TYPE_PUBLIC,yuxuan,tangaii,86343.0,85160.0,WIN,exact,720,31023893,replays/ranks_21_40_macro_intent_v1/episode-98959940-replay.json,ranks_21_40_macro_intent_v1,N001,1764,0,0.020570458844304085
2951,98960039,0,31,16635314,Aurora wy,55742603,2699.1,EpisodeType.EPISODE_TYPE_PUBLIC,Aurora wy,u,82570.0,77189.0,WIN,exact,720,31335409,replays/ranks_21_40_macro_intent_v1/episode-98960039-replay.json,ranks_21_40_macro_intent_v1,N001,1764,0,0.0
2952,98962024,0,34,16741542,Jiro314,55759101,2693.0,EpisodeType.EPISODE_TYPE_PUBLIC,Jiro314,Mirza Yasir Abdullah Baig,126636.0,112698.0,WIN,exact,720,31689181,replays/ranks_21_40_macro_intent_v1/episode-98962024-replay.json,ranks_21_40_macro_intent_v1,N001,1764,0,0.0
2953,98962058,0,30,16753799,桂棹兮兰桨,55760200,2699.6,EpisodeType.EPISODE_TYPE_PUBLIC,桂棹兮兰桨,EnriFermi,71594.0,58668.0,WIN,exact,720,28902886,replays/ranks_21_40_macro_intent_v1/episode-98962058-replay.json,ranks_21_40_macro_intent_v1,N001,1764,0,0.0
2954,98962096,1,40,16671767,Kaileh57,55758863,2681.3,EpisodeType.EPISODE_TYPE_PUBLIC,Kaileh57,Michael Timbs,120376.0,129165.0,LOSS,exact,720,31214592,replays/ranks_21_40_macro_intent_v1/episode-98962096-replay.json,ranks_21_40_macro_intent_v1,N003,247,0,0.0
2955,98962185,0,28,16689430,Terry Luo,55757614,2711.2,EpisodeType.EPISODE_TYPE_PUBLIC,Terry Luo,Homii_N,64057.0,63829.0,WIN,exact,720,30845723,replays/ranks_21_40_macro_intent_v1/episode-98962185-replay.json,ranks_21_40_macro_intent_v1,N001,1764,0,0.020570458844304085
2956,98962185,1,29,16639507,Homii_N,55753519,2701.6,EpisodeType.EPISODE_TYPE_PUBLIC,Homii_N,Terry Luo,63829.0,64057.0,LOSS,exact,720,30845723,replays/ranks_21_40_macro_intent_v1/episode-98962185-replay.json,ranks_21_40_macro_intent_v1,N001,1764,0,0.020570458844304085
2957,98962210,1,32,16685450,Nadeem,55757473,2695.7,EpisodeType.EPISODE_TYPE_PUBLIC,Nadeem,Kaan Dınız,66050.0,59227.0,WIN,exact,720,31647763,replays/ranks_21_40_macro_intent_v1/episode-98962210-replay.json,ranks_21_40_macro_intent_v1,N001,1764,0,0.0
2958,98962217,0,33,16674312,yuxuan,55757156,2694.7,EpisodeType.EPISODE_TYPE_PUBLIC,yuxuan,OxFFFs,136518.0,136518.0,TIE,exact,720,31094409,replays/ranks_21_40_macro_intent_v1/episode-98962217-replay.json,ranks_21_40_macro_intent_v1,N001,1764,0,0.020570458844304085
2959,98962237,1,23,16684954,Suneeth reddy,55747103,2730.9,EpisodeType.EPISODE_TYPE_PUBLIC,Suneeth reddy,OceanMix,63445.0,68136.0,LOSS,exact,720,31856099,replays/ranks_21_40_macro_intent_v1/episode-98962237-replay.json,ranks_21_40_macro_intent_v1,N001,1764,0,0.0
2960,98962314,0,29,16639507,Homii_N,55753519,2701.6,EpisodeType.EPISODE_TYPE_PUBLIC,Homii_N,u,45500.0,48199.0,LOSS,exact,720,30920286,replays/ranks_21_40_macro_intent_v1/episode-98962314-replay.json,ranks_21_40_macro_intent_v1,N001,1764,0,0.020570458844304085
2961,98962411,0,39,16712714,MiMi,55741684,2682.8,EpisodeType.EPISODE_TYPE_PUBLIC,MiMi,カワシギ,96230.0,90310.0,WIN,exact,720,30559204,replays/ranks_21_40_macro_intent_v1/episode-98962411-replay.json,ranks_21_40_macro_intent_v1,N359,1,1,0.0
2962,98964302,0,34,16741542,Jiro314,55759101,2693.0,EpisodeType.EPISODE_TYPE_PUBLIC,Jiro314,THIRD FARM CLUB,91451.0,77388.0,WIN,exact,720,31695827,replays/ranks_21_40_macro_intent_v1/episode-98964302-replay.json,ranks_21_40_macro_intent_v1,N001,1764,0,0.0
2963,98964340,1,30,16753799,桂棹兮兰桨,55760200,2699.6,EpisodeType.EPISODE_TYPE_PUBLIC,桂棹兮兰桨,gytdrop,59084.0,28035.0,WIN,exact,720,30890001,replays/ranks_21_40_macro_intent_v1/episode-98964340-replay.json,ranks_21_40_macro_intent_v1,N001,1764,0,0.0
2964,98964380,1,40,16671767,Kaileh57,55758863,2681.3,EpisodeType.EPISODE_TYPE_PUBLIC,Kaileh57,Jay,150396.0,147024.0,WIN,exact,720,31722100,replays/ranks_21_40_macro_intent_v1/episode-98964380-replay.json,ranks_21_40_macro_intent_v1,N001,1764,0,0.0
2965,98964455,1,28,16689430,Terry Luo,55757614,2711.2,EpisodeType.EPISODE_TYPE_PUBLIC,Terry Luo,Arda Ceylan,49030.0,49993.0,LOSS,exact,720,31305257,replays/ranks_21_40_macro_intent_v1/episode-98964455-replay.json,ranks_21_40_macro_intent_v1,N001,1764,0,0.0
2966,98964492,1,32,16685450,Nadeem,55757473,2695.7,EpisodeType.EPISODE_TYPE_PUBLIC,Nadeem,SpaTaro,52406.0,58110.0,LOSS,exact,720,31749439,replays/ranks_21_40_macro_intent_v1/episode-98964492-replay.json,ranks_21_40_macro_intent_v1,N001,1764,0,0.0
2967,98964493,0,33,16674312,yuxuan,55757156,2694.7,EpisodeType.EPISODE_TYPE_PUBLIC,yuxuan,tingyu516,64995.0,60026.0,WIN,exact,720,30935495,replays/ranks_21_40_macro_intent_v1/episode-98964493-replay.json,ranks_21_40_macro_intent_v1,N003,247,0,0.0
2968,98964643,0,22,16745006,UjjwalPardeshi,55754433,2734.7,EpisodeType.EPISODE_TYPE_PUBLIC,UjjwalPardeshi,G!vIOne,124293.0,125060.0,LOSS,exact,720,30269463,replays/ranks_21_40_macro_intent_v1/episode-98964643-replay.json,ranks_21_40_macro_intent_v1,N002,260,0,0.0
2969,98966593,0,34,16741542,Jiro314,55759101,2693.0,EpisodeType.EPISODE_TYPE_PUBLIC,Jiro314,Kam,72807.0,56817.0,WIN,exact,720,31666954,replays/ranks_21_40_macro_intent_v1/episode-98966593-replay.json,ranks_21_40_macro_intent_v1,N001,1764,0,0.0
2970,98966598,1,30,16753799,桂棹兮兰桨,55760200,2699.6,EpisodeType.EPISODE_TYPE_PUBLIC,桂棹兮兰桨,Jose Miguel Diez de la Lastra,109352.0,86436.0,WIN,exact,720,31218161,replays/ranks_21_40_macro_intent_v1/episode-98966598-replay.json,ranks_21_40_macro_intent_v1,N001,1764,0,0.0
2971,98966663,0,40,16671767,Kaileh57,55758863,2681.3,EpisodeType.EPISODE_TYPE_PUBLIC,Kaileh57,Hiroyasu Okuno,108718.0,107220.0,WIN,exact,720,31698230,replays/ranks_21_40_macro_intent_v1/episode-98966663-replay.json,ranks_21_40_macro_intent_v1,N001,1764,0,0.0
2972,98966740,0,28,16689430,Terry Luo,55757614,2711.2,EpisodeType.EPISODE_TYPE_PUBLIC,Terry Luo,Egor Trushin,54058.0,49360.0,WIN,exact,720,31461956,replays/ranks_21_40_macro_intent_v1/episode-98966740-replay.json,ranks_21_40_macro_intent_v1,N001,1764,0,0.0
2973,98966740,1,35,16670276,Egor Trushin,55724054,2692.1,EpisodeType.EPISODE_TYPE_PUBLIC,Egor Trushin,Terry Luo,49360.0,54058.0,LOSS,exact,720,31461956,replays/ranks_21_40_macro_intent_v1/episode-98966740-replay.json,ranks_21_40_macro_intent_v1,N001,1764,0,0.0
2974,98966776,1,33,16674312,yuxuan,55757156,2694.7,EpisodeType.EPISODE_TYPE_PUBLIC,yuxuan,shiiin9,146044.0,136841.0,WIN,exact,720,31600933,replays/ranks_21_40_macro_intent_v1/episode-98966776-replay.json,ranks_21_40_macro_intent_v1,N001,1764,0,0.0
2975,98966777,0,32,16685450,Nadeem,55757473,2695.7,EpisodeType.EPISODE_TYPE_PUBLIC,Nadeem,UjjwalPardeshi,77995.0,77176.0,WIN,exact,720,31443549,replays/ranks_21_40_macro_intent_v1/episode-98966777-replay.json,ranks_21_40_macro_intent_v1,N001,1764,0,0.0
2976,98966798,0,23,16684954,Suneeth reddy,55747103,2730.9,EpisodeType.EPISODE_TYPE_PUBLIC,Suneeth reddy,OceanMix,72194.0,76118.0,LOSS,exact,720,31485369,replays/ranks_21_40_macro_intent_v1/episode-98966798-replay.json,ranks_21_40_macro_intent_v1,N001,1764,0,0.0
2977,98966973,0,27,16630675,Lucien de Rubempre,55749795,2712.1,EpisodeType.EPISODE_TYPE_PUBLIC,Lucien de Rubempre,G!vIOne,101292.0,101803.0,LOSS,exact,720,31533642,replays/ranks_21_40_macro_intent_v1/episode-98966973-replay.json,ranks_21_40_macro_intent_v1,N001,1764,0,0.0
2978,98968874,1,34,16741542,Jiro314,55759101,2693.0,EpisodeType.EPISODE_TYPE_PUBLIC,Jiro314,Hai Dang,114616.0,99847.0,WIN,exact,720,31555206,replays/ranks_21_40_macro_intent_v1/episode-98968874-replay.json,ranks_21_40_macro_intent_v1,N001,1764,0,0.02849394641816616
2979,98968887,1,30,16753799,桂棹兮兰桨,55760200,2699.6,EpisodeType.EPISODE_TYPE_PUBLIC,桂棹兮兰桨,sunchang71,99583.0,77411.0,WIN,exact,720,31034009,replays/ranks_21_40_macro_intent_v1/episode-98968887-replay.json,ranks_21_40_macro_intent_v1,N001,1764,0,0.0
2980,98968951,1,40,16671767,Kaileh57,55758863,2681.3,EpisodeType.EPISODE_TYPE_PUBLIC,Kaileh57,Jun AKita,109347.0,104450.0,WIN,exact,720,31153332,replays/ranks_21_40_macro_intent_v1/episode-98968951-replay.json,ranks_21_40_macro_intent_v1,N001,1764,0,0.020570458844304085
2981,98969036,0,28,16689430,Terry Luo,55757614,2711.2,EpisodeType.EPISODE_TYPE_PUBLIC,Terry Luo,Nat00,81692.0,88244.0,LOSS,exact,720,31312549,replays/ranks_21_40_macro_intent_v1/episode-98969036-replay.json,ranks_21_40_macro_intent_v1,N001,1764,0,0.020570458844304085
2982,98969055,0,32,16685450,Nadeem,55757473,2695.7,EpisodeType.EPISODE_TYPE_PUBLIC,Nadeem,shiiin9,75840.0,63059.0,WIN,exact,720,31596222,replays/ranks_21_40_macro_intent_v1/episode-98969055-replay.json,ranks_21_40_macro_intent_v1,N001,1764,0,0.0
2983,98969064,1,33,16674312,yuxuan,55757156,2694.7,EpisodeType.EPISODE_TYPE_PUBLIC,yuxuan,OxFFFs,75269.0,75269.0,TIE,exact,720,31447312,replays/ranks_21_40_macro_intent_v1/episode-98969064-replay.json,ranks_21_40_macro_intent_v1,N001,1764,0,0.0
2984,98971155,1,30,16753799,桂棹兮兰桨,55760200,2699.6,EpisodeType.EPISODE_TYPE_PUBLIC,桂棹兮兰桨,Mansour A. S. Ataa,111250.0,81226.0,WIN,exact,720,31011018,replays/ranks_21_40_macro_intent_v1/episode-98971155-replay.json,ranks_21_40_macro_intent_v1,N001,1764,0,0.0
2985,98971176,0,34,16741542,Jiro314,55759101,2693.0,EpisodeType.EPISODE_TYPE_PUBLIC,Jiro314,Boredom,78617.0,77662.0,WIN,exact,720,30650176,replays/ranks_21_40_macro_intent_v1/episode-98971176-replay.json,ranks_21_40_macro_intent_v1,N001,1764,0,0.10913640260696411
2986,98971239,0,40,16671767,Kaileh57,55758863,2681.3,EpisodeType.EPISODE_TYPE_PUBLIC,Kaileh57,Erfan Eshratifar,96410.0,93442.0,WIN,exact,720,31463007,replays/ranks_21_40_macro_intent_v1/episode-98971239-replay.json,ranks_21_40_macro_intent_v1,N003,247,0,0.0
2987,98971255,1,29,16639507,Homii_N,55753519,2701.6,EpisodeType.EPISODE_TYPE_PUBLIC,Homii_N,tyz123456,80472.0,85843.0,LOSS,exact,720,31469916,replays/ranks_21_40_macro_intent_v1/episode-98971255-replay.json,ranks_21_40_macro_intent_v1,N001,1764,0,0.0
2988,98971317,0,28,16689430,Terry Luo,55757614,2711.2,EpisodeType.EPISODE_TYPE_PUBLIC,Terry Luo,Hongxin Su,69418.0,69418.0,TIE,exact,720,31075539,replays/ranks_21_40_macro_intent_v1/episode-98971317-replay.json,ranks_21_40_macro_intent_v1,N001,1764,0,0.020570458844304085
2989,98971340,0,33,16674312,yuxuan,55757156,2694.7,EpisodeType.EPISODE_TYPE_PUBLIC,yuxuan,Victor @ Tufa Labs,98513.0,90011.0,WIN,exact,720,31492901,replays/ranks_21_40_macro_intent_v1/episode-98971340-replay.json,ranks_21_40_macro_intent_v1,N001,1764,0,0.0
2990,98971344,0,32,16685450,Nadeem,55757473,2695.7,EpisodeType.EPISODE_TYPE_PUBLIC,Nadeem,MMM Abbie,111249.0,109811.0,WIN,exact,720,30937008,replays/ranks_21_40_macro_intent_v1/episode-98971344-replay.json,ranks_21_40_macro_intent_v1,N001,1764,0,0.020570458844304085
2991,98971528,1,29,16639507,Homii_N,55753519,2701.6,EpisodeType.EPISODE_TYPE_PUBLIC,Homii_N,StackKnight,109502.0,102428.0,WIN,exact,720,31670041,replays/ranks_21_40_macro_intent_v1/episode-98971528-replay.json,ranks_21_40_macro_intent_v1,N001,1764,0,0.0
2992,98973444,1,30,16753799,桂棹兮兰桨,55760200,2699.6,EpisodeType.EPISODE_TYPE_PUBLIC,桂棹兮兰桨,HELIOS reasonning,123658.0,111833.0,WIN,exact,720,31677893,replays/ranks_21_40_macro_intent_v1/episode-98973444-replay.json,ranks_21_40_macro_intent_v1,N001,1764,0,0.0
2993,98973472,0,34,16741542,Jiro314,55759101,2693.0,EpisodeType.EPISODE_TYPE_PUBLIC,Jiro314,ArX,79293.0,70489.0,WIN,exact,720,31589141,replays/ranks_21_40_macro_intent_v1/episode-98973472-replay.json,ranks_21_40_macro_intent_v1,N001,1764,0,0.0025901533663272858
2994,98973523,1,40,16671767,Kaileh57,55758863,2681.3,EpisodeType.EPISODE_TYPE_PUBLIC,Kaileh57,Michael Timbs,71372.0,57370.0,WIN,exact,720,31838578,replays/ranks_21_40_macro_intent_v1/episode-98973523-replay.json,ranks_21_40_macro_intent_v1,N001,1764,0,0.0
2995,98973548,1,36,16699741,Tom3,55743933,2684.9,EpisodeType.EPISODE_TYPE_PUBLIC,Tom3,tyz123456,135105.0,147264.0,LOSS,exact,720,31475399,replays/ranks_21_40_macro_intent_v1/episode-98973548-replay.json,ranks_21_40_macro_intent_v1,N001,1764,0,0.0
2996,98973603,1,28,16689430,Terry Luo,55757614,2711.2,EpisodeType.EPISODE_TYPE_PUBLIC,Terry Luo,shinamonmon,107996.0,107103.0,WIN,exact,720,30864448,replays/ranks_21_40_macro_intent_v1/episode-98973603-replay.json,ranks_21_40_macro_intent_v1,N001,1764,0,0.020570458844304085
2997,98973628,0,33,16674312,yuxuan,55757156,2694.7,EpisodeType.EPISODE_TYPE_PUBLIC,yuxuan,Lucien de Rubempre,110182.0,118260.0,LOSS,exact,720,30796487,replays/ranks_21_40_macro_intent_v1/episode-98973628-replay.json,ranks_21_40_macro_intent_v1,N003,247,0,0.0
2998,98973635,1,32,16685450,Nadeem,55757473,2695.7,EpisodeType.EPISODE_TYPE_PUBLIC,Nadeem,satoooh,71234.0,66839.0,WIN,exact,720,30891872,replays/ranks_21_40_macro_intent_v1/episode-98973635-replay.json,ranks_21_40_macro_intent_v1,N001,1764,0,0.020570458844304085
2999,98975710,1,30,16753799,桂棹兮兰桨,55760200,2699.6,EpisodeType.EPISODE_TYPE_PUBLIC,桂棹兮兰桨,Zuu3scode,73589.0,72522.0,WIN,exact,720,31929522,replays/ranks_21_40_macro_intent_v1/episode-98975710-replay.json,ranks_21_40_macro_intent_v1,N001,1764,0,0.0
3000,98975771,0,34,16741542,Jiro314,55759101,2693.0,EpisodeType.EPISODE_TYPE_PUBLIC,Jiro314,Jince,100977.0,93031.0,WIN,exact,720,30733017,replays/ranks_21_40_macro_intent_v1/episode-98975771-replay.json,ranks_21_40_macro_intent_v1,N003,247,0,0.0
3001,98975805,1,40,16671767,Kaileh57,55758863,2681.3,EpisodeType.EPISODE_TYPE_PUBLIC,Kaileh57,A. R. SEKKAT,74462.0,63770.0,WIN,exact,720,31356475,replays/ranks_21_40_macro_intent_v1/episode-98975805-replay.json,ranks_21_40_macro_intent_v1,N001,1764,0,0.0
3002,98975840,0,23,16684954,Suneeth reddy,55747103,2730.9,EpisodeType.EPISODE_TYPE_PUBLIC,Suneeth reddy,tyz123456,44782.0,52346.0,LOSS,exact,720,32009141,replays/ranks_21_40_macro_intent_v1/episode-98975840-replay.json,ranks_21_40_macro_intent_v1,N001,1764,0,0.02363712713122368
3003,98975886,1,23,16684954,Suneeth reddy,55747103,2730.9,EpisodeType.EPISODE_TYPE_PUBLIC,Suneeth reddy,Terry Luo,71580.0,62117.0,WIN,exact,720,30844409,replays/ranks_21_40_macro_intent_v1/episode-98975886-replay.json,ranks_21_40_macro_intent_v1,N001,1764,0,0.0
3004,98975886,0,28,16689430,Terry Luo,55757614,2711.2,EpisodeType.EPISODE_TYPE_PUBLIC,Terry Luo,Suneeth reddy,62117.0,71580.0,LOSS,exact,720,30844409,replays/ranks_21_40_macro_intent_v1/episode-98975886-replay.json,ranks_21_40_macro_intent_v1,N001,1764,0,0.020570458844304085
3005,98975904,0,33,16674312,yuxuan,55757156,2694.7,EpisodeType.EPISODE_TYPE_PUBLIC,yuxuan,James Holland,90902.0,85988.0,WIN,exact,720,31083952,replays/ranks_21_40_macro_intent_v1/episode-98975904-replay.json,ranks_21_40_macro_intent_v1,N002,260,0,0.0
3006,98975920,0,32,16685450,Nadeem,55757473,2695.7,EpisodeType.EPISODE_TYPE_PUBLIC,Nadeem,OxFFFs,94576.0,99269.0,LOSS,exact,720,30582526,replays/ranks_21_40_macro_intent_v1/episode-98975920-replay.json,ranks_21_40_macro_intent_v1,N001,1764,0,0.020570458844304085
3007,98977986,1,30,16753799,桂棹兮兰桨,55760200,2699.6,EpisodeType.EPISODE_TYPE_PUBLIC,桂棹兮兰桨,HZM,130014.0,118567.0,WIN,exact,720,31809958,replays/ranks_21_40_macro_intent_v1/episode-98977986-replay.json,ranks_21_40_macro_intent_v1,N001,1764,0,0.0
3008,98978051,0,34,16741542,Jiro314,55759101,2693.0,EpisodeType.EPISODE_TYPE_PUBLIC,Jiro314,mandgeee,83535.0,75274.0,WIN,exact,720,32108665,replays/ranks_21_40_macro_intent_v1/episode-98978051-replay.json,ranks_21_40_macro_intent_v1,N003,247,0,0.0
3009,98978092,1,40,16671767,Kaileh57,55758863,2681.3,EpisodeType.EPISODE_TYPE_PUBLIC,Kaileh57,tangaii,43622.0,43622.0,TIE,exact,720,31091228,replays/ranks_21_40_macro_intent_v1/episode-98978092-replay.json,ranks_21_40_macro_intent_v1,N001,1764,0,0.020570458844304085
3010,98978167,1,28,16689430,Terry Luo,55757614,2711.2,EpisodeType.EPISODE_TYPE_PUBLIC,Terry Luo,OxFFFs,119172.0,119172.0,TIE,exact,720,30920438,replays/ranks_21_40_macro_intent_v1/episode-98978167-replay.json,ranks_21_40_macro_intent_v1,N001,1764,0,0.020570458844304085
3011,98978196,0,33,16674312,yuxuan,55757156,2694.7,EpisodeType.EPISODE_TYPE_PUBLIC,yuxuan,Hongxin Su,57504.0,53091.0,WIN,exact,720,30939079,replays/ranks_21_40_macro_intent_v1/episode-98978196-replay.json,ranks_21_40_macro_intent_v1,N001,1764,0,0.020570458844304085
3012,98978201,1,32,16685450,Nadeem,55757473,2695.7,EpisodeType.EPISODE_TYPE_PUBLIC,Nadeem,Dude and Destroy,97304.0,101805.0,LOSS,exact,720,30926851,replays/ranks_21_40_macro_intent_v1/episode-98978201-replay.json,ranks_21_40_macro_intent_v1,N001,1764,0,0.0
3013,98980260,0,30,16753799,桂棹兮兰桨,55760200,2699.6,EpisodeType.EPISODE_TYPE_PUBLIC,桂棹兮兰桨,bot-farmer,75525.0,74553.0,WIN,exact,720,31775015,replays/ranks_21_40_macro_intent_v1/episode-98980260-replay.json,ranks_21_40_macro_intent_v1,N001,1764,0,0.0
3014,98980329,1,34,16741542,Jiro314,55759101,2693.0,EpisodeType.EPISODE_TYPE_PUBLIC,Jiro314,hengck23,78746.0,76746.0,WIN,exact,720,30926353,replays/ranks_21_40_macro_intent_v1/episode-98980329-replay.json,ranks_21_40_macro_intent_v1,N003,247,0,0.0
3015,98980365,1,40,16671767,Kaileh57,55758863,2681.3,EpisodeType.EPISODE_TYPE_PUBLIC,Kaileh57,mandgeee,97733.0,89131.0,WIN,exact,720,31595416,replays/ranks_21_40_macro_intent_v1/episode-98980365-replay.json,ranks_21_40_macro_intent_v1,N001,1764,0,0.0
3016,98980390,0,27,16630675,Lucien de Rubempre,55749795,2712.1,EpisodeType.EPISODE_TYPE_PUBLIC,Lucien de Rubempre,tyz123456,51856.0,57783.0,LOSS,exact,720,31457069,replays/ranks_21_40_macro_intent_v1/episode-98980390-replay.json,ranks_21_40_macro_intent_v1,N001,1764,0,0.0
3017,98980441,1,28,16689430,Terry Luo,55757614,2711.2,EpisodeType.EPISODE_TYPE_PUBLIC,Terry Luo,Lenin Goud,72836.0,72836.0,TIE,exact,720,31613224,replays/ranks_21_40_macro_intent_v1/episode-98980441-replay.json,ranks_21_40_macro_intent_v1,N001,1764,0,0.0
3018,98980466,1,33,16674312,yuxuan,55757156,2694.7,EpisodeType.EPISODE_TYPE_PUBLIC,yuxuan,カワシギ,64551.0,60462.0,WIN,exact,720,31954643,replays/ranks_21_40_macro_intent_v1/episode-98980466-replay.json,ranks_21_40_macro_intent_v1,N001,1764,0,0.0
3019,98980480,1,32,16685450,Nadeem,55757473,2695.7,EpisodeType.EPISODE_TYPE_PUBLIC,Nadeem,Kaan Dınız,64738.0,56388.0,WIN,exact,720,31660769,replays/ranks_21_40_macro_intent_v1/episode-98980480-replay.json,ranks_21_40_macro_intent_v1,N001,1764,0,0.0
3020,98980508,1,22,16745006,UjjwalPardeshi,55754433,2734.7,EpisodeType.EPISODE_TYPE_PUBLIC,UjjwalPardeshi,OceanMix,101892.0,105460.0,LOSS,exact,720,31561635,replays/ranks_21_40_macro_intent_v1/episode-98980508-replay.json,ranks_21_40_macro_intent_v1,N001,1764,0,0.0
3021,98982543,0,30,16753799,桂棹兮兰桨,55760200,2699.6,EpisodeType.EPISODE_TYPE_PUBLIC,桂棹兮兰桨,uninhibited-scholar,68829.0,55883.0,WIN,exact,720,31690204,replays/ranks_21_40_macro_intent_v1/episode-98982543-replay.json,ranks_21_40_macro_intent_v1,N001,1764,0,0.0
3022,98982620,1,34,16741542,Jiro314,55759101,2693.0,EpisodeType.EPISODE_TYPE_PUBLIC,Jiro314,Pascal,85512.0,83790.0,WIN,exact,720,30943395,replays/ranks_21_40_macro_intent_v1/episode-98982620-replay.json,ranks_21_40_macro_intent_v1,N001,1764,0,0.10913640260696411
3023,98982648,0,40,16671767,Kaileh57,55758863,2681.3,EpisodeType.EPISODE_TYPE_PUBLIC,Kaileh57,SOSyuki,42616.0,42315.0,WIN,exact,720,31006132,replays/ranks_21_40_macro_intent_v1/episode-98982648-replay.json,ranks_21_40_macro_intent_v1,N001,1764,0,0.0
3024,98982718,1,28,16689430,Terry Luo,55757614,2711.2,EpisodeType.EPISODE_TYPE_PUBLIC,Terry Luo,Arda Ceylan,26069.0,26885.0,LOSS,exact,720,31102071,replays/ranks_21_40_macro_intent_v1/episode-98982718-replay.json,ranks_21_40_macro_intent_v1,N001,1764,0,0.020570458844304085
3025,98982760,1,33,16674312,yuxuan,55757156,2694.7,EpisodeType.EPISODE_TYPE_PUBLIC,yuxuan,srijan k.r keshri,75604.0,91978.0,LOSS,exact,720,32198854,replays/ranks_21_40_macro_intent_v1/episode-98982760-replay.json,ranks_21_40_macro_intent_v1,N001,1764,0,0.0
3026,98982769,1,32,16685450,Nadeem,55757473,2695.7,EpisodeType.EPISODE_TYPE_PUBLIC,Nadeem,kaggricultureomnidimensionalut,74787.0,72218.0,WIN,exact,720,31025936,replays/ranks_21_40_macro_intent_v1/episode-98982769-replay.json,ranks_21_40_macro_intent_v1,N001,1764,0,0.020570458844304085
3027,98982923,1,34,16741542,Jiro314,55759101,2693.0,EpisodeType.EPISODE_TYPE_PUBLIC,Jiro314,UtaAzu,51489.0,47422.0,WIN,exact,720,31039222,replays/ranks_21_40_macro_intent_v1/episode-98982923-replay.json,ranks_21_40_macro_intent_v1,N001,1764,0,0.10913640260696411
3028,98984821,0,30,16753799,桂棹兮兰桨,55760200,2699.6,EpisodeType.EPISODE_TYPE_PUBLIC,桂棹兮兰桨,Arul Prasad S P,90429.0,83994.0,WIN,exact,720,31408579,replays/ranks_21_40_macro_intent_v1/episode-98984821-replay.json,ranks_21_40_macro_intent_v1,N001,1764,0,0.0
3029,98984915,0,34,16741542,Jiro314,55759101,2693.0,EpisodeType.EPISODE_TYPE_PUBLIC,Jiro314,Collin Christensen,71213.0,75653.0,LOSS,exact,720,30574650,replays/ranks_21_40_macro_intent_v1/episode-98984915-replay.json,ranks_21_40_macro_intent_v1,N003,247,0,0.0
3030,98984939,0,40,16671767,Kaileh57,55758863,2681.3,EpisodeType.EPISODE_TYPE_PUBLIC,Kaileh57,Dude and Destroy,64953.0,67814.0,LOSS,exact,720,30932988,replays/ranks_21_40_macro_intent_v1/episode-98984939-replay.json,ranks_21_40_macro_intent_v1,N001,1764,0,0.0
3031,98985000,1,28,16689430,Terry Luo,55757614,2711.2,EpisodeType.EPISODE_TYPE_PUBLIC,Terry Luo,u,118985.0,123011.0,LOSS,exact,720,31663061,replays/ranks_21_40_macro_intent_v1/episode-98985000-replay.json,ranks_21_40_macro_intent_v1,N001,1764,0,0.0
3032,98985048,0,33,16674312,yuxuan,55757156,2694.7,EpisodeType.EPISODE_TYPE_PUBLIC,yuxuan,theredbluepill,124027.0,122315.0,WIN,exact,720,30856462,replays/ranks_21_40_macro_intent_v1/episode-98985048-replay.json,ranks_21_40_macro_intent_v1,N003,247,0,0.0
3033,98985057,0,32,16685450,Nadeem,55757473,2695.7,EpisodeType.EPISODE_TYPE_PUBLIC,Nadeem,enddl22,61403.0,59224.0,WIN,exact,720,30934930,replays/ranks_21_40_macro_intent_v1/episode-98985057-replay.json,ranks_21_40_macro_intent_v1,N001,1764,0,0.020570458844304085
3034,98985155,1,38,16633226,test_money,55726920,2683.9,EpisodeType.EPISODE_TYPE_PUBLIC,test_money,UtaAzu,140963.0,145327.0,LOSS,exact,720,30933246,replays/ranks_21_40_macro_intent_v1/episode-98985155-replay.json,ranks_21_40_macro_intent_v1,N001,1764,0,0.020570458844304085
3035,98987102,1,30,16753799,桂棹兮兰桨,55760200,2699.6,EpisodeType.EPISODE_TYPE_PUBLIC,桂棹兮兰桨,Sai Reddy Pothireddy,101884.0,99510.0,WIN,exact,720,30298815,replays/ranks_21_40_macro_intent_v1/episode-98987102-replay.json,ranks_21_40_macro_intent_v1,N002,260,0,0.0
3036,98987196,0,34,16741542,Jiro314,55759101,2693.0,EpisodeType.EPISODE_TYPE_PUBLIC,Jiro314,Aurora,65656.0,68557.0,LOSS,exact,720,31649220,replays/ranks_21_40_macro_intent_v1/episode-98987196-replay.json,ranks_21_40_macro_intent_v1,N001,1764,0,0.10913640260696411
3037,98987224,1,40,16671767,Kaileh57,55758863,2681.3,EpisodeType.EPISODE_TYPE_PUBLIC,Kaileh57,StackKnight,41493.0,42970.0,LOSS,exact,720,31620977,replays/ranks_21_40_macro_intent_v1/episode-98987224-replay.json,ranks_21_40_macro_intent_v1,N001,1764,0,0.0
3038,98987287,1,28,16689430,Terry Luo,55757614,2711.2,EpisodeType.EPISODE_TYPE_PUBLIC,Terry Luo,GPTatoes,67374.0,63806.0,WIN,exact,720,30891917,replays/ranks_21_40_macro_intent_v1/episode-98987287-replay.json,ranks_21_40_macro_intent_v1,N001,1764,0,0.020570458844304085
3039,98987331,0,33,16674312,yuxuan,55757156,2694.7,EpisodeType.EPISODE_TYPE_PUBLIC,yuxuan,MiMi,73993.0,78775.0,LOSS,exact,720,32015164,replays/ranks_21_40_macro_intent_v1/episode-98987331-replay.json,ranks_21_40_macro_intent_v1,N001,1764,0,0.0
3040,98987331,1,39,16712714,MiMi,55741684,2682.8,EpisodeType.EPISODE_TYPE_PUBLIC,MiMi,yuxuan,78775.0,73993.0,WIN,exact,720,32015164,replays/ranks_21_40_macro_intent_v1/episode-98987331-replay.json,ranks_21_40_macro_intent_v1,N518,1,1,0.0
3041,98987346,0,32,16685450,Nadeem,55757473,2695.7,EpisodeType.EPISODE_TYPE_PUBLIC,Nadeem,ReCurSiON,66677.0,58825.0,WIN,exact,720,31489950,replays/ranks_21_40_macro_intent_v1/episode-98987346-replay.json,ranks_21_40_macro_intent_v1,N001,1764,0,0.0
3042,98989383,1,30,16753799,桂棹兮兰桨,55760200,2699.6,EpisodeType.EPISODE_TYPE_PUBLIC,桂棹兮兰桨,Berat Egemen Gök,99070.0,87547.0,WIN,exact,720,30832019,replays/ranks_21_40_macro_intent_v1/episode-98989383-replay.json,ranks_21_40_macro_intent_v1,N003,247,0,0.0
3043,98989482,0,34,16741542,Jiro314,55759101,2693.0,EpisodeType.EPISODE_TYPE_PUBLIC,Jiro314,Will,132060.0,122143.0,WIN,exact,720,30527011,replays/ranks_21_40_macro_intent_v1/episode-98989482-replay.json,ranks_21_40_macro_intent_v1,N001,1764,0,0.020570458844304085
3044,98989505,1,40,16671767,Kaileh57,55758863,2681.3,EpisodeType.EPISODE_TYPE_PUBLIC,Kaileh57,Stephen Schott,61980.0,69668.0,LOSS,exact,720,31102123,replays/ranks_21_40_macro_intent_v1/episode-98989505-replay.json,ranks_21_40_macro_intent_v1,N001,1764,0,0.0
3045,98989578,0,28,16689430,Terry Luo,55757614,2711.2,EpisodeType.EPISODE_TYPE_PUBLIC,Terry Luo,Emre Cirak,39633.0,36235.0,WIN,exact,720,30881969,replays/ranks_21_40_macro_intent_v1/episode-98989578-replay.json,ranks_21_40_macro_intent_v1,N001,1764,0,0.020570458844304085
3046,98989625,1,33,16674312,yuxuan,55757156,2694.7,EpisodeType.EPISODE_TYPE_PUBLIC,yuxuan,Bharath Varma,69517.0,69517.0,TIE,exact,720,29061723,replays/ranks_21_40_macro_intent_v1/episode-98989625-replay.json,ranks_21_40_macro_intent_v1,N003,247,0,0.026244107633829117
3047,98989629,1,32,16685450,Nadeem,55757473,2695.7,EpisodeType.EPISODE_TYPE_PUBLIC,Nadeem,Ivan Aleksandrov,70201.0,68696.0,WIN,exact,720,32659907,replays/ranks_21_40_macro_intent_v1/episode-98989629-replay.json,ranks_21_40_macro_intent_v1,N001,1764,0,0.0
3048,98991679,0,30,16753799,桂棹兮兰桨,55760200,2699.6,EpisodeType.EPISODE_TYPE_PUBLIC,桂棹兮兰桨,maco-macoo,82788.0,89962.0,LOSS,exact,720,29941169,replays/ranks_21_40_macro_intent_v1/episode-98991679-replay.json,ranks_21_40_macro_intent_v1,N001,1764,0,0.020570458844304085
3049,98991772,0,34,16741542,Jiro314,55759101,2693.0,EpisodeType.EPISODE_TYPE_PUBLIC,Jiro314,SOSyuki,116105.0,120563.0,LOSS,exact,720,31059669,replays/ranks_21_40_macro_intent_v1/episode-98991772-replay.json,ranks_21_40_macro_intent_v1,N001,1764,0,0.10913640260696411
3050,98991788,1,40,16671767,Kaileh57,55758863,2681.3,EpisodeType.EPISODE_TYPE_PUBLIC,Kaileh57,Xiaowenhao404,110554.0,108004.0,WIN,exact,720,30305502,replays/ranks_21_40_macro_intent_v1/episode-98991788-replay.json,ranks_21_40_macro_intent_v1,N002,260,0,0.0
3051,98991821,0,40,16671767,Kaileh57,55758863,2681.3,EpisodeType.EPISODE_TYPE_PUBLIC,Kaileh57,Raul Tinajero,93799.0,86086.0,WIN,exact,720,30097053,replays/ranks_21_40_macro_intent_v1/episode-98991821-replay.json,ranks_21_40_macro_intent_v1,N002,260,0,0.0
3052,98991854,1,28,16689430,Terry Luo,55757614,2711.2,EpisodeType.EPISODE_TYPE_PUBLIC,Terry Luo,yuxuan,64843.0,64843.0,TIE,exact,720,32666810,replays/ranks_21_40_macro_intent_v1/episode-98991854-replay.json,ranks_21_40_macro_intent_v1,N001,1764,0,0.0
3053,98991854,0,33,16674312,yuxuan,55757156,2694.7,EpisodeType.EPISODE_TYPE_PUBLIC,yuxuan,Terry Luo,64843.0,64843.0,TIE,exact,720,32666810,replays/ranks_21_40_macro_intent_v1/episode-98991854-replay.json,ranks_21_40_macro_intent_v1,N001,1764,0,0.0
3054,98991901,1,25,16624276,Zejun_,55749262,2728.5,EpisodeType.EPISODE_TYPE_PUBLIC,Zejun_,yuxuan,76761.0,76761.0,TIE,exact,720,31620771,replays/ranks_21_40_macro_intent_v1/episode-98991901-replay.json,ranks_21_40_macro_intent_v1,N001,1764,0,0.0
3055,98991901,0,33,16674312,yuxuan,55757156,2694.7,EpisodeType.EPISODE_TYPE_PUBLIC,yuxuan,Zejun_,76761.0,76761.0,TIE,exact,720,31620771,replays/ranks_21_40_macro_intent_v1/episode-98991901-replay.json,ranks_21_40_macro_intent_v1,N001,1764,0,0.0
3056,98991913,0,32,16685450,Nadeem,55757473,2695.7,EpisodeType.EPISODE_TYPE_PUBLIC,Nadeem,theredbluepill,154892.0,138053.0,WIN,exact,720,31887369,replays/ranks_21_40_macro_intent_v1/episode-98991913-replay.json,ranks_21_40_macro_intent_v1,N001,1764,0,0.0
3057,98993965,0,30,16753799,桂棹兮兰桨,55760200,2699.6,EpisodeType.EPISODE_TYPE_PUBLIC,桂棹兮兰桨,Seb (allegedly),77305.0,72547.0,WIN,exact,720,31821152,replays/ranks_21_40_macro_intent_v1/episode-98993965-replay.json,ranks_21_40_macro_intent_v1,N001,1764,0,0.0
3058,98994048,1,34,16741542,Jiro314,55759101,2693.0,EpisodeType.EPISODE_TYPE_PUBLIC,Jiro314,Ivan Aleksandrov,110359.0,116975.0,LOSS,exact,720,30605816,replays/ranks_21_40_macro_intent_v1/episode-98994048-replay.json,ranks_21_40_macro_intent_v1,N003,247,0,0.0
3059,98994081,0,40,16671767,Kaileh57,55758863,2681.3,EpisodeType.EPISODE_TYPE_PUBLIC,Kaileh57,MMM Abbie,135513.0,130742.0,WIN,exact,720,30909606,replays/ranks_21_40_macro_intent_v1/episode-98994081-replay.json,ranks_21_40_macro_intent_v1,N001,1764,0,0.020570458844304085
3060,98994101,0,25,16624276,Zejun_,55749262,2728.5,EpisodeType.EPISODE_TYPE_PUBLIC,Zejun_,tyz123456,89383.0,94626.0,LOSS,exact,720,31467886,replays/ranks_21_40_macro_intent_v1/episode-98994101-replay.json,ranks_21_40_macro_intent_v1,N001,1764,0,0.0
3061,98994141,1,28,16689430,Terry Luo,55757614,2711.2,EpisodeType.EPISODE_TYPE_PUBLIC,Terry Luo,Aurora,46451.0,47280.0,LOSS,exact,720,31468191,replays/ranks_21_40_macro_intent_v1/episode-98994141-replay.json,ranks_21_40_macro_intent_v1,N001,1764,0,0.020570458844304085
3062,98994182,1,33,16674312,yuxuan,55757156,2694.7,EpisodeType.EPISODE_TYPE_PUBLIC,yuxuan,Tagir Analyzes,67300.0,65661.0,WIN,exact,720,31015979,replays/ranks_21_40_macro_intent_v1/episode-98994182-replay.json,ranks_21_40_macro_intent_v1,N001,1764,0,0.020570458844304085
3063,98994191,0,32,16685450,Nadeem,55757473,2695.7,EpisodeType.EPISODE_TYPE_PUBLIC,Nadeem,shinamonmon,148011.0,147280.0,WIN,exact,720,30865937,replays/ranks_21_40_macro_intent_v1/episode-98994191-replay.json,ranks_21_40_macro_intent_v1,N001,1764,0,0.026970459148287773
3064,98996252,0,30,16753799,桂棹兮兰桨,55760200,2699.6,EpisodeType.EPISODE_TYPE_PUBLIC,桂棹兮兰桨,JianYuan Deng,109332.0,105777.0,WIN,exact,720,30941338,replays/ranks_21_40_macro_intent_v1/episode-98996252-replay.json,ranks_21_40_macro_intent_v1,N001,1764,0,0.020570458844304085
3065,98996355,1,34,16741542,Jiro314,55759101,2693.0,EpisodeType.EPISODE_TYPE_PUBLIC,Jiro314,カワシギ,64335.0,57359.0,WIN,exact,720,31983627,replays/ranks_21_40_macro_intent_v1/episode-98996355-replay.json,ranks_21_40_macro_intent_v1,N001,1764,0,0.0
3066,98996390,1,40,16671767,Kaileh57,55758863,2681.3,EpisodeType.EPISODE_TYPE_PUBLIC,Kaileh57,Stephen Schott,114928.0,117920.0,LOSS,exact,720,30260483,replays/ranks_21_40_macro_intent_v1/episode-98996390-replay.json,ranks_21_40_macro_intent_v1,N001,1764,0,0.0025901533663272858
3067,98996407,0,39,16712714,MiMi,55741684,2682.8,EpisodeType.EPISODE_TYPE_PUBLIC,MiMi,tyz123456,85272.0,86143.0,LOSS,exact,720,32196700,replays/ranks_21_40_macro_intent_v1/episode-98996407-replay.json,ranks_21_40_macro_intent_v1,N446,1,1,0.0
3068,98996436,0,28,16689430,Terry Luo,55757614,2711.2,EpisodeType.EPISODE_TYPE_PUBLIC,Terry Luo,Dude and Destroy,123473.0,125284.0,LOSS,exact,720,31014320,replays/ranks_21_40_macro_intent_v1/episode-98996436-replay.json,ranks_21_40_macro_intent_v1,N001,1764,0,0.020570458844304085
3069,98996474,1,33,16674312,yuxuan,55757156,2694.7,EpisodeType.EPISODE_TYPE_PUBLIC,yuxuan,satoooh,109030.0,103510.0,WIN,exact,720,30901722,replays/ranks_21_40_macro_intent_v1/episode-98996474-replay.json,ranks_21_40_macro_intent_v1,N001,1764,0,0.020570458844304085
3070,98996501,0,32,16685450,Nadeem,55757473,2695.7,EpisodeType.EPISODE_TYPE_PUBLIC,Nadeem,satoooh,58221.0,57615.0,WIN,exact,720,31021144,replays/ranks_21_40_macro_intent_v1/episode-98996501-replay.json,ranks_21_40_macro_intent_v1,N001,1764,0,0.020570458844304085
3071,98996617,1,25,16624276,Zejun_,55749262,2728.5,EpisodeType.EPISODE_TYPE_PUBLIC,Zejun_,fufufukakaka,96827.0,65323.0,WIN,exact,720,27813879,replays/ranks_21_40_macro_intent_v1/episode-98996617-replay.json,ranks_21_40_macro_intent_v1,N001,1764,0,0.0
3072,98998552,1,30,16753799,桂棹兮兰桨,55760200,2699.6,EpisodeType.EPISODE_TYPE_PUBLIC,桂棹兮兰桨,lllleeeo,125135.0,114817.0,WIN,exact,720,31694856,replays/ranks_21_40_macro_intent_v1/episode-98998552-replay.json,ranks_21_40_macro_intent_v1,N001,1764,0,0.0
3073,98998647,0,34,16741542,Jiro314,55759101,2693.0,EpisodeType.EPISODE_TYPE_PUBLIC,Jiro314,shiiin9,79130.0,70529.0,WIN,exact,720,31781073,replays/ranks_21_40_macro_intent_v1/episode-98998647-replay.json,ranks_21_40_macro_intent_v1,N003,247,0,0.0
3074,98998681,0,40,16671767,Kaileh57,55758863,2681.3,EpisodeType.EPISODE_TYPE_PUBLIC,Kaileh57,DL,107022.0,103266.0,WIN,exact,720,30917465,replays/ranks_21_40_macro_intent_v1/episode-98998681-replay.json,ranks_21_40_macro_intent_v1,N001,1764,0,0.020570458844304085
3075,98998716,0,28,16689430,Terry Luo,55757614,2711.2,EpisodeType.EPISODE_TYPE_PUBLIC,Terry Luo,tingyu516,53121.0,51373.0,WIN,exact,720,30930550,replays/ranks_21_40_macro_intent_v1/episode-98998716-replay.json,ranks_21_40_macro_intent_v1,N001,1764,0,0.020570458844304085
3076,98998766,0,33,16674312,yuxuan,55757156,2694.7,EpisodeType.EPISODE_TYPE_PUBLIC,yuxuan,Egor Trushin,133185.0,130514.0,WIN,exact,720,30882306,replays/ranks_21_40_macro_intent_v1/episode-98998766-replay.json,ranks_21_40_macro_intent_v1,N001,1764,0,0.020570458844304085
3077,98998766,1,35,16670276,Egor Trushin,55724054,2692.1,EpisodeType.EPISODE_TYPE_PUBLIC,Egor Trushin,yuxuan,130514.0,133185.0,LOSS,exact,720,30882306,replays/ranks_21_40_macro_intent_v1/episode-98998766-replay.json,ranks_21_40_macro_intent_v1,N001,1764,0,0.020570458844304085
3078,98998801,0,32,16685450,Nadeem,55757473,2695.7,EpisodeType.EPISODE_TYPE_PUBLIC,Nadeem,StackKnight,129638.0,120550.0,WIN,exact,720,31682789,replays/ranks_21_40_macro_intent_v1/episode-98998801-replay.json,ranks_21_40_macro_intent_v1,N001,1764,0,0.0
3079,99000856,0,30,16753799,桂棹兮兰桨,55760200,2699.6,EpisodeType.EPISODE_TYPE_PUBLIC,桂棹兮兰桨,Arthurs Torres24,81374.0,115736.0,LOSS,exact,720,29258200,replays/ranks_21_40_macro_intent_v1/episode-99000856-replay.json,ranks_21_40_macro_intent_v1,N002,260,0,0.06863276660442352
3080,99000931,1,34,16741542,Jiro314,55759101,2693.0,EpisodeType.EPISODE_TYPE_PUBLIC,Jiro314,srijan k.r keshri,51254.0,61506.0,LOSS,exact,720,32099247,replays/ranks_21_40_macro_intent_v1/episode-99000931-replay.json,ranks_21_40_macro_intent_v1,N001,1764,0,0.0
3081,99000968,0,40,16671767,Kaileh57,55758863,2681.3,EpisodeType.EPISODE_TYPE_PUBLIC,Kaileh57,Lucien de Rubempre,143377.0,131336.0,WIN,exact,720,30028564,replays/ranks_21_40_macro_intent_v1/episode-99000968-replay.json,ranks_21_40_macro_intent_v1,N001,1764,0,0.0
3082,99001006,1,28,16689430,Terry Luo,55757614,2711.2,EpisodeType.EPISODE_TYPE_PUBLIC,Terry Luo,Aurora wy,58361.0,57747.0,WIN,exact,720,31439887,replays/ranks_21_40_macro_intent_v1/episode-99001006-replay.json,ranks_21_40_macro_intent_v1,N001,1764,0,0.020570458844304085
3083,99001006,0,31,16635314,Aurora wy,55742603,2699.1,EpisodeType.EPISODE_TYPE_PUBLIC,Aurora wy,Terry Luo,57747.0,58361.0,LOSS,exact,720,31439887,replays/ranks_21_40_macro_intent_v1/episode-99001006-replay.json,ranks_21_40_macro_intent_v1,N001,1764,0,0.0
3084,99001059,0,32,16685450,Nadeem,55757473,2695.7,EpisodeType.EPISODE_TYPE_PUBLIC,Nadeem,yuxuan,115576.0,115576.0,TIE,exact,720,31629139,replays/ranks_21_40_macro_intent_v1/episode-99001059-replay.json,ranks_21_40_macro_intent_v1,N001,1764,0,0.0
3085,99001059,1,33,16674312,yuxuan,55757156,2694.7,EpisodeType.EPISODE_TYPE_PUBLIC,yuxuan,Nadeem,115576.0,115576.0,TIE,exact,720,31629139,replays/ranks_21_40_macro_intent_v1/episode-99001059-replay.json,ranks_21_40_macro_intent_v1,N001,1764,0,0.0
3086,99001072,1,32,16685450,Nadeem,55757473,2695.7,EpisodeType.EPISODE_TYPE_PUBLIC,Nadeem,Emre Cirak,91523.0,91190.0,WIN,exact,720,31014578,replays/ranks_21_40_macro_intent_v1/episode-99001072-replay.json,ranks_21_40_macro_intent_v1,N001,1764,0,0.020570458844304085
3087,99001166,0,26,16732714,Mforg,55751131,2719.8,EpisodeType.EPISODE_TYPE_PUBLIC,Mforg,Arda Ceylan,49694.0,55014.0,LOSS,exact,720,31041107,replays/ranks_21_40_macro_intent_v1/episode-99001166-replay.json,ranks_21_40_macro_intent_v1,N001,1764,0,0.020570458844304085
3088,99003139,1,30,16753799,桂棹兮兰桨,55760200,2699.6,EpisodeType.EPISODE_TYPE_PUBLIC,桂棹兮兰桨,Jay,106843.0,100318.0,WIN,exact,720,31742518,replays/ranks_21_40_macro_intent_v1/episode-99003139-replay.json,ranks_21_40_macro_intent_v1,N001,1764,0,0.0
3089,99003224,0,34,16741542,Jiro314,55759101,2693.0,EpisodeType.EPISODE_TYPE_PUBLIC,Jiro314,TommyCyd,51474.0,48802.0,WIN,exact,720,30310082,replays/ranks_21_40_macro_intent_v1/episode-99003224-replay.json,ranks_21_40_macro_intent_v1,N001,1764,0,0.0312348660081625
3090,99003257,1,40,16671767,Kaileh57,55758863,2681.3,EpisodeType.EPISODE_TYPE_PUBLIC,Kaileh57,Xiaowenhao404,125771.0,124204.0,WIN,exact,720,30947007,replays/ranks_21_40_macro_intent_v1/episode-99003257-replay.json,ranks_21_40_macro_intent_v1,N003,247,0,0.0
3091,99003281,1,25,16624276,Zejun_,55749262,2728.5,EpisodeType.EPISODE_TYPE_PUBLIC,Zejun_,tyz123456,74041.0,82130.0,LOSS,exact,720,31467340,replays/ranks_21_40_macro_intent_v1/episode-99003281-replay.json,ranks_21_40_macro_intent_v1,N001,1764,0,0.0
3092,99003313,0,28,16689430,Terry Luo,55757614,2711.2,EpisodeType.EPISODE_TYPE_PUBLIC,Terry Luo,StackKnight,68010.0,61366.0,WIN,exact,720,31602114,replays/ranks_21_40_macro_intent_v1/episode-99003313-replay.json,ranks_21_40_macro_intent_v1,N001,1764,0,0.0
3093,99003346,1,33,16674312,yuxuan,55757156,2694.7,EpisodeType.EPISODE_TYPE_PUBLIC,yuxuan,UtaAzu,88134.0,88134.0,TIE,exact,720,30919666,replays/ranks_21_40_macro_intent_v1/episode-99003346-replay.json,ranks_21_40_macro_intent_v1,N001,1764,0,0.020570458844304085
3094,99003357,0,26,16732714,Mforg,55751131,2719.8,EpisodeType.EPISODE_TYPE_PUBLIC,Mforg,Nadeem,123791.0,119631.0,WIN,exact,720,31924730,replays/ranks_21_40_macro_intent_v1/episode-99003357-replay.json,ranks_21_40_macro_intent_v1,N001,1764,0,0.0
3095,99003357,1,32,16685450,Nadeem,55757473,2695.7,EpisodeType.EPISODE_TYPE_PUBLIC,Nadeem,Mforg,119631.0,123791.0,LOSS,exact,720,31924730,replays/ranks_21_40_macro_intent_v1/episode-99003357-replay.json,ranks_21_40_macro_intent_v1,N001,1764,0,0.0
3096,99003457,1,24,16685548,Erfan Eshratifar,55729097,2729.9,EpisodeType.EPISODE_TYPE_PUBLIC,Erfan Eshratifar,Tagir Analyzes,96140.0,100084.0,LOSS,exact,720,31843558,replays/ranks_21_40_macro_intent_v1/episode-99003457-replay.json,ranks_21_40_macro_intent_v1,N004,130,0,0.0
3097,99005440,0,30,16753799,桂棹兮兰桨,55760200,2699.6,EpisodeType.EPISODE_TYPE_PUBLIC,桂棹兮兰桨,Benjamin Beaujard,57360.0,50686.0,WIN,exact,720,31088377,replays/ranks_21_40_macro_intent_v1/episode-99005440-replay.json,ranks_21_40_macro_intent_v1,N002,260,0,0.006991780828684568
3098,99005539,1,28,16689430,Terry Luo,55757614,2711.2,EpisodeType.EPISODE_TYPE_PUBLIC,Terry Luo,StackKnight,108672.0,101119.0,WIN,exact,720,31526657,replays/ranks_21_40_macro_intent_v1/episode-99005539-replay.json,ranks_21_40_macro_intent_v1,N003,247,0,0.0
3099,99005554,0,34,16741542,Jiro314,55759101,2693.0,EpisodeType.EPISODE_TYPE_PUBLIC,Jiro314,Pascal,85557.0,82737.0,WIN,exact,720,30975184,replays/ranks_21_40_macro_intent_v1/episode-99005554-replay.json,ranks_21_40_macro_intent_v1,N001,1764,0,0.10913640260696411
3100,99005557,1,24,16685548,Erfan Eshratifar,55729097,2729.9,EpisodeType.EPISODE_TYPE_PUBLIC,Erfan Eshratifar,yuxuan,94610.0,98955.0,LOSS,exact,720,31141106,replays/ranks_21_40_macro_intent_v1/episode-99005557-replay.json,ranks_21_40_macro_intent_v1,N004,130,0,0.07977796345949173
3101,99005557,0,33,16674312,yuxuan,55757156,2694.7,EpisodeType.EPISODE_TYPE_PUBLIC,yuxuan,Erfan Eshratifar,98955.0,94610.0,WIN,exact,720,31141106,replays/ranks_21_40_macro_intent_v1/episode-99005557-replay.json,ranks_21_40_macro_intent_v1,N002,260,0,0.0
3102,99005607,0,40,16671767,Kaileh57,55758863,2681.3,EpisodeType.EPISODE_TYPE_PUBLIC,Kaileh57,Reyhan Ksatria,70783.0,70757.0,WIN,exact,720,31456901,replays/ranks_21_40_macro_intent_v1/episode-99005607-replay.json,ranks_21_40_macro_intent_v1,N001,1764,0,0.0
3103,99005673,1,32,16685450,Nadeem,55757473,2695.7,EpisodeType.EPISODE_TYPE_PUBLIC,Nadeem,theredbluepill,85537.0,84245.0,WIN,exact,720,31975185,replays/ranks_21_40_macro_intent_v1/episode-99005673-replay.json,ranks_21_40_macro_intent_v1,N001,1764,0,0.0
3104,99007731,0,30,16753799,桂棹兮兰桨,55760200,2699.6,EpisodeType.EPISODE_TYPE_PUBLIC,桂棹兮兰桨,glupez ,118550.0,109813.0,WIN,exact,720,31696954,replays/ranks_21_40_macro_intent_v1/episode-99007731-replay.json,ranks_21_40_macro_intent_v1,N001,1764,0,0.0
3105,99007799,0,34,16741542,Jiro314,55759101,2693.0,EpisodeType.EPISODE_TYPE_PUBLIC,Jiro314,Ivan Aleksandrov,135685.0,135606.0,WIN,exact,720,30902455,replays/ranks_21_40_macro_intent_v1/episode-99007799-replay.json,ranks_21_40_macro_intent_v1,N001,1764,0,0.10913640260696411
3106,99007820,0,40,16671767,Kaileh57,55758863,2681.3,EpisodeType.EPISODE_TYPE_PUBLIC,Kaileh57,TommyCyd,55407.0,55407.0,TIE,exact,720,31611676,replays/ranks_21_40_macro_intent_v1/episode-99007820-replay.json,ranks_21_40_macro_intent_v1,N001,1764,0,0.0
3107,99007854,0,40,16671767,Kaileh57,55758863,2681.3,EpisodeType.EPISODE_TYPE_PUBLIC,Kaileh57,Raul Tinajero,66560.0,66555.0,WIN,exact,720,32670543,replays/ranks_21_40_macro_intent_v1/episode-99007854-replay.json,ranks_21_40_macro_intent_v1,N001,1764,0,0.0
3108,99007874,1,25,16624276,Zejun_,55749262,2728.5,EpisodeType.EPISODE_TYPE_PUBLIC,Zejun_,Terry Luo,58584.0,58584.0,TIE,exact,720,31084449,replays/ranks_21_40_macro_intent_v1/episode-99007874-replay.json,ranks_21_40_macro_intent_v1,N001,1764,0,0.020570458844304085
3109,99007874,0,28,16689430,Terry Luo,55757614,2711.2,EpisodeType.EPISODE_TYPE_PUBLIC,Terry Luo,Zejun_,58584.0,58584.0,TIE,exact,720,31084449,replays/ranks_21_40_macro_intent_v1/episode-99007874-replay.json,ranks_21_40_macro_intent_v1,N001,1764,0,0.02363712713122368
3110,99007899,1,25,16624276,Zejun_,55749262,2728.5,EpisodeType.EPISODE_TYPE_PUBLIC,Zejun_,yuxuan,77497.0,65383.0,WIN,exact,720,30520550,replays/ranks_21_40_macro_intent_v1/episode-99007899-replay.json,ranks_21_40_macro_intent_v1,N001,1764,0,0.0
3111,99007899,0,33,16674312,yuxuan,55757156,2694.7,EpisodeType.EPISODE_TYPE_PUBLIC,yuxuan,Zejun_,65383.0,77497.0,LOSS,exact,720,30520550,replays/ranks_21_40_macro_intent_v1/episode-99007899-replay.json,ranks_21_40_macro_intent_v1,N001,1764,0,0.0395037941634655
3112,99007917,1,32,16685450,Nadeem,55757473,2695.7,EpisodeType.EPISODE_TYPE_PUBLIC,Nadeem,Victor @ Tufa Labs,79074.0,70493.0,WIN,exact,720,31541818,replays/ranks_21_40_macro_intent_v1/episode-99007917-replay.json,ranks_21_40_macro_intent_v1,N001,1764,0,0.0
3113,99010004,0,30,16753799,桂棹兮兰桨,55760200,2699.6,EpisodeType.EPISODE_TYPE_PUBLIC,桂棹兮兰桨,lvisdd,74454.0,61778.0,WIN,exact,720,31550889,replays/ranks_21_40_macro_intent_v1/episode-99010004-replay.json,ranks_21_40_macro_intent_v1,N001,1764,0,0.0
3114,99010070,1,34,16741542,Jiro314,55759101,2693.0,EpisodeType.EPISODE_TYPE_PUBLIC,Jiro314,Lucien de Rubempre,99407.0,91516.0,WIN,exact,720,30045731,replays/ranks_21_40_macro_intent_v1/episode-99010070-replay.json,ranks_21_40_macro_intent_v1,N003,247,0,0.0
3115,99010095,1,40,16671767,Kaileh57,55758863,2681.3,EpisodeType.EPISODE_TYPE_PUBLIC,Kaileh57,Darshan Makwana,83758.0,80414.0,WIN,exact,720,30301254,replays/ranks_21_40_macro_intent_v1/episode-99010095-replay.json,ranks_21_40_macro_intent_v1,N002,260,0,0.006991780828684568
3116,99010121,0,25,16624276,Zejun_,55749262,2728.5,EpisodeType.EPISODE_TYPE_PUBLIC,Zejun_,tyz123456,97211.0,91119.0,WIN,exact,720,30716959,replays/ranks_21_40_macro_intent_v1/episode-99010121-replay.json,ranks_21_40_macro_intent_v1,N001,1764,0,0.0
3117,99010148,0,28,16689430,Terry Luo,55757614,2711.2,EpisodeType.EPISODE_TYPE_PUBLIC,Terry Luo,u,63260.0,65081.0,LOSS,exact,720,30919099,replays/ranks_21_40_macro_intent_v1/episode-99010148-replay.json,ranks_21_40_macro_intent_v1,N001,1764,0,0.020570458844304085
3118,99010178,1,29,16639507,Homii_N,55753519,2701.6,EpisodeType.EPISODE_TYPE_PUBLIC,Homii_N,yuxuan,70081.0,70081.0,TIE,exact,720,30915318,replays/ranks_21_40_macro_intent_v1/episode-99010178-replay.json,ranks_21_40_macro_intent_v1,N001,1764,0,0.020570458844304085
3119,99010178,0,33,16674312,yuxuan,55757156,2694.7,EpisodeType.EPISODE_TYPE_PUBLIC,yuxuan,Homii_N,70081.0,70081.0,TIE,exact,720,30915318,replays/ranks_21_40_macro_intent_v1/episode-99010178-replay.json,ranks_21_40_macro_intent_v1,N001,1764,0,0.020570458844304085
3120,99010203,1,23,16684954,Suneeth reddy,55747103,2730.9,EpisodeType.EPISODE_TYPE_PUBLIC,Suneeth reddy,Nadeem,65194.0,65175.0,WIN,exact,720,30959138,replays/ranks_21_40_macro_intent_v1/episode-99010203-replay.json,ranks_21_40_macro_intent_v1,N003,247,0,0.0
3121,99010203,0,32,16685450,Nadeem,55757473,2695.7,EpisodeType.EPISODE_TYPE_PUBLIC,Nadeem,Suneeth reddy,65175.0,65194.0,LOSS,exact,720,30959138,replays/ranks_21_40_macro_intent_v1/episode-99010203-replay.json,ranks_21_40_macro_intent_v1,N003,247,0,0.0
3122,99012289,1,30,16753799,桂棹兮兰桨,55760200,2699.6,EpisodeType.EPISODE_TYPE_PUBLIC,桂棹兮兰桨,JuliaGastellu,96472.0,95278.0,WIN,exact,720,31540326,replays/ranks_21_40_macro_intent_v1/episode-99012289-replay.json,ranks_21_40_macro_intent_v1,N001,1764,0,0.0
3123,99012347,0,34,16741542,Jiro314,55759101,2693.0,EpisodeType.EPISODE_TYPE_PUBLIC,Jiro314,Danzzzl,112596.0,119814.0,LOSS,exact,720,31175380,replays/ranks_21_40_macro_intent_v1/episode-99012347-replay.json,ranks_21_40_macro_intent_v1,N001,1764,0,0.10913640260696411
3124,99012373,1,40,16671767,Kaileh57,55758863,2681.3,EpisodeType.EPISODE_TYPE_PUBLIC,Kaileh57,shinamonmon,48906.0,46684.0,WIN,exact,720,30928388,replays/ranks_21_40_macro_intent_v1/episode-99012373-replay.json,ranks_21_40_macro_intent_v1,N001,1764,0,0.020570458844304085
3125,99012428,1,25,16624276,Zejun_,55749262,2728.5,EpisodeType.EPISODE_TYPE_PUBLIC,Zejun_,Terry Luo,60968.0,60968.0,TIE,exact,720,31618439,replays/ranks_21_40_macro_intent_v1/episode-99012428-replay.json,ranks_21_40_macro_intent_v1,N001,1764,0,0.0
3126,99012428,0,28,16689430,Terry Luo,55757614,2711.2,EpisodeType.EPISODE_TYPE_PUBLIC,Terry Luo,Zejun_,60968.0,60968.0,TIE,exact,720,31618439,replays/ranks_21_40_macro_intent_v1/episode-99012428-replay.json,ranks_21_40_macro_intent_v1,N001,1764,0,0.0
3127,99012458,1,33,16674312,yuxuan,55757156,2694.7,EpisodeType.EPISODE_TYPE_PUBLIC,yuxuan,OxFFFs,98567.0,87995.0,WIN,exact,720,30941956,replays/ranks_21_40_macro_intent_v1/episode-99012458-replay.json,ranks_21_40_macro_intent_v1,N001,1764,0,0.0
3128,99012482,1,28,16689430,Terry Luo,55757614,2711.2,EpisodeType.EPISODE_TYPE_PUBLIC,Terry Luo,Nadeem,104928.0,104928.0,TIE,exact,720,30945869,replays/ranks_21_40_macro_intent_v1/episode-99012482-replay.json,ranks_21_40_macro_intent_v1,N003,247,0,0.0
3129,99012482,0,32,16685450,Nadeem,55757473,2695.7,EpisodeType.EPISODE_TYPE_PUBLIC,Nadeem,Terry Luo,104928.0,104928.0,TIE,exact,720,30945869,replays/ranks_21_40_macro_intent_v1/episode-99012482-replay.json,ranks_21_40_macro_intent_v1,N003,247,0,0.0
3130,99012531,1,37,16742369,Ömer Faruk Yüce,55723563,2688.4,EpisodeType.EPISODE_TYPE_PUBLIC,Ömer Faruk Yüce,test_money,110323.0,110547.0,LOSS,exact,720,30296681,replays/ranks_21_40_macro_intent_v1/episode-99012531-replay.json,ranks_21_40_macro_intent_v1,N002,260,0,0.0
3131,99012531,0,38,16633226,test_money,55726920,2683.9,EpisodeType.EPISODE_TYPE_PUBLIC,test_money,Ömer Faruk Yüce,110547.0,110323.0,WIN,exact,720,30296681,replays/ranks_21_40_macro_intent_v1/episode-99012531-replay.json,ranks_21_40_macro_intent_v1,N002,260,0,0.0
3132,99014569,0,30,16753799,桂棹兮兰桨,55760200,2699.6,EpisodeType.EPISODE_TYPE_PUBLIC,桂棹兮兰桨,老乡,94319.0,92728.0,WIN,exact,720,31134368,replays/ranks_21_40_macro_intent_v1/episode-99014569-replay.json,ranks_21_40_macro_intent_v1,N002,260,0,0.0
3133,99014637,1,34,16741542,Jiro314,55759101,2693.0,EpisodeType.EPISODE_TYPE_PUBLIC,Jiro314,OxFFFs,68474.0,68208.0,WIN,exact,720,30980511,replays/ranks_21_40_macro_intent_v1/episode-99014637-replay.json,ranks_21_40_macro_intent_v1,N001,1764,0,0.10913640260696411
3134,99014659,1,40,16671767,Kaileh57,55758863,2681.3,EpisodeType.EPISODE_TYPE_PUBLIC,Kaileh57,Michael Timbs,79601.0,70012.0,WIN,exact,720,31033877,replays/ranks_21_40_macro_intent_v1/episode-99014659-replay.json,ranks_21_40_macro_intent_v1,N002,260,0,0.0
3135,99014705,0,25,16624276,Zejun_,55749262,2728.5,EpisodeType.EPISODE_TYPE_PUBLIC,Zejun_,Terry Luo,57219.0,57834.0,LOSS,exact,720,30815346,replays/ranks_21_40_macro_intent_v1/episode-99014705-replay.json,ranks_21_40_macro_intent_v1,N001,1764,0,0.02316061221063137
3136,99014705,1,28,16689430,Terry Luo,55757614,2711.2,EpisodeType.EPISODE_TYPE_PUBLIC,Terry Luo,Zejun_,57834.0,57219.0,WIN,exact,720,30815346,replays/ranks_21_40_macro_intent_v1/episode-99014705-replay.json,ranks_21_40_macro_intent_v1,N001,1764,0,0.020570458844304085
3137,99014733,0,33,16674312,yuxuan,55757156,2694.7,EpisodeType.EPISODE_TYPE_PUBLIC,yuxuan,GPTatoes,79825.0,87834.0,LOSS,exact,720,30653782,replays/ranks_21_40_macro_intent_v1/episode-99014733-replay.json,ranks_21_40_macro_intent_v1,N001,1764,0,0.020570458844304085
3138,99014772,1,32,16685450,Nadeem,55757473,2695.7,EpisodeType.EPISODE_TYPE_PUBLIC,Nadeem,satoooh,114313.0,111043.0,WIN,exact,720,30956753,replays/ranks_21_40_macro_intent_v1/episode-99014772-replay.json,ranks_21_40_macro_intent_v1,N003,247,0,0.0
3139,99016867,0,30,16753799,桂棹兮兰桨,55760200,2699.6,EpisodeType.EPISODE_TYPE_PUBLIC,桂棹兮兰桨,Timass,62895.0,61176.0,WIN,exact,720,30832040,replays/ranks_21_40_macro_intent_v1/episode-99016867-replay.json,ranks_21_40_macro_intent_v1,N001,1764,0,0.020570458844304085
3140,99016918,1,34,16741542,Jiro314,55759101,2693.0,EpisodeType.EPISODE_TYPE_PUBLIC,Jiro314,Egor Trushin,101374.0,96831.0,WIN,exact,720,30905626,replays/ranks_21_40_macro_intent_v1/episode-99016918-replay.json,ranks_21_40_macro_intent_v1,N001,1764,0,0.10913640260696411
3141,99016918,0,35,16670276,Egor Trushin,55724054,2692.1,EpisodeType.EPISODE_TYPE_PUBLIC,Egor Trushin,Jiro314,96831.0,101374.0,LOSS,exact,720,30905626,replays/ranks_21_40_macro_intent_v1/episode-99016918-replay.json,ranks_21_40_macro_intent_v1,N001,1764,0,0.020570458844304085
3142,99016943,1,40,16671767,Kaileh57,55758863,2681.3,EpisodeType.EPISODE_TYPE_PUBLIC,Kaileh57,Hongxin Su,128823.0,127872.0,WIN,exact,720,32676933,replays/ranks_21_40_macro_intent_v1/episode-99016943-replay.json,ranks_21_40_macro_intent_v1,N001,1764,0,0.0
3143,99016984,1,28,16689430,Terry Luo,55757614,2711.2,EpisodeType.EPISODE_TYPE_PUBLIC,Terry Luo,Victor @ Tufa Labs,54959.0,60648.0,LOSS,exact,720,31673796,replays/ranks_21_40_macro_intent_v1/episode-99016984-replay.json,ranks_21_40_macro_intent_v1,N001,1764,0,0.0
3144,99017031,1,26,16732714,Mforg,55751131,2719.8,EpisodeType.EPISODE_TYPE_PUBLIC,Mforg,yuxuan,127691.0,124149.0,WIN,exact,720,30936428,replays/ranks_21_40_macro_intent_v1/episode-99017031-replay.json,ranks_21_40_macro_intent_v1,N001,1764,0,0.020570458844304085
3145,99017031,0,33,16674312,yuxuan,55757156,2694.7,EpisodeType.EPISODE_TYPE_PUBLIC,yuxuan,Mforg,124149.0,127691.0,LOSS,exact,720,30936428,replays/ranks_21_40_macro_intent_v1/episode-99017031-replay.json,ranks_21_40_macro_intent_v1,N001,1764,0,0.0
3146,99017053,1,32,16685450,Nadeem,55757473,2695.7,EpisodeType.EPISODE_TYPE_PUBLIC,Nadeem,カワシギ,92672.0,82568.0,WIN,exact,720,31697068,replays/ranks_21_40_macro_intent_v1/episode-99017053-replay.json,ranks_21_40_macro_intent_v1,N001,1764,0,0.0
3147,99019138,1,30,16753799,桂棹兮兰桨,55760200,2699.6,EpisodeType.EPISODE_TYPE_PUBLIC,桂棹兮兰桨,Hiroyasu Okuno,73538.0,65169.0,WIN,exact,720,31690658,replays/ranks_21_40_macro_intent_v1/episode-99019138-replay.json,ranks_21_40_macro_intent_v1,N001,1764,0,0.0
3148,99019218,1,40,16671767,Kaileh57,55758863,2681.3,EpisodeType.EPISODE_TYPE_PUBLIC,Kaileh57,Lucien de Rubempre,100883.0,101604.0,LOSS,exact,720,30221855,replays/ranks_21_40_macro_intent_v1/episode-99019218-replay.json,ranks_21_40_macro_intent_v1,N002,260,0,0.0
3149,99019221,0,34,16741542,Jiro314,55759101,2693.0,EpisodeType.EPISODE_TYPE_PUBLIC,Jiro314,theredbluepill,117807.0,109197.0,WIN,exact,720,31924695,replays/ranks_21_40_macro_intent_v1/episode-99019221-replay.json,ranks_21_40_macro_intent_v1,N001,1764,0,0.0
3150,99019271,0,28,16689430,Terry Luo,55757614,2711.2,EpisodeType.EPISODE_TYPE_PUBLIC,Terry Luo,theredbluepill,66547.0,71677.0,LOSS,exact,720,31809019,replays/ranks_21_40_macro_intent_v1/episode-99019271-replay.json,ranks_21_40_macro_intent_v1,N001,1764,0,0.0
3151,99019308,1,33,16674312,yuxuan,55757156,2694.7,EpisodeType.EPISODE_TYPE_PUBLIC,yuxuan,Hongxin Su,53571.0,49963.0,WIN,exact,720,30882758,replays/ranks_21_40_macro_intent_v1/episode-99019308-replay.json,ranks_21_40_macro_intent_v1,N001,1764,0,0.020570458844304085
3152,99019333,1,26,16732714,Mforg,55751131,2719.8,EpisodeType.EPISODE_TYPE_PUBLIC,Mforg,Nadeem,71201.0,68379.0,WIN,exact,720,30926584,replays/ranks_21_40_macro_intent_v1/episode-99019333-replay.json,ranks_21_40_macro_intent_v1,N001,1764,0,0.020570458844304085
3153,99019333,0,32,16685450,Nadeem,55757473,2695.7,EpisodeType.EPISODE_TYPE_PUBLIC,Nadeem,Mforg,68379.0,71201.0,LOSS,exact,720,30926584,replays/ranks_21_40_macro_intent_v1/episode-99019333-replay.json,ranks_21_40_macro_intent_v1,N001,1764,0,0.0
3154,99019386,0,26,16732714,Mforg,55751131,2719.8,EpisodeType.EPISODE_TYPE_PUBLIC,Mforg,GUAM,66327.0,66121.0,WIN,exact,720,30933833,replays/ranks_21_40_macro_intent_v1/episode-99019386-replay.json,ranks_21_40_macro_intent_v1,N001,1764,0,0.020570458844304085
3155,99021437,0,30,16753799,桂棹兮兰桨,55760200,2699.6,EpisodeType.EPISODE_TYPE_PUBLIC,桂棹兮兰桨,Dmitry Larko,71972.0,68448.0,WIN,exact,720,30930147,replays/ranks_21_40_macro_intent_v1/episode-99021437-replay.json,ranks_21_40_macro_intent_v1,N001,1764,0,0.020570458844304085
3156,99021496,0,34,16741542,Jiro314,55759101,2693.0,EpisodeType.EPISODE_TYPE_PUBLIC,Jiro314,Dude and Destroy,81228.0,84044.0,LOSS,exact,720,31145210,replays/ranks_21_40_macro_intent_v1/episode-99021496-replay.json,ranks_21_40_macro_intent_v1,N001,1764,0,0.10913640260696411
3157,99021519,1,40,16671767,Kaileh57,55758863,2681.3,EpisodeType.EPISODE_TYPE_PUBLIC,Kaileh57,Victor @ Tufa Labs,104510.0,98235.0,WIN,exact,720,31689371,replays/ranks_21_40_macro_intent_v1/episode-99021519-replay.json,ranks_21_40_macro_intent_v1,N001,1764,0,0.0
3158,99021575,1,28,16689430,Terry Luo,55757614,2711.2,EpisodeType.EPISODE_TYPE_PUBLIC,Terry Luo,satoooh,69495.0,69374.0,WIN,exact,720,32659026,replays/ranks_21_40_macro_intent_v1/episode-99021575-replay.json,ranks_21_40_macro_intent_v1,N001,1764,0,0.0
3159,99021603,1,33,16674312,yuxuan,55757156,2694.7,EpisodeType.EPISODE_TYPE_PUBLIC,yuxuan,Tagir Analyzes,91562.0,89433.0,WIN,exact,720,32669918,replays/ranks_21_40_macro_intent_v1/episode-99021603-replay.json,ranks_21_40_macro_intent_v1,N001,1764,0,0.0
3160,99021632,0,32,16685450,Nadeem,55757473,2695.7,EpisodeType.EPISODE_TYPE_PUBLIC,Nadeem,TommyCyd,80154.0,80154.0,TIE,exact,720,30922299,replays/ranks_21_40_macro_intent_v1/episode-99021632-replay.json,ranks_21_40_macro_intent_v1,N001,1764,0,0.020570458844304085
3161,99021686,1,30,16753799,桂棹兮兰桨,55760200,2699.6,EpisodeType.EPISODE_TYPE_PUBLIC,桂棹兮兰桨,Syed Asad Ali,75894.0,71204.0,WIN,exact,720,30899444,replays/ranks_21_40_macro_intent_v1/episode-99021686-replay.json,ranks_21_40_macro_intent_v1,N001,1764,0,0.020570458844304085
3162,99023730,1,30,16753799,桂棹兮兰桨,55760200,2699.6,EpisodeType.EPISODE_TYPE_PUBLIC,桂棹兮兰桨,Jasper Turnidge,46812.0,48666.0,LOSS,exact,720,31541779,replays/ranks_21_40_macro_intent_v1/episode-99023730-replay.json,ranks_21_40_macro_intent_v1,N001,1764,0,0.0
3163,99023797,1,27,16630675,Lucien de Rubempre,55749795,2712.1,EpisodeType.EPISODE_TYPE_PUBLIC,Lucien de Rubempre,Jiro314,147234.0,124674.0,WIN,exact,720,30510321,replays/ranks_21_40_macro_intent_v1/episode-99023797-replay.json,ranks_21_40_macro_intent_v1,N001,1764,0,0.020570458844304085
3164,99023797,0,34,16741542,Jiro314,55759101,2693.0,EpisodeType.EPISODE_TYPE_PUBLIC,Jiro314,Lucien de Rubempre,124674.0,147234.0,LOSS,exact,720,30510321,replays/ranks_21_40_macro_intent_v1/episode-99023797-replay.json,ranks_21_40_macro_intent_v1,N001,1764,0,0.10913640260696411
3165,99023813,0,40,16671767,Kaileh57,55758863,2681.3,EpisodeType.EPISODE_TYPE_PUBLIC,Kaileh57,GPTatoes,60452.0,56867.0,WIN,exact,720,31556458,replays/ranks_21_40_macro_intent_v1/episode-99023813-replay.json,ranks_21_40_macro_intent_v1,N001,1764,0,0.0
3166,99023857,1,25,16624276,Zejun_,55749262,2728.5,EpisodeType.EPISODE_TYPE_PUBLIC,Zejun_,Terry Luo,59869.0,59869.0,TIE,exact,720,31600130,replays/ranks_21_40_macro_intent_v1/episode-99023857-replay.json,ranks_21_40_macro_intent_v1,N001,1764,0,0.0
3167,99023857,0,28,16689430,Terry Luo,55757614,2711.2,EpisodeType.EPISODE_TYPE_PUBLIC,Terry Luo,Zejun_,59869.0,59869.0,TIE,exact,720,31600130,replays/ranks_21_40_macro_intent_v1/episode-99023857-replay.json,ranks_21_40_macro_intent_v1,N001,1764,0,0.0
3168,99023894,1,33,16674312,yuxuan,55757156,2694.7,EpisodeType.EPISODE_TYPE_PUBLIC,yuxuan,Ömer Faruk Yüce,65270.0,62689.0,WIN,exact,720,30930541,replays/ranks_21_40_macro_intent_v1/episode-99023894-replay.json,ranks_21_40_macro_intent_v1,N001,1764,0,0.020570458844304085
3169,99023894,0,37,16742369,Ömer Faruk Yüce,55723563,2688.4,EpisodeType.EPISODE_TYPE_PUBLIC,Ömer Faruk Yüce,yuxuan,62689.0,65270.0,LOSS,exact,720,30930541,replays/ranks_21_40_macro_intent_v1/episode-99023894-replay.json,ranks_21_40_macro_intent_v1,N001,1764,0,0.0
3170,99023923,1,32,16685450,Nadeem,55757473,2695.7,EpisodeType.EPISODE_TYPE_PUBLIC,Nadeem,Hongxin Su,78968.0,77125.0,WIN,exact,720,30941213,replays/ranks_21_40_macro_intent_v1/episode-99023923-replay.json,ranks_21_40_macro_intent_v1,N001,1764,0,0.020570458844304085
3171,99026028,1,30,16753799,桂棹兮兰桨,55760200,2699.6,EpisodeType.EPISODE_TYPE_PUBLIC,桂棹兮兰桨,lucaskna,54258.0,53707.0,WIN,exact,720,31620352,replays/ranks_21_40_macro_intent_v1/episode-99026028-replay.json,ranks_21_40_macro_intent_v1,N001,1764,0,0.0
3172,99026079,1,34,16741542,Jiro314,55759101,2693.0,EpisodeType.EPISODE_TYPE_PUBLIC,Jiro314,Danzzzl,115390.0,118595.0,LOSS,exact,720,30625587,replays/ranks_21_40_macro_intent_v1/episode-99026079-replay.json,ranks_21_40_macro_intent_v1,N003,247,0,0.0
3173,99026104,0,40,16671767,Kaileh57,55758863,2681.3,EpisodeType.EPISODE_TYPE_PUBLIC,Kaileh57,GPTatoes,125349.0,123216.0,WIN,exact,720,30944422,replays/ranks_21_40_macro_intent_v1/episode-99026104-replay.json,ranks_21_40_macro_intent_v1,N001,1764,0,0.020570458844304085
3174,99026119,1,25,16624276,Zejun_,55749262,2728.5,EpisodeType.EPISODE_TYPE_PUBLIC,Zejun_,tyz123456,36875.0,42634.0,LOSS,exact,720,31459870,replays/ranks_21_40_macro_intent_v1/episode-99026119-replay.json,ranks_21_40_macro_intent_v1,N001,1764,0,0.0
3175,99026136,0,28,16689430,Terry Luo,55757614,2711.2,EpisodeType.EPISODE_TYPE_PUBLIC,Terry Luo,nao.kwmr,90466.0,105587.0,LOSS,exact,720,30007865,replays/ranks_21_40_macro_intent_v1/episode-99026136-replay.json,ranks_21_40_macro_intent_v1,N003,247,0,0.026244107633829117
3176,99026174,0,29,16639507,Homii_N,55753519,2701.6,EpisodeType.EPISODE_TYPE_PUBLIC,Homii_N,yuxuan,107271.0,107271.0,TIE,exact,720,31627565,replays/ranks_21_40_macro_intent_v1/episode-99026174-replay.json,ranks_21_40_macro_intent_v1,N001,1764,0,0.0
3177,99026174,1,33,16674312,yuxuan,55757156,2694.7,EpisodeType.EPISODE_TYPE_PUBLIC,yuxuan,Homii_N,107271.0,107271.0,TIE,exact,720,31627565,replays/ranks_21_40_macro_intent_v1/episode-99026174-replay.json,ranks_21_40_macro_intent_v1,N001,1764,0,0.0
3178,99026210,1,32,16685450,Nadeem,55757473,2695.7,EpisodeType.EPISODE_TYPE_PUBLIC,Nadeem,tingyu516,88772.0,85654.0,WIN,exact,720,30934894,replays/ranks_21_40_macro_intent_v1/episode-99026210-replay.json,ranks_21_40_macro_intent_v1,N001,1764,0,0.020570458844304085
3179,99026290,0,21,16698999,Odyssey,55762971,2723.4,EpisodeType.EPISODE_TYPE_VALIDATION,Odyssey,Odyssey,64149.0,64149.0,TIE,exact,720,31090273,replays/ranks_21_40_macro_intent_v1/episode-99026290-replay.json,ranks_21_40_macro_intent_v1,N001,1764,0,0.020570458844304085
3180,99026290,1,21,16698999,Odyssey,55762971,2723.4,EpisodeType.EPISODE_TYPE_VALIDATION,Odyssey,Odyssey,64149.0,64149.0,TIE,exact,720,31090273,replays/ranks_21_40_macro_intent_v1/episode-99026290-replay.json,ranks_21_40_macro_intent_v1,N001,1764,0,0.020570458844304085
3181,99028310,0,30,16753799,桂棹兮兰桨,55760200,2699.6,EpisodeType.EPISODE_TYPE_PUBLIC,桂棹兮兰桨,Luan Kunyu,59079.0,50393.0,WIN,exact,720,31650983,replays/ranks_21_40_macro_intent_v1/episode-99028310-replay.json,ranks_21_40_macro_intent_v1,N001,1764,0,0.0006307330331765115
3182,99028367,0,34,16741542,Jiro314,55759101,2693.0,EpisodeType.EPISODE_TYPE_PUBLIC,Jiro314,enddl22,91766.0,90676.0,WIN,exact,720,30929078,replays/ranks_21_40_macro_intent_v1/episode-99028367-replay.json,ranks_21_40_macro_intent_v1,N003,247,0,0.0
3183,99028386,1,40,16671767,Kaileh57,55758863,2681.3,EpisodeType.EPISODE_TYPE_PUBLIC,Kaileh57,Bharath Varma,77864.0,76383.0,WIN,exact,720,30932060,replays/ranks_21_40_macro_intent_v1/episode-99028386-replay.json,ranks_21_40_macro_intent_v1,N001,1764,0,0.020570458844304085
3184,99028417,0,28,16689430,Terry Luo,55757614,2711.2,EpisodeType.EPISODE_TYPE_PUBLIC,Terry Luo,カワシギ,67756.0,63740.0,WIN,exact,720,31841929,replays/ranks_21_40_macro_intent_v1/episode-99028417-replay.json,ranks_21_40_macro_intent_v1,N001,1764,0,0.0
3185,99028458,0,33,16674312,yuxuan,55757156,2694.7,EpisodeType.EPISODE_TYPE_PUBLIC,yuxuan,Egor Trushin,85984.0,81841.0,WIN,exact,720,30943191,replays/ranks_21_40_macro_intent_v1/episode-99028458-replay.json,ranks_21_40_macro_intent_v1,N003,247,0,0.0
3186,99028458,1,35,16670276,Egor Trushin,55724054,2692.1,EpisodeType.EPISODE_TYPE_PUBLIC,Egor Trushin,yuxuan,81841.0,85984.0,LOSS,exact,720,30943191,replays/ranks_21_40_macro_intent_v1/episode-99028458-replay.json,ranks_21_40_macro_intent_v1,N003,247,0,0.0
3187,99028501,1,25,16624276,Zejun_,55749262,2728.5,EpisodeType.EPISODE_TYPE_PUBLIC,Zejun_,Nadeem,85542.0,85542.0,TIE,exact,720,31091830,replays/ranks_21_40_macro_intent_v1/episode-99028501-replay.json,ranks_21_40_macro_intent_v1,N001,1764,0,0.020570458844304085
3188,99028501,0,32,16685450,Nadeem,55757473,2695.7,EpisodeType.EPISODE_TYPE_PUBLIC,Nadeem,Zejun_,85542.0,85542.0,TIE,exact,720,31091830,replays/ranks_21_40_macro_intent_v1/episode-99028501-replay.json,ranks_21_40_macro_intent_v1,N001,1764,0,0.020570458844304085
3189,99028527,0,36,16699741,Tom3,55743933,2684.9,EpisodeType.EPISODE_TYPE_PUBLIC,Tom3,Ömer Faruk Yüce,71024.0,69700.0,WIN,exact,720,32477548,replays/ranks_21_40_macro_intent_v1/episode-99028527-replay.json,ranks_21_40_macro_intent_v1,N001,1764,0,0.0
3190,99028527,1,37,16742369,Ömer Faruk Yüce,55723563,2688.4,EpisodeType.EPISODE_TYPE_PUBLIC,Ömer Faruk Yüce,Tom3,69700.0,71024.0,LOSS,exact,720,32477548,replays/ranks_21_40_macro_intent_v1/episode-99028527-replay.json,ranks_21_40_macro_intent_v1,N001,1764,0,0.0
3191,99028550,1,22,16745006,UjjwalPardeshi,55754433,2734.7,EpisodeType.EPISODE_TYPE_PUBLIC,UjjwalPardeshi,Homii_N,95895.0,95618.0,WIN,exact,720,31743189,replays/ranks_21_40_macro_intent_v1/episode-99028550-replay.json,ranks_21_40_macro_intent_v1,N001,1764,0,0.0
3192,99028550,0,29,16639507,Homii_N,55753519,2701.6,EpisodeType.EPISODE_TYPE_PUBLIC,Homii_N,UjjwalPardeshi,95618.0,95895.0,LOSS,exact,720,31743189,replays/ranks_21_40_macro_intent_v1/episode-99028550-replay.json,ranks_21_40_macro_intent_v1,N001,1764,0,0.0
3193,99030525,0,21,16698999,Odyssey,55762971,2723.4,EpisodeType.EPISODE_TYPE_PUBLIC,Odyssey,Hoya need job,113990.0,46375.0,WIN,exact,720,26761843,replays/ranks_21_40_macro_intent_v1/episode-99030525-replay.json,ranks_21_40_macro_intent_v1,N003,247,0,0.0
3194,99030600,1,30,16753799,桂棹兮兰桨,55760200,2699.6,EpisodeType.EPISODE_TYPE_PUBLIC,桂棹兮兰桨,Hiroyasu Okuno,74648.0,62304.0,WIN,exact,720,31695390,replays/ranks_21_40_macro_intent_v1/episode-99030600-replay.json,ranks_21_40_macro_intent_v1,N001,1764,0,0.0
3195,99030655,1,34,16741542,Jiro314,55759101,2693.0,EpisodeType.EPISODE_TYPE_PUBLIC,Jiro314,Tagir Analyzes,84136.0,83812.0,WIN,exact,720,30611466,replays/ranks_21_40_macro_intent_v1/episode-99030655-replay.json,ranks_21_40_macro_intent_v1,N003,247,0,0.0
3196,99030676,1,39,16712714,MiMi,55741684,2682.8,EpisodeType.EPISODE_TYPE_PUBLIC,MiMi,Kaileh57,56127.0,62598.0,LOSS,exact,720,32872294,replays/ranks_21_40_macro_intent_v1/episode-99030676-replay.json,ranks_21_40_macro_intent_v1,N038,4,1,0.0
3197,99030676,0,40,16671767,Kaileh57,55758863,2681.3,EpisodeType.EPISODE_TYPE_PUBLIC,Kaileh57,MiMi,62598.0,56127.0,WIN,exact,720,32872294,replays/ranks_21_40_macro_intent_v1/episode-99030676-replay.json,ranks_21_40_macro_intent_v1,N001,1764,0,0.0
3198,99030712,0,28,16689430,Terry Luo,55757614,2711.2,EpisodeType.EPISODE_TYPE_PUBLIC,Terry Luo,Tagir Analyzes,59148.0,54159.0,WIN,exact,720,31691959,replays/ranks_21_40_macro_intent_v1/episode-99030712-replay.json,ranks_21_40_macro_intent_v1,N001,1764,0,0.0
3199,99030749,0,33,16674312,yuxuan,55757156,2694.7,EpisodeType.EPISODE_TYPE_PUBLIC,yuxuan,Tom3,92912.0,91269.0,WIN,exact,720,30303449,replays/ranks_21_40_macro_intent_v1/episode-99030749-replay.json,ranks_21_40_macro_intent_v1,N002,260,0,0.0
3200,99030749,1,36,16699741,Tom3,55743933,2684.9,EpisodeType.EPISODE_TYPE_PUBLIC,Tom3,yuxuan,91269.0,92912.0,LOSS,exact,720,30303449,replays/ranks_21_40_macro_intent_v1/episode-99030749-replay.json,ranks_21_40_macro_intent_v1,N002,260,0,0.0
3201,99030840,0,35,16670276,Egor Trushin,55724054,2692.1,EpisodeType.EPISODE_TYPE_PUBLIC,Egor Trushin,WeAreFarmers,46819.0,47150.0,LOSS,exact,720,30930391,replays/ranks_21_40_macro_intent_v1/episode-99030840-replay.json,ranks_21_40_macro_intent_v1,N001,1764,0,0.030037125572562218
3202,99032812,1,21,16698999,Odyssey,55762971,2723.4,EpisodeType.EPISODE_TYPE_PUBLIC,Odyssey,cmrfrd,97156.0,45651.0,WIN,exact,720,28701516,replays/ranks_21_40_macro_intent_v1/episode-99032812-replay.json,ranks_21_40_macro_intent_v1,N001,1764,0,0.0
3203,99032903,1,30,16753799,桂棹兮兰桨,55760200,2699.6,EpisodeType.EPISODE_TYPE_PUBLIC,桂棹兮兰桨,Luan Kunyu,85488.0,67583.0,WIN,exact,720,31502800,replays/ranks_21_40_macro_intent_v1/episode-99032903-replay.json,ranks_21_40_macro_intent_v1,N002,260,0,0.0
3204,99032951,1,24,16685548,Erfan Eshratifar,55729097,2729.9,EpisodeType.EPISODE_TYPE_PUBLIC,Erfan Eshratifar,Jiro314,103539.0,106027.0,LOSS,exact,720,31777053,replays/ranks_21_40_macro_intent_v1/episode-99032951-replay.json,ranks_21_40_macro_intent_v1,N004,130,0,0.02645007148385048
3205,99032951,0,34,16741542,Jiro314,55759101,2693.0,EpisodeType.EPISODE_TYPE_PUBLIC,Jiro314,Erfan Eshratifar,106027.0,103539.0,WIN,exact,720,31777053,replays/ranks_21_40_macro_intent_v1/episode-99032951-replay.json,ranks_21_40_macro_intent_v1,N001,1764,0,0.02849394641816616
3206,99032975,1,32,16685450,Nadeem,55757473,2695.7,EpisodeType.EPISODE_TYPE_PUBLIC,Nadeem,Kaileh57,88168.0,88168.0,TIE,exact,720,31101891,replays/ranks_21_40_macro_intent_v1/episode-99032975-replay.json,ranks_21_40_macro_intent_v1,N001,1764,0,0.020570458844304085
3207,99032975,0,40,16671767,Kaileh57,55758863,2681.3,EpisodeType.EPISODE_TYPE_PUBLIC,Kaileh57,Nadeem,88168.0,88168.0,TIE,exact,720,31101891,replays/ranks_21_40_macro_intent_v1/episode-99032975-replay.json,ranks_21_40_macro_intent_v1,N001,1764,0,0.020570458844304085
3208,99033007,0,25,16624276,Zejun_,55749262,2728.5,EpisodeType.EPISODE_TYPE_PUBLIC,Zejun_,Terry Luo,114875.0,114803.0,WIN,exact,720,31614722,replays/ranks_21_40_macro_intent_v1/episode-99033007-replay.json,ranks_21_40_macro_intent_v1,N001,1764,0,0.0
3209,99033007,1,28,16689430,Terry Luo,55757614,2711.2,EpisodeType.EPISODE_TYPE_PUBLIC,Terry Luo,Zejun_,114803.0,114875.0,LOSS,exact,720,31614722,replays/ranks_21_40_macro_intent_v1/episode-99033007-replay.json,ranks_21_40_macro_intent_v1,N001,1764,0,0.0
3210,99033043,0,33,16674312,yuxuan,55757156,2694.7,EpisodeType.EPISODE_TYPE_PUBLIC,yuxuan,UtaAzu,94720.0,107604.0,LOSS,exact,720,30975079,replays/ranks_21_40_macro_intent_v1/episode-99033043-replay.json,ranks_21_40_macro_intent_v1,N001,1764,0,0.020570458844304085
3211,99035068,1,21,16698999,Odyssey,55762971,2723.4,EpisodeType.EPISODE_TYPE_PUBLIC,Odyssey,Koshtubh Singh Parihar,151163.0,72939.0,WIN,exact,720,27646813,replays/ranks_21_40_macro_intent_v1/episode-99035068-replay.json,ranks_21_40_macro_intent_v1,N002,260,0,0.0
3212,99035184,0,30,16753799,桂棹兮兰桨,55760200,2699.6,EpisodeType.EPISODE_TYPE_PUBLIC,桂棹兮兰桨,lelelove1225,65443.0,54048.0,WIN,exact,720,31686086,replays/ranks_21_40_macro_intent_v1/episode-99035184-replay.json,ranks_21_40_macro_intent_v1,N001,1764,0,0.0
3213,99035243,1,32,16685450,Nadeem,55757473,2695.7,EpisodeType.EPISODE_TYPE_PUBLIC,Nadeem,Jiro314,149079.0,145199.0,WIN,exact,720,31076022,replays/ranks_21_40_macro_intent_v1/episode-99035243-replay.json,ranks_21_40_macro_intent_v1,N001,1764,0,0.020570458844304085
3214,99035243,0,34,16741542,Jiro314,55759101,2693.0,EpisodeType.EPISODE_TYPE_PUBLIC,Jiro314,Nadeem,145199.0,149079.0,LOSS,exact,720,31076022,replays/ranks_21_40_macro_intent_v1/episode-99035243-replay.json,ranks_21_40_macro_intent_v1,N001,1764,0,0.1155363991856575
3215,99035261,1,30,16753799,桂棹兮兰桨,55760200,2699.6,EpisodeType.EPISODE_TYPE_PUBLIC,桂棹兮兰桨,Reyhan Ksatria,59716.0,60593.0,LOSS,exact,720,31191740,replays/ranks_21_40_macro_intent_v1/episode-99035261-replay.json,ranks_21_40_macro_intent_v1,N001,1764,0,0.020570458844304085
3216,99035264,1,40,16671767,Kaileh57,55758863,2681.3,EpisodeType.EPISODE_TYPE_PUBLIC,Kaileh57,GPTatoes,94022.0,93383.0,WIN,exact,720,31026128,replays/ranks_21_40_macro_intent_v1/episode-99035264-replay.json,ranks_21_40_macro_intent_v1,N001,1764,0,0.020570458844304085
3217,99035294,0,28,16689430,Terry Luo,55757614,2711.2,EpisodeType.EPISODE_TYPE_PUBLIC,Terry Luo,Homii_N,29366.0,29366.0,TIE,exact,720,31064902,replays/ranks_21_40_macro_intent_v1/episode-99035294-replay.json,ranks_21_40_macro_intent_v1,N001,1764,0,0.020570458844304085
3218,99035294,1,29,16639507,Homii_N,55753519,2701.6,EpisodeType.EPISODE_TYPE_PUBLIC,Homii_N,Terry Luo,29366.0,29366.0,TIE,exact,720,31064902,replays/ranks_21_40_macro_intent_v1/episode-99035294-replay.json,ranks_21_40_macro_intent_v1,N001,1764,0,0.020570458844304085
3219,99035326,0,25,16624276,Zejun_,55749262,2728.5,EpisodeType.EPISODE_TYPE_PUBLIC,Zejun_,yuxuan,85638.0,85638.0,TIE,exact,720,30947240,replays/ranks_21_40_macro_intent_v1/episode-99035326-replay.json,ranks_21_40_macro_intent_v1,N001,1764,0,0.020570458844304085
3220,99035326,1,33,16674312,yuxuan,55757156,2694.7,EpisodeType.EPISODE_TYPE_PUBLIC,yuxuan,Zejun_,85638.0,85638.0,TIE,exact,720,30947240,replays/ranks_21_40_macro_intent_v1/episode-99035326-replay.json,ranks_21_40_macro_intent_v1,N001,1764,0,0.020570458844304085
3221,99037340,1,21,16698999,Odyssey,55762971,2723.4,EpisodeType.EPISODE_TYPE_PUBLIC,Odyssey,mayoristaNLP,76558.0,20727.0,WIN,exact,720,31709941,replays/ranks_21_40_macro_intent_v1/episode-99037340-replay.json,ranks_21_40_macro_intent_v1,N001,1764,0,0.0
3222,99037478,0,30,16753799,桂棹兮兰桨,55760200,2699.6,EpisodeType.EPISODE_TYPE_PUBLIC,桂棹兮兰桨,QQ Farming,72340.0,64010.0,WIN,exact,720,31727448,replays/ranks_21_40_macro_intent_v1/episode-99037478-replay.json,ranks_21_40_macro_intent_v1,N001,1764,0,0.0
3223,99037532,1,34,16741542,Jiro314,55759101,2693.0,EpisodeType.EPISODE_TYPE_PUBLIC,Jiro314,Tom3,122566.0,118197.0,WIN,exact,720,30827398,replays/ranks_21_40_macro_intent_v1/episode-99037532-replay.json,ranks_21_40_macro_intent_v1,N001,1764,0,0.10913640260696411
3224,99037532,0,36,16699741,Tom3,55743933,2684.9,EpisodeType.EPISODE_TYPE_PUBLIC,Tom3,Jiro314,118197.0,122566.0,LOSS,exact,720,30827398,replays/ranks_21_40_macro_intent_v1/episode-99037532-replay.json,ranks_21_40_macro_intent_v1,N001,1764,0,0.020570458844304085
3225,99037553,0,40,16671767,Kaileh57,55758863,2681.3,EpisodeType.EPISODE_TYPE_PUBLIC,Kaileh57,Ueddy,94998.0,100554.0,LOSS,exact,720,31420299,replays/ranks_21_40_macro_intent_v1/episode-99037553-replay.json,ranks_21_40_macro_intent_v1,N001,1764,0,0.020570458844304085
3226,99037582,0,28,16689430,Terry Luo,55757614,2711.2,EpisodeType.EPISODE_TYPE_PUBLIC,Terry Luo,Ömer Faruk Yüce,74618.0,65439.0,WIN,exact,720,30377022,replays/ranks_21_40_macro_intent_v1/episode-99037582-replay.json,ranks_21_40_macro_intent_v1,N001,1764,0,0.020570458844304085
3227,99037582,1,37,16742369,Ömer Faruk Yüce,55723563,2688.4,EpisodeType.EPISODE_TYPE_PUBLIC,Ömer Faruk Yüce,Terry Luo,65439.0,74618.0,LOSS,exact,720,30377022,replays/ranks_21_40_macro_intent_v1/episode-99037582-replay.json,ranks_21_40_macro_intent_v1,N001,1764,0,0.020570458844304085
3228,99037610,0,31,16635314,Aurora wy,55742603,2699.1,EpisodeType.EPISODE_TYPE_PUBLIC,Aurora wy,yuxuan,96611.0,94112.0,WIN,exact,720,31318979,replays/ranks_21_40_macro_intent_v1/episode-99037610-replay.json,ranks_21_40_macro_intent_v1,N001,1764,0,0.0
3229,99037610,1,33,16674312,yuxuan,55757156,2694.7,EpisodeType.EPISODE_TYPE_PUBLIC,yuxuan,Aurora wy,94112.0,96611.0,LOSS,exact,720,31318979,replays/ranks_21_40_macro_intent_v1/episode-99037610-replay.json,ranks_21_40_macro_intent_v1,N001,1764,0,0.020570458844304085
3230,99039615,1,21,16698999,Odyssey,55762971,2723.4,EpisodeType.EPISODE_TYPE_PUBLIC,Odyssey,Ahmed Alhassan,149629.0,109745.0,WIN,exact,720,29606191,replays/ranks_21_40_macro_intent_v1/episode-99039615-replay.json,ranks_21_40_macro_intent_v1,N001,1764,0,0.0
3231,99039772,0,30,16753799,桂棹兮兰桨,55760200,2699.6,EpisodeType.EPISODE_TYPE_PUBLIC,桂棹兮兰桨,Hiroyasu Okuno,72822.0,70358.0,WIN,exact,720,32664454,replays/ranks_21_40_macro_intent_v1/episode-99039772-replay.json,ranks_21_40_macro_intent_v1,N001,1764,0,0.0
3232,99039822,1,34,16741542,Jiro314,55759101,2693.0,EpisodeType.EPISODE_TYPE_PUBLIC,Jiro314,ReCurSiON,125076.0,105595.0,WIN,exact,720,31491950,replays/ranks_21_40_macro_intent_v1/episode-99039822-replay.json,ranks_21_40_macro_intent_v1,N001,1764,0,0.0
3233,99039836,0,40,16671767,Kaileh57,55758863,2681.3,EpisodeType.EPISODE_TYPE_PUBLIC,Kaileh57,UtaAzu,78262.0,78262.0,TIE,exact,720,30930884,replays/ranks_21_40_macro_intent_v1/episode-99039836-replay.json,ranks_21_40_macro_intent_v1,N001,1764,0,0.020570458844304085
3234,99039868,1,24,16685548,Erfan Eshratifar,55729097,2729.9,EpisodeType.EPISODE_TYPE_PUBLIC,Erfan Eshratifar,Terry Luo,127233.0,124610.0,WIN,exact,720,31473280,replays/ranks_21_40_macro_intent_v1/episode-99039868-replay.json,ranks_21_40_macro_intent_v1,N004,130,0,0.0557420514523983
3235,99039868,0,28,16689430,Terry Luo,55757614,2711.2,EpisodeType.EPISODE_TYPE_PUBLIC,Terry Luo,Erfan Eshratifar,124610.0,127233.0,LOSS,exact,720,31473280,replays/ranks_21_40_macro_intent_v1/episode-99039868-replay.json,ranks_21_40_macro_intent_v1,N003,247,0,0.0
3236,99041882,1,21,16698999,Odyssey,55762971,2723.4,EpisodeType.EPISODE_TYPE_PUBLIC,Odyssey,Fahd EL ANSARI,76837.0,74018.0,WIN,exact,720,30119740,replays/ranks_21_40_macro_intent_v1/episode-99041882-replay.json,ranks_21_40_macro_intent_v1,N001,1764,0,0.0
3237,99042050,0,30,16753799,桂棹兮兰桨,55760200,2699.6,EpisodeType.EPISODE_TYPE_PUBLIC,桂棹兮兰桨,TommyCyd,86890.0,77236.0,WIN,exact,720,30943904,replays/ranks_21_40_macro_intent_v1/episode-99042050-replay.json,ranks_21_40_macro_intent_v1,N001,1764,0,0.0
3238,99042098,0,34,16741542,Jiro314,55759101,2693.0,EpisodeType.EPISODE_TYPE_PUBLIC,Jiro314,Bharath Varma,71999.0,75016.0,LOSS,exact,720,31060154,replays/ranks_21_40_macro_intent_v1/episode-99042098-replay.json,ranks_21_40_macro_intent_v1,N001,1764,0,0.10913640260696411
3239,99042118,0,32,16685450,Nadeem,55757473,2695.7,EpisodeType.EPISODE_TYPE_PUBLIC,Nadeem,Kaileh57,120448.0,118279.0,WIN,exact,720,30324813,replays/ranks_21_40_macro_intent_v1/episode-99042118-replay.json,ranks_21_40_macro_intent_v1,N002,260,0,0.0
3240,99042118,1,40,16671767,Kaileh57,55758863,2681.3,EpisodeType.EPISODE_TYPE_PUBLIC,Kaileh57,Nadeem,118279.0,120448.0,LOSS,exact,720,30324813,replays/ranks_21_40_macro_intent_v1/episode-99042118-replay.json,ranks_21_40_macro_intent_v1,N002,260,0,0.0
3241,99042148,1,28,16689430,Terry Luo,55757614,2711.2,EpisodeType.EPISODE_TYPE_PUBLIC,Terry Luo,StackKnight,52824.0,49657.0,WIN,exact,720,31667383,replays/ranks_21_40_macro_intent_v1/episode-99042148-replay.json,ranks_21_40_macro_intent_v1,N001,1764,0,0.0
3242,99044152,0,21,16698999,Odyssey,55762971,2723.4,EpisodeType.EPISODE_TYPE_PUBLIC,Odyssey,Timbo615,107612.0,81175.0,WIN,exact,720,31135589,replays/ranks_21_40_macro_intent_v1/episode-99044152-replay.json,ranks_21_40_macro_intent_v1,N001,1764,0,0.020570458844304085
3243,99044332,1,30,16753799,桂棹兮兰桨,55760200,2699.6,EpisodeType.EPISODE_TYPE_PUBLIC,桂棹兮兰桨,TommyCyd,129518.0,130194.0,LOSS,exact,720,30328496,replays/ranks_21_40_macro_intent_v1/episode-99044332-replay.json,ranks_21_40_macro_intent_v1,N002,260,0,0.0
3244,99044374,1,34,16741542,Jiro314,55759101,2693.0,EpisodeType.EPISODE_TYPE_PUBLIC,Jiro314,johnny,56723.0,56008.0,WIN,exact,720,31716699,replays/ranks_21_40_macro_intent_v1/episode-99044374-replay.json,ranks_21_40_macro_intent_v1,N001,1764,0,0.0
3245,99044396,1,40,16671767,Kaileh57,55758863,2681.3,EpisodeType.EPISODE_TYPE_PUBLIC,Kaileh57,Lucien de Rubempre,122444.0,76788.0,WIN,exact,720,27805480,replays/ranks_21_40_macro_intent_v1/episode-99044396-replay.json,ranks_21_40_macro_intent_v1,N001,1764,0,0.0
3246,99044425,1,28,16689430,Terry Luo,55757614,2711.2,EpisodeType.EPISODE_TYPE_PUBLIC,Terry Luo,GUAM,118135.0,118135.0,TIE,exact,720,30929662,replays/ranks_21_40_macro_intent_v1/episode-99044425-replay.json,ranks_21_40_macro_intent_v1,N001,1764,0,0.020570458844304085
3247,99044531,0,22,16745006,UjjwalPardeshi,55754433,2734.7,EpisodeType.EPISODE_TYPE_PUBLIC,UjjwalPardeshi,yuxuan,68458.0,68148.0,WIN,exact,720,30917841,replays/ranks_21_40_macro_intent_v1/episode-99044531-replay.json,ranks_21_40_macro_intent_v1,N001,1764,0,0.020570458844304085
3248,99044531,1,33,16674312,yuxuan,55757156,2694.7,EpisodeType.EPISODE_TYPE_PUBLIC,yuxuan,UjjwalPardeshi,68148.0,68458.0,LOSS,exact,720,30917841,replays/ranks_21_40_macro_intent_v1/episode-99044531-replay.json,ranks_21_40_macro_intent_v1,N001,1764,0,0.020570458844304085
3249,99046424,0,21,16698999,Odyssey,55762971,2723.4,EpisodeType.EPISODE_TYPE_PUBLIC,Odyssey,PersistentLife,78987.0,51641.0,WIN,exact,720,30320149,replays/ranks_21_40_macro_intent_v1/episode-99046424-replay.json,ranks_21_40_macro_intent_v1,N001,1764,0,0.0
3250,99046619,1,30,16753799,桂棹兮兰桨,55760200,2699.6,EpisodeType.EPISODE_TYPE_PUBLIC,桂棹兮兰桨,James Holland,121637.0,113853.0,WIN,exact,720,31677141,replays/ranks_21_40_macro_intent_v1/episode-99046619-replay.json,ranks_21_40_macro_intent_v1,N001,1764,0,0.0
3251,99046659,1,22,16745006,UjjwalPardeshi,55754433,2734.7,EpisodeType.EPISODE_TYPE_PUBLIC,UjjwalPardeshi,Jiro314,62538.0,65254.0,LOSS,exact,720,31060764,replays/ranks_21_40_macro_intent_v1/episode-99046659-replay.json,ranks_21_40_macro_intent_v1,N001,1764,0,0.020570458844304085
3252,99046659,0,34,16741542,Jiro314,55759101,2693.0,EpisodeType.EPISODE_TYPE_PUBLIC,Jiro314,UjjwalPardeshi,65254.0,62538.0,WIN,exact,720,31060764,replays/ranks_21_40_macro_intent_v1/episode-99046659-replay.json,ranks_21_40_macro_intent_v1,N001,1764,0,0.10913640260696411
3253,99046676,1,40,16671767,Kaileh57,55758863,2681.3,EpisodeType.EPISODE_TYPE_PUBLIC,Kaileh57,johnny,70644.0,69195.0,WIN,exact,720,30848736,replays/ranks_21_40_macro_intent_v1/episode-99046676-replay.json,ranks_21_40_macro_intent_v1,N001,1764,0,0.020570458844304085
3254,99046701,1,28,16689430,Terry Luo,55757614,2711.2,EpisodeType.EPISODE_TYPE_PUBLIC,Terry Luo,StackKnight,67643.0,56329.0,WIN,exact,720,31308647,replays/ranks_21_40_macro_intent_v1/episode-99046701-replay.json,ranks_21_40_macro_intent_v1,N002,260,0,0.0
3255,99048701,0,21,16698999,Odyssey,55762971,2723.4,EpisodeType.EPISODE_TYPE_PUBLIC,Odyssey,¡olé!,139502.0,105772.0,WIN,exact,720,30727251,replays/ranks_21_40_macro_intent_v1/episode-99048701-replay.json,ranks_21_40_macro_intent_v1,N001,1764,0,0.0
3256,99048896,0,30,16753799,桂棹兮兰桨,55760200,2699.6,EpisodeType.EPISODE_TYPE_PUBLIC,桂棹兮兰桨,lelelove1225,97630.0,85010.0,WIN,exact,720,31666448,replays/ranks_21_40_macro_intent_v1/episode-99048896-replay.json,ranks_21_40_macro_intent_v1,N001,1764,0,0.0
3257,99048932,1,34,16741542,Jiro314,55759101,2693.0,EpisodeType.EPISODE_TYPE_PUBLIC,Jiro314,fufufukakaka,87742.0,73279.0,WIN,exact,720,30110313,replays/ranks_21_40_macro_intent_v1/episode-99048932-replay.json,ranks_21_40_macro_intent_v1,N001,1764,0,0.0
3258,99048955,1,40,16671767,Kaileh57,55758863,2681.3,EpisodeType.EPISODE_TYPE_PUBLIC,Kaileh57,OceanMix,88383.0,93483.0,LOSS,exact,720,30589414,replays/ranks_21_40_macro_intent_v1/episode-99048955-replay.json,ranks_21_40_macro_intent_v1,N003,247,0,0.018772263079881668
3259,99048977,0,28,16689430,Terry Luo,55757614,2711.2,EpisodeType.EPISODE_TYPE_PUBLIC,Terry Luo,Kaileh57,54113.0,47756.0,WIN,exact,720,30847283,replays/ranks_21_40_macro_intent_v1/episode-99048977-replay.json,ranks_21_40_macro_intent_v1,N001,1764,0,0.0
3260,99048977,1,40,16671767,Kaileh57,55758863,2681.3,EpisodeType.EPISODE_TYPE_PUBLIC,Kaileh57,Terry Luo,47756.0,54113.0,LOSS,exact,720,30847283,replays/ranks_21_40_macro_intent_v1/episode-99048977-replay.json,ranks_21_40_macro_intent_v1,N001,1764,0,0.020570458844304085
3261,99050984,1,21,16698999,Odyssey,55762971,2723.4,EpisodeType.EPISODE_TYPE_PUBLIC,Odyssey,KAKA Minishijie,83586.0,74470.0,WIN,exact,720,31743070,replays/ranks_21_40_macro_intent_v1/episode-99050984-replay.json,ranks_21_40_macro_intent_v1,N001,1764,0,0.0
3262,99051169,1,30,16753799,桂棹兮兰桨,55760200,2699.6,EpisodeType.EPISODE_TYPE_PUBLIC,桂棹兮兰桨,shiiin9,105165.0,94045.0,WIN,exact,720,31465343,replays/ranks_21_40_macro_intent_v1/episode-99051169-replay.json,ranks_21_40_macro_intent_v1,N001,1764,0,0.0
3263,99051225,0,34,16741542,Jiro314,55759101,2693.0,EpisodeType.EPISODE_TYPE_PUBLIC,Jiro314,johnny,53337.0,46811.0,WIN,exact,720,30940109,replays/ranks_21_40_macro_intent_v1/episode-99051225-replay.json,ranks_21_40_macro_intent_v1,N001,1764,0,0.10913640260696411
3264,99051246,0,40,16671767,Kaileh57,55758863,2681.3,EpisodeType.EPISODE_TYPE_PUBLIC,Kaileh57,johnny,40219.0,36248.0,WIN,exact,720,31471866,replays/ranks_21_40_macro_intent_v1/episode-99051246-replay.json,ranks_21_40_macro_intent_v1,N001,1764,0,0.0
3265,99051264,0,28,16689430,Terry Luo,55757614,2711.2,EpisodeType.EPISODE_TYPE_PUBLIC,Terry Luo,GUAM,53128.0,55813.0,LOSS,exact,720,30872070,replays/ranks_21_40_macro_intent_v1/episode-99051264-replay.json,ranks_21_40_macro_intent_v1,N001,1764,0,0.0
3266,99053258,1,21,16698999,Odyssey,55762971,2723.4,EpisodeType.EPISODE_TYPE_PUBLIC,Odyssey,Shivangoudaa,112449.0,101710.0,WIN,exact,720,31776047,replays/ranks_21_40_macro_intent_v1/episode-99053258-replay.json,ranks_21_40_macro_intent_v1,N001,1764,0,0.0
3267,99053457,1,30,16753799,桂棹兮兰桨,55760200,2699.6,EpisodeType.EPISODE_TYPE_PUBLIC,桂棹兮兰桨,saikyo,105701.0,94776.0,WIN,exact,720,31692395,replays/ranks_21_40_macro_intent_v1/episode-99053457-replay.json,ranks_21_40_macro_intent_v1,N001,1764,0,0.0
3268,99053510,1,26,16732714,Mforg,55751131,2719.8,EpisodeType.EPISODE_TYPE_PUBLIC,Mforg,Jiro314,61403.0,65214.0,LOSS,exact,720,31779404,replays/ranks_21_40_macro_intent_v1/episode-99053510-replay.json,ranks_21_40_macro_intent_v1,N001,1764,0,0.0
3269,99053510,0,34,16741542,Jiro314,55759101,2693.0,EpisodeType.EPISODE_TYPE_PUBLIC,Jiro314,Mforg,65214.0,61403.0,WIN,exact,720,31779404,replays/ranks_21_40_macro_intent_v1/episode-99053510-replay.json,ranks_21_40_macro_intent_v1,N001,1764,0,0.08067917823791504
3270,99053527,1,31,16635314,Aurora wy,55742603,2699.1,EpisodeType.EPISODE_TYPE_PUBLIC,Aurora wy,Kaileh57,105624.0,107002.0,LOSS,exact,720,32671981,replays/ranks_21_40_macro_intent_v1/episode-99053527-replay.json,ranks_21_40_macro_intent_v1,N001,1764,0,0.0
3271,99053527,0,40,16671767,Kaileh57,55758863,2681.3,EpisodeType.EPISODE_TYPE_PUBLIC,Kaileh57,Aurora wy,107002.0,105624.0,WIN,exact,720,32671981,replays/ranks_21_40_macro_intent_v1/episode-99053527-replay.json,ranks_21_40_macro_intent_v1,N001,1764,0,0.0
3272,99053552,0,28,16689430,Terry Luo,55757614,2711.2,EpisodeType.EPISODE_TYPE_PUBLIC,Terry Luo,Tagir Analyzes,56915.0,56432.0,WIN,exact,720,30844313,replays/ranks_21_40_macro_intent_v1/episode-99053552-replay.json,ranks_21_40_macro_intent_v1,N001,1764,0,0.020570458844304085
3273,99055540,1,21,16698999,Odyssey,55762971,2723.4,EpisodeType.EPISODE_TYPE_PUBLIC,Odyssey,Quân Trần,104107.0,91337.0,WIN,exact,720,31807363,replays/ranks_21_40_macro_intent_v1/episode-99055540-replay.json,ranks_21_40_macro_intent_v1,N001,1764,0,0.0
3274,99055742,1,30,16753799,桂棹兮兰桨,55760200,2699.6,EpisodeType.EPISODE_TYPE_PUBLIC,桂棹兮兰桨,theredbluepill,113073.0,107036.0,WIN,exact,720,30556683,replays/ranks_21_40_macro_intent_v1/episode-99055742-replay.json,ranks_21_40_macro_intent_v1,N002,260,0,0.0
3275,99055802,0,28,16689430,Terry Luo,55757614,2711.2,EpisodeType.EPISODE_TYPE_PUBLIC,Terry Luo,Jiro314,53931.0,59900.0,LOSS,exact,720,31139169,replays/ranks_21_40_macro_intent_v1/episode-99055802-replay.json,ranks_21_40_macro_intent_v1,N001,1764,0,0.0
3276,99055802,1,34,16741542,Jiro314,55759101,2693.0,EpisodeType.EPISODE_TYPE_PUBLIC,Jiro314,Terry Luo,59900.0,53931.0,WIN,exact,720,31139169,replays/ranks_21_40_macro_intent_v1/episode-99055802-replay.json,ranks_21_40_macro_intent_v1,N001,1764,0,0.10913640260696411
3277,99055822,0,39,16712714,MiMi,55741684,2682.8,EpisodeType.EPISODE_TYPE_PUBLIC,MiMi,Kaileh57,116775.0,115389.0,WIN,exact,720,31237278,replays/ranks_21_40_macro_intent_v1/episode-99055822-replay.json,ranks_21_40_macro_intent_v1,N079,2,0,0.11410267651081085
3278,99055822,1,40,16671767,Kaileh57,55758863,2681.3,EpisodeType.EPISODE_TYPE_PUBLIC,Kaileh57,MiMi,115389.0,116775.0,LOSS,exact,720,31237278,replays/ranks_21_40_macro_intent_v1/episode-99055822-replay.json,ranks_21_40_macro_intent_v1,N003,247,0,0.0
3279,99055857,0,28,16689430,Terry Luo,55757614,2711.2,EpisodeType.EPISODE_TYPE_PUBLIC,Terry Luo,OxFFFs,57987.0,57987.0,TIE,exact,720,31087897,replays/ranks_21_40_macro_intent_v1/episode-99055857-replay.json,ranks_21_40_macro_intent_v1,N001,1764,0,0.020570458844304085
3280,99057821,1,21,16698999,Odyssey,55762971,2723.4,EpisodeType.EPISODE_TYPE_PUBLIC,Odyssey,Alan Smith,81713.0,78090.0,WIN,exact,720,30703608,replays/ranks_21_40_macro_intent_v1/episode-99057821-replay.json,ranks_21_40_macro_intent_v1,N001,1764,0,0.020570458844304085
3281,99058025,1,30,16753799,桂棹兮兰桨,55760200,2699.6,EpisodeType.EPISODE_TYPE_PUBLIC,桂棹兮兰桨,Bharath Varma,117094.0,98295.0,WIN,exact,720,30921218,replays/ranks_21_40_macro_intent_v1/episode-99058025-replay.json,ranks_21_40_macro_intent_v1,N001,1764,0,0.0
3282,99058074,0,34,16741542,Jiro314,55759101,2693.0,EpisodeType.EPISODE_TYPE_PUBLIC,Jiro314,Tom3,76953.0,75451.0,WIN,exact,720,30716872,replays/ranks_21_40_macro_intent_v1/episode-99058074-replay.json,ranks_21_40_macro_intent_v1,N001,1764,0,0.10913640260696411
3283,99058074,1,36,16699741,Tom3,55743933,2684.9,EpisodeType.EPISODE_TYPE_PUBLIC,Tom3,Jiro314,75451.0,76953.0,LOSS,exact,720,30716872,replays/ranks_21_40_macro_intent_v1/episode-99058074-replay.json,ranks_21_40_macro_intent_v1,N001,1764,0,0.020570458844304085
3284,99058100,0,28,16689430,Terry Luo,55757614,2711.2,EpisodeType.EPISODE_TYPE_PUBLIC,Terry Luo,Kaileh57,88378.0,88378.0,TIE,exact,720,30939228,replays/ranks_21_40_macro_intent_v1/episode-99058100-replay.json,ranks_21_40_macro_intent_v1,N001,1764,0,0.020570458844304085
3285,99058100,1,40,16671767,Kaileh57,55758863,2681.3,EpisodeType.EPISODE_TYPE_PUBLIC,Kaileh57,Terry Luo,88378.0,88378.0,TIE,exact,720,30939228,replays/ranks_21_40_macro_intent_v1/episode-99058100-replay.json,ranks_21_40_macro_intent_v1,N001,1764,0,0.020570458844304085
3286,99060107,0,21,16698999,Odyssey,55762971,2723.4,EpisodeType.EPISODE_TYPE_PUBLIC,Odyssey,Saurabh Yadav,90160.0,89691.0,WIN,exact,720,30858985,replays/ranks_21_40_macro_intent_v1/episode-99060107-replay.json,ranks_21_40_macro_intent_v1,N001,1764,0,0.020570458844304085
3287,99060322,1,30,16753799,桂棹兮兰桨,55760200,2699.6,EpisodeType.EPISODE_TYPE_PUBLIC,桂棹兮兰桨,ReCurSiON,62669.0,46302.0,WIN,exact,720,31494360,replays/ranks_21_40_macro_intent_v1/episode-99060322-replay.json,ranks_21_40_macro_intent_v1,N001,1764,0,0.0
3288,99060374,1,25,16624276,Zejun_,55749262,2728.5,EpisodeType.EPISODE_TYPE_PUBLIC,Zejun_,Jiro314,132619.0,137819.0,LOSS,exact,720,30856947,replays/ranks_21_40_macro_intent_v1/episode-99060374-replay.json,ranks_21_40_macro_intent_v1,N003,247,0,0.0
3289,99060374,0,34,16741542,Jiro314,55759101,2693.0,EpisodeType.EPISODE_TYPE_PUBLIC,Jiro314,Zejun_,137819.0,132619.0,WIN,exact,720,30856947,replays/ranks_21_40_macro_intent_v1/episode-99060374-replay.json,ranks_21_40_macro_intent_v1,N003,247,0,0.04481665790081024
3290,99060388,0,40,16671767,Kaileh57,55758863,2681.3,EpisodeType.EPISODE_TYPE_PUBLIC,Kaileh57,TommyCyd,76743.0,76743.0,TIE,exact,720,30942950,replays/ranks_21_40_macro_intent_v1/episode-99060388-replay.json,ranks_21_40_macro_intent_v1,N003,247,0,0.0
3291,99062389,0,21,16698999,Odyssey,55762971,2723.4,EpisodeType.EPISODE_TYPE_PUBLIC,Odyssey,islet,131137.0,118406.0,WIN,exact,720,31666016,replays/ranks_21_40_macro_intent_v1/episode-99062389-replay.json,ranks_21_40_macro_intent_v1,N001,1764,0,0.0
3292,99062618,1,30,16753799,桂棹兮兰桨,55760200,2699.6,EpisodeType.EPISODE_TYPE_PUBLIC,桂棹兮兰桨,Igor V,132404.0,131594.0,WIN,exact,720,32680495,replays/ranks_21_40_macro_intent_v1/episode-99062618-replay.json,ranks_21_40_macro_intent_v1,N001,1764,0,0.0
3293,99062672,0,34,16741542,Jiro314,55759101,2693.0,EpisodeType.EPISODE_TYPE_PUBLIC,Jiro314,GUAM,60952.0,57828.0,WIN,exact,720,31035540,replays/ranks_21_40_macro_intent_v1/episode-99062672-replay.json,ranks_21_40_macro_intent_v1,N001,1764,0,0.10913640260696411
3294,99062693,0,40,16671767,Kaileh57,55758863,2681.3,EpisodeType.EPISODE_TYPE_PUBLIC,Kaileh57,Tagir Analyzes,88830.0,87455.0,WIN,exact,720,31024732,replays/ranks_21_40_macro_intent_v1/episode-99062693-replay.json,ranks_21_40_macro_intent_v1,N001,1764,0,0.020570458844304085
3295,99062739,1,26,16732714,Mforg,55751131,2719.8,EpisodeType.EPISODE_TYPE_PUBLIC,Mforg,Lenin Goud,80869.0,80744.0,WIN,exact,720,30302858,replays/ranks_21_40_macro_intent_v1/episode-99062739-replay.json,ranks_21_40_macro_intent_v1,N002,260,0,0.0
3296,99062779,0,32,16685450,Nadeem,55757473,2695.7,EpisodeType.EPISODE_TYPE_PUBLIC,Nadeem,yuxuan,85334.0,85334.0,TIE,exact,720,30937711,replays/ranks_21_40_macro_intent_v1/episode-99062779-replay.json,ranks_21_40_macro_intent_v1,N001,1764,0,0.020570458844304085
3297,99062779,1,33,16674312,yuxuan,55757156,2694.7,EpisodeType.EPISODE_TYPE_PUBLIC,yuxuan,Nadeem,85334.0,85334.0,TIE,exact,720,30937711,replays/ranks_21_40_macro_intent_v1/episode-99062779-replay.json,ranks_21_40_macro_intent_v1,N001,1764,0,0.020570458844304085
3298,99064669,1,21,16698999,Odyssey,55762971,2723.4,EpisodeType.EPISODE_TYPE_PUBLIC,Odyssey,hank0123,118770.0,107447.0,WIN,exact,720,31515498,replays/ranks_21_40_macro_intent_v1/episode-99064669-replay.json,ranks_21_40_macro_intent_v1,N003,247,0,0.0
3299,99064892,0,30,16753799,桂棹兮兰桨,55760200,2699.6,EpisodeType.EPISODE_TYPE_PUBLIC,桂棹兮兰桨,Efe Can Celiksoy,101808.0,95255.0,WIN,exact,720,31842972,replays/ranks_21_40_macro_intent_v1/episode-99064892-replay.json,ranks_21_40_macro_intent_v1,N001,1764,0,0.0
3300,99064956,0,34,16741542,Jiro314,55759101,2693.0,EpisodeType.EPISODE_TYPE_PUBLIC,Jiro314,Tom3,71356.0,71994.0,LOSS,exact,720,30918840,replays/ranks_21_40_macro_intent_v1/episode-99064956-replay.json,ranks_21_40_macro_intent_v1,N001,1764,0,0.10913640260696411
3301,99064956,1,36,16699741,Tom3,55743933,2684.9,EpisodeType.EPISODE_TYPE_PUBLIC,Tom3,Jiro314,71994.0,71356.0,WIN,exact,720,30918840,replays/ranks_21_40_macro_intent_v1/episode-99064956-replay.json,ranks_21_40_macro_intent_v1,N001,1764,0,0.0006307330331765115
3302,99064968,0,35,16670276,Egor Trushin,55724054,2692.1,EpisodeType.EPISODE_TYPE_PUBLIC,Egor Trushin,Kaileh57,95878.0,100206.0,LOSS,exact,720,30273709,replays/ranks_21_40_macro_intent_v1/episode-99064968-replay.json,ranks_21_40_macro_intent_v1,N002,260,0,0.0
3303,99064968,1,40,16671767,Kaileh57,55758863,2681.3,EpisodeType.EPISODE_TYPE_PUBLIC,Kaileh57,Egor Trushin,100206.0,95878.0,WIN,exact,720,30273709,replays/ranks_21_40_macro_intent_v1/episode-99064968-replay.json,ranks_21_40_macro_intent_v1,N002,260,0,0.0
3304,99065023,0,23,16684954,Suneeth reddy,55747103,2730.9,EpisodeType.EPISODE_TYPE_PUBLIC,Suneeth reddy,Zejun_,97426.0,97649.0,LOSS,exact,720,31088563,replays/ranks_21_40_macro_intent_v1/episode-99065023-replay.json,ranks_21_40_macro_intent_v1,N001,1764,0,0.020570458844304085
3305,99065023,1,25,16624276,Zejun_,55749262,2728.5,EpisodeType.EPISODE_TYPE_PUBLIC,Zejun_,Suneeth reddy,97649.0,97426.0,WIN,exact,720,31088563,replays/ranks_21_40_macro_intent_v1/episode-99065023-replay.json,ranks_21_40_macro_intent_v1,N001,1764,0,0.020570458844304085
3306,99066954,0,21,16698999,Odyssey,55762971,2723.4,EpisodeType.EPISODE_TYPE_PUBLIC,Odyssey,Hax2456,101696.0,93126.0,WIN,exact,720,31742610,replays/ranks_21_40_macro_intent_v1/episode-99066954-replay.json,ranks_21_40_macro_intent_v1,N001,1764,0,0.0
3307,99067183,0,30,16753799,桂棹兮兰桨,55760200,2699.6,EpisodeType.EPISODE_TYPE_PUBLIC,桂棹兮兰桨,Ivan Aleksandrov,67851.0,65310.0,WIN,exact,720,31083038,replays/ranks_21_40_macro_intent_v1/episode-99067183-replay.json,ranks_21_40_macro_intent_v1,N001,1764,0,0.020570458844304085
3308,99067240,0,31,16635314,Aurora wy,55742603,2699.1,EpisodeType.EPISODE_TYPE_PUBLIC,Aurora wy,Jiro314,118621.0,114539.0,WIN,exact,720,30622432,replays/ranks_21_40_macro_intent_v1/episode-99067240-replay.json,ranks_21_40_macro_intent_v1,N002,260,0,0.0
3309,99067240,1,34,16741542,Jiro314,55759101,2693.0,EpisodeType.EPISODE_TYPE_PUBLIC,Jiro314,Aurora wy,114539.0,118621.0,LOSS,exact,720,30622432,replays/ranks_21_40_macro_intent_v1/episode-99067240-replay.json,ranks_21_40_macro_intent_v1,N003,247,0,0.0
3310,99067256,0,40,16671767,Kaileh57,55758863,2681.3,EpisodeType.EPISODE_TYPE_PUBLIC,Kaileh57,UtaAzu,141982.0,140452.0,WIN,exact,720,31606790,replays/ranks_21_40_macro_intent_v1/episode-99067256-replay.json,ranks_21_40_macro_intent_v1,N001,1764,0,0.0
3311,99067316,1,38,16633226,test_money,55726920,2683.9,EpisodeType.EPISODE_TYPE_PUBLIC,test_money,カワシギ,114013.0,106477.0,WIN,exact,720,31620031,replays/ranks_21_40_macro_intent_v1/episode-99067316-replay.json,ranks_21_40_macro_intent_v1,N003,247,0,0.0
3312,99069237,1,21,16698999,Odyssey,55762971,2723.4,EpisodeType.EPISODE_TYPE_PUBLIC,Odyssey,Anaconda,80808.0,74585.0,WIN,exact,720,31734533,replays/ranks_21_40_macro_intent_v1/episode-99069237-replay.json,ranks_21_40_macro_intent_v1,N001,1764,0,0.0
3313,99069471,1,30,16753799,桂棹兮兰桨,55760200,2699.6,EpisodeType.EPISODE_TYPE_PUBLIC,桂棹兮兰桨,Kaileh57,47889.0,47419.0,WIN,exact,720,30916241,replays/ranks_21_40_macro_intent_v1/episode-99069471-replay.json,ranks_21_40_macro_intent_v1,N001,1764,0,0.020570458844304085
3314,99069471,0,40,16671767,Kaileh57,55758863,2681.3,EpisodeType.EPISODE_TYPE_PUBLIC,Kaileh57,桂棹兮兰桨,47419.0,47889.0,LOSS,exact,720,30916241,replays/ranks_21_40_macro_intent_v1/episode-99069471-replay.json,ranks_21_40_macro_intent_v1,N001,1764,0,0.020570458844304085
3315,99069527,1,34,16741542,Jiro314,55759101,2693.0,EpisodeType.EPISODE_TYPE_PUBLIC,Jiro314,Lenin Goud,95882.0,98264.0,LOSS,exact,720,31048724,replays/ranks_21_40_macro_intent_v1/episode-99069527-replay.json,ranks_21_40_macro_intent_v1,N001,1764,0,0.10913640260696411
3316,99069554,1,40,16671767,Kaileh57,55758863,2681.3,EpisodeType.EPISODE_TYPE_PUBLIC,Kaileh57,theredbluepill,71039.0,69388.0,WIN,exact,720,31919123,replays/ranks_21_40_macro_intent_v1/episode-99069554-replay.json,ranks_21_40_macro_intent_v1,N001,1764,0,0.0
3317,99071514,0,21,16698999,Odyssey,55762971,2723.4,EpisodeType.EPISODE_TYPE_PUBLIC,Odyssey,AkiraOnojp,56517.0,51642.0,WIN,exact,720,31297627,replays/ranks_21_40_macro_intent_v1/episode-99071514-replay.json,ranks_21_40_macro_intent_v1,N001,1764,0,0.0
3318,99071760,1,30,16753799,桂棹兮兰桨,55760200,2699.6,EpisodeType.EPISODE_TYPE_PUBLIC,桂棹兮兰桨,Egor Trushin,74550.0,74213.0,WIN,exact,720,30923800,replays/ranks_21_40_macro_intent_v1/episode-99071760-replay.json,ranks_21_40_macro_intent_v1,N001,1764,0,0.020570458844304085
3319,99071760,0,35,16670276,Egor Trushin,55724054,2692.1,EpisodeType.EPISODE_TYPE_PUBLIC,Egor Trushin,桂棹兮兰桨,74213.0,74550.0,LOSS,exact,720,30923800,replays/ranks_21_40_macro_intent_v1/episode-99071760-replay.json,ranks_21_40_macro_intent_v1,N001,1764,0,0.020570458844304085
3320,99071813,1,34,16741542,Jiro314,55759101,2693.0,EpisodeType.EPISODE_TYPE_PUBLIC,Jiro314,Aurora,103754.0,113346.0,LOSS,exact,720,31679563,replays/ranks_21_40_macro_intent_v1/episode-99071813-replay.json,ranks_21_40_macro_intent_v1,N001,1764,0,0.10913640260696411
3321,99073821,0,21,16698999,Odyssey,55762971,2723.4,EpisodeType.EPISODE_TYPE_PUBLIC,Odyssey,Audric LOKO,55677.0,44568.0,WIN,exact,720,31678461,replays/ranks_21_40_macro_intent_v1/episode-99073821-replay.json,ranks_21_40_macro_intent_v1,N001,1764,0,0.0
3322,99074040,0,29,16639507,Homii_N,55753519,2701.6,EpisodeType.EPISODE_TYPE_PUBLIC,Homii_N,桂棹兮兰桨,85969.0,87396.0,LOSS,exact,720,30938383,replays/ranks_21_40_macro_intent_v1/episode-99074040-replay.json,ranks_21_40_macro_intent_v1,N001,1764,0,0.020570458844304085
3323,99074040,1,30,16753799,桂棹兮兰桨,55760200,2699.6,EpisodeType.EPISODE_TYPE_PUBLIC,桂棹兮兰桨,Homii_N,87396.0,85969.0,WIN,exact,720,30938383,replays/ranks_21_40_macro_intent_v1/episode-99074040-replay.json,ranks_21_40_macro_intent_v1,N001,1764,0,0.020570458844304085
3324,99074100,0,34,16741542,Jiro314,55759101,2693.0,EpisodeType.EPISODE_TYPE_PUBLIC,Jiro314,Egor Trushin,92091.0,93862.0,LOSS,exact,720,29905051,replays/ranks_21_40_macro_intent_v1/episode-99074100-replay.json,ranks_21_40_macro_intent_v1,N387,1,1,0.0
3325,99074100,1,35,16670276,Egor Trushin,55724054,2692.1,EpisodeType.EPISODE_TYPE_PUBLIC,Egor Trushin,Jiro314,93862.0,92091.0,WIN,exact,720,29905051,replays/ranks_21_40_macro_intent_v1/episode-99074100-replay.json,ranks_21_40_macro_intent_v1,N003,247,0,0.0
3326,99076120,0,21,16698999,Odyssey,55762971,2723.4,EpisodeType.EPISODE_TYPE_PUBLIC,Odyssey,MMM Abbie,70201.0,47564.0,WIN,exact,720,31685738,replays/ranks_21_40_macro_intent_v1/episode-99076120-replay.json,ranks_21_40_macro_intent_v1,N001,1764,0,0.006399999838322401
3327,99076315,0,30,16753799,桂棹兮兰桨,55760200,2699.6,EpisodeType.EPISODE_TYPE_PUBLIC,桂棹兮兰桨,Michael Timbs,136536.0,124960.0,WIN,exact,720,31773423,replays/ranks_21_40_macro_intent_v1/episode-99076315-replay.json,ranks_21_40_macro_intent_v1,N001,1764,0,0.0
3328,99076391,0,22,16745006,UjjwalPardeshi,55754433,2734.7,EpisodeType.EPISODE_TYPE_PUBLIC,UjjwalPardeshi,Jiro314,104728.0,101232.0,WIN,exact,720,31342795,replays/ranks_21_40_macro_intent_v1/episode-99076391-replay.json,ranks_21_40_macro_intent_v1,N001,1764,0,0.020570458844304085
3329,99076391,1,34,16741542,Jiro314,55759101,2693.0,EpisodeType.EPISODE_TYPE_PUBLIC,Jiro314,UjjwalPardeshi,101232.0,104728.0,LOSS,exact,720,31342795,replays/ranks_21_40_macro_intent_v1/episode-99076391-replay.json,ranks_21_40_macro_intent_v1,N001,1764,0,0.08067917823791504
3330,99076393,1,27,16630675,Lucien de Rubempre,55749795,2712.1,EpisodeType.EPISODE_TYPE_PUBLIC,Lucien de Rubempre,Arda Ceylan,87251.0,96724.0,LOSS,exact,720,31385784,replays/ranks_21_40_macro_intent_v1/episode-99076393-replay.json,ranks_21_40_macro_intent_v1,N001,1764,0,0.0
3331,99078405,1,21,16698999,Odyssey,55762971,2723.4,EpisodeType.EPISODE_TYPE_PUBLIC,Odyssey,Boredom,46391.0,41634.0,WIN,exact,720,31457107,replays/ranks_21_40_macro_intent_v1/episode-99078405-replay.json,ranks_21_40_macro_intent_v1,N001,1764,0,0.0
3332,99078606,0,30,16753799,桂棹兮兰桨,55760200,2699.6,EpisodeType.EPISODE_TYPE_PUBLIC,桂棹兮兰桨,Raul Tinajero,125888.0,123722.0,WIN,exact,720,30319679,replays/ranks_21_40_macro_intent_v1/episode-99078606-replay.json,ranks_21_40_macro_intent_v1,N002,260,0,0.0
3333,99078722,0,28,16689430,Terry Luo,55757614,2711.2,EpisodeType.EPISODE_TYPE_PUBLIC,Terry Luo,G!vIOne,47140.0,50457.0,LOSS,exact,720,30835065,replays/ranks_21_40_macro_intent_v1/episode-99078722-replay.json,ranks_21_40_macro_intent_v1,N001,1764,0,0.0
3334,99080705,0,21,16698999,Odyssey,55762971,2723.4,EpisodeType.EPISODE_TYPE_PUBLIC,Odyssey,Pascal,108851.0,107834.0,WIN,exact,720,30861763,replays/ranks_21_40_macro_intent_v1/episode-99080705-replay.json,ranks_21_40_macro_intent_v1,N001,1764,0,0.020570458844304085
3335,99080888,1,30,16753799,桂棹兮兰桨,55760200,2699.6,EpisodeType.EPISODE_TYPE_PUBLIC,桂棹兮兰桨,TommyCyd,96455.0,95881.0,WIN,exact,720,30308437,replays/ranks_21_40_macro_intent_v1/episode-99080888-replay.json,ranks_21_40_macro_intent_v1,N002,260,0,0.0
3336,99081018,0,37,16742369,Ömer Faruk Yüce,55723563,2688.4,EpisodeType.EPISODE_TYPE_PUBLIC,Ömer Faruk Yüce,Danzzzl,137027.0,137027.0,TIE,exact,720,30931364,replays/ranks_21_40_macro_intent_v1/episode-99081018-replay.json,ranks_21_40_macro_intent_v1,N001,1764,0,0.020570458844304085
3337,99081027,0,34,16741542,Jiro314,55759101,2693.0,EpisodeType.EPISODE_TYPE_PUBLIC,Jiro314,tingyu516,75524.0,79788.0,LOSS,exact,720,31239404,replays/ranks_21_40_macro_intent_v1/episode-99081027-replay.json,ranks_21_40_macro_intent_v1,N001,1764,0,0.10913640260696411
3338,99082989,0,21,16698999,Odyssey,55762971,2723.4,EpisodeType.EPISODE_TYPE_PUBLIC,Odyssey,A. R. SEKKAT,80018.0,67770.0,WIN,exact,720,31680290,replays/ranks_21_40_macro_intent_v1/episode-99082989-replay.json,ranks_21_40_macro_intent_v1,N001,1764,0,0.0
3339,99083166,1,27,16630675,Lucien de Rubempre,55749795,2712.1,EpisodeType.EPISODE_TYPE_PUBLIC,Lucien de Rubempre,桂棹兮兰桨,126506.0,125495.0,WIN,exact,720,31102351,replays/ranks_21_40_macro_intent_v1/episode-99083166-replay.json,ranks_21_40_macro_intent_v1,N001,1764,0,0.020570458844304085
3340,99083166,0,30,16753799,桂棹兮兰桨,55760200,2699.6,EpisodeType.EPISODE_TYPE_PUBLIC,桂棹兮兰桨,Lucien de Rubempre,125495.0,126506.0,LOSS,exact,720,31102351,replays/ranks_21_40_macro_intent_v1/episode-99083166-replay.json,ranks_21_40_macro_intent_v1,N001,1764,0,0.020570458844304085
3341,99083247,0,26,16732714,Mforg,55751131,2719.8,EpisodeType.EPISODE_TYPE_PUBLIC,Mforg,WeAreFarmers,50504.0,47319.0,WIN,exact,720,30923222,replays/ranks_21_40_macro_intent_v1/episode-99083247-replay.json,ranks_21_40_macro_intent_v1,N001,1764,0,0.020570458844304085
3342,99085265,1,21,16698999,Odyssey,55762971,2723.4,EpisodeType.EPISODE_TYPE_PUBLIC,Odyssey,Toru59er,38572.0,35477.0,WIN,exact,720,30886258,replays/ranks_21_40_macro_intent_v1/episode-99085265-replay.json,ranks_21_40_macro_intent_v1,N001,1764,0,0.020570458844304085
3343,99085444,1,30,16753799,桂棹兮兰桨,55760200,2699.6,EpisodeType.EPISODE_TYPE_PUBLIC,桂棹兮兰桨,Arda Ceylan,78125.0,75850.0,WIN,exact,720,32669848,replays/ranks_21_40_macro_intent_v1/episode-99085444-replay.json,ranks_21_40_macro_intent_v1,N001,1764,0,0.0
3344,99085542,1,22,16745006,UjjwalPardeshi,55754433,2734.7,EpisodeType.EPISODE_TYPE_PUBLIC,UjjwalPardeshi,yuxuan,74981.0,74725.0,WIN,exact,720,30923415,replays/ranks_21_40_macro_intent_v1/episode-99085542-replay.json,ranks_21_40_macro_intent_v1,N001,1764,0,0.020570458844304085
3345,99085542,0,33,16674312,yuxuan,55757156,2694.7,EpisodeType.EPISODE_TYPE_PUBLIC,yuxuan,UjjwalPardeshi,74725.0,74981.0,LOSS,exact,720,30923415,replays/ranks_21_40_macro_intent_v1/episode-99085542-replay.json,ranks_21_40_macro_intent_v1,N001,1764,0,0.020570458844304085
3346,99087566,0,21,16698999,Odyssey,55762971,2723.4,EpisodeType.EPISODE_TYPE_PUBLIC,Odyssey,Kaan Dınız,85637.0,75401.0,WIN,exact,720,31663095,replays/ranks_21_40_macro_intent_v1/episode-99087566-replay.json,ranks_21_40_macro_intent_v1,N001,1764,0,0.0
3347,99087742,1,30,16753799,桂棹兮兰桨,55760200,2699.6,EpisodeType.EPISODE_TYPE_PUBLIC,桂棹兮兰桨,Tagir Analyzes,98091.0,96176.0,WIN,exact,720,32665153,replays/ranks_21_40_macro_intent_v1/episode-99087742-replay.json,ranks_21_40_macro_intent_v1,N001,1764,0,0.0
3348,99089869,0,21,16698999,Odyssey,55762971,2723.4,EpisodeType.EPISODE_TYPE_PUBLIC,Odyssey,fufufukakaka,49472.0,44775.0,WIN,exact,720,27769004,replays/ranks_21_40_macro_intent_v1/episode-99089869-replay.json,ranks_21_40_macro_intent_v1,N001,1764,0,0.0
3349,99090037,0,30,16753799,桂棹兮兰桨,55760200,2699.6,EpisodeType.EPISODE_TYPE_PUBLIC,桂棹兮兰桨,Emre Cirak,89354.0,81036.0,WIN,exact,720,30537921,replays/ranks_21_40_macro_intent_v1/episode-99090037-replay.json,ranks_21_40_macro_intent_v1,N001,1764,0,0.020570458844304085
3350,99090146,0,35,16670276,Egor Trushin,55724054,2692.1,EpisodeType.EPISODE_TYPE_PUBLIC,Egor Trushin,shivam saini,83956.0,84128.0,LOSS,exact,720,31026103,replays/ranks_21_40_macro_intent_v1/episode-99090146-replay.json,ranks_21_40_macro_intent_v1,N001,1764,0,0.0
3351,99092138,0,21,16698999,Odyssey,55762971,2723.4,EpisodeType.EPISODE_TYPE_PUBLIC,Odyssey,test_money,104999.0,103240.0,WIN,exact,720,30300655,replays/ranks_21_40_macro_intent_v1/episode-99092138-replay.json,ranks_21_40_macro_intent_v1,N002,260,0,0.0
3352,99092138,1,38,16633226,test_money,55726920,2683.9,EpisodeType.EPISODE_TYPE_PUBLIC,test_money,Odyssey,103240.0,104999.0,LOSS,exact,720,30300655,replays/ranks_21_40_macro_intent_v1/episode-99092138-replay.json,ranks_21_40_macro_intent_v1,N002,260,0,0.0
3353,99092318,1,30,16753799,桂棹兮兰桨,55760200,2699.6,EpisodeType.EPISODE_TYPE_PUBLIC,桂棹兮兰桨,tingyu516,125617.0,118435.0,WIN,exact,720,30854782,replays/ranks_21_40_macro_intent_v1/episode-99092318-replay.json,ranks_21_40_macro_intent_v1,N001,1764,0,0.020570458844304085
3354,99092402,1,40,16671767,Kaileh57,55758863,2681.3,EpisodeType.EPISODE_TYPE_PUBLIC,Kaileh57,tetsuya,103541.0,106022.0,LOSS,exact,720,30044782,replays/ranks_21_40_macro_intent_v1/episode-99092402-replay.json,ranks_21_40_macro_intent_v1,N002,260,0,0.0
3355,99092423,0,24,16685548,Erfan Eshratifar,55729097,2729.9,EpisodeType.EPISODE_TYPE_PUBLIC,Erfan Eshratifar,Nadeem,106814.0,106110.0,WIN,exact,720,31996050,replays/ranks_21_40_macro_intent_v1/episode-99092423-replay.json,ranks_21_40_macro_intent_v1,N004,130,0,0.021316811442375183
3356,99092423,1,32,16685450,Nadeem,55757473,2695.7,EpisodeType.EPISODE_TYPE_PUBLIC,Nadeem,Erfan Eshratifar,106110.0,106814.0,LOSS,exact,720,31996050,replays/ranks_21_40_macro_intent_v1/episode-99092423-replay.json,ranks_21_40_macro_intent_v1,N001,1764,0,0.0
3357,99092428,1,40,16671767,Kaileh57,55758863,2681.3,EpisodeType.EPISODE_TYPE_PUBLIC,Kaileh57,satoooh,58771.0,54269.0,WIN,exact,720,31560048,replays/ranks_21_40_macro_intent_v1/episode-99092428-replay.json,ranks_21_40_macro_intent_v1,N001,1764,0,0.0
3358,99094415,0,21,16698999,Odyssey,55762971,2723.4,EpisodeType.EPISODE_TYPE_PUBLIC,Odyssey,test_money,91899.0,83467.0,WIN,exact,720,30063362,replays/ranks_21_40_macro_intent_v1/episode-99094415-replay.json,ranks_21_40_macro_intent_v1,N001,1764,0,0.020570458844304085
3359,99094415,1,38,16633226,test_money,55726920,2683.9,EpisodeType.EPISODE_TYPE_PUBLIC,test_money,Odyssey,83467.0,91899.0,LOSS,exact,720,30063362,replays/ranks_21_40_macro_intent_v1/episode-99094415-replay.json,ranks_21_40_macro_intent_v1,N001,1764,0,0.020570458844304085
3360,99094600,0,24,16685548,Erfan Eshratifar,55729097,2729.9,EpisodeType.EPISODE_TYPE_PUBLIC,Erfan Eshratifar,桂棹兮兰桨,127636.0,109455.0,WIN,exact,720,30678625,replays/ranks_21_40_macro_intent_v1/episode-99094600-replay.json,ranks_21_40_macro_intent_v1,N004,130,0,0.021316811442375183
3361,99094600,1,30,16753799,桂棹兮兰桨,55760200,2699.6,EpisodeType.EPISODE_TYPE_PUBLIC,桂棹兮兰桨,Erfan Eshratifar,109455.0,127636.0,LOSS,exact,720,30678625,replays/ranks_21_40_macro_intent_v1/episode-99094600-replay.json,ranks_21_40_macro_intent_v1,N001,1764,0,0.0395037941634655
3362,99096704,1,21,16698999,Odyssey,55762971,2723.4,EpisodeType.EPISODE_TYPE_PUBLIC,Odyssey,UjjwalPardeshi,129170.0,128610.0,WIN,exact,720,31464623,replays/ranks_21_40_macro_intent_v1/episode-99096704-replay.json,ranks_21_40_macro_intent_v1,N001,1764,0,0.0
3363,99096704,0,22,16745006,UjjwalPardeshi,55754433,2734.7,EpisodeType.EPISODE_TYPE_PUBLIC,UjjwalPardeshi,Odyssey,128610.0,129170.0,LOSS,exact,720,31464623,replays/ranks_21_40_macro_intent_v1/episode-99096704-replay.json,ranks_21_40_macro_intent_v1,N001,1764,0,0.0
3364,99096884,0,30,16753799,桂棹兮兰桨,55760200,2699.6,EpisodeType.EPISODE_TYPE_PUBLIC,桂棹兮兰桨,ReCurSiON,93222.0,87039.0,WIN,exact,720,31601837,replays/ranks_21_40_macro_intent_v1/episode-99096884-replay.json,ranks_21_40_macro_intent_v1,N001,1764,0,0.0
3365,99098992,0,21,16698999,Odyssey,55762971,2723.4,EpisodeType.EPISODE_TYPE_PUBLIC,Odyssey,tetsuya,97676.0,76630.0,WIN,exact,720,31370044,replays/ranks_21_40_macro_intent_v1/episode-99098992-replay.json,ranks_21_40_macro_intent_v1,N001,1764,0,0.0
3366,99099161,1,30,16753799,桂棹兮兰桨,55760200,2699.6,EpisodeType.EPISODE_TYPE_PUBLIC,桂棹兮兰桨,Aurora wy,70212.0,69368.0,WIN,exact,720,32634238,replays/ranks_21_40_macro_intent_v1/episode-99099161-replay.json,ranks_21_40_macro_intent_v1,N001,1764,0,0.0006307330331765115
3367,99099161,0,31,16635314,Aurora wy,55742603,2699.1,EpisodeType.EPISODE_TYPE_PUBLIC,Aurora wy,桂棹兮兰桨,69368.0,70212.0,LOSS,exact,720,32634238,replays/ranks_21_40_macro_intent_v1/episode-99099161-replay.json,ranks_21_40_macro_intent_v1,N001,1764,0,0.0
3368,99101290,0,21,16698999,Odyssey,55762971,2723.4,EpisodeType.EPISODE_TYPE_PUBLIC,Odyssey,GUAM,71490.0,71490.0,TIE,exact,720,31613047,replays/ranks_21_40_macro_intent_v1/episode-99101290-replay.json,ranks_21_40_macro_intent_v1,N001,1764,0,0.0
3369,99101459,1,26,16732714,Mforg,55751131,2719.8,EpisodeType.EPISODE_TYPE_PUBLIC,Mforg,桂棹兮兰桨,42433.0,41135.0,WIN,exact,720,31481143,replays/ranks_21_40_macro_intent_v1/episode-99101459-replay.json,ranks_21_40_macro_intent_v1,N001,1764,0,0.0
3370,99101459,0,30,16753799,桂棹兮兰桨,55760200,2699.6,EpisodeType.EPISODE_TYPE_PUBLIC,桂棹兮兰桨,Mforg,41135.0,42433.0,LOSS,exact,720,31481143,replays/ranks_21_40_macro_intent_v1/episode-99101459-replay.json,ranks_21_40_macro_intent_v1,N001,1764,0,0.020570458844304085
3371,99101547,1,34,16741542,Jiro314,55759101,2693.0,EpisodeType.EPISODE_TYPE_PUBLIC,Jiro314,Victor @ Tufa Labs,66456.0,57874.0,WIN,exact,720,31545061,replays/ranks_21_40_macro_intent_v1/episode-99101547-replay.json,ranks_21_40_macro_intent_v1,N001,1764,0,0.0
3372,99103604,0,21,16698999,Odyssey,55762971,2723.4,EpisodeType.EPISODE_TYPE_PUBLIC,Odyssey,Egor Trushin,118849.0,115568.0,WIN,exact,720,30271461,replays/ranks_21_40_macro_intent_v1/episode-99103604-replay.json,ranks_21_40_macro_intent_v1,N002,260,0,0.0
3373,99103604,1,35,16670276,Egor Trushin,55724054,2692.1,EpisodeType.EPISODE_TYPE_PUBLIC,Egor Trushin,Odyssey,115568.0,118849.0,LOSS,exact,720,30271461,replays/ranks_21_40_macro_intent_v1/episode-99103604-replay.json,ranks_21_40_macro_intent_v1,N002,260,0,0.0
3374,99103746,1,30,16753799,桂棹兮兰桨,55760200,2699.6,EpisodeType.EPISODE_TYPE_PUBLIC,桂棹兮兰桨,yuxuan,82249.0,82421.0,LOSS,exact,720,29062235,replays/ranks_21_40_macro_intent_v1/episode-99103746-replay.json,ranks_21_40_macro_intent_v1,N003,247,0,0.026244107633829117
3375,99103746,0,33,16674312,yuxuan,55757156,2694.7,EpisodeType.EPISODE_TYPE_PUBLIC,yuxuan,桂棹兮兰桨,82421.0,82249.0,WIN,exact,720,29062235,replays/ranks_21_40_macro_intent_v1/episode-99103746-replay.json,ranks_21_40_macro_intent_v1,N003,247,0,0.026244107633829117
3376,99103820,1,28,16689430,Terry Luo,55757614,2711.2,EpisodeType.EPISODE_TYPE_PUBLIC,Terry Luo,Egor Trushin,128281.0,122718.0,WIN,exact,720,30907395,replays/ranks_21_40_macro_intent_v1/episode-99103820-replay.json,ranks_21_40_macro_intent_v1,N001,1764,0,0.020570458844304085
3377,99103820,0,35,16670276,Egor Trushin,55724054,2692.1,EpisodeType.EPISODE_TYPE_PUBLIC,Egor Trushin,Terry Luo,122718.0,128281.0,LOSS,exact,720,30907395,replays/ranks_21_40_macro_intent_v1/episode-99103820-replay.json,ranks_21_40_macro_intent_v1,N001,1764,0,0.020570458844304085
3378,99105857,1,21,16698999,Odyssey,55762971,2723.4,EpisodeType.EPISODE_TYPE_PUBLIC,Odyssey,test_money,98582.0,93855.0,WIN,exact,720,30949350,replays/ranks_21_40_macro_intent_v1/episode-99105857-replay.json,ranks_21_40_macro_intent_v1,N003,247,0,0.0
3379,99105857,0,38,16633226,test_money,55726920,2683.9,EpisodeType.EPISODE_TYPE_PUBLIC,test_money,Odyssey,93855.0,98582.0,LOSS,exact,720,30949350,replays/ranks_21_40_macro_intent_v1/episode-99105857-replay.json,ranks_21_40_macro_intent_v1,N003,247,0,0.0
3380,99106043,1,29,16639507,Homii_N,55753519,2701.6,EpisodeType.EPISODE_TYPE_PUBLIC,Homii_N,桂棹兮兰桨,71717.0,70448.0,WIN,exact,720,30917362,replays/ranks_21_40_macro_intent_v1/episode-99106043-replay.json,ranks_21_40_macro_intent_v1,N001,1764,0,0.020570458844304085
3381,99106043,0,30,16753799,桂棹兮兰桨,55760200,2699.6,EpisodeType.EPISODE_TYPE_PUBLIC,桂棹兮兰桨,Homii_N,70448.0,71717.0,LOSS,exact,720,30917362,replays/ranks_21_40_macro_intent_v1/episode-99106043-replay.json,ranks_21_40_macro_intent_v1,N001,1764,0,0.020570458844304085
3382,99108152,1,21,16698999,Odyssey,55762971,2723.4,EpisodeType.EPISODE_TYPE_PUBLIC,Odyssey,Bharath Varma,96095.0,96095.0,TIE,exact,720,32669948,replays/ranks_21_40_macro_intent_v1/episode-99108152-replay.json,ranks_21_40_macro_intent_v1,N001,1764,0,0.0
3383,99108264,0,30,16753799,桂棹兮兰桨,55760200,2699.6,EpisodeType.EPISODE_TYPE_PUBLIC,桂棹兮兰桨,tangaii,54869.0,53527.0,WIN,exact,720,31603648,replays/ranks_21_40_macro_intent_v1/episode-99108264-replay.json,ranks_21_40_macro_intent_v1,N001,1764,0,0.0
3384,99110419,1,21,16698999,Odyssey,55762971,2723.4,EpisodeType.EPISODE_TYPE_PUBLIC,Odyssey,UjjwalPardeshi,62939.0,63176.0,LOSS,exact,720,30921122,replays/ranks_21_40_macro_intent_v1/episode-99110419-replay.json,ranks_21_40_macro_intent_v1,N001,1764,0,0.020570458844304085
3385,99110419,0,22,16745006,UjjwalPardeshi,55754433,2734.7,EpisodeType.EPISODE_TYPE_PUBLIC,UjjwalPardeshi,Odyssey,63176.0,62939.0,WIN,exact,720,30921122,replays/ranks_21_40_macro_intent_v1/episode-99110419-replay.json,ranks_21_40_macro_intent_v1,N001,1764,0,0.020570458844304085
3386,99110550,0,36,16699741,Tom3,55743933,2684.9,EpisodeType.EPISODE_TYPE_PUBLIC,Tom3,tangaii,77749.0,77590.0,WIN,exact,720,30914507,replays/ranks_21_40_macro_intent_v1/episode-99110550-replay.json,ranks_21_40_macro_intent_v1,N003,247,0,0.0
3387,99110669,0,39,16712714,MiMi,55741684,2682.8,EpisodeType.EPISODE_TYPE_PUBLIC,MiMi,srijan k.r keshri,83626.0,70628.0,WIN,exact,720,31416143,replays/ranks_21_40_macro_intent_v1/episode-99110669-replay.json,ranks_21_40_macro_intent_v1,N467,1,1,0.0
3388,99112717,0,21,16698999,Odyssey,55762971,2723.4,EpisodeType.EPISODE_TYPE_PUBLIC,Odyssey,Suneeth reddy,40553.0,47415.0,LOSS,exact,720,30357362,replays/ranks_21_40_macro_intent_v1/episode-99112717-replay.json,ranks_21_40_macro_intent_v1,N001,1764,0,0.020570458844304085
3389,99112717,1,23,16684954,Suneeth reddy,55747103,2730.9,EpisodeType.EPISODE_TYPE_PUBLIC,Suneeth reddy,Odyssey,47415.0,40553.0,WIN,exact,720,30357362,replays/ranks_21_40_macro_intent_v1/episode-99112717-replay.json,ranks_21_40_macro_intent_v1,N001,1764,0,0.02316061221063137
3390,99115012,0,21,16698999,Odyssey,55762971,2723.4,EpisodeType.EPISODE_TYPE_PUBLIC,Odyssey,Zejun_,61910.0,61910.0,TIE,exact,720,31455716,replays/ranks_21_40_macro_intent_v1/episode-99115012-replay.json,ranks_21_40_macro_intent_v1,N001,1764,0,0.0
3391,99115012,1,25,16624276,Zejun_,55749262,2728.5,EpisodeType.EPISODE_TYPE_PUBLIC,Zejun_,Odyssey,61910.0,61910.0,TIE,exact,720,31455716,replays/ranks_21_40_macro_intent_v1/episode-99115012-replay.json,ranks_21_40_macro_intent_v1,N001,1764,0,0.0
3392,99117287,0,21,16698999,Odyssey,55762971,2723.4,EpisodeType.EPISODE_TYPE_PUBLIC,Odyssey,Homii_N,56799.0,56799.0,TIE,exact,720,30910040,replays/ranks_21_40_macro_intent_v1/episode-99117287-replay.json,ranks_21_40_macro_intent_v1,N001,1764,0,0.020570458844304085
3393,99117287,1,29,16639507,Homii_N,55753519,2701.6,EpisodeType.EPISODE_TYPE_PUBLIC,Homii_N,Odyssey,56799.0,56799.0,TIE,exact,720,30910040,replays/ranks_21_40_macro_intent_v1/episode-99117287-replay.json,ranks_21_40_macro_intent_v1,N001,1764,0,0.020570458844304085
3394,99117407,0,36,16699741,Tom3,55743933,2684.9,EpisodeType.EPISODE_TYPE_PUBLIC,Tom3,tangaii,42946.0,44489.0,LOSS,exact,720,30693377,replays/ranks_21_40_macro_intent_v1/episode-99117407-replay.json,ranks_21_40_macro_intent_v1,N001,1764,0,0.020570458844304085
3395,99119564,1,21,16698999,Odyssey,55762971,2723.4,EpisodeType.EPISODE_TYPE_PUBLIC,Odyssey,OceanMix,51255.0,57782.0,LOSS,exact,720,31472513,replays/ranks_21_40_macro_intent_v1/episode-99119564-replay.json,ranks_21_40_macro_intent_v1,N001,1764,0,0.020570458844304085
3396,99119678,0,33,16674312,yuxuan,55757156,2694.7,EpisodeType.EPISODE_TYPE_PUBLIC,yuxuan,tangaii,116903.0,116051.0,WIN,exact,720,30323374,replays/ranks_21_40_macro_intent_v1/episode-99119678-replay.json,ranks_21_40_macro_intent_v1,N002,260,0,0.0
