sha256	bytes	path
1626C28C3234B42421BCFEC65F5188DC78B2CC5535FD9CCC0B53A1E0874B02D5	81	.gitattributes
78576E2E1AADC30E8B5D284334F9D237075DDC6A2EFB498FC08DDE073B93BD81	3700	README_ZH.md
80590EA2E311B8821C26D37392AE0C3E63164F3F1E4F136DF03CD9EF629B0ADA	3669	workspace/experiments/front40_fusion_v1/artifacts/hasegawa_current_same_shop_map_train156001_n16_v1.json
C7FD9DC23D8DAC11AD23053820F9A9899FF84BB1F94C919F563DFE83C4D60500	4141869	workspace/experiments/front40_fusion_v1/artifacts/hasegawa_current_trace_bank_v1.npz
B698DE223266372A1BAFA76D6B430271E89EACACBA1D54D7F5497D33F7B95D90	1163	workspace/experiments/front40_fusion_v1/artifacts/hasegawa_fc24b_ablation_blend_v10.json
B19A3B5791CBFEE6272AA5B4DDF384D1EDF689A71E782550FA5309793241A7B7	1549	workspace/experiments/front40_fusion_v1/artifacts/hasegawa_fc24b_holdout_blend_v6.json
830B385FE022B889C705BE0E690C7FF64192C1133F1079D2F2C42B9AE5242E98	3833	workspace/experiments/front40_fusion_v1/artifacts/hasegawa_fc24b_optimized_shop_map_train160_v4.json
47DE01C311A6742A3E4256CF218D53D44B0BE53EAE67B7B91BB9F3553992F11E	3660	workspace/experiments/front40_fusion_v1/artifacts/hasegawa_fc24b_optimized_shop_map_train162001_n32_v2.json
D9194E25209E3E40D44A50BE4C0C96FEA05FF60D2BD681C65ABEF64FCAC2CB16	3793	workspace/experiments/front40_fusion_v1/artifacts/hasegawa_fc24b_optimized_shop_map_train544_v9.json
6640A74F4953F83DA1DCCF754F8321ABBD74547BB371616F2C67F43D2164820B	3866	workspace/experiments/front40_fusion_v1/artifacts/hasegawa_fc24b_optimized_shop_map_train96_v3.json
9DE223DBB57880A906AE8D174E9A618DBC209D13BF852C7C4E0266765A6FE69C	5331	workspace/experiments/front40_fusion_v1/artifacts/hasegawa_fc24b_robust_minimax_win_train160_v5.json
5596417F20C0381F77213C7E41B959519B07EE1282452FAC499FEDF396C275BD	5330	workspace/experiments/front40_fusion_v1/artifacts/hasegawa_fc24b_robust_stable_win_train160_v5.json
1E2C6015BD860A0F238DB9B4D4BB25133F48BD9AB4F363A3E4AD71C3944F5E26	5326	workspace/experiments/front40_fusion_v1/artifacts/hasegawa_fc24b_robust_wilson_train160_v5.json
B722DD5EC7886C55BC4F62C4601C65D7C05B8AEFF19F2C4101893B90EBC140F2	8601	workspace/experiments/front40_fusion_v1/artifacts/hasegawa_fc24b_seat_minimax_train160_v5.json
DC3DDB9EED29B4F10E011499A5EE42306643CD082D6998418D59CC26D4609EB4	8600	workspace/experiments/front40_fusion_v1/artifacts/hasegawa_fc24b_seat_pooled_train160_v5.json
09925AFDD923665D16246BD552E103F4A99CB83E663E1C1AAFEADA860DAAAA8C	8600	workspace/experiments/front40_fusion_v1/artifacts/hasegawa_fc24b_seat_stable_train160_v5.json
7126DE3E39378BAD7DA1E951EB6AAE3F07A976D3C2E5FBDEEF21ACA3585AC2F6	53680	workspace/experiments/front40_fusion_v1/artifacts/hasegawa_fc24b_second_shop_gain0p00_train384_v7.json
48040506B26D2ABE6DB551A8E6939A7CD0A81631436753057979EAE4CD19FF65	53851	workspace/experiments/front40_fusion_v1/artifacts/hasegawa_fc24b_second_shop_gain0p05_train384_v7.json
04899BF5FE43BE469FA4D710DE6848A14E8539DD0273D5900794A40E03A7CA58	53850	workspace/experiments/front40_fusion_v1/artifacts/hasegawa_fc24b_second_shop_gain0p10_train384_v7.json
32CD5E739049F2A1124B1649552B9C90AC4108AED0D36C9F7DBEB99A188062DA	53864	workspace/experiments/front40_fusion_v1/artifacts/hasegawa_fc24b_second_shop_gain0p30_train384_v8.json
C36FF34B0D269B94DCE5D50E84397371547B3B23294635F3248F4BF50A3AC54B	51273	workspace/experiments/front40_fusion_v1/artifacts/hasegawa_fc24b_second_shop_smoke128_v7.json
76A6669D5A84AB63C87CAEEDDC4DD8C534DA8DECFA45DB87B9052052A738A82F	3405959	workspace/experiments/front40_fusion_v1/artifacts/rank02_crop_dusta_all_complete_trace_bank_v2.npz
B95C598CD449AF90054F9B940A080875022397AC248D0A84365AF5980BCA24E1	3860	workspace/experiments/front40_fusion_v1/artifacts/rank02_crop_dusta_fc24b_shop_map_train256_v2.json
E60E3C765C82169D94AFCD9F5B55717A308430542426F1D3E6046CC76879036A	3957	workspace/experiments/front40_fusion_v1/artifacts/rank02_crop_dusta_fc24b_unrestricted_shop_map_train256_v3.json
D9FDE68834AB79DDF51CD2B0B7D8851C916667C58B59DE891D4B9B92278A86A7	2938060	workspace/experiments/front40_fusion_v1/artifacts/rank02_crop_dusta_hasegawa_hybrid_bank_v34.npz
A773E82495848136322A7A36CA708BF6D1933EDE3079CDE77564D76F30C73030	255	workspace/experiments/front40_fusion_v1/artifacts/rank02_crop_dusta_hasegawa_hybrid_first_map_v34.json
6019EE4F85AA47A689CCADF32F09F9F88BA396E722E79CA78FB86871F3C07585	27423	workspace/experiments/front40_fusion_v1/artifacts/rank02_crop_dusta_hasegawa_hybrid_second_map_v34.json
0EAD9549FF7AC2D73D210D5C33B92765CA745E768B0925A8A88E1ADB4D8B72BB	199	workspace/experiments/front40_fusion_v1/artifacts/rank02_crop_dusta_modal_first_shop_map_v31.json
565DD4648492FF752353325F5755E75454D44247EB9E8CB905973F89552C5155	27508	workspace/experiments/front40_fusion_v1/artifacts/rank02_crop_dusta_modal_second_shop_map_v31.json
5FA6E7A29625754839408926A142A81C82156021B67D4C06290522E6776B91D8	1978215	workspace/experiments/front40_fusion_v1/artifacts/rank02_crop_dusta_modal_shop_prefix_trace_bank_v31.npz
F53282CF6BDB8BC7639AE5E186FFE6244DB0C1FA929140AD6DFB452AD182814C	14299	workspace/experiments/front40_fusion_v1/artifacts/rank02_crop_dusta_prefix_state_step144_seed212001_n256x2_v18.npz
01DBAEE3C747344CEE6C5EFDB5388FC934BBF306FDCFC2BE063089135B6132AD	12396	workspace/experiments/front40_fusion_v1/artifacts/rank02_crop_dusta_prefix_state_step72_seed212001_n256x2_v9.npz
93E59D169B14A93AD81544ECD0CB5D33075EEEE1A52BD6AAFB684C679F44DE1F	30417	workspace/experiments/front40_fusion_v1/artifacts/rank02_crop_dusta_robust_two_stage_minimax_win_compatible_all_dev2_hold244_v28.json
3A5687D8D9DFDA3678EF5A221747953F4983AC7BCEAE0E7F4A225FE4B7543B9C	30415	workspace/experiments/front40_fusion_v1/artifacts/rank02_crop_dusta_robust_two_stage_minimax_win_source_second_dev2_hold244_v28.json
A49E847A3C051C4115F66B760DB489D4E336C4F6539ACD3E9DF8F742CCE656AE	30416	workspace/experiments/front40_fusion_v1/artifacts/rank02_crop_dusta_robust_two_stage_pooled_win_compatible_all_dev2_hold244_v28.json
DD4EE3F0A7A9BBDCE24C5045418E5D9878807EA009708AC791DB743DC44DFF25	30411	workspace/experiments/front40_fusion_v1/artifacts/rank02_crop_dusta_robust_two_stage_pooled_win_source_second_dev2_hold244_v28.json
942716C518CC20C6672B11FE4049587C5AC9F0ECFA8219195BC35BF5B626C835	30416	workspace/experiments/front40_fusion_v1/artifacts/rank02_crop_dusta_robust_two_stage_stable_win_compatible_all_dev2_hold244_v28.json
94A611D89BADD1E3674DB0FDA827E05DF5476E9EA3C5CB8037C4356E58FC72D3	30412	workspace/experiments/front40_fusion_v1/artifacts/rank02_crop_dusta_robust_two_stage_stable_win_source_second_dev2_hold244_v28.json
2FE31248002666731D9A213BA2A6AA2244426D94E8D0111BB3378C4714DA26D8	5739	workspace/experiments/front40_fusion_v1/artifacts/rank02_crop_dusta_robust_unrestricted_minimax_win_all3panels_v29.json
BE89A01A88DE32D2806BAA26597EF6E189D3BD2E3ED3D00B0FF66086ECC408C2	5366	workspace/experiments/front40_fusion_v1/artifacts/rank02_crop_dusta_robust_unrestricted_minimax_win_dev512x2_v25.json
30E36E7936CF6AEAA09E487B88F55256CC8871102178AAE133ACB4908ED93089	5713	workspace/experiments/front40_fusion_v1/artifacts/rank02_crop_dusta_robust_unrestricted_stable_win_all3panels_v29.json
6DFAF038DCFFE67A46269F2B42FE5AEB4C9B6C3D7099FC485C1AE9DF046F8FD8	5365	workspace/experiments/front40_fusion_v1/artifacts/rank02_crop_dusta_robust_unrestricted_stable_win_dev512x2_v25.json
606544F1EDE72FFF59FDE93B56FC39326BC5ECD5D64284B33D385DDECADE7AD9	5709	workspace/experiments/front40_fusion_v1/artifacts/rank02_crop_dusta_robust_unrestricted_wilson_all3panels_v29.json
D8CA6CEE3ADA39D05FF4285B7C68FC05930AF00C2B1B37E9C5D535DEAB8E197D	5361	workspace/experiments/front40_fusion_v1/artifacts/rank02_crop_dusta_robust_unrestricted_wilson_dev512x2_v25.json
7C85BE7955FF67A424B1AFB5BCF21762E9D1721CE058F264E0965CD97309E201	2072102	workspace/experiments/front40_fusion_v1/artifacts/rank02_crop_dusta_route_lambdarank_causal_step72_v17.joblib
7677E881A5247AC81EFBE28B46381946CB9A3CE7CDA667320AB8C6E28FC2EB34	2107814	workspace/experiments/front40_fusion_v1/artifacts/rank02_crop_dusta_route_lambdarank_compact16_step72_v14.joblib
7C85BE7955FF67A424B1AFB5BCF21762E9D1721CE058F264E0965CD97309E201	2072102	workspace/experiments/front40_fusion_v1/artifacts/rank02_crop_dusta_route_lambdarank_compact24_step72_v15.joblib
062C32BE33668FA4A678E250FBADF4CB97ED9D8B2F472FFE18ECEB1E45A723F9	2541750	workspace/experiments/front40_fusion_v1/artifacts/rank02_crop_dusta_route_lambdarank_step144_v20.joblib
DAD44834C3D704C040A5B12582459779F6E71D540A74E398528C63FF8994DC9A	2917111	workspace/experiments/front40_fusion_v1/artifacts/rank02_crop_dusta_route_lambdarank_step72_train192_val64_v11.joblib
EDA2D7FCB42FCACE1517DEC9C3F126A89722AAF9841AFEF1C53DF1066340FCDD	2103003	workspace/experiments/front40_fusion_v1/artifacts/rank02_crop_dusta_route_margin_ranker_step72_train192_val64_v10.joblib
9B4A69BEB48EF311806DDB68B3551BFC7AD31123692CBCB30FCA030DC350950A	61667	workspace/experiments/front40_fusion_v1/artifacts/rank02_crop_dusta_second_shop_crossfirst_gain0p00_train192_v21.json
C6973AA1887FECC772DB725CAA92444BE18995D3DA57CFC75EEFF370ACD1B1EA	61765	workspace/experiments/front40_fusion_v1/artifacts/rank02_crop_dusta_second_shop_crossfirst_gain0p10_train192_v21.json
3BEFF03F8D109A41A9170DD8D1AA28356B9402FA89B059F46D4006F1EDB1636D	61779	workspace/experiments/front40_fusion_v1/artifacts/rank02_crop_dusta_second_shop_crossfirst_gain0p20_train192_v21.json
61E21003E968CD81B1495CA322483FE8C2CF31F7FA88B18F2B12797DC071DC76	61807	workspace/experiments/front40_fusion_v1/artifacts/rank02_crop_dusta_second_shop_crossfirst_gain0p30_train192_v21.json
CD9D0268EBC5FFC11FEFDF753F93DB4BF7A43742AA58B01A44D6488B20C6B08D	2598	workspace/experiments/front40_fusion_v1/artifacts/rank02_crop_dusta_source_reward_shop_map_v1.json
975EBE13B0FA905CFCE4040D082CF8924891F5DE8B977BDD4F9783BF20CAAAB3	2805944	workspace/experiments/front40_fusion_v1/artifacts/rank02_crop_dusta_trace_bank_v1.npz
9A93FAEB7F9D2899AC582AD4A828A1FE01FEE12EA2D84E1D876C71CC07921E92	30150	workspace/experiments/front40_fusion_v1/artifacts/rank02_crop_dusta_two_stage_same_first_compatible_all_fit128_tune64_hold64_v23.json
1377CC4A0BAE16DE53CF806E87279B3A3C2492F62B1749413EDDFE5C252F8881	30151	workspace/experiments/front40_fusion_v1/artifacts/rank02_crop_dusta_two_stage_same_first_source_second_fit128_tune64_hold64_v23.json
1E05EB9244DA6C29E51B84E0F832A9885C7B44D68893B0F3D9983E7D62CEA399	30145	workspace/experiments/front40_fusion_v1/artifacts/rank02_crop_dusta_two_stage_unrestricted_compatible_all_fit128_tune64_hold64_v23.json
914A1C5489B38A8B6E291781232F86257EB6CED96A8311BDC88664ADA26E3611	30153	workspace/experiments/front40_fusion_v1/artifacts/rank02_crop_dusta_two_stage_unrestricted_source_second_fit128_tune64_hold64_v23.json
8698E4AC9BA4D79CC6104610E16B454A6B10615398F90DACAC1B97C8314BAE72	5177	workspace/experiments/front40_fusion_v1/artifacts/rank03_subramanya_minimax_win_same_shop_map_v18.json
26588B93E549B0C9E81829058A9B3B760FBD3B0D978AF8E2027ABF3CD513DC24	5122	workspace/experiments/front40_fusion_v1/artifacts/rank03_subramanya_minimax_win_unrestricted_map_v18.json
0EAD9549FF7AC2D73D210D5C33B92765CA745E768B0925A8A88E1ADB4D8B72BB	199	workspace/experiments/front40_fusion_v1/artifacts/rank03_subramanya_modal_first_shop_map_v11.json
565DD4648492FF752353325F5755E75454D44247EB9E8CB905973F89552C5155	27508	workspace/experiments/front40_fusion_v1/artifacts/rank03_subramanya_modal_second_shop_map_v11.json
179144337B6ABDAD9688204E46A540F2231059B2D5FECAD2BC54A65848DE4CC7	1961986	workspace/experiments/front40_fusion_v1/artifacts/rank03_subramanya_modal_shop_prefix_bank_v11.npz
EA620F97A2DD99045B91842DD676C0CF1BB68547B19D5B0366313022FCD95B61	12568	workspace/experiments/front40_fusion_v1/artifacts/rank03_subramanya_prefix_state_dev256_v23.npz
92C4336FCA52D62E89A6244A051F8F7D1D2948567965EDC7F1DD0D7BBA0744C4	21270	workspace/experiments/front40_fusion_v1/artifacts/rank03_subramanya_prefix_state_dev768_v30.npz
269E683546E81D0CDE53DA767A06D2D2202CFC232147952788B0991F34883280	10207	workspace/experiments/front40_fusion_v1/artifacts/rank03_subramanya_prefix_state_seed252001_n128_v16.npz
5284522D548AE051C3991643F56F8103C549AE8059FB71EE1AF5F71E99C6235C	10178	workspace/experiments/front40_fusion_v1/artifacts/rank03_subramanya_prefix_state_seed272001_n128_v22.npz
7612E29F2951658258F715B8FF423F10FF4BB3A698B402DD2D6EBE760C1B2B2B	10175	workspace/experiments/front40_fusion_v1/artifacts/rank03_subramanya_prefix_state_seed280001_n128_v26.npz
BCCFC62713B98C9171D64D9231CBF23FE6AB7C653524C9518CD596D7456124F4	16460	workspace/experiments/front40_fusion_v1/artifacts/rank03_subramanya_prefix_state_seed288001_n512_v29.npz
4558724BC56C104E2328CDDC3652C69A3FA979B9D66CEDCBA132BC335C3814B9	1977830	workspace/experiments/front40_fusion_v1/artifacts/rank03_subramanya_route_ranker_dev20_dev256_v25.joblib
8ABD5F3EFD7AC34D822D1F9615D940E0BEB300B959BFDFA101D600EE2D0F15E1	2998662	workspace/experiments/front40_fusion_v1/artifacts/rank03_subramanya_route_ranker_dev20_dev768_v31.joblib
3698BD77C199A686D60956530C2A09C7D616FB1F12EB3218DA7681407E86DFC8	2179290	workspace/experiments/front40_fusion_v1/artifacts/rank03_subramanya_route_ranker_dev256_v24.joblib
4EAF65AE5BCB0004024D764C6DB6336B375C69436C1D0FC698AC233781C902A3	1746426	workspace/experiments/front40_fusion_v1/artifacts/rank03_subramanya_route_ranker_seed252001_v21.joblib
A1AD85C59D761F56DDE9EF6D9E63BFBA4130C1C1CD107EDC375037B8A98DC371	4993	workspace/experiments/front40_fusion_v1/artifacts/rank03_subramanya_same_shop_stable_seed252001_v6.json
B39BAD64CCD0060B0C51CEA2BA2995671B9170D54A3BD032D5FA05F8C9D402E8	8454	workspace/experiments/front40_fusion_v1/artifacts/rank03_subramanya_seat_minimax_map_v18.json
122C84EA2ACBF286D472CBE1147431D0074D2D2D1C8776D2759BB9580E354510	8420	workspace/experiments/front40_fusion_v1/artifacts/rank03_subramanya_seat_pooled_map_v18.json
96113AE63E28573844640D88DED5B60E21282E5A1F62919F821941EC8FC56D4A	8454	workspace/experiments/front40_fusion_v1/artifacts/rank03_subramanya_seat_stable_map_v18.json
2807889FCBE8CBAB7B59936078296375FA462B763720BDA8817531F21E18A554	53333	workspace/experiments/front40_fusion_v1/artifacts/rank03_subramanya_secondshop_dev256_v34.json
4BF0B27B27E34DB70150C17C8CC1C1C3AABDFED22FB17B30CC01CB82F412F0CE	51733	workspace/experiments/front40_fusion_v1/artifacts/rank03_subramanya_secondshop_train252_v33.json
72DD32FABFEDB39826303001C015E2DB2DE05BEFCA8FC8806EB21ED3170AE357	51378	workspace/experiments/front40_fusion_v1/artifacts/rank03_subramanya_secondshop_train272_v33.json
809574D141ABB47FB537BD92A543DC5B34AA94B5B142053F477DB358D411B74F	2612	workspace/experiments/front40_fusion_v1/artifacts/rank03_subramanya_source_reward_shop_map_v1.json
9FD47E4AB71C54601D75505B8EAA0BB291BF4CD992571524919B00025805B44A	5167	workspace/experiments/front40_fusion_v1/artifacts/rank03_subramanya_stable_win_same_shop_map_v18.json
4A7C609FA4D791456DF93965A7C310204A5F944A83DCEC06834C14C741DE39CE	5081	workspace/experiments/front40_fusion_v1/artifacts/rank03_subramanya_stable_win_unrestricted_map_v18.json
06A2A4D953245DFE272B869F288948AFB1639A05A3B0560C7BE3D6F5992DA608	4323760	workspace/experiments/front40_fusion_v1/artifacts/rank03_subramanya_trace_bank_v1.npz
6617ABD2EF1BF36B6C83570F0DB21CB069619A160FF59019B9E75F24F5028EE6	4992	workspace/experiments/front40_fusion_v1/artifacts/rank03_subramanya_unrestricted_minimax_win_seed252001_v3.json
CEB1BDAE992D9E1ACD7B94FAFFA45519DB87C938375EC09A7157DB99FD183E4C	4991	workspace/experiments/front40_fusion_v1/artifacts/rank03_subramanya_unrestricted_stable_win_seed252001_v4.json
975A38D0C2260D73899E915062B90F4A27A180A366EDC0C6C5C541C4D42C37CC	4987	workspace/experiments/front40_fusion_v1/artifacts/rank03_subramanya_unrestricted_wilson_seed252001_v5.json
A1416592DFBE701C722A6092D07861CAB47F469BDD26AF27E2F85BBE0FDD3CFE	5217	workspace/experiments/front40_fusion_v1/artifacts/rank03_subramanya_wilson_same_shop_map_v18.json
5218CCDCB54929825A6976DE8E1EB6529231EF980B6A9BD24EE06D4EB428B662	5180	workspace/experiments/front40_fusion_v1/artifacts/rank03_subramanya_wilson_unrestricted_map_v18.json
FC2AE8ECFFCDFC2BD9ECC3D363E6BF0761FBFF0CED4101B85B547E582AF4C143	212	workspace/experiments/front40_fusion_v1/artifacts/rank03_subramanya_yarn_route_map_v14.json
FE5489970719D017F805660323B657B62A16CC4576AEF23245EF31BC56572F7B	63022	workspace/experiments/front40_fusion_v1/artifacts/rank03_subramanya_yarn2_trace_bank_v14.npz
F6A244E246C9B5D8DC1C21FB58E8CE90DB725B4DDCF5D406B4660782666D20C8	421	workspace/experiments/front40_fusion_v1/artifacts/rank04_arman_fixed_route50_map_v4.json
28C3D1EE9F29CA48E188F1E08F624A35D5E18814B3D721F4F8BA2B0EE0B642F1	4977	workspace/experiments/front40_fusion_v1/artifacts/rank04_arman_minimax_win_same_shop_map_train304_v3.json
7B4821982D44358EA63F83EDA17F343F22E7BED5029D3555C96D1C095A0B4860	5397	workspace/experiments/front40_fusion_v1/artifacts/rank04_arman_minimax_win_unrestricted_map_dev640_v8.json
C7525B234EA5E3BB3BC3338C6E7F9D6D0B31F4B766214E9F3F4B48BF529CCF14	4889	workspace/experiments/front40_fusion_v1/artifacts/rank04_arman_minimax_win_unrestricted_map_train304_v3.json
335C278E0BA982571796BF91A72427F52D4D00A52C7FFE1BACFA347E1FE2EC03	7732	workspace/experiments/front40_fusion_v1/artifacts/rank04_arman_seat_minimax_map_train304_v3.json
67FDC793FAE60A767FD24ECE60F40A8ADCD7A0507BDBCF9FBB3FD50DBB780277	7731	workspace/experiments/front40_fusion_v1/artifacts/rank04_arman_seat_pooled_map_train304_v3.json
4F035E49294DCEB11FCE4E052EB199A22AC656E1231C2A0B16BDE4B86A9A15AF	7731	workspace/experiments/front40_fusion_v1/artifacts/rank04_arman_seat_stable_map_train304_v3.json
1B03D77226AB4F3C49828E1181D192EA3225F4C62AEB95594EBE6805F643A6E2	69747	workspace/experiments/front40_fusion_v1/artifacts/rank04_arman_secondshop_exact_stable3_dev2048_v38.json
EDB2D04432F8ED9141543A7D32E7258A80BFF94621CFCC1B5F8C896A10F64DAA	63255	workspace/experiments/front40_fusion_v1/artifacts/rank04_arman_secondshop_exact1_train304_v38.json
BF2539BDAFF939DE77920AFBB92CDEE7B83BD11F7FF56694CBACCAAD63862040	66729	workspace/experiments/front40_fusion_v1/artifacts/rank04_arman_secondshop_exact5_dev640_v38.json
709465DDA52571347E4456B572A3AD13A845CBB8E9FC61E6BD00A0397E1DFDF2	62043	workspace/experiments/front40_fusion_v1/artifacts/rank04_arman_secondshop_gain0p00_train304_v21.json
C4B9941289B6AB4ECEC613AAB125DD7F574B60F8955B66FC27AF4DEF5B861F2E	65590	workspace/experiments/front40_fusion_v1/artifacts/rank04_arman_secondshop_gain0p05_dev640_v31.json
FF51780410BF545E31FB5277746F0EB1A5A66DDC0FC0B17CDDA9D4A0C14F33CE	65603	workspace/experiments/front40_fusion_v1/artifacts/rank04_arman_secondshop_gain0p10_dev640_v31.json
BB4EB05E2983EBA8A35500E70A657DBC9F3ADDCBF7186FD5C0B37C510743C449	62132	workspace/experiments/front40_fusion_v1/artifacts/rank04_arman_secondshop_gain0p10_train304_regression_v26.json
E928CCBB4BA9DD155409C08416A0214E6F3396BC7B1CE3CF174EC02B3F412BFB	62095	workspace/experiments/front40_fusion_v1/artifacts/rank04_arman_secondshop_gain0p10_train304_v21.json
DD005275E1131B8EEA353192F1F91A4802BCAC4FB85F750A8C50CC4251DBC657	65603	workspace/experiments/front40_fusion_v1/artifacts/rank04_arman_secondshop_gain0p20_dev640_v31.json
B72A6307CCFD4B78714BCB01C5E763335FAB3AAC12E3A59517F9969DBDDE439D	62095	workspace/experiments/front40_fusion_v1/artifacts/rank04_arman_secondshop_gain0p20_train304_v21.json
6DF710872D8AB6C0FBBC3D72A624EB7A98922902E388ED3694B16970EA04837D	62095	workspace/experiments/front40_fusion_v1/artifacts/rank04_arman_secondshop_gain0p30_train304_v21.json
EF7DE9156DCBB04BA3446C39ED107A480146E686A96B761C514FFD4F6A867B07	655	workspace/experiments/front40_fusion_v1/artifacts/rank04_arman_secondshop_identity_by_first_v41.json
1D6896CC8B16F7B596D493651708A248C3CAFEAE50DFC3FEBF0E7E56BCF00FBA	68624	workspace/experiments/front40_fusion_v1/artifacts/rank04_arman_secondshop_stable3_dev2048_v35.json
BCAAE2007BDF5FB55BEB0711AB1EDF0778143ED0F7DCDDDCDE47C764FEB3C17E	2605	workspace/experiments/front40_fusion_v1/artifacts/rank04_arman_source_reward_shop_map_v1.json
702ABABC94529F1D7972EF0250132D52BBCF0D9BDD1B64451616CD0A8F7B54FE	4976	workspace/experiments/front40_fusion_v1/artifacts/rank04_arman_stable_win_same_shop_map_train304_v3.json
117CC3742FC180F55DC7128951B6C6ECFD67E38AC1B1D05039DFD57B20C65E52	5398	workspace/experiments/front40_fusion_v1/artifacts/rank04_arman_stable_win_unrestricted_map_dev640_v8.json
46BA44A5D738EF38F741A0D5A18782361B7DAA57A72481A35794E49027FAEB53	4888	workspace/experiments/front40_fusion_v1/artifacts/rank04_arman_stable_win_unrestricted_map_train304_v3.json
7A0E12B6A0ACDF6923C549193FC770FA577401FDAFABD6117D5D05AA9D674295	3742962	workspace/experiments/front40_fusion_v1/artifacts/rank04_arman_trace_bank_v1.npz
20FE9E7009C415D3980EEBE2103A21ECA4DABD6F44BF1F9D4A7A7897DFD80320	5305	workspace/experiments/front40_fusion_v1/artifacts/rank04_arman_weak37_minimax_win_map_dev640_v16.json
EB9DB9F3611148EB4B2784953347A14512DB02FC4863CAC9BE7A96FCEF6F3AFE	5290	workspace/experiments/front40_fusion_v1/artifacts/rank04_arman_weak37_stable_win_map_dev640_v16.json
DD31B7E113D65A4C5171CBE05E6764E1AC9958BFAA37BBC7486ADDE8ECDB294C	5312	workspace/experiments/front40_fusion_v1/artifacts/rank04_arman_weak37_wilson_map_dev640_v16.json
FB54E2577F4608D6F025A1EA40A61362D68ADDA04B148F377A0F7F9739C44419	775	workspace/experiments/front40_fusion_v1/artifacts/rank04_arman_weakonly_minimax_map_dev640_v17.json
0BC8A754D9C1349AB7641ACDC3D7A7CF4A3AB8935F0AEB703ADC477422826609	791	workspace/experiments/front40_fusion_v1/artifacts/rank04_arman_weakonly_stable_map_dev640_v17.json
304D9E61FBA1D1ABC97CA6AEB6382A2944A22344758477019357EED7DF54FD5E	791	workspace/experiments/front40_fusion_v1/artifacts/rank04_arman_weakonly_wilson_map_dev640_v17.json
56B4077CEB9576F8DF1310BA4BD81AC4E219F55225A9C6B629F2E41CC659EC3E	4972	workspace/experiments/front40_fusion_v1/artifacts/rank04_arman_wilson_same_shop_map_train304_v3.json
D57C35449C00BFAB2DD5C4FE20637A9D184F6085126F52B8F663F0B5FE0DB7FB	5394	workspace/experiments/front40_fusion_v1/artifacts/rank04_arman_wilson_unrestricted_map_dev640_v8.json
76E2E4F4FA666B779B7999229EE334AD39E6AFDC214DF7949FE7FC3D8817D4C2	4884	workspace/experiments/front40_fusion_v1/artifacts/rank04_arman_wilson_unrestricted_map_train304_v3.json
8142A6192B950123DB7417975680E4CB3628AB314200B47A6069BEFFF02D18DA	5340	workspace/experiments/front40_fusion_v1/artifacts/rank05_mimi_minimax_win_map_dev640_v6.json
C0CFA61CA2962E42BE43848215C40AAFC155752299B48D287B37651AC8DC15AB	5013	workspace/experiments/front40_fusion_v1/artifacts/rank05_mimi_minimax_win_unrestricted_map_train360_v2.json
D0C866EBC9A3198333E80B2BECE00350DA65C56281A37F593867E55854C1448A	64754	workspace/experiments/front40_fusion_v1/artifacts/rank05_mimi_secondshop_a_dev640_v21.json
CE48826A3D34F62E133AEE9D99E513427C5B3AA96BE0EBB31AA5CCB0F3289A36	64752	workspace/experiments/front40_fusion_v1/artifacts/rank05_mimi_secondshop_ab_dev640_v21.json
0BB28EBFF45CF1743D63030C9985706D244CA56E196BD1AADA933BE5A72E1B4D	64751	workspace/experiments/front40_fusion_v1/artifacts/rank05_mimi_secondshop_ac_dev640_v21.json
108FC33C691B8AD74939A6534345EA799636C2403B190578E06452EEF4749A00	64757	workspace/experiments/front40_fusion_v1/artifacts/rank05_mimi_secondshop_b_dev640_v21.json
1CE4F4679AE1016C52877E04790171A4E07D7B0E1B20E2EC5CB9A25115596367	64754	workspace/experiments/front40_fusion_v1/artifacts/rank05_mimi_secondshop_bc_dev640_v21.json
A7924883C1C22AD9853049011498C6E05B54229737B19151A4E859840C34AD9E	64756	workspace/experiments/front40_fusion_v1/artifacts/rank05_mimi_secondshop_c_dev640_v21.json
C3610EF9DC8D67CD958DAA572485613B0D8A3AEDD4E53869E38E0C0D411FCB2D	57098	workspace/experiments/front40_fusion_v1/artifacts/rank05_mimi_secondshop_candidates_train360_v9.json
925292A1F027238D63F26373B8DA63D40DA294FC2A7EE85B8D805C0AF7625BB2	60746	workspace/experiments/front40_fusion_v1/artifacts/rank05_mimi_secondshop_pooled_dev640_v11.json
C34848572F6052B36A1D128CC68E85B19DE0DEB5096C654EF683532AD1499AE9	64750	workspace/experiments/front40_fusion_v1/artifacts/rank05_mimi_secondshop_stable5_dev640_v15.json
D1716C9DF49B32915E108B1E85BC4783F0864D0FCD6483185E49B6E0191F7139	64751	workspace/experiments/front40_fusion_v1/artifacts/rank05_mimi_secondshop_stable6_dev640_v15.json
0D7F08B917C536808020C45A95EC93D7BEE73FDF5AF0A75074B1932D8F5B2927	64749	workspace/experiments/front40_fusion_v1/artifacts/rank05_mimi_secondshop_strong3_dev640_v15.json
36E70272640C38EBC354A2EFA5703CD046EE0D2491812F96B90452B4B334E8C0	2593	workspace/experiments/front40_fusion_v1/artifacts/rank05_mimi_source_reward_shop_map_v1.json
FE0690C8FD90CCD7E6683E997D66F589A6B3D717583E19BB6D96D82FEB3EEA2D	5332	workspace/experiments/front40_fusion_v1/artifacts/rank05_mimi_stable_win_map_dev640_v6.json
FED66D360D7666B4D8D691C6BDA370056085313832F456410B5AF77248B0B99D	5012	workspace/experiments/front40_fusion_v1/artifacts/rank05_mimi_stable_win_unrestricted_map_train360_v2.json
735532F698C1D81278D9E7993E2122905FD982CB187BCCA13ADAFA89E435FC72	2592010	workspace/experiments/front40_fusion_v1/artifacts/rank05_mimi_trace_bank_v1.npz
6A7E4B517536E399FAD512D9C1CA38B5C92AC90A13C3E5457CF2FFFECC5C228E	5328	workspace/experiments/front40_fusion_v1/artifacts/rank05_mimi_wilson_map_dev640_v6.json
46A24C32B46FC9246250881E08739D8F354D527353313E221DC877CAEE94B8C3	5008	workspace/experiments/front40_fusion_v1/artifacts/rank05_mimi_wilson_unrestricted_map_train360_v2.json
6FCC237C14C468C052E8D4B223FFE4116A7E5D51BFC7ADEA6201ABD502080640	5344	workspace/experiments/front40_fusion_v1/artifacts/rank06_kanta_minimax_win_map_dev640_v6.json
1FF6E7D19CF749CA3748AFF987E451D990CF2566A57D7AE6E739A3EE50557709	4918	workspace/experiments/front40_fusion_v1/artifacts/rank06_kanta_minimax_win_unrestricted_map_train400_v2.json
82644665D5996A16411A6A459E0C41E0ABBA9A8270EC738AC824133700ABC78F	69013	workspace/experiments/front40_fusion_v1/artifacts/rank06_kanta_secondshop_a_dev640_v18.json
D34778CE6CED1CE0158EC6D88FBC8C7D746888F42867F5BF8C56FEF9596D3690	69015	workspace/experiments/front40_fusion_v1/artifacts/rank06_kanta_secondshop_ab_dev640_v18.json
7EB1F5521227AC74C8F795153EF720647898C83C6809E25FFC0C750D3752B719	69000	workspace/experiments/front40_fusion_v1/artifacts/rank06_kanta_secondshop_abc_dev640_v18.json
8E317A03441BFCD1F013AD9D2D2455DD7373CB86EF996F85412CAD0F81B41DD7	68992	workspace/experiments/front40_fusion_v1/artifacts/rank06_kanta_secondshop_abcd_dev640_v18.json
9669EF4167BA8DA0E46FF95C46BFE9702D993A3DA89BEC6C4D0F2FA177AA2393	69007	workspace/experiments/front40_fusion_v1/artifacts/rank06_kanta_secondshop_abd_dev640_v18.json
BDAE3D7BCC82CD5D3FCFA360151714C88FDA35E3444FF66E79D0FA1798D12155	68998	workspace/experiments/front40_fusion_v1/artifacts/rank06_kanta_secondshop_ac_dev640_v18.json
D4F62AD15BF5268038D1CB4A8964BB07BFA01AE32C4D53EF0F6C7068E8551B37	68990	workspace/experiments/front40_fusion_v1/artifacts/rank06_kanta_secondshop_acd_dev640_v18.json
9DEAA7BE13FDD683E54CF6AA7D6A2E7F9E00BED290FDDDBD16FA47FF699A23F3	69005	workspace/experiments/front40_fusion_v1/artifacts/rank06_kanta_secondshop_ad_dev640_v18.json
16AC2B2E17B61FE4F5ABA9CDE92F13D98B879163C67717424DAE717A110127BD	69022	workspace/experiments/front40_fusion_v1/artifacts/rank06_kanta_secondshop_b_dev640_v18.json
E26682947E58E1CF5093775F29DFD220BDDD14B7980A9D14B6DFD047261BC032	69007	workspace/experiments/front40_fusion_v1/artifacts/rank06_kanta_secondshop_bc_dev640_v18.json
0D23002B628125516DFE9E283D5EED99637840FF98E9D33B799BBB574BEF3BDB	68999	workspace/experiments/front40_fusion_v1/artifacts/rank06_kanta_secondshop_bcd_dev640_v18.json
D0D89C1552D4C4E7877D4443C177BCEB8C0C91E78581F892841ADA8CCEEF1052	69014	workspace/experiments/front40_fusion_v1/artifacts/rank06_kanta_secondshop_bd_dev640_v18.json
255ECC04C03105DB6144481285D4FB191EB65976F833565C62DE2B20828B0851	69005	workspace/experiments/front40_fusion_v1/artifacts/rank06_kanta_secondshop_c_dev640_v18.json
E015F46720F1EB3FA54EDF4A3E38F38413D1C0580145F0F6C3495D2DBC71AB70	63802	workspace/experiments/front40_fusion_v1/artifacts/rank06_kanta_secondshop_candidates_train400_v9.json
84EEC19984525246ACDA5967128944C5AD6E61FEC680441FAE5630A0402E01F8	68997	workspace/experiments/front40_fusion_v1/artifacts/rank06_kanta_secondshop_cd_dev640_v18.json
67CD1A94E94E1571B3A69726E9D85697A7E52C7A063523193E6AFA271BFBD4B7	68992	workspace/experiments/front40_fusion_v1/artifacts/rank06_kanta_secondshop_core4_dev640_v14.json
A95F76C810304C7BDB4986EAD7713E69BB96CB564380D5DE2038326CA7CC2B8F	68976	workspace/experiments/front40_fusion_v1/artifacts/rank06_kanta_secondshop_core6_dev640_v14.json
9AA0C1E4D84A97081FDEBC23269279DEEA0FE5AAF038FD012052A05DD9DC48BC	69012	workspace/experiments/front40_fusion_v1/artifacts/rank06_kanta_secondshop_d_dev640_v18.json
D66C990F19FE2681E138BF9EB09544F05025845C396085DED2289F9EB94EA117	68997	workspace/experiments/front40_fusion_v1/artifacts/rank06_kanta_secondshop_pet2_dev640_v14.json
912F03E05C940C2D334A168F1A4B96E30A115441825F4E55E3816A929FB7B3CC	65220	workspace/experiments/front40_fusion_v1/artifacts/rank06_kanta_secondshop_pooled_dev640_v12.json
1CBCDF089AD93098F6037FCC4CCB6D3A76DCD937C8230AF0D4DA282D5AC5F883	2595	workspace/experiments/front40_fusion_v1/artifacts/rank06_kanta_source_reward_shop_map_v1.json
C6AE6120069CF98A758BFE11125D58449D8938DB05417B9E89EEE65638759C31	5343	workspace/experiments/front40_fusion_v1/artifacts/rank06_kanta_stable_win_map_dev640_v6.json
412C8AD4552FC9E81E22996004A92062D725CB546BFD5FBF3C52569D44AB18EA	4917	workspace/experiments/front40_fusion_v1/artifacts/rank06_kanta_stable_win_unrestricted_map_train400_v2.json
36194E560D481A1D1CE2D823E6F16C6032D058141AD5E6E2E8E4937E0DC7CEC5	2926831	workspace/experiments/front40_fusion_v1/artifacts/rank06_kanta_trace_bank_v1.npz
1842665BE03EF9F5CBB7650F9AD4172C34CDEA7B2D0696781DC4F0B545CF8250	5339	workspace/experiments/front40_fusion_v1/artifacts/rank06_kanta_wilson_map_dev640_v6.json
9DFB0774C4E15F8D3E14F2C573AC116147B2D30EA476D9AE74B0549A944FC0DB	4913	workspace/experiments/front40_fusion_v1/artifacts/rank06_kanta_wilson_unrestricted_map_train400_v2.json
4ED55746CC7E0CB4395AED2A5DAB5259CEAA5624C2600783963CFE880CF6E920	5289	workspace/experiments/front40_fusion_v1/artifacts/rank07_active_minimax_win_map_dev640_v6.json
095DF004248CACDF717FFD988E9369BEBE05C0FA912B988F7CB752183283A6C1	70650	workspace/experiments/front40_fusion_v1/artifacts/rank07_active_secondshop_raw_dev640_v11.json
3F9D2E2797F9D07F48B47AC9125D4D1E781F1E72C73A891F1D66941292FFF4F6	86058	workspace/experiments/front40_fusion_v1/artifacts/rank07_active_secondshop_risk7_canonical_v22.json
C82D962725370DE690DD340EAE80FAE092F90C47415634C3B04538FCF93CE812	75229	workspace/experiments/front40_fusion_v1/artifacts/rank07_active_secondshop_risk7_dev1152_v17.json
FA9409214D9BB0FC23D7732F71292842257DF30DED82D44ACAFCDCD531574D3C	75242	workspace/experiments/front40_fusion_v1/artifacts/rank07_active_secondshop_safe5_dev1152_v16.json
281B74A638B949D2FC72C9DCA893DC94186A7BEB63DC60B5C4DA9BF1724A0624	2596	workspace/experiments/front40_fusion_v1/artifacts/rank07_active_source_reward_shop_map_v1.json
D3543373294FCA091A8E4C92D9EC47878179D6BB55368E2303CA129036F83C8C	5288	workspace/experiments/front40_fusion_v1/artifacts/rank07_active_stable_win_map_dev640_v6.json
D7585533B6F82C97D87CBA5F8187D82584CF7DE9D3A81F3B63BE0B865839EAD4	4912	workspace/experiments/front40_fusion_v1/artifacts/rank07_active_stable_win_map_train456_v2.json
389EA235710AD6F6C3A4DE31C30ACD3DB06283E89CFFAC88832B628370D88025	1928101	workspace/experiments/front40_fusion_v1/artifacts/rank07_active_trace_bank_v1.npz
6092572A93B504332CDBD3E8063A061E2C883425F61EC18160712139810815B9	5240	workspace/experiments/front40_fusion_v1/artifacts/rank07_active_wilson_map_dev640_v6.json
3D925DDD49499DF5CE859B23266BD5FFA04E71EF505C7BAE26D23FC30914A5A4	5407	workspace/experiments/front40_fusion_v1/artifacts/rank08_kobe_all89_minimax_win_map_dev640_v16.json
7FF3C34EE42EBCAC3DDC644CE63DC23255AA89F9605EF05A1A57E650FAA73370	5406	workspace/experiments/front40_fusion_v1/artifacts/rank08_kobe_all89_stable_win_map_dev640_v16.json
ADDE235310FAE88D9EE1F66C564D4C7E5D264A03F55D88965EED2C1B7452DBF7	5402	workspace/experiments/front40_fusion_v1/artifacts/rank08_kobe_all89_wilson_map_dev640_v16.json
6C32287D77E4B95C75B2524840604EEE2B72033EFC31B6CCA7F2BCF3E9D73648	5404	workspace/experiments/front40_fusion_v1/artifacts/rank08_kobe_minimax_win_map_dev640_v10.json
C647926F6798DA1E73E61C785B7556ECBD68D714F026018D805B285C14D9CAAA	5101	workspace/experiments/front40_fusion_v1/artifacts/rank08_kobe_minimax_win_map_train512_v3.json
4330A32AD0156B84E8E8B91E25935CA853502DF668F405004528B15B34BD5961	74719	workspace/experiments/front40_fusion_v1/artifacts/rank08_kobe_secondshop_core4_dev1664_v33.json
9EE233E8AD64896E1F713BC735040CF86F56DFB94575B41A15B8F714F6810236	70669	workspace/experiments/front40_fusion_v1/artifacts/rank08_kobe_secondshop_raw_dev640_v17.json
58576DB50EC085034EF83E8921C7543C689424D3813ADB43E4C64C411A1E43A8	66929	workspace/experiments/front40_fusion_v1/artifacts/rank08_kobe_secondshop_raw_seed512_v13.json
5C9BD23DBC256C82FFC1C1B1E7659C93B73604D37AB2611ED593776D09132A40	74630	workspace/experiments/front40_fusion_v1/artifacts/rank08_kobe_secondshop_risk21_dev640_v20.json
0C4DBECAE51F0270FE8B41E52447B255FB2CD7C95929438DC1D8C070E0B8998C	74648	workspace/experiments/front40_fusion_v1/artifacts/rank08_kobe_secondshop_safe16_dev640_v19.json
B7DFB830412376A55699FD07405849E64099CB152C331B9B7100AE4A729682C8	74690	workspace/experiments/front40_fusion_v1/artifacts/rank08_kobe_secondshop_safe7_dev1152_v25.json
0E423605A9C749AAB935BFB6316C467C36E6D75CC17EECEB7C7E64BBE6460B17	74683	workspace/experiments/front40_fusion_v1/artifacts/rank08_kobe_secondshop_safe8_bs_dev1152_v27.json
4A70AFF10B590CB701BAFD1DB3D08437E845C1EADCEECC6E8D3E955FAFB11F3C	74691	workspace/experiments/front40_fusion_v1/artifacts/rank08_kobe_secondshop_safe8_fs_dev1152_v28.json
C636D765530AF1CCDE7556DC3AB75DB551B77069DBC58163C247AE82F10E781C	74684	workspace/experiments/front40_fusion_v1/artifacts/rank08_kobe_secondshop_safe9_both_dev1152_v29.json
49C4CEA73A23EF1BB83CA3E3876B7B65445C8F0237AA658A95A1235A18656ED8	5403	workspace/experiments/front40_fusion_v1/artifacts/rank08_kobe_stable_win_map_dev640_v10.json
5920A300E4A9A6DC4214082097A46D56EF6C25197203A1E69640E77FA624AEC3	5100	workspace/experiments/front40_fusion_v1/artifacts/rank08_kobe_stable_win_map_train512_v3.json
1A9C3956CB8D1CEA367E9BD8AE2EFEA373309B656757C698E7DDC8F50B5941B4	2019198	workspace/experiments/front40_fusion_v1/artifacts/rank08_kobe_trace_bank_v1.npz
BD0EACD75C5BEB2176D65C7B390649A0538C609195EC8C50F1B3AD86B082AD52	5086	workspace/experiments/front40_fusion_v1/artifacts/rank08_kobe_unrestricted_stable_map_train512_v5.json
75E6BF1C5E6ED30537B95856AFB8049AB93D4317D1DB9DAFC608C8B897AEA8D8	5399	workspace/experiments/front40_fusion_v1/artifacts/rank08_kobe_wilson_map_dev640_v10.json
7F5430447EA34EC8CAC388C593F42D3F3A5514F438D809E3D6640AC43F9BE378	5096	workspace/experiments/front40_fusion_v1/artifacts/rank08_kobe_wilson_map_train512_v3.json
64C9429348DB2C9B8504752DADCBEDD83927EE9260AE9CE5695B5C15113F610F	31991	workspace/experiments/front40_fusion_v1/artifacts/rank09_kawashigi_allsix_minimax_byfirst_v100.json
BBD80316440364B0CA09F78F1A77185F3917096FBA282791D5E8A3BD3E80FCA3	31654	workspace/experiments/front40_fusion_v1/artifacts/rank09_kawashigi_allsix_minimax_two_stage_v96.json
38D7890CAC1FEEE7DE794E7A03F78E190D5CA2636C4F70E4DF9B42F7DA6D7FB4	192345	workspace/experiments/front40_fusion_v1/artifacts/rank09_kawashigi_allsix_minimax_win_thirdshop_v104.json
FF1FE83B1083F659ED53AD85CCA0B0108CA90D70F51BADCA1BAB34A96FCB9EDF	192873	workspace/experiments/front40_fusion_v1/artifacts/rank09_kawashigi_allsix_pooled_thirdshop_v102.json
2DCAC2B6317779A111D1ED24ADEF50CD6F1F6D9205C8C9F33D15190CE13B5114	31644	workspace/experiments/front40_fusion_v1/artifacts/rank09_kawashigi_allsix_pooled_two_stage_v98.json
03C066B9FC85A76740C76570EA7BB6AEF6D01337EC1E3E122D5C853395C922A5	31649	workspace/experiments/front40_fusion_v1/artifacts/rank09_kawashigi_allsix_stable_two_stage_v97.json
3DADE65815CF754934713023A12FCA3E44E8767900B0B3B420B15C5F104617B9	192906	workspace/experiments/front40_fusion_v1/artifacts/rank09_kawashigi_allsix_stable_win_thirdshop_v105.json
4BBF6344F3FBAA5ADF2C703D5F3C28781522AC0F399C30B6DC7E8CD05FE9F5EB	1440909	workspace/experiments/front40_fusion_v1/artifacts/rank09_kawashigi_compatible_ranker_v88.joblib
5BC28DBDE83BA05CF34F5F9583C194E8BD5598FF02E15F9DB611966D67202957	3428893	workspace/experiments/front40_fusion_v1/artifacts/rank09_kawashigi_compatible_ranker_v90.joblib
E09AB3CCC8FFD20F738CDC9B4F8EAFE89DAEC6CF6CD8F95A8EE5F9F281E17F66	3568093	workspace/experiments/front40_fusion_v1/artifacts/rank09_kawashigi_compatible_ranker_v92.joblib
8FF5F905DF2FCE5C071B2F00547F3A47FDBE3F3CEBA36E727673FFB31F00F06A	11049	workspace/experiments/front40_fusion_v1/artifacts/rank09_kawashigi_context_step144_seed576001_n128x2.npz
1EB2C61008964F36E9B635506904290A2FB4570CCDC9989EA3A7B325F495EEBA	11090	workspace/experiments/front40_fusion_v1/artifacts/rank09_kawashigi_context_step144_seed600001_n128x2.npz
E98B6B5415F4F5B5E92828540B77A10CC982C2146EB19631203F796C85B8CAF5	19826	workspace/experiments/front40_fusion_v1/artifacts/rank09_kawashigi_context_step144_seed608001_n512x2.npz
A3D1B3F642A5ABC08F959C81AE6AD7A3CEB4EF8AE773ADF2C2307E084E3FB668	19932	workspace/experiments/front40_fusion_v1/artifacts/rank09_kawashigi_context_step144_seed616001_n512x2.npz
774EE3EFABEEF0B387B658EFC7C37780EE0CA4360AB9B1DCA6472525EE0BDEAD	19847	workspace/experiments/front40_fusion_v1/artifacts/rank09_kawashigi_context_step144_seed624001_n512x2.npz
798D8795CAC8D6A47FC7B011DDEF9373CC2FAD66AADC860C0B15FF9CA3D10AD4	19818	workspace/experiments/front40_fusion_v1/artifacts/rank09_kawashigi_context_step144_seed632001_n512x2.npz
229BDE5DD77CDB00E2452CDF8A3334A4F3FCEA640F47436785ECD6C3C0CDF86A	19811	workspace/experiments/front40_fusion_v1/artifacts/rank09_kawashigi_context_step144_seed640001_n512x2.npz
8B159D15616F0357A8EBE3CDA2699CC984B8BDB029AAAC8ABBDDB4C69BF3D13B	5159	workspace/experiments/front40_fusion_v1/artifacts/rank09_kawashigi_firstshop_minimax_combined640_v19.json
A372E306F4661CDF734711F6ED3CA728CF42D44750B1D528908E9A92B9A09523	5230	workspace/experiments/front40_fusion_v1/artifacts/rank09_kawashigi_firstshop_minimax_full256_v38.json
D6E22170AD95BCF1009F45A9791000059DD6B7EB667AB3CBC6F0B6092183C825	4975	workspace/experiments/front40_fusion_v1/artifacts/rank09_kawashigi_firstshop_minimax_seed576_v4.json
95308744D059C80476A4D06F77227F2A3C885B9F92B92FAC8E1DE29BA83D55A4	5116	workspace/experiments/front40_fusion_v1/artifacts/rank09_kawashigi_firstshop_minimax_seed584_v12.json
390AF71D3880FC83855EE76942DD7BB71835AA72CBA4A69BE19DFD5F86735BCD	5158	workspace/experiments/front40_fusion_v1/artifacts/rank09_kawashigi_firstshop_stable_combined640_v18.json
68D2C2D51EE0B0B32242822B8B5C5CC68CBD0681E07CA05FF3D55221FBDCDA10	5228	workspace/experiments/front40_fusion_v1/artifacts/rank09_kawashigi_firstshop_stable_full256_v37.json
61F084F09BFD6E485E1A4A15DD1F87E77B829AB7025BD8717251368955E6FAE1	4974	workspace/experiments/front40_fusion_v1/artifacts/rank09_kawashigi_firstshop_stable_seed576_v3.json
E3373EDF0D891F93EC598C284328F1690E9D391EC0A907AD4533024090EFC332	5115	workspace/experiments/front40_fusion_v1/artifacts/rank09_kawashigi_firstshop_stable_seed584_v11.json
57C9595848013D6F028F71F084BB13817763E93BCEB9DCB44E5B87FDE2C7CE26	4958	workspace/experiments/front40_fusion_v1/artifacts/rank09_kawashigi_firstshop_stable_source_seed576_v6.json
81E07FE3CC2DD2DF025CF9DFD1BCC795556EA25341B1342EF1F964C85A9CFF95	5154	workspace/experiments/front40_fusion_v1/artifacts/rank09_kawashigi_firstshop_wilson_combined640_v20.json
AA30D2779C5DF5813C1C519571F7D170A68B60D9AC501BA1E0ADFD0A07DA063D	5236	workspace/experiments/front40_fusion_v1/artifacts/rank09_kawashigi_firstshop_wilson_full256_v39.json
4A202F40F53FA82B85F897D14A2719D451A5ABED1D6E5913A9C892E0B585E715	4970	workspace/experiments/front40_fusion_v1/artifacts/rank09_kawashigi_firstshop_wilson_seed576_v5.json
54E4F8CC496ED63F5446D603A120E36BDCAE4888C9C116DDF285D81F7309B04B	5111	workspace/experiments/front40_fusion_v1/artifacts/rank09_kawashigi_firstshop_wilson_seed584_v13.json
F3282C3ECC891537BE7097AD2E61C52A4C33D5F9185C98CC921D3B82BB835037	21940	workspace/experiments/front40_fusion_v1/artifacts/rank09_kawashigi_joint_minimax_win_compatible_all_v55.json
EA392BAD6ADBE345E7386820AC9044FF699F6AD9E98078E64322FBEB2DDB79F1	21928	workspace/experiments/front40_fusion_v1/artifacts/rank09_kawashigi_joint_minimax_win_source_second_v54.json
C23589E25FF59BB497F6BD4942BA3FF26CF7A7629549B4386DA56A5BE966E605	21937	workspace/experiments/front40_fusion_v1/artifacts/rank09_kawashigi_joint_pooled_win_compatible_all_v59.json
49786548DAF0F557D48F9A2CAFF756D23B0A2748BA6BCCFDB6D79F09EC8FD1B3	21930	workspace/experiments/front40_fusion_v1/artifacts/rank09_kawashigi_joint_pooled_win_source_second_v58.json
BC8B8582DE59CC1356BE3F1DCC827944790E085AF562E22591222BD73737D770	23481	workspace/experiments/front40_fusion_v1/artifacts/rank09_kawashigi_joint_shop_hybrid_v68.json
0C6D00CAF35F10BA67A18814A03F613FD5A2AA0F2EFC73A684C98657D8EE10C8	21936	workspace/experiments/front40_fusion_v1/artifacts/rank09_kawashigi_joint_stable_win_compatible_all_v57.json
1AE041DCCC9E5FF2E6F8CB1497CAFB221D93A13C0B6F5A6F2F205F9DE68170DB	21925	workspace/experiments/front40_fusion_v1/artifacts/rank09_kawashigi_joint_stable_win_source_second_v56.json
AA07F9DA7EFEB9EFFA10E9AF7FD4CCD307AAF656A453D034C67C694DAB1512B4	55057	workspace/experiments/front40_fusion_v1/artifacts/rank09_kawashigi_secondshop_combined640_v26.json
0FB9090D2CE7306A01FD557E1AC10EC4FF0ACD0E373929FFDCC6A70D3FF8274E	58963	workspace/experiments/front40_fusion_v1/artifacts/rank09_kawashigi_secondshop_dev128_v22.json
90A84484C71A2B83535C3316A2BF77B723591943F7CDAE2DF5DFF12EEB32F46E	65977	workspace/experiments/front40_fusion_v1/artifacts/rank09_kawashigi_secondshop_minimax_full256_v41.json
C0D2A7CF4B1B447C1F825E95800C2CB3542292A66F16BA2BC1BFD2F270476C96	69543	workspace/experiments/front40_fusion_v1/artifacts/rank09_kawashigi_secondshop_minimax_strict10_v48.json
B038480E0873B6BAFF7366C335C6F0B8AB740A6B1BA8531A083C0E9B19A94FF8	58813	workspace/experiments/front40_fusion_v1/artifacts/rank09_kawashigi_secondshop_safe12_combined640_v28.json
AC381D58A35DE272EC3F90EA17AD3D1831C204A257BB2B3F9735E2CB965A5951	63829	workspace/experiments/front40_fusion_v1/artifacts/rank09_kawashigi_secondshop_stable_full256_v40.json
2659F3EE917C24B1207C5950DD0BC968790F16F3E337F9B19580BE8BB7878DE0	58816	workspace/experiments/front40_fusion_v1/artifacts/rank09_kawashigi_secondshop_strict9_combined640_v29.json
CD64C3890C5167917B919B8C165D48686C91F361FD0B96A5254FE744D0A2FF0F	63814	workspace/experiments/front40_fusion_v1/artifacts/rank09_kawashigi_secondshop_wilson_full256_v42.json
91A50DAF7B439F84647A41FE9E38F5B56E6844FD6BB57BE2DFAE9FAEF104A098	516124	workspace/experiments/front40_fusion_v1/artifacts/rank09_kawashigi_shop4_minimax_known5_v85.json
72B6DD8B38F5A0B3A47B3A86A5EED33BD7DE6C55DAFB5009B26E7F0004EE1AF3	516123	workspace/experiments/front40_fusion_v1/artifacts/rank09_kawashigi_shop4_pooled_known5_v87.json
B06625AF1AB74010D975495B29B8DAC2ACE7930C0821F040BF9F015248389637	516123	workspace/experiments/front40_fusion_v1/artifacts/rank09_kawashigi_shop4_stable_known5_v86.json
51084E2CD2DFF333A857FD44167B4E524E3C61E14D7C40B3D1EB654CA112AA20	190852	workspace/experiments/front40_fusion_v1/artifacts/rank09_kawashigi_thirdshop_minimax_known5_v75.json
4D57519215A974C34E5E0F3753752BAEA7573DBB42D208F97A64B4F546B4D94B	190856	workspace/experiments/front40_fusion_v1/artifacts/rank09_kawashigi_thirdshop_pooled_known5_v77.json
447F2E02BEB826B58B52166ABF624F6713475C31AD0AE9FCB231E798248C430A	190854	workspace/experiments/front40_fusion_v1/artifacts/rank09_kawashigi_thirdshop_stable_known5_v76.json
0206AE91600CAD0E78A50F4BAFAB0376351C92CD0C46705EA6BDC54E523E4B15	22355	workspace/experiments/front40_fusion_v1/artifacts/rank09_kawashigi_thirdshop_validation_blend_v107.json
14880E2F20F26EEE7F8249C695AE2D3EF872DFDE5D9C3C90236C1F52EB3E8F2E	4537627	workspace/experiments/front40_fusion_v1/artifacts/rank09_kawashigi_trace_bank_v1.npz
9DB24F060C037B623D9339701144606745D43A81556D04DDB93738F9AAEA7A52	22713	workspace/experiments/front40_fusion_v1/artifacts/rank09_kawashigi_v115_pizza_fixed_route100.json
A13E8FDE2439BF9D61202B77DF812D13B2E7FA2C903B8C3400FCBF71A294BA50	56632	workspace/experiments/front40_fusion_v1/artifacts/rank10_seb_compatible_secondshop_dev512_v5.json
D83AB344192409CBF2B572476F2B8D97D3377092FADC51EBE7EC54E44DA734ED	69734	workspace/experiments/front40_fusion_v1/artifacts/rank10_seb_crosssource_secondshop_dev512_v7.json
ADCB8CB9A4C91560BD2963CF27B7870C112C240DE68E1CE7936253883BD884A2	706	workspace/experiments/front40_fusion_v1/artifacts/rank10_seb_threepanel_minimax_firstshop_v4.json
51741EA3A0FE62BDA44FE6209E2EA031D4882D221A363B72DF31E4BD7787FD81	4766805	workspace/experiments/front40_fusion_v1/artifacts/rank10_seb_trace_bank_v1.npz
78DF2F061F9DB38CE562536E1CDFA5463318A5FE2B7E2545C2EBFB8D3ADDD130	706	workspace/experiments/front40_fusion_v1/artifacts/rank11_peikopon_threepanel_minimax_firstshop_v4.json
88E023F1B1EA811CEC59400CCB28632804257CD8B26ECD089570AA74CE951F06	2636987	workspace/experiments/front40_fusion_v1/artifacts/rank11_peikopon_trace_bank_v1.npz
C0D24BC885C8CC060F34A7FE76360F05C633FF35B833C06516062BF184D83EF9	1688012	workspace/experiments/front40_fusion_v1/artifacts/rank12_fufufukakaka_trace_bank_v1.npz
23F23F1095DB299148B411AAC8269DB680F42163A8AC8C3BB7BCE5619BFBBD93	70071	workspace/experiments/front40_fusion_v1/artifacts/rank13_burntpotato_secondshop_exactprefix_cross_v6.json
A46D8B0A0342ADCEDFA8C8E21478D5EBBDC3E668174EB65C41CA22203025629D	1272883	workspace/experiments/front40_fusion_v1/artifacts/rank13_burntpotato_trace_bank_v1.npz
EC6802710183B0AA51FD39047E965E5A376552E951EF474A3256633C2B78B0CA	745	workspace/experiments/front40_fusion_v1/artifacts/rank13_burntpotato_two_panel_pooled_firstshop_v3.json
0B66C9ACBBE56E4178EBB20C1144200C7D2ED6F1B01D9B0AFEF15702129D0B5A	2029194	workspace/experiments/front40_fusion_v1/artifacts/rank14_kaan_diniz_trace_bank_v1.npz
50A71811DD80D65116BCF3F85E00745A7657AF0D2854A907BAFC2F85E29C358C	671	workspace/experiments/front40_fusion_v1/artifacts/rank15_recursion_fixed_route80_v4.json
1BAD5A85B9B101543D260D3855D23DB8D9F57549ED19F3EC3A689F59D0CD2B5A	2920144	workspace/experiments/front40_fusion_v1/artifacts/rank15_recursion_trace_bank_v1.npz
D6D34937034CF8E2D73399B292ED88EF7B4EDE783AF569498B6BD31272B354D2	2904704	workspace/experiments/front40_fusion_v1/artifacts/rank16_lucien_trace_bank_v1.npz
A939D0FF7096D70D514CA33C49B27867ECD9F5046673B9CD7BE73FCE6E527D22	73763	workspace/experiments/front40_fusion_v1/artifacts/rank17_sarthak_secondshop_exactprefix_cross_v10.json
CB87B667B9EF3CCDF5DE3E0A1059FDF60991A0E5F1FCA90E4EA6733C05CADF7E	748	workspace/experiments/front40_fusion_v1/artifacts/rank17_sarthak_three_panel_pooled_firstshop_v7.json
7CF268ED4B927077A1DBC0A0B38268A4FD4C1ADB426FD0D61D2E2CBE3C0D490F	1504651	workspace/experiments/front40_fusion_v1/artifacts/rank17_sarthak_trace_bank_v1.npz
C6CD2E3718C2042ADE5676AFE27716DF3D9BFF8F70F0C9A17BC36E3D54B3361A	756	workspace/experiments/front40_fusion_v1/artifacts/rank17_sarthak_two_panel_minimax_firstshop_v3.json
F6A3F9E3718A92A7C04364ACCBDFF75187EF56FF7367A495C6CC5527C3BE613F	1360242	workspace/experiments/front40_fusion_v1/artifacts/rank18_mandgeee_trace_bank_v1.npz
2FD3626CB03B36BEE1C5E5CAE9C28E447A5701C6814DF410782313ACF265476C	3023181	workspace/experiments/front40_fusion_v1/artifacts/rank19_xiaowenhao404_trace_bank_v1.npz
5807CA0AF183660A110564C00DF1FE049B832F2A31209A611A4C31A8244D467E	1510544	workspace/experiments/front40_fusion_v1/artifacts/rank20_u_trace_bank_v1.npz
EC67F677006931F2C03641AA8D99771CA79C170E111B3EDAB411127E0DAE30E3	732	workspace/experiments/front40_fusion_v1/artifacts/rank21_saikushal185_minimax_firstshop_v4.json
7B35E69EBB755678CC81732C29781B8439D2870F28502D8CE0CD590E24B139A6	75851	workspace/experiments/front40_fusion_v1/artifacts/rank21_saikushal185_secondshop_dev0_v5.json
CE1AB01FF20863F1F4273FD23DBE761880688241F720BDB52D76E4BD6157E1E5	70159	workspace/experiments/front40_fusion_v1/artifacts/rank21_saikushal185_secondshop_dev1_v6.json
E988AB3E060A9E2CEEFA8C55CF1F4ADAD990AE0A4D8BCE533E3B0DB7106E02D9	74915	workspace/experiments/front40_fusion_v1/artifacts/rank21_saikushal185_secondshop_pooled_v9.json
7EC737B81733F038B14B375E0F8C5675A46CE365DC6538C8F3BEE92E3C81BC90	2340277	workspace/experiments/front40_fusion_v1/artifacts/rank21_saikushal185_trace_bank_v1.npz
383CDC9EB6CA8D97EA139038F3BA32FB1DA95EB71C7886DBE4D1E5FAB98C986D	2946478	workspace/experiments/front40_fusion_v1/artifacts/rank22_victor_tufa_trace_bank_v1.npz
B9EAFB8FFAFC6379B4FB0B11AE85192FBF99F7F5B32D42961C768ED3D1CA0197	82957	workspace/experiments/front40_fusion_v1/artifacts/rank23_xw_secondshop_three_panel_v6.json
4D4F9EDBFAF404F3018883E2FCE4A2B72BD96FDE2D277F6310B74D59E765E632	185595	workspace/experiments/front40_fusion_v1/artifacts/rank23_xw_thirdshop_three_panel_minimax_v9.json
AF78A674EED2B00480F35C58BBDAAFDCE60615093199F25AF465CADB5A214F98	185593	workspace/experiments/front40_fusion_v1/artifacts/rank23_xw_thirdshop_three_panel_pooled_v14.json
45A1A0859AAD5A6BE3DC1C4CC2262C01559877264A90EF4494E8435A7597857A	185593	workspace/experiments/front40_fusion_v1/artifacts/rank23_xw_thirdshop_three_panel_stable_v13.json
CB73E5B248918D6BF35D61BDC72D7586DAB36A339C2F6E0A9979336EAC0BDCC8	741	workspace/experiments/front40_fusion_v1/artifacts/rank23_xw_three_panel_minimax_firstshop_v5.json
9E1473D96C017C2FEE40CDB619909E4C92002FD3FB287C695A4E94CD87293998	1671142	workspace/experiments/front40_fusion_v1/artifacts/rank23_xw_trace_bank_v1.npz
23EB170680A8050F389E4C1730F774A044D79FF3C675D6FD3089DBAB14E3F928	81198	workspace/experiments/front40_fusion_v1/artifacts/rank24_stackknight_secondshop_two_panel_v5.json
DF0FEFE527C8DA58B690E0A083D0262193EA3655EFC48D45DBC52B107879FA73	2833646	workspace/experiments/front40_fusion_v1/artifacts/rank24_stackknight_trace_bank_v1.npz
5E7376EC0678F4BC7E1AE555FCE6E7A750181ED9AE70A35C3D32A17323CD6945	743	workspace/experiments/front40_fusion_v1/artifacts/rank24_stackknight_two_panel_minimax_firstshop_v4.json
B7DFE84AEAFF2435BEF4D0D6A884B043644DC864D7134A42F5A22DFDCA0F894C	3102532	workspace/experiments/front40_fusion_v1/artifacts/rank25_wiz_trace_bank_v1.npz
B5FA5E5F344816639A697C0A54807DCEF8299ED98B643019ECEFFBC60F2B0141	3104005	workspace/experiments/front40_fusion_v1/artifacts/rank26_efe_trace_bank_v1.npz
6EFD81B6BC9930DC0CD5FEB66E3B1C7F65837E40E4B2DD38AF48588F132EDDEC	1330776	workspace/experiments/front40_fusion_v1/artifacts/rank27_atakan_trace_bank_v1.npz
24C7904832F99C2DA6D3B322480043AEF963473D320D29A7CC785D986CE5F008	79466	workspace/experiments/front40_fusion_v1/artifacts/rank28_shiiin9_secondshop_two_panel_v5.json
D7E1C822452ECAA1E393830E2281430A8EB9FE91D4AE21F3B35C252A9DA446E6	1605553	workspace/experiments/front40_fusion_v1/artifacts/rank28_shiiin9_trace_bank_v1.npz
ADC9D969E613086F70E38DE52F38C128D05A843E98989F7570AFD853FE59BBEF	733	workspace/experiments/front40_fusion_v1/artifacts/rank28_shiiin9_two_panel_minimax_firstshop_v4.json
C4E3245E7513C9A8C3720F2573D4DDBF7C2C02A17ADA7CE189C600D83089C7A1	93762	workspace/experiments/front40_fusion_v1/artifacts/rank29_lucaskna_secondshop_two_panel_v6.json
4DBDC4932EE667A6AC22D8AD3170FF970D3192C75B6EFF3E810653366F8B8D52	1640273	workspace/experiments/front40_fusion_v1/artifacts/rank29_lucaskna_trace_bank_v1.npz
11569C65D872834B79F7D377E6D67FF4490BCA64542017EE584EA4844AC7C0A5	735	workspace/experiments/front40_fusion_v1/artifacts/rank29_lucaskna_two_panel_minimax_firstshop_v5.json
FFB1C469D2B440BBCA168DB79DEF3402D8FCCE178A2DF3E5E31890E560252F53	93887	workspace/experiments/front40_fusion_v1/artifacts/rank31_bplyc15_secondshop_single_panel_v4.json
03C196C7C6F20530F0CE7AAB1C1681FD8AD7B53C16E3CC3DE0E7AEFE45F5E31D	670	workspace/experiments/front40_fusion_v1/artifacts/rank31_bplyc15_single_panel_firstshop_v3.json
F603ABA14E1B7E04ECB193931B5B5C9CC03E192494BFD3BBE5276F0B46BE2459	2577826	workspace/experiments/front40_fusion_v1/artifacts/rank31_bplyc15_trace_bank_v1.npz
5D6BE89FC33601F5EE872D1AEA0896465887133FF26156629456922A44362C2E	3885981	workspace/experiments/front40_fusion_v1/artifacts/rank32_tetsuya_trace_bank_v1.npz
BA06B0B39E1B82AB68112C855AC27875E83726D49C9B31EE08659EA47CA40F21	2651365	workspace/experiments/front40_fusion_v1/artifacts/rank33_unknownrobi_trace_bank_v1.npz
25B4909C0AA40EE6AEAF7D45759488FF24A6310B2C9BEDECFFDD0CD486941300	65990	workspace/experiments/front40_fusion_v1/artifacts/rank34_arda_ceylan_secondshop_two_panel_v5.json
7EE00C9A4CDAD0F27014B01BB455BD47359DA19A23483300A5138AB6C6A124AB	1973316	workspace/experiments/front40_fusion_v1/artifacts/rank34_arda_ceylan_trace_bank_v1.npz
C18076CD3ECC4BB7D553D049D90EA2025B134B2888CF41E013AA181ABA58FBBD	741	workspace/experiments/front40_fusion_v1/artifacts/rank34_arda_ceylan_two_panel_minimax_firstshop_v4.json
B77D977A5097E97F8817439A795327B641DF31554AE6877BB878CEBF56FC7BFE	3417903	workspace/experiments/front40_fusion_v1/artifacts/rank35_webmaking_trace_bank_v1.npz
48608A512BAAF61EC54ACA7C3E424CC5F43F66111AFFD2E71F66E4BBAE3C8993	78395	workspace/experiments/front40_fusion_v1/artifacts/rank36_james_holland_pooled_secondshop_two_panel_v9.json
00B9C07F1C2C169F4B310C95D8F9DEB1E25DCBE30363CA76DDC06DC9035663AF	78412	workspace/experiments/front40_fusion_v1/artifacts/rank36_james_holland_secondshop_two_panel_v5.json
4184993A37A861C1865DC317E964BABDCC73324899EF7764815044B77CB4717C	814	workspace/experiments/front40_fusion_v1/artifacts/rank36_james_holland_three_panel_robust_firstshop_v13.json
589C81A72E55631F3C6403E0EC69B19472B03F9620140B2E7A05C3D15325232E	79979	workspace/experiments/front40_fusion_v1/artifacts/rank36_james_holland_three_panel_secondshop_v14.json
0BA7F214A1F21FA182F21F165BAD5DF9EAE3138C70D3ED68142B7D0C72968736	3536472	workspace/experiments/front40_fusion_v1/artifacts/rank36_james_holland_trace_bank_v1.npz
32743B20899EB2BBAC41469E7023E3F4CEF090E1BD3F2BAC6F886309DB19C03F	750	workspace/experiments/front40_fusion_v1/artifacts/rank36_james_holland_two_panel_minimax_firstshop_v4.json
9646EAA0FF47352B6853C1B7B72B6F6ACE54EBA85C986A546E5A8C29868443BA	762	workspace/experiments/front40_fusion_v1/artifacts/rank36_james_holland_two_panel_pooled_firstshop_v8.json
71FCC2CFB204A26B59E3A949C46D706154ADE27F1E595AF9ABD94CB08E0106E2	74414	workspace/experiments/front40_fusion_v1/artifacts/rank37_kenjo1209_secondshop_cross_source_two_panel_v17.json
168C427732D4A82925C86B9E882749603F816C9996806480C7230C7804D64DB1	56920	workspace/experiments/front40_fusion_v1/artifacts/rank37_kenjo1209_secondshop_same_source_two_panel_v16.json
482C551AAF1C65766657AAC7EF26FDDC077B465F8E4E3CC0B3C7942B42DA811B	4884	workspace/experiments/front40_fusion_v1/artifacts/rank37_kenjo1209_single_panel_minimax_win_firstshop_v4.json
6B1ED97FBC0098A276856B4DA86633B706347B4DA6849B1C609E8A0002F73A38	4883	workspace/experiments/front40_fusion_v1/artifacts/rank37_kenjo1209_single_panel_stable_win_firstshop_v4.json
64F8BB61581EA75950F102CA8DD1352DC8E76825772F1C9CD3631A362D5823F8	4913	workspace/experiments/front40_fusion_v1/artifacts/rank37_kenjo1209_single_panel_unrestricted_minimax_win_firstshop_v7.json
7F01A47AD9F59D8CD0511D236BC6C441DBDA8C35FA2ACC20D156353D6B3DDA4B	4912	workspace/experiments/front40_fusion_v1/artifacts/rank37_kenjo1209_single_panel_unrestricted_stable_win_firstshop_v7.json
2147E3E77D7CBC2F754AABA8F7BF7A2A0F96891BCB3866FDD011EDE51EFAB899	4908	workspace/experiments/front40_fusion_v1/artifacts/rank37_kenjo1209_single_panel_unrestricted_wilson_firstshop_v7.json
B83A01C54A4B604785F83636DBAEA553C771EB325FFD4445F735C8EB0D6298CF	4879	workspace/experiments/front40_fusion_v1/artifacts/rank37_kenjo1209_single_panel_wilson_firstshop_v4.json
1D509E890F6CFF430AC6780979173BB1AC6B052D2681D0993CE97EB0C3C940F5	4426190	workspace/experiments/front40_fusion_v1/artifacts/rank37_kenjo1209_trace_bank_capacity256_v1.npz
628C3BFECF23F335E6D5947E57B61A145E0530FDA6B86228DBF1D134D145CD09	2604938	workspace/experiments/front40_fusion_v1/artifacts/rank37_kenjo1209_trace_bank_v1.npz
56658F3221BB4D344679CA0321D8784CEA850CA6E20AF4D43A09C5F45E2D1FBF	5355	workspace/experiments/front40_fusion_v1/artifacts/rank37_kenjo1209_two_panel_unrestricted_minimax_win_firstshop_v14.json
75100C8F0F25AC461D9D206905FEAF70E113A88D64F11EA0CEC681FE3CD0DB94	5354	workspace/experiments/front40_fusion_v1/artifacts/rank37_kenjo1209_two_panel_unrestricted_stable_win_firstshop_v14.json
1923885B7F01FA5B6A8C187CE35A442DAB9D085518ACAEF60C5A307EED0DC808	5322	workspace/experiments/front40_fusion_v1/artifacts/rank37_kenjo1209_two_panel_unrestricted_wilson_firstshop_v14.json
2425828ACC4AA2C6833C56EA435E68530B39E97058FF4DF6850EDCE16071E5E3	5044	workspace/experiments/front40_fusion_v1/artifacts/rank38_ebisu_ya_single_panel_unrestricted_minimax_win_firstshop_v4.json
65F15AED1DBD343830C1A92821016D98E96830998E4D2A793F9FF44EBB083B0F	5043	workspace/experiments/front40_fusion_v1/artifacts/rank38_ebisu_ya_single_panel_unrestricted_stable_win_firstshop_v4.json
C7E1F966725F2A59370AFFFCC50FA8A9A92E7350FBCA65BFA92E13699917131B	5039	workspace/experiments/front40_fusion_v1/artifacts/rank38_ebisu_ya_single_panel_unrestricted_wilson_firstshop_v4.json
38BB293BFCCEA260333CA5DAFD0B5252384CA58D08F9A64831566E0DFDD55D8B	3818968	workspace/experiments/front40_fusion_v1/artifacts/rank38_ebisu_ya_trace_bank_capacity256_v1.npz
6182E846A222EF1CCBAB17AD9709A0CE8878B5F896B1064A653ABF40E3C3C9B6	1012872	workspace/experiments/front40_fusion_v1/artifacts/rank38_ebisu_ya_trace_bank_v1.npz
F0983666793A44CB8683F644ACFD643EFC21EF86203E5720188CBA025E590A37	67983	workspace/experiments/front40_fusion_v1/artifacts/rank39_lelelove1225_secondshop_cross_source_two_panel_v14.json
3140EF363F1CDFF86E2ADC428AC6915D71EEB119359D6BC1C5DB194F2202098C	56269	workspace/experiments/front40_fusion_v1/artifacts/rank39_lelelove1225_secondshop_same_source_two_panel_v13.json
25FC444D2E3BFCF55917893492C6827E8F68D384548FAEE28A0C313693026844	4768	workspace/experiments/front40_fusion_v1/artifacts/rank39_lelelove1225_single_panel_unrestricted_minimax_win_firstshop_v4.json
5049FE9D1669D2D0E952A3F8C24EEBEADA9922FD6C1B2FAEF60A7E69BE7127C8	4767	workspace/experiments/front40_fusion_v1/artifacts/rank39_lelelove1225_single_panel_unrestricted_stable_win_firstshop_v4.json
7BBDB7D95FA2A6D57491539351041D56869A3F3FEC5C732630EF006475D5A3E8	4763	workspace/experiments/front40_fusion_v1/artifacts/rank39_lelelove1225_single_panel_unrestricted_wilson_firstshop_v4.json
0485E1D23AE02B983E8E83CFD3FA0BA46FB536C574777137792533A695E5727D	3877539	workspace/experiments/front40_fusion_v1/artifacts/rank39_lelelove1225_trace_bank_capacity256_v1.npz
7CEBBD3DE3DF72241321A5848829D8CFF1D80D2A3CC469B47862C4FB09844E77	1388760	workspace/experiments/front40_fusion_v1/artifacts/rank39_lelelove1225_trace_bank_v1.npz
CAACFBDFEA51F457E9BA32B6B737531B332F258FA416A93A1A6A7E3A55D9999C	5315	workspace/experiments/front40_fusion_v1/artifacts/rank39_lelelove1225_two_panel_unrestricted_minimax_win_firstshop_v11.json
347579B183FD086F06CD6A9CEC73F0CC8477EF9ED2DB8592200A57C9BB188AA9	5311	workspace/experiments/front40_fusion_v1/artifacts/rank39_lelelove1225_two_panel_unrestricted_stable_win_firstshop_v11.json
59DA49A8C3EA98F199127C27B2F4EC63E56CA5F1E95AA87B34233375B8DE4142	5307	workspace/experiments/front40_fusion_v1/artifacts/rank39_lelelove1225_two_panel_unrestricted_wilson_firstshop_v11.json
6693B0FE2FB1638AFF6E13F8B8D4F32CE4944B50A37EF732D048EFDD3A99EEC5	84308	workspace/experiments/front40_fusion_v1/artifacts/rank40_ar_sekkat_secondshop_cross_source_two_panel_v14.json
4BA01C0CB7D0EC2107888D3859107B02BDC83D60720374C462BD0714C715F8D5	66036	workspace/experiments/front40_fusion_v1/artifacts/rank40_ar_sekkat_secondshop_same_source_two_panel_v13.json
50B08D62E0055574E528626FF5F4D16525C7EC87047C2A8CD8A718A765B20353	5050	workspace/experiments/front40_fusion_v1/artifacts/rank40_ar_sekkat_single_panel_unrestricted_minimax_win_firstshop_v4.json
FE07ECBCB57F08EC9214C05EC977709D1478E122D62134B1A4B1D7BADA451584	5049	workspace/experiments/front40_fusion_v1/artifacts/rank40_ar_sekkat_single_panel_unrestricted_stable_win_firstshop_v4.json
7B63ECD0CA8ED70AD2B7A8CF55C098463D4CD8EF54C21E07ED1C0A31BB360C2A	5045	workspace/experiments/front40_fusion_v1/artifacts/rank40_ar_sekkat_single_panel_unrestricted_wilson_firstshop_v4.json
02EDA1F0C22A6AF77304EC439A9A256EFD30DDF51D71E46CD4555EE06989AAF4	4522468	workspace/experiments/front40_fusion_v1/artifacts/rank40_ar_sekkat_trace_bank_capacity256_v1.npz
39CA646E3D4B77960B3BBD94C4992AEE4F6906496BD49BC35E881D7B4ADB2A41	2927146	workspace/experiments/front40_fusion_v1/artifacts/rank40_ar_sekkat_trace_bank_v1.npz
F132017C1287CBCC03E80B81DBBE63345AE051195D9019A2F3836DD274449EA6	5346	workspace/experiments/front40_fusion_v1/artifacts/rank40_ar_sekkat_two_panel_unrestricted_minimax_win_firstshop_v11.json
0E3DB010BD2A7D7692613B75BAFD91EFE8311613279E97BA5CE0BB19E7055A2A	5345	workspace/experiments/front40_fusion_v1/artifacts/rank40_ar_sekkat_two_panel_unrestricted_stable_win_firstshop_v11.json
3ACA471482C5F6AC4500CCCD38E897353DA44983B0724DF05C69BA15D869B2BD	5377	workspace/experiments/front40_fusion_v1/artifacts/rank40_ar_sekkat_two_panel_unrestricted_wilson_firstshop_v11.json
D13343BAE4FF1299A50ADDE4FFD64E42676E2C5814C12D40A4D0BEF5AE6A81B4	329638	workspace/experiments/front40_fusion_v1/artifacts/trace_behavior_hash_ledger_v1.json
737862556AEC080F1788339C4DCA7F0BCA1CFD398F28BAE31A2813BCFC36F39E	734	workspace/experiments/front40_fusion_v1/configs/hasegawa_v1_v2_holdout_candidates.json
4B047A1F51695F90C90B1424CA7C7264E43B07CBD6A83E9F70A2912663E0EF63	843	workspace/experiments/front40_fusion_v1/configs/hasegawa_v10_v11_holdout_candidates.json
7629D45C7E464B23C2A3D2A4D77B644A5773C6B9B6F592BFB9BDD44F0F8771D8	1149	workspace/experiments/front40_fusion_v1/configs/hasegawa_v11_frozen_best_v1.json
676FE9B8A2ED1F23C95657328ACD5F36ED988CFD1131BBA5CAD86A37A79500BF	735	workspace/experiments/front40_fusion_v1/configs/hasegawa_v2_v3_holdout_candidates.json
4F57297E7BFEE391C5BF2385836CA8210108732DE9CFA2286CD0A51C3589C9A1	728	workspace/experiments/front40_fusion_v1/configs/hasegawa_v3_v4_holdout_candidates.json
5C7104CBB64099449BC055F77CBD7135FD2CE0ACE575EF85AAB62A132F2A73E3	723	workspace/experiments/front40_fusion_v1/configs/hasegawa_v4_v5_seat_holdout_candidates.json
A5674B72DB9E494AE981F2CA3D16364F51C1D49AB5657ED5BB5E61C662D595A1	719	workspace/experiments/front40_fusion_v1/configs/hasegawa_v4_v6_holdout_candidates.json
C9D13ECE643ED51932C02273324B7EF6A9A006D946E47BBD8A9DB6BF0CB17BAD	707	workspace/experiments/front40_fusion_v1/configs/hasegawa_v6_v10_holdout_candidates.json
33359BE1F5BE37D9DE2DC8038840449710607B88FEAE7C1BA4A88479D465CA64	840	workspace/experiments/front40_fusion_v1/configs/hasegawa_v6_v7_second_shop_holdout_candidates.json
E8F3AE4547B1CC2181F640CAE34E84BF60FE8E9823FE0A7534907D150E298C94	835	workspace/experiments/front40_fusion_v1/configs/hasegawa_v6_v8_second_shop_holdout_candidates.json
41C59C3C4D4BD7FB3C3A376163D48A81CB3EC8A4E357449C148BCCA32540CC37	723	workspace/experiments/front40_fusion_v1/configs/hasegawa_v6_v9_first_shop_holdout_candidates.json
B7ED4301ED7253CE0FBF0D3E61C6B5B4C78A74B78C56E8E2E3E368F0F11FE7EB	1027	workspace/experiments/front40_fusion_v1/configs/hasegawa_v6_v9_v10_holdout_candidates.json
F44F106844FDD9A6ACB5C2A7BDE6E39A6F61B84C719CD5CCB59854152FDAC058	586	workspace/experiments/front40_fusion_v1/configs/rank02_crop_dusta_hasegawa_hybrid_v34_candidate.json
FE55752968C85C4D452CA7AED5E186BA7ABDE38F4E44744BA0169AEF088DA2F8	561	workspace/experiments/front40_fusion_v1/configs/rank02_crop_dusta_modal_v31_candidate.json
5342BCA49414C316BBCC2794A53993918FE008FE57D365208D91B55DAAA6DDC2	781	workspace/experiments/front40_fusion_v1/configs/rank02_crop_dusta_static_frontier_candidates_v36.json
5DC1F59893EA490FBB2DB34198D0374D062C189C4BBDC74D34A7E9E13B3F87B0	1056	workspace/experiments/front40_fusion_v1/configs/rank03_subramanya_firstshop_candidates_v7.json
75E0103DDC67FD063999F8A9925CD1896BC00B4E9ED0A2F7C3CA97326E5D089C	950	workspace/experiments/front40_fusion_v1/configs/rank04_arman_online_final_pair_v43.json
3372483331325E5BE34630826F4B7C513875B3C01EF43C20F6AA0034A5177163	1806	workspace/experiments/front40_fusion_v1/configs/rank04_arman_online_secondshop_candidates_v41.json
A325F4A32FFE3A63A5B3EF95E703C89EE643E24C4D13FA7F8E3F22BD49646457	2899	workspace/experiments/front40_fusion_v1/configs/rank04_arman_v45_frozen_best.json
CAD9230EFB90EBC67FE2A50242EBB386611B0858A43BDBD8D26F0328FB3CF63F	816	workspace/experiments/front40_fusion_v1/configs/rank05_mimi_online_final_pair_v25.json
8A6B1687D2D1E0233D6AAA53E3E268510161D3CA9FB219387E3F4D297B49A937	3170	workspace/experiments/front40_fusion_v1/configs/rank05_mimi_v29_frozen_best.json
3D4FB3539C2289A77BC684896AADA944E8759A34B13F9C97F18E1A917F3A0A9F	518	workspace/experiments/front40_fusion_v1/configs/rank06_kanta_online_final_v24.json
781D20CD858EC7EEBCB8106B70A09F6D5085FD011151430162CC9C32E88E8368	3418	workspace/experiments/front40_fusion_v1/configs/rank06_kanta_v30_frozen_best.json
4679F98DAFF8E530BF9AA2D97AC876C7BECD277B30F5A8C412CFB39163277D73	526	workspace/experiments/front40_fusion_v1/configs/rank07_active_online_final_v28.json
4E4CDA7D580CF49FD03D3BE4332CBCF2B3CFCE6FF616C9071AB6BBF221F8F31F	4020	workspace/experiments/front40_fusion_v1/configs/rank07_active_v32_frozen_best.json
2BFCBE282F160CE140743761CBF055B19B6D76A7544AA623F122512CBF7B9EF2	531	workspace/experiments/front40_fusion_v1/configs/rank08_kobe_online_final_v42.json
C6191F3B2DB8469ABD7749D80898707AA3A80E6BB66886045D451E82DB87DE0D	3820	workspace/experiments/front40_fusion_v1/configs/rank08_kobe_v46_frozen_best.json
C6044BBE185D9A7012A5BA8C287E1FA5BB8240EA51A591148F4F72C89B88CF2E	3572	workspace/experiments/front40_fusion_v1/configs/rank09_kawashigi_v115_frozen_best.json
39C10BACE3BBB4DA7C1B58E41566CC4FC2F032C1EF3AB0B325ED8DC01173744F	382	workspace/experiments/front40_fusion_v1/configs/rank10_seb_final_probe_v9.json
7D15AC87908FD7EDD5FD9A98EAED6FEF574DAC4E70FEA21C1A7C5EFC3D9E3FA2	818	workspace/experiments/front40_fusion_v1/configs/rank10_seb_first_second_shop_probe_v6.json
CC857C62404FF61A6AAD7A659402C97482D804C88EED771052CD7F7FC2DF04CE	3361	workspace/experiments/front40_fusion_v1/configs/rank10_seb_v11_frozen_best.json
E74EF87BAD65C1AC82D3645B8433081D20AA65C4A643DA7A9D071C0A3484CD0A	402	workspace/experiments/front40_fusion_v1/configs/rank11_peikopon_final_probe_v5.json
D85553097B3F6C010D0FC76D4D52978E21701B8677D0DE34FBCEEF10D5420A5A	3303	workspace/experiments/front40_fusion_v1/configs/rank11_peikopon_v7_frozen_best.json
9D1186DA83F028AB7A494453A051B0D3969CE364AFF3ADE0DBE1C06D53F0A4EA	873	workspace/experiments/front40_fusion_v1/configs/rank13_burntpotato_final_pair_v9.json
57375646309D41B3436A1730B169136D7D2E451899AAE152D3B2A50857E8C183	412	workspace/experiments/front40_fusion_v1/configs/rank13_burntpotato_final_probe_v4.json
A10259C3D56D5EE32D2268E1D1104939892D8F4F9848FC82CE44B46D381D7A67	554	workspace/experiments/front40_fusion_v1/configs/rank13_burntpotato_secondshop_probe_v7.json
91B3955B2CF0AD088E9B1476009FFD195CEFD118EBDF43C27B05D0EE11E35700	4143	workspace/experiments/front40_fusion_v1/configs/rank13_burntpotato_v12_frozen_best.json
3327A95A06B907FAFE3A8183AC1E845FAD178560C70AE9685876AC352DA98A14	395	workspace/experiments/front40_fusion_v1/configs/rank15_recursion_final_probe_v5.json
7A05AE014A172AE4D7D1A08211EA05F52C71B422993AE92DA5E3F950DECFC7E7	3376	workspace/experiments/front40_fusion_v1/configs/rank15_recursion_v7_frozen_best.json
B793D4C555AA4A5C690CAD85C6D7B8F7237A6E6E1F8FEBB437025162173CFC44	843	workspace/experiments/front40_fusion_v1/configs/rank17_sarthak_final_pair_v13.json
F44211DD28FBDFE694703AC6375D64C11C900C84693ACA3FD447357D4D9131E8	399	workspace/experiments/front40_fusion_v1/configs/rank17_sarthak_final_probe_v4.json
1F65E15908412241441965A743CFC822EB1286B115A241B93A9206912120044C	403	workspace/experiments/front40_fusion_v1/configs/rank17_sarthak_final_probe_v8.json
A2338C1403994D9BAD70AE2913841572C7547210C106433AA5F077D64DDEC8F7	538	workspace/experiments/front40_fusion_v1/configs/rank17_sarthak_secondshop_probe_v11.json
AF3A2B971FB8E3DD17039D9F48C6570BC707A28B13F04D024DE22AB7B03D0769	4064	workspace/experiments/front40_fusion_v1/configs/rank17_sarthak_v15_frozen_best.json
DC495E8E44DB9AB9CF0C4F89BADC1375405552DA2C3894088CCC4A154CC63DB1	853	workspace/experiments/front40_fusion_v1/configs/rank21_saikushal185_first_second_pair_v10.json
3300C1B21707C97E36E55AF90211EF746B67165400CF8E2C09F76D55DBC01CEA	792	workspace/experiments/front40_fusion_v1/configs/rank23_xw_first_second_pair_v7.json
06C666CC5F17A0F3331A290C07D754A6F0EE03ACEC592D44B616D0548BBFA8BD	867	workspace/experiments/front40_fusion_v1/configs/rank24_stackknight_first_second_pair_v6.json
76B2883264A76E8B5FFBF6CF1D36FAA7B2A9E413096E5FD86DBEB314CF683103	831	workspace/experiments/front40_fusion_v1/configs/rank28_shiiin9_first_second_pair_v6.json
ED32D181E30FB46B57A175A9468368488FDEA1C7539B8E5F70DE111259E1BA4A	840	workspace/experiments/front40_fusion_v1/configs/rank29_lucaskna_first_second_pair_v7.json
D283C785E0DAD04610ADD26E4708BBA55C4FB5B2C63832C5951DF877ACC1C872	824	workspace/experiments/front40_fusion_v1/configs/rank31_bplyc15_first_second_pair_v5.json
4D36C3E1ED9CEEF8677479FFD2CD9F34293AAC4EEDC574F17FF63B6BF5937EC4	885	workspace/experiments/front40_fusion_v1/configs/rank36_james_holland_first_second_pair_v6.json
1CD02A0DDE5F8CA7866AB373FC75EC91731D7B991220779EEA845331E75AD103	918	workspace/experiments/front40_fusion_v1/configs/rank36_james_holland_pooled_pair_v10.json
51C5B63D17282EE859B836EFC76D96365CF2BAAD7905267C0442BE4500A32830	942	workspace/experiments/front40_fusion_v1/configs/rank36_james_holland_three_panel_pair_v15.json
9BEB99A0E4FD9735DDF4CC3C484474E8A8D7ED52239C013BB566155054A68164	924	workspace/experiments/front40_fusion_v1/configs/rank37_kenjo1209_independent_pair_v20.json
A4F6F71E6BC6B3E0282DBE889B0404D224C89082B1CBB8DAC23141F3E101AF15	959	workspace/experiments/front40_fusion_v1/configs/rank39_lelelove1225_independent_pair_v17.json
8812253962F98FE59816005D1CCBFCF5F87CEA79B4D5CB3E21D37839F0016E8A	1038	workspace/experiments/front40_fusion_v1/configs/rank39_rank40_candidate_screen_jobs_v7.json
096E0EA4C79504152AE08C43DA6A02CEF05DCB8B84C6F9680F425992AFCDEC8A	1786	workspace/experiments/front40_fusion_v1/configs/rank39_rank40_independent_candidates_v17.json
EB6932D84E84314D7BE1A024B9F9624E613B3E0A8A21AF36EEDDC2EDF661E13E	771	workspace/experiments/front40_fusion_v1/configs/rank39_rank40_padded_screen_jobs_v1.json
243176CA7A30505B4C68164A3EC1C84B4EF6140D3F1DAF8A3D7A066F63120D6C	1558	workspace/experiments/front40_fusion_v1/configs/reconstruction_targets_v1.json
A566CDC5390D9F39F7A4A1D71CA2A02FDF41D4131E4E0618315E4B9FA1D19AFA	1613	workspace/experiments/front40_fusion_v1/configs/top5_trace_candidates_v1.json
9113BB7442DEE4999ABC853B9DD67BC9A5BE4CFDCA532F15AC35D91C822F080C	6829	workspace/experiments/front40_fusion_v1/docs/PHASE_B_RECONSTRUCTION_PRIORITY_20260823_ZH.md
4A9361940EF2A0F26FC01B1085EA378FAF619E5D550DA1D40EF48F3A192F42CB	6377	workspace/experiments/front40_fusion_v1/docs/STRONG_OPPONENT_FIRST_ROUTE_SEARCH_V2_ZH.md
D68D4E147B0B9377295AD37E1464A77D7251286952BFB0F9DD41A3E4AFDBCDB4	3194	workspace/experiments/front40_fusion_v1/README.md
5BB34646BBCD78B4821686600D98B0A837F5CE3DF187135C027D6CEF8A96AE78	714	workspace/experiments/front40_fusion_v1/receipts/hasegawa_all161_vs_fc24b_merged_train160_v4.json
B910943F54E02B03CD20767C305F6B858D6E192433621B4F2F7623EA617D45DB	479592	workspace/experiments/front40_fusion_v1/receipts/hasegawa_all161_vs_fc24b_merged_train160_v4.npz
923A0204DAB37B2B150310D2F333EC40DC58A5AAEC074515A253959DBE15E180	931	workspace/experiments/front40_fusion_v1/receipts/hasegawa_all161_vs_fc24b_merged_train544_v9.json
FA27E16FD5D9DF9DBFB43946A06A72F68294165651BD30664CE179C5B36AD623	1621828	workspace/experiments/front40_fusion_v1/receipts/hasegawa_all161_vs_fc24b_merged_train544_v9.npz
C0C784B673B30FDCC6CFC329C1C194D58C7811D06160E09856C0EF1614C17621	605	workspace/experiments/front40_fusion_v1/receipts/hasegawa_all161_vs_fc24b_merged_train96_v3.json
7408C4597AEC7761C19E254553D3AD24FF5FB979943C44D10D9DDB0FF07EA437	290319	workspace/experiments/front40_fusion_v1/receipts/hasegawa_all161_vs_fc24b_merged_train96_v3.npz
1F2698217BCF3D1055C7E850CFE72B3887346E6623E95C160C22CE4C6A0FE13F	25744	workspace/experiments/front40_fusion_v1/receipts/hasegawa_all161_vs_fc24b_screen_seed162001_n32x2_v1.json
DB86F1047989C140001465D8784A86BDAA52137B0674DA4A586005EFD1AD330F	81857	workspace/experiments/front40_fusion_v1/receipts/hasegawa_all161_vs_fc24b_screen_seed162001_n32x2_v1.npz
E30B4F5BA9342942B64CF7C2E8978979D4957987F8F3D3CAF144478AEEED6E5C	26604	workspace/experiments/front40_fusion_v1/receipts/hasegawa_all161_vs_fc24b_screen_seed164001_n64x2_v2.json
6A8B22D7C4B341B9A5F4713B9264DAC82AB06B58A2CD21DD92C9930685D493C3	194999	workspace/experiments/front40_fusion_v1/receipts/hasegawa_all161_vs_fc24b_screen_seed164001_n64x2_v2.npz
7247756CFDCDE862194918FEBF31BF870D08D8B245CC49CCE3AF7029C80AA63B	26362	workspace/experiments/front40_fusion_v1/receipts/hasegawa_all161_vs_fc24b_screen_seed166001_n64x2_v3.json
EA707EABA2A7D962A6876194E5831759ACF3DB9727988587C02E0C0EE67E9889	193832	workspace/experiments/front40_fusion_v1/receipts/hasegawa_all161_vs_fc24b_screen_seed166001_n64x2_v3.npz
26717829614945B655B853A00834A361E8D4753C0EA1400D00F0DD9219AE751A	26280	workspace/experiments/front40_fusion_v1/receipts/hasegawa_all161_vs_fc24b_screen_seed174001_n128x2_v4.json
77A9B5B51394DF9C57410D90BFFFE2D2A01BE561CAF7FCFEF40A267828B6B864	490329	workspace/experiments/front40_fusion_v1/receipts/hasegawa_all161_vs_fc24b_screen_seed174001_n128x2_v4.npz
4E0A023ED63DAAEEECF6D2F6A3EF75176C6500C307F0F06998B03FF06BC4CB60	27361	workspace/experiments/front40_fusion_v1/receipts/hasegawa_all161_vs_fc24b_screen_seed176001_n256x2_v5.json
37AF5E7B50836A41EDB79872405EFB52372B70BE37BC9D30F3E82A0846E66B43	971081	workspace/experiments/front40_fusion_v1/receipts/hasegawa_all161_vs_fc24b_screen_seed176001_n256x2_v5.npz
92958C2FBF5773DCDCCB56EA48B14A9A3AB4C9334A2E4C9CAF76BEB3BFE2AA2B	24025	workspace/experiments/front40_fusion_v1/receipts/hasegawa_current_postshop_vs_flex_seed156001_n16_v1.json
25C9B9A781DD639971AD1CC298139E5558CCFB7FE580B43EC48C6B5722D369F6	39132	workspace/experiments/front40_fusion_v1/receipts/hasegawa_current_postshop_vs_flex_seed156001_n16_v1.npz
8DA00A6BD640BBF0317C6DFFA5E0E2FB29DC62629C9C1593B481E5B9CE15C24D	84603	workspace/experiments/front40_fusion_v1/receipts/hasegawa_current_trace_bank_v1.json
4BB52DB485D982FC922E3F7162598FD7631F9DF37441561F6FB073DD79AB9DF6	4282	workspace/experiments/front40_fusion_v1/receipts/hasegawa_current_v3_vs_flex_seed155001_n32x2_v1.json
E868AFA5D89772CEAA4B463574484E2238D54F233016BFCE4D209B669F68BEE3	7171	workspace/experiments/front40_fusion_v1/receipts/hasegawa_first_shop_fastpath_regression158001_n64x2_v1.json
A2DCA5BD606E9CC9ACA412B343ACE81480615BADE310B77AF32E1AB31501CD9A	6919	workspace/experiments/front40_fusion_v1/receipts/hasegawa_forced_route_fast_smoke_seed157001_n2_v1.json
014256BAFD830F59C0D02DB216C89AE1E5F1D8AEF0C8E43A9DC1987EA6731770	7090	workspace/experiments/front40_fusion_v1/receipts/hasegawa_forced_route_fast_smoke_seed157001_n2_v1.npz
1A756C0B141EB409672ADBA2069249A7184AF18C544FE1CDC5AD443E0C488B06	4273	workspace/experiments/front40_fusion_v1/receipts/hasegawa_old102_v3_vs_flex_seed155001_n32x2_v1.json
27CF54A3FCAC7B8F05CE52B5EAC9E9550851D15955CF1C562323D63A3B5F7E94	4292	workspace/experiments/front40_fusion_v1/receipts/hasegawa_prefix_lock1_vs_flex_seed155001_n32x2_v1.json
F93A82F3DCAC0363CEA53098C8053F32BBCE5F18B6AE56687117355F0C1418CD	4332	workspace/experiments/front40_fusion_v1/receipts/hasegawa_prefix_lock2_vs_flex_seed155001_n32x2_v1.json
B5B5D63D009FD70DEA1EC26327732D68038A2D446B9A3CFBC49B845509E2217F	20249	workspace/experiments/front40_fusion_v1/receipts/hasegawa_same_shop_map_vs_exact5_holdout159001_n32x2_v1.json
47E97740FD933B185C5072D7D86B7B93A5E656272EDF15A328F1F650B65FA30E	7166	workspace/experiments/front40_fusion_v1/receipts/hasegawa_same_shop_map_vs_flex_holdout158001_n64x2_v1.json
3FEE405CAFF0EB31A9EA741EDFC0E8B120486F7A6177916E0C94A3CA3DCDDFAF	14722	workspace/experiments/front40_fusion_v1/receipts/hasegawa_v1_v2_vs_fc24b_holdout163001_n64x2_v1.json
59DE421937FE765AB1E80C33B9E60C024493260985FE0281A77E41ED28176A0D	47662	workspace/experiments/front40_fusion_v1/receipts/hasegawa_v10_v11_vs_fc24b_holdout204001_n256x2_v1.json
366F7EA0B977FCA2E656DF41E52CB41AA9F5EF7A153B55B1066CC706C2D9ECBD	47700	workspace/experiments/front40_fusion_v1/receipts/hasegawa_v10_v11_vs_fc24b_holdout208001_n256x2_v2.json
625ADD2CE5D042B63521052272B5DAD6CCA7F43BCC220055AC7908172BE2A072	14814	workspace/experiments/front40_fusion_v1/receipts/hasegawa_v2_v3_vs_fc24b_holdout165001_n64x2_v1.json
AAA7FF4410462B337FDB57D0C503C58E5E8D44AD1B03350C41554F285BA80F97	14795	workspace/experiments/front40_fusion_v1/receipts/hasegawa_v3_v4_vs_fc24b_holdout169001_n64x2_v1.json
0D352469CDC560673142F4AE2284DF002DC64031185C61FCF1A665DA2172BC84	25764	workspace/experiments/front40_fusion_v1/receipts/hasegawa_v4_v5_seat_vs_fc24b_holdout170001_n128x2_v1.json
DCE1A9BDA693301228E9E33BFFCA5E83CC5FD560B6CA82ECA56A96858E99EF9B	25695	workspace/experiments/front40_fusion_v1/receipts/hasegawa_v4_v6_vs_fc24b_holdout172001_n128x2_v1.json
8FAF97F4168478686DDCC5857AD3DFDE6A2593762FDC1DCCD5003ECFA8F575E9	47583	workspace/experiments/front40_fusion_v1/receipts/hasegawa_v6_v10_vs_fc24b_holdout200001_n256x2_v2.json
6CD1DCABC44F199187137646D1E92B4C1059F38471B0103E4451D77572DD127D	47663	workspace/experiments/front40_fusion_v1/receipts/hasegawa_v6_v7_vs_fc24b_holdout180001_n256x2_v1.json
D4C533AA6FCD161EB1EF89CC3071322B964A8409AABAAAA09B37CFDEF970BE1E	47677	workspace/experiments/front40_fusion_v1/receipts/hasegawa_v6_v8_vs_fc24b_holdout184001_n256x2_v1.json
C5898E1458548D51A8E16B6CB1B4B6D88D960A77C941CBCB1840EEBF17CFA78C	47637	workspace/experiments/front40_fusion_v1/receipts/hasegawa_v6_v8_vs_fc24b_holdout188001_n256x2_v2.json
D9FC7E18DA8C0F891BD3BBD7EE289A61551BD834365F07C4C4772439A9297C7D	71197	workspace/experiments/front40_fusion_v1/receipts/hasegawa_v6_v9_v10_vs_fc24b_holdout196001_n256x2_v1.json
55E90C61C5C8AA60189D4C08A0E36C1F0541943E729BFD1C830141835CDC7EED	47710	workspace/experiments/front40_fusion_v1/receipts/hasegawa_v6_v9_vs_fc24b_holdout192001_n256x2_v1.json
7DB409B7AD7928A2F46E41C4F35F258A7F39279ED99135DEB90FFF693D6726F1	7483	workspace/experiments/front40_fusion_v1/receipts/rank02_crop_dusta_all_complete_step_public_state_seed228001_n64x2_v6.json
A6CB1B6C74B48C67B1E2BD55551D1A9A0C9E0E6103BAD5E64D3C1B2E3E21A22D	59350	workspace/experiments/front40_fusion_v1/receipts/rank02_crop_dusta_all_complete_trace_bank_v2.json
DB503D50B4F6310FBDD00F9C4DFE31AE45F3C19095835A1BCA843E11D8771F51	23923	workspace/experiments/front40_fusion_v1/receipts/rank02_crop_dusta_all97_step0_vs_fc24b_screen_seed216001_n256x2_v2.json
3F0F99C53166E7E4973FB19F306CFEE5E74F5A1A2BB3023F377C656FE1C98808	672503	workspace/experiments/front40_fusion_v1/receipts/rank02_crop_dusta_all97_step0_vs_fc24b_screen_seed216001_n256x2_v2.npz
87476516967247F84C83115B6D18322EA4521B464E97A94E812C70AAFCB9B327	21968	workspace/experiments/front40_fusion_v1/receipts/rank02_crop_dusta_all97_step24_vs_fc24b_screen_seed232001_n128x2_v7.json
2D31A466DE391CEC8BF8D1C2F3D6EA4B1287785DE7AD939992DC92EC96756219	337380	workspace/experiments/front40_fusion_v1/receipts/rank02_crop_dusta_all97_step24_vs_fc24b_screen_seed232001_n128x2_v7.npz
ADCFDB67B5CEAF41B9BA3950F8F766D1F1B68F23506C5F7EB6C378B153044C40	23904	workspace/experiments/front40_fusion_v1/receipts/rank02_crop_dusta_all97_vs_fc24b_screen_seed212001_n256x2_v1.json
653B483D905573FE5E85B8E1858B49FB2FC3D68F3D1B8047807B275AF11C268F	671016	workspace/experiments/front40_fusion_v1/receipts/rank02_crop_dusta_all97_vs_fc24b_screen_seed212001_n256x2_v1.npz
8315BD1E0CED487816A9934CACA1581B94C91557D0FD3F88742DF45D55AA2CC3	25275	workspace/experiments/front40_fusion_v1/receipts/rank02_crop_dusta_compact_route_frontier_train_seed212001_v13.json
CF5DD46B1EA64D94CDE36B4AFA30D68171EF1B102556C0E052EC82D1DBF6F45D	9267	workspace/experiments/front40_fusion_v1/receipts/rank02_crop_dusta_compact24_firstshop_vs_fc24b_seed240001_n256x2_v24_all3maps_v30.json
8F41E8941FA6B33587EB3E0499EF247B942D361BF8DF51B9655506195A4AED13	9016	workspace/experiments/front40_fusion_v1/receipts/rank02_crop_dusta_compact24_firstshop_vs_fc24b_seed240001_n256x2_v24.json
E01036297CBDBF645E263EF08AE8CDC4999DA5A76EB27ADC9AA18B87236B7A70	148031	workspace/experiments/front40_fusion_v1/receipts/rank02_crop_dusta_compact24_firstshop_vs_fc24b_seed240001_n256x2_v24.npz
752FBA65FC68F98B84D52AA985F9157B54A0BCA74DE530C81B1B12AE69F8C1B8	9150	workspace/experiments/front40_fusion_v1/receipts/rank02_crop_dusta_compact24_firstshop_vs_fc24b_seed244001_n256x2_holdout_v26_all3maps_v30.json
FBB01EEC4577A1635793E7C92378C12A8DF8305CC71579612C4C49CE638B3077	8963	workspace/experiments/front40_fusion_v1/receipts/rank02_crop_dusta_compact24_firstshop_vs_fc24b_seed244001_n256x2_holdout_v26.json
3B7806EF0A4E33BF1602B0C25A3EC0A032067036D2C86372DBA46F43E874BADC	148942	workspace/experiments/front40_fusion_v1/receipts/rank02_crop_dusta_compact24_firstshop_vs_fc24b_seed244001_n256x2_holdout_v26.npz
224522B2B3ABBE0E6832926637039ED91764B5EB8F5E42D5BAAC7CA64C303830	20778	workspace/experiments/front40_fusion_v1/receipts/rank02_crop_dusta_compact24_step144_oracle_seed212001_v20.json
4DD7CDC7C1B040031960BC93CE33FFE74DB087728B382D3D5BE35B319BF4F77E	8813	workspace/experiments/front40_fusion_v1/receipts/rank02_crop_dusta_compact24_step144_vs_fc24b_seed212001_n256x2_v19.json
B9A4598088F121EEAD8680FC1C7F72745857900D883D85C8CE74AEA4CBD43BCC	149915	workspace/experiments/front40_fusion_v1/receipts/rank02_crop_dusta_compact24_step144_vs_fc24b_seed212001_n256x2_v19.npz
98B66850CD13349FD2E36596C3B805A96DA0B955857528F5A26900F74ED78D1D	20679	workspace/experiments/front40_fusion_v1/receipts/rank02_crop_dusta_compact24_step72_oracle_seed212001_v17.json
0F5E4DBC2C9DDE3533AF0127D7081C2191825430B3943634CED9838B9010EA4B	9172	workspace/experiments/front40_fusion_v1/receipts/rank02_crop_dusta_compact24_step72_vs_fc24b_seed212001_n256x2_v16_all3maps_v30.json
B398FAC5BADD7CF2FD19672A6BBEB7C1250A6FCD86BAD46903F5F12A40F29E3E	8857	workspace/experiments/front40_fusion_v1/receipts/rank02_crop_dusta_compact24_step72_vs_fc24b_seed212001_n256x2_v16.json
CD230499741220398545C90DF2DB8BF9B223515B783D731AA0335A5DD1A2A01A	148777	workspace/experiments/front40_fusion_v1/receipts/rank02_crop_dusta_compact24_step72_vs_fc24b_seed212001_n256x2_v16.npz
2CEE1F2A6A315E56843360F48A51BAC9E125EA8FEB3143B7E61E4F33D4C1A346	21016	workspace/experiments/front40_fusion_v1/receipts/rank02_crop_dusta_first_shop_oracle_seed212001_n256x2_v8.json
AC216B1A35DB9CB6EB4F3264F6D4AB95BC56D54D7DCA06C51ED43B5E34CF36D2	663	workspace/experiments/front40_fusion_v1/receipts/rank02_crop_dusta_hasegawa_hybrid_bank_v34.json
D94D411E43F7FF55C2285997F527D3AC91E87A186E4DBC6536393474E2948618	24393	workspace/experiments/front40_fusion_v1/receipts/rank02_crop_dusta_hasegawa_hybrid_v34_vs_fc24b_seed248001_n256x2_v35.json
CBDB3C26E8DD775B3FEC3DE87744A550FFDB7CBF8EC7C9368ED2451A2BF4C6CE	1418	workspace/experiments/front40_fusion_v1/receipts/rank02_crop_dusta_modal_shop_prefix_bank_v31.json
CBBEA6FD44F13144E96119E8522A25CB14B87574BE8180894A3716C350A760B3	24200	workspace/experiments/front40_fusion_v1/receipts/rank02_crop_dusta_modal_v31_vs_fc24b_seed248001_n256x2_v32.json
291F2777C7AEFC6BC83B45E3BE2D872AA2774A2DF4ABDECBA8A15A304D43B9FE	2942	workspace/experiments/front40_fusion_v1/receipts/rank02_crop_dusta_prefix_state_step144_seed212001_n256x2_v18.json
4C8FCF4975F2D312523FA7F2DB993F018602316C3A94C9FD1A4ABB66ADB46FBE	2940	workspace/experiments/front40_fusion_v1/receipts/rank02_crop_dusta_prefix_state_step72_seed212001_n256x2_v9.json
10DBE8629985BB7A3596E4BD29ED2EFA617ABA27DDA9831E0C961D5367ADC9BB	7395	workspace/experiments/front40_fusion_v1/receipts/rank02_crop_dusta_public_state_router_seed220001_n64x2_v4.json
7841162FA0243E285B152CC8B55A24BF0C510A1E1F61CCBE10AFEAF2B6D72B96	9161	workspace/experiments/front40_fusion_v1/receipts/rank02_crop_dusta_robust_maps_holdout_seed244001_n256x2_v27.json
15E63FEC9775E40366512DFCE944B20432A136C7899DB7115C33D2523EC58C9D	8631	workspace/experiments/front40_fusion_v1/receipts/rank02_crop_dusta_route_lambdarank_causal_step72_v17.json
23F86A05FAD5770C1C695950AA091A6BCAE2D8A05D3ECAA0D7B1418FED8CBE50	8569	workspace/experiments/front40_fusion_v1/receipts/rank02_crop_dusta_route_lambdarank_compact16_step72_v14.json
C5B7C927386CA125FFF514EF1D06007E87192A62A61980A8FB9AF86523406D7F	8629	workspace/experiments/front40_fusion_v1/receipts/rank02_crop_dusta_route_lambdarank_compact24_step72_v15.json
C271DDDCB6D3ADF27A297D9C0AE3CF7433D61401BED4863F0B97E1538E7635E3	8682	workspace/experiments/front40_fusion_v1/receipts/rank02_crop_dusta_route_lambdarank_step144_v20.json
622B6AC649BA3ECCD8562AB32BD49007156F24DAEF3DDBA3F3EE0808AC91112A	8371	workspace/experiments/front40_fusion_v1/receipts/rank02_crop_dusta_route_lambdarank_step72_train192_val64_v11.json
0E20717320D7788939DC7D7021E748C96637BD0FEA8049A04B579B09479C59C7	3220	workspace/experiments/front40_fusion_v1/receipts/rank02_crop_dusta_route_margin_ranker_step72_train192_val64_v10.json
EAACD85F70B3A99D7D89B884B4EAAFD8F83185C26DA49AED4B639FDCAF4464D9	2753	workspace/experiments/front40_fusion_v1/receipts/rank02_crop_dusta_second_shop_holdout_last64_v22.json
1E29DCC664E6FE18AFB35E9E5B87A554931534342D5EC170BF28DB994F430B1B	7085	workspace/experiments/front40_fusion_v1/receipts/rank02_crop_dusta_source_reward_vs_flex_holdout160001_n64x2_v1.json
DEC8030E500B1839BD9B20E24EFF50BC50A474922D01C05F6DD3F3A6B5514963	47724	workspace/experiments/front40_fusion_v1/receipts/rank02_crop_dusta_static_frontier_vs_fc24b_seed248001_n256x2_v36.json
F68CD39A5048ED60084387B52501641A853C04578EED8CF8DCAF18C505B00FDC	7407	workspace/experiments/front40_fusion_v1/receipts/rank02_crop_dusta_step_public_state_seed224001_n64x2_v5.json
42532CE51D3529A0B7759A0D24506383C3FB319923910CE428284413CD13E932	14643	workspace/experiments/front40_fusion_v1/receipts/rank02_crop_dusta_step24_oracle_seed232001_n128x2_v7.json
87EF59A016823C2E0B00CD35F73DF7EDDA5320C6E055813926270FD70A1A122E	49082	workspace/experiments/front40_fusion_v1/receipts/rank02_crop_dusta_trace_bank_v1.json
75BDE7F2595B71EF82CFB22DA5C4EDEAA372A60ABDB8EFBFBF43BE31E69892B4	636	workspace/experiments/front40_fusion_v1/receipts/rank03_subramanya_all157_vs_fc24b_screen_dev256_v23.json
70B578BD642B26A832A4F5ECBA63478A47428B5C04BDB2920D4DCC4FED6E025E	774966	workspace/experiments/front40_fusion_v1/receipts/rank03_subramanya_all157_vs_fc24b_screen_dev256_v23.npz
880DEBBB7BB8A4D99E85E5E324474A7A120352FF5BC57AE1651DFCA25AE09CFC	28516	workspace/experiments/front40_fusion_v1/receipts/rank03_subramanya_all157_vs_fc24b_screen_seed252001_n128x2_v1.json
CEF2C0F47D9E0E10C0E7CEDA4BF26495BB46CF15442F79764A9953CE0D002CB9	526091	workspace/experiments/front40_fusion_v1/receipts/rank03_subramanya_all157_vs_fc24b_screen_seed252001_n128x2_v1.npz
E9578AEE1C05C0CF12FD483E163B45C704CC1043F90D0E65B535ADF694551118	28257	workspace/experiments/front40_fusion_v1/receipts/rank03_subramanya_all157_vs_fc24b_screen_seed272001_n128x2_v17.json
37396A587AA97E7809E691647033718F0E1A46FED1F1C9F9139F80ED94DE8799	524678	workspace/experiments/front40_fusion_v1/receipts/rank03_subramanya_all157_vs_fc24b_screen_seed272001_n128x2_v17.npz
58F8D0B19D724964F2E2B34632956597E0F0B4FDA3C9CE1AB2C787DA1C4FEF62	41650	workspace/experiments/front40_fusion_v1/receipts/rank03_subramanya_compact_route_frontier_seed252001_v2.json
004C3F3ED514D44C8E3B479F0D8114790EFAFEF20CBC7D708895942898959505	7466	workspace/experiments/front40_fusion_v1/receipts/rank03_subramanya_day_public_state_vs_fc24b_seed260001_n64x2_v12.json
C8744C350F17E3B8353A24F6025CFABEC5B82B3800518EF532927DEF934EE6D4	5959	workspace/experiments/front40_fusion_v1/receipts/rank03_subramanya_day_router_weight_screen_seed264001_n16x6x2_v13.json
FECE7854AF4CACFFFA3934BD3F21687EABD2C6FA066971C6874F8F5D199B17C4	750	workspace/experiments/front40_fusion_v1/receipts/rank03_subramanya_dev20_vs_fc24b_screen_dev768_v30.json
11E87D30B11689A79963347CCF472FD287F7A83436DE5F45F75A0D17C6C8534D	289380	workspace/experiments/front40_fusion_v1/receipts/rank03_subramanya_dev20_vs_fc24b_screen_dev768_v30.npz
57F3F48A6CCBF71240D63028F68B933E56819F2AFCADE0A046E08C6C1AEB0B6C	720	workspace/experiments/front40_fusion_v1/receipts/rank03_subramanya_dev20_vs_fc24b_screen_seed252001_n128x2_v30.json
BC03C5DD516C70DA39CA63DF256E26962732FB99EB151F21F6B074F8B3C7CF12	61919	workspace/experiments/front40_fusion_v1/receipts/rank03_subramanya_dev20_vs_fc24b_screen_seed252001_n128x2_v30.npz
0C52D77922E1E4BE72702827F1A417D78AD325C97286BF25C0FC3B2B44FC1D74	721	workspace/experiments/front40_fusion_v1/receipts/rank03_subramanya_dev20_vs_fc24b_screen_seed272001_n128x2_v30.json
1CDA9DD80CD414360FEBB0F10818FF6ADC80287EA0468E174F061840875C3576	60501	workspace/experiments/front40_fusion_v1/receipts/rank03_subramanya_dev20_vs_fc24b_screen_seed272001_n128x2_v30.npz
F4235DD9E3DA2706FA5C98D01CB1C1C53A70965A1D550C6E2C6A62DD8D51AC73	7895	workspace/experiments/front40_fusion_v1/receipts/rank03_subramanya_dev20_vs_fc24b_screen_seed280001_n128x2_v19.json
BA1B0849DAE22CAC058BF360872AC16E5E3545B3EDB7E678EE3E6E5B974CF613	60176	workspace/experiments/front40_fusion_v1/receipts/rank03_subramanya_dev20_vs_fc24b_screen_seed280001_n128x2_v19.npz
88EECA696BE82C377B4B6C07FC0724833D14B69B930E2D86A8149C0644941556	9658	workspace/experiments/front40_fusion_v1/receipts/rank03_subramanya_dev20_vs_fc24b_screen_seed288001_n512x2_v28.json
11B28670004E0AFC176EBBD719A51E2905BA298E76A134C3BA9985F38084ADA9	265825	workspace/experiments/front40_fusion_v1/receipts/rank03_subramanya_dev20_vs_fc24b_screen_seed288001_n512x2_v28.npz
CC979FB0387423FDF9CA9C79030AB7D20F6817F41DA636ED381CAA20E57F59EB	6047	workspace/experiments/front40_fusion_v1/receipts/rank03_subramanya_firstshop_maps_eval_seed256001_n128x2_v9a.json
83D6ECACD6B600A42B3DF21EDF656AD6D131305778B8E0CC600DC41BA4AA9801	6153	workspace/experiments/front40_fusion_v1/receipts/rank03_subramanya_firstshop_maps_eval_seed256129_n128x2_v9b.json
83EAC0F9A59A177E7597347FD6B327EEB30C17A57C4ED3AFD492A09E2E983FFD	5008	workspace/experiments/front40_fusion_v1/receipts/rank03_subramanya_firstshop10_vs_fc24b_seed256001_n128x2_v8a.json
7F80ABB7F5C3F21DEAFEFEE965545DBDC34BAFA0B612DE7AA3CEA058223FA91A	33984	workspace/experiments/front40_fusion_v1/receipts/rank03_subramanya_firstshop10_vs_fc24b_seed256001_n128x2_v8a.npz
63F32E9B6239E2A96C39DEE7F9E1A9DC2DF6979126F00E2605D63601806E0300	5087	workspace/experiments/front40_fusion_v1/receipts/rank03_subramanya_firstshop10_vs_fc24b_seed256129_n128x2_v8b.json
0EFE715D2D7FD2C75C35F87D73BF4A0568F1C404706A30BDB70A082DE8E67474	32573	workspace/experiments/front40_fusion_v1/receipts/rank03_subramanya_firstshop10_vs_fc24b_seed256129_n128x2_v8b.npz
5424CF89181C828724528BCFF63D441795DDF1E29B2586A7147F303788397AF1	1414	workspace/experiments/front40_fusion_v1/receipts/rank03_subramanya_modal_shop_prefix_bank_v11.json
829688260E52644D3B76ED847FBE981309871776363C0CB62F60F2B76406BDB2	2887	workspace/experiments/front40_fusion_v1/receipts/rank03_subramanya_prefix_state_dev256_v23.json
C1FE2DDF1A519CC2A55E751DE4E76E3A87B6C6C681CE131631B343784E1A6B55	2878	workspace/experiments/front40_fusion_v1/receipts/rank03_subramanya_prefix_state_dev768_v30.json
2697664EAFBB46FC5E724D71BC3769F191ED28B2EA2FF74E792733FF88EDF53E	2927	workspace/experiments/front40_fusion_v1/receipts/rank03_subramanya_prefix_state_seed252001_n128_v16.json
5845DAE4886A549B6292D06F6F50972C07E80C84EC56EE046983751C89BA839A	2931	workspace/experiments/front40_fusion_v1/receipts/rank03_subramanya_prefix_state_seed272001_n128_v22.json
8A96D032BF5CBAB70F842E986A3A06CA3C0D1F1FFDE0ADD1CF6F169D5A408F30	2932	workspace/experiments/front40_fusion_v1/receipts/rank03_subramanya_prefix_state_seed280001_n128_v26.json
F3605A9D0F9B0CA7995C24BDE800D04588B88F41A376BD31A19F6809B784B2D0	2932	workspace/experiments/front40_fusion_v1/receipts/rank03_subramanya_prefix_state_seed288001_n512_v29.json
69C41C4E2C5A2595383B507B0BFA5D926F807DDC95D24202CDF5347479A34267	8578	workspace/experiments/front40_fusion_v1/receipts/rank03_subramanya_route_ranker_dev20_dev256_v25.json
093E4DD97A3E91444F64C019CFEF661039808F79EF01CE556EE7F6A3CC0D2645	1144	workspace/experiments/front40_fusion_v1/receipts/rank03_subramanya_route_ranker_dev20_dev768_holdout_seed280001_n128x2_v32.json
52104C433EE6139677F8726ED775AEBE608F4F54AF4801F7067FE17A5B218038	8630	workspace/experiments/front40_fusion_v1/receipts/rank03_subramanya_route_ranker_dev20_dev768_v31.json
A9AD082589B0069AEAC78E440A3769B5F4AD2CE7422FCC30E5A03FB22EC5FE37	1025	workspace/experiments/front40_fusion_v1/receipts/rank03_subramanya_route_ranker_dev20_holdout_seed280001_n128x2_v27.json
1942FAAEE4EB9FCD5D16D861252CD1AEA970BAE462C0E24ADEFEF234851E5BD6	9820	workspace/experiments/front40_fusion_v1/receipts/rank03_subramanya_route_ranker_dev256_v24.json
2282C65E9967EFFD74B6799E1885E337739E0DEFE575C92CB79288C0F9FBA06A	9874	workspace/experiments/front40_fusion_v1/receipts/rank03_subramanya_route_ranker_seed252001_v21.json
D544C03CBAD5DE36DBFDAAE1530C7B9274EAEFF40BF9BE79A974BC42998972B9	1124	workspace/experiments/front40_fusion_v1/receipts/rank03_subramanya_secondshop_dev256_holdout_seed280001_n128x2_v36.json
2CF26F3BE5FB286A58CCF55CF0BA1CB8AC8EE563D367E47A7E931C919A7D57B6	1114	workspace/experiments/front40_fusion_v1/receipts/rank03_subramanya_secondshop_train252_eval272_v33.json
00B1EEE78DFD263693CD58D57FFAE2BB9A1EB16B8EE5B86AD5CF7369D6A1E21C	1116	workspace/experiments/front40_fusion_v1/receipts/rank03_subramanya_secondshop_train272_eval252_v33.json
785471A6C73DBBBF83339F6D52C64C3835FDB25A6FEC27D11E0A780FCF46FB6B	5817	workspace/experiments/front40_fusion_v1/receipts/rank03_subramanya_secondshop13_vs_fc24b_screen_seed280001_n128x2_v35.json
FDB12086BF477DC8AFAA947EDA50D17C6EBE43DC70BA1410AB4DCBCADE96FE74	40367	workspace/experiments/front40_fusion_v1/receipts/rank03_subramanya_secondshop13_vs_fc24b_screen_seed280001_n128x2_v35.npz
A9EE451911690E8DE19EC773E1B394AB5BE62D5B662B53374B710356001D0B4B	24530	workspace/experiments/front40_fusion_v1/receipts/rank03_subramanya_shop_route_maps_dev_eval_n256x2_v18.json
D1C44C4E9F38893E30B046ED7BA38A863E3DF37DCC08D103F8CAC8745C40EBDC	15583	workspace/experiments/front40_fusion_v1/receipts/rank03_subramanya_shop_route_maps_holdout_seed280001_n128x2_v20.json
33C5DF3C7929E015F6E015066346DA8B19848C5D09AA71701F847EA8FDDA6E4C	78179	workspace/experiments/front40_fusion_v1/receipts/rank03_subramanya_trace_bank_v1.json
6C5C127D78699BD954C484FEA79345229E22EC2427CDFF674548A5AAD680D4BA	398336	workspace/experiments/front40_fusion_v1/receipts/rank03_subramanya_vs_local37_action_similarity_v10.json
26B062B4BB79953FFF10D6B22D74ED146411C39944F16CE1D27B4CBB131A464B	471	workspace/experiments/front40_fusion_v1/receipts/rank03_subramanya_yarn2_trace_bank_v14.json
876187DD5F223CEB7F47BABB251C97A8A7EA68697C2A3931446F86E1C18F93DA	27799	workspace/experiments/front40_fusion_v1/receipts/rank04_arman_all143_vs_fc24b_screen_seed304001_n128x2_v1.json
642EAD5C99138B27E300F61D3DB8C8836BA279E6BAEB3B14EF2BB7D79BCBA13A	445524	workspace/experiments/front40_fusion_v1/receipts/rank04_arman_all143_vs_fc24b_screen_seed304001_n128x2_v1.npz
10F91826729862F0198C58C7817F3FBDB84D22CE3AA5DCEA9350E4E49E2F4C43	1712	workspace/experiments/front40_fusion_v1/receipts/rank04_arman_batch128_probe_seed328001_n128x2_v13.json
DED4A6A24563CF3F60E315072AEFE3CF14AF0BE485855F1233CFE380EB581B65	8408	workspace/experiments/front40_fusion_v1/receipts/rank04_arman_batch128_probe_seed328001_n128x2_v13.npz
97397225BF6B0C1EB7BB193248306B8FA63D37DD507F9FF618CB7CF6A9A257A9	688	workspace/experiments/front40_fusion_v1/receipts/rank04_arman_compatible_existing16_vs_fc24b_screen_seed328001_n512x2_v28.json
4D5B93AEE94A7A3B9639A09711467FD4FA03A3EB66DA669951B2067111595C25	177490	workspace/experiments/front40_fusion_v1/receipts/rank04_arman_compatible_existing16_vs_fc24b_screen_seed328001_n512x2_v28.npz
4E43E49B9961D2A6BE76C1CB9D8F8B26992E24A9A07524A54A667961069951E5	10856	workspace/experiments/front40_fusion_v1/receipts/rank04_arman_compatible_missing25_vs_fc24b_screen_seed328001_n512x2_v27.json
CF4153381736EEF3013480BB495900B2150844E17A6FAB01738305AE9CC1FFED	297404	workspace/experiments/front40_fusion_v1/receipts/rank04_arman_compatible_missing25_vs_fc24b_screen_seed328001_n512x2_v27.npz
3FFC03F887BD3E4505196D0F0D186843BC7033E11C908EAC0459220D7575C5D3	910	workspace/experiments/front40_fusion_v1/receipts/rank04_arman_compatible41_vs_fc24b_screen_seed304001_n128x2_v30.json
FC7E014BD5015575B56C21CDEE03E6A9D1DCB7348CD19854D7EC4350E3B3D505	96561	workspace/experiments/front40_fusion_v1/receipts/rank04_arman_compatible41_vs_fc24b_screen_seed304001_n128x2_v30.npz
9116A7C43FFE6A5487B779239B9F3017C5B1B15C0B92B3D6885703EAEA4DCE12	1072	workspace/experiments/front40_fusion_v1/receipts/rank04_arman_compatible41_vs_fc24b_screen_seed328001_n512x2_v29.json
9C98955549E52A315B2EE931C1B729E8C50FAFA1BA3B4853709BB9B6D9D8F955	468576	workspace/experiments/front40_fusion_v1/receipts/rank04_arman_compatible41_vs_fc24b_screen_seed328001_n512x2_v29.npz
8CEA2B1185646EDE537B151553AA711F50BE20277EDD57C6C1863F17D0E19953	2820	workspace/experiments/front40_fusion_v1/receipts/rank04_arman_final4_vs_fc24b_screen_seed320001_n512x2_v9.json
00CC09EEF4AF5DCF4D9498FD858CEE451DA56C44E2495BCDDE4047D2FCD784C2	44628	workspace/experiments/front40_fusion_v1/receipts/rank04_arman_final4_vs_fc24b_screen_seed320001_n512x2_v9.npz
E0BB66DDD74D72CEDFA1FCA211DB3D7CF177650847FAE36368209701967C4C47	1969	workspace/experiments/front40_fusion_v1/receipts/rank04_arman_fixed50_eval_seed328001_n512x2_v17.json
30E36F9EA32059D1BCC5C066CDDF5F77E53F1E6E472BB9A61261F26D6B6E994A	653	workspace/experiments/front40_fusion_v1/receipts/rank04_arman_map14_vs_fc24b_screen_seed304001_n128x2_v7.json
E82865CB949A9FC94734B49FFAC0FBB3976251A767CA86FFAC5389F358F768C1	35655	workspace/experiments/front40_fusion_v1/receipts/rank04_arman_map14_vs_fc24b_screen_seed304001_n128x2_v7.npz
FABD148DFDC873E1E08248D688DADDB8B71883664487F5281ABFB8D6393A15BA	7262	workspace/experiments/front40_fusion_v1/receipts/rank04_arman_map14_vs_fc24b_screen_seed312001_n512x2_v5.json
78FE09B368FF1CAA452826109D3AA03044F32B607981B38AF74F7067E89B1509	149861	workspace/experiments/front40_fusion_v1/receipts/rank04_arman_map14_vs_fc24b_screen_seed312001_n512x2_v5.npz
9242EA6E440CDA4691662006C233467D7BC11CECF09FDEC8FF130F5E71D41165	1332	workspace/experiments/front40_fusion_v1/receipts/rank04_arman_online_exact5_screen_parity_seed352001_n128x2_v44.json
D281F55D213273D1BBAA9919F2887801B641255A2773E876B84334BDE067DCD7	25918	workspace/experiments/front40_fusion_v1/receipts/rank04_arman_online_final_pair_vs_fc24b_seed352001_n128x2_v43.json
0D9DA69032CA3572ABEFE4F8D686150FCFC42AF2DA58185AB6D75E790C8DB041	7141	workspace/experiments/front40_fusion_v1/receipts/rank04_arman_robust_maps_holdout_seed320001_n512x2_v10.json
5104374043AD805D372013C2FD59C164D44817519BB2F460DE05E98EB3A8A733	1146	workspace/experiments/front40_fusion_v1/receipts/rank04_arman_secondshop_confirm_seed344001_n512x2_v25.json
65751EF39B4CB8E191A78A4FDA2B5DB6A913F541ADD623E269E0D1C65C5D52F6	2257	workspace/experiments/front40_fusion_v1/receipts/rank04_arman_secondshop_corrected_eval_seed336_v39.json
DD65967BD8A58B30F0741CDD8BF653D97B728DB8F40FB086937248E5A3E0F2D6	2256	workspace/experiments/front40_fusion_v1/receipts/rank04_arman_secondshop_corrected_eval_seed344_v39.json
F70216D62944CB92FC1F3F73372A26B4480967E80AB9FFE2F8128B8C161626AC	2265	workspace/experiments/front40_fusion_v1/receipts/rank04_arman_secondshop_corrected_eval_seed352_v39.json
306531820E0BCAD0130F35E343D4CBDF732809AE31FFFE28DEA73BD0ADA84B23	2106	workspace/experiments/front40_fusion_v1/receipts/rank04_arman_secondshop_dev640_maps_confirm_seed344001_n512x2_v33.json
19BE35410E9C0FF619C4F28548AC0726F75EEC43BBB6940B87E8498022E9AF94	2113	workspace/experiments/front40_fusion_v1/receipts/rank04_arman_secondshop_dev640_maps_holdout_seed336001_n512x2_v32.json
1C4F13F21AD55A005A7E1B26FE0A83FE1737FC26B751EEC6D5E7341C69CE0AE1	9334	workspace/experiments/front40_fusion_v1/receipts/rank04_arman_secondshop_exact5_pair_effects_three_panels_v40.json
0643F4A375A8320C0A6D63B130252D63588566466AFBCE0661CC4DCE466D1E0C	2117	workspace/experiments/front40_fusion_v1/receipts/rank04_arman_secondshop_final_holdout_seed352001_n512x2_v37.json
0AC8FECBBBDC7F6299E7545F90A55A9E519AE5D4A56C7B31E9D94193D1B51F53	1143	workspace/experiments/front40_fusion_v1/receipts/rank04_arman_secondshop_holdout_seed336001_n512x2_v23.json
227A318A2AF3E9D87AD5428C5883CB37C43FE9EA1F52E48C4680C03DBA56057E	6911	workspace/experiments/front40_fusion_v1/receipts/rank04_arman_secondshop_pair_effects_hold336_confirm344_v34.json
6E0E2BA5C629768EED733BCA3AC58799FEE02A2D32825A15AF2B5422381BFDE1	2672	workspace/experiments/front40_fusion_v1/receipts/rank04_arman_secondshop4_vs_fc24b_confirm_seed344001_n512x2_v24.json
1658010A8DCA55BC86C938054A4292C567754069DCE2C9E1087EDBFF4D4089FC	45702	workspace/experiments/front40_fusion_v1/receipts/rank04_arman_secondshop4_vs_fc24b_confirm_seed344001_n512x2_v24.npz
BBD63145C1E674C39C4756BF44D0B5C4282DB4211586A85A52A8DC20899A748E	2684	workspace/experiments/front40_fusion_v1/receipts/rank04_arman_secondshop4_vs_fc24b_final_holdout_seed352001_n512x2_v36.json
C3433294B538833F9121C87DA1C3E0780DF781D1ADFC4D76ABA730D7AA017C57	45987	workspace/experiments/front40_fusion_v1/receipts/rank04_arman_secondshop4_vs_fc24b_final_holdout_seed352001_n512x2_v36.npz
625F4F71A5837A13648F21E11F171D5938977F770642AD70893FBB1FE766CABD	2671	workspace/experiments/front40_fusion_v1/receipts/rank04_arman_secondshop4_vs_fc24b_holdout_seed336001_n512x2_v22.json
098A49CD255F4291364AFF1C776DB1189455FF9DD973C9DF9FA6618CA8CC245D	46197	workspace/experiments/front40_fusion_v1/receipts/rank04_arman_secondshop4_vs_fc24b_holdout_seed336001_n512x2_v22.npz
75A65BC65A20A9D78CCD15E4B3F56B1B962A74A0C64F7EE2E95E429D900F2393	17406	workspace/experiments/front40_fusion_v1/receipts/rank04_arman_shop_maps_holdout_seed312001_n512x2_v6.json
6188B2A48F79251982D8330A264DCB46CEBD2B7C19C199C3C321F2F6E1FFBA1F	7523	workspace/experiments/front40_fusion_v1/receipts/rank04_arman_top16_vs_fc24b_screen_seed312001_n512x2_v2.json
C2D0C1DBCFED65312FADFBFB0F9BEB3AD8DBA244567240BC3716E400F77F5B5C	173873	workspace/experiments/front40_fusion_v1/receipts/rank04_arman_top16_vs_fc24b_screen_seed312001_n512x2_v2.npz
398FD07FFF74F8793E69E394794FA3FE0AEBEA25C076116131062A36E99C073B	71426	workspace/experiments/front40_fusion_v1/receipts/rank04_arman_trace_bank_v1.json
43FCB8EFB37A69FF43B7C1D111AB93D86E70C8987E56F019AD0F0AD954AE0BE1	2176	workspace/experiments/front40_fusion_v1/receipts/rank04_arman_v45_eval_seed336_n512x2.json
84B242152C92E7F7EC098068C40CB7A11102AE6544E9828CBE7FB26B42933C30	2179	workspace/experiments/front40_fusion_v1/receipts/rank04_arman_v45_eval_seed344_n512x2.json
540803BE0A49BEF2BCEC319CE437646AD7FFCA3AEA24FA20EA239C54F29ACE19	2192	workspace/experiments/front40_fusion_v1/receipts/rank04_arman_v45_eval_seed352_n512x2.json
5E04B96FBE80531069E1935E6D18355D8574FB108476039CD613887BAE25711B	865	workspace/experiments/front40_fusion_v1/receipts/rank04_arman_weak37_vs_fc24b_screen_seed304001_n128x2_v15.json
586764DFB392F6F810EB6143E8A77D832854CFADF768B929BABF1F85350BD3A2	85885	workspace/experiments/front40_fusion_v1/receipts/rank04_arman_weak37_vs_fc24b_screen_seed304001_n128x2_v15.npz
41AF35B93BA46CCBFE32358922CFA3CE7E0E71CEC10DCEBA50F18D8CD56CBAFC	15801	workspace/experiments/front40_fusion_v1/receipts/rank04_arman_weak37_vs_fc24b_screen_seed328001_n512x2_v14.json
8FA5E6B9EB0D2834B8F4DB9D91299481C05B3AC01D98D22993DAC2DA76CE1A63	418213	workspace/experiments/front40_fusion_v1/receipts/rank04_arman_weak37_vs_fc24b_screen_seed328001_n512x2_v14.npz
22BECA6A1B21C723E80788F6F3D3D8FB4DD5A24B1697D2B3DECD824A310F4E52	8494	workspace/experiments/front40_fusion_v1/receipts/rank04_arman_weak6_holdout_candidate_ranking_seed336001_v20.json
6BBE01FD72F8E6439F46D928A5A8C58F2DB9F0CA27D4B346EC818656D2012E84	3684	workspace/experiments/front40_fusion_v1/receipts/rank04_arman_weak6_vs_fc24b_holdout_seed336001_n512x2_v18.json
59F4AA574E58BC42A63B9ACF35B318B6A8F80714EE018DCE5217E5D8AF298929	67289	workspace/experiments/front40_fusion_v1/receipts/rank04_arman_weak6_vs_fc24b_holdout_seed336001_n512x2_v18.npz
D29F9AC733C782C147DFDF8EDA2E44F25D9EC9D49A7B3D7565C3857BA2C64E52	7034	workspace/experiments/front40_fusion_v1/receipts/rank04_arman_weakmaps_holdout_seed336001_n512x2_v19.json
C1A35E7384B6E2181BB54629A284596753D2B5430B4FCB5812A81714C3314B06	25514	workspace/experiments/front40_fusion_v1/receipts/rank04_arman_weakshop_candidate_ranking_seed304001_v11.json
83F1CDDA2348277EE9DA6675803823CF5D9CAD0CFA43DC2CD18B3DD03010A9F0	26346	workspace/experiments/front40_fusion_v1/receipts/rank05_mimi_all101_vs_fc24b_screen_seed360001_n128x2_v1.json
282EF927DDA0056F6B0343570B72671B34E40652BE04CC49093EA72E91118EBF	337408	workspace/experiments/front40_fusion_v1/receipts/rank05_mimi_all101_vs_fc24b_screen_seed360001_n128x2_v1.npz
9467C2050CF224BCC9EC964DA718E90248D2AF9115496714F91B1091935CFE27	572	workspace/experiments/front40_fusion_v1/receipts/rank05_mimi_compatible6_subset_seed368001_n512x2_v13.json
66328390E8153CFA7B79131EC81CC59580882303D0C3D4F8F1AD31B1B6FAA47B	75502	workspace/experiments/front40_fusion_v1/receipts/rank05_mimi_compatible6_subset_seed368001_n512x2_v13.npz
B02C1CF74599D968C245F9553987C0C028ED000D8BBA79E6279BA69ADC28E89E	24559	workspace/experiments/front40_fusion_v1/receipts/rank05_mimi_compatible63_vs_fc24b_screen_seed368001_n512x2_v10.json
644FCCECCED6F2C94440B31FCD0256AFB5AABE54126B8E334F2121F5A2A6E13D	829235	workspace/experiments/front40_fusion_v1/receipts/rank05_mimi_compatible63_vs_fc24b_screen_seed368001_n512x2_v10.npz
FB2173D77BC3DBCB27644F7836AA67BEE993B6D709562C5CBEB1E1F0DF869995	1273	workspace/experiments/front40_fusion_v1/receipts/rank05_mimi_compatible69_merged_seed368001_n512x2_v14.json
3D2F92AB4A45C63B62D7740162EB164E58EEBDDB29361F63D328E2016E8BA136	895907	workspace/experiments/front40_fusion_v1/receipts/rank05_mimi_compatible69_merged_seed368001_n512x2_v14.npz
66940C478A503C8EAA8BE4898D6E7606328E1401E15D00F5170FA6EB495451C0	2153	workspace/experiments/front40_fusion_v1/receipts/rank05_mimi_final_strong3_eval_seed384_full512x2_v24.json
61677AA56B8755E50F3C935EA9375A0ADB454735D38EC8A4662CC354BC1A25F5	4024	workspace/experiments/front40_fusion_v1/receipts/rank05_mimi_final7_vs_fc24b_screen_seed384001_n512x2_v23.json
38F5951BBB54D3F5CC07FA962D133AD7475850793900B66FC1801551166E101F	88237	workspace/experiments/front40_fusion_v1/receipts/rank05_mimi_final7_vs_fc24b_screen_seed384001_n512x2_v23.npz
F3B813C1748E193AFDC690F7B1ED27D8839C7965457A0B3953A9E1F6606B3B3F	3330	workspace/experiments/front40_fusion_v1/receipts/rank05_mimi_final7_vs_fc24b_screen_seed392001_n128x2_v27.json
E38E3433E46F35745049F7BEF2F27903FB485787F06E63785A666FF431AE0565	24119	workspace/experiments/front40_fusion_v1/receipts/rank05_mimi_final7_vs_fc24b_screen_seed392001_n128x2_v27.npz
F08883753E485D68B62142F69046CE23EA1EEEE5201791DBA188E6807CEFF716	3375	workspace/experiments/front40_fusion_v1/receipts/rank05_mimi_firstshop_map_train360_eval_seed368_n512x2_v4.json
FB67DC53E551C824B996A2D650B4FCF840731635BC321655239BF23B93D334F0	8871	workspace/experiments/front40_fusion_v1/receipts/rank05_mimi_firstshop_maps_eval_seed376_n512x2_v8.json
7047666F2E5FF5EF2A30C85AD512C77A04DA37C0AE4C48408852E4859BDD6BE5	584	workspace/experiments/front40_fusion_v1/receipts/rank05_mimi_map8_subset_seed360001_n128x2_v5.json
82AB34CAE5A1F2AB3DDA154CD74BAB7C07B0A88A88DD6C629AB2C65FEEF5C54D	26727	workspace/experiments/front40_fusion_v1/receipts/rank05_mimi_map8_subset_seed360001_n128x2_v5.npz
029F14BEE2074CFA836D93B80BA02901D56F964DA9E149881A66048DF2AB89CF	4675	workspace/experiments/front40_fusion_v1/receipts/rank05_mimi_map8_vs_fc24b_screen_seed368001_n512x2_v3.json
0DA184A8B3DB944CD23B2C6E76FA7384F58DBDB03FC35FF59CEF5F6658BE694F	106440	workspace/experiments/front40_fusion_v1/receipts/rank05_mimi_map8_vs_fc24b_screen_seed368001_n512x2_v3.npz
073F165F57327B4D3248F7E333B32FD3DAE126CADC50C2835B27E265CE7A9E7D	5141	workspace/experiments/front40_fusion_v1/receipts/rank05_mimi_map9_vs_fc24b_screen_seed376001_n512x2_v7.json
D2B4391522B19B9412ADF5785F48D77B5D1F89592FDE382E18881C7DA5EC193C	117486	workspace/experiments/front40_fusion_v1/receipts/rank05_mimi_map9_vs_fc24b_screen_seed376001_n512x2_v7.npz
39845ED24AEC7489C12DF259F6593EDA2282B1D961C6E2E7ED334B8F46D94E8E	25693	workspace/experiments/front40_fusion_v1/receipts/rank05_mimi_online_final_pair_vs_fc24b_seed392001_n128x2_v26.json
D9A3144FAC72E14E22D97A288882C4187AA659A6065DA5D1F9DFFEB8C1A3476D	1308	workspace/experiments/front40_fusion_v1/receipts/rank05_mimi_online_strong3_screen_parity_seed392001_n128x2_v28.json
352C1135AE0841FB5332EAE397EB05DE4B48A428B3AE46914519E7177B7C42B7	8299	workspace/experiments/front40_fusion_v1/receipts/rank05_mimi_secondshop_abc_ablation_seed376_full512x2_v22.json
4BE7BD33C2E18AE95DE1712DD0FFC01997C09BC5D3C78827AFEE5540520F0C9E	559	workspace/experiments/front40_fusion_v1/receipts/rank05_mimi_secondshop_base4_subset_seed376001_n512x2_v17.json
6FE4E7543E0C179CC0DC8531A7F8D6A553C89E5077B91402DFBD528D6FA8A4BE	51137	workspace/experiments/front40_fusion_v1/receipts/rank05_mimi_secondshop_base4_subset_seed376001_n512x2_v17.npz
CC5949EE738D55D6CFBD7963DEBB94C7AAD1D22AD2D1CA40FF81F03C603FEBAD	27355	workspace/experiments/front40_fusion_v1/receipts/rank05_mimi_secondshop_pair_effects_dev640_v12.json
258BC05C454EC3D5F63011B58F54A310410A9B9E4768472F81DD199CC8348ABB	4191	workspace/experiments/front40_fusion_v1/receipts/rank05_mimi_secondshop_variants_eval_seed376_full512x2_v20.json
271782D8734598DF011E706A5D98495656935E8C438E1AA96F0C8924936C65DD	4124	workspace/experiments/front40_fusion_v1/receipts/rank05_mimi_secondshop_variants_eval_seed376_n512x2_v19.json
3EBB7BE3424A85F17D8D12DBAD9FAE211E312F83000E7A8212120A4F81C4E882	3283	workspace/experiments/front40_fusion_v1/receipts/rank05_mimi_secondshop5_vs_fc24b_screen_seed376001_n512x2_v16.json
AF65F3CD5EC3BAFF404FFF73443BE7C06134F896B0BA0BFF2D949944BD522F22	62631	workspace/experiments/front40_fusion_v1/receipts/rank05_mimi_secondshop5_vs_fc24b_screen_seed376001_n512x2_v16.npz
747AA534E7AFD3BAFB3832DE1D5E5C9FAFD3DE37303E9E0E91591BB033D24DEE	734	workspace/experiments/front40_fusion_v1/receipts/rank05_mimi_secondshop9_merged_seed376001_n512x2_v18.json
6C98F6F52F7162DEE5BDFD2282C304AB60C84F07ED72051966BFB66CA24D7434	114203	workspace/experiments/front40_fusion_v1/receipts/rank05_mimi_secondshop9_merged_seed376001_n512x2_v18.npz
0D42D11499A2A4991319D4CAE4CE1E981FF199042386336C45DDE1B93AAF5F64	51027	workspace/experiments/front40_fusion_v1/receipts/rank05_mimi_trace_bank_v1.json
CBA41FD54BC30BECE9634B9BCBDE1AD3168E6B6089A999E196FEA1F5CBDC521F	27562	workspace/experiments/front40_fusion_v1/receipts/rank06_kanta_all136_vs_fc24b_screen_seed400001_n128x2_v1.json
9FEAB845599DB6818ACD03EEF26DC786F2ABE9ABEE73E3E6F6BD707BEBE7D908	333322	workspace/experiments/front40_fusion_v1/receipts/rank06_kanta_all136_vs_fc24b_screen_seed400001_n128x2_v1.npz
74434919C12A86D87C4DA6D145B913276EF34D561E0E213F737F5202201D5C86	30139	workspace/experiments/front40_fusion_v1/receipts/rank06_kanta_compatible_top5_rem81_vs_fc24b_screen_seed408001_n512x2_v10.json
E80AE463F340BCB96FB99E14CB67207807DCD7E5EE86C1328816EFC280847D0F	795240	workspace/experiments/front40_fusion_v1/receipts/rank06_kanta_compatible_top5_rem81_vs_fc24b_screen_seed408001_n512x2_v10.npz
99A220C66CD9278D0E670AE96142138456C4038008353ABB3DB0FC24A8302968	1450	workspace/experiments/front40_fusion_v1/receipts/rank06_kanta_compatible86_merged_seed408001_n512x2_v11.json
65A27606E02D102D07739965D3329CCE47AB0377CF0D49B3A84301E5A3A0FFBD	847402	workspace/experiments/front40_fusion_v1/receipts/rank06_kanta_compatible86_merged_seed408001_n512x2_v11.npz
CD98605B170CBB2AB3A12C0E1E54DC4F2A94D6A7A196911230A08C9D1D76719C	2141	workspace/experiments/front40_fusion_v1/receipts/rank06_kanta_final_acd_eval_seed432_full512x2_v23.json
D33E99D93266628C408528D5CF27660919613EB83D66B5BBBDB07349EA597504	2137	workspace/experiments/front40_fusion_v1/receipts/rank06_kanta_final_acd_eval_seed448_full512x2_v29.json
B86B86AFD7FE3008F2FD4ED178451A5182BFAAE4B65D21ACB75C2A5717414A04	5240	workspace/experiments/front40_fusion_v1/receipts/rank06_kanta_final_variants_eval_seed424_full512x2_v21.json
137259B749B0B3F602FFC3AF6B714C55D769E2CC01E39B2C44FBB49FFA5A6E02	3663	workspace/experiments/front40_fusion_v1/receipts/rank06_kanta_final6_vs_fc24b_screen_seed432001_n512x2_v22.json
576086D31899AD3FCC11716AFBEF88647591140C3394E5558521A139F4C2BEE8	67785	workspace/experiments/front40_fusion_v1/receipts/rank06_kanta_final6_vs_fc24b_screen_seed432001_n512x2_v22.npz
27FC55ECC073ECCF0C80A7DFF7D82889AA27829808B3ADFE44C10CFFE27D619E	3311	workspace/experiments/front40_fusion_v1/receipts/rank06_kanta_final6_vs_fc24b_screen_seed440001_n128x2_v26.json
43867A57A5A574A0254C07B90C7798E4FB6BEEFD2E5AC93ECE03DB0056E8ED58	19224	workspace/experiments/front40_fusion_v1/receipts/rank06_kanta_final6_vs_fc24b_screen_seed440001_n128x2_v26.npz
334A13F7023D3540B8DF30CF5E271B8E756F1CA10CDC925F2486ABF05EE31E3D	3721	workspace/experiments/front40_fusion_v1/receipts/rank06_kanta_final6_vs_fc24b_screen_seed448001_n512x2_v28.json
024F47BD2BB7B35376FF0BF693D03E5CD2F5DE665E1684F39A5215BEC28685C9	67533	workspace/experiments/front40_fusion_v1/receipts/rank06_kanta_final6_vs_fc24b_screen_seed448001_n512x2_v28.npz
C770594042C6BF64135E2083872A42BEE4DC33A4A927B151836737A303DA39C4	4220	workspace/experiments/front40_fusion_v1/receipts/rank06_kanta_final7_vs_fc24b_screen_seed424001_n512x2_v20.json
6FB582BE305B2DC4D3808F9644366F745AACF3FE76FC66AA0EB296BCAC2B9494	74916	workspace/experiments/front40_fusion_v1/receipts/rank06_kanta_final7_vs_fc24b_screen_seed424001_n512x2_v20.npz
DD38415F7A334A5022E4129A180772045B11B3CC52225B96C487632A8C8BE86D	3311	workspace/experiments/front40_fusion_v1/receipts/rank06_kanta_firstshop_map_eval_seed408_n512x2_v4.json
60CD3C98E91674D7E010C260651EEA7AC0A81F1143DBD16D9498BB239B0BAAB8	3304	workspace/experiments/front40_fusion_v1/receipts/rank06_kanta_firstshop_map_eval_seed416_n512x2_v8.json
84EECDA924D64BFE903295668E409646A665D5B9F5952E17111CC92D81BA335F	2361	workspace/experiments/front40_fusion_v1/receipts/rank06_kanta_map3_vs_fc24b_screen_seed416001_n512x2_v7.json
ECE50CAA96A6DF2FFDDEB28D8D724EF7E105B726576A1072C046B455297ECD64	35696	workspace/experiments/front40_fusion_v1/receipts/rank06_kanta_map3_vs_fc24b_screen_seed416001_n512x2_v7.npz
A5B970F6B881761E50F2FA1AAD1446D95722CC131C1B5AAF98B99BE718420F3D	557	workspace/experiments/front40_fusion_v1/receipts/rank06_kanta_map5_subset_seed400001_n128x2_v5.json
630463DFF926ECB025A3A35B9500BA53B9269CD20CFE26FF33B9C9A8EFDA909E	14496	workspace/experiments/front40_fusion_v1/receipts/rank06_kanta_map5_subset_seed400001_n128x2_v5.npz
5EFFB9C1D6369BA8CD897483016EAF561D8838AF4E3AA7CF2A5EBFD5E3526529	3123	workspace/experiments/front40_fusion_v1/receipts/rank06_kanta_map5_vs_fc24b_screen_seed408001_n512x2_v3.json
B0A124EA5E4CDE93366DE557668A18F9ECD2CF693DC3689E7E27FD802D1A20C5	49034	workspace/experiments/front40_fusion_v1/receipts/rank06_kanta_map5_vs_fc24b_screen_seed408001_n512x2_v3.npz
FE4B65225DD6A8B8BF2B30751644B8B0CFBB062B71ECD4D627BF9F56A7465EE6	1298	workspace/experiments/front40_fusion_v1/receipts/rank06_kanta_online_acd_screen_parity_seed440001_n128x2_v27.json
CCB2942C7874788AF56797C0AF1A034C174CA3944C7BEB75B78F74FD6B8676A7	13115	workspace/experiments/front40_fusion_v1/receipts/rank06_kanta_online_acd_vs_fc24b_seed440001_n128x2_v25.json
2834AC04B4CAD4F8DDBD2759D5F13E8048398D1B9976A68D10C8ABACEF7FC048	16585	workspace/experiments/front40_fusion_v1/receipts/rank06_kanta_secondshop_abcd_ablation_seed416_full512x2_v19.json
D17B0638EC96CAEFA9C22EF0BC07594EB31F25D18FAC286DC39C93CB205F0BDD	31070	workspace/experiments/front40_fusion_v1/receipts/rank06_kanta_secondshop_pair_effects_dev640_v13.json
4B666D785D9315ED9DF63C242C8707C636B9108EEAFAED3013A3D385C513EBB9	4204	workspace/experiments/front40_fusion_v1/receipts/rank06_kanta_secondshop_variants_eval_seed416_full512x2_v17.json
262A5ED41124F97FC2AB8311171AE83F74F1BD6D07BF56E2CA9EE6AB546CA5F3	3311	workspace/experiments/front40_fusion_v1/receipts/rank06_kanta_secondshop5_vs_fc24b_screen_seed416001_n512x2_v15.json
251C0FB41981FAAF7FFD3B046355FC8693E9B00553DEB7EA87B079D18B485D9C	53562	workspace/experiments/front40_fusion_v1/receipts/rank06_kanta_secondshop5_vs_fc24b_screen_seed416001_n512x2_v15.npz
3001091FCEFBD146FF296A63302AA338F616F81955DBF147881154FD7C313106	723	workspace/experiments/front40_fusion_v1/receipts/rank06_kanta_secondshop8_merged_seed416001_n512x2_v16.json
76995126411ED99112C8124FD3F21D468555E0EE8E8693EA8FA30ED17C64BF77	84533	workspace/experiments/front40_fusion_v1/receipts/rank06_kanta_secondshop8_merged_seed416001_n512x2_v16.npz
862CD3B555C9ADEECAA23D1A6A6D78587BD37B11E8C6B8A8BA63AABF847A11E3	68010	workspace/experiments/front40_fusion_v1/receipts/rank06_kanta_trace_bank_v1.json
2B0AA9A6B1B0F39116916196EF11904103F59C7494AE1C4A55F23678CC7C86C1	1190	workspace/experiments/front40_fusion_v1/receipts/rank07_active_all84_expanded_seed464001_n512x2_v10.json
BD60324BD43E5427357F03ED1DF00D4C1F80AE56E2712A144B90B88BDBBB044C	276658	workspace/experiments/front40_fusion_v1/receipts/rank07_active_all84_expanded_seed464001_n512x2_v10.npz
C12C04B18BCB8BB0711E58747B5F656D98384CB7EE17B5E8366246FEA810BC12	1191	workspace/experiments/front40_fusion_v1/receipts/rank07_active_all84_expanded_seed472001_n512x2_v14.json
6940819EC97A6FFB6D2C8E6D6657C7275FB9045D62DF99EB52530F4A46546898	277947	workspace/experiments/front40_fusion_v1/receipts/rank07_active_all84_expanded_seed472001_n512x2_v14.npz
443634AB9DD9932AA02C8B1F92B9BC9128B1EFBC769ED123F5395694CAD4A30B	1191	workspace/experiments/front40_fusion_v1/receipts/rank07_active_all84_expanded_seed480001_n512x2_v20.json
C04B39F3ED51824FA56D7ABED6C62D34508047C939DAC814B2555786A97A7666	276782	workspace/experiments/front40_fusion_v1/receipts/rank07_active_all84_expanded_seed480001_n512x2_v20.npz
75419F2CA8F01D0C45B47D50FC37438A8D3CDCCBF94C01728966F119787C813A	23809	workspace/experiments/front40_fusion_v1/receipts/rank07_active_all84_vs_fc24b_screen_seed456001_n128x2_v1.json
F4640BCFA628142F68536A3F46128C5C80238EEB5AEBE9AC9D910C2010E8F659	72694	workspace/experiments/front40_fusion_v1/receipts/rank07_active_all84_vs_fc24b_screen_seed456001_n128x2_v1.npz
EDEAADA4EBDF09BF758D51A5EE960D58EB459FFA24305DD336564B5BE01DF1FC	3205	workspace/experiments/front40_fusion_v1/receipts/rank07_active_canonical_map_parity_seed480_v23.json
A6340E6D9E0927E4CC1214D8E09DC669F67772636FF2EFD73E95C789DB9EE7B5	2171	workspace/experiments/front40_fusion_v1/receipts/rank07_active_final_eval_seed488_v25.json
A83BE34BE127801E53F0171DC262ECC1DB7DCE0877F374B14A9A647C104E1974	2161	workspace/experiments/front40_fusion_v1/receipts/rank07_active_final_eval_seed496_v27.json
59007594F22089138943A368DA4D448C3B7E13F7CA7AD93D702D74365DF6B0BA	2666	workspace/experiments/front40_fusion_v1/receipts/rank07_active_final4_vs_fc24b_screen_seed488001_n512x2_v24.json
306409FDA7EA0AA488D1E05D5444752BDAAABA6E12BC24D7ACD85F6EE46DE985	49406	workspace/experiments/front40_fusion_v1/receipts/rank07_active_final4_vs_fc24b_screen_seed488001_n512x2_v24.npz
EF06F402360205B18F7DB9C98E572B2D9D62E49A8836689D52152ADF0AC59528	2651	workspace/experiments/front40_fusion_v1/receipts/rank07_active_final4_vs_fc24b_screen_seed496001_n512x2_v26.json
B7319546B1CACD450F9425732910A13079620899B3903163157CF53F3C02526A	48478	workspace/experiments/front40_fusion_v1/receipts/rank07_active_final4_vs_fc24b_screen_seed496001_n512x2_v26.npz
397E6E9AA84AA2C8121ABF152DFECA32AEC62558A81138E96BAB0C0F58996012	2601	workspace/experiments/front40_fusion_v1/receipts/rank07_active_final4_vs_fc24b_screen_seed504001_n128x2_v29.json
229CD614E6075CA4919AA0F12B9690CFCA16435CE87C7CC866A4E4C18617812B	14649	workspace/experiments/front40_fusion_v1/receipts/rank07_active_final4_vs_fc24b_screen_seed504001_n128x2_v29.npz
4BA72B5AB7AB59EBEE584E659A9795E0A1FD73D66EF210ECA641CC9C476476C1	3326	workspace/experiments/front40_fusion_v1/receipts/rank07_active_firstshop_map_eval_seed464_n512x2_v4.json
99C1A3DA5D78EFC71FE4C2173984DD2C1B62A376D1B6939B84E39854D67F6FB7	3283	workspace/experiments/front40_fusion_v1/receipts/rank07_active_firstshop_map_eval_seed472_n512x2_v8.json
37EDF5C560E313D49365D13033C54916649E06E728620317440F3ED4856D7AAF	2380	workspace/experiments/front40_fusion_v1/receipts/rank07_active_map3_vs_fc24b_screen_seed472001_n512x2_v7.json
F9D90318A1D3E846132211F25C2C7B111803A3C5713460B1ADEB0AE1F71D86BA	39306	workspace/experiments/front40_fusion_v1/receipts/rank07_active_map3_vs_fc24b_screen_seed472001_n512x2_v7.npz
27D1D86925CFBEEB847F69C3B2AC4B14CCD948EEEFB61A5C9F0D934F841DDE63	550	workspace/experiments/front40_fusion_v1/receipts/rank07_active_map4_subset_seed456001_n128x2_v5.json
B27BBF2C30D151027021C77B5C6D95416672F86A386261B0639F3E27263D229E	14466	workspace/experiments/front40_fusion_v1/receipts/rank07_active_map4_subset_seed456001_n128x2_v5.npz
CDE75299CA5E75F66B1CB5769CAB059CD9278EAAA27EF5888D5070EE6CA301A1	2651	workspace/experiments/front40_fusion_v1/receipts/rank07_active_map4_vs_fc24b_screen_seed464001_n512x2_v3.json
195E78E29A8631EAC6158A852471055B50D924E939C9FC1C14020476EAB62112	48718	workspace/experiments/front40_fusion_v1/receipts/rank07_active_map4_vs_fc24b_screen_seed464001_n512x2_v3.npz
72BAE84082A69CDA41A33AE4DF81AC8B5439BC90B3472CB9D61E6000142E921B	13194	workspace/experiments/front40_fusion_v1/receipts/rank07_active_online_risk7_vs_fc24b_seed504001_n128x2_v30.json
91BBB60F17FFB58E0BA942674B08F540C6A49472F9261D1388B20766CBD388AC	1313	workspace/experiments/front40_fusion_v1/receipts/rank07_active_online_screen_parity_seed504_v31.json
0A63A00E5BD1B2EB389008CB85CD45EA07CA0B6B2EDAC9C4F391A6C25269C6E6	3189	workspace/experiments/front40_fusion_v1/receipts/rank07_active_secondshop_candidates_eval_seed472_v18.json
BBC40E9F1952CEA31CE26778157FEA8FFDABE44CB71C64BBDF83F3AEF625D833	3202	workspace/experiments/front40_fusion_v1/receipts/rank07_active_secondshop_candidates_eval_seed480_v21.json
2113FC167A11C31DD48D69ECFA50676D6B6457E13C499724B54E8A9563CE61E3	65841	workspace/experiments/front40_fusion_v1/receipts/rank07_active_secondshop_pair_effects_dev640_v12.json
543183F0619F41FF6239542B3116DEAA761DF0D9370D88F090376F025599A9AC	43303	workspace/experiments/front40_fusion_v1/receipts/rank07_active_secondshop_pair_effects_seed472_v15.json
05071B090355540AA5DB32CF3E23A84483D229C84EED1BDF158E9306990DEA1D	42814	workspace/experiments/front40_fusion_v1/receipts/rank07_active_trace_bank_v1.json
989B128ACDBC2D6DC0E7B8FD1858CAD9A777C0D17768103ACED05C6D47DDB732	5250	workspace/experiments/front40_fusion_v1/receipts/rank07_active_unique10_vs_fc24b_screen_seed464001_n512x2_v9.json
2F2F043E530C4C6746E3215B41BCFB0720DB7AFC53DFCA4D10EB5128B8F3141E	83504	workspace/experiments/front40_fusion_v1/receipts/rank07_active_unique10_vs_fc24b_screen_seed464001_n512x2_v9.npz
720F8CF5954F6B2D907C5CE46C159F5AAAB94FCCAADA15688EA0D832BD776706	5251	workspace/experiments/front40_fusion_v1/receipts/rank07_active_unique10_vs_fc24b_screen_seed472001_n512x2_v13.json
C88E9E933B826561BDE7B99FC34DBE88F8C89C367280756BBEB158BD2551448E	83663	workspace/experiments/front40_fusion_v1/receipts/rank07_active_unique10_vs_fc24b_screen_seed472001_n512x2_v13.npz
FFE2808E6DC974F7EBAF003B9587B392321726CFD2137728C1A20D03F397FD4C	5253	workspace/experiments/front40_fusion_v1/receipts/rank07_active_unique10_vs_fc24b_screen_seed480001_n512x2_v19.json
EC35A4F22157CF62B5C5812B28C3F7ACBA672A8649B7382AF8A96C609EF2ECF5	83404	workspace/experiments/front40_fusion_v1/receipts/rank07_active_unique10_vs_fc24b_screen_seed480001_n512x2_v19.npz
B8F4BD988C415C2220448F3CB005CEFB42BE69160EDBDAAEAD3276E6B4CFC748	1436	workspace/experiments/front40_fusion_v1/receipts/rank08_kobe_all89_merged_seed520001_n512x2_v15.json
9C4961B1FCB95DF6120A63833AAAB11DFCA997BFFFF7B2C9A4D5F59B7EEA8643	864322	workspace/experiments/front40_fusion_v1/receipts/rank08_kobe_all89_merged_seed520001_n512x2_v15.npz
1FFF8840F096DEB485083772CF14F4363859C633DC76EBB18D4DFEC53E2FEF75	24712	workspace/experiments/front40_fusion_v1/receipts/rank08_kobe_all89_vs_fc24b_screen_seed512001_n128x2_v1.json
D114F4A871EC128C4A57D6837F91EFA6184D6C0190D41955A49CA9151B742784	221171	workspace/experiments/front40_fusion_v1/receipts/rank08_kobe_all89_vs_fc24b_screen_seed512001_n128x2_v1.npz
C78CC367B167A8B110D45EB8E6A9102056DCE7BBAEF76779269B3AF87FB2A9B6	6862	workspace/experiments/front40_fusion_v1/receipts/rank08_kobe_candidate16_vs_fc24b_screen_seed528001_n512x2_v21.json
AD2E7B2043FFDCAC203DFB3364B5B7470F0BB4355F8FD248CAF33B7DD6AFD326	176558	workspace/experiments/front40_fusion_v1/receipts/rank08_kobe_candidate16_vs_fc24b_screen_seed528001_n512x2_v21.npz
BBDF3EC9DD59B421B3765215FEB82850CD1C70CBFAE2C72CFA3A79E1DCA99080	6829	workspace/experiments/front40_fusion_v1/receipts/rank08_kobe_candidate16_vs_fc24b_screen_seed536001_n512x2_v30.json
C7736F1953ADC018651701A5B6262B5ECC0DF888935E50691E47AC7BBE5374B3	176317	workspace/experiments/front40_fusion_v1/receipts/rank08_kobe_candidate16_vs_fc24b_screen_seed536001_n512x2_v30.npz
0415C39D5EF661B1B020CBD39F4541FF05743F39A72E22577B164B31673BDDCA	6034	workspace/experiments/front40_fusion_v1/receipts/rank08_kobe_dev640_map_eval_seed520_v11.json
D23C6C01BBE5364F52891CB28A7F920EFC19C0BA1E69E960857BD39E656EB95F	2149	workspace/experiments/front40_fusion_v1/receipts/rank08_kobe_final_eval_seed552_v39.json
835D6D58A45BEB189AA99FF4C6003197567C8FB019974033445A371E76EFC317	2155	workspace/experiments/front40_fusion_v1/receipts/rank08_kobe_final_eval_seed560_v41.json
CD24F0277FE6FE638006F473A6F2F797BCBEA7DEF76B379652FF51605E1EDA19	3177	workspace/experiments/front40_fusion_v1/receipts/rank08_kobe_finalist_eval_seed544_v37.json
F06014761F8800144281FDCC438FE0016D8E78642880978F584A26F42F30C345	3782	workspace/experiments/front40_fusion_v1/receipts/rank08_kobe_finalist7_vs_fc24b_screen_seed544001_n512x2_v36.json
1957DC4A9B38463F8CEEA3DD1F4FCED4DC12C610C8D5A454423BE2E183EA9FDC	73962	workspace/experiments/front40_fusion_v1/receipts/rank08_kobe_finalist7_vs_fc24b_screen_seed544001_n512x2_v36.npz
6CC39ADFC720655988F3C36FDC4A33F442B1B3D1D86D0D95999B5A5EF50A721A	4387	workspace/experiments/front40_fusion_v1/receipts/rank08_kobe_finalist7_vs_fc24b_screen_seed552001_n512x2_v38.json
DD361314A735517659AF1759C4F55ABC90C38083CDFEE3937F4EB46DD9C352E1	73294	workspace/experiments/front40_fusion_v1/receipts/rank08_kobe_finalist7_vs_fc24b_screen_seed552001_n512x2_v38.npz
087E2766F86AB283B73AEB5703475E83AFF9E8C66ACDDD45191C3FCBCABD9E4C	4397	workspace/experiments/front40_fusion_v1/receipts/rank08_kobe_finalist7_vs_fc24b_screen_seed560001_n512x2_v40.json
C2FF5152D50520795EF109F4BBFECDEA1BCCF08C0971DC4BEB6BB7B57D089302	73445	workspace/experiments/front40_fusion_v1/receipts/rank08_kobe_finalist7_vs_fc24b_screen_seed560001_n512x2_v40.npz
962EB53077B452BAF3D82A1E8DDEE59645F6FE63FFDC85B366B637FCF32B9C36	4267	workspace/experiments/front40_fusion_v1/receipts/rank08_kobe_finalist7_vs_fc24b_screen_seed568001_n128x2_v43.json
02E71E305688D505283CDAFC597CB621813F5D18B3BACC64128705ECC3EA144C	20936	workspace/experiments/front40_fusion_v1/receipts/rank08_kobe_finalist7_vs_fc24b_screen_seed568001_n128x2_v43.npz
09D7F904BB3D1ECE3F4F5AEDB99AD781B8ABADAEF6DDF5CE05935D42D199622B	4063	workspace/experiments/front40_fusion_v1/receipts/rank08_kobe_firstshop_map_eval_train512_v4.json
8E016262151F55DCB9A8618316FB14A155173238FD40249750B39FC3EC611DFF	6821	workspace/experiments/front40_fusion_v1/receipts/rank08_kobe_firstshop_restricted_vs_unrestricted_train512_v6.json
4E03B61AD357A7F3A881B467855F52212EF4F4BF674972E67556636CC421F1EE	547	workspace/experiments/front40_fusion_v1/receipts/rank08_kobe_map4_subset_seed512001_n128x2_v9.json
03FC9BB2907F90672037FA92D0532B99E08539FE19366D0102A1BA4D219D837F	12734	workspace/experiments/front40_fusion_v1/receipts/rank08_kobe_map4_subset_seed512001_n128x2_v9.npz
1EC235C5EBBADC583F094EC18E05AA3C52D1400C18E066342E129C2F80FC5376	2802	workspace/experiments/front40_fusion_v1/receipts/rank08_kobe_map4_vs_fc24b_screen_seed520001_n512x2_v7.json
900AA8937544D682803B0B29508F709C7775E48FFA4B7A5562355CB5B552A74A	40871	workspace/experiments/front40_fusion_v1/receipts/rank08_kobe_map4_vs_fc24b_screen_seed520001_n512x2_v7.npz
6BC1055911E09D0B4FABA65635B64F2DFFDDEF48CF8326794E96148AF1B0E6E8	13184	workspace/experiments/front40_fusion_v1/receipts/rank08_kobe_online_safe8fs_vs_fc24b_seed568001_n128x2_v44.json
621226496556DA4FE6FE34246ED86634F470B3DB4150A5A2FAB3C5C3FE0BBABF	1318	workspace/experiments/front40_fusion_v1/receipts/rank08_kobe_online_screen_parity_seed568_v45.json
BB556BA762CF774BA5C44DE3418446E8ED936E822EE48A2AB189FAEBFF136EDE	24085	workspace/experiments/front40_fusion_v1/receipts/rank08_kobe_remaining85_vs_fc24b_screen_seed520001_n512x2_v12.json
370671C98490D713013F71C196F1E8447DD39BF12F0DD36FE5267CBE641DC80D	826201	workspace/experiments/front40_fusion_v1/receipts/rank08_kobe_remaining85_vs_fc24b_screen_seed520001_n512x2_v12.npz
60AD228DF8AC729D86C7634FA94FCBCAC8614331A75F37226C6F61F1B49B0507	14375	workspace/experiments/front40_fusion_v1/receipts/rank08_kobe_route_oracle_seed512_v2.json
461E4AC6365860DA2A3645E5BBAAAEFF655A2861F3821D11B7A70089563A4CF3	3185	workspace/experiments/front40_fusion_v1/receipts/rank08_kobe_safe8fs_vs_core4_seed528_v34.json
8232A064D5CE83BA223F8F15EB7B30C25E305AC266795551E137FCDB628AE474	3186	workspace/experiments/front40_fusion_v1/receipts/rank08_kobe_safe8fs_vs_core4_seed536_v35.json
88887B1B05DDEDE03C50283643165FE34703430FFBC2A588244EDB3ABF155060	5261	workspace/experiments/front40_fusion_v1/receipts/rank08_kobe_secondshop_ablation_seed536_v31.json
00AF16D00A1AD677C2FD4DDC3DA8E4D80FC57FF98EAE2CD02C1649832EF5DF4B	3177	workspace/experiments/front40_fusion_v1/receipts/rank08_kobe_secondshop_candidates_eval_seed528_v22.json
C13CE583FBAD89287CB487EA760DB2241C2BAB89F17B11E15C31729F3573BE68	44168	workspace/experiments/front40_fusion_v1/receipts/rank08_kobe_secondshop_pair_effects_dev640_v18.json
C666CE4655075907D2B97A266B8DE0818BE533C04AFE1E18CE80B96738AE97EF	24095	workspace/experiments/front40_fusion_v1/receipts/rank08_kobe_secondshop_pair_effects_seed512_v14.json
614EC16408AB471A5BAE02B62554B98942F2028758033BCBEE6CF439C7EC532C	17873	workspace/experiments/front40_fusion_v1/receipts/rank08_kobe_secondshop_risk21_pair_effects_seed528_v24.json
E35C660839285240932B0B2C1C2470587F941A5A32C57641133DCEDFCEC2D721	13757	workspace/experiments/front40_fusion_v1/receipts/rank08_kobe_secondshop_safe16_pair_effects_seed528_v23.json
520794C6F8E074C57CB7267DEBEB5BD77B33A77265B35271A52C07416C41C4DA	2152	workspace/experiments/front40_fusion_v1/receipts/rank08_kobe_secondshop_safe7_eval_seed528_v26.json
C8D807CBFEE25A21E7E68E7EA96A574B08DF062B3900FD78FBEBABC70548DA51	7052	workspace/experiments/front40_fusion_v1/receipts/rank08_kobe_secondshop_safe8fs_pair_effects_seed536_v32.json
BA53CAD8C9668A0DF1AF38ECEC45951AB91352E8CA3517E44DA65410FA860F2E	45153	workspace/experiments/front40_fusion_v1/receipts/rank08_kobe_trace_bank_v1.json
7CC42FC12FCD6028FBFF2CF0B7D12DF33AEE51AA02E56C71B5356C25F02239A9	3298	workspace/experiments/front40_fusion_v1/receipts/rank08_kobe_unrestricted_map_eval_seed520_v8.json
5A299BB2CF6D02CCCDD710C41C9C4F738AA241CAA7DBEA285B63C9009D932F39	7684	workspace/experiments/front40_fusion_v1/receipts/rank09_allsix_tree_byfirst_dev576_v99.json
D9207F80CE2AE27F5C7ABA0BF9325AA8A26F3AFA4C6C4E765874A05FB3169F1A	7801	workspace/experiments/front40_fusion_v1/receipts/rank09_allsix_tree_byfirst_dev600_v99.json
434466F1529E6F2B337E9113C11EFC4878DA9ADEE9A287A63A455C865E06C4CF	7980	workspace/experiments/front40_fusion_v1/receipts/rank09_allsix_tree_byfirst_dev608_v99.json
04E67BC42BF4F0BBA646A1ECC3268A18BC988E6902AB12DEF4470FB3556DF436	7955	workspace/experiments/front40_fusion_v1/receipts/rank09_allsix_tree_byfirst_dev616_v99.json
5BBB7ED8DB77DCFBCE4349D2678E56D8175312BD69AF0B0CD83A492315EFA03F	8056	workspace/experiments/front40_fusion_v1/receipts/rank09_allsix_tree_byfirst_dev624_v99.json
95A1B1049322829F4DE841E5C3F14ECE7BDAEA14E128A8A5CBD3A1582B3DA9DA	8037	workspace/experiments/front40_fusion_v1/receipts/rank09_allsix_tree_byfirst_dev632_v99.json
2BF4680C33B558170819F7F2B75F208F92293D14211626A8562040A0366A93C1	29331	workspace/experiments/front40_fusion_v1/receipts/rank09_kawashigi_all179_vs_fc24b_screen_seed576001_n128x2_v1.json
AFBAD98EBB20535EF6EC09FE4A9A9EF5B2E833760E7D8E0C6566048349B604F0	563625	workspace/experiments/front40_fusion_v1/receipts/rank09_kawashigi_all179_vs_fc24b_screen_seed576001_n128x2_v1.npz
0C18D2A484EA92B6E3D7C40D26D71F47708CAEDB0D0A11548B3870A072CAA139	29725	workspace/experiments/front40_fusion_v1/receipts/rank09_kawashigi_all179_vs_fc24b_screen_seed600001_n128x2_v35.json
76EAEAD57471E9B60EFC44ADBDC89E81A0C2EF56D2CB39B8F8EE0351516F57CA	561349	workspace/experiments/front40_fusion_v1/receipts/rank09_kawashigi_all179_vs_fc24b_screen_seed600001_n128x2_v35.npz
1E5C571F0736DEA72F81AAB52E1F5E5BAF7E720F512DB5FD79175431F9388FC9	2891	workspace/experiments/front40_fusion_v1/receipts/rank09_kawashigi_allsix_minimax_byfirst_holdout640_v101.json
2869C6C6E22309F611BEDD7E25DE7FA1B01ECDB6AB845A501E214071FAD8AE29	1359	workspace/experiments/front40_fusion_v1/receipts/rank09_kawashigi_allsix_minimax_win_thirdshop_holdout640_v104.json
A4B8C8CE6B2B7BB48C8884D77BD16835E7EC1BCE7A634B0682628DA895B75C50	1341	workspace/experiments/front40_fusion_v1/receipts/rank09_kawashigi_allsix_pooled_thirdshop_holdout640_v103.json
72752612E780BAF203F48AD72DD1A8B073529AFD92621D4B185299CA22C2B7F7	1355	workspace/experiments/front40_fusion_v1/receipts/rank09_kawashigi_allsix_stable_win_thirdshop_holdout640_v105.json
02A03558027CDDD1ED2B9895BB97E5A1078B52BE61CD6C608A00F47B8131EF52	32688	workspace/experiments/front40_fusion_v1/receipts/rank09_kawashigi_candidates24_oracle_seed624_v74.json
D15572788E1371192430451C0D360DA03D71594C921E314F8EF7311BFF5E6C85	769	workspace/experiments/front40_fusion_v1/receipts/rank09_kawashigi_candidates26_subset_seed576_v52.json
C3CE4159E53A5CD478C45AEA5969E243C20D7867F01B8BACA992587A5BD22A33	71957	workspace/experiments/front40_fusion_v1/receipts/rank09_kawashigi_candidates26_subset_seed576_v52.npz
C89A453BEFDC29DCF85FAE818ECEBBB6C8434B6C402F0873B934455CC88A1BA5	770	workspace/experiments/front40_fusion_v1/receipts/rank09_kawashigi_candidates26_subset_seed600_v53.json
0FB2A577F588BA7DFEC8317B4ED41C0E17512DB2C560873FB6EC98435F08EF00	70306	workspace/experiments/front40_fusion_v1/receipts/rank09_kawashigi_candidates26_subset_seed600_v53.npz
C9D6EFD769DEFD1E752AF60F4CD985DA9DAF76A704F87E96D7FE334DE47DDC58	4301	workspace/experiments/front40_fusion_v1/receipts/rank09_kawashigi_compatible_ranker_holdout624_632_v89.json
F86226ADE438C0D8C86AF14D60C2DE5E06D316C48DB615ED7608AEC8BC13B10B	3543	workspace/experiments/front40_fusion_v1/receipts/rank09_kawashigi_compatible_ranker_holdout632_v91.json
9B5395B05593F16A880A5AD783E27A554F7FFA53ACA6B63E327446C8A8971A64	3515	workspace/experiments/front40_fusion_v1/receipts/rank09_kawashigi_compatible_ranker_holdout640_v94.json
0B4575C4481BA21C5C832BDF808EC7342F924BDB91136B0CCDA811CD6DAE1611	268558	workspace/experiments/front40_fusion_v1/receipts/rank09_kawashigi_compatible_ranker_train_v88.json
0E281BAB0411A2162517E5910FD8C8124799EBD8D2E2C762D70A5A1374168F3D	227728	workspace/experiments/front40_fusion_v1/receipts/rank09_kawashigi_compatible_ranker_train_v90.json
35FAB25B4775DBCF59CD34DDE18E7D992AE8ABF0AD5CCEE0FDFFCE591B5ACD83	228006	workspace/experiments/front40_fusion_v1/receipts/rank09_kawashigi_compatible_ranker_train_v92.json
FD1A80F1D4B000151498B9E94F72E01FC864DA2520F2DF97638B196C4A0F5B03	3035	workspace/experiments/front40_fusion_v1/receipts/rank09_kawashigi_context_step144_seed576001_n128x2.json
58E0FF22327B9657F0F84EFD04A21A1C260AF533B1467F09CEEEBA0F907E20A4	3037	workspace/experiments/front40_fusion_v1/receipts/rank09_kawashigi_context_step144_seed600001_n128x2.json
57B694D3D646A032E6C27F34FB4569CF3F26839EF131C1A1FDD575EECA29A41C	3040	workspace/experiments/front40_fusion_v1/receipts/rank09_kawashigi_context_step144_seed608001_n512x2.json
4030D2E513ECDB2A3524CF2F5BB188E8FA68EBF146F8CD9E9AA28675038A1914	3038	workspace/experiments/front40_fusion_v1/receipts/rank09_kawashigi_context_step144_seed616001_n512x2.json
50621D626C14A46AF496C4A18BF70DA2EF8492222C9E38EED0A7EE8005997174	3039	workspace/experiments/front40_fusion_v1/receipts/rank09_kawashigi_context_step144_seed624001_n512x2.json
3567C674FB3B1C35072AAAC7CAD2A411F6170E47E78D36E72F232C6F5400FE57	3039	workspace/experiments/front40_fusion_v1/receipts/rank09_kawashigi_context_step144_seed632001_n512x2.json
9A95D2CCB5B8E356D7CDF4A6F094245336E5D41972DDF40192C3F634E64424FD	3039	workspace/experiments/front40_fusion_v1/receipts/rank09_kawashigi_context_step144_seed640001_n512x2.json
9131C3F92B44685BAEC006F0609D95415E6860BE62BC18CA4834E09CDD1A0A70	3426	workspace/experiments/front40_fusion_v1/receipts/rank09_kawashigi_firstshop_combined_eval_v21.json
2DF9D4033BCA984C64B89088794C15B9143936EBDA268F8A907AC3616D9F32EA	7648	workspace/experiments/front40_fusion_v1/receipts/rank09_kawashigi_firstshop_maps_eval_seed576_v7.json
45E31DB282D74ECADCEA10FCABA8DA823FADCF0461FA8763A6CFCC2D07854525	6220	workspace/experiments/front40_fusion_v1/receipts/rank09_kawashigi_firstshop_maps_eval_seed584_v10.json
DB46A1BF4B9AC8A7B12E57230252BEE2EC9914B5A9E697AE2BE8882950716F86	4935	workspace/experiments/front40_fusion_v1/receipts/rank09_kawashigi_firstshop_seed584_map_backeval_seed576_v15.json
839A8D97CC42C43CB32387B923D48A521A4BFE89B96345BCE709FE6F9B5B26CF	11836	workspace/experiments/front40_fusion_v1/receipts/rank09_kawashigi_full256_candidates26_vs_fc24b_seed608001_n512x2_independent_v43.json
DE39B3A0DAE68D252F1E0CCAE336EBFBB275D5BAB4023E9F08F0C079328F22D5	325880	workspace/experiments/front40_fusion_v1/receipts/rank09_kawashigi_full256_candidates26_vs_fc24b_seed608001_n512x2_independent_v43.npz
B1AC6A04EB3E1E4C570F6276D3D361047DE733CF75DBD69583741B9538B8B8A0	2174	workspace/experiments/front40_fusion_v1/receipts/rank09_kawashigi_joint_hybrid_backeval_seed608_v69.json
2F643788891D2C7DEE02744FDB1B2CAF9358AD0D3B0EFC330F8A5CFFB47F0816	2140	workspace/experiments/front40_fusion_v1/receipts/rank09_kawashigi_joint_hybrid_backeval_seed616_v70.json
54C4C45E1FEF119C74E734AFAEF1B1F79A9B7C87A0C8FFFBE5A5B796E2E18CE3	2183	workspace/experiments/front40_fusion_v1/receipts/rank09_kawashigi_joint_hybrid_eval_seed624_independent_v72.json
AA361A228FDBF764DA7C95EFE1FBA07D909C87A4F143CDE9828FAD2AFFA02B41	10983	workspace/experiments/front40_fusion_v1/receipts/rank09_kawashigi_joint_hybrid_routes24_vs_fc24b_seed624001_n512x2_independent_v71a.json
A27BFC6C83BA5134A7F6986A4A69C2499E87DD5FA3FFF41F349BE5CB19275E47	302987	workspace/experiments/front40_fusion_v1/receipts/rank09_kawashigi_joint_hybrid_routes24_vs_fc24b_seed624001_n512x2_independent_v71a.npz
C20709A90B57D49CC0AC2AE0073C654BEC3A2C01B23407751B83872DB11CA338	2189	workspace/experiments/front40_fusion_v1/receipts/rank09_kawashigi_joint_minimax_eval_seed616_v63.json
B3CC5C1D94275E31B669240ECE8B7171AB05165B26ABF250839C8A32B19826FD	6004	workspace/experiments/front40_fusion_v1/receipts/rank09_kawashigi_joint_missing11_pad_vs_fc24b_seed616001_n512x2_v60.json
E63B7E29E2B8DDC0BCFA97F57C0581C9C712126BF9C8045349040BF93D5B3EDF	138811	workspace/experiments/front40_fusion_v1/receipts/rank09_kawashigi_joint_missing11_pad_vs_fc24b_seed616001_n512x2_v60.npz
4CC940DFD362E05CD9845C95BE1D2AE4AE8C08E2AF4A9098443FCE9E928301FA	639	workspace/experiments/front40_fusion_v1/receipts/rank09_kawashigi_joint_missing11_subset_seed616_v61.json
8587497DC09DB40E699F91842E61CEEAD77168AECAE613E16314A7874CF26800	125291	workspace/experiments/front40_fusion_v1/receipts/rank09_kawashigi_joint_missing11_subset_seed616_v61.npz
9324F3A8A7175B908151ED69C4D53BA363C538D6984F8A25CA5B14DC3A9741FE	2182	workspace/experiments/front40_fusion_v1/receipts/rank09_kawashigi_joint_pooled_eval_seed616_v65.json
DAEB50E22741BC34176315BE79F8C257C6D6DE214E80E17AE26B48CA3C828126	2177	workspace/experiments/front40_fusion_v1/receipts/rank09_kawashigi_joint_stable_eval_seed616_v64.json
80F4D365214EDCB0A535EFFA05FD06A60731849EE3F3EFB73D6FDB3A5BABEEE6	8015	workspace/experiments/front40_fusion_v1/receipts/rank09_kawashigi_joint_trees_by_first_seed608_v66.json
22477F0DCA81D5DE3C6BB1825CA295904B29706B921F45321F18992B70C1DFE4	7995	workspace/experiments/front40_fusion_v1/receipts/rank09_kawashigi_joint_trees_by_first_seed616_v67.json
1C7F34592CCA694127E4B2AC3E35C50517DD361EC67F085962426E239FC5FE44	10601	workspace/experiments/front40_fusion_v1/receipts/rank09_kawashigi_joint_trees_by_first_seed624_v73.json
9CB70409D533ED55C3104C9C15A370B55929244B29CE7ED474DF99DD135A91FF	905	workspace/experiments/front40_fusion_v1/receipts/rank09_kawashigi_joint25_seed616_n512x2_independent_v62.json
0B460E30617D35C84AFCAB767EFFCEEC112236A6856A65CD4F8E91C606EA83F6	312945	workspace/experiments/front40_fusion_v1/receipts/rank09_kawashigi_joint25_seed616_n512x2_independent_v62.npz
28CC89B75614948D4753CE164E6CAE4EF9356E92BE8E6BA3698F384C1183ED61	2183	workspace/experiments/front40_fusion_v1/receipts/rank09_kawashigi_minimax_full256_eval_seed608_independent_v45.json
5643193891201E021690138EF2042F3A492A547949F7B8C7A24DCFBE3EE2688C	37932	workspace/experiments/front40_fusion_v1/receipts/rank09_kawashigi_minimax_pair_effects_576_600_608_v47.json
2C8082C1DE52976CA1C276363DE59503E5A0E510878160898A2C47E59B2E3104	3231	workspace/experiments/front40_fusion_v1/receipts/rank09_kawashigi_minimax_strict10_backeval_seed608_v49.json
55262B0E258780AD404BF5B3AEB978D11ED64B069A7A782EC21E6ED592030520	2190	workspace/experiments/front40_fusion_v1/receipts/rank09_kawashigi_minimax_strict10_eval_seed616_independent_v51.json
9128BA7BDC18F518B0D51CDCBE6CF734646F4ED91C267843DC06D9210F1E0303	14580	workspace/experiments/front40_fusion_v1/receipts/rank09_kawashigi_route_oracle_seed576_v2.json
38FFC5B9272274E91A85ABFDF628B7F05C793884CB25B0CF304505EA058B7F6E	14567	workspace/experiments/front40_fusion_v1/receipts/rank09_kawashigi_route_oracle_seed600_v36.json
1D91F0BEEF523BE21409E227D7D301ED8C332D9565C95556A5FD97A7538442C0	756	workspace/experiments/front40_fusion_v1/receipts/rank09_kawashigi_routes24_seed576001_n128x2_subset_v95a.json
053533CA02C51CF7ECA2CE79257C969A571D7E1D4C4B0E444B1595DCAACB2907	67829	workspace/experiments/front40_fusion_v1/receipts/rank09_kawashigi_routes24_seed576001_n128x2_subset_v95a.npz
8C9410509C24637649BA2B0D570C0B565A303C79841DE85B8DC7473A8E628FBB	757	workspace/experiments/front40_fusion_v1/receipts/rank09_kawashigi_routes24_seed600001_n128x2_subset_v95b.json
BFF972B28E15485590EB75387882F8C58B2CF368FFE40962911F680E2BD2E946	66320	workspace/experiments/front40_fusion_v1/receipts/rank09_kawashigi_routes24_seed600001_n128x2_subset_v95b.npz
B2F446BB48F229FC108B273CB7C0DDE044C609D8C288F019EDD43D9C0390C5EF	777	workspace/experiments/front40_fusion_v1/receipts/rank09_kawashigi_routes24_seed608001_n512x2_subset_v95c.json
A089F6067BD46571DD586E7EAF75873912ADCC4D8023C018BCA129D4107F03BA	301517	workspace/experiments/front40_fusion_v1/receipts/rank09_kawashigi_routes24_seed608001_n512x2_subset_v95c.npz
960A8B3712A9592751783CB017925B328ED6E83514B0F8CFA84E950CAD92FFFC	752	workspace/experiments/front40_fusion_v1/receipts/rank09_kawashigi_routes24_seed616001_n512x2_subset_v95d.json
8FF7CF3D5A798418F948C8A1FF93151CFDFBAC8DD10C2C7871A158FEE5E73C24	302768	workspace/experiments/front40_fusion_v1/receipts/rank09_kawashigi_routes24_seed616001_n512x2_subset_v95d.npz
07ADF394E909E1643BD3C7017059E88A0223AB94DB5592F1BF5873EA2807F863	11020	workspace/experiments/front40_fusion_v1/receipts/rank09_kawashigi_routes24_vs_fc24b_seed640001_n512x2_independent_v93.json
3BF52ED7EA13C98D2607E231EDD42D617B4A07252EE68DDD7D1755AFE80359C4	302591	workspace/experiments/front40_fusion_v1/receipts/rank09_kawashigi_routes24_vs_fc24b_seed640001_n512x2_independent_v93.npz
D072768CEAFA949C12DE90309712CDD10AABBE915649CD57E7AD2F5A920A51E0	11019	workspace/experiments/front40_fusion_v1/receipts/rank09_kawashigi_routes24_vs_fc24b_seed648001_n512x2_independent_v109.json
63786AFCD04D55846ECCDA8AC8770E35AB3F975009927EA37BCF0B9A1DE0E477	302594	workspace/experiments/front40_fusion_v1/receipts/rank09_kawashigi_routes24_vs_fc24b_seed648001_n512x2_independent_v109.npz
E16F9B5682F3086364C69463B03561CC874F7B809A08D91B3CA6FCB73C714127	1951	workspace/experiments/front40_fusion_v1/receipts/rank09_kawashigi_routes81_65_chunk1_seed648001_n512x2_v113.json
30217040B8ABC5009E80823BBC9CB4FE69E5F4EE93122A5F4ADAA169F52390AF	27355	workspace/experiments/front40_fusion_v1/receipts/rank09_kawashigi_routes81_65_chunk1_seed648001_n512x2_v113.npz
B4A23F20B24014B2DDC9080AE369B6FCECE0BD7639960F8BA995B41B299CE312	8897	workspace/experiments/front40_fusion_v1/receipts/rank09_kawashigi_second_candidates18_vs_fc24b_seed584001_n512x2_v23.json
1F9292619DA6098BE89C0003CD03F0A43BD7B9C5B6DED362F810B334E6B49AE6	232426	workspace/experiments/front40_fusion_v1/receipts/rank09_kawashigi_second_candidates18_vs_fc24b_seed584001_n512x2_v23.npz
73898B642324F43C480BFD9E9E660D22EDA5DE750ED7A3C712D6CE68299CAFCB	4198	workspace/experiments/front40_fusion_v1/receipts/rank09_kawashigi_second_maps_eval_seed576_all_v30.json
B09FA0702BBDA22F9CF239D30F178B91CEDAF8BD791642FCA72CB314E6567DBE	4260	workspace/experiments/front40_fusion_v1/receipts/rank09_kawashigi_second_maps_eval_seed584_all_v31.json
81F53AB238CC12A61121AC0010FA98C1E0AEAA8CD3D399961386E2D105E71EA4	4281	workspace/experiments/front40_fusion_v1/receipts/rank09_kawashigi_second_maps_eval_seed592_independent_v34.json
9466ADFB51B71FD7BE3261F3DA1533E109C53580E75F00C9C3718AA9319EF727	695	workspace/experiments/front40_fusion_v1/receipts/rank09_kawashigi_second_missing17_subset_seed584_v24.json
578980A7CC1C74AAA64F8177175B1BFC1A65F916E7D81537F4944F5A72625F11	218535	workspace/experiments/front40_fusion_v1/receipts/rank09_kawashigi_second_missing17_subset_seed584_v24.npz
9A06FB1FC94DADEC1910856691AB99510D05EDD6FA534A5FEC447AFE661920CB	922	workspace/experiments/front40_fusion_v1/receipts/rank09_kawashigi_second24_plus_extras_seed584_n512x2_v25.json
AE29F6BF33DC3B316F5BAB5F25DB07EAB17584C7CC643B0323926BFC55D7C549	353243	workspace/experiments/front40_fusion_v1/receipts/rank09_kawashigi_second24_plus_extras_seed584_n512x2_v25.npz
0C921E698D92738F530F44C90BCB70B1E0EFADF7A3940DF148C0EB54A9874522	11047	workspace/experiments/front40_fusion_v1/receipts/rank09_kawashigi_second24_vs_fc24b_seed592001_n512x2_independent_v33.json
ACC9EC127EDCFF7729CD0921CC5DCC93659A5034FEB7A6D533478E3730EEF522	305985	workspace/experiments/front40_fusion_v1/receipts/rank09_kawashigi_second24_vs_fc24b_seed592001_n512x2_independent_v33.npz
C7662E000CE505DADBE3188F71B0A71493DD96D95E8C9D6D23D98B180C169928	27697	workspace/experiments/front40_fusion_v1/receipts/rank09_kawashigi_secondshop_pair_effects_combined_v27.json
4EB50479682D8E60F51405B81F8BA8F33C182A459CFBDAEC411ECE5609E7F80A	628	workspace/experiments/front40_fusion_v1/receipts/rank09_kawashigi_selected11_merged_seed576_584_n640x2_v17.json
5FA660689AE0334DF750BAD0CEA57CB603BC8ED4594E2FED88FBAA38AB2C60B8	113489	workspace/experiments/front40_fusion_v1/receipts/rank09_kawashigi_selected11_merged_seed576_584_n640x2_v17.npz
E2A45770F3B9CCC283E5BE330154013B461700EA49B734150E48A75304BE0D7C	29464	workspace/experiments/front40_fusion_v1/receipts/rank09_kawashigi_selected11_oracle_seed584_v9.json
03A8E18FD28B33C59521224A6620C66B4CCF5461A0CCFD3B128ABCF6272E0BA5	623	workspace/experiments/front40_fusion_v1/receipts/rank09_kawashigi_selected11_subset_seed576_v16.json
0343D651E2618F3EA4187BE6A63D9A585C112F1C75F1D033871B7972FE36C38E	33022	workspace/experiments/front40_fusion_v1/receipts/rank09_kawashigi_selected11_subset_seed576_v16.npz
3258601FEF7000F53429E372212B322DC4EAD168AE0BDA0912D28FD124068189	6242	workspace/experiments/front40_fusion_v1/receipts/rank09_kawashigi_selected11_vs_fc24b_screen_seed584001_n512x2_v8.json
B57BC94CAD1AEDE8B541687058C51B40F6FFBEA855A6293457BB22B30369201B	130762	workspace/experiments/front40_fusion_v1/receipts/rank09_kawashigi_selected11_vs_fc24b_screen_seed584001_n512x2_v8.npz
53F7C785C9CC751C2DF570F873E3FD86C70642AE9E15055D6F1EB9DDBFFBAC99	1414	workspace/experiments/front40_fusion_v1/receipts/rank09_kawashigi_shop4_eval_seed632_independent_v88.json
9051C74EED1B16023206939C244DFA96F7B94647CE6FA1512B7481B0EC80B611	1413	workspace/experiments/front40_fusion_v1/receipts/rank09_kawashigi_shop4_eval_seed632_independent_v89.json
860BCC1DFB8AC392B677150471DD1AB99A78A28282241FE3595A5945D42280D1	1413	workspace/experiments/front40_fusion_v1/receipts/rank09_kawashigi_shop4_eval_seed632_independent_v90.json
24C73FC98914F8F4AF05A5B960CB203716264A725E8C707FFB1C4CA68A56FCA3	2195	workspace/experiments/front40_fusion_v1/receipts/rank09_kawashigi_stable_full256_eval_seed608_independent_v44.json
B2F28468F06EC442444D52683FF53873DFE464D838B44DEE0174E326349321A5	7020	workspace/experiments/front40_fusion_v1/receipts/rank09_kawashigi_strict10_routes14_vs_fc24b_seed616001_n512x2_independent_v50.json
8523E127947BD87B75EFC52010E5A04533589865B0F93FCB01FC7C22BBF16AD3	162689	workspace/experiments/front40_fusion_v1/receipts/rank09_kawashigi_strict10_routes14_vs_fc24b_seed616001_n512x2_independent_v50.npz
BD5EA1C600651ED1EABC44A965A285D8F088169507AA668839DB31351FCA89E3	1364	workspace/experiments/front40_fusion_v1/receipts/rank09_kawashigi_thirdshop_eval_seed632_independent_v82.json
6C7F0D57309D8689777FC3C3F8F096C320B773F96CD8C2D3135D5F795363F906	1362	workspace/experiments/front40_fusion_v1/receipts/rank09_kawashigi_thirdshop_eval_seed632_independent_v83.json
5BFE0408C2497AA790DDC7B4075DC731B3D102233A01F31E147D99B0301F14BB	1362	workspace/experiments/front40_fusion_v1/receipts/rank09_kawashigi_thirdshop_eval_seed632_independent_v84.json
4D375D3166D3AE887D81D0DE91E20023AEE4CE0FD326111F8F5F63465DD30475	1369	workspace/experiments/front40_fusion_v1/receipts/rank09_kawashigi_thirdshop_known5_backeval_seed624_v78.json
06FAB4B39FB7861ECAE5F2B7DB6D89EC103F46A565172EB3955DD97A30C3AA65	1368	workspace/experiments/front40_fusion_v1/receipts/rank09_kawashigi_thirdshop_known5_backeval_seed624_v79.json
0934CEF265FD16927DC666849475BF71FCE1E03BD58975CA3FA76BEF225BD39C	1367	workspace/experiments/front40_fusion_v1/receipts/rank09_kawashigi_thirdshop_known5_backeval_seed624_v80.json
503AC1408AF154F2DE03438BB9533C6F4DE76D91AF6E81B4C8AC469205B4A6D3	11045	workspace/experiments/front40_fusion_v1/receipts/rank09_kawashigi_thirdshop_routes24_vs_fc24b_seed632001_n512x2_independent_v81.json
9C9CC631D81C04E5F3FF1F18678004C535FEB7C618C7188C4D5D631D4714105B	302534	workspace/experiments/front40_fusion_v1/receipts/rank09_kawashigi_thirdshop_routes24_vs_fc24b_seed632001_n512x2_independent_v81.npz
354432B07310BBB852050A5B924D9A9B274220E13FD1938752D7511CA3AED9B3	3286	workspace/experiments/front40_fusion_v1/receipts/rank09_kawashigi_thirdshop_validation_blend_holdout648_v110.json
17CD8A094811E92A1446EF097F6F7636C105551AE1EAA0BD621D8804B2B66FD3	3311	workspace/experiments/front40_fusion_v1/receipts/rank09_kawashigi_thirdshop_validation_blend_seed640_v108.json
D48B0F22DBEB7D96D94AAFFC5F7B2C917E83113094439DF4C04B783848BB601C	3310	workspace/experiments/front40_fusion_v1/receipts/rank09_kawashigi_thirdtree0_byfirst_validation640_v106.json
7126034EF032778DDED9B49667C108FB159A6A8FD0866F735D954900A990E207	3318	workspace/experiments/front40_fusion_v1/receipts/rank09_kawashigi_thirdtree1_byfirst_validation640_v106.json
BD55E76B3D6ED51F0DA80DA07EEEC50FB796D767FF9AF60721B53257C928DCE7	3288	workspace/experiments/front40_fusion_v1/receipts/rank09_kawashigi_thirdtree2_byfirst_validation640_v106.json
D17C425033C3E0E63A67D0F68106175B405A4026C75029016F0DD6073C271DF0	88832	workspace/experiments/front40_fusion_v1/receipts/rank09_kawashigi_trace_bank_v1.json
B7ED835D7AC66C6C805DB85E1F131226631FF6605DBFAE3E9CCC3EE1158311E4	2655	workspace/experiments/front40_fusion_v1/receipts/rank09_kawashigi_v107_online_vs_fc24b_seed648001_n512x2_debug_v112.json
2B19E4417F369A758BAEF4B120128FEE0CE067AC52FC07F9DAD3EAF1939142B8	2080	workspace/experiments/front40_fusion_v1/receipts/rank09_kawashigi_v107_online_vs_fc24b_seed648001_n512x2_fixed_v114.json
F75765F16529B93FA4795940B1D512E60BEBBD0BC156D4BF8A1A0A733E18FF82	2018	workspace/experiments/front40_fusion_v1/receipts/rank09_kawashigi_v107_online_vs_fc24b_seed648001_n512x2_v111.json
FA882000D9A23B8A85604C829B5B83812355444DF3B7EAF6B4193A01B9EE5165	3305	workspace/experiments/front40_fusion_v1/receipts/rank09_kawashigi_v115_offline_seed640_v116.json
509EBD7C59827D9515C78A515F67ED151E96496E90C9B09F68CB9DE0141E7471	3286	workspace/experiments/front40_fusion_v1/receipts/rank09_kawashigi_v115_offline_seed648_v117.json
84B5D98BEE203335E0338918932C6F1E5F4D58D2D83DE77B7542481A82EB0CA3	3634	workspace/experiments/front40_fusion_v1/receipts/rank09_kawashigi_v115_online_vs_fc24b_seed656001_n512x2_independent_v118.json
0D07CDCBF18E702700B502CD0DC277A06F4AE9385FD48FE954F7076BCE8F10B2	2196	workspace/experiments/front40_fusion_v1/receipts/rank09_kawashigi_wilson_full256_eval_seed608_independent_v46.json
8965855E04A207F19AB2EE2D00C4C57130D958120336E02CE4E21438BCEBF263	29522	workspace/experiments/front40_fusion_v1/receipts/rank10_seb_all174_vs_fc24b_screen_seed664001_n128x2_v1.json
F015EB54F17D1B7BBA412585088BAF245F7474C28BFE3674833C792128750795	612419	workspace/experiments/front40_fusion_v1/receipts/rank10_seb_all174_vs_fc24b_screen_seed664001_n128x2_v1.npz
2F533B1E82FB8F5CD5220E4B7CB522EF40F038A2F54C1B725BCE233A85EE8FA7	15441	workspace/experiments/front40_fusion_v1/receipts/rank10_seb_candidates45_vs_fc24b_seed672001_n128x2_v2.json
BA4EB3BD2D3B0503CF7709A8FBA9BC55DF08F491B7D86030C499BA9CC14EECED	158164	workspace/experiments/front40_fusion_v1/receipts/rank10_seb_candidates45_vs_fc24b_seed672001_n128x2_v2.npz
1696EEA03A98D04CA2600F80406A06EC0C649628DA021076926FE86878FE6250	91656	workspace/experiments/front40_fusion_v1/receipts/rank10_seb_first_second_shop_online_seed680001_n512x2_v8.json
0BFA67A1D168547A7608B5E433C11740513DDDB8E113CAEB7EF7E04E99E0C19C	5445	workspace/experiments/front40_fusion_v1/receipts/rank10_seb_routes10_vs_fc24b_seed680001_n512x2_independent_v3.json
E385A181E3BA7431E7642D9282F08552BFD3728E3E6163BF4845347E92342682	141621	workspace/experiments/front40_fusion_v1/receipts/rank10_seb_routes10_vs_fc24b_seed680001_n512x2_independent_v3.npz
58415A1CF52E7F0108F3AEEBCC949D3C3EEA29443DCEE0A70AEE1EE0863CFA3B	86376	workspace/experiments/front40_fusion_v1/receipts/rank10_seb_trace_bank_v1.json
31AE8C222D8E36271282C6BA28AFE691158BC01CCC86F340E0D80D08E652C9AE	46151	workspace/experiments/front40_fusion_v1/receipts/rank10_seb_v4_online_vs_fc24b_seed688001_n512x2_independent_v10.json
01387E7E2B1E38DC8E13DBF421DEB098BD9293B51ABBCF0C44F7B02565486240	26970	workspace/experiments/front40_fusion_v1/receipts/rank11_peikopon_all113_vs_fc24b_screen_seed696001_n128x2_v1.json
CF295C2EDB73B397F0924504A450871713120C8FB0BA4193E60C454609048E6C	292904	workspace/experiments/front40_fusion_v1/receipts/rank11_peikopon_all113_vs_fc24b_screen_seed696001_n128x2_v1.npz
5DECE12067038320AC5240C357585CDA458AFC2B80E890FDAED77DACD1C39D51	11991	workspace/experiments/front40_fusion_v1/receipts/rank11_peikopon_candidates33_vs_fc24b_seed704001_n128x2_v2.json
3EFC4D30FEC3BFFC21034ABDFEC1358351B2159FB3B6A337F9728F86C83BC16A	74627	workspace/experiments/front40_fusion_v1/receipts/rank11_peikopon_candidates33_vs_fc24b_seed704001_n128x2_v2.npz
106D05EE9A55C550F597793D9842816A582FFC54365BF5E29EBE7F3E5B6C0E88	3900	workspace/experiments/front40_fusion_v1/receipts/rank11_peikopon_routes6_vs_fc24b_seed712001_n512x2_independent_v3.json
724EFC0B72DBA127D1A179F307FC6601CDDCE8D3DD6A409A0A56E647601AB464	58853	workspace/experiments/front40_fusion_v1/receipts/rank11_peikopon_routes6_vs_fc24b_seed712001_n512x2_independent_v3.npz
5446D9623DE2D76FCE38308089D64A5FA7DD585CC4ADA8A7C9AAA0462606029F	56829	workspace/experiments/front40_fusion_v1/receipts/rank11_peikopon_trace_bank_v1.json
697CEB2141E384F142C46691A980173121988786FA534F28A8FDD13F4EF58D16	45966	workspace/experiments/front40_fusion_v1/receipts/rank11_peikopon_v4_online_vs_fc24b_seed720001_n512x2_independent_v6.json
642C7C4658A801780FD032E247CC2094B865E443329558FAE4804D9741B15D8E	20792	workspace/experiments/front40_fusion_v1/receipts/rank12_fufufukakaka_all75_vs_fc24b_screen_seed728001_n128x2_v1.json
6B836A4B7ACD2FC78A303DD52D7FD982E5BB335D43E044BCBB9C69E4C507EFFF	214716	workspace/experiments/front40_fusion_v1/receipts/rank12_fufufukakaka_all75_vs_fc24b_screen_seed728001_n128x2_v1.npz
0EC4A1BE211455FD31207D2E5D47DB0B7F6AA260A3AB5D0CD36216F133AB8297	38437	workspace/experiments/front40_fusion_v1/receipts/rank12_fufufukakaka_trace_bank_v1.json
693CAA24E1747A13AB085122B8552AA28FB30C5C3E25B3EC8EEDD8E393DE7D4A	7272	workspace/experiments/front40_fusion_v1/receipts/rank13_burntpotato_dedup18_vs_fc24b_screen_seed736001_n64x2_v1
A2CBE0B81C45B4FE1390C77EE391B6C33E8813F5E19322A09950D7C892F1830A	22643	workspace/experiments/front40_fusion_v1/receipts/rank13_burntpotato_dedup18_vs_fc24b_screen_seed736001_n64x2_v1.npz
507F35FEF4FFC2B8EA87C5D764453F647C4E541D0F19F8AF6B24704B55581BF2	7241	workspace/experiments/front40_fusion_v1/receipts/rank13_burntpotato_dedup18_vs_fc24b_screen_seed744001_n128x2_v2.json
DAA510975244E9AB7D692A857D33E5813324CB23144AF44F743B6A693E6363EA	39441	workspace/experiments/front40_fusion_v1/receipts/rank13_burntpotato_dedup18_vs_fc24b_screen_seed744001_n128x2_v2.npz
B4FA66B296CB0CEDA51216E154A0A9902D9DDD0EFE11E7E37D07F4C8671C3E13	90548	workspace/experiments/front40_fusion_v1/receipts/rank13_burntpotato_final_pair_online_seed760001_n512x2_independent_v10.json
AC25F67BF39C98124A0C5BE9E0B6D941311E6230C650C91B6F4ED77A49231014	45613	workspace/experiments/front40_fusion_v1/receipts/rank13_burntpotato_secondshop_online_seed752001_n512x2_v8.json
E717BA7AAFB570ECB69907F4FB61A2996673D5CC4033E76545EA39E8646EFC5C	45624	workspace/experiments/front40_fusion_v1/receipts/rank13_burntpotato_secondshop_online_seed768001_n512x2_independent_v11.json
BEF7B4FB7AE7A5BE3BC92DBC9CA4C89304312C426F9137F9D59B2D0D7230D652	26819	workspace/experiments/front40_fusion_v1/receipts/rank13_burntpotato_trace_bank_v1.json
076C05A0AB4AB59FA511BE45128E6B8DCD9D3862A6FDAC21410F4298BCF691F5	45556	workspace/experiments/front40_fusion_v1/receipts/rank13_burntpotato_v3_online_vs_fc24b_seed752001_n512x2_independent_v5.json
9572394094C9EE42F1A937100B64F518C7467E70974F36B7EBEEACE22C232326	23356	workspace/experiments/front40_fusion_v1/receipts/rank14_kaan_diniz_all88_vs_fc24b_screen_seed776001_n64x2_v1.json
CE427B8840A0FDAFE637D03B2B597FF3CC172C3BAA86B8905C04A3A3D67B7043	85110	workspace/experiments/front40_fusion_v1/receipts/rank14_kaan_diniz_all88_vs_fc24b_screen_seed776001_n64x2_v1.npz
CEE2F1BC1DB97E976EF53F6C2E1457E981AC161C1B356D948D4F3021A24390C3	10276	workspace/experiments/front40_fusion_v1/receipts/rank14_kaan_diniz_candidates28_vs_fc24b_screen_seed784001_n128x2_v2.json
2C8EFFA2F9F5222570428AB5C9B400F500519E873F3B16ABEC1F376025A91D13	54044	workspace/experiments/front40_fusion_v1/receipts/rank14_kaan_diniz_candidates28_vs_fc24b_screen_seed784001_n128x2_v2.npz
6D2EE5CADE5B8AC627FEFC8F6A91326262E4C93FD5EB03F962F1A4A5AFC7D05D	45150	workspace/experiments/front40_fusion_v1/receipts/rank14_kaan_diniz_trace_bank_v1.json
0D4CA2FED49F550B3AAFAA9263EF72097B5C9A790CB1BECF6D65DEA7A74482EA	25237	workspace/experiments/front40_fusion_v1/receipts/rank15_recursion_all147_vs_fc24b_screen_seed792001_n64x2_v1.json
22DD15DB1A9711ACFCA66D845AEE1AA127D600808245699B42006B0833FEDAA9	116926	workspace/experiments/front40_fusion_v1/receipts/rank15_recursion_all147_vs_fc24b_screen_seed792001_n64x2_v1.npz
7A5BD8B23C21A375DE4F0D1A6FFBC33178E730200427C580BFA8BB2961A906ED	2046	workspace/experiments/front40_fusion_v1/receipts/rank15_recursion_final3_vs_fc24b_screen_seed808001_n512x2_v3.json
DB26773BC5C2C8BBC9BF6A6C838E186B0DCB2DD5BAF9B822724842BE171EDFAA	23959	workspace/experiments/front40_fusion_v1/receipts/rank15_recursion_final3_vs_fc24b_screen_seed808001_n512x2_v3.npz
E3B89B636649CA3F3B1436535EFCC2BBAD6ED9328435F0E80BDA99A56CE3AE5D	46051	workspace/experiments/front40_fusion_v1/receipts/rank15_recursion_fixed80_online_vs_fc24b_seed816001_n512x2_independent_v6.json
7D64D8E5BA1DD43D5CD4A6360A31A9F5E33D77811F9479154DDCD28DE7A0D901	5101	workspace/experiments/front40_fusion_v1/receipts/rank15_recursion_routes10_vs_fc24b_screen_seed800001_n512x2_v2.json
415D8AB10D1093842B330DEDC2C3E7AD9D8DAB5519EBD13205D90F212B83851F	64791	workspace/experiments/front40_fusion_v1/receipts/rank15_recursion_routes10_vs_fc24b_screen_seed800001_n512x2_v2.npz
55AADD06BB4E436C7734814E59915EB6897F4179C508F719F95982901A70206D	73309	workspace/experiments/front40_fusion_v1/receipts/rank15_recursion_trace_bank_v1.json
114D77D45CAF8B16CE08CC577743DFDB6684756D2DCB781564D9B79FA87FBA96	24808	workspace/experiments/front40_fusion_v1/receipts/rank16_lucien_all136_vs_fc24b_screen_seed824001_n64x2_v1.json
E5405DA30668301AC58F464368BE755A516E646C329EEA1303038B9990323A9F	143580	workspace/experiments/front40_fusion_v1/receipts/rank16_lucien_all136_vs_fc24b_screen_seed824001_n64x2_v1.npz
67C3B1FDB8705D261A61871C38C1F4B411F108B8C8A7D8F3A8BF4D79994BC0A8	68017	workspace/experiments/front40_fusion_v1/receipts/rank16_lucien_trace_bank_v1.json
372EFD93BC09F648EB60E21DEB20ABC11ED67313A09709EF8489C70539BB6241	19531	workspace/experiments/front40_fusion_v1/receipts/rank17_sarthak_all65_vs_fc24b_screen_seed832001_n64x2_v1.json
47D693B9074F4946145DBDE0A6F9AD0BC4A95877F86457351486B94D6158AA8B	69241	workspace/experiments/front40_fusion_v1/receipts/rank17_sarthak_all65_vs_fc24b_screen_seed832001_n64x2_v1.npz
67D17D87B27C5932EAE6148D54B990E003498B8B8F7381936F8B8E4EBBB6FE21	9079	workspace/experiments/front40_fusion_v1/receipts/rank17_sarthak_candidates24_vs_fc24b_screen_seed840001_n128x2_v2.json
5739DAF6297B92294C557CE0CB2716DDE41BB27C152D87C55B4B2488A7532BFF	49388	workspace/experiments/front40_fusion_v1/receipts/rank17_sarthak_candidates24_vs_fc24b_screen_seed840001_n128x2_v2.npz
7A8764178A87DB80658FD0DF4697157A3217F811A3E82FC16D6B8F4800EE9238	11036	workspace/experiments/front40_fusion_v1/receipts/rank17_sarthak_candidates24_vs_fc24b_screen_seed848001_n512x2_v6.json
A3200DE96FF09C0B0EDA3C41E3DD7200C7ED58FD860C70019DDDBE16DB466C58	236202	workspace/experiments/front40_fusion_v1/receipts/rank17_sarthak_candidates24_vs_fc24b_screen_seed848001_n512x2_v6.npz
62FA1ADDE3E64F0AE4C036C0701E2E28125CF533E80586037313CBDA2D3A891B	90758	workspace/experiments/front40_fusion_v1/receipts/rank17_sarthak_final_pair_online_seed864001_n512x2_independent_v14.json
FED5B03828B4EBE40077BD11CE39B1A6DBF402AA6D7D90355BA86D3FCEB155CA	45687	workspace/experiments/front40_fusion_v1/receipts/rank17_sarthak_minimax_online_vs_fc24b_seed848001_n512x2_independent_v5.json
6766914552824363F82699152981666A1508F3912E959E5EE295BE0462DAF8CB	45689	workspace/experiments/front40_fusion_v1/receipts/rank17_sarthak_secondshop_online_seed856001_n512x2_v12.json
872694D06FF1E395705BF27DB337BCF682DD3D9ABB5E131364DF1DB23E84A584	45646	workspace/experiments/front40_fusion_v1/receipts/rank17_sarthak_threepanel_online_vs_fc24b_seed856001_n512x2_independent_v9.json
47859BD2EAA8C2FB4A7F200207DCED99D80C8D76920D334C236E5896D9B8AF98	33588	workspace/experiments/front40_fusion_v1/receipts/rank17_sarthak_trace_bank_v1.json
62B038734CB71B650F34FC9209103C9674CA7C7A2070C91E5707C7B73A89DD65	18313	workspace/experiments/front40_fusion_v1/receipts/rank18_mandgeee_all59_vs_fc24b_screen_seed872001_n64x2_v1.json
F3CDA0D508FDA2F4FC8BB7A43956DA1C154A340A9E36853C8239059AAFAF33C9	69461	workspace/experiments/front40_fusion_v1/receipts/rank18_mandgeee_all59_vs_fc24b_screen_seed872001_n64x2_v1.npz
AD8D7A38D022555D531CBA153E18D27AA7D1C37B73FE679ACCFFFFD644D37CEE	30674	workspace/experiments/front40_fusion_v1/receipts/rank18_mandgeee_trace_bank_v1.json
2AC9C4A50D29253802B6EB191CAA742B76E05D2326A654FB57CDFFE95218AFF1	21928	workspace/experiments/front40_fusion_v1/receipts/rank19_xiaowenhao404_all123_vs_fc24b_screen_seed880001_n64x2_v1.json
9A92EE709BFC96007FB3580A12149BB651A7806E8B269FF52272568573FF8906	140032	workspace/experiments/front40_fusion_v1/receipts/rank19_xiaowenhao404_all123_vs_fc24b_screen_seed880001_n64x2_v1.npz
78C6D4824C87E9CCEFAA3B79AA064E6E5605BE0AC1D0DE37CDB73374E749152D	12976	workspace/experiments/front40_fusion_v1/receipts/rank19_xiaowenhao404_candidates37_vs_fc24b_screen_seed888001_n128x2_v2.json
47F42145B716F135ED3BBD91DBB298ACB848F5AEF9D3985045798E992159BA62	86803	workspace/experiments/front40_fusion_v1/receipts/rank19_xiaowenhao404_candidates37_vs_fc24b_screen_seed888001_n128x2_v2.npz
8AA1691008E49A60DF284D13611DABDAE533ABC36421DC94E51F440375E383DD	61668	workspace/experiments/front40_fusion_v1/receipts/rank19_xiaowenhao404_trace_bank_v1.json
AEE56663266E6B956009A49A2F27545C8CB341E69534C4B1B49BDAFAC13DF5EF	19655	workspace/experiments/front40_fusion_v1/receipts/rank20_u_all68_vs_fc24b_screen_seed896001_n64x2_v1.json
DE8E76124B725F20276BABA522EA6CD5F2AD806C8C6DB3FA40128F638AC0D9D4	72267	workspace/experiments/front40_fusion_v1/receipts/rank20_u_all68_vs_fc24b_screen_seed896001_n64x2_v1.npz
C0996E10B7AF5F9D41DCA8DAB1200D7D896262D8B6DC4BEABFBB76F091E9DB35	10467	workspace/experiments/front40_fusion_v1/receipts/rank20_u_candidates29_vs_fc24b_screen_seed904001_n128x2_v2.json
D125F6E5D75522AC521AF07F8238B01DF076B572C4B9C553C3A2688D19261A1D	58891	workspace/experiments/front40_fusion_v1/receipts/rank20_u_candidates29_vs_fc24b_screen_seed904001_n128x2_v2.npz
9C645C3013B8E04DD723211C2CFF65C2DF75C6DBDC442C3E4D022BDA890B2192	34999	workspace/experiments/front40_fusion_v1/receipts/rank20_u_trace_bank_v1.json
B1AD0ABFA745B9881423E9158D6251449042A6830FD8CB1C3D250E99784F2DDC	22770	workspace/experiments/front40_fusion_v1/receipts/rank21_saikushal185_all101_vs_fc24b_screen_seed912001_n64x2_v1.json
EC2AC4F76C7BA0FA50D9FC5D7645E30B1420684587868A02F6CC2CA7FC8057DF	106473	workspace/experiments/front40_fusion_v1/receipts/rank21_saikushal185_all101_vs_fc24b_screen_seed912001_n64x2_v1.npz
A89ABE03B5FB005AD293BA35D94E5F88B0E1F5234E55B03A02682BD6DB0F2B97	10409	workspace/experiments/front40_fusion_v1/receipts/rank21_saikushal185_candidates28_vs_fc24b_screen_seed920001_n128x2_v2.json
6F6B3A6981FD71C3814CAFC95E137598D536EB2620DBBE1628885AD20E0917DF	54263	workspace/experiments/front40_fusion_v1/receipts/rank21_saikushal185_candidates28_vs_fc24b_screen_seed920001_n128x2_v2.npz
E03C45E9A8F8CCEE5FE56D7A733297D82CA30BE1009911BD2EDDF9C12ED386F8	90272	workspace/experiments/front40_fusion_v1/receipts/rank21_saikushal185_first_second_online_seed928001_n512x2_v11.json
4D69BE04F4C04A9BF7F5DEE2A5931DBEC6B97B7A31805D18586BC01FC7055EED	1297	workspace/experiments/front40_fusion_v1/receipts/rank21_saikushal185_route71_vs_fc24b_seed920001_n128x2_v3.json
99A7E785F978598D712F8B3F7C7A7F31E7AB93CCCC712A2381A4BC7185A5E68D	6523	workspace/experiments/front40_fusion_v1/receipts/rank21_saikushal185_route71_vs_fc24b_seed920001_n128x2_v3.npz
BBBEE5FBB950EC7330C3693759B9540116AA169D47452729FDCED2783319D538	51011	workspace/experiments/front40_fusion_v1/receipts/rank21_saikushal185_trace_bank_v1.json
94BA65192DF288884938B2B1DF8C352198C50AC1D7C78543F66FA6B57DEAE682	9989	workspace/experiments/front40_fusion_v1/receipts/rank22_victor_tufa_candidates27_vs_fc24b_screen_seed944001_n128x2_v3.json
E13A10939E02C7D0D94D5A2E82988C26F3A854B876E7F7C0434EF3527E03ECA4	52099	workspace/experiments/front40_fusion_v1/receipts/rank22_victor_tufa_candidates27_vs_fc24b_screen_seed944001_n128x2_v3.npz
3DBA7B3508DBF28286BA121EE299BF4AC3E88181CB78EF2B0600C7B057990225	19985	workspace/experiments/front40_fusion_v1/receipts/rank22_victor_tufa_dedup73_vs_fc24b_screen_seed936001_n64x2_v2.json
3DD55911F5278C5A8F79E609D33CA1E9EB9E2436D09064BD185014BC2029FE48	68059	workspace/experiments/front40_fusion_v1/receipts/rank22_victor_tufa_dedup73_vs_fc24b_screen_seed936001_n64x2_v2.npz
8841BF1EF7B6C225442B33CA22B30BD9B090A7D0D5EE6456B2461B2D6546EC5F	62173	workspace/experiments/front40_fusion_v1/receipts/rank22_victor_tufa_trace_bank_v1.json
27B233980FC03DA9345CCB277A2614F91D899C26448712C30D7B9E500FF1802B	17479	workspace/experiments/front40_fusion_v1/receipts/rank23_xw_all61_vs_fc24b_screen_seed952001_n64x2_v2.json
EC3A39D26CA3BEBE282162BB6483004AEE4FAF637BFB64B0A09DE947E7EBA896	89659	workspace/experiments/front40_fusion_v1/receipts/rank23_xw_all61_vs_fc24b_screen_seed952001_n64x2_v2.npz
A097E542D3403CC3DD97B90D51E64BF145379108FFE4055CEF8EC67F56C5AC59	10860	workspace/experiments/front40_fusion_v1/receipts/rank23_xw_candidates30_vs_fc24b_screen_seed960001_n128x2_v3.json
417E590F7F1174B69F1386F82C27AA2F2B945943AC06689B44C61A420D164B7E	87584	workspace/experiments/front40_fusion_v1/receipts/rank23_xw_candidates30_vs_fc24b_screen_seed960001_n128x2_v3.npz
42D8C48EA85CE5BBCA1FA2155A5E56010ADF8628B6F9D49315CB5D0BDE326CFE	11770	workspace/experiments/front40_fusion_v1/receipts/rank23_xw_candidates30_vs_fc24b_screen_seed968001_n256x2_v4.json
268E3619658D5C3D601DF5D0B56FBE8B37CAC7C4A72F12B6B3F4CA3EB6F9C51E	186316	workspace/experiments/front40_fusion_v1/receipts/rank23_xw_candidates30_vs_fc24b_screen_seed968001_n256x2_v4.npz
F676DE4FB28A76DAC733B72F57EDD08DE8114494A4BAC38D7832468B30629C68	90889	workspace/experiments/front40_fusion_v1/receipts/rank23_xw_first_second_online_seed976001_n512x2_v8.json
13BF9003318077061794B9368016F31F3AB47CDD142FE88024C82F58F3981F37	3039	workspace/experiments/front40_fusion_v1/receipts/rank23_xw_third_minimax_v9_on_panel0.json
EA4FBC65D70DF5DF9FD261E2F66101E8EA6932F90C5B5FF6E92A5E23D068D8DA	3210	workspace/experiments/front40_fusion_v1/receipts/rank23_xw_third_minimax_v9_on_panel1.json
67387C71630DA031BC93EF9650C32A1E78F5591C047AD0601E0A4CCF4532C9AC	3236	workspace/experiments/front40_fusion_v1/receipts/rank23_xw_third_minimax_v9_on_panel2.json
8A87243D76E2C792C2291FAA54E1CE5B420B96D04903F22D12859F7FE632C48E	3035	workspace/experiments/front40_fusion_v1/receipts/rank23_xw_third_pooled_v14_on_panel0.json
13C11FA5888D46786A92B55ADEA6969A5981E404DD89B844411358F44AC206C6	3210	workspace/experiments/front40_fusion_v1/receipts/rank23_xw_third_pooled_v14_on_panel1.json
BD46E9BE9C3EB2F0139E5E9200C44AB0CB4B01E2F3B3DA5869270AE1A133EA82	3244	workspace/experiments/front40_fusion_v1/receipts/rank23_xw_third_pooled_v14_on_panel2.json
8269B8018EE9EEE636B0FCE969800D90918A8B5A64840380DB5B991DC67DBAD9	3035	workspace/experiments/front40_fusion_v1/receipts/rank23_xw_third_stable_v13_on_panel0.json
69B64B77B95278C8BC340AA2BB509E2DAA17F6795BCE87BB7E73D309455702B1	3210	workspace/experiments/front40_fusion_v1/receipts/rank23_xw_third_stable_v13_on_panel1.json
C6448A0CB661408EA2ADD0BA811A97BF72EE61FCD40C184E05EA17076A7B0E63	3244	workspace/experiments/front40_fusion_v1/receipts/rank23_xw_third_stable_v13_on_panel2.json
C60345CF02AC38032EF0F54EFAC84C9E9616B539DC0120FC7CA08928B593848A	3663	workspace/experiments/front40_fusion_v1/receipts/rank23_xw_thirdshop_online_seed984001_n512x2_v10.json
3A97F5B791BD0A1BC7AE2A07CFEFC381D0B5E8C2F4DB235FDB501D72424046C6	3668	workspace/experiments/front40_fusion_v1/receipts/rank23_xw_thirdshop_online_seed992001_n512x2_v12.json
3E025E3AABAA39B6BC2A54545B790A44A9690F87D5E3885702CDA1833BC33EBC	31656	workspace/experiments/front40_fusion_v1/receipts/rank23_xw_trace_bank_v1.json
2CD067D4F8723F36B7E9D77948C2C69773A31FBD185BA111FD68E1346BD6B417	25230	workspace/experiments/front40_fusion_v1/receipts/rank24_stackknight_all127_vs_fc24b_screen_seed1000001_n64x2_v2.json
182282E50AFD7E63678C37C712FDA404D6C1329F717EAD6112DE5556B0F4C207	148761	workspace/experiments/front40_fusion_v1/receipts/rank24_stackknight_all127_vs_fc24b_screen_seed1000001_n64x2_v2.npz
BC146B18DDD89C5891925FE4512C48190B0329CDBDA8A1DC301E64ED7109483D	10707	workspace/experiments/front40_fusion_v1/receipts/rank24_stackknight_candidates30_vs_fc24b_screen_seed1008001_n128x2_v3.json
C4513DB5EC48483EF8710BFA916142EFF047935E33903BAA1E27B52194E898DD	53807	workspace/experiments/front40_fusion_v1/receipts/rank24_stackknight_candidates30_vs_fc24b_screen_seed1008001_n128x2_v3.npz
41FC6C8534F33B1D3C7643D7566391D982F75F523E7A8E44C10D82B1D1C16620	91507	workspace/experiments/front40_fusion_v1/receipts/rank24_stackknight_first_second_online_seed1016001_n512x2_v7.json
B17E31D521C5090343473C4CE614DF127271DB1293039360E352C460D7C724E9	63615	workspace/experiments/front40_fusion_v1/receipts/rank24_stackknight_trace_bank_v1.json
918D6E9C6EDA61D6AC81A7FA7D977804859E008F8756993F9EC797089DA62F56	24969	workspace/experiments/front40_fusion_v1/receipts/rank25_wiz_all145_vs_fc24b_screen_seed1024001_n64x2_v2.json
D7F4966659C86C75DD41B3928F2878FD83A93370E599BED733E310335FCACDEA	144724	workspace/experiments/front40_fusion_v1/receipts/rank25_wiz_all145_vs_fc24b_screen_seed1024001_n64x2_v2.npz
DA0989C4764BF5FE63F66514E6D6836885B6A3C2F064F29E20B20DA1FA896ACF	72338	workspace/experiments/front40_fusion_v1/receipts/rank25_wiz_trace_bank_v1.json
20E28FA42A179854CE23FA8B4BAF8A55F3DA0FA951D4786E36AE28A312FEA548	23873	workspace/experiments/front40_fusion_v1/receipts/rank26_efe_all146_vs_fc24b_screen_seed1032001_n64x2_v2.json
44A220786D0BA41B68A08BB5D5B36B6FB7ADF74C45D9D0690F3CA152933B93D6	150293	workspace/experiments/front40_fusion_v1/receipts/rank26_efe_all146_vs_fc24b_screen_seed1032001_n64x2_v2.npz
F2F3E76C9291ACABB7A9AD2B41FB3D26548027DE0886417C421D972D41332ED1	72804	workspace/experiments/front40_fusion_v1/receipts/rank26_efe_trace_bank_v1.json
F0FA8376E72856F6572F876FBAB85100B02FFAC7F2CFF1EEC503C2F1DC25396A	17929	workspace/experiments/front40_fusion_v1/receipts/rank27_atakan_all59_vs_fc24b_screen_seed1040001_n64x2_v2.json
5554F3BC830603FAB8B7B31933ED69C1AE05A8C9BEC3D0BFBBDDC4A56F12ADB3	58027	workspace/experiments/front40_fusion_v1/receipts/rank27_atakan_all59_vs_fc24b_screen_seed1040001_n64x2_v2.npz
4C42FF574DA92B07780B3E91096AC97125BC766E290B61D67EA371627B477DAD	9781	workspace/experiments/front40_fusion_v1/receipts/rank27_atakan_candidates25_vs_fc24b_screen_seed1048001_n128x2_v3.json
8B5B3EDB479AB6CF91BA4772EF0DDB81462D86372C8960FFCAA799B907D5DE8B	49473	workspace/experiments/front40_fusion_v1/receipts/rank27_atakan_candidates25_vs_fc24b_screen_seed1048001_n128x2_v3.npz
C9422E5DB741459451BD50183695F6D17EA02B6FF0B7C5A07B31B8942A469BC8	30669	workspace/experiments/front40_fusion_v1/receipts/rank27_atakan_trace_bank_v1.json
BECB2E141C12E19B4AB30815E8EAFF7C4066EA4685A04EFB547F2B0B9FDF9F2B	19298	workspace/experiments/front40_fusion_v1/receipts/rank28_shiiin9_all68_vs_fc24b_screen_seed1056001_n64x2_v2.json
66B08B40350326524674F953B804D990033794939F307EE8F649B7D0C48F6FC7	74837	workspace/experiments/front40_fusion_v1/receipts/rank28_shiiin9_all68_vs_fc24b_screen_seed1056001_n64x2_v2.npz
7D246F0B5954624448E6033E16B1C99539225FEC7B08C8CB34457F4F3B14AD1C	9997	workspace/experiments/front40_fusion_v1/receipts/rank28_shiiin9_candidates27_vs_fc24b_screen_seed1064001_n128x2_v3.json
5D31724B92C4D855AD13B732D2120C4419CF2DEE13651139328A0889F523E298	54222	workspace/experiments/front40_fusion_v1/receipts/rank28_shiiin9_candidates27_vs_fc24b_screen_seed1064001_n128x2_v3.npz
E98551DDA7A3FB8700BA1FA741EA234992682E40D6F2BD13DA474C78BCC16C01	91109	workspace/experiments/front40_fusion_v1/receipts/rank28_shiiin9_first_second_online_seed1072001_n512x2_v7.json
6B74DE07DBFEDB54295895C8A509C99D0B9056DE0C612A341B9BEB24F2239DD5	35002	workspace/experiments/front40_fusion_v1/receipts/rank28_shiiin9_trace_bank_v1.json
E69B3E42AE5E91A64B69B198EBA33BE88E0FC9DD29C0025917349EFC8E4ED2AB	20782	workspace/experiments/front40_fusion_v1/receipts/rank29_lucaskna_all70_vs_fc24b_screen_seed1080001_n64x2_v2.json
D82293BEFC39CB2E0A11F2F451D7A57992755EC96D778B6229E78075D5932A69	80812	workspace/experiments/front40_fusion_v1/receipts/rank29_lucaskna_all70_vs_fc24b_screen_seed1080001_n64x2_v2.npz
9DD78C73792A9863E8E58D0F036034603B1FB9406B24F194ED3579D0D58C6BDF	22250	workspace/experiments/front40_fusion_v1/receipts/rank29_lucaskna_all70_vs_fc24b_screen_seed1088001_n128x2_v4.json
039C9CDA8D66F1117A8E4898ECBFA4216CF94D0C30F6FCA75B7D1F4F317FE629	184164	workspace/experiments/front40_fusion_v1/receipts/rank29_lucaskna_all70_vs_fc24b_screen_seed1088001_n128x2_v4.npz
640F8192F33F504F797DBF4ADDB5F7E9878054B6A807612AFFED348AB4A4AF0D	9324	workspace/experiments/front40_fusion_v1/receipts/rank29_lucaskna_candidate25_vs_fc24b_screen_seed1088001_n128x2_v3.json
957AF583B3127AAA841C774ECD1800F9524C417A90C83B4BDEC84DB28E934EE9	49829	workspace/experiments/front40_fusion_v1/receipts/rank29_lucaskna_candidate25_vs_fc24b_screen_seed1088001_n128x2_v3.npz
E2975AB14F0BFB60A23C8E20C0C2821C102C4F7AD909CA62B02876C0D9BC9944	91237	workspace/experiments/front40_fusion_v1/receipts/rank29_lucaskna_first_second_online_seed1096001_n512x2_v8.json
2122EC9700073C3C7395E142BEE37585B5AE620A947462CD316563415B4DAB38	35993	workspace/experiments/front40_fusion_v1/receipts/rank29_lucaskna_trace_bank_v1.json
012E41537245193C9496F40BDD3202F5505E0CF5C203BEA48B6FBD6C06F0CFC2	24457	workspace/experiments/front40_fusion_v1/receipts/rank31_bplyc15_all113_vs_fc24b_screen_seed1104001_n64x2_v2.json
1A71733768688E3A7A866EB2326664D3427EEF56833B4ADEBE804983585A889D	112534	workspace/experiments/front40_fusion_v1/receipts/rank31_bplyc15_all113_vs_fc24b_screen_seed1104001_n64x2_v2.npz
6A0DCCBFD8ED79BF55166AEA59F3193F4EEDCC3C9FF80A9C0A152082B74DD158	91307	workspace/experiments/front40_fusion_v1/receipts/rank31_bplyc15_first_second_online_seed1112001_n512x2_v6.json
E9A056A5763D8954C8D0D50E85992B3C84764C6EA047B9FCA227D7CC20B90025	56804	workspace/experiments/front40_fusion_v1/receipts/rank31_bplyc15_trace_bank_v1.json
003ABB39C5BEFD67F8DB196F5076E9C6CFBB77DE334AED72B7AF80AF40344FF4	25881	workspace/experiments/front40_fusion_v1/receipts/rank32_tetsuya_all170_vs_fc24b_screen_seed1120001_n64x2_v2.json
BF18191C758E35CCB9168C0A2F981AF5769EAD1D50EA19C54123DCE45CF35E1C	297254	workspace/experiments/front40_fusion_v1/receipts/rank32_tetsuya_all170_vs_fc24b_screen_seed1120001_n64x2_v2.npz
3F9022913319C0D9158639F4AA31820E7B544D303C235CB434610AD52C010270	84509	workspace/experiments/front40_fusion_v1/receipts/rank32_tetsuya_trace_bank_v1.json
125EEFB950A0065675B7320B88339F4F6AB8D4913DE54AE089D15B42F646EB1D	24619	workspace/experiments/front40_fusion_v1/receipts/rank33_unknownrobi_all116_vs_fc24b_screen_seed1128001_n64x2_v2.json
A42011D05C083DE7E27DC3F53C474DDD020D121B4D7463893C81B915518F5AA4	121355	workspace/experiments/front40_fusion_v1/receipts/rank33_unknownrobi_all116_vs_fc24b_screen_seed1128001_n64x2_v2.npz
F6206A075C46EE4BEC8FAB9E128B39964E09787E615ABA83B8AB3D3BFCA6FF7C	58247	workspace/experiments/front40_fusion_v1/receipts/rank33_unknownrobi_trace_bank_v1.json
5044C0CD174D4E14275925B80779CBDE8C1A3539803431CBD10FFEA1BCFB33BC	23602	workspace/experiments/front40_fusion_v1/receipts/rank34_arda_ceylan_all85_vs_fc24b_screen_seed1136001_n64x2_v2.json
DC7D45580A24A6179F5AD6C367EC304C2A466098DCC5A69AAB2DCEE989FE8205	89309	workspace/experiments/front40_fusion_v1/receipts/rank34_arda_ceylan_all85_vs_fc24b_screen_seed1136001_n64x2_v2.npz
7B472F1A9024E9AEB2D61A265C1644EFD79F792B966C5B49CE92AF1DD0D22070	10728	workspace/experiments/front40_fusion_v1/receipts/rank34_arda_ceylan_candidate29_vs_fc24b_screen_seed1144001_n128x2_v3.json
BC7098192A13297BE38333678E6F26A0EDE4C0EE0624E6DF4DB541196E504FCE	51963	workspace/experiments/front40_fusion_v1/receipts/rank34_arda_ceylan_candidate29_vs_fc24b_screen_seed1144001_n128x2_v3.npz
4B24E72AE9F1D3CC3378642C2D6F4CAC62383DED5D8432E67F409E0A8801F0A6	43241	workspace/experiments/front40_fusion_v1/receipts/rank34_arda_ceylan_trace_bank_v1.json
1C0166312E04BE2BE33774519C1E75C3D19CE922C44E3C9017206E4CB21963F3	25017	workspace/experiments/front40_fusion_v1/receipts/rank35_webmaking_all151_vs_fc24b_screen_seed1152001_n64x2_v2.json
86491D9730D98C0CB60325DC9542C9FB08E403B86CAC294D71F14882FCE55BF2	183655	workspace/experiments/front40_fusion_v1/receipts/rank35_webmaking_all151_vs_fc24b_screen_seed1152001_n64x2_v2.npz
B394C6FA513EA141F1EFF17FC53C4F2D89E369C8E904B2D6E0A5CF892D3345BA	75233	workspace/experiments/front40_fusion_v1/receipts/rank35_webmaking_trace_bank_v1.json
B37F9FAD4DF512BA63A85CDBDE6030A0D488D0710FAD3FF1C078E1E33E3DDC05	9826	workspace/experiments/front40_fusion_v1/receipts/rank36_james_holland_candidate26_vs_fc24b_screen_seed1168001_n128x2_v3.json
A07B015802F91F5186F9EAE28852939454763A26E543E0363F25DE2FDFA83B23	43830	workspace/experiments/front40_fusion_v1/receipts/rank36_james_holland_candidate26_vs_fc24b_screen_seed1168001_n128x2_v3.npz
8D5A6C85BF33098699363F8B648CDE8E44689122911D1F83891820D1AEC45A8B	9913	workspace/experiments/front40_fusion_v1/receipts/rank36_james_holland_candidate26_vs_fc24b_screen_seed1176001_n128x2_v12.json
7ED6598F6BE4DD4BA325C05F20BD8594E40598970C84B77D4D767A20E72AF274	42624	workspace/experiments/front40_fusion_v1/receipts/rank36_james_holland_candidate26_vs_fc24b_screen_seed1176001_n128x2_v12.npz
35BDFCEF69EF42CE54D6F2BE5D657297CCEDA39728C37DA1B1BA06B171B9AA94	92422	workspace/experiments/front40_fusion_v1/receipts/rank36_james_holland_first_second_online_seed1176001_n512x2_v7.json
44E07993CB38489CB3AD93AD3ECF7D2194FDE7DA7756614BD8B4A9B732B75FEC	92495	workspace/experiments/front40_fusion_v1/receipts/rank36_james_holland_pooled_pair_online_seed1176001_n512x2_v11.json
DDF6F4063FCD8A9E77ACBC4D370D046B20BBD71904168B6AE68B9F6E2272A56C	92720	workspace/experiments/front40_fusion_v1/receipts/rank36_james_holland_three_panel_pair_online_seed1184001_n512x2_v16.json
4F542B2AE39B8AAC79DD89DA9508A6F9CE813F815A1218558AB89F90AD262C25	80560	workspace/experiments/front40_fusion_v1/receipts/rank36_james_holland_trace_bank_v1.json
7152F4F35BC4BAEF03E123D1FADBCA7959785A60489DA0B6BFD86E45472F4379	26251	workspace/experiments/front40_fusion_v1/receipts/rank36_james_holland_unique161_vs_fc24b_screen_seed1160001_n64x2_v2.json
E8A9F93FC2DEDDF2172CD0C21417E1579EC5C9EDE9C6D44653AF3433B3947EE5	169739	workspace/experiments/front40_fusion_v1/receipts/rank36_james_holland_unique161_vs_fc24b_screen_seed1160001_n64x2_v2.npz
D6252D7F4A1059ED20E725C406AC58AC1EFE798B5B13AD28B19A6E42CB057863	11266	workspace/experiments/front40_fusion_v1/receipts/rank37_kenjo1209_all115_vs_fc24b_oracle_analysis_v3.json
42C6345A1EEABA0CDECC3401EF93B5B078FEF9DD379C6D4B1D7859DF8AE759F2	26319	workspace/experiments/front40_fusion_v1/receipts/rank37_kenjo1209_all115_vs_fc24b_screen_seed1192001_n64x2_v2.json
9C8B98D23835E1EF5CA6E1A7ED7AA7AFB6AC88CAC0BF91F5A1E5F622278FBCC7	109006	workspace/experiments/front40_fusion_v1/receipts/rank37_kenjo1209_all115_vs_fc24b_screen_seed1192001_n64x2_v2.npz
247E6C685C532E2E2F04E4E5C924F4ACD95A292EB162103BFAD7A748FA0AE830	18342	workspace/experiments/front40_fusion_v1/receipts/rank37_kenjo1209_candidate_routes_allshops_top5_v6.json
CE77847B69B4A2CAA676FE75C50C7FF322B7FDA9E58B3B0B990565E8F75DDE93	14343	workspace/experiments/front40_fusion_v1/receipts/rank37_kenjo1209_candidate25_vs_fc24b_oracle_analysis_v10.json
CC7A763230A3FF07CAA1C6C0DE4246E2487A56E6D5B6BBD76EC9DF36D72AA6E7	775	workspace/experiments/front40_fusion_v1/receipts/rank37_kenjo1209_candidate25_vs_fc24b_screen_seed1192001_n64x2_subset_v13.json
7145113A435981369F3A36F3350AB059CE1AB8AA05B301A86CDAF4CA6F9478D0	29831	workspace/experiments/front40_fusion_v1/receipts/rank37_kenjo1209_candidate25_vs_fc24b_screen_seed1192001_n64x2_subset_v13.npz
9C73E1E13B891145D90FBD26C538C4680FAB3D8447AA5826E3A2FC942869FE7F	9638	workspace/experiments/front40_fusion_v1/receipts/rank37_kenjo1209_candidate25_vs_fc24b_screen_seed1200001_n128x2_v9.json
A66F2AFE007DAB739B3C6E0EEF2F5447FF1C146606303B5B60BEAE5184A2D44F	56034	workspace/experiments/front40_fusion_v1/receipts/rank37_kenjo1209_candidate25_vs_fc24b_screen_seed1200001_n128x2_v9.npz
7DF95A9934CA8699C9DD20FC1E40E1F0DD0C9E2B9A7DEA97EFE92AED447D6595	91307	workspace/experiments/front40_fusion_v1/receipts/rank37_kenjo1209_independent_pair_seed1208001_n512x2_v21.json
074ACBCBD42D9FA7E0AA7B3080CAB7A121E29E4606E37CD82A9401E81A6AE6B7	3163	workspace/experiments/front40_fusion_v1/receipts/rank37_kenjo1209_secondshop_maps_eval_panel_a_v18.json
7778B8443D0BEC38C1C202BE3E780C21FC36974735D3114B094DE68C0BCA6B07	3194	workspace/experiments/front40_fusion_v1/receipts/rank37_kenjo1209_secondshop_maps_eval_panel_b_v19.json
E7D49FA4FDE1FDE9264C73E85A2CA9525BFE6192A935DBCAF6FE62F27475418D	5276	workspace/experiments/front40_fusion_v1/receipts/rank37_kenjo1209_single_panel_firstshop_maps_eval_v5.json
AD64EDB1E8F5AD0BF71121A574ADC5304289C4D6B70BA4ABDC9F7E98A41C6029	5291	workspace/experiments/front40_fusion_v1/receipts/rank37_kenjo1209_single_panel_unrestricted_firstshop_maps_eval_v8.json
7187D8F58D75B0BB1FCF30002F905E473945953CE15D147AF96B8D0C438552F6	1798	workspace/experiments/front40_fusion_v1/receipts/rank37_kenjo1209_trace_bank_capacity256_v1.json
E2C01F0FDB3FC693A57CBFC41295B295B021E5BE772E0FC9C9316E002A985B45	57768	workspace/experiments/front40_fusion_v1/receipts/rank37_kenjo1209_trace_bank_v1.json
B9117DB3D57AD1A892A8319EE3E2C71E6A8BCD25D3D4048C322BAF430E4B2FC0	11059	workspace/experiments/front40_fusion_v1/receipts/rank37_kenjo1209_two_panel_unrestricted_maps_eval_v15.json
8F6F76A14098871D933522D75105AE1527DCB4587F311370D0485E51494D648A	14473	workspace/experiments/front40_fusion_v1/receipts/rank38_ebisu_ya_all42_vs_fc24b_oracle_analysis_v3.json
90FFF33DA08CD5B75337AAAE7454C3FF3A8EA2A366C19E7CCD6D296F2845DA54	14363	workspace/experiments/front40_fusion_v1/receipts/rank38_ebisu_ya_all42_vs_fc24b_screen_seed1216001_n128x2_v2.json
127BCF3DC803B6B70AEC151D8C196DB48BEE660ED921D9C0F02390035B909007	102171	workspace/experiments/front40_fusion_v1/receipts/rank38_ebisu_ya_all42_vs_fc24b_screen_seed1216001_n128x2_v2.npz
1268C59BA10C0748476835C1A88C042B0AC7C297F677DD09A966A6069310ADEE	5341	workspace/experiments/front40_fusion_v1/receipts/rank38_ebisu_ya_single_panel_maps_eval_v5.json
49B3592A812FDA40C86903C05A9AF1F93B224F4215BDCCA50D19A862DEEB293B	1123	workspace/experiments/front40_fusion_v1/receipts/rank38_ebisu_ya_trace_bank_capacity256_v1.json
2E3BC6818ED8FD1F796460F6EF0347604641C07980FBB5F920EB68F94817A002	22456	workspace/experiments/front40_fusion_v1/receipts/rank38_ebisu_ya_trace_bank_v1.json
83E4D9940804294AEB8DD8B88A92762974781CCD9E6EFD28552A1D6AD4FA0848	14436	workspace/experiments/front40_fusion_v1/receipts/rank39_lelelove1225_all63_vs_fc24b_oracle_analysis_v3.json
F01137DA0B8B4F679DFA4870A4EB4F2D439484302CEE72E2AD74483AEA045576	20244	workspace/experiments/front40_fusion_v1/receipts/rank39_lelelove1225_all63_vs_fc24b_screen_seed1232001_n128x2_v2.json
0761E0438BAAB71FC88A22E693EF4752324FEDECC43E1107EE47962D4DBA2ECE	112080	workspace/experiments/front40_fusion_v1/receipts/rank39_lelelove1225_all63_vs_fc24b_screen_seed1232001_n128x2_v2.npz
6789CFC6012B70F330D3EC57AD26E600F5E5167ACE17D2B04C14A743CF240BC3	21156	workspace/experiments/front40_fusion_v1/receipts/rank39_lelelove1225_candidate_routes_allshops_top6_v6.json
5EFE017A0AEB71101A51BBCC66566E6EE139088C7F25CD337687A932BF0D07CB	13805	workspace/experiments/front40_fusion_v1/receipts/rank39_lelelove1225_candidate23_vs_fc24b_oracle_analysis_v9.json
224BF1F4DDBC60D9B9697B0E340F7C9CAEC54EB6AC2D9EF0B57B92683FBA2FB5	760	workspace/experiments/front40_fusion_v1/receipts/rank39_lelelove1225_candidate23_vs_fc24b_screen_seed1232001_n128x2_subset_v10.json
04EBB1716DF5BA702B74AAD593BBF7EA72AA131068D2A82E845C5855A7BDE3C0	41776	workspace/experiments/front40_fusion_v1/receipts/rank39_lelelove1225_candidate23_vs_fc24b_screen_seed1232001_n128x2_subset_v10.npz
40815CF36CB51B1B65B4E7314109AF682782AAFA894456BF0ECA73964CAAC975	8816	workspace/experiments/front40_fusion_v1/receipts/rank39_lelelove1225_candidate23_vs_fc24b_screen_seed1256001_n128x2_v8.json
AE7AC82071A99E33F3D955FEE564EA55CC5DA799E05085F71F21574646EE4ED4	42379	workspace/experiments/front40_fusion_v1/receipts/rank39_lelelove1225_candidate23_vs_fc24b_screen_seed1256001_n128x2_v8.npz
2836EDF938D252D19ABF8DA29BAFE0A637AC079E93622904C5CD2D72259288F3	3220	workspace/experiments/front40_fusion_v1/receipts/rank39_lelelove1225_secondshop_maps_eval_panel_a_v15.json
8157E4C95A42E3D36B209D7C0AC4BB2B14B03C21118CA49A942D595EE0417FE5	3220	workspace/experiments/front40_fusion_v1/receipts/rank39_lelelove1225_secondshop_maps_eval_panel_b_v16.json
E027681909B0ED1E5AB812190456F94F62A204A1CF3C2C38DA915AA3468318C3	5357	workspace/experiments/front40_fusion_v1/receipts/rank39_lelelove1225_single_panel_maps_eval_v5.json
61B30BF37EA3BE7AB5D6C5A22E3C3F9A6606153D44D3EE598ED413B12A8FAAC4	1320	workspace/experiments/front40_fusion_v1/receipts/rank39_lelelove1225_trace_bank_capacity256_v1.json
7D84C970F36C6B4FC764DC41893D2932661C051167AD4BADA030B5633FC648BC	32616	workspace/experiments/front40_fusion_v1/receipts/rank39_lelelove1225_trace_bank_v1.json
EB945ECC5479D82450EBB35E76B71CFC455142216B385C2FC20D8C09961D577C	11171	workspace/experiments/front40_fusion_v1/receipts/rank39_lelelove1225_two_panel_maps_eval_v12.json
EBD9A6A55C2DB42E65798CE267EBB81ABD94E96FAEE73AEA3EB9EE47F8E16A79	618	workspace/experiments/front40_fusion_v1/receipts/rank39_rank40_candidate_screen_jobs_v7.json
14B4A8B75CCCD532156BF75F328DC388E72B16D600A2E132E9ED534FD930C00B	182879	workspace/experiments/front40_fusion_v1/receipts/rank39_rank40_independent_candidates_seed1272001_n512x2_v18.json
40FBD6BEEEB307BBE9C9A78217ECBE97F26D29C05F3442664169695A27026CA4	598	workspace/experiments/front40_fusion_v1/receipts/rank39_rank40_padded_screen_jobs_v1.json
80CA0195BC89E34882FC239C78607F344FDEA4057720B90E4EB8EA504007FD92	14464	workspace/experiments/front40_fusion_v1/receipts/rank40_ar_sekkat_all132_vs_fc24b_oracle_analysis_v3.json
0929356B7D610112AB7E2D5059A4812D7B0349F639A2C11A385CE9EDD28197A7	28231	workspace/experiments/front40_fusion_v1/receipts/rank40_ar_sekkat_all132_vs_fc24b_screen_seed1248001_n128x2_v2.json
F6876D0B4AC625E58863620AA71EC2AA283170C6F62D6FC3484AE7B25E554C38	293330	workspace/experiments/front40_fusion_v1/receipts/rank40_ar_sekkat_all132_vs_fc24b_screen_seed1248001_n128x2_v2.npz
29D7F02E579634FF50598A0E66B7FFA081C0388693011AAB7C30172438433048	21877	workspace/experiments/front40_fusion_v1/receipts/rank40_ar_sekkat_candidate_routes_allshops_top6_v6.json
B57C633E6B4F278A722CE165855F31901FAEEEE4ACDEB187BDA5CBF976B409B2	14265	workspace/experiments/front40_fusion_v1/receipts/rank40_ar_sekkat_candidate26_vs_fc24b_oracle_analysis_v9.json
CCC7CA916DE31ADC2B2CDB626ED5B79B21AC9CEB09A10EB980F0425716F58A8B	792	workspace/experiments/front40_fusion_v1/receipts/rank40_ar_sekkat_candidate26_vs_fc24b_screen_seed1248001_n128x2_subset_v10.json
AEEFD8DAFE36761E3DD0D9463273AE7B1A6C9215733AD3AD42D1F95B70C9C9BB	47465	workspace/experiments/front40_fusion_v1/receipts/rank40_ar_sekkat_candidate26_vs_fc24b_screen_seed1248001_n128x2_subset_v10.npz
CFB46DF50CD7888793B5291BFF442F4608C50B3DDFC73954CBA4AA8EC1DC5AAA	9862	workspace/experiments/front40_fusion_v1/receipts/rank40_ar_sekkat_candidate26_vs_fc24b_screen_seed1264001_n128x2_v8.json
F4728BB98D664FD30A47C3130838A3E8B0915DDF2A3ACAABA49BF86C343C01C2	48444	workspace/experiments/front40_fusion_v1/receipts/rank40_ar_sekkat_candidate26_vs_fc24b_screen_seed1264001_n128x2_v8.npz
1AFEAA4B1CD97A5A3AC8514ACDD3CEB872197AA88B73815D54F9CA1F0B8EF738	3209	workspace/experiments/front40_fusion_v1/receipts/rank40_ar_sekkat_secondshop_maps_eval_panel_a_v15.json
17B6628D681B80BD5F9CDB6CCFFBA3AEA61AE7058AA5363DF4B55A11B315A68D	3187	workspace/experiments/front40_fusion_v1/receipts/rank40_ar_sekkat_secondshop_maps_eval_panel_b_v16.json
4F2FCF571B5CD4BD3DA8BD5BC72014FC872FAD37327B5D9B49456FCFBC888E68	5346	workspace/experiments/front40_fusion_v1/receipts/rank40_ar_sekkat_single_panel_maps_eval_v5.json
CBB80E06B6CB12D46285344ECE83C4753E52D92C61C4B4068330921AD9C91778	1969	workspace/experiments/front40_fusion_v1/receipts/rank40_ar_sekkat_trace_bank_capacity256_v1.json
60DC19421A72009881D966B5D0B067B54471481BB90DD22177CA7248461407D2	66014	workspace/experiments/front40_fusion_v1/receipts/rank40_ar_sekkat_trace_bank_v1.json
AC23166832BBDD1FE7816865C9F77EDFF0919EBA26B36B144A854BDFEB77504F	11115	workspace/experiments/front40_fusion_v1/receipts/rank40_ar_sekkat_two_panel_maps_eval_v12.json
3E85DAE75A17EA5DC605A20F5B3260278E0CB79C4537C5125D876BEB4518C2F1	35768	workspace/experiments/front40_fusion_v1/receipts/top5_trace_candidates_vs_fc24b_stepwise_seed161001_n64x2_v1.json
27CAE87B4C176AACE8EB193157F3DDFC72D8E0E2B16978C8FE72CC689178E48F	5604	workspace/experiments/front40_fusion_v1/reports/HASEGAWA_CURRENT_RECONSTRUCTION_GATE_V1_ZH.md
E93767C493FE5B244059C25FA5EC65E43A9F93E1B3F9E15A69190A3E2913AD8A	3694	workspace/experiments/front40_fusion_v1/reports/HASEGAWA_FC24B_OPTIMIZATION_V1_ZH.md
293B3708F39383C064D75C1D7E0223D14F69A9DB0B3A2A556B89CBD8C92A6E10	5922	workspace/experiments/front40_fusion_v1/reports/RANK02_CROP_DUSTA_FC24B_OPTIMIZATION_V1_ZH.md
E64BBC0D7C3342B7C9FC40A13684B618669CF990FB17271FA4C1ECED25A65356	6107	workspace/experiments/front40_fusion_v1/reports/RANK03_SUBRAMANYA_FC24B_OPTIMIZATION_V1_ZH.md
7DC93010B17C46D9A5B9280D19E3B962A50F31E090FFB5026F33A9A4AF7CAE9B	5563	workspace/experiments/front40_fusion_v1/reports/RANK04_ARMAN_FC24B_OPTIMIZATION_V1_ZH.md
7EA7170451F582EE54243CEB446C8D86468F98757997B176661CC3F0F9AC5958	5720	workspace/experiments/front40_fusion_v1/reports/RANK05_MIMI_FC24B_OPTIMIZATION_V1_ZH.md
1F3BA68745213B60B5721B528BE988988675368318F21BDA9816082055A37CCA	5237	workspace/experiments/front40_fusion_v1/reports/RANK06_KANTA_FC24B_OPTIMIZATION_V1_ZH.md
38AA68D5F9829A7E97CFD6FE1DFE76949C35667A540DA71051E0D5D2CC0B8749	5162	workspace/experiments/front40_fusion_v1/reports/RANK07_ACTIVE_FC24B_OPTIMIZATION_V1_ZH.md
3273ACAFA67344E58F83391335CCA59586AD4ADD978FE299A27F92B9D517151D	5045	workspace/experiments/front40_fusion_v1/reports/RANK08_KOBE_FC24B_OPTIMIZATION_V1_ZH.md
B66C92589439181BDD03A3B16D099E93831EFF67CB3C61B29919F91D3FD88414	4698	workspace/experiments/front40_fusion_v1/reports/RANK09_KAWASHIGI_FC24B_OPTIMIZATION_V1_ZH.md
691BD91455A786CF5E6055ACD875DEE8E737F6E9BFE54E5F0DECD89B8691C428	4565	workspace/experiments/front40_fusion_v1/reports/RANK10_SEB_FC24B_OPTIMIZATION_V1_ZH.md
780B2DD490EE23E461EFBA0D3B64C88DCE2672DCF762BF93F40CEB23F80F9885	2431	workspace/experiments/front40_fusion_v1/reports/RANK11_PEIKOPON_FC24B_OPTIMIZATION_V1_ZH.md
38F0EDAE74CD584171A8D1DFDD1823E64F5BCC0675F190E93F0E3A0C37A78084	1138	workspace/experiments/front40_fusion_v1/reports/RANK12_FUFUFUKAKAKA_FC24B_REJECTION_V1_ZH.md
C04F08649C168259023F5A3EFACF9862E8E101FB1EABD58AB352ED5E4B41DDDE	4363	workspace/experiments/front40_fusion_v1/reports/RANK13_BURNTPOTATO_FC24B_OPTIMIZATION_V1_ZH.md
CEC32C0E6936307055B5B020DBB00ADCFBB7BABA4F1BB4090BD314A6657222BE	2511	workspace/experiments/front40_fusion_v1/reports/RANK14_KAAN_DINIZ_FC24B_REJECTION_V1_ZH.md
ADAC6ABEE8608BE146D20B21C54C27D828F002071454D839DA53101F497879C0	3094	workspace/experiments/front40_fusion_v1/reports/RANK15_RECURSION_FC24B_OPTIMIZATION_V1_ZH.md
FAC1193F6F5298CB8E813B7FCD7E23443ECA37C03432072B14B55B390CB4E790	1692	workspace/experiments/front40_fusion_v1/reports/RANK16_LUCIEN_FC24B_REJECTION_V1_ZH.md
A2217083B572DAA452AFF2270127BF2782248512893DDE19C2CF6CC5315D4A03	3196	workspace/experiments/front40_fusion_v1/reports/RANK17_SARTHAK_FC24B_OPTIMIZATION_V1_ZH.md
FEB863CFDDA0B465DF81AD7E0D8184A240D52BD0D208CB0128424E061B2E9636	1320	workspace/experiments/front40_fusion_v1/reports/RANK18_MANDGEEE_FC24B_REJECTION_V1_ZH.md
C27B207516AF270CA0E3FBECB2EDE3711E5FB934A605DF08961797AB831F4397	2394	workspace/experiments/front40_fusion_v1/reports/RANK19_XIAOWENHAO404_FC24B_REJECTION_V1_ZH.md
438F6C92B2DC30B2C52642C970262C99FE394291309B6FFE7B75630262EB8845	1688	workspace/experiments/front40_fusion_v1/reports/RANK20_U_FC24B_REJECTION_V1_ZH.md
613F358BF8641F7F58ABA29E4418D6198646AC479202B8E10E4F0F783181FE77	3707	workspace/experiments/front40_fusion_v1/reports/RANK21_SAIKUSHAL185_FC24B_REJECTION_V1_ZH.md
C29869784080678C1E4F12305EEA90A24947B23EA2036820A03EDB5F194CDE15	2957	workspace/experiments/front40_fusion_v1/reports/RANK22_VICTOR_TUFA_FC24B_REJECTION_V1_ZH.md
19E4949042C4AAB0F0A352E224991D77C1CBA1B838F246D4CC0DF0FD644886DA	4876	workspace/experiments/front40_fusion_v1/reports/RANK23_XW_FC24B_NEAR_THRESHOLD_REJECTION_V1_ZH.md
E6D93366047B6BAD2AAA9ED7AC06890D2B0FCFA90105CFA0BA08EB5A081C2076	3218	workspace/experiments/front40_fusion_v1/reports/RANK24_STACKKNIGHT_FC24B_REJECTION_V1_ZH.md
59702BF3657DA003A04D3BCA034D117FBE56ADDF376BB1BF56BE87A74647B4E0	1805	workspace/experiments/front40_fusion_v1/reports/RANK25_WIZ_FC24B_REJECTION_V1_ZH.md
993FEEC8071B776BC40294FEA9519782F2C3000F86E6FD4C3524460841EA5051	2102	workspace/experiments/front40_fusion_v1/reports/RANK26_EFE_FC24B_REJECTION_V1_ZH.md
3F44D919DA941B300611AABBA1A10F1748DD5FDB06834EF1FEC82CCC7AD92C0F	1930	workspace/experiments/front40_fusion_v1/reports/RANK27_ATAKAN_FC24B_REJECTION_V1_ZH.md
11178437E123BEC42264DBA5A2EBA2A418D1310B079C9E80A05546710E985471	2958	workspace/experiments/front40_fusion_v1/reports/RANK28_SHIIIN9_FC24B_REJECTION_V1_ZH.md
642536876B5EB415C3A30CB388DDBD9C01EC12CFAD3124E17D7168439824B079	4304	workspace/experiments/front40_fusion_v1/reports/RANK29_LUCASKNA_FC24B_REJECTION_V1_ZH.md
48D63477204E9868B90589841573A54175A35389FFB01AF82FBC306F5DDD10F7	457	workspace/experiments/front40_fusion_v1/reports/RANK30_FC24B_IDENTITY_SKIP_V1_ZH.md
5A7A2B609404C261759381E3ABBEE056A170A67AAEDBDDF62E925445093EB08C	2938	workspace/experiments/front40_fusion_v1/reports/RANK31_BPLYC15_FC24B_REJECTION_V1_ZH.md
EE00711E7EBB664E5929023824796ABDB00C8953F1A6471F88AF89BB76F96650	1946	workspace/experiments/front40_fusion_v1/reports/RANK32_TETSUYA_FC24B_REJECTION_V1_ZH.md
D51445165F11ECE90A6FE19AC73C85DBB7B3AAB62B967D34D4E704E41CE902D7	1667	workspace/experiments/front40_fusion_v1/reports/RANK33_UNKNOWNROBI_FC24B_REJECTION_V1_ZH.md
6860397EDB8B4F3EEF3AC0B67D66ADA6D97BEABD5F4E01D2634EE6B7D8A80413	2624	workspace/experiments/front40_fusion_v1/reports/RANK34_ARDA_CEYLAN_FC24B_REJECTION_V1_ZH.md
BE554B8A7BFA5F793D6C7F7D1FDFD96231E56B51D1FED3DDEAA1107C745C2DA7	1420	workspace/experiments/front40_fusion_v1/reports/RANK35_WEBMAKING_FC24B_REJECTION_V1_ZH.md
C3ECE5C49DDC9E472ABB39698851AA6C37DF93FBACD50009172B135D2C71164E	2928	workspace/experiments/front40_fusion_v1/reports/RANK36_JAMES_HOLLAND_FC24B_REJECTION_V1_ZH.md
3ACC77C0BE36ABF97F965D2C521BCA12E7FBA4D50D4D4DA9A18870EDB89F5474	2967	workspace/experiments/front40_fusion_v1/reports/RANK37_KENJO1209_FC24B_REJECTION_AND_POOL_V1_ZH.md
2D7E594EA87B4A4940AFCF19FEAC9474E08199D90185CD8E44C4158A8DCA270D	1697	workspace/experiments/front40_fusion_v1/reports/RANK38_EBISU_YA_FC24B_REJECTION_AND_POOL_V1_ZH.md
600D61A4A2541D3C91C9A60DE17C8F5076652AC0FEF6D05A33D685E9D09B2081	2325	workspace/experiments/front40_fusion_v1/reports/RANK39_LELELOVE1225_FC24B_FREEZE_V1_ZH.md
337ACD0E1019A656DD0E77D8B4109C559AF0F29742C1E8C01CB3309C39DD0DA3	2344	workspace/experiments/front40_fusion_v1/reports/RANK40_AR_SEKKAT_FC24B_REJECTION_AND_POOL_V1_ZH.md
2D8545992206DFF8BBD3637ABBBE002597961DF6269D13297FA618375967F866	4107	workspace/experiments/front40_fusion_v1/tools/analyze_route_screen_oracle.py
ABEDF52B287F05D79068EE1470BD826EF0F5392B19250162BDE14AE94C4065C3	6971	workspace/experiments/front40_fusion_v1/tools/analyze_second_shop_pair_effects.py
E306D52F221C6E76572D148C3FA4E0288A8194B5E1946D68D4CECE7F3B6F3686	3982	workspace/experiments/front40_fusion_v1/tools/blend_route_trees_by_first_shop.py
9B08CD423BB04D34DD321771E2926294EB1056E21FCBF01F00EAE3EE0E606C25	3331	workspace/experiments/front40_fusion_v1/tools/blend_third_shop_route_maps_by_first_shop.py
26637AE4F1BF5D662E6C12EC2FAF7C22D9D192F62F2E2A785A618B3534C2FF97	8693	workspace/experiments/front40_fusion_v1/tools/build_compatible_next_shop_route_map.py
6B8A7563AFD3827AE7F494B4B70306A5C0F3FBF41D0E1E78D791D1F1357F73F2	12834	workspace/experiments/front40_fusion_v1/tools/build_compatible_second_shop_route_map.py
CB080F8DFD1B6BEAAE6EECD7B5DA1EE490517AA45745547C7465B8CE7CBCB5C9	10093	workspace/experiments/front40_fusion_v1/tools/build_compatible_third_shop_route_map.py
5A079B063E5E32275DBBBCEC4439EFEB086CC30378408932E4E6E1E05478AE9D	4644	workspace/experiments/front40_fusion_v1/tools/build_crop_hasegawa_hybrid_bank.py
B0DE1BD25265CA4B290304C9158538FAB4C6AB67155CC226B965BAFE89461CCF	9541	workspace/experiments/front40_fusion_v1/tools/build_daily_component_modal_trace_bank.py
0267DC0A600DB2313ED5B7E1B22C5B64D9489D9090E04AB8D6D1D06BA9331BC4	8412	workspace/experiments/front40_fusion_v1/tools/build_front_player_trace_bank.py
284625FF2022F9C3A9AE55562C4699EC8F2E8C7C9B37938076627A9EBFFE6732	8467	workspace/experiments/front40_fusion_v1/tools/build_modal_shop_prefix_trace_bank.py
9C00140009C8357DB5638F5BFC4B9E2A3AB7159F151476D40668DAB11C559FAD	8314	workspace/experiments/front40_fusion_v1/tools/build_robust_shop_route_map.py
EE60353F68D8589C73FD337AEDA40D07E2DFE55258E962DB6F87E087142E2771	4773	workspace/experiments/front40_fusion_v1/tools/build_same_shop_route_map.py
6A0FA851CC2567F8D5CB9EF8D2FCF2878E844D443FFF59E075709BFA96A645A2	5491	workspace/experiments/front40_fusion_v1/tools/build_seat_aware_shop_route_map.py
A61F418454738FE57934DAA8312EB9CB4506B6F3836D3BD69ED1C99E5D77BC7E	2402	workspace/experiments/front40_fusion_v1/tools/build_source_reward_shop_map.py
427A3E7A092A60DBF19B48235739905BBB72E29B1B53174FB5DE08AD298E8119	2653	workspace/experiments/front40_fusion_v1/tools/build_trace_bank_subset.py
3C26FD23CBDA77B8CE6457E19606419880A809F1E3F3DE5416419E5CB85FD75B	5895	workspace/experiments/front40_fusion_v1/tools/canonicalize_second_shop_map_by_exact_behavior.py
689AA606A689A701EEC40B4744338D781251B3171C571F4EE84A9B646C224072	5773	workspace/experiments/front40_fusion_v1/tools/compare_trace_bank_to_reference_bank.py
94C1844FB1F7E8DE2E92E3BAB71B58001B50DCD169E7B4EDB893A6FEBBDDEB9D	13908	workspace/experiments/front40_fusion_v1/tools/compatible_trace_route_ranker.py
050C0553BCBD7892D1D275485E89748E6300542EABF5C39C67E89F8BD3B83131	3257	workspace/experiments/front40_fusion_v1/tools/evaluate_compatible_trace_route_ranker.py
92716D5FD28E6725B14C12282F0A849EBA1296531ED894E33D538C9711697A9F	3274	workspace/experiments/front40_fusion_v1/tools/evaluate_first_shop_route_maps.py
DE25960691215D861B8B7B61382D0B6FFE4C3E59D60F9BE05797AEFA35993464	3896	workspace/experiments/front40_fusion_v1/tools/evaluate_multi_shop_route_tree.py
801B5DE346AC40E3801134D2846DF9962673CFFC65CC5BFAED5ED6A85F4A5D7B	5128	workspace/experiments/front40_fusion_v1/tools/evaluate_route_trees_by_first_shop.py
BB17EE16414509430A49498C455612DE6067FB632F7CD1F60BCFB69C59682FA3	5831	workspace/experiments/front40_fusion_v1/tools/evaluate_second_shop_maps_holdout.py
E3DFD59150D4C8B6796BBACAEE8C225B592D3B86B9A74A57C541BD8C228A8C8F	4815	workspace/experiments/front40_fusion_v1/tools/evaluate_shop_route_maps.py
B44FA20DF6E4C56ADAD262CE280F568C899DC2C6FE4B0053E6680FF66C3923B0	4750	workspace/experiments/front40_fusion_v1/tools/evaluate_third_shop_route_map.py
11714B8A208F3DF26CA93F72C87359373728807619001823F819F78B909402B1	5048	workspace/experiments/front40_fusion_v1/tools/evaluate_trace_route_margin_ranker.py
F68899468FFC3C11CD3DFFB384EEC13B1E23E4B9DEB354862185A5B68D9C849A	7087	workspace/experiments/front40_fusion_v1/tools/expand_route_screen_by_exact_behavior.py
4E1B8EA3FFA39DC9D65EB22160E5C1DB99D1EA267EFDD0C0F9183FC69C6123AD	10796	workspace/experiments/front40_fusion_v1/tools/extract_trace_prefix_state_vs_fc24b.py
232E53341F8A1319E032CE60612017625A28EB379DD3E51667F1456797A2FCE5	3518	workspace/experiments/front40_fusion_v1/tools/merge_route_screen_columns.py
A9B42924D2B177E702A404243064C49EEF85A143473F127ED59E1CA07F2F4A98	2610	workspace/experiments/front40_fusion_v1/tools/merge_route_screens.py
838064621A219847594A22C650565800D09396F49B07A2786B9515C24C9A960D	2644	workspace/experiments/front40_fusion_v1/tools/merge_trace_prefix_contexts.py
8FFA56E939E604FA20DA7DDA4807D1B61D5420A2E6D835E506B7B3C53072BA16	1993	workspace/experiments/front40_fusion_v1/tools/override_three_shop_tree_first_route.py
0E684CA7091E8B7E8299F418D25B379ABD8A5DBBCA3DD2AC06C2693F310898DF	3709	workspace/experiments/front40_fusion_v1/tools/pad_trace_bank_capacity.py
0B393CE302D6B43D64714672E222160652C7D2904BF88E464A7178BDCDD8BD04	3337	workspace/experiments/front40_fusion_v1/tools/prune_second_shop_route_map.py
3208FC004249CD636AF35AC751A0967D485F57C8D80BF30061765EE7580F5FCF	5124	workspace/experiments/front40_fusion_v1/tools/rank_shop_route_candidates.py
F6E0E95F353B7880006E91390B76208D5E7B7BC264A877390E2E5782A8C28C9B	2958	workspace/experiments/front40_fusion_v1/tools/route_tree_utils.py
5D3AAAE9FDC5B3EF5BE700DBA1922371E80DA56A4AE60B0AD6991609F4D311C6	10895	workspace/experiments/front40_fusion_v1/tools/run_dynamic_trace_router_vs_fc24b_stepwise.py
B716B12AE233DBF5E84676BD5B30C6C219A1635496B0190C66A951F290954937	11888	workspace/experiments/front40_fusion_v1/tools/run_hasegawa_route_screen_vs_fc24b.py
3CA478176348E6BAF4D7FFF755684BFFEEBAEEB494F8592C64742D6FE178B0C4	10800	workspace/experiments/front40_fusion_v1/tools/run_padded_trace_banks_vs_fc24b.py
38312382CCB99F981E6698B905A6932CFF147D1DE16934F64C42C8FC9EDE504C	13867	workspace/experiments/front40_fusion_v1/tools/run_split_prefix_trace_fc24_hybrid.py
D7543063BBAE03458FD5C4BB529DDC5F59385AB7C81B1C263F02C8D207308DC0	16889	workspace/experiments/front40_fusion_v1/tools/run_three_shop_trace_tree_vs_fc24b.py
2BD340A9F8FDA51020ED4292D172A26F072276037EC1071131AB6CBE599D43C0	7797	workspace/experiments/front40_fusion_v1/tools/run_trace_agent_vs_fc24b.py
F5C4570D094933A7277E748A53621139BA74410046C2DCC6CAC29B9A06C04669	11231	workspace/experiments/front40_fusion_v1/tools/run_trace_candidates_vs_fc24b_stepwise.py
7DD852BE26D794C99471D0DD9CF8EDF2DF171E249BA5965EC6130D2DC79AD166	11847	workspace/experiments/front40_fusion_v1/tools/run_trace_fc24_fallback_vs_fc24b.py
8CA2F7166F492F11A7757B689A7B9EE603D8EAB3849F229963B071C74C3101D7	10049	workspace/experiments/front40_fusion_v1/tools/screen_day_router_weights_vs_fc24b.py
193AD4D6A404D00A130AC4C840D0FBD5DC9588E48F694B9F5E71F1E01CD62CCF	8884	workspace/experiments/front40_fusion_v1/tools/search_robust_two_stage_route_tree.py
A54722CFFD1B603BB4BA00F79E02D69D509CDD5B75F5668606EF1B3D19FC088D	7873	workspace/experiments/front40_fusion_v1/tools/search_two_stage_compatible_route_tree.py
2E9F343DCF20B5D4A73C7F3DDEAB27A60750690213E49DE1E34016FE15F01F35	3214	workspace/experiments/front40_fusion_v1/tools/select_compact_trace_route_set.py
FBD16E780DDFB6FEC2F3A022017B9CFEDDE9247A3F0CB0A039132BE6F8C92BA4	2909	workspace/experiments/front40_fusion_v1/tools/subset_route_screen.py
E254653351E04CB14662FA1C04F46ADCFB64CC0BBAE3E69B8BBBEE6B1A12D314	11080	workspace/experiments/front40_fusion_v1/tools/train_compatible_trace_route_ranker.py
0F9C39D9C384D8A832B74E084A3B48404AAFE195026C4DFCDA6564EF0A1CECC7	21457	workspace/experiments/front40_fusion_v1/tools/train_trace_route_margin_ranker.py
29CDDE32630BD91690673EB0C64AB22F501BFC5EA5527BD46F380494EDCE0102	3475	workspace/experiments/front40_fusion_v1/tools/update_trace_behavior_hash_ledger.py
DF3547BC8B6356D9851D2BBC1045EE157435328554798BF024498482096A3CE6	5728	workspace/experiments/front40_fusion_v1/tools/verify_online_second_shop_against_screen.py
E9FB3DFF9FFFAC6BF80259C3666391BF463C065F9B67CB65CD4340391DE10918	88456	workspace/experiments/hasegawa_jax_v1/artifacts/hasegawa_plan_bank_v1.npz
24F29328BF11FC5BEC3831960AC6EC2864B803301358844B8ABEBD92F58B55D6	617	workspace/experiments/hasegawa_jax_v1/pyproject.toml
A1A9506FCC2D4C26D4E9E1E512AE40D9413F0DBB8DFF578FDD7734ACFCEEC16B	1607	workspace/experiments/hasegawa_jax_v1/README.md
0B8A85C862416E6BDA6F02C162895CBDDA7E3C5192BDCD3C317F4C1E4E705886	1594	workspace/experiments/hasegawa_jax_v1/receipts/exact5_arena_200_each_v1_PARTIAL.json
96EAA5EEE4CF634E7ED2EC3B30FBCD9FB9BAB8A730AA6131BD890B5F8253CE99	20799	workspace/experiments/hasegawa_jax_v1/receipts/hasegawa_plan_bank_v1.json
92EF3311FFAB089F26C33769A67205300FE957DBFCC7343FB63C1B97655C8924	747	workspace/experiments/hasegawa_jax_v1/receipts/passive_gpu_b256_v1.json
0876B94D91E297961045364438285A38FEDAE406DAD84833CB6EB07B9D601F4D	1229	workspace/experiments/hasegawa_jax_v1/receipts/passive_gpu_smoke_v1.json
F123FEFC272DD5AA729DD285269384513338E99B4E28C36317F4B90FBF0AE8B7	3935	workspace/experiments/hasegawa_jax_v1/reports/HASEGAWA_JAX_V1_IMPLEMENTATION_ACCEPTANCE_ZH.md
4BF4CCEF918E9AD7B3BD1C382B6423DF2D23A946AA18AAF5807CE0E8F56070D6	488	workspace/experiments/hasegawa_jax_v1/src/hasegawa_jax_v1/__init__.py
CA03AAD9E209F18341B36A8A206390B6405B0DA17C5CAD0DA4FCFFD90B6BDAF8	11954	workspace/experiments/hasegawa_jax_v1/src/hasegawa_jax_v1/agent.py
5E3EBC3D0D33C23ADA06D5B3C4E9DE0234E40C1AD55F7D33C379BE68DD04BA84	1711	workspace/experiments/hasegawa_jax_v1/src/hasegawa_jax_v1/plan_bank.py
97C70D8270E66365426FFD29E184246EFB435B2BB8F311CBA6AB1AE0611ECAF3	3337	workspace/experiments/hasegawa_jax_v1/tests/test_hasegawa_agent.py
ECBB863BCE2A0773BF4BEFAF15F103656B2AAA8689A1E0955725FF26B6680340	8076	workspace/experiments/hasegawa_jax_v1/tools/build_hasegawa_plan_bank.py
56DB09F6AC32EA204A117D21A6019DF38E2E9822181FCA479800759CFB2A7F0B	9770	workspace/experiments/hasegawa_jax_v1/tools/run_hasegawa_jax_arena.py
74F351859B3E5C4E90881AF7EEFA666509DBA3853E19B5EEBD8E27AEF574B19E	132896	workspace/experiments/hasegawa_jax_v2/artifacts/hasegawa_trace_bank_v2.npz
19DAAD60D3400FD5A061280FA77EB8DB5CB94B00C2CF5B972F2FF2B3B148674D	528	workspace/experiments/hasegawa_jax_v2/pyproject.toml
5710AF0ADEEED03620DEFFDBACD3BC5C74E6B9C12AB7F5F40274E8C6A82CA4C6	1482	workspace/experiments/hasegawa_jax_v2/README.md
88F214ED3E7302DF248DC6DE2F0F070976875E81DF591B22C7485B9B7F7CD2ED	6153	workspace/experiments/hasegawa_jax_v2/receipts/branch_oracle_flex_b32_v2.json
7F9375894AD1F815046CC4B682ABCDC2646220789A08A52CB0A0D6FB3D2FB6D7	9748	workspace/experiments/hasegawa_jax_v2/receipts/branch_oracle_flex_b32_v2.npz
9FD0AE45DEBC9E04A25E2CC455314C882A9EEE62B1FB6F5D1067AF98148C5451	23850	workspace/experiments/hasegawa_jax_v2/receipts/branch_oracle_other4_b32_v2.json
D6313F17DBA55F8BF0698EBE45B2947A2688CD767740E79193B4DA35A3865328	39032	workspace/experiments/hasegawa_jax_v2/receipts/branch_oracle_other4_b32_v2.npz
4114E847C0224B0BD278FBF2949357878FDF42835B3739A756A58F728A0B0FC8	5088	workspace/experiments/hasegawa_jax_v2/receipts/exact5_200_each_v2.json
2D76091558C280E43A27C6D94C633DC10D894A65D5370535BBD51EFC4227EBDD	5045	workspace/experiments/hasegawa_jax_v2/receipts/exact5_small_b8_v2.json
11E2CB20B61611AEE65B4E70405818BD7D40E15CEFFB92E721F1B3400CBDC0A9	4978	workspace/experiments/hasegawa_jax_v2/receipts/hasegawa_trace_bank_v2.json
BD7C73701C8ACF0C50EB51D6F229C733E6CD4942453C88F0D82CA35C159A01DB	947	workspace/experiments/hasegawa_jax_v2/receipts/passive_cpu_b16_v2.json
D5B42713CB3FEB423972113C3F2FAF9FED3E3FCE9E6612D237DB99B7D0CD43C8	945	workspace/experiments/hasegawa_jax_v2/receipts/passive_cpu_b2_v2.json
42D7E16FF15E44F1CA7D61E293ABA0524F222F09B7D04C8B5ACC7139849158F1	925	workspace/experiments/hasegawa_jax_v2/receipts/passive_gpu_b256_v2.json
F2878F80D3286522524C9645395CA9A92062A62BFF303832C4B5DF46D6F93D61	1175	workspace/experiments/hasegawa_jax_v2/receipts/source_alignment_94426282_v2.json
428716DED0C8220533457CA1F1CF2558B896CCF8E9E9F6E8BC72AEB6A03461C7	6952	workspace/experiments/hasegawa_jax_v2/reports/HASEGAWA_JAX_V2_IMPLEMENTATION_ACCEPTANCE_ZH.md
2E7E37666A3E8EA9C79FFD5787914F6314E1A91F7DCB9587E1124B8A0747AA7E	516	workspace/experiments/hasegawa_jax_v2/src/hasegawa_jax_v2/__init__.py
E447974955E903E77B5A150532F97F3FC6AD0140855D7EBB61EB3E95362AA7FC	19483	workspace/experiments/hasegawa_jax_v2/src/hasegawa_jax_v2/agent.py
57B6021C457E75177631BD7FC062F42552D4032E68CC2F97C116A5079670D6FA	1004	workspace/experiments/hasegawa_jax_v2/src/hasegawa_jax_v2/trace_bank.py
29339E8A08AF5B3F30D296AC9B2F201CC7A098283107BCFBB43986852F1E8C21	4147	workspace/experiments/hasegawa_jax_v2/tests/test_hasegawa_v2.py
7C205DBE261C129518D983B9DC2E62AEE96FF15B99DDD0F6D59FE9CC0F49AAA7	9725	workspace/experiments/hasegawa_jax_v2/tools/build_trace_bank_v2.py
67BF9D0A77CF27313135C30B8A7292C4B15364E77D78E4854F4BAB188777A546	9613	workspace/experiments/hasegawa_jax_v2/tools/run_branch_oracle_v2.py
E12A9488EB81969D68DA1127E9B212645B2757764F896595D8FA3323C6BA3486	6672	workspace/experiments/hasegawa_jax_v2/tools/run_exact5_arena_v2.py
C329FFA72012997AAC674704FAAC689EB5889E45E191BC456BB901A82B997930	5205	workspace/experiments/hasegawa_jax_v2/tools/run_passive_v2.py
43E5D47785E50F2D26EB3D635A3A4E62ECAC561E83C4DAF288071EBFCEDD737A	5808	workspace/experiments/hasegawa_jax_v2/tools/run_source_alignment_v2.py
4668518836E5D2C2C1D755EC63A7B9DA71363CF5534FF616EFA2AF8262069765	607	workspace/experiments/hasegawa_jax_v3/artifacts/first_shop_route_map_flex_train_v1.json
E9C4BDA2C0E15691EB06FD2EEB92A3876B1DD01223E027C6105719A5C70A3A47	2618949	workspace/experiments/hasegawa_jax_v3/artifacts/hasegawa_trace_bank_v3.npz
C917F3B879F0E0B5391694ECFB4C8F04E8F8F3090F785D64CF3E4E4DBB08C16C	724	workspace/experiments/hasegawa_jax_v3/artifacts/v2_vs_flex_stepwise_b64_train.json
F24272DE7C5966AE468C954FD503C8125D50336691D27D9433435DC4113664E7	1182787	workspace/experiments/hasegawa_jax_v3/artifacts/v2_vs_flex_stepwise_b64_train.npz
B89FF66BAF7F2BFC1EADDC30F7846DE34AE5BA06C2A85D1C769D4749ECC44689	130	workspace/experiments/hasegawa_jax_v3/pyproject.toml
8519E7BA6E2909EB05F5130627255F68F227734D739D433BAD7F3BF41BE1C5E9	6192	workspace/experiments/hasegawa_jax_v3/receipts/branch_oracle_flex_b32_postshop_corrected.json
0E4C617BD10A4745BCB65B15962DC3E05D6CB13811726B0912C0439AC5718A54	9855	workspace/experiments/hasegawa_jax_v3/receipts/branch_oracle_flex_b32_postshop_corrected.npz
52732C9AF6B6C1BC99974F299DDE9EA9A0D671B05A136C4B5F721887101807C3	3563	workspace/experiments/hasegawa_jax_v3/receipts/exact5_candidates_vs_flex_b32_train.json
2962D973178A239C86E707E2C968DD8A4308296B96ADFD4D14C8B8B4671EA886	20110	workspace/experiments/hasegawa_jax_v3/receipts/first_shop_map_exact5_b32_holdout1_v3.json
EECF41076877B75A4D7765C8F22837B302D06C15BBE0A06D6DD0DD4815F84CDD	4254	workspace/experiments/hasegawa_jax_v3/receipts/first_shop_map_flex_b32_train_v3.json
22F15F79E7077C6A597E7BB1BCF8355133162C11D4B50C638D7A89B8E012366F	4179	workspace/experiments/hasegawa_jax_v3/receipts/flex_prefix_reward_b32_train_v3.json
7AA4F22A994E373E0E4CB69966BEF1037F17AB2367225A2E8BF5EF5EC6B4D12F	4178	workspace/experiments/hasegawa_jax_v3/receipts/flex_prefix_state_b32_train_v3.json
31537D5A7AF8A6031CC54E05E0401C6FC69AC2BA9DB514558522E3461F0824BF	1223	workspace/experiments/hasegawa_jax_v3/receipts/flex_v2_baseline_b32_train.json
4DE2B9C87AB983FB92061BB18357359A26955292BCBC5BFDA6D8930C12A9E5B9	55805	workspace/experiments/hasegawa_jax_v3/receipts/hasegawa_trace_bank_v3.json
21D61E8D63C92944776C7213114D8D334951D16FFEB011C64CB64ECDBD6A280F	25394	workspace/experiments/hasegawa_jax_v3/receipts/postshop_routes_vs_flex_b32_train_v3.json
0A2FD4E89193C565227E884EF8AEAFDED8D995168D0A9B8BA75F1D025526481C	57576	workspace/experiments/hasegawa_jax_v3/receipts/postshop_routes_vs_flex_b32_train_v3.npz
74DC1984C879AAC910857BA66B1015D767A4D61E10252D85C955ECDF89543283	1769	workspace/experiments/hasegawa_jax_v3/receipts/smoke_flex_prefix_reward_b4_v3.json
8C85B2411DEC4A04941537E12323A71A2034AE28069DB9366D46AC44468D8FC1	553	workspace/experiments/hasegawa_jax_v3/src/hasegawa_jax_v3/__init__.py
845967F049D4F64D8BB2FFA933F084B055497EA56D8A7416F52943FDABE4CF09	19499	workspace/experiments/hasegawa_jax_v3/src/hasegawa_jax_v3/agent.py
A47EA714C1ABCF629BF0797903863C032DBDC4291794ED4337489464B862B011	1364	workspace/experiments/hasegawa_jax_v3/src/hasegawa_jax_v3/trace_bank.py
CCC885F8308E4EFBEEFC5BEB8DCC2AB25247AB5FB5C2262CB6E6C3302404AE5F	8425	workspace/experiments/hasegawa_jax_v3/tools/build_trace_bank_v3.py
30A3A067CCC91B50D79208BFEA60C09F6EE397D0AF3E2A32B1F96C7B874BB435	8016	workspace/experiments/hasegawa_jax_v3/tools/diagnose_v2_vs_flex.py
40570A652A1D130C670BFE40DE4699EC52F9E3DAD361D395F068AB3D7FE4324C	9051	workspace/experiments/hasegawa_jax_v3/tools/run_exact5_arena_v3.py
A58B72507E953F7C375C1939B3C64B7673F2D2C3671084D13169B00458B1ADF8	6549	workspace/experiments/hasegawa_jax_v3/tools/run_exact5_crossplay.py
5ACFA0E0587BAC5CAF8F8C34D7AE429208E85E05560556960439CC0F429589F2	8987	workspace/experiments/hasegawa_jax_v3/tools/run_postshop_route_screen_v3.py
17F6C9BC1459A81E6FF5B0ED41DBEA3CD97AA43C949AEBA11B4A194C0E25977D	154622	workspace/experiments/public_recent_20260825/artifacts/recent_v48_route_bank_v1.npz
10EC774CEF5C310AB10F93B1DA45FF059B9118BDB6781FDF60099637A8F9F76B	220442	workspace/experiments/public_recent_20260825/official_traces/kaito_v48_vs_fc24b_seed1302001_n2x2_v1/candidate_kaito_v48_seat0_seed1302001.jsonl.gz
1E6C270464CC1CBE759890065062A4A8A515D30259CADB926C50E1824C794F77	221696	workspace/experiments/public_recent_20260825/official_traces/kaito_v48_vs_fc24b_seed1302001_n2x2_v1/candidate_kaito_v48_seat0_seed1302002.jsonl.gz
36412A1D1DBD54162363377CED84748126CA176BABFBFE6079902478B809687B	220558	workspace/experiments/public_recent_20260825/official_traces/kaito_v48_vs_fc24b_seed1302001_n2x2_v1/candidate_kaito_v48_seat1_seed1302001.jsonl.gz
5EAE598C8CF0B7EB79DB2B9F4F2D55A0127AA2388D6605B0B15683B9D727060A	221765	workspace/experiments/public_recent_20260825/official_traces/kaito_v48_vs_fc24b_seed1302001_n2x2_v1/candidate_kaito_v48_seat1_seed1302002.jsonl.gz
55ECA7592C766EA0D7B193BC232D9505F3F5B3024F0F4298134FC8B1AD16F582	1177	workspace/experiments/public_recent_20260825/README.md
819D8C805F99108A11B351DDA9D7E80D80C05FAFDC828824E2AF9285CBDEFAD5	5956	workspace/experiments/public_recent_20260825/receipts/kaito_v48_jax_parity_debug_v2.json
C5ADA0D4CB7F5E9C1708BCFBE0AB46BD38D321EC38921B265064EF28257C1D94	1938	workspace/experiments/public_recent_20260825/receipts/kaito_v48_jax_parity_seed1302001_n2x2_v1.json
003AB7C399197E5ED7E18DE9AA0879EA88D9C6859D62C81F79970AD496AE4767	1736	workspace/experiments/public_recent_20260825/receipts/kaito_v48_jax_parity_seed1302001_n2x2_v3.json
2586F10E4D8C46581785E22B61EC4191531B725CB4E5BA011774055416922FCF	2578	workspace/experiments/public_recent_20260825/receipts/kaito_v48_vs_fc24b_seed1302001_n2x2_v1.json
3973CDA73E30DF22DAA6E1DD9915E276232F2CF6D6B7350C00483D150886B4B3	32450	workspace/experiments/public_recent_20260825/receipts/kaito_v48_vs_fc24b_seed1304001_n512x2_v1.json
108D243C68448B9FD391D1A442519DD217AF2F917DBCDA3D4F74EBF23EF6A772	104796	workspace/experiments/public_recent_20260825/receipts/official_recent_vs_fc24b_seed1301001_n4x2_v1.json
2F11F8C572A00F0AFC5D3DE9279B8A2D44B231ED75A22DBB408FB9319469A905	10162	workspace/experiments/public_recent_20260825/receipts/recent_v48_route_bank_v1.json
FDD200AFE20A9065831968C8E19E22897165E8F73ACFBD45EFE2C335C46E4CF8	5327	workspace/experiments/public_recent_20260825/reports/RECENTLY_RUN_PUBLIC_SCAN_20260825_ZH.md
2004F346DB1A47152F825AF7DFBB78CA281382C9D4ECF489C9E43690EB7C1056	10592	workspace/experiments/public_recent_20260825/tools/accept_kaito_v48_jax_parity.py
B4C928A14285EFE8AE38F98D92FE4CD5DB863D14F700E7C03119579B599395CE	5282	workspace/experiments/public_recent_20260825/tools/build_recent_v48_route_bank.py
6309797E51B8C0E1E9C53E2B239105561AA53986FA9AF2ED15A0EA61ACD723C9	2925	workspace/experiments/public_recent_20260825/tools/generate_kaito_v48_fc24b_traces.py
170B70B1D87E8E039978E92E32CA76C4C4D1F70F8EBF56C0AD4C16959957640A	10781	workspace/experiments/public_recent_20260825/tools/run_kaito_v48_vs_fc24b_jax.py
98384889B46CB405D69E34CEAE1A03AE345CCE49B3C1D305785999D39CF42936	10291	workspace/experiments/public_recent_20260825/tools/run_official_recent_vs_fc24b.py
B26B6ABD03EE6301C048E23D539D692A59F21AAC031D4DED961E25F76A793A8A	17622	workspace/experiments/strategic_v5/src/strategic_v5/recent_public_20260825_gpu.py
0A048DBC9CAF04B0F905A5C91FE80BBD49F99767243543E5AFEB9D461DFB357D	29975	workspace/public_notebooks/recent_latest_20260825_scan_v1/akashbabu17__kaggriculture-autonomous-multi-agent-farming/kaggriculture-autonomous-multi-agent-farming.ipynb
59AFA846FB2476B14911F067149ACED086B83CE22B69207DBBE50A2FFF38ED01	714	workspace/public_notebooks/recent_latest_20260825_scan_v1/akashbabu17__kaggriculture-autonomous-multi-agent-farming/kernel-metadata.json
C25FC00931504E7F8559B00BDA8829B60A48DFF4D7534CAF2117AA627BA8FE55	6369	workspace/public_notebooks/recent_latest_20260825_scan_v1/akashbabu17__kaggriculture-autonomous-multi-agent-farming/output/kaggriculture-autonomous-multi-agent-farming.log
E13AD26C7D33EE21517E87377AD9BFBCD88CB1D31627077D985DB31586656FEF	6192	workspace/public_notebooks/recent_latest_20260825_scan_v1/akashbabu17__kaggriculture-autonomous-multi-agent-farming/output/submission.py
B8671D57B3902B447AA4560B138E578310A14E409B68D57C4F9799AD48DD26CB	31930	workspace/public_notebooks/recent_latest_20260825_scan_v1/ameythakur20__kaggriculture-deterministic-farm-planning-agent/kaggriculture-deterministic-farm-planning-agent.ipynb
BFD0F824DA30EA4E2F4DB81111F67446BEB2ADC67BBFD5BD6F76EC32B8AEFC8D	728	workspace/public_notebooks/recent_latest_20260825_scan_v1/ameythakur20__kaggriculture-deterministic-farm-planning-agent/kernel-metadata.json
AAC72D391C0FAE3A24EF40FAC5BD864D85F84139552FAB722430138CEE6AFF2B	9022	workspace/public_notebooks/recent_latest_20260825_scan_v1/ameythakur20__kaggriculture-deterministic-farm-planning-agent/output/kaggriculture-deterministic-farm-planning-agent.log
F029FA0CB66A9EB509AFBE44E3F59B800332D0419DB91607183410E4089C4D19	18946	workspace/public_notebooks/recent_latest_20260825_scan_v1/ameythakur20__kaggriculture-deterministic-farm-planning-agent/output/main.py
9427498DEF045FCCAEFB0428D85E83A81A9F00220698B70AF377E7E37AEB131E	80864	workspace/public_notebooks/recent_latest_20260825_scan_v1/ameythakur20__kaggriculture-premium-first-market-agent/kaggriculture-premium-first-market-agent.ipynb
76A156B1C1D37721F743010941290F9526162CBBD069FAE547C0C5CC799F906C	669	workspace/public_notebooks/recent_latest_20260825_scan_v1/ameythakur20__kaggriculture-premium-first-market-agent/kernel-metadata.json
DAF1ED1E9A47E62E73C55D553EE955165E1C0604CBA77927234C2A506CBD2C99	10149	workspace/public_notebooks/recent_latest_20260825_scan_v1/ameythakur20__kaggriculture-premium-first-market-agent/output/kaggriculture-premium-first-market-agent.log
1B2E17650625E7DAF004A02375D8B62502DA6B8783F165059ADD53E05EA33B79	211836	workspace/public_notebooks/recent_latest_20260825_scan_v1/andrewsokolovsky__kaggriculture-breaking-the-tie/kaggriculture-breaking-the-tie.ipynb
6D7401A611A2D9CEE56739B474E512E548EC00D017335AE268849719DA42097C	645	workspace/public_notebooks/recent_latest_20260825_scan_v1/andrewsokolovsky__kaggriculture-breaking-the-tie/kernel-metadata.json
3C9DE49184A15EFCE742056DE12EAD78A32E9B335D8E42C1791BD6133B856A51	10808	workspace/public_notebooks/recent_latest_20260825_scan_v1/andrewsokolovsky__kaggriculture-breaking-the-tie/output/kaggriculture-breaking-the-tie.log
C6F96A8521DC9AA369B6F27E5B36B9D481E5C1688F50C8CA215C3BB53F1F9EB8	158309	workspace/public_notebooks/recent_latest_20260825_scan_v1/andrewsokolovsky__kaggriculture-breaking-the-tie/output/main.py
D65410A4FC8A31226055E43085131468AC8AF5721AABDF3593CB8EADE59CABE3	124624	workspace/public_notebooks/recent_latest_20260825_scan_v1/andrewsokolovsky__kaggriculture-breaking-the-tie/output/teacher_bootstrap.tar.gz
C6F96A8521DC9AA369B6F27E5B36B9D481E5C1688F50C8CA215C3BB53F1F9EB8	158309	workspace/public_notebooks/recent_latest_20260825_scan_v1/andrewsokolovsky__kaggriculture-breaking-the-tie/output/teacher_v21_r1_main.py
F26914FFCD91FE23E118FF341B3B0A369D516829BF48DED9F3156DF918B69D66	597	workspace/public_notebooks/recent_latest_20260825_scan_v1/bssgirl__notebook317289f44a/kernel-metadata.json
F7AD629D105D6D8011D192783CB9A6E540110E70447D01D0E1BC8F7A058D841B	5514	workspace/public_notebooks/recent_latest_20260825_scan_v1/bssgirl__notebook317289f44a/notebook317289f44a.ipynb
7E59ACD398A9F6AA3F83F635B3CB2BF92FD99EB3BB89E50D6E3C49212986E8A5	751	workspace/public_notebooks/recent_latest_20260825_scan_v1/busyaprime__one-town-in-three-has-no-yarn-store-at-all/kernel-metadata.json
7D37702E80374EEDAFEBFD247C4AD6A9BB386CD9503ADE1F27BFE024AB7D334B	71414	workspace/public_notebooks/recent_latest_20260825_scan_v1/busyaprime__one-town-in-three-has-no-yarn-store-at-all/one-town-in-three-has-no-yarn-store-at-all.ipynb
13DC325E6C88B4E752F35C20DF85B7B39BBD3F77D3EE9793812284C55202F5A1	810	workspace/public_notebooks/recent_latest_20260825_scan_v1/busyaprime__the-best-thing-to-farm-has-a-market-of-59-units/kernel-metadata.json
9F7D879D8466A7D617B4F74F212BDED5F65938E5A68CA21C9612117061F1E834	75306	workspace/public_notebooks/recent_latest_20260825_scan_v1/busyaprime__the-best-thing-to-farm-has-a-market-of-59-units/the-best-thing-to-farm-has-a-market-of-59-units.ipynb
E1C6C17C56BB4C9E2F0B4F5C6AE88C54C96F5F9BE6A4793805F17D14A5D134DA	151609	workspace/public_notebooks/recent_latest_20260825_scan_v1/destbreso__a-week-four-x-ray-of-the-top-twelve/a-week-four-x-ray-of-the-top-twelve.ipynb
0BA26745E2ADC48542C3A154DE56C4517200FCEAA92E4E88DCD5BADFDFA30F94	820	workspace/public_notebooks/recent_latest_20260825_scan_v1/destbreso__a-week-four-x-ray-of-the-top-twelve/kernel-metadata.json
ED46FE5F3294AE35245C6ADC83DE0D7AB6E6ABBD3EB98A5E2D490B78A091274B	58501	workspace/public_notebooks/recent_latest_20260825_scan_v1/destbreso__island-ga-an-owned-schedule-is-a-moat/island-ga-an-owned-schedule-is-a-moat.ipynb
95FF06D45FE1DEBEC7A3C192DDB19B3A49291DC915188A22A138E0C41BA391C7	659	workspace/public_notebooks/recent_latest_20260825_scan_v1/destbreso__island-ga-an-owned-schedule-is-a-moat/kernel-metadata.json
044D7D71DA00C33C4E7C6BAF269AAB043A2F738129E64F9F74A7B2FFB11E8F28	71383	workspace/public_notebooks/recent_latest_20260825_scan_v1/destbreso__kagsim-the-engine-at-2000-episodes-per-second/kagsim-the-engine-at-2000-episodes-per-second.ipynb
C885AEEA789DAC7E2E75CFF044EBF271093D458EB88B88592508E9D378927A17	682	workspace/public_notebooks/recent_latest_20260825_scan_v1/destbreso__kagsim-the-engine-at-2000-episodes-per-second/kernel-metadata.json
6556A8307132FE45C22CC0D3821333D028E342167DFCBD880421F9E15668FB13	63592	workspace/public_notebooks/recent_latest_20260825_scan_v1/georgymamarin__kaggriculture-daily-replays-the-live-meta-report/kaggriculture-daily-replays-the-live-meta-report.ipynb
C447EBA9D79CE142DAF713BA0F5AB6870E20CC419CBC4091B830555E2279532A	869	workspace/public_notebooks/recent_latest_20260825_scan_v1/georgymamarin__kaggriculture-daily-replays-the-live-meta-report/kernel-metadata.json
05575F011FAC0D01021144CBE0362E0C48AFB5DBBF3901F828CB0731ECAE8025	74535	workspace/public_notebooks/recent_latest_20260825_scan_v1/jocelyndumlao__kaggriculture-ai-agent/kaggriculture-ai-agent.ipynb
147B9F6A346E8F995D271F90C9C8A2BC4097917724EE5497876895F75A3C059A	627	workspace/public_notebooks/recent_latest_20260825_scan_v1/jocelyndumlao__kaggriculture-ai-agent/kernel-metadata.json
A8D1A5C4C086D9AF9D54154A39D8731911B165D3557E0ECAEA4A720D126B2D24	135	workspace/public_notebooks/recent_latest_20260825_scan_v1/jocelyndumlao__kaggriculture-ai-agent/output/Kaggriculture-AI-Agent/.gitignore
EF8C0529C1FE052262D9D0A1EDD9963B41F312E8A09393DCA03FA38CDD46CBB5	7980	workspace/public_notebooks/recent_latest_20260825_scan_v1/jocelyndumlao__kaggriculture-ai-agent/output/Kaggriculture-AI-Agent/insert_dashboard.py
9067355E8D6E6BD4DAF3E65DBBD2F2535E90FE875E706079E2DD3E1E553B3DB5	596	workspace/public_notebooks/recent_latest_20260825_scan_v1/jocelyndumlao__kaggriculture-ai-agent/output/Kaggriculture-AI-Agent/main.py
0A2E0B5EEA3ADE23B8C3399506B64860C0F72B6B160E9223BEEBA9E26A259616	699847	workspace/public_notebooks/recent_latest_20260825_scan_v1/jocelyndumlao__kaggriculture-ai-agent/output/Kaggriculture-AI-Agent/notebooks/Kaggriculture_AI_Agent_Analysis.ipynb
C7F4827188B0E6A5D1CD817B47AE1A08A0A40ADDCE435FE1CB744941B59A231C	204	workspace/public_notebooks/recent_latest_20260825_scan_v1/jocelyndumlao__kaggriculture-ai-agent/output/Kaggriculture-AI-Agent/README.md
E3B0C44298FC1C149AFBF4C8996FB92427AE41E4649B934CA495991B7852B855	0	workspace/public_notebooks/recent_latest_20260825_scan_v1/jocelyndumlao__kaggriculture-ai-agent/output/Kaggriculture-AI-Agent/requirements.txt
E3B0C44298FC1C149AFBF4C8996FB92427AE41E4649B934CA495991B7852B855	0	workspace/public_notebooks/recent_latest_20260825_scan_v1/jocelyndumlao__kaggriculture-ai-agent/output/Kaggriculture-AI-Agent/src/__init__.py
2A7C1A45AC4629E2ED2B224330E6BEFF5D4A9BA7249C1B979093DC25F56FE740	1260	workspace/public_notebooks/recent_latest_20260825_scan_v1/jocelyndumlao__kaggriculture-ai-agent/output/Kaggriculture-AI-Agent/src/action_composer.py
D44FA0919021DAE00F99DD9C5459FF4C2F9C8C52B8B96326C273FBC265690F81	1239	workspace/public_notebooks/recent_latest_20260825_scan_v1/jocelyndumlao__kaggriculture-ai-agent/output/Kaggriculture-AI-Agent/src/action_cost_estimator.py
FDB50375ACEFBFF8302B86B0A6D0B041A86765266EEDAE8B7F90BDA7104B86B7	1617	workspace/public_notebooks/recent_latest_20260825_scan_v1/jocelyndumlao__kaggriculture-ai-agent/output/Kaggriculture-AI-Agent/src/action_diversity_engine.py
0AD9493F87A6EFC6588551B8EDB3CB36338CF64ACB56BBAAD34CF9A8A6DA0548	1676	workspace/public_notebooks/recent_latest_20260825_scan_v1/jocelyndumlao__kaggriculture-ai-agent/output/Kaggriculture-AI-Agent/src/action_history_analyzer.py
891AE56A1A8301685B3EF1C1A402D2EB6627A13C68C04E5C7ECE2C10A5E53755	1626	workspace/public_notebooks/recent_latest_20260825_scan_v1/jocelyndumlao__kaggriculture-ai-agent/output/Kaggriculture-AI-Agent/src/action_history_manager.py
97EFF543F0DA7926158FE2581D22A001730587C00F7A9BA5A32DDD63DB50258B	1771	workspace/public_notebooks/recent_latest_20260825_scan_v1/jocelyndumlao__kaggriculture-ai-agent/output/Kaggriculture-AI-Agent/src/action_priority_engine.py
8D696A9E8014E0CCCCF493F9F8F7AE09818B74C4AB4FAB265B937E42E6D1C082	2024	workspace/public_notebooks/recent_latest_20260825_scan_v1/jocelyndumlao__kaggriculture-ai-agent/output/Kaggriculture-AI-Agent/src/action_priority_manager.py
41DDF2A5EC615BE18537D2098D9188B862AB408A3D9CD1CAA02FDF0721915C68	2949	workspace/public_notebooks/recent_latest_20260825_scan_v1/jocelyndumlao__kaggriculture-ai-agent/output/Kaggriculture-AI-Agent/src/action_scoring_engine.py
08BBA24914DDBEC1BD24F9A23F66B8583E5D6307A900B43E633892B81514280E	2022	workspace/public_notebooks/recent_latest_20260825_scan_v1/jocelyndumlao__kaggriculture-ai-agent/output/Kaggriculture-AI-Agent/src/action_utility_engine.py
2663E804173CA87DB263F77DFF983C56BF5534B3391810810DFB386B8875D2A9	1284	workspace/public_notebooks/recent_latest_20260825_scan_v1/jocelyndumlao__kaggriculture-ai-agent/output/Kaggriculture-AI-Agent/src/action_utility_ranker.py
B3A066303903E75185CE92955C4352A9828AF2CD23B53DE477CFC7E4DA4C9CEC	6298	workspace/public_notebooks/recent_latest_20260825_scan_v1/jocelyndumlao__kaggriculture-ai-agent/output/Kaggriculture-AI-Agent/src/actions.py
D33CF8D1C6D5FF66147A6EB40A0EFDFDA5FA833E7166C0392A5C247A028B2BD6	1876	workspace/public_notebooks/recent_latest_20260825_scan_v1/jocelyndumlao__kaggriculture-ai-agent/output/Kaggriculture-AI-Agent/src/adaptive_strategy_engine.py
DD606C0BF63F45DBC83D0A54F6D9B042D7E14C5169A7943A8760756DAD4A0A99	1165	workspace/public_notebooks/recent_latest_20260825_scan_v1/jocelyndumlao__kaggriculture-ai-agent/output/Kaggriculture-AI-Agent/src/adaptive_strategy.py
A5E1F3128E3BC2FA5BDFDD02598983B3EECD1FAAC85A16B4663D871001D97E01	1107	workspace/public_notebooks/recent_latest_20260825_scan_v1/jocelyndumlao__kaggriculture-ai-agent/output/Kaggriculture-AI-Agent/src/agent.py
5D0262D1A7A4CFDF67A539A425B0026481517C1A986C200CDC19608BF5A270B8	1725	workspace/public_notebooks/recent_latest_20260825_scan_v1/jocelyndumlao__kaggriculture-ai-agent/output/Kaggriculture-AI-Agent/src/alpha_beta.py
8F8D8F7FF145D1E00EB45B96BD51AF55DDC984C1B79D579BA28A60E4A750BEEF	2031	workspace/public_notebooks/recent_latest_20260825_scan_v1/jocelyndumlao__kaggriculture-ai-agent/output/Kaggriculture-AI-Agent/src/animal_care_analyzer.py
7C7F7A3F118548890C0AE00333EE3509B6A587DE155AC8A4F27CEB16B30F257D	1889	workspace/public_notebooks/recent_latest_20260825_scan_v1/jocelyndumlao__kaggriculture-ai-agent/output/Kaggriculture-AI-Agent/src/animal_planner.py
2EC3E0592CBB9E345C9028FD6FCA20EA34B8BC6DA557D89C01991D394C142413	732	workspace/public_notebooks/recent_latest_20260825_scan_v1/jocelyndumlao__kaggriculture-ai-agent/output/Kaggriculture-AI-Agent/src/animal_profit_evaluator.py
E9556361F8F1D7DADA6B1ADD63AB84F18C7C3D04D8165A2CF3C48E8B07348CA7	2564	workspace/public_notebooks/recent_latest_20260825_scan_v1/jocelyndumlao__kaggriculture-ai-agent/output/Kaggriculture-AI-Agent/src/animal_scheduler_engine.py
E3B0C44298FC1C149AFBF4C8996FB92427AE41E4649B934CA495991B7852B855	0	workspace/public_notebooks/recent_latest_20260825_scan_v1/jocelyndumlao__kaggriculture-ai-agent/output/Kaggriculture-AI-Agent/src/animal_strategy.py
E3B0C44298FC1C149AFBF4C8996FB92427AE41E4649B934CA495991B7852B855	0	workspace/public_notebooks/recent_latest_20260825_scan_v1/jocelyndumlao__kaggriculture-ai-agent/output/Kaggriculture-AI-Agent/src/animals.py
9F47CAA79602DBA4CA4D088F53ED4B2DBE80A60F793AF8EB81BE4AAA76C95D89	1649	workspace/public_notebooks/recent_latest_20260825_scan_v1/jocelyndumlao__kaggriculture-ai-agent/output/Kaggriculture-AI-Agent/src/audit_log_manager.py
50A67378CB22B6E7643E8C2D2D942FF030E8015C4FF3EDFD46606789E56B30D6	1724	workspace/public_notebooks/recent_latest_20260825_scan_v1/jocelyndumlao__kaggriculture-ai-agent/output/Kaggriculture-AI-Agent/src/authentication_manager.py
4D3642A6A0E568810D2B39670E947DF1BF2F16FD136B15A3267951E5C6D24871	2197	workspace/public_notebooks/recent_latest_20260825_scan_v1/jocelyndumlao__kaggriculture-ai-agent/output/Kaggriculture-AI-Agent/src/authorization_manager.py
BDF2348D0DB068ED0D91688E9E42BD01A0E2CB50755BB2178C7393F9689B9BDE	804	workspace/public_notebooks/recent_latest_20260825_scan_v1/jocelyndumlao__kaggriculture-ai-agent/output/Kaggriculture-AI-Agent/src/base_workflow_coordinator.py
0976218AEA86A9F37E6D819606A5F5C02B19BCB9CEC06194C48E4D529B591E5B	1362	workspace/public_notebooks/recent_latest_20260825_scan_v1/jocelyndumlao__kaggriculture-ai-agent/output/Kaggriculture-AI-Agent/src/beam_search.py
E8DA3F5A74AE7AD08026D0F1CD8D99FEC06BE8C95D414F697364A2223BF96A65	1885	workspace/public_notebooks/recent_latest_20260825_scan_v1/jocelyndumlao__kaggriculture-ai-agent/output/Kaggriculture-AI-Agent/src/benchmark_suite.py
69D9ADCB4B07675F93A5D9FD89CEA2AAB7F340315804E5450AFD63AD7371818A	1304	workspace/public_notebooks/recent_latest_20260825_scan_v1/jocelyndumlao__kaggriculture-ai-agent/output/Kaggriculture-AI-Agent/src/budget_optimizer.py
BECFA34F2ED219D2F90FEE71E981246F9E458F36B7CF9794A0BEB25A5D0638B2	1469	workspace/public_notebooks/recent_latest_20260825_scan_v1/jocelyndumlao__kaggriculture-ai-agent/output/Kaggriculture-AI-Agent/src/candidate_action_generator.py
BF89F7BD3A267FB20C36F9172F1BBEF21275B20B8AF94ABDA8D38472DA8AEEB2	1648	workspace/public_notebooks/recent_latest_20260825_scan_v1/jocelyndumlao__kaggriculture-ai-agent/output/Kaggriculture-AI-Agent/src/checkpoint_manager.py
A25A399EA78556C7040255CB9C9DF5E3F5EE1654FE016A3B6844D50E216F5AC4	1757	workspace/public_notebooks/recent_latest_20260825_scan_v1/jocelyndumlao__kaggriculture-ai-agent/output/Kaggriculture-AI-Agent/src/config.py
6BC13986B0B8AC87C199E6F6E341AC0E8C88B08E33DA5BA238AB522A2E9123AF	1803	workspace/public_notebooks/recent_latest_20260825_scan_v1/jocelyndumlao__kaggriculture-ai-agent/output/Kaggriculture-AI-Agent/src/configuration_loader.py
A4374A4BB8F650822188A5D606E2AA3031184FFB0BDF9BD74DD011D9C04881DF	2126	workspace/public_notebooks/recent_latest_20260825_scan_v1/jocelyndumlao__kaggriculture-ai-agent/output/Kaggriculture-AI-Agent/src/configuration_manager.py
F63DA268A49AE28ED5EE15A19DC815E73BE90F7FAEB3EDF4F74EADA128EE0AFB	1814	workspace/public_notebooks/recent_latest_20260825_scan_v1/jocelyndumlao__kaggriculture-ai-agent/output/Kaggriculture-AI-Agent/src/configuration_validator.py
336A466C7DA594E10394FC3B2B60AFDCAF28DF070AD243DEEA3E52990B827AA1	6027	workspace/public_notebooks/recent_latest_20260825_scan_v1/jocelyndumlao__kaggriculture-ai-agent/output/Kaggriculture-AI-Agent/src/constants.py
E231396822EB5D06786A30B6B1F944FCD7A2263D8B86A8FC317E78C4EA4BCA14	2453	workspace/public_notebooks/recent_latest_20260825_scan_v1/jocelyndumlao__kaggriculture-ai-agent/output/Kaggriculture-AI-Agent/src/crop_lifecycle_analyzer.py
E3B0C44298FC1C149AFBF4C8996FB92427AE41E4649B934CA495991B7852B855	0	workspace/public_notebooks/recent_latest_20260825_scan_v1/jocelyndumlao__kaggriculture-ai-agent/output/Kaggriculture-AI-Agent/src/crop_optimizer.py
9147ADEB410379094DB508C74E06EBFCAC69D568C52D811E0D6D99858BF639FE	1207	workspace/public_notebooks/recent_latest_20260825_scan_v1/jocelyndumlao__kaggriculture-ai-agent/output/Kaggriculture-AI-Agent/src/crop_planner.py
F7FBD218406DDC48274C174B99FF18D35FC3782C5662DB00B9075E533CDFD51F	1460	workspace/public_notebooks/recent_latest_20260825_scan_v1/jocelyndumlao__kaggriculture-ai-agent/output/Kaggriculture-AI-Agent/src/crop_priority_evaluator.py
190929BBAC0E9F82A410374B3FC86A5220461F6420E6EE12A0C808F67C2033FE	611	workspace/public_notebooks/recent_latest_20260825_scan_v1/jocelyndumlao__kaggriculture-ai-agent/output/Kaggriculture-AI-Agent/src/crop_profit_evaluator.py
B328DA972510133A7B6E89C81C93E240B3BCE4A173555BA36F51111D9AD65086	1725	workspace/public_notebooks/recent_latest_20260825_scan_v1/jocelyndumlao__kaggriculture-ai-agent/output/Kaggriculture-AI-Agent/src/crop_recommendation_engine.py
2895397160B77E1221B00E6D58B3D71CCF9C92B08A8B0140543AB9223DDAD6FE	1482	workspace/public_notebooks/recent_latest_20260825_scan_v1/jocelyndumlao__kaggriculture-ai-agent/output/Kaggriculture-AI-Agent/src/crop_rotation_planner.py
F311BCE52BE6FCCC93100A93A633D259FE1F3820110CD717DE7A51BA1BC42005	2212	workspace/public_notebooks/recent_latest_20260825_scan_v1/jocelyndumlao__kaggriculture-ai-agent/output/Kaggriculture-AI-Agent/src/crop_scheduler_engine.py
35E039A165AAB5B910F554A51DCB8F6B9D4294FD4B8B6957FBD0849B66970DF8	3850	workspace/public_notebooks/recent_latest_20260825_scan_v1/jocelyndumlao__kaggriculture-ai-agent/output/Kaggriculture-AI-Agent/src/crop_strategy.py
7680BF8DAFFE843F09BAA58C46859E7ABAD435C04316652562EF999252E4F0F0	1756	workspace/public_notebooks/recent_latest_20260825_scan_v1/jocelyndumlao__kaggriculture-ai-agent/output/Kaggriculture-AI-Agent/src/crops.py
6B668282F43E4E815A717DB5FC8BFAB5691C1805C5CF519B57FD93A1F0BD244A	1704	workspace/public_notebooks/recent_latest_20260825_scan_v1/jocelyndumlao__kaggriculture-ai-agent/output/Kaggriculture-AI-Agent/src/decision_analytics_engine.py
1F9CFBE8CD4F0803D6E3805F9B875AE8FB8AD61F42AA24CE8213E5CA0D350665	1431	workspace/public_notebooks/recent_latest_20260825_scan_v1/jocelyndumlao__kaggriculture-ai-agent/output/Kaggriculture-AI-Agent/src/decision_confidence_engine.py
4608EEB14240C2CB2FD6B82EBA214DCD6746C608EC212F6B4544AF836A4AE6D2	1972	workspace/public_notebooks/recent_latest_20260825_scan_v1/jocelyndumlao__kaggriculture-ai-agent/output/Kaggriculture-AI-Agent/src/decision_context_builder.py
7979DB5E3246E06F23A479E1D0485DF869B7F9EA14C7DE0DB91B93E135995BA4	7655	workspace/public_notebooks/recent_latest_20260825_scan_v1/jocelyndumlao__kaggriculture-ai-agent/output/Kaggriculture-AI-Agent/src/decision_engine_v2.py
533A13379A6402B2F808BABE19BDC219974F60ED309D4E73DD82C75A14A4713B	1538	workspace/public_notebooks/recent_latest_20260825_scan_v1/jocelyndumlao__kaggriculture-ai-agent/output/Kaggriculture-AI-Agent/src/decision_engine.py
7FD30E67003506DD056376DF59F517AC4B85044A782ED5487CD1CF65025C8AAB	1879	workspace/public_notebooks/recent_latest_20260825_scan_v1/jocelyndumlao__kaggriculture-ai-agent/output/Kaggriculture-AI-Agent/src/decision_executor.py
F781862548E53A38849B4438ACDF93581826B000BBA933256D0AFBBD01DBCD94	1573	workspace/public_notebooks/recent_latest_20260825_scan_v1/jocelyndumlao__kaggriculture-ai-agent/output/Kaggriculture-AI-Agent/src/decision_explainer.py
7561506F25C1B4D8F5BF7AD84B3EF7CCB1AA9B6DF5D1F4CE9BB5639E1E48815E	2481	workspace/public_notebooks/recent_latest_20260825_scan_v1/jocelyndumlao__kaggriculture-ai-agent/output/Kaggriculture-AI-Agent/src/decision_explanation_engine.py
8788C6D74663C7CF79031442E33451DA36E4B6B0DFF844ED1E0B199E7D7CA604	1693	workspace/public_notebooks/recent_latest_20260825_scan_v1/jocelyndumlao__kaggriculture-ai-agent/output/Kaggriculture-AI-Agent/src/decision_facade.py
5BC346EDDAEDF0EF5D22276CCDC28625FDD6A6E87E9DC8651D637D6F152552BA	1236	workspace/public_notebooks/recent_latest_20260825_scan_v1/jocelyndumlao__kaggriculture-ai-agent/output/Kaggriculture-AI-Agent/src/decision_feature_service.py
A0A815175C5156D7E6403DB5A14F38C3315C2816BB944B77E6BE3F31F68F4ED5	2144	workspace/public_notebooks/recent_latest_20260825_scan_v1/jocelyndumlao__kaggriculture-ai-agent/output/Kaggriculture-AI-Agent/src/decision_fusion_engine.py
F6C247FB503A1450BF3A83E50D31EDE2FB2E2688C60E1CDB206ADE1AFBD845E7	2002	workspace/public_notebooks/recent_latest_20260825_scan_v1/jocelyndumlao__kaggriculture-ai-agent/output/Kaggriculture-AI-Agent/src/decision_learning_engine.py
53513E8E3F26AE61520C2115AFCD69CB50FF6C9E78140845A4C35A6842FE6FB0	1757	workspace/public_notebooks/recent_latest_20260825_scan_v1/jocelyndumlao__kaggriculture-ai-agent/output/Kaggriculture-AI-Agent/src/decision_memory.py
B7326FA9C8C6827ACC071AD0E03D515E0D44D0DE4EB7A6152C2BE304F40D82E0	2450	workspace/public_notebooks/recent_latest_20260825_scan_v1/jocelyndumlao__kaggriculture-ai-agent/output/Kaggriculture-AI-Agent/src/decision_pipeline.py
53A0AFB35EAF123D302154B2ACBE8FDAB4B32601BAAB6891903D33C246EFE0FA	1629	workspace/public_notebooks/recent_latest_20260825_scan_v1/jocelyndumlao__kaggriculture-ai-agent/output/Kaggriculture-AI-Agent/src/decision_replay_engine.py
4920ECFE3C9DE1476A54960FE37ED15B4A55C19552DB15767E81A75A9572BC9C	1672	workspace/public_notebooks/recent_latest_20260825_scan_v1/jocelyndumlao__kaggriculture-ai-agent/output/Kaggriculture-AI-Agent/src/decision_service_coordinator.py
476DDAFF50BFE8F7D5AB70EA20D7752FB28FD654BBADC2B1422B690D952F33EB	2633	workspace/public_notebooks/recent_latest_20260825_scan_v1/jocelyndumlao__kaggriculture-ai-agent/output/Kaggriculture-AI-Agent/src/decision_workflow_coordinator.py
C43DF45FA400F1225230CFAA493E482884A81E7EEBA7887E5DA45170C9990659	1729	workspace/public_notebooks/recent_latest_20260825_scan_v1/jocelyndumlao__kaggriculture-ai-agent/output/Kaggriculture-AI-Agent/src/dependency_container.py
8C1175AA23DD3C42209F92D5E4AF226882AC2A07AEA26A1C2ED39CE4F6114FF1	1369	workspace/public_notebooks/recent_latest_20260825_scan_v1/jocelyndumlao__kaggriculture-ai-agent/output/Kaggriculture-AI-Agent/src/discount_scheduler.py
63DC3C4135F94DF7A99825B7FFCC238181D238AFE8C4BD85415DBD7B967A6493	1748	workspace/public_notebooks/recent_latest_20260825_scan_v1/jocelyndumlao__kaggriculture-ai-agent/output/Kaggriculture-AI-Agent/src/dynamic_market_analyzer.py
DDB56D81CC8A232484922AA413AE78F88C70EDCD5B62AB637B8562D0F6D32A60	1669	workspace/public_notebooks/recent_latest_20260825_scan_v1/jocelyndumlao__kaggriculture-ai-agent/output/Kaggriculture-AI-Agent/src/economic_planning_engine.py
B4630A8FF1108A5BFD97FBA3FF86662D6F4D18A6A9CC45F5818146E1291E2E2E	2494	workspace/public_notebooks/recent_latest_20260825_scan_v1/jocelyndumlao__kaggriculture-ai-agent/output/Kaggriculture-AI-Agent/src/economy.py
EF6EDE349F63ADE76AE58CA54B46FAF4F4CDD734D85640B594288031BE353A7B	2078	workspace/public_notebooks/recent_latest_20260825_scan_v1/jocelyndumlao__kaggriculture-ai-agent/output/Kaggriculture-AI-Agent/src/elo_rating.py
2D8FEA421B250E28CFEBADC67C2163EF2E50F9F398175862E83B30B38B4A908E	1778	workspace/public_notebooks/recent_latest_20260825_scan_v1/jocelyndumlao__kaggriculture-ai-agent/output/Kaggriculture-AI-Agent/src/endgame_solver.py
B10E8A4B470B0617898F45D65B32CF1535DB1F9E1FB354D1E448BA5ECFB97FA0	2115	workspace/public_notebooks/recent_latest_20260825_scan_v1/jocelyndumlao__kaggriculture-ai-agent/output/Kaggriculture-AI-Agent/src/episode_learning_engine.py
3386E6AE6A94002A915270A8FC2CD14E4991F5323089713E6DCBE9DA06E2A8EB	1791	workspace/public_notebooks/recent_latest_20260825_scan_v1/jocelyndumlao__kaggriculture-ai-agent/output/Kaggriculture-AI-Agent/src/episode_manager.py
20023432A5A899163077E1075EC301F01162C7AFABB6024776F5B12ACFE5E1A3	1417	workspace/public_notebooks/recent_latest_20260825_scan_v1/jocelyndumlao__kaggriculture-ai-agent/output/Kaggriculture-AI-Agent/src/epsilon_greedy.py
31F414839243E09F290436AE064F9051A6CB7900CC046315128AFD52815AE8B7	1742	workspace/public_notebooks/recent_latest_20260825_scan_v1/jocelyndumlao__kaggriculture-ai-agent/output/Kaggriculture-AI-Agent/src/evaluation_engine.py
7A74098B06458F3CDF2FFBB55AAF4F827224A7ED4C36CE88C128955DF2015CB3	2143	workspace/public_notebooks/recent_latest_20260825_scan_v1/jocelyndumlao__kaggriculture-ai-agent/output/Kaggriculture-AI-Agent/src/event_bus.py
BF13F0E943FB03BDA70AD409D09EE8420B88EF487BB833DA7047E7D88B0DA33A	1469	workspace/public_notebooks/recent_latest_20260825_scan_v1/jocelyndumlao__kaggriculture-ai-agent/output/Kaggriculture-AI-Agent/src/event_dispatcher.py
A33F6FCEC2613CD615957BCEF5FD14891C5D82A303B6A645B5912A8BC8D9C9F8	1252	workspace/public_notebooks/recent_latest_20260825_scan_v1/jocelyndumlao__kaggriculture-ai-agent/output/Kaggriculture-AI-Agent/src/execution_plan_evaluator.py
9B9C6C379A9A86A6008A3A1F0FD7AB88D83F618B0030D98AD11B6DFCD2E32B5A	1394	workspace/public_notebooks/recent_latest_20260825_scan_v1/jocelyndumlao__kaggriculture-ai-agent/output/Kaggriculture-AI-Agent/src/execution_plan_selector.py
A9E2D8C52D64E7CFD79B9E032BB41BFCD7953DAD09FAEC088EFD4DBA93B7A73D	1516	workspace/public_notebooks/recent_latest_20260825_scan_v1/jocelyndumlao__kaggriculture-ai-agent/output/Kaggriculture-AI-Agent/src/execution_plan_validator.py
16D779C54AD8BD76EDAFCD096891DA7EA58E8AAD46279DEF5CA9575176A36FBF	2134	workspace/public_notebooks/recent_latest_20260825_scan_v1/jocelyndumlao__kaggriculture-ai-agent/output/Kaggriculture-AI-Agent/src/expansion_planner.py
3777223100B08A6B3C113F7AF5DD270DD3F0584C663066D56DDD3BA546E26079	1589	workspace/public_notebooks/recent_latest_20260825_scan_v1/jocelyndumlao__kaggriculture-ai-agent/output/Kaggriculture-AI-Agent/src/expected_reward_estimator.py
F246A6664A608A8617590238E3707AB609C51F4E1E6080CD59CC1C4C6DAF3178	1631	workspace/public_notebooks/recent_latest_20260825_scan_v1/jocelyndumlao__kaggriculture-ai-agent/output/Kaggriculture-AI-Agent/src/experience_replay.py
A316F512541361D78A856C5286653C7D8ECA95C7D556DE1D78F9F28208FA1440	1962	workspace/public_notebooks/recent_latest_20260825_scan_v1/jocelyndumlao__kaggriculture-ai-agent/output/Kaggriculture-AI-Agent/src/experiment_analyzer.py
B75BA8029343AD9154F1F807172AA46225A36F872398D24FE74C3BB1A6DC7551	1886	workspace/public_notebooks/recent_latest_20260825_scan_v1/jocelyndumlao__kaggriculture-ai-agent/output/Kaggriculture-AI-Agent/src/experiment_comparator.py
F155601AFD047A6392AAE4385EF9E532C793FC0734695FA16F52A69525A6D6EB	1901	workspace/public_notebooks/recent_latest_20260825_scan_v1/jocelyndumlao__kaggriculture-ai-agent/output/Kaggriculture-AI-Agent/src/experiment_manager.py
23F6C8D66E4D280843A18E06B453245187A66C1E040C33E2BBAD335F23E81FE5	1721	workspace/public_notebooks/recent_latest_20260825_scan_v1/jocelyndumlao__kaggriculture-ai-agent/output/Kaggriculture-AI-Agent/src/experiment_report_generator.py
56F92E28D479509C1012DBEC9C77B0650792E091FE57F4FC6F7EE611E189172E	1510	workspace/public_notebooks/recent_latest_20260825_scan_v1/jocelyndumlao__kaggriculture-ai-agent/output/Kaggriculture-AI-Agent/src/experiment_repository.py
24ADBA860E538025FCA0086EDD25AB2DB0169E8F6C4F1875EA7D9B4FA8199FA9	1772	workspace/public_notebooks/recent_latest_20260825_scan_v1/jocelyndumlao__kaggriculture-ai-agent/output/Kaggriculture-AI-Agent/src/experiment_tracker.py
4E1EE3D62B8331073C4E3AD6433DAA43DC12023A4381D041AD720870655E6205	2058	workspace/public_notebooks/recent_latest_20260825_scan_v1/jocelyndumlao__kaggriculture-ai-agent/output/Kaggriculture-AI-Agent/src/farm_economy_planner.py
407F36B32C0A8B46D4DD906FEFA9A794FEDE4992138E6EAEDCF7C5CB4B2FFB12	2098	workspace/public_notebooks/recent_latest_20260825_scan_v1/jocelyndumlao__kaggriculture-ai-agent/output/Kaggriculture-AI-Agent/src/farm_expansion_planner.py
A9FC6AE1061A35EBA39943DCB4FD6D2EBFD533113CF7CB0642A7AD622152D269	2494	workspace/public_notebooks/recent_latest_20260825_scan_v1/jocelyndumlao__kaggriculture-ai-agent/output/Kaggriculture-AI-Agent/src/farm_route_planner.py
3270D835FA5EE566E2C0D5E76CF417308D5F5046DECA1DDC2D9DCD4B287745FF	1472	workspace/public_notebooks/recent_latest_20260825_scan_v1/jocelyndumlao__kaggriculture-ai-agent/output/Kaggriculture-AI-Agent/src/farm_state_evaluator.py
5088A511277CEBAAC90798659B29E0189849A7E314B00CDC81FB6AA598D2BC57	1664	workspace/public_notebooks/recent_latest_20260825_scan_v1/jocelyndumlao__kaggriculture-ai-agent/output/Kaggriculture-AI-Agent/src/farmer_action_generator.py
4BE7A6E7AE38E76CC1C15B8A5D1213EBE10DC9B20A7E1C3166E354CE49F73709	1584	workspace/public_notebooks/recent_latest_20260825_scan_v1/jocelyndumlao__kaggriculture-ai-agent/output/Kaggriculture-AI-Agent/src/feature_cache_engine.py
4DE90CC7202A6BAE36550F2582438E223FD72371E89DF04704D11F7E03F8C67E	1585	workspace/public_notebooks/recent_latest_20260825_scan_v1/jocelyndumlao__kaggriculture-ai-agent/output/Kaggriculture-AI-Agent/src/feature_drift_engine.py
0D237E82E0E298FEA97857368F5A9FE9093ED8CCF489562D0D1E28DBA6486EC4	2043	workspace/public_notebooks/recent_latest_20260825_scan_v1/jocelyndumlao__kaggriculture-ai-agent/output/Kaggriculture-AI-Agent/src/feature_extraction_engine.py
8FB6789DBC9886FF336C7F2E7C314313A11C649B6A064C81A774D151971A566E	1580	workspace/public_notebooks/recent_latest_20260825_scan_v1/jocelyndumlao__kaggriculture-ai-agent/output/Kaggriculture-AI-Agent/src/feature_importance_engine.py
27D5B4E156E4ED368C920D82183B3FEF5FDF28677EA9862A1B566A98E5B1AB52	1913	workspace/public_notebooks/recent_latest_20260825_scan_v1/jocelyndumlao__kaggriculture-ai-agent/output/Kaggriculture-AI-Agent/src/feature_normalization_engine.py
247A652F62819938AABC22B0BA08B845DC6D7AEA684050C703D4E8F3A3BB9EFD	2492	workspace/public_notebooks/recent_latest_20260825_scan_v1/jocelyndumlao__kaggriculture-ai-agent/output/Kaggriculture-AI-Agent/src/feature_pipeline_coordinator.py
B63A3F9C919B32EB3FB2FEDB0F3433B4EE253057C4EF4A6C9E4233D71A244D0E	1531	workspace/public_notebooks/recent_latest_20260825_scan_v1/jocelyndumlao__kaggriculture-ai-agent/output/Kaggriculture-AI-Agent/src/feature_pipeline_metrics.py
86293C19B3C601B8FE28820530BC7F49AAFD0270DAA0989579818EFA77FE3E8B	1300	workspace/public_notebooks/recent_latest_20260825_scan_v1/jocelyndumlao__kaggriculture-ai-agent/output/Kaggriculture-AI-Agent/src/feature_selection_engine.py
F84C6603693B9FC5DD65C6701668DD23E0BE5ED48045D56902DB51102E4BEA65	1669	workspace/public_notebooks/recent_latest_20260825_scan_v1/jocelyndumlao__kaggriculture-ai-agent/output/Kaggriculture-AI-Agent/src/feature_statistics_engine.py
55F427A7324B5CA49E8F5DCB5D6B00F2F639D6E690676E3B784CF15606C80DB1	1868	workspace/public_notebooks/recent_latest_20260825_scan_v1/jocelyndumlao__kaggriculture-ai-agent/output/Kaggriculture-AI-Agent/src/feature_validation_engine.py
50371A8895766B3D821D875E4C1311C343AC3A068B507E0202DAACC3F3F75BD9	1317	workspace/public_notebooks/recent_latest_20260825_scan_v1/jocelyndumlao__kaggriculture-ai-agent/output/Kaggriculture-AI-Agent/src/feature_version_manager.py
65A0E9E906B2550ADE5DDA16A7C235D4B75624CAC53ABB8573BF9F8B7A91C49F	1675	workspace/public_notebooks/recent_latest_20260825_scan_v1/jocelyndumlao__kaggriculture-ai-agent/output/Kaggriculture-AI-Agent/src/game_phase_coordinator.py
B81994756D5F27E3E189ED167CFB7F90BCCB2580B9B09582EA898DE70D6D3B9E	2739	workspace/public_notebooks/recent_latest_20260825_scan_v1/jocelyndumlao__kaggriculture-ai-agent/output/Kaggriculture-AI-Agent/src/game_state_adapter.py
9554A0A12E4686A72BE77718E0C39FCB380971F0A0F2C6BDCF53868597E1CA92	1351	workspace/public_notebooks/recent_latest_20260825_scan_v1/jocelyndumlao__kaggriculture-ai-agent/output/Kaggriculture-AI-Agent/src/goal_manager.py
AA346E27E236958088CCCC3321FDBD4F81D0FA750CB270A419858400B46B56FC	1416	workspace/public_notebooks/recent_latest_20260825_scan_v1/jocelyndumlao__kaggriculture-ai-agent/output/Kaggriculture-AI-Agent/src/harvest_opportunity_analyzer.py
8388331DEACAD8900AEDBD7173CEB7A4668B1E6DB3CD5F8C74F8AECF892AC82B	2163	workspace/public_notebooks/recent_latest_20260825_scan_v1/jocelyndumlao__kaggriculture-ai-agent/output/Kaggriculture-AI-Agent/src/hybrid_search.py
AA438C748C55AF796136CB3A61C1E2AE3B03F6F4FA1BA1FD91CB1BA4A59E4AEA	1496	workspace/public_notebooks/recent_latest_20260825_scan_v1/jocelyndumlao__kaggriculture-ai-agent/output/Kaggriculture-AI-Agent/src/hyperparameter_manager.py
E53B6E856B982630F79A33E8BAF1F7A9026C0F653F5403455208D6843DABBBB7	1635	workspace/public_notebooks/recent_latest_20260825_scan_v1/jocelyndumlao__kaggriculture-ai-agent/output/Kaggriculture-AI-Agent/src/inference_pipeline_manager.py
84D3ABC9A64944CC528AB87CAF61D050B428655B74D6888F6932B239E039C00E	1730	workspace/public_notebooks/recent_latest_20260825_scan_v1/jocelyndumlao__kaggriculture-ai-agent/output/Kaggriculture-AI-Agent/src/inference_request_router.py
0F8EADA358CDED8F3E0C3B17D744412301B75D31CED74B1FB51B326C1FB59AFB	1904	workspace/public_notebooks/recent_latest_20260825_scan_v1/jocelyndumlao__kaggriculture-ai-agent/output/Kaggriculture-AI-Agent/src/inventory_management_engine.py
18CD9725904113CF2A687149F4CCD21450E8520E2814497554869102D375B2A0	2324	workspace/public_notebooks/recent_latest_20260825_scan_v1/jocelyndumlao__kaggriculture-ai-agent/output/Kaggriculture-AI-Agent/src/inventory_strategy.py
A4D6AC25E52663E5DBE5AF6E408F1EF927A9FC0249360A43823B411E46154EDD	315	workspace/public_notebooks/recent_latest_20260825_scan_v1/jocelyndumlao__kaggriculture-ai-agent/output/Kaggriculture-AI-Agent/src/inventory.py
B736F360AB0CC1AA4076E2C9291298F8AE74545CDB3BB8B2217114593498D35E	1808	workspace/public_notebooks/recent_latest_20260825_scan_v1/jocelyndumlao__kaggriculture-ai-agent/output/Kaggriculture-AI-Agent/src/job_manager.py
DD9C2582E1440F40DA636BA3F80FB05157515F04586BDF1E4B4E342C1EA98830	1742	workspace/public_notebooks/recent_latest_20260825_scan_v1/jocelyndumlao__kaggriculture-ai-agent/output/Kaggriculture-AI-Agent/src/latency_tracker.py
A29D0CB66F939B40B1D7E927D2E1F80CBC222A7F9AE8318BE2D35A4909E385D8	1259	workspace/public_notebooks/recent_latest_20260825_scan_v1/jocelyndumlao__kaggriculture-ai-agent/output/Kaggriculture-AI-Agent/src/learning_feature_service.py
9E9D3F62AE3D8CAFDE65A50350A2FAF6891725F6DA3DA8FE8D6CE03607BC2906	1293	workspace/public_notebooks/recent_latest_20260825_scan_v1/jocelyndumlao__kaggriculture-ai-agent/output/Kaggriculture-AI-Agent/src/learning_rate_scheduler.py
CB7B1CA7757D7BF97E6FD2F269EA71EBCCD8E33A573EC745819DA69363575EA2	1619	workspace/public_notebooks/recent_latest_20260825_scan_v1/jocelyndumlao__kaggriculture-ai-agent/output/Kaggriculture-AI-Agent/src/learning.py
76F7CC233A7A0F99AC194B39E03FFCC774ACB18E1F80613178F0FB8DE9CB7629	1760	workspace/public_notebooks/recent_latest_20260825_scan_v1/jocelyndumlao__kaggriculture-ai-agent/output/Kaggriculture-AI-Agent/src/legal_action_generator.py
31E171588B54F0D2A9345BAF4DF01D0F2CB0788A3CFFC9BFF4E1D3ED9F74BA20	1332	workspace/public_notebooks/recent_latest_20260825_scan_v1/jocelyndumlao__kaggriculture-ai-agent/output/Kaggriculture-AI-Agent/src/market_action_generator.py
59CF7DB7A39CA3A0C320DDA4494CA475F1CD91B9548DE79F403873EB4FB75EE0	1748	workspace/public_notebooks/recent_latest_20260825_scan_v1/jocelyndumlao__kaggriculture-ai-agent/output/Kaggriculture-AI-Agent/src/market_decision_engine.py
D8E6EF9AFB5839B42EB20435DD7BE61DE5BDE8FE998B6839B7508A2CDD2A0F66	1233	workspace/public_notebooks/recent_latest_20260825_scan_v1/jocelyndumlao__kaggriculture-ai-agent/output/Kaggriculture-AI-Agent/src/market_feature_service.py
792619ED99D6F748022D499018DF37791561B012601E80BE0EFDCFEB5B3A9BB7	1999	workspace/public_notebooks/recent_latest_20260825_scan_v1/jocelyndumlao__kaggriculture-ai-agent/output/Kaggriculture-AI-Agent/src/market_forecast_engine.py
E2ABA7775838BE3D56CA31EA45E5D9A1F77A1F4241DF6E2D10A069DACBC32F63	2060	workspace/public_notebooks/recent_latest_20260825_scan_v1/jocelyndumlao__kaggriculture-ai-agent/output/Kaggriculture-AI-Agent/src/market_forecaster.py
E3B0C44298FC1C149AFBF4C8996FB92427AE41E4649B934CA495991B7852B855	0	workspace/public_notebooks/recent_latest_20260825_scan_v1/jocelyndumlao__kaggriculture-ai-agent/output/Kaggriculture-AI-Agent/src/market_history.py
81A358A1F9A77896D49357FBEBFA12D3CA93DA6C947236C34D243E7178D78882	1663	workspace/public_notebooks/recent_latest_20260825_scan_v1/jocelyndumlao__kaggriculture-ai-agent/output/Kaggriculture-AI-Agent/src/market_memory.py
FF7F80DDCF142E4D541CAABAFFB0BCFE2DC9AE00DD123D93D0516F76A526280B	1431	workspace/public_notebooks/recent_latest_20260825_scan_v1/jocelyndumlao__kaggriculture-ai-agent/output/Kaggriculture-AI-Agent/src/market_opportunity_evaluator.py
CD7285A8BF613EAC82DEB8A168392869B4D964034B313A0D450F2A4F8D70C017	1770	workspace/public_notebooks/recent_latest_20260825_scan_v1/jocelyndumlao__kaggriculture-ai-agent/output/Kaggriculture-AI-Agent/src/market_service_coordinator.py
E3B0C44298FC1C149AFBF4C8996FB92427AE41E4649B934CA495991B7852B855	0	workspace/public_notebooks/recent_latest_20260825_scan_v1/jocelyndumlao__kaggriculture-ai-agent/output/Kaggriculture-AI-Agent/src/market_strategy.py
EA54DC306EE861591B716EB87C710B8BBED329DD3A56A95E6348A265631A10C3	1920	workspace/public_notebooks/recent_latest_20260825_scan_v1/jocelyndumlao__kaggriculture-ai-agent/output/Kaggriculture-AI-Agent/src/market_trend_analyzer.py
5D38E5C9E8E5BBF4CB1C3F9CAB20579E9D24650C30DE371149BDC15181803B56	2161	workspace/public_notebooks/recent_latest_20260825_scan_v1/jocelyndumlao__kaggriculture-ai-agent/output/Kaggriculture-AI-Agent/src/market_trend_engine.py
16E51010FAC3D7EE97F7C53E46EEC796F4DFC41462B1EA33015D1DB7A4CCD13C	5160	workspace/public_notebooks/recent_latest_20260825_scan_v1/jocelyndumlao__kaggriculture-ai-agent/output/Kaggriculture-AI-Agent/src/market.py
7F3F1509DB79F31D8FB62F2711F0990DE20E145923552C9598DBDE09CD94DAC2	1821	workspace/public_notebooks/recent_latest_20260825_scan_v1/jocelyndumlao__kaggriculture-ai-agent/output/Kaggriculture-AI-Agent/src/mcts_search.py
E376F0448E77F6106610E991D68CCBA31CBAE88BC0BE03B32119A8B860855F11	1433	workspace/public_notebooks/recent_latest_20260825_scan_v1/jocelyndumlao__kaggriculture-ai-agent/output/Kaggriculture-AI-Agent/src/mcts.py
9866E51105C55B31F0C6E7EF0C33B50E46A4FC9FDDE26A5B935026CFC022673D	1854	workspace/public_notebooks/recent_latest_20260825_scan_v1/jocelyndumlao__kaggriculture-ai-agent/output/Kaggriculture-AI-Agent/src/metrics_aggregator.py
BF85D6645B0F138A3D4B702F1C077DDFB5B1241C9BB57F70C1BB2C79DA5A704E	2645	workspace/public_notebooks/recent_latest_20260825_scan_v1/jocelyndumlao__kaggriculture-ai-agent/output/Kaggriculture-AI-Agent/src/metrics_collector.py
6421FC623AC0E069F007AA3117C10AC197A2FC93D5AFACD4F56C62828463314F	120146	workspace/public_notebooks/recent_latest_20260825_scan_v1/kaitofukami__40-40-early-floor-39-46-top-10-v48-fast-routes/40-40-early-floor-39-46-top-10-v48-fast-routes.ipynb
ECCE02E27ED67E947785ECE2C3C88BA5E037997EB8018859E7E1F11D00E3016E	724	workspace/public_notebooks/recent_latest_20260825_scan_v1/kaitofukami__40-40-early-floor-39-46-top-10-v48-fast-routes/kernel-metadata.json
5D2D553F20DC0A5E21D8FFCAECC8A4A6D76D4E6A142676494B73EAA150401960	208409	workspace/public_notebooks/recent_latest_20260825_scan_v1/kaitofukami__40-40-early-floor-39-46-top-10-v48-fast-routes/output/40-40-early-floor-39-46-top-10-v48-fast-routes.log
DADEE25A9840313218384208C53B2C4752F82C3209CC654632E0B96C65E2664A	107008	workspace/public_notebooks/recent_latest_20260825_scan_v1/kaitofukami__40-40-early-floor-39-46-top-10-v48-fast-routes/output/main.py
F2973A7C7636E1F95CEA74C8C2CB7BBFEC20F4082A9DA079AEB8BA74FBE8B4FE	81322	workspace/public_notebooks/recent_latest_20260825_scan_v1/kaitofukami__40-40-early-floor-39-46-top-10-v48-fast-routes/output/submission.tar.gz
A9CBE8CDE472CD73C486E06932B4B8BEBD3725192E65EA75976E96C863EAFBA8	546	workspace/public_notebooks/recent_latest_20260825_scan_v1/kaitofukami__40-40-early-floor-39-46-top-10-v48-fast-routes/output/v48_manifest.json
4D19F24BA79C8CFDD8BA6D2330B381021E4A0F765FD61805361003779019A0D1	14035	workspace/public_notebooks/recent_latest_20260825_scan_v1/koushikkumardinda__kaggriculture-starter/kaggriculture-starter.ipynb
6B4CFDDB973B82E285F8E83540BBA83580E4CCDC26C2E1C096BF8792E45C15F2	639	workspace/public_notebooks/recent_latest_20260825_scan_v1/koushikkumardinda__kaggriculture-starter/kernel-metadata.json
E3B0C44298FC1C149AFBF4C8996FB92427AE41E4649B934CA495991B7852B855	0	workspace/public_notebooks/recent_latest_20260825_scan_v1/koushikkumardinda__kaggriculture-starter/output/kaggriculture-starter.log
B27A81A63C480A393DDFFB3DC639E42F8D47CF38A02A75111F523BF9E2C288AF	3504	workspace/public_notebooks/recent_latest_20260825_scan_v1/koushikkumardinda__kaggriculture-starter/output/submission.py
FB5DE35300BDBBD1C2C19DA1BB8F2E2FFD531E9E7CD6EA9FEBF897748F43B1A4	117705	workspace/public_notebooks/recent_latest_20260825_scan_v1/llccqq624__kaggriculture-adaptive-counterbook/kaggriculture-adaptive-counterbook.ipynb
036060DC0C15BE4BD161172B9CA45A6B2BD992E89878F70D24C44E6456127708	650	workspace/public_notebooks/recent_latest_20260825_scan_v1/llccqq624__kaggriculture-adaptive-counterbook/kernel-metadata.json
81996E3395D930579FEFB4CE9EE9290B1FB4CF47129B92966782FEEBE35105D8	6838	workspace/public_notebooks/recent_latest_20260825_scan_v1/llccqq624__kaggriculture-adaptive-counterbook/output/kaggriculture-adaptive-counterbook.log
C26402B67A0D04A46348353069645B1A49C3CB3DF6DF69D7FA35D8ADBBDBEAE4	148034	workspace/public_notebooks/recent_latest_20260825_scan_v1/llccqq624__kaggriculture-adaptive-counterbook/output/main.py
088670944CFDEB6055A9C2A35311B6F827955F5D9F0BBE2280C47A21299A8739	93497	workspace/public_notebooks/recent_latest_20260825_scan_v1/llccqq624__kaggriculture-adaptive-counterbook/output/submission.tar.gz
6730279652ADCB6B00A2AA86E073BA6FECEB05FD62598038736AC6EAF91588C9	89537	workspace/public_notebooks/recent_latest_20260825_scan_v1/llccqq624__kaggriculture-adaptive-shop-guard/kaggriculture-adaptive-shop-guard.ipynb
541344E953A98EC4293326B3F721E7CA3B876C3ADD16BE2AA847A3BD985D4C8B	647	workspace/public_notebooks/recent_latest_20260825_scan_v1/llccqq624__kaggriculture-adaptive-shop-guard/kernel-metadata.json
45A75942B14AD340F7CF6FBA0B384C66C6DBF7A507AA9194DCEC61CFF6FA072F	6843	workspace/public_notebooks/recent_latest_20260825_scan_v1/llccqq624__kaggriculture-adaptive-shop-guard/output/kaggriculture-adaptive-shop-guard.log
2FE711896465626350EFAFC87960A6D2F05B510EC7AF62BC4679A80CDF3F9FC7	93579	workspace/public_notebooks/recent_latest_20260825_scan_v1/llccqq624__kaggriculture-adaptive-shop-guard/output/main.py
1D7F7D2C238A20FA75D328C7E0987D1A27C486023646634A8AEE532922326E0B	70922	workspace/public_notebooks/recent_latest_20260825_scan_v1/llccqq624__kaggriculture-adaptive-shop-guard/output/submission.tar.gz
457D2E8B3BD9B5902E5A094675DFE8629A763C63B5EB03D3B4D2D1817F9838C9	15506	workspace/public_notebooks/recent_latest_20260825_scan_v1/llccqq624__kaggriculture-premium-queue-split/kaggriculture-premium-queue-split.ipynb
2EB88BDDADB8F57E079B93A8226A5474F08B529ED67848DFFF77AF01BE24750C	647	workspace/public_notebooks/recent_latest_20260825_scan_v1/llccqq624__kaggriculture-premium-queue-split/kernel-metadata.json
7319117170E620FE10BD6AF108FECA578334E1FA2D61823EBF4CC86349598488	6834	workspace/public_notebooks/recent_latest_20260825_scan_v1/llccqq624__kaggriculture-premium-queue-split/output/kaggriculture-premium-queue-split.log
F1941CF01F8D821F6A3ED6C384C58BC98DE63914ACE21DDC1526052B5C9EF829	19330	workspace/public_notebooks/recent_latest_20260825_scan_v1/llccqq624__kaggriculture-premium-queue-split/output/main.py
7A159BE0B1E2DF5300DD9AF3AA631DDA4F969DDC62E79CAFF8099303F09CC1BD	11760	workspace/public_notebooks/recent_latest_20260825_scan_v1/llccqq624__kaggriculture-premium-queue-split/output/submission.tar.gz
C778607AEC1A60F35D7080718468E965BB13E97D7ABADA1E5E495DA9F0D2657A	61086	workspace/public_notebooks/recent_latest_20260825_scan_v1/llccqq624__kaggriculture-the-shops-remember-the-route/kaggriculture-the-shops-remember-the-route.ipynb
227057C539411AC8D3F107A4845F14FE34E5421B1793E12DEFAC774393FE120E	674	workspace/public_notebooks/recent_latest_20260825_scan_v1/llccqq624__kaggriculture-the-shops-remember-the-route/kernel-metadata.json
C54A5CA7C1FF1B11B77B40FC4FCC1A0ACFC282D65A378B5AC9E960DDDC285062	6819	workspace/public_notebooks/recent_latest_20260825_scan_v1/llccqq624__kaggriculture-the-shops-remember-the-route/output/kaggriculture-the-shops-remember-the-route.log
69F06A802B62AA08F28705DAB5728EB924BB6A7C23FFE0164F65B104CC3DADF3	63309	workspace/public_notebooks/recent_latest_20260825_scan_v1/llccqq624__kaggriculture-the-shops-remember-the-route/output/main.py
133CED7FFC0D6C2ADB218E1E6CD4485F3D7C08D184D2A6C883B93C556B5F42B4	48206	workspace/public_notebooks/recent_latest_20260825_scan_v1/llccqq624__kaggriculture-the-shops-remember-the-route/output/submission.tar.gz
2F15A5E5CE89B7F2F2665534F827D17D4E419D5D2C7C8ED647A6C79571DE64C1	139892	workspace/public_notebooks/recent_latest_20260825_scan_v1/lynnsakurai__farming-score-v2-a-better-approach/farming-score-v2-a-better-approach.ipynb
6237BA7165DDCE380FEB4FD48B623FEA85A301E86913AB04E06B8AF4E585BD80	650	workspace/public_notebooks/recent_latest_20260825_scan_v1/lynnsakurai__farming-score-v2-a-better-approach/kernel-metadata.json
F67670CC2DB1D191C6F4AAC3FA85B3D0FCAAFA65EC3EBAE978A4F5E14B3E81BF	2482	workspace/public_notebooks/recent_latest_20260825_scan_v1/lynnsakurai__farming-score-v2-a-better-approach/output/farming-score-v2-a-better-approach.log
0A4527AC58D9C9D9281AC02FD08E8F9055186C3F8AE2C68EE1CC7D01609BC6E5	151934	workspace/public_notebooks/recent_latest_20260825_scan_v1/lynnsakurai__farming-score-v2-a-better-approach/output/main.py
C78E3592FE6B373945573793E296ADD9D1CF669C3F34D7A7AE3B1AC1E155C304	94430	workspace/public_notebooks/recent_latest_20260825_scan_v1/lynnsakurai__farming-score-v2-a-better-approach/output/submission.tar.gz
8F25C014F71BFEAA0652B52AAEFD6A36486D8C5DF3D147CDD0C94BDE1F8E3B45	349	workspace/public_notebooks/recent_latest_20260825_scan_v1/manderson240__cohezion-kaggriculture-multi-agent-policy-baseline/cohezion-kaggriculture-multi-agent-policy-baseline.py
B38A0A838749AACDCF20B9390D51D1651F62A467947FAA36EE2B7FFA81AED2BA	694	workspace/public_notebooks/recent_latest_20260825_scan_v1/manderson240__cohezion-kaggriculture-multi-agent-policy-baseline/kernel-metadata.json
1BD90A5888675AB715999BA8B32E8C6BA4FFE480FE4DAD97F27B2F901797D8B9	680	workspace/public_notebooks/recent_latest_20260825_scan_v1/mugundhjb__v21-multi-route-agent-sell-divergence-guarder/kernel-metadata.json
E2F9107E9E537B77B9E908744114A43CECE81A6316E33A69FF8AA02618B4C0F1	150528	workspace/public_notebooks/recent_latest_20260825_scan_v1/mugundhjb__v21-multi-route-agent-sell-divergence-guarder/output/main.py
A773F676F70FF27C84DC78ABA605038EEBB031BC55583B78F977667A0B9A16D2	94254	workspace/public_notebooks/recent_latest_20260825_scan_v1/mugundhjb__v21-multi-route-agent-sell-divergence-guarder/output/submission.tar.gz
C82E44FF199576813784F4712CA16E43C3D4E6B26CEB26B904A6CDCAF6F9A777	3058	workspace/public_notebooks/recent_latest_20260825_scan_v1/mugundhjb__v21-multi-route-agent-sell-divergence-guarder/output/v21-multi-route-agent-sell-divergence-guarder.log
136D24117E9871A591CD1695E67CF324131B0C4BC3081E2B4CAB180CAFC0182B	157479	workspace/public_notebooks/recent_latest_20260825_scan_v1/mugundhjb__v21-multi-route-agent-sell-divergence-guarder/v21-multi-route-agent-sell-divergence-guarder.ipynb
BF1267F32FE04AD82CD8013126847948288CFF54A8A807EA1816EA90B18D68B9	24674	workspace/public_notebooks/recent_latest_20260825_scan_v1/nagatakengo__costs/costs.ipynb
DE8F7771C5E4F2431CEEAB8D90BCC61FDF34DDE9AC4683F7D10CE98F27F9549B	776	workspace/public_notebooks/recent_latest_20260825_scan_v1/nagatakengo__costs/kernel-metadata.json
A3F9F066B54DB145F922BE9E1DAAA32F89C39B04FD7084AEBF31CB03D49A101B	21150	workspace/public_notebooks/recent_latest_20260825_scan_v1/nagatakengo__kaggriculture/kaggriculture.ipynb
0C7B99B2E1EF656AC64B731ED59C3D33E6033F6C27D427B4086450FDE7CC2684	648	workspace/public_notebooks/recent_latest_20260825_scan_v1/nagatakengo__kaggriculture/kernel-metadata.json
B4F2EE6B729586868303BDC748D7E6366084AF40CD416BFB2B2152B34B4B8B4F	829	workspace/public_notebooks/recent_latest_20260825_scan_v1/nagatakengo__predict-future-melon-prices/kernel-metadata.json
A9F1B76D28A2AAE893A21334C1FCC9AA770579DC535C0D224F7EA2AFBB761C90	25028	workspace/public_notebooks/recent_latest_20260825_scan_v1/nagatakengo__predict-future-melon-prices/predict-future-melon-prices.ipynb
0921E9664DE5476889678B2EF27FD4C37B1DCF6147742EEF56524973A8851C74	65797	workspace/public_notebooks/recent_latest_20260825_scan_v1/premaananda108__economics-driven-rule-agent-ecobot-v4/economics-driven-rule-agent-ecobot-v4.ipynb
7F35E0D08DCCEDA25994BC03D16C5044689DA3B3578013E26AEC7819CBD47708	663	workspace/public_notebooks/recent_latest_20260825_scan_v1/premaananda108__economics-driven-rule-agent-ecobot-v4/kernel-metadata.json
E3B0C44298FC1C149AFBF4C8996FB92427AE41E4649B934CA495991B7852B855	0	workspace/public_notebooks/recent_latest_20260825_scan_v1/premaananda108__economics-driven-rule-agent-ecobot-v4/output/economics-driven-rule-agent-ecobot-v4.log
ED12958EFD51DEF5E7742CCAC3FF7EBFB143DE0AEFC6BFC95285B264FDE03700	54344	workspace/public_notebooks/recent_latest_20260825_scan_v1/premaananda108__economics-driven-rule-agent-ecobot-v4/output/main.py
C5FC2F0B6FADEB31469F6759D5F0C0F184C93B9D208033B44CB70D5F9C74B592	917230	workspace/public_notebooks/recent_latest_20260825_scan_v1/prvsiyan__kaggriculture-frontier-the-moon-counts-melons/kaggriculture-frontier-the-moon-counts-melons.ipynb
0492C1A49EFF72C72A41191681DD56A53107929F18021C06B41A44FE76BA472A	681	workspace/public_notebooks/recent_latest_20260825_scan_v1/prvsiyan__kaggriculture-frontier-the-moon-counts-melons/kernel-metadata.json
E3B0C44298FC1C149AFBF4C8996FB92427AE41E4649B934CA495991B7852B855	0	workspace/public_notebooks/recent_latest_20260825_scan_v1/prvsiyan__kaggriculture-frontier-the-moon-counts-melons/output/kaggriculture-frontier-the-moon-counts-melons.log
61D233A41682F026AC81BE2538AFC621FD3057AF21EF7B4582FC1513E70F8E63	248411	workspace/public_notebooks/recent_latest_20260825_scan_v1/prvsiyan__kaggriculture-frontier-the-moon-counts-melons/output/main.py
31C665EF13330E2710B70B5095B9B7F14302CEE5A16C6544DE408BF2400AA098	121074	workspace/public_notebooks/recent_latest_20260825_scan_v1/prvsiyan__kaggriculture-frontier-the-moon-counts-melons/output/submission.tar.gz
2EA24AE6583D12614A2146C47B2D426C80CEF4D388CB8EEBF440A76E74641DA1	325402	workspace/public_notebooks/recent_latest_20260825_scan_v1/prvsiyan__kaggriculture-frontier-the-soil-remembers-rain/kaggriculture-frontier-the-soil-remembers-rain.ipynb
3C499B656D7AA15FDADFBD9EB0C83504CE3C0B5C0DAFBE1657969493F4F1C2DD	684	workspace/public_notebooks/recent_latest_20260825_scan_v1/prvsiyan__kaggriculture-frontier-the-soil-remembers-rain/kernel-metadata.json
E3B0C44298FC1C149AFBF4C8996FB92427AE41E4649B934CA495991B7852B855	0	workspace/public_notebooks/recent_latest_20260825_scan_v1/prvsiyan__kaggriculture-frontier-the-soil-remembers-rain/output/kaggriculture-frontier-the-soil-remembers-rain.log
FF871D2FBF2B1123668045062677EEA7F0239FC95B02D15FEDCE35C2C1033FD1	407310	workspace/public_notebooks/recent_latest_20260825_scan_v1/prvsiyan__kaggriculture-frontier-the-soil-remembers-rain/output/main.py
1EFB973496A6C0A14BBE85F4262AD1A1B74DFABC8A3460BF8143BD27C4AE6685	251440	workspace/public_notebooks/recent_latest_20260825_scan_v1/prvsiyan__kaggriculture-frontier-the-soil-remembers-rain/output/submission.tar.gz
7B58540AB147A0BBA490DD871FBCDB66B0314CD69F2FDABFD5FCC9D78E20D101	43280	workspace/public_notebooks/recent_latest_20260825_scan_v1/salemali7__kaggriculture-3000-socre/kaggriculture-3000-socre.ipynb
2CA9264F6D5328D1B9C364C88BB8F708753A77D4650913E2DDB411C06235BBF8	619	workspace/public_notebooks/recent_latest_20260825_scan_v1/salemali7__kaggriculture-3000-socre/kernel-metadata.json
DA02858B56814EE28FF173FF26B3843326E13C5420E32B26AAA813B691E4B13C	75309	workspace/public_notebooks/recent_latest_20260825_scan_v1/salemali7__kaggriculture-3000-socre/output/dynamic_reference_margins.png
89E5D23F66202B27BCFC724AF2E4E5D893C14E97F40D147DAB74C9BB980FB50F	2882	workspace/public_notebooks/recent_latest_20260825_scan_v1/salemali7__kaggriculture-3000-socre/output/kaggriculture-3000-socre.log
C3D687B608DE09353A36107BBEE54A6FE0F83346FBFB2D9C6A2D2FB4BA153363	52201	workspace/public_notebooks/recent_latest_20260825_scan_v1/salemali7__kaggriculture-3000-socre/output/livestock_expansion.png
01F0CD470F669F86D4B53EB5B014614D3B383970D0755F119DE14153FD77C1EB	18499	workspace/public_notebooks/recent_latest_20260825_scan_v1/salemali7__kaggriculture-3000-socre/output/main.py
F6380B498A08754326B8F4604362CA5A66976B7B2A76D1633DA28DD58ED49277	66859	workspace/public_notebooks/recent_latest_20260825_scan_v1/salemali7__kaggriculture-3000-socre/output/paired_outcomes.png
71AE2F49B283CCE938F8CC6F9131C46A28125A333F0CDC61A56784B4ECAD0F51	49773	workspace/public_notebooks/recent_latest_20260825_scan_v1/salemali7__kaggriculture-3000-socre/output/premium_market_lead.png
3039B7B80D0CF5F58B220EC48028A0F5FEEC262A2AE38AC069F5EC3E7DD74E3A	11560	workspace/public_notebooks/recent_latest_20260825_scan_v1/salemali7__kaggriculture-3000-socre/output/submission.tar.gz
496168C05462677D66995834E23D8AA43247FD18D4F8A1F6DC4EB392122A35C8	47062	workspace/public_notebooks/recent_latest_20260825_scan_v1/shorooghahmadi__kaggriculture-v3-agent4/kaggriculture-v3-agent4.ipynb
331276ED6BDC75F4206CC1F7BCD7FDF8F7793B019743C8475560ACD183419849	619	workspace/public_notebooks/recent_latest_20260825_scan_v1/shorooghahmadi__kaggriculture-v3-agent4/kernel-metadata.json
13BDD4C61D3ADD8F6F03EB88C374B23E5DF194E5F17485680D40FE47C0E83593	8561	workspace/public_notebooks/recent_latest_20260825_scan_v1/shorooghahmadi__kaggriculture-v3-agent4/output/kaggriculture-v3-agent4.log
8B775F3B47CC9DB73BBEE98E70D4331A13D35E0BD90264E1296901E9885EC538	94700	workspace/public_notebooks/recent_latest_20260825_scan_v1/stevenleehans__kaggriculture-rank-238-oh-you-re-approaching-me/kaggriculture-rank-238-oh-you-re-approaching-me.ipynb
2704317EC338390F017D28CE465BEA9795C337208C8C2F6181E2C73F615530D5	727	workspace/public_notebooks/recent_latest_20260825_scan_v1/stevenleehans__kaggriculture-rank-238-oh-you-re-approaching-me/kernel-metadata.json
EF370504870F39CECAECA3B1F58978B54E55B93A1F036EEC1ACC21611D31CB28	3178	workspace/public_notebooks/recent_latest_20260825_scan_v1/stevenleehans__kaggriculture-rank-238-oh-you-re-approaching-me/output/kaggriculture-rank-238-oh-you-re-approaching-me.log
B5C2E156689B41CEA5F2E1A0A1CAE2E18FD70423931BBAC0885BBA8B2142C497	69239	workspace/public_notebooks/recent_latest_20260825_scan_v1/stevenleehans__kaggriculture-rank-238-oh-you-re-approaching-me/output/main.py
FBB308F631680F91E2C552AF42AC5026FC0920498858E72F0236738D59A24D63	82365	workspace/public_notebooks/recent_latest_20260825_scan_v1/stevenleehans__kaggriculture-x578-i-m-the-strongest/kaggriculture-x578-i-m-the-strongest.ipynb
967D279AE98E5189C8E33C55D3B8647046289F651E94E04B6E9053A98FF08378	660	workspace/public_notebooks/recent_latest_20260825_scan_v1/stevenleehans__kaggriculture-x578-i-m-the-strongest/kernel-metadata.json
0ECA341F9D89AD7581ADCBC3FD8D0ABF5F73F0108E8327B835FC4438FF72BA88	7463	workspace/public_notebooks/recent_latest_20260825_scan_v1/stevenleehans__kaggriculture-x578-i-m-the-strongest/output/kaggriculture-x578-i-m-the-strongest.log
D946545E01D5A07485CA348C16080B61ECD4F2EFF6A8C5FC08BE7A449C43ABC5	57322	workspace/public_notebooks/recent_latest_20260825_scan_v1/stevenleehans__kaggriculture-x578-i-m-the-strongest/output/main.py
CC1E6A30CCB5E35D53C90B1CBD1FAD9FCE0B1B9ACC871DA3FEE328F6AFB74CD5	687	workspace/public_notebooks/recent_latest_20260825_scan_v1/tetsutani__read-the-town-build-the-farm-kaggriculture/kernel-metadata.json
73834889054BB6A515FBB40A306A7E0E609105049C781E32197A205F6C339C4F	151151	workspace/public_notebooks/recent_latest_20260825_scan_v1/tetsutani__read-the-town-build-the-farm-kaggriculture/output/kaggriculture_agent/main.py
1986049BEDA14E363C8F0D533B14BED3762AEE9A83106833A0789306CAA14CAC	3084	workspace/public_notebooks/recent_latest_20260825_scan_v1/tetsutani__read-the-town-build-the-farm-kaggriculture/output/read-the-town-build-the-farm-kaggriculture.log
73834889054BB6A515FBB40A306A7E0E609105049C781E32197A205F6C339C4F	151151	workspace/public_notebooks/recent_latest_20260825_scan_v1/tetsutani__read-the-town-build-the-farm-kaggriculture/output/submission_extract/main.py
00C423F03E091C4BC64417FE66BCF44DBE5D1A8B5D5EFF5FADC6BC362B318EC9	93603	workspace/public_notebooks/recent_latest_20260825_scan_v1/tetsutani__read-the-town-build-the-farm-kaggriculture/output/submission.tar.gz
EE4C94D8FDAD7B4C38DE06156C9FA217ABE9F0A236549315BC986F36E9B0944F	257485	workspace/public_notebooks/recent_latest_20260825_scan_v1/tetsutani__read-the-town-build-the-farm-kaggriculture/read-the-town-build-the-farm-kaggriculture.ipynb
94FFCADCF39A14448C72A00437004167FD5D2BB4F402B8C8FA013DC24D06608C	15157	workspace/public_notebooks/recent_latest_20260825_scan_v1/vinceybb__kaggriculture-validate-before-you-submit/kaggriculture-validate-before-you-submit.ipynb
78132B4C5AB4B093F0997B55408D41931BE8CFBADD65849E35235A18E8F03D30	745	workspace/public_notebooks/recent_latest_20260825_scan_v1/vinceybb__kaggriculture-validate-before-you-submit/kernel-metadata.json
21DC171DD8E25665E3F1507707629A21B76497AB9B9490EF80764E80705F1C55	668	workspace/public_notebooks/recent_latest_20260825_scan_v1/xishengfeng__rl-v9-market-off-tape-rulemirror-league/kernel-metadata.json
E3B0C44298FC1C149AFBF4C8996FB92427AE41E4649B934CA495991B7852B855	0	workspace/public_notebooks/recent_latest_20260825_scan_v1/xishengfeng__rl-v9-market-off-tape-rulemirror-league/output/rl-v9-market-off-tape-rulemirror-league.log
3D6267E62ADC4084617F5812A7342D4A0AC3FF4E185664C895786F6A14FCAD54	94647	workspace/public_notebooks/recent_latest_20260825_scan_v1/xishengfeng__rl-v9-market-off-tape-rulemirror-league/rl-v9-market-off-tape-rulemirror-league.py
