Mon Sep  7 00:36:57 JST 2026
KEEP on E1 test panel: {'games': 1400, 'wins': 857, 'win_rate': 0.6121428571428571, 'mean_cash': 103823.31857142856, 'mean_margin': 8171.242857142857}
E1 aux_e0 step=1/300 win=0.4286 kl=0.00012 rollout_s=5.71 update_s=3.27
E1 aux_e0 step=2/300 win=0.4732 kl=0.00129 rollout_s=5.56 update_s=1.13
E1 aux_e0 step=3/300 win=0.4420 kl=0.00109 rollout_s=5.28 update_s=1.14
E1 aux_e0 step=4/300 win=0.4866 kl=0.00081 rollout_s=5.23 update_s=1.05
E1 aux_e0 step=5/300 win=0.4955 kl=0.00128 rollout_s=5.13 update_s=1.17
E1 aux_e0 step=6/300 win=0.5268 kl=0.00045 rollout_s=5.31 update_s=1.10
E1 aux_e0 step=7/300 win=0.5714 kl=0.00098 rollout_s=5.26 update_s=1.24
E1 aux_e0 step=8/300 win=0.4777 kl=0.00231 rollout_s=5.14 update_s=1.05
E1 aux_e0 step=9/300 win=0.4464 kl=0.00078 rollout_s=5.16 update_s=1.06
E1 aux_e0 step=10/300 win=0.5089 kl=0.00194 rollout_s=5.20 update_s=1.07
E1 aux_e0 step=11/300 win=0.4777 kl=0.00083 rollout_s=5.34 update_s=1.12
E1 aux_e0 step=12/300 win=0.5045 kl=0.00034 rollout_s=5.17 update_s=0.98
E1 aux_e0 step=13/300 win=0.5089 kl=0.00130 rollout_s=5.30 update_s=1.10
E1 aux_e0 step=14/300 win=0.5045 kl=0.00070 rollout_s=5.10 update_s=1.06
E1 aux_e0 step=15/300 win=0.5625 kl=0.00454 rollout_s=5.14 update_s=1.15
E1 aux_e0 step=16/300 win=0.6116 kl=0.00117 rollout_s=5.31 update_s=1.05
E1 aux_e0 step=17/300 win=0.5536 kl=0.00021 rollout_s=5.11 update_s=1.00
E1 aux_e0 step=18/300 win=0.5268 kl=0.00088 rollout_s=5.13 update_s=1.29
E1 aux_e0 step=19/300 win=0.5268 kl=0.00175 rollout_s=5.22 update_s=1.04
E1 aux_e0 step=20/300 win=0.5848 kl=0.00164 rollout_s=5.08 update_s=1.21
EVAL dev_020 {'games': 448, 'wins': 274, 'win_rate': np.float64(0.6116071428571429), 'mean_cash': np.float64(104061.43303571429), 'mean_margin': np.float64(7783.805803571428)} nonkeep 0
E1 aux_e0 step=21/300 win=0.5848 kl=0.00111 rollout_s=5.16 update_s=1.07
E1 aux_e0 step=22/300 win=0.5714 kl=0.00041 rollout_s=5.12 update_s=1.13
E1 aux_e0 step=23/300 win=0.5268 kl=0.00220 rollout_s=5.10 update_s=1.13
E1 aux_e0 step=24/300 win=0.5179 kl=0.00173 rollout_s=5.20 update_s=1.15
E1 aux_e0 step=25/300 win=0.5268 kl=0.00137 rollout_s=5.32 update_s=1.13
E1 aux_e0 step=26/300 win=0.5491 kl=0.00240 rollout_s=5.19 update_s=1.26
E1 aux_e0 step=27/300 win=0.5357 kl=0.00233 rollout_s=5.46 update_s=1.12
E1 aux_e0 step=28/300 win=0.5446 kl=0.00151 rollout_s=5.15 update_s=1.22
E1 aux_e0 step=29/300 win=0.6205 kl=0.00119 rollout_s=5.18 update_s=1.10
E1 aux_e0 step=30/300 win=0.5446 kl=0.00186 rollout_s=5.57 update_s=1.31
E1 aux_e0 step=31/300 win=0.6161 kl=0.00043 rollout_s=5.73 update_s=1.12
E1 aux_e0 step=32/300 win=0.5580 kl=0.00132 rollout_s=5.25 update_s=1.11
E1 aux_e0 step=33/300 win=0.6384 kl=0.00032 rollout_s=5.10 update_s=1.16
E1 aux_e0 step=34/300 win=0.6429 kl=0.00031 rollout_s=5.04 update_s=1.09
E1 aux_e0 step=35/300 win=0.6071 kl=0.00099 rollout_s=5.52 update_s=1.15
E1 aux_e0 step=36/300 win=0.5804 kl=0.00096 rollout_s=4.96 update_s=0.99
E1 aux_e0 step=37/300 win=0.5580 kl=0.00113 rollout_s=5.14 update_s=1.21
E1 aux_e0 step=38/300 win=0.5357 kl=0.00090 rollout_s=5.46 update_s=1.07
E1 aux_e0 step=39/300 win=0.5446 kl=0.00084 rollout_s=5.18 update_s=1.09
E1 aux_e0 step=40/300 win=0.5446 kl=0.00090 rollout_s=5.28 update_s=1.11
EVAL dev_040 {'games': 448, 'wins': 274, 'win_rate': np.float64(0.6116071428571429), 'mean_cash': np.float64(104061.43303571429), 'mean_margin': np.float64(7783.805803571428)} nonkeep 0
E1 aux_e0 step=41/300 win=0.5402 kl=0.00284 rollout_s=5.58 update_s=1.16
E1 aux_e0 step=42/300 win=0.5357 kl=0.00153 rollout_s=5.52 update_s=1.29
E1 aux_e0 step=43/300 win=0.5402 kl=0.00084 rollout_s=5.83 update_s=1.05
E1 aux_e0 step=44/300 win=0.6295 kl=0.00074 rollout_s=5.99 update_s=1.07
E1 aux_e0 step=45/300 win=0.6205 kl=0.00103 rollout_s=5.82 update_s=1.09
E1 aux_e0 step=46/300 win=0.4911 kl=0.00086 rollout_s=5.96 update_s=1.11
E1 aux_e0 step=47/300 win=0.5893 kl=0.00082 rollout_s=5.63 update_s=0.96
E1 aux_e0 step=48/300 win=0.5446 kl=0.00123 rollout_s=5.56 update_s=1.01
E1 aux_e0 step=49/300 win=0.6205 kl=0.00210 rollout_s=5.37 update_s=1.20
E1 aux_e0 step=50/300 win=0.6027 kl=0.00200 rollout_s=5.39 update_s=1.10
E1 aux_e0 step=51/300 win=0.5446 kl=0.00168 rollout_s=5.12 update_s=1.09
E1 aux_e0 step=52/300 win=0.4955 kl=0.00122 rollout_s=4.94 update_s=1.05
E1 aux_e0 step=53/300 win=0.5580 kl=0.00259 rollout_s=5.08 update_s=1.03
E1 aux_e0 step=54/300 win=0.5982 kl=0.00292 rollout_s=5.10 update_s=1.15
E1 aux_e0 step=55/300 win=0.5268 kl=0.00212 rollout_s=5.04 update_s=1.03
E1 aux_e0 step=56/300 win=0.5982 kl=0.00149 rollout_s=4.98 update_s=1.15
E1 aux_e0 step=57/300 win=0.5982 kl=0.00160 rollout_s=5.17 update_s=1.12
E1 aux_e0 step=58/300 win=0.5580 kl=0.00115 rollout_s=5.26 update_s=1.18
E1 aux_e0 step=59/300 win=0.5893 kl=0.00178 rollout_s=5.11 update_s=1.03
E1 aux_e0 step=60/300 win=0.5357 kl=0.00136 rollout_s=4.95 update_s=1.25
EVAL dev_060 {'games': 448, 'wins': 276, 'win_rate': np.float64(0.6160714285714286), 'mean_cash': np.float64(104085.50669642857), 'mean_margin': np.float64(7827.939732142857)} nonkeep 9
E1 aux_e0 step=61/300 win=0.5938 kl=0.00332 rollout_s=4.95 update_s=1.24
E1 aux_e0 step=62/300 win=0.5536 kl=0.00248 rollout_s=5.02 update_s=0.95
E1 aux_e0 step=63/300 win=0.5223 kl=0.00306 rollout_s=4.99 update_s=1.21
E1 aux_e0 step=64/300 win=0.5848 kl=0.00108 rollout_s=4.93 update_s=1.06
E1 aux_e0 step=65/300 win=0.5580 kl=0.00085 rollout_s=4.95 update_s=1.09
E1 aux_e0 step=66/300 win=0.5268 kl=0.00067 rollout_s=4.95 update_s=1.03
E1 aux_e0 step=67/300 win=0.6027 kl=0.00157 rollout_s=4.93 update_s=1.01
E1 aux_e0 step=68/300 win=0.5491 kl=0.00319 rollout_s=5.18 update_s=1.12
E1 aux_e0 step=69/300 win=0.5670 kl=0.00281 rollout_s=5.18 update_s=1.15
E1 aux_e0 step=70/300 win=0.5670 kl=0.00186 rollout_s=5.06 update_s=1.14
E1 aux_e0 step=71/300 win=0.5045 kl=0.00311 rollout_s=5.05 update_s=1.04
E1 aux_e0 step=72/300 win=0.5625 kl=0.00187 rollout_s=5.17 update_s=1.13
E1 aux_e0 step=73/300 win=0.6027 kl=0.00358 rollout_s=5.23 update_s=1.04
E1 aux_e0 step=74/300 win=0.5804 kl=0.00179 rollout_s=5.03 update_s=1.14
E1 aux_e0 step=75/300 win=0.5625 kl=0.00098 rollout_s=5.09 update_s=1.22
E1 aux_e0 step=76/300 win=0.5982 kl=0.00209 rollout_s=5.13 update_s=1.12
E1 aux_e0 step=77/300 win=0.6161 kl=0.00123 rollout_s=5.22 update_s=1.10
E1 aux_e0 step=78/300 win=0.6830 kl=0.00134 rollout_s=5.16 update_s=1.16
E1 aux_e0 step=79/300 win=0.5804 kl=0.00180 rollout_s=4.94 update_s=1.06
E1 aux_e0 step=80/300 win=0.5223 kl=0.00204 rollout_s=4.92 update_s=0.99
EVAL dev_080 {'games': 448, 'wins': 274, 'win_rate': np.float64(0.6116071428571429), 'mean_cash': np.float64(104061.43303571429), 'mean_margin': np.float64(7783.805803571428)} nonkeep 0
E1 aux_e0 step=81/300 win=0.5848 kl=0.00121 rollout_s=4.89 update_s=0.99
E1 aux_e0 step=82/300 win=0.5312 kl=0.00172 rollout_s=5.12 update_s=1.14
E1 aux_e0 step=83/300 win=0.5982 kl=0.00278 rollout_s=5.09 update_s=1.08
E1 aux_e0 step=84/300 win=0.5045 kl=0.00105 rollout_s=4.97 update_s=1.06
E1 aux_e0 step=85/300 win=0.6116 kl=0.00097 rollout_s=4.93 update_s=1.00
E1 aux_e0 step=86/300 win=0.5446 kl=0.00120 rollout_s=4.95 update_s=1.18
E1 aux_e0 step=87/300 win=0.6295 kl=0.00155 rollout_s=5.19 update_s=1.03
E1 aux_e0 step=88/300 win=0.5625 kl=0.00115 rollout_s=5.04 update_s=1.25
E1 aux_e0 step=89/300 win=0.5804 kl=0.00235 rollout_s=4.96 update_s=1.05
E1 aux_e0 step=90/300 win=0.6071 kl=0.00256 rollout_s=5.05 update_s=1.10
E1 aux_e0 step=91/300 win=0.6384 kl=0.00254 rollout_s=4.96 update_s=1.11
E1 aux_e0 step=92/300 win=0.5982 kl=0.00199 rollout_s=5.04 update_s=1.04
E1 aux_e0 step=93/300 win=0.5982 kl=0.00176 rollout_s=4.93 update_s=1.05
E1 aux_e0 step=94/300 win=0.5625 kl=0.00176 rollout_s=5.01 update_s=1.09
E1 aux_e0 step=95/300 win=0.5625 kl=0.00050 rollout_s=4.98 update_s=1.00
E1 aux_e0 step=96/300 win=0.5268 kl=0.00118 rollout_s=4.96 update_s=1.05
E1 aux_e0 step=97/300 win=0.5179 kl=0.00228 rollout_s=4.95 update_s=0.97
E1 aux_e0 step=98/300 win=0.5848 kl=0.00107 rollout_s=5.12 update_s=1.11
E1 aux_e0 step=99/300 win=0.6116 kl=0.00091 rollout_s=5.06 update_s=1.04
E1 aux_e0 step=100/300 win=0.5179 kl=0.00096 rollout_s=5.00 update_s=1.06
EVAL dev_100 {'games': 448, 'wins': 278, 'win_rate': np.float64(0.6205357142857143), 'mean_cash': np.float64(104624.54241071429), 'mean_margin': np.float64(8284.69419642857)} nonkeep 207
E1 aux_e0 step=101/300 win=0.5580 kl=0.00177 rollout_s=5.10 update_s=1.12
E1 aux_e0 step=102/300 win=0.6071 kl=0.00089 rollout_s=4.99 update_s=0.98
E1 aux_e0 step=103/300 win=0.6295 kl=0.00148 rollout_s=4.94 update_s=1.08
E1 aux_e0 step=104/300 win=0.6429 kl=0.00112 rollout_s=5.05 update_s=1.02
E1 aux_e0 step=105/300 win=0.6429 kl=0.00206 rollout_s=5.02 update_s=1.08
E1 aux_e0 step=106/300 win=0.5223 kl=0.00292 rollout_s=4.98 update_s=0.97
E1 aux_e0 step=107/300 win=0.5893 kl=0.00171 rollout_s=5.10 update_s=1.06
E1 aux_e0 step=108/300 win=0.6429 kl=0.00163 rollout_s=4.97 update_s=1.18
E1 aux_e0 step=109/300 win=0.5982 kl=0.00211 rollout_s=4.97 update_s=1.03
E1 aux_e0 step=110/300 win=0.5938 kl=0.00287 rollout_s=5.03 update_s=1.08
E1 aux_e0 step=111/300 win=0.5179 kl=0.00154 rollout_s=4.97 update_s=1.16
E1 aux_e0 step=112/300 win=0.5938 kl=0.00333 rollout_s=5.14 update_s=1.05
E1 aux_e0 step=113/300 win=0.5893 kl=0.00190 rollout_s=5.00 update_s=1.00
E1 aux_e0 step=114/300 win=0.5938 kl=0.00186 rollout_s=4.98 update_s=1.14
E1 aux_e0 step=115/300 win=0.6429 kl=0.00250 rollout_s=5.05 update_s=1.12
E1 aux_e0 step=116/300 win=0.5402 kl=0.00328 rollout_s=5.01 update_s=1.11
E1 aux_e0 step=117/300 win=0.6027 kl=0.00365 rollout_s=5.16 update_s=1.05
E1 aux_e0 step=118/300 win=0.5804 kl=0.00184 rollout_s=4.97 update_s=1.11
E1 aux_e0 step=119/300 win=0.6027 kl=0.00179 rollout_s=4.97 update_s=1.19
E1 aux_e0 step=120/300 win=0.5759 kl=0.00243 rollout_s=4.96 update_s=1.03
EVAL dev_120 {'games': 448, 'wins': 262, 'win_rate': np.float64(0.5848214285714286), 'mean_cash': np.float64(104117.04464285714), 'mean_margin': np.float64(8581.64955357143)} nonkeep 2363
E1 aux_e0 step=121/300 win=0.6027 kl=0.00214 rollout_s=5.42 update_s=1.07
E1 aux_e0 step=122/300 win=0.5580 kl=0.00183 rollout_s=5.31 update_s=1.07
E1 aux_e0 step=123/300 win=0.6384 kl=0.00246 rollout_s=5.64 update_s=0.99
E1 aux_e0 step=124/300 win=0.5893 kl=0.00318 rollout_s=5.34 update_s=1.05
E1 aux_e0 step=125/300 win=0.6250 kl=0.00219 rollout_s=5.34 update_s=0.98
E1 aux_e0 step=126/300 win=0.6830 kl=0.00232 rollout_s=5.43 update_s=0.95
E1 aux_e0 step=127/300 win=0.5536 kl=0.00140 rollout_s=5.34 update_s=1.16
E1 aux_e0 step=128/300 win=0.5446 kl=0.00225 rollout_s=5.31 update_s=0.95
E1 aux_e0 step=129/300 win=0.5848 kl=0.00176 rollout_s=5.28 update_s=1.04
E1 aux_e0 step=130/300 win=0.6295 kl=0.00399 rollout_s=4.98 update_s=1.01
E1 aux_e0 step=131/300 win=0.6205 kl=0.00286 rollout_s=5.18 update_s=1.08
E1 aux_e0 step=132/300 win=0.5357 kl=0.00364 rollout_s=5.14 update_s=1.15
E1 aux_e0 step=133/300 win=0.6027 kl=0.00257 rollout_s=5.24 update_s=1.04
E1 aux_e0 step=134/300 win=0.6607 kl=0.00159 rollout_s=4.95 update_s=1.20
E1 aux_e0 step=135/300 win=0.6116 kl=0.00264 rollout_s=4.98 update_s=1.12
E1 aux_e0 step=136/300 win=0.4955 kl=0.00182 rollout_s=5.12 update_s=1.00
E1 aux_e0 step=137/300 win=0.5938 kl=0.00345 rollout_s=5.00 update_s=1.10
E1 aux_e0 step=138/300 win=0.6205 kl=0.00353 rollout_s=4.93 update_s=1.17
E1 aux_e0 step=139/300 win=0.6071 kl=0.00378 rollout_s=5.37 update_s=1.08
E1 aux_e0 step=140/300 win=0.5536 kl=0.00317 rollout_s=5.11 update_s=1.13
EVAL dev_140 {'games': 448, 'wins': 275, 'win_rate': np.float64(0.6138392857142857), 'mean_cash': np.float64(104098.88839285714), 'mean_margin': np.float64(8281.625)} nonkeep 5090
E1 aux_e0 step=141/300 win=0.6473 kl=0.00306 rollout_s=5.03 update_s=1.19
E1 aux_e0 step=142/300 win=0.4554 kl=0.00352 rollout_s=5.01 update_s=1.06
E1 aux_e0 step=143/300 win=0.6161 kl=0.00206 rollout_s=5.01 update_s=1.02
E1 aux_e0 step=144/300 win=0.6696 kl=0.00454 rollout_s=5.01 update_s=1.04
E1 aux_e0 step=145/300 win=0.6741 kl=0.00396 rollout_s=5.20 update_s=0.98
E1 aux_e0 step=146/300 win=0.5982 kl=0.00299 rollout_s=5.01 update_s=1.23
E1 aux_e0 step=147/300 win=0.6518 kl=0.00312 rollout_s=4.99 update_s=1.04
E1 aux_e0 step=148/300 win=0.6161 kl=0.00254 rollout_s=5.00 update_s=1.05
E1 aux_e0 step=149/300 win=0.5402 kl=0.00339 rollout_s=4.93 update_s=1.04
E1 aux_e0 step=150/300 win=0.5536 kl=0.00321 rollout_s=5.24 update_s=0.99
E1 aux_e0 step=151/300 win=0.6339 kl=0.00225 rollout_s=4.97 update_s=1.22
E1 aux_e0 step=152/300 win=0.6116 kl=0.00296 rollout_s=5.00 update_s=1.06
E1 aux_e0 step=153/300 win=0.6250 kl=0.00205 rollout_s=5.00 update_s=1.13
E1 aux_e0 step=154/300 win=0.5536 kl=0.00232 rollout_s=4.97 update_s=1.11
E1 aux_e0 step=155/300 win=0.5804 kl=0.00368 rollout_s=5.13 update_s=1.07
E1 aux_e0 step=156/300 win=0.6027 kl=0.00412 rollout_s=4.96 update_s=1.19
E1 aux_e0 step=157/300 win=0.6429 kl=0.00290 rollout_s=4.95 update_s=1.02
E1 aux_e0 step=158/300 win=0.6518 kl=0.00375 rollout_s=4.97 update_s=1.15
E1 aux_e0 step=159/300 win=0.5804 kl=0.00227 rollout_s=4.98 update_s=1.13
E1 aux_e0 step=160/300 win=0.5938 kl=0.00236 rollout_s=5.04 update_s=0.96
EVAL dev_160 {'games': 448, 'wins': 256, 'win_rate': np.float64(0.5714285714285714), 'mean_cash': np.float64(102597.09375), 'mean_margin': np.float64(6354.84375)} nonkeep 7372
E1 aux_e0 step=161/300 win=0.5714 kl=0.00137 rollout_s=4.96 update_s=1.10
E1 aux_e0 step=162/300 win=0.5848 kl=0.00215 rollout_s=5.00 update_s=1.10
E1 aux_e0 step=163/300 win=0.6473 kl=0.00239 rollout_s=4.98 update_s=1.06
E1 aux_e0 step=164/300 win=0.6339 kl=0.00170 rollout_s=5.14 update_s=1.10
E1 aux_e0 step=165/300 win=0.5402 kl=0.00326 rollout_s=5.05 update_s=1.21
E1 aux_e0 step=166/300 win=0.5312 kl=0.00273 rollout_s=5.06 update_s=1.11
E1 aux_e0 step=167/300 win=0.6429 kl=0.00231 rollout_s=4.96 update_s=0.99
E1 aux_e0 step=168/300 win=0.6562 kl=0.00227 rollout_s=5.03 update_s=1.11
E1 aux_e0 step=169/300 win=0.5357 kl=0.00158 rollout_s=5.10 update_s=0.96
E1 aux_e0 step=170/300 win=0.5759 kl=0.00206 rollout_s=5.00 update_s=1.13
E1 aux_e0 step=171/300 win=0.5938 kl=0.00291 rollout_s=4.96 update_s=1.15
E1 aux_e0 step=172/300 win=0.5804 kl=0.00331 rollout_s=5.02 update_s=1.06
E1 aux_e0 step=173/300 win=0.6161 kl=0.00316 rollout_s=5.02 update_s=1.29
E1 aux_e0 step=174/300 win=0.6161 kl=0.00364 rollout_s=4.98 update_s=0.93
E1 aux_e0 step=175/300 win=0.5893 kl=0.00317 rollout_s=5.11 update_s=1.11
E1 aux_e0 step=176/300 win=0.5759 kl=0.00316 rollout_s=5.00 update_s=1.02
E1 aux_e0 step=177/300 win=0.5625 kl=0.00279 rollout_s=4.99 update_s=1.12
E1 aux_e0 step=178/300 win=0.6473 kl=0.00310 rollout_s=5.01 update_s=1.19
E1 aux_e0 step=179/300 win=0.6295 kl=0.00265 rollout_s=4.98 update_s=0.96
E1 aux_e0 step=180/300 win=0.6027 kl=0.00304 rollout_s=5.28 update_s=1.14
EVAL dev_180 {'games': 448, 'wins': 266, 'win_rate': np.float64(0.59375), 'mean_cash': np.float64(101845.41071428571), 'mean_margin': np.float64(6059.582589285715)} nonkeep 6957
E1 aux_e0 step=181/300 win=0.6384 kl=0.00292 rollout_s=5.00 update_s=0.98
E1 aux_e0 step=182/300 win=0.5179 kl=0.00357 rollout_s=5.05 update_s=1.13
E1 aux_e0 step=183/300 win=0.5536 kl=0.00204 rollout_s=5.05 update_s=0.96
E1 aux_e0 step=184/300 win=0.6339 kl=0.00218 rollout_s=5.13 update_s=0.95
E1 aux_e0 step=185/300 win=0.6518 kl=0.00349 rollout_s=5.01 update_s=1.06
E1 aux_e0 step=186/300 win=0.5804 kl=0.00298 rollout_s=4.97 update_s=1.13
E1 aux_e0 step=187/300 win=0.5938 kl=0.00246 rollout_s=5.03 update_s=1.03
E1 aux_e0 step=188/300 win=0.6741 kl=0.00305 rollout_s=5.05 update_s=1.15
E1 aux_e0 step=189/300 win=0.6071 kl=0.00322 rollout_s=5.20 update_s=1.15
E1 aux_e0 step=190/300 win=0.5670 kl=0.00356 rollout_s=4.97 update_s=1.11
E1 aux_e0 step=191/300 win=0.6384 kl=0.00275 rollout_s=5.00 update_s=1.00
E1 aux_e0 step=192/300 win=0.6339 kl=0.00261 rollout_s=4.92 update_s=1.04
E1 aux_e0 step=193/300 win=0.6161 kl=0.00255 rollout_s=5.02 update_s=1.12
E1 aux_e0 step=194/300 win=0.6116 kl=0.00324 rollout_s=5.16 update_s=1.07
E1 aux_e0 step=195/300 win=0.5536 kl=0.00248 rollout_s=5.02 update_s=1.07
E1 aux_e0 step=196/300 win=0.5536 kl=0.00207 rollout_s=5.00 update_s=1.01
E1 aux_e0 step=197/300 win=0.6652 kl=0.00195 rollout_s=5.00 update_s=1.18
E1 aux_e0 step=198/300 win=0.5938 kl=0.00348 rollout_s=5.01 update_s=1.13
E1 aux_e0 step=199/300 win=0.6205 kl=0.00234 rollout_s=5.09 update_s=1.06
E1 aux_e0 step=200/300 win=0.5268 kl=0.00259 rollout_s=5.06 update_s=1.10
EVAL dev_200 {'games': 448, 'wins': 255, 'win_rate': np.float64(0.5691964285714286), 'mean_cash': np.float64(102241.37053571429), 'mean_margin': np.float64(5913.689732142857)} nonkeep 7289
E1 aux_e0 step=201/300 win=0.5670 kl=0.00217 rollout_s=5.00 update_s=1.06
E1 aux_e0 step=202/300 win=0.5536 kl=0.00263 rollout_s=4.99 update_s=1.01
E1 aux_e0 step=203/300 win=0.6250 kl=0.00299 rollout_s=5.14 update_s=1.15
E1 aux_e0 step=204/300 win=0.6027 kl=0.00312 rollout_s=4.92 update_s=1.04
E1 aux_e0 step=205/300 win=0.6295 kl=0.00285 rollout_s=4.94 update_s=1.16
E1 aux_e0 step=206/300 win=0.5670 kl=0.00335 rollout_s=4.99 update_s=1.07
E1 aux_e0 step=207/300 win=0.6429 kl=0.00211 rollout_s=5.02 update_s=1.00
E1 aux_e0 step=208/300 win=0.5759 kl=0.00248 rollout_s=5.09 update_s=1.07
E1 aux_e0 step=209/300 win=0.6339 kl=0.00273 rollout_s=4.93 update_s=0.99
E1 aux_e0 step=210/300 win=0.6518 kl=0.00200 rollout_s=5.00 update_s=1.00
E1 aux_e0 step=211/300 win=0.6027 kl=0.00243 rollout_s=4.88 update_s=0.99
E1 aux_e0 step=212/300 win=0.6250 kl=0.00227 rollout_s=4.95 update_s=1.03
E1 aux_e0 step=213/300 win=0.6786 kl=0.00321 rollout_s=5.00 update_s=0.98
E1 aux_e0 step=214/300 win=0.5893 kl=0.00299 rollout_s=5.14 update_s=1.08
E1 aux_e0 step=215/300 win=0.6607 kl=0.00328 rollout_s=4.95 update_s=1.02
E1 aux_e0 step=216/300 win=0.5670 kl=0.00301 rollout_s=5.07 update_s=1.03
E1 aux_e0 step=217/300 win=0.6027 kl=0.00339 rollout_s=5.09 update_s=1.05
E1 aux_e0 step=218/300 win=0.6071 kl=0.00348 rollout_s=5.34 update_s=1.08
E1 aux_e0 step=219/300 win=0.5670 kl=0.00340 rollout_s=6.02 update_s=1.05
E1 aux_e0 step=220/300 win=0.6384 kl=0.00268 rollout_s=5.33 update_s=1.00
EVAL dev_220 {'games': 448, 'wins': 245, 'win_rate': np.float64(0.546875), 'mean_cash': np.float64(99638.74330357143), 'mean_margin': np.float64(5832.609375)} nonkeep 7542
E1 aux_e0 step=221/300 win=0.6429 kl=0.00269 rollout_s=5.35 update_s=1.03
E1 aux_e0 step=222/300 win=0.6027 kl=0.00201 rollout_s=5.54 update_s=1.11
E1 aux_e0 step=223/300 win=0.6652 kl=0.00240 rollout_s=5.34 update_s=1.03
E1 aux_e0 step=224/300 win=0.6473 kl=0.00199 rollout_s=5.26 update_s=0.95
E1 aux_e0 step=225/300 win=0.5804 kl=0.00162 rollout_s=5.31 update_s=1.03
E1 aux_e0 step=226/300 win=0.5982 kl=0.00279 rollout_s=5.29 update_s=1.02
E1 aux_e0 step=227/300 win=0.6518 kl=0.00260 rollout_s=5.51 update_s=1.04
E1 aux_e0 step=228/300 win=0.6250 kl=0.00285 rollout_s=5.41 update_s=0.95
E1 aux_e0 step=229/300 win=0.6027 kl=0.00270 rollout_s=5.34 update_s=0.99
E1 aux_e0 step=230/300 win=0.6250 kl=0.00193 rollout_s=5.35 update_s=1.00
E1 aux_e0 step=231/300 win=0.6607 kl=0.00169 rollout_s=5.28 update_s=1.02
E1 aux_e0 step=232/300 win=0.6161 kl=0.00288 rollout_s=5.58 update_s=1.07
E1 aux_e0 step=233/300 win=0.6250 kl=0.00213 rollout_s=5.39 update_s=0.95
E1 aux_e0 step=234/300 win=0.6429 kl=0.00334 rollout_s=5.29 update_s=1.05
E1 aux_e0 step=235/300 win=0.6116 kl=0.00139 rollout_s=5.36 update_s=1.09
E1 aux_e0 step=236/300 win=0.5670 kl=0.00298 rollout_s=5.41 update_s=0.94
E1 aux_e0 step=237/300 win=0.6116 kl=0.00184 rollout_s=5.41 update_s=1.04
E1 aux_e0 step=238/300 win=0.4821 kl=0.00182 rollout_s=5.09 update_s=1.10
E1 aux_e0 step=239/300 win=0.6071 kl=0.00273 rollout_s=5.08 update_s=1.04
E1 aux_e0 step=240/300 win=0.6027 kl=0.00198 rollout_s=4.98 update_s=1.14
EVAL dev_240 {'games': 448, 'wins': 267, 'win_rate': np.float64(0.5959821428571429), 'mean_cash': np.float64(102342.3125), 'mean_margin': np.float64(7087.035714285715)} nonkeep 7068
E1 aux_e0 step=241/300 win=0.6339 kl=0.00150 rollout_s=5.20 update_s=1.04
E1 aux_e0 step=242/300 win=0.5491 kl=0.00131 rollout_s=4.93 update_s=1.09
E1 aux_e0 step=243/300 win=0.5625 kl=0.00156 rollout_s=4.99 update_s=1.13
E1 aux_e0 step=244/300 win=0.7188 kl=0.00274 rollout_s=4.93 update_s=1.00
E1 aux_e0 step=245/300 win=0.6116 kl=0.00251 rollout_s=4.98 update_s=1.10
E1 aux_e0 step=246/300 win=0.5848 kl=0.00141 rollout_s=5.06 update_s=1.02
E1 aux_e0 step=247/300 win=0.5312 kl=0.00267 rollout_s=5.03 update_s=1.06
E1 aux_e0 step=248/300 win=0.6518 kl=0.00241 rollout_s=5.05 update_s=1.02
E1 aux_e0 step=249/300 win=0.6429 kl=0.00309 rollout_s=4.97 update_s=1.05
E1 aux_e0 step=250/300 win=0.6027 kl=0.00306 rollout_s=5.05 update_s=1.09
E1 aux_e0 step=251/300 win=0.5982 kl=0.00243 rollout_s=4.92 update_s=0.96
E1 aux_e0 step=252/300 win=0.6250 kl=0.00270 rollout_s=5.09 update_s=1.09
E1 aux_e0 step=253/300 win=0.5402 kl=0.00201 rollout_s=4.99 update_s=1.04
E1 aux_e0 step=254/300 win=0.5580 kl=0.00324 rollout_s=4.97 update_s=1.08
E1 aux_e0 step=255/300 win=0.6384 kl=0.00243 rollout_s=4.95 update_s=1.00
E1 aux_e0 step=256/300 win=0.6429 kl=0.00219 rollout_s=4.99 update_s=1.10
E1 aux_e0 step=257/300 win=0.6161 kl=0.00226 rollout_s=5.14 update_s=1.12
E1 aux_e0 step=258/300 win=0.5804 kl=0.00228 rollout_s=4.95 update_s=1.11
E1 aux_e0 step=259/300 win=0.5938 kl=0.00333 rollout_s=4.97 update_s=1.02
E1 aux_e0 step=260/300 win=0.5625 kl=0.00273 rollout_s=5.03 update_s=1.09
EVAL dev_260 {'games': 448, 'wins': 281, 'win_rate': np.float64(0.6272321428571429), 'mean_cash': np.float64(102780.67633928571), 'mean_margin': np.float64(7108.712053571428)} nonkeep 6681
E1 aux_e0 step=261/300 win=0.6071 kl=0.00276 rollout_s=5.07 update_s=1.13
E1 aux_e0 step=262/300 win=0.6027 kl=0.00235 rollout_s=5.00 update_s=1.10
E1 aux_e0 step=263/300 win=0.5804 kl=0.00228 rollout_s=4.96 update_s=1.12
E1 aux_e0 step=264/300 win=0.6830 kl=0.00262 rollout_s=4.97 update_s=1.06
E1 aux_e0 step=265/300 win=0.6429 kl=0.00244 rollout_s=4.99 update_s=0.99
E1 aux_e0 step=266/300 win=0.6205 kl=0.00271 rollout_s=5.15 update_s=1.13
E1 aux_e0 step=267/300 win=0.6562 kl=0.00297 rollout_s=4.93 update_s=0.99
E1 aux_e0 step=268/300 win=0.6741 kl=0.00255 rollout_s=5.08 update_s=1.06
E1 aux_e0 step=269/300 win=0.6295 kl=0.00239 rollout_s=5.07 update_s=1.11
E1 aux_e0 step=270/300 win=0.5357 kl=0.00253 rollout_s=5.04 update_s=1.18
E1 aux_e0 step=271/300 win=0.5670 kl=0.00212 rollout_s=5.23 update_s=1.07
E1 aux_e0 step=272/300 win=0.6161 kl=0.00201 rollout_s=4.98 update_s=1.03
E1 aux_e0 step=273/300 win=0.6295 kl=0.00224 rollout_s=4.95 update_s=1.10
E1 aux_e0 step=274/300 win=0.5580 kl=0.00209 rollout_s=4.95 update_s=1.01
E1 aux_e0 step=275/300 win=0.5759 kl=0.00326 rollout_s=4.95 update_s=1.11
E1 aux_e0 step=276/300 win=0.5491 kl=0.00292 rollout_s=4.98 update_s=1.00
E1 aux_e0 step=277/300 win=0.6027 kl=0.00187 rollout_s=5.00 update_s=1.16
E1 aux_e0 step=278/300 win=0.6205 kl=0.00351 rollout_s=5.08 update_s=1.26
E1 aux_e0 step=279/300 win=0.6830 kl=0.00243 rollout_s=4.99 update_s=1.07
E1 aux_e0 step=280/300 win=0.6384 kl=0.00173 rollout_s=5.03 update_s=1.15
EVAL dev_280 {'games': 448, 'wins': 254, 'win_rate': np.float64(0.5669642857142857), 'mean_cash': np.float64(101889.40848214286), 'mean_margin': np.float64(6805.680803571428)} nonkeep 6692
E1 aux_e0 step=281/300 win=0.6250 kl=0.00232 rollout_s=4.88 update_s=1.08
E1 aux_e0 step=282/300 win=0.6161 kl=0.00255 rollout_s=4.94 update_s=1.09
E1 aux_e0 step=283/300 win=0.6205 kl=0.00222 rollout_s=5.01 update_s=1.04
E1 aux_e0 step=284/300 win=0.7188 kl=0.00237 rollout_s=5.03 update_s=1.18
E1 aux_e0 step=285/300 win=0.6116 kl=0.00148 rollout_s=5.00 update_s=0.94
E1 aux_e0 step=286/300 win=0.5893 kl=0.00243 rollout_s=5.05 update_s=1.06
E1 aux_e0 step=287/300 win=0.6071 kl=0.00262 rollout_s=4.93 update_s=1.08
E1 aux_e0 step=288/300 win=0.5893 kl=0.00270 rollout_s=4.96 update_s=0.95
E1 aux_e0 step=289/300 win=0.6116 kl=0.00237 rollout_s=4.99 update_s=1.20
E1 aux_e0 step=290/300 win=0.6161 kl=0.00230 rollout_s=5.00 update_s=1.05
E1 aux_e0 step=291/300 win=0.5536 kl=0.00220 rollout_s=5.20 update_s=1.13
E1 aux_e0 step=292/300 win=0.6875 kl=0.00225 rollout_s=4.97 update_s=1.09
E1 aux_e0 step=293/300 win=0.5134 kl=0.00225 rollout_s=5.05 update_s=1.11
E1 aux_e0 step=294/300 win=0.5179 kl=0.00174 rollout_s=4.99 update_s=1.10
E1 aux_e0 step=295/300 win=0.5759 kl=0.00232 rollout_s=5.00 update_s=1.05
E1 aux_e0 step=296/300 win=0.5491 kl=0.00227 rollout_s=5.13 update_s=1.03
E1 aux_e0 step=297/300 win=0.5938 kl=0.00293 rollout_s=4.92 update_s=0.97
E1 aux_e0 step=298/300 win=0.6161 kl=0.00267 rollout_s=4.96 update_s=1.17
E1 aux_e0 step=299/300 win=0.5536 kl=0.00300 rollout_s=4.97 update_s=1.06
E1 aux_e0 step=300/300 win=0.6250 kl=0.00262 rollout_s=5.02 update_s=1.08
EVAL dev_300 {'games': 448, 'wins': 266, 'win_rate': np.float64(0.59375), 'mean_cash': np.float64(101771.19866071429), 'mean_margin': np.float64(6572.792410714285)} nonkeep 6106
EVAL final_test {'games': 1400, 'wins': 837, 'win_rate': np.float64(0.5978571428571429), 'mean_cash': np.float64(100948.47285714286), 'mean_margin': np.float64(7692.056428571429)} nonkeep 19615
E1_REPEAT_COMPLETE aux_e0 final_test_win_rate=0.5979
E1 aux_e1 step=1/300 win=0.4732 kl=0.00003 rollout_s=4.93 update_s=1.15
E1 aux_e1 step=2/300 win=0.4911 kl=0.00004 rollout_s=5.04 update_s=1.13
E1 aux_e1 step=3/300 win=0.4375 kl=0.00011 rollout_s=5.06 update_s=0.95
E1 aux_e1 step=4/300 win=0.5223 kl=0.00104 rollout_s=5.37 update_s=1.04
E1 aux_e1 step=5/300 win=0.4777 kl=0.00050 rollout_s=5.11 update_s=1.10
E1 aux_e1 step=6/300 win=0.5446 kl=0.00151 rollout_s=4.93 update_s=1.05
E1 aux_e1 step=7/300 win=0.4732 kl=0.00496 rollout_s=4.96 update_s=1.18
E1 aux_e1 step=8/300 win=0.5000 kl=0.00204 rollout_s=5.00 update_s=1.02
E1 aux_e1 step=9/300 win=0.4777 kl=0.00254 rollout_s=4.96 update_s=1.07
E1 aux_e1 step=10/300 win=0.5268 kl=0.00246 rollout_s=5.06 update_s=1.00
E1 aux_e1 step=11/300 win=0.5714 kl=0.00131 rollout_s=4.96 update_s=1.11
E1 aux_e1 step=12/300 win=0.4911 kl=0.00529 rollout_s=4.93 update_s=1.00
E1 aux_e1 step=13/300 win=0.4866 kl=0.00158 rollout_s=4.90 update_s=1.03
E1 aux_e1 step=14/300 win=0.5357 kl=0.00328 rollout_s=4.97 update_s=1.13
E1 aux_e1 step=15/300 win=0.5179 kl=0.00185 rollout_s=4.96 update_s=1.10
E1 aux_e1 step=16/300 win=0.5357 kl=0.00170 rollout_s=5.08 update_s=0.98
E1 aux_e1 step=17/300 win=0.5134 kl=0.00151 rollout_s=4.96 update_s=1.20
E1 aux_e1 step=18/300 win=0.5089 kl=0.00240 rollout_s=5.04 update_s=1.05
E1 aux_e1 step=19/300 win=0.5536 kl=0.00401 rollout_s=5.01 update_s=1.18
E1 aux_e1 step=20/300 win=0.5179 kl=0.00131 rollout_s=5.00 update_s=1.05
EVAL dev_020 {'games': 448, 'wins': 274, 'win_rate': np.float64(0.6116071428571429), 'mean_cash': np.float64(104061.43303571429), 'mean_margin': np.float64(7783.805803571428)} nonkeep 0
E1 aux_e1 step=21/300 win=0.6027 kl=0.00146 rollout_s=5.00 update_s=1.15
E1 aux_e1 step=22/300 win=0.5580 kl=0.00281 rollout_s=4.96 update_s=1.08
E1 aux_e1 step=23/300 win=0.5580 kl=0.00270 rollout_s=4.94 update_s=0.98
E1 aux_e1 step=24/300 win=0.5714 kl=0.00227 rollout_s=5.02 update_s=1.08
E1 aux_e1 step=25/300 win=0.4955 kl=0.00168 rollout_s=5.07 update_s=1.07
E1 aux_e1 step=26/300 win=0.5804 kl=0.00310 rollout_s=4.92 update_s=1.02
E1 aux_e1 step=27/300 win=0.6027 kl=0.00286 rollout_s=5.01 update_s=1.05
E1 aux_e1 step=28/300 win=0.5759 kl=0.00069 rollout_s=4.94 update_s=1.11
E1 aux_e1 step=29/300 win=0.5893 kl=0.00138 rollout_s=4.95 update_s=1.05
E1 aux_e1 step=30/300 win=0.5759 kl=0.00193 rollout_s=5.17 update_s=1.06
E1 aux_e1 step=31/300 win=0.5938 kl=0.00139 rollout_s=4.90 update_s=1.12
E1 aux_e1 step=32/300 win=0.5625 kl=0.00124 rollout_s=5.02 update_s=1.03
E1 aux_e1 step=33/300 win=0.5223 kl=0.00131 rollout_s=5.00 update_s=1.13
E1 aux_e1 step=34/300 win=0.6027 kl=0.00160 rollout_s=5.01 update_s=1.07
E1 aux_e1 step=35/300 win=0.5045 kl=0.00181 rollout_s=5.14 update_s=1.07
E1 aux_e1 step=36/300 win=0.5893 kl=0.00139 rollout_s=5.02 update_s=1.06
E1 aux_e1 step=37/300 win=0.5759 kl=0.00171 rollout_s=4.98 update_s=1.15
E1 aux_e1 step=38/300 win=0.6250 kl=0.00362 rollout_s=5.01 update_s=1.10
E1 aux_e1 step=39/300 win=0.6116 kl=0.00040 rollout_s=4.97 update_s=1.05
E1 aux_e1 step=40/300 win=0.6116 kl=0.00147 rollout_s=5.03 update_s=0.99
EVAL dev_040 {'games': 448, 'wins': 274, 'win_rate': np.float64(0.6116071428571429), 'mean_cash': np.float64(104061.43303571429), 'mean_margin': np.float64(7783.805803571428)} nonkeep 0
E1 aux_e1 step=41/300 win=0.5402 kl=0.00211 rollout_s=4.98 update_s=1.04
E1 aux_e1 step=42/300 win=0.6295 kl=0.00209 rollout_s=4.98 update_s=1.11
E1 aux_e1 step=43/300 win=0.6027 kl=0.00147 rollout_s=5.01 update_s=1.15
E1 aux_e1 step=44/300 win=0.6518 kl=0.00222 rollout_s=5.05 update_s=1.08
E1 aux_e1 step=45/300 win=0.5804 kl=0.00228 rollout_s=5.06 update_s=1.09
E1 aux_e1 step=46/300 win=0.5446 kl=0.00231 rollout_s=4.96 update_s=1.08
E1 aux_e1 step=47/300 win=0.5848 kl=0.00346 rollout_s=4.91 update_s=1.00
E1 aux_e1 step=48/300 win=0.5045 kl=0.00231 rollout_s=5.07 update_s=1.07
E1 aux_e1 step=49/300 win=0.5580 kl=0.00260 rollout_s=5.21 update_s=1.09
E1 aux_e1 step=50/300 win=0.6562 kl=0.00323 rollout_s=5.05 update_s=0.98
E1 aux_e1 step=51/300 win=0.5580 kl=0.00398 rollout_s=4.94 update_s=1.12
E1 aux_e1 step=52/300 win=0.6116 kl=0.00297 rollout_s=4.97 update_s=1.28
E1 aux_e1 step=53/300 win=0.5312 kl=0.00311 rollout_s=5.05 update_s=1.08
E1 aux_e1 step=54/300 win=0.5848 kl=0.00290 rollout_s=4.96 update_s=1.03
E1 aux_e1 step=55/300 win=0.5268 kl=0.00281 rollout_s=5.31 update_s=1.09
E1 aux_e1 step=56/300 win=0.5536 kl=0.00116 rollout_s=5.06 update_s=1.00
E1 aux_e1 step=57/300 win=0.6116 kl=0.00422 rollout_s=4.95 update_s=1.17
E1 aux_e1 step=58/300 win=0.5134 kl=0.00186 rollout_s=5.03 update_s=1.01
E1 aux_e1 step=59/300 win=0.6250 kl=0.00193 rollout_s=4.98 update_s=1.12
E1 aux_e1 step=60/300 win=0.5580 kl=0.00535 rollout_s=5.14 update_s=1.07
EVAL dev_060 {'games': 448, 'wins': 270, 'win_rate': np.float64(0.6026785714285714), 'mean_cash': np.float64(102089.33705357143), 'mean_margin': np.float64(6815.966517857143)} nonkeep 3464
E1 aux_e1 step=61/300 win=0.6027 kl=0.00134 rollout_s=5.00 update_s=1.06
E1 aux_e1 step=62/300 win=0.5759 kl=0.00488 rollout_s=5.00 update_s=1.16
E1 aux_e1 step=63/300 win=0.5804 kl=0.00178 rollout_s=5.08 update_s=1.13
E1 aux_e1 step=64/300 win=0.5759 kl=0.00355 rollout_s=5.22 update_s=1.21
E1 aux_e1 step=65/300 win=0.5536 kl=0.00240 rollout_s=4.91 update_s=1.09
E1 aux_e1 step=66/300 win=0.5268 kl=0.00103 rollout_s=4.91 update_s=1.26
E1 aux_e1 step=67/300 win=0.5179 kl=0.00254 rollout_s=4.99 update_s=1.00
E1 aux_e1 step=68/300 win=0.6027 kl=0.00213 rollout_s=4.95 update_s=1.05
E1 aux_e1 step=69/300 win=0.5804 kl=0.00478 rollout_s=5.26 update_s=1.08
E1 aux_e1 step=70/300 win=0.5580 kl=0.00295 rollout_s=5.01 update_s=1.05
E1 aux_e1 step=71/300 win=0.5714 kl=0.00377 rollout_s=4.98 update_s=1.09
E1 aux_e1 step=72/300 win=0.5938 kl=0.00551 rollout_s=4.99 update_s=1.03
E1 aux_e1 step=73/300 win=0.5446 kl=0.00441 rollout_s=5.01 update_s=1.15
E1 aux_e1 step=74/300 win=0.5938 kl=0.00232 rollout_s=5.05 update_s=1.01
E1 aux_e1 step=75/300 win=0.5402 kl=0.00294 rollout_s=4.94 update_s=1.09
E1 aux_e1 step=76/300 win=0.5089 kl=0.00485 rollout_s=4.96 update_s=1.16
E1 aux_e1 step=77/300 win=0.5759 kl=0.00248 rollout_s=5.05 update_s=1.09
E1 aux_e1 step=78/300 win=0.5312 kl=0.00497 rollout_s=4.93 update_s=1.13
E1 aux_e1 step=79/300 win=0.5893 kl=0.00234 rollout_s=5.01 update_s=1.00
E1 aux_e1 step=80/300 win=0.5938 kl=0.00354 rollout_s=5.05 update_s=1.14
EVAL dev_080 {'games': 448, 'wins': 239, 'win_rate': np.float64(0.5334821428571429), 'mean_cash': np.float64(100666.90848214286), 'mean_margin': np.float64(5769.316964285715)} nonkeep 4124
E1 aux_e1 step=81/300 win=0.5848 kl=0.00337 rollout_s=5.04 update_s=0.97
E1 aux_e1 step=82/300 win=0.5134 kl=0.00293 rollout_s=4.88 update_s=1.20
E1 aux_e1 step=83/300 win=0.5670 kl=0.00216 rollout_s=5.08 update_s=1.07
E1 aux_e1 step=84/300 win=0.5580 kl=0.00266 rollout_s=5.10 update_s=1.05
E1 aux_e1 step=85/300 win=0.5089 kl=0.00226 rollout_s=5.40 update_s=1.03
E1 aux_e1 step=86/300 win=0.5223 kl=0.00299 rollout_s=5.25 update_s=1.11
E1 aux_e1 step=87/300 win=0.6161 kl=0.00168 rollout_s=5.43 update_s=1.08
E1 aux_e1 step=88/300 win=0.5848 kl=0.00331 rollout_s=5.49 update_s=0.96
E1 aux_e1 step=89/300 win=0.5536 kl=0.00316 rollout_s=5.38 update_s=1.14
E1 aux_e1 step=90/300 win=0.5268 kl=0.00142 rollout_s=5.36 update_s=1.02
E1 aux_e1 step=91/300 win=0.6607 kl=0.00139 rollout_s=5.36 update_s=0.98
E1 aux_e1 step=92/300 win=0.5179 kl=0.00374 rollout_s=5.35 update_s=0.97
E1 aux_e1 step=93/300 win=0.5357 kl=0.00281 rollout_s=5.43 update_s=1.03
E1 aux_e1 step=94/300 win=0.5982 kl=0.00352 rollout_s=5.28 update_s=1.07
E1 aux_e1 step=95/300 win=0.5893 kl=0.00182 rollout_s=5.33 update_s=1.11
E1 aux_e1 step=96/300 win=0.5625 kl=0.00311 rollout_s=5.61 update_s=1.07
E1 aux_e1 step=97/300 win=0.5848 kl=0.00441 rollout_s=5.45 update_s=1.03
E1 aux_e1 step=98/300 win=0.5759 kl=0.00296 rollout_s=5.47 update_s=1.05
E1 aux_e1 step=99/300 win=0.5804 kl=0.00377 rollout_s=5.32 update_s=0.99
E1 aux_e1 step=100/300 win=0.5982 kl=0.00484 rollout_s=5.31 update_s=1.01
EVAL dev_100 {'games': 448, 'wins': 253, 'win_rate': np.float64(0.5647321428571429), 'mean_cash': np.float64(100058.10044642857), 'mean_margin': np.float64(5886.600446428572)} nonkeep 4928
E1 aux_e1 step=101/300 win=0.5000 kl=0.00361 rollout_s=5.32 update_s=1.06
E1 aux_e1 step=102/300 win=0.4554 kl=0.00198 rollout_s=5.48 update_s=0.98
E1 aux_e1 step=103/300 win=0.6384 kl=0.00364 rollout_s=5.33 update_s=1.02
E1 aux_e1 step=104/300 win=0.5625 kl=0.00452 rollout_s=5.44 update_s=1.03
E1 aux_e1 step=105/300 win=0.5714 kl=0.00337 rollout_s=5.37 update_s=0.93
E1 aux_e1 step=106/300 win=0.5402 kl=0.00471 rollout_s=5.41 update_s=1.01
E1 aux_e1 step=107/300 win=0.6250 kl=0.00182 rollout_s=5.57 update_s=1.01
E1 aux_e1 step=108/300 win=0.5670 kl=0.00367 rollout_s=5.40 update_s=0.99
E1 aux_e1 step=109/300 win=0.5848 kl=0.00246 rollout_s=5.34 update_s=0.95
E1 aux_e1 step=110/300 win=0.5312 kl=0.00472 rollout_s=5.32 update_s=1.05
E1 aux_e1 step=111/300 win=0.5625 kl=0.00351 rollout_s=5.56 update_s=1.00
E1 aux_e1 step=112/300 win=0.5670 kl=0.00281 rollout_s=5.50 update_s=1.00
E1 aux_e1 step=113/300 win=0.6295 kl=0.00380 rollout_s=5.36 update_s=1.03
E1 aux_e1 step=114/300 win=0.6205 kl=0.00302 rollout_s=5.38 update_s=1.06
E1 aux_e1 step=115/300 win=0.5446 kl=0.00317 rollout_s=5.33 update_s=1.06
E1 aux_e1 step=116/300 win=0.5491 kl=0.00113 rollout_s=5.29 update_s=0.98
E1 aux_e1 step=117/300 win=0.5759 kl=0.00333 rollout_s=5.57 update_s=1.01
E1 aux_e1 step=118/300 win=0.5223 kl=0.00388 rollout_s=5.37 update_s=0.99
E1 aux_e1 step=119/300 win=0.6295 kl=0.00364 rollout_s=5.27 update_s=0.99
E1 aux_e1 step=120/300 win=0.5625 kl=0.00476 rollout_s=5.33 update_s=0.95
EVAL dev_120 {'games': 448, 'wins': 246, 'win_rate': np.float64(0.5491071428571429), 'mean_cash': np.float64(99849.27232142857), 'mean_margin': np.float64(5647.051339285715)} nonkeep 6016
E1 aux_e1 step=121/300 win=0.6205 kl=0.00244 rollout_s=5.35 update_s=0.99
E1 aux_e1 step=122/300 win=0.5714 kl=0.00272 rollout_s=5.35 update_s=1.04
E1 aux_e1 step=123/300 win=0.5982 kl=0.00389 rollout_s=5.32 update_s=1.03
E1 aux_e1 step=124/300 win=0.5134 kl=0.00287 rollout_s=5.33 update_s=0.99
E1 aux_e1 step=125/300 win=0.4911 kl=0.00275 rollout_s=5.49 update_s=0.97
E1 aux_e1 step=126/300 win=0.5312 kl=0.00105 rollout_s=5.35 update_s=1.01
E1 aux_e1 step=127/300 win=0.5893 kl=0.00254 rollout_s=5.34 update_s=0.99
E1 aux_e1 step=128/300 win=0.6250 kl=0.00344 rollout_s=5.33 update_s=1.06
E1 aux_e1 step=129/300 win=0.5938 kl=0.00284 rollout_s=5.29 update_s=1.00
E1 aux_e1 step=130/300 win=0.5982 kl=0.00242 rollout_s=5.43 update_s=0.96
E1 aux_e1 step=131/300 win=0.5000 kl=0.00297 rollout_s=5.31 update_s=0.98
E1 aux_e1 step=132/300 win=0.5625 kl=0.00330 rollout_s=5.07 update_s=1.05
E1 aux_e1 step=133/300 win=0.5312 kl=0.00311 rollout_s=5.02 update_s=1.15
E1 aux_e1 step=134/300 win=0.5670 kl=0.00337 rollout_s=5.00 update_s=1.08
E1 aux_e1 step=135/300 win=0.5625 kl=0.00425 rollout_s=5.00 update_s=1.00
E1 aux_e1 step=136/300 win=0.6116 kl=0.00317 rollout_s=5.12 update_s=1.15
E1 aux_e1 step=137/300 win=0.6071 kl=0.00364 rollout_s=5.00 update_s=1.09
E1 aux_e1 step=138/300 win=0.6161 kl=0.00292 rollout_s=5.02 update_s=1.17
E1 aux_e1 step=139/300 win=0.6562 kl=0.00283 rollout_s=4.93 update_s=1.17
E1 aux_e1 step=140/300 win=0.5536 kl=0.00477 rollout_s=4.99 update_s=1.13
EVAL dev_140 {'games': 448, 'wins': 250, 'win_rate': np.float64(0.5580357142857143), 'mean_cash': np.float64(102043.52901785714), 'mean_margin': np.float64(7094.560267857143)} nonkeep 7541
E1 aux_e1 step=141/300 win=0.6339 kl=0.00284 rollout_s=4.95 update_s=1.13
E1 aux_e1 step=142/300 win=0.5759 kl=0.00545 rollout_s=5.21 update_s=1.21
E1 aux_e1 step=143/300 win=0.6205 kl=0.00291 rollout_s=5.14 update_s=1.09
E1 aux_e1 step=144/300 win=0.5491 kl=0.00273 rollout_s=5.01 update_s=0.94
E1 aux_e1 step=145/300 win=0.5714 kl=0.00281 rollout_s=5.00 update_s=1.24
E1 aux_e1 step=146/300 win=0.5625 kl=0.00269 rollout_s=4.92 update_s=1.03
E1 aux_e1 step=147/300 win=0.6250 kl=0.00274 rollout_s=4.92 update_s=1.04
E1 aux_e1 step=148/300 win=0.5893 kl=0.00436 rollout_s=4.99 update_s=1.09
E1 aux_e1 step=149/300 win=0.5580 kl=0.00139 rollout_s=5.01 update_s=1.02
E1 aux_e1 step=150/300 win=0.5670 kl=0.00357 rollout_s=5.17 update_s=1.17
E1 aux_e1 step=151/300 win=0.6071 kl=0.00151 rollout_s=5.00 update_s=1.05
E1 aux_e1 step=152/300 win=0.5625 kl=0.00297 rollout_s=5.00 update_s=1.18
E1 aux_e1 step=153/300 win=0.6339 kl=0.00200 rollout_s=4.99 update_s=1.18
E1 aux_e1 step=154/300 win=0.5491 kl=0.00218 rollout_s=5.06 update_s=1.17
E1 aux_e1 step=155/300 win=0.5759 kl=0.00277 rollout_s=5.12 update_s=1.17
E1 aux_e1 step=156/300 win=0.5491 kl=0.00327 rollout_s=4.96 update_s=1.08
E1 aux_e1 step=157/300 win=0.6116 kl=0.00405 rollout_s=4.93 update_s=1.15
E1 aux_e1 step=158/300 win=0.6071 kl=0.00352 rollout_s=5.03 update_s=1.12
E1 aux_e1 step=159/300 win=0.6071 kl=0.00229 rollout_s=4.96 update_s=1.16
E1 aux_e1 step=160/300 win=0.6027 kl=0.00235 rollout_s=5.03 update_s=1.02
EVAL dev_160 {'games': 448, 'wins': 247, 'win_rate': np.float64(0.5513392857142857), 'mean_cash': np.float64(101530.41517857143), 'mean_margin': np.float64(5495.129464285715)} nonkeep 3740
E1 aux_e1 step=161/300 win=0.5804 kl=0.00304 rollout_s=5.01 update_s=1.05
E1 aux_e1 step=162/300 win=0.6250 kl=0.00403 rollout_s=5.05 update_s=1.12
E1 aux_e1 step=163/300 win=0.6161 kl=0.00189 rollout_s=4.93 update_s=1.13
E1 aux_e1 step=164/300 win=0.6027 kl=0.00286 rollout_s=5.15 update_s=1.10
E1 aux_e1 step=165/300 win=0.5848 kl=0.00392 rollout_s=4.94 update_s=1.06
E1 aux_e1 step=166/300 win=0.5446 kl=0.00348 rollout_s=5.03 update_s=1.21
E1 aux_e1 step=167/300 win=0.5446 kl=0.00341 rollout_s=5.01 update_s=1.22
E1 aux_e1 step=168/300 win=0.6339 kl=0.00284 rollout_s=4.98 update_s=0.98
E1 aux_e1 step=169/300 win=0.5223 kl=0.00331 rollout_s=5.05 update_s=1.06
E1 aux_e1 step=170/300 win=0.5536 kl=0.00353 rollout_s=5.02 update_s=1.06
E1 aux_e1 step=171/300 win=0.5625 kl=0.00300 rollout_s=4.98 update_s=1.18
E1 aux_e1 step=172/300 win=0.6071 kl=0.00248 rollout_s=4.87 update_s=1.04
E1 aux_e1 step=173/300 win=0.5536 kl=0.00190 rollout_s=4.98 update_s=1.08
E1 aux_e1 step=174/300 win=0.6071 kl=0.00291 rollout_s=5.02 update_s=1.07
E1 aux_e1 step=175/300 win=0.6295 kl=0.00215 rollout_s=5.02 update_s=1.00
E1 aux_e1 step=176/300 win=0.5893 kl=0.00449 rollout_s=4.91 update_s=1.11
E1 aux_e1 step=177/300 win=0.5670 kl=0.00225 rollout_s=4.89 update_s=1.13
E1 aux_e1 step=178/300 win=0.5223 kl=0.00350 rollout_s=4.94 update_s=1.12
E1 aux_e1 step=179/300 win=0.5893 kl=0.00348 rollout_s=5.02 update_s=1.17
E1 aux_e1 step=180/300 win=0.5580 kl=0.00296 rollout_s=5.17 update_s=1.10
EVAL dev_180 {'games': 448, 'wins': 254, 'win_rate': np.float64(0.5669642857142857), 'mean_cash': np.float64(100632.37276785714), 'mean_margin': np.float64(6394.328125)} nonkeep 2502
E1 aux_e1 step=181/300 win=0.5312 kl=0.00259 rollout_s=4.98 update_s=1.09
E1 aux_e1 step=182/300 win=0.6250 kl=0.00223 rollout_s=4.88 update_s=1.04
E1 aux_e1 step=183/300 win=0.5759 kl=0.00272 rollout_s=4.92 update_s=1.09
E1 aux_e1 step=184/300 win=0.5625 kl=0.00234 rollout_s=5.08 update_s=1.06
E1 aux_e1 step=185/300 win=0.6473 kl=0.00268 rollout_s=5.41 update_s=1.05
E1 aux_e1 step=186/300 win=0.5536 kl=0.00204 rollout_s=4.98 update_s=1.02
E1 aux_e1 step=187/300 win=0.6071 kl=0.00214 rollout_s=4.94 update_s=1.00
E1 aux_e1 step=188/300 win=0.5804 kl=0.00226 rollout_s=5.18 update_s=1.08
E1 aux_e1 step=189/300 win=0.6161 kl=0.00122 rollout_s=5.17 update_s=0.94
E1 aux_e1 step=190/300 win=0.5804 kl=0.00297 rollout_s=4.89 update_s=1.11
E1 aux_e1 step=191/300 win=0.6518 kl=0.00251 rollout_s=4.87 update_s=1.05
E1 aux_e1 step=192/300 win=0.6071 kl=0.00222 rollout_s=4.88 update_s=1.04
E1 aux_e1 step=193/300 win=0.6161 kl=0.00383 rollout_s=4.99 update_s=1.05
E1 aux_e1 step=194/300 win=0.6116 kl=0.00302 rollout_s=5.11 update_s=1.07
E1 aux_e1 step=195/300 win=0.5893 kl=0.00290 rollout_s=5.00 update_s=1.20
E1 aux_e1 step=196/300 win=0.5804 kl=0.00370 rollout_s=5.00 update_s=1.09
E1 aux_e1 step=197/300 win=0.6295 kl=0.00269 rollout_s=4.93 update_s=1.02
E1 aux_e1 step=198/300 win=0.6384 kl=0.00322 rollout_s=4.96 update_s=1.02
E1 aux_e1 step=199/300 win=0.5982 kl=0.00374 rollout_s=5.00 update_s=0.97
E1 aux_e1 step=200/300 win=0.5938 kl=0.00336 rollout_s=5.33 update_s=1.08
EVAL dev_200 {'games': 448, 'wins': 250, 'win_rate': np.float64(0.5580357142857143), 'mean_cash': np.float64(100931.25446428571), 'mean_margin': np.float64(5574.544642857143)} nonkeep 5462
E1 aux_e1 step=201/300 win=0.6205 kl=0.00356 rollout_s=4.98 update_s=1.04
E1 aux_e1 step=202/300 win=0.5580 kl=0.00336 rollout_s=5.00 update_s=1.14
E1 aux_e1 step=203/300 win=0.6518 kl=0.00172 rollout_s=5.07 update_s=1.11
E1 aux_e1 step=204/300 win=0.5804 kl=0.00419 rollout_s=4.91 update_s=1.05
E1 aux_e1 step=205/300 win=0.6071 kl=0.00187 rollout_s=4.94 update_s=1.13
E1 aux_e1 step=206/300 win=0.6250 kl=0.00332 rollout_s=4.96 update_s=1.01
E1 aux_e1 step=207/300 win=0.6250 kl=0.00190 rollout_s=5.30 update_s=0.99
E1 aux_e1 step=208/300 win=0.5848 kl=0.00407 rollout_s=5.01 update_s=0.99
E1 aux_e1 step=209/300 win=0.6562 kl=0.00464 rollout_s=5.05 update_s=1.01
E1 aux_e1 step=210/300 win=0.5982 kl=0.00328 rollout_s=5.04 update_s=1.06
E1 aux_e1 step=211/300 win=0.5670 kl=0.00292 rollout_s=4.96 update_s=0.98
E1 aux_e1 step=212/300 win=0.6161 kl=0.00233 rollout_s=4.92 update_s=1.22
E1 aux_e1 step=213/300 win=0.6205 kl=0.00258 rollout_s=4.97 update_s=1.06
E1 aux_e1 step=214/300 win=0.5491 kl=0.00248 rollout_s=5.09 update_s=1.07
E1 aux_e1 step=215/300 win=0.6384 kl=0.00356 rollout_s=5.01 update_s=1.19
E1 aux_e1 step=216/300 win=0.5268 kl=0.00300 rollout_s=4.95 update_s=1.01
E1 aux_e1 step=217/300 win=0.5759 kl=0.00242 rollout_s=4.91 update_s=1.10
E1 aux_e1 step=218/300 win=0.6652 kl=0.00341 rollout_s=4.98 update_s=1.12
E1 aux_e1 step=219/300 win=0.6205 kl=0.00371 rollout_s=5.02 update_s=1.03
E1 aux_e1 step=220/300 win=0.5446 kl=0.00159 rollout_s=4.98 update_s=1.19
EVAL dev_220 {'games': 448, 'wins': 255, 'win_rate': np.float64(0.5691964285714286), 'mean_cash': np.float64(101909.37946428571), 'mean_margin': np.float64(6093.207589285715)} nonkeep 6748
E1 aux_e1 step=221/300 win=0.6652 kl=0.00352 rollout_s=5.03 update_s=0.98
E1 aux_e1 step=222/300 win=0.5982 kl=0.00319 rollout_s=4.92 update_s=1.01
E1 aux_e1 step=223/300 win=0.6295 kl=0.00245 rollout_s=5.14 update_s=1.08
E1 aux_e1 step=224/300 win=0.6518 kl=0.00201 rollout_s=5.00 update_s=1.11
E1 aux_e1 step=225/300 win=0.6295 kl=0.00269 rollout_s=4.95 update_s=1.09
E1 aux_e1 step=226/300 win=0.5804 kl=0.00193 rollout_s=4.96 update_s=1.10
E1 aux_e1 step=227/300 win=0.6295 kl=0.00387 rollout_s=5.02 update_s=1.23
E1 aux_e1 step=228/300 win=0.6652 kl=0.00263 rollout_s=5.13 update_s=1.07
E1 aux_e1 step=229/300 win=0.5804 kl=0.00208 rollout_s=4.90 update_s=1.05
E1 aux_e1 step=230/300 win=0.6116 kl=0.00388 rollout_s=4.98 update_s=1.12
E1 aux_e1 step=231/300 win=0.5670 kl=0.00408 rollout_s=4.99 update_s=1.17
E1 aux_e1 step=232/300 win=0.6161 kl=0.00310 rollout_s=4.94 update_s=1.12
E1 aux_e1 step=233/300 win=0.6205 kl=0.00313 rollout_s=5.01 update_s=1.03
E1 aux_e1 step=234/300 win=0.6116 kl=0.00384 rollout_s=5.13 update_s=1.07
E1 aux_e1 step=235/300 win=0.5804 kl=0.00185 rollout_s=4.92 update_s=1.19
E1 aux_e1 step=236/300 win=0.5893 kl=0.00283 rollout_s=5.00 update_s=1.15
E1 aux_e1 step=237/300 win=0.5893 kl=0.00200 rollout_s=4.98 update_s=1.21
E1 aux_e1 step=238/300 win=0.5759 kl=0.00209 rollout_s=5.02 update_s=1.06
E1 aux_e1 step=239/300 win=0.6250 kl=0.00254 rollout_s=5.19 update_s=1.08
E1 aux_e1 step=240/300 win=0.6339 kl=0.00304 rollout_s=4.99 update_s=1.11
EVAL dev_240 {'games': 448, 'wins': 245, 'win_rate': np.float64(0.546875), 'mean_cash': np.float64(100905.078125), 'mean_margin': np.float64(5841.345982142857)} nonkeep 8344
E1 aux_e1 step=241/300 win=0.6027 kl=0.00341 rollout_s=5.03 update_s=1.10
E1 aux_e1 step=242/300 win=0.6161 kl=0.00245 rollout_s=5.03 update_s=1.08
E1 aux_e1 step=243/300 win=0.6071 kl=0.00210 rollout_s=5.10 update_s=1.08
E1 aux_e1 step=244/300 win=0.6429 kl=0.00264 rollout_s=5.02 update_s=1.09
E1 aux_e1 step=245/300 win=0.5893 kl=0.00396 rollout_s=4.95 update_s=1.12
E1 aux_e1 step=246/300 win=0.6205 kl=0.00267 rollout_s=5.18 update_s=1.14
E1 aux_e1 step=247/300 win=0.6250 kl=0.00449 rollout_s=4.94 update_s=1.08
E1 aux_e1 step=248/300 win=0.5893 kl=0.00292 rollout_s=5.08 update_s=1.03
E1 aux_e1 step=249/300 win=0.6786 kl=0.00325 rollout_s=5.05 update_s=1.19
E1 aux_e1 step=250/300 win=0.5759 kl=0.00286 rollout_s=4.90 update_s=1.05
E1 aux_e1 step=251/300 win=0.6696 kl=0.00309 rollout_s=4.97 update_s=1.06
E1 aux_e1 step=252/300 win=0.6607 kl=0.00319 rollout_s=5.24 update_s=1.02
E1 aux_e1 step=253/300 win=0.6652 kl=0.00366 rollout_s=5.48 update_s=1.02
E1 aux_e1 step=254/300 win=0.6384 kl=0.00378 rollout_s=5.28 update_s=1.12
E1 aux_e1 step=255/300 win=0.6562 kl=0.00340 rollout_s=5.25 update_s=1.08
E1 aux_e1 step=256/300 win=0.6161 kl=0.00403 rollout_s=5.34 update_s=1.23
E1 aux_e1 step=257/300 win=0.5893 kl=0.00324 rollout_s=5.68 update_s=1.10
E1 aux_e1 step=258/300 win=0.5804 kl=0.00356 rollout_s=5.63 update_s=1.07
E1 aux_e1 step=259/300 win=0.6518 kl=0.00369 rollout_s=4.98 update_s=1.16
E1 aux_e1 step=260/300 win=0.5848 kl=0.00470 rollout_s=5.22 update_s=1.04
EVAL dev_260 {'games': 448, 'wins': 255, 'win_rate': np.float64(0.5691964285714286), 'mean_cash': np.float64(99225.69642857143), 'mean_margin': np.float64(6866.055803571428)} nonkeep 7810
E1 aux_e1 step=261/300 win=0.5580 kl=0.00347 rollout_s=5.09 update_s=1.12
E1 aux_e1 step=262/300 win=0.6250 kl=0.00227 rollout_s=4.98 update_s=1.21
E1 aux_e1 step=263/300 win=0.5804 kl=0.00280 rollout_s=4.93 update_s=1.21
E1 aux_e1 step=264/300 win=0.6161 kl=0.00298 rollout_s=4.94 update_s=1.16
E1 aux_e1 step=265/300 win=0.6161 kl=0.00265 rollout_s=4.98 update_s=1.12
E1 aux_e1 step=266/300 win=0.6161 kl=0.00254 rollout_s=4.99 update_s=1.00
E1 aux_e1 step=267/300 win=0.5804 kl=0.00319 rollout_s=5.04 update_s=1.16
E1 aux_e1 step=268/300 win=0.6205 kl=0.00248 rollout_s=4.95 update_s=1.16
E1 aux_e1 step=269/300 win=0.5938 kl=0.00227 rollout_s=4.98 update_s=1.05
E1 aux_e1 step=270/300 win=0.6384 kl=0.00263 rollout_s=4.97 update_s=1.25
E1 aux_e1 step=271/300 win=0.5804 kl=0.00330 rollout_s=5.02 update_s=1.06
E1 aux_e1 step=272/300 win=0.6562 kl=0.00301 rollout_s=5.11 update_s=1.07
E1 aux_e1 step=273/300 win=0.6116 kl=0.00202 rollout_s=4.98 update_s=1.07
E1 aux_e1 step=274/300 win=0.6027 kl=0.00213 rollout_s=4.92 update_s=1.09
E1 aux_e1 step=275/300 win=0.6116 kl=0.00260 rollout_s=4.99 update_s=1.17
E1 aux_e1 step=276/300 win=0.6116 kl=0.00347 rollout_s=4.95 update_s=1.15
E1 aux_e1 step=277/300 win=0.5134 kl=0.00242 rollout_s=5.05 update_s=1.17
E1 aux_e1 step=278/300 win=0.6071 kl=0.00239 rollout_s=4.93 update_s=1.02
E1 aux_e1 step=279/300 win=0.6027 kl=0.00240 rollout_s=5.05 update_s=1.10
E1 aux_e1 step=280/300 win=0.6027 kl=0.00329 rollout_s=4.98 update_s=1.06
EVAL dev_280 {'games': 448, 'wins': 256, 'win_rate': np.float64(0.5714285714285714), 'mean_cash': np.float64(99974.23214285714), 'mean_margin': np.float64(6540.397321428572)} nonkeep 6947
E1 aux_e1 step=281/300 win=0.6071 kl=0.00264 rollout_s=5.17 update_s=1.07
E1 aux_e1 step=282/300 win=0.5893 kl=0.00328 rollout_s=4.98 update_s=1.12
E1 aux_e1 step=283/300 win=0.6116 kl=0.00280 rollout_s=5.01 update_s=1.09
E1 aux_e1 step=284/300 win=0.5982 kl=0.00386 rollout_s=5.12 update_s=1.09
E1 aux_e1 step=285/300 win=0.5536 kl=0.00303 rollout_s=4.97 update_s=1.02
E1 aux_e1 step=286/300 win=0.6071 kl=0.00220 rollout_s=5.13 update_s=1.26
E1 aux_e1 step=287/300 win=0.5179 kl=0.00170 rollout_s=4.93 update_s=1.06
E1 aux_e1 step=288/300 win=0.5848 kl=0.00281 rollout_s=5.01 update_s=1.11
E1 aux_e1 step=289/300 win=0.6429 kl=0.00225 rollout_s=5.06 update_s=1.11
E1 aux_e1 step=290/300 win=0.6250 kl=0.00258 rollout_s=4.88 update_s=1.03
E1 aux_e1 step=291/300 win=0.6518 kl=0.00338 rollout_s=5.01 update_s=1.02
E1 aux_e1 step=292/300 win=0.6741 kl=0.00317 rollout_s=5.00 update_s=0.99
E1 aux_e1 step=293/300 win=0.6696 kl=0.00452 rollout_s=4.98 update_s=1.12
E1 aux_e1 step=294/300 win=0.5357 kl=0.00253 rollout_s=4.96 update_s=0.99
E1 aux_e1 step=295/300 win=0.5893 kl=0.00292 rollout_s=4.93 update_s=1.10
E1 aux_e1 step=296/300 win=0.6205 kl=0.00376 rollout_s=4.89 update_s=1.10
E1 aux_e1 step=297/300 win=0.6518 kl=0.00262 rollout_s=5.14 update_s=1.14
E1 aux_e1 step=298/300 win=0.6027 kl=0.00183 rollout_s=4.87 update_s=1.12
E1 aux_e1 step=299/300 win=0.5848 kl=0.00261 rollout_s=4.93 update_s=1.07
E1 aux_e1 step=300/300 win=0.5848 kl=0.00252 rollout_s=4.98 update_s=1.11
EVAL dev_300 {'games': 448, 'wins': 270, 'win_rate': np.float64(0.6026785714285714), 'mean_cash': np.float64(101835.48883928571), 'mean_margin': np.float64(7648.087053571428)} nonkeep 8681
EVAL final_test {'games': 1400, 'wins': 855, 'win_rate': np.float64(0.6107142857142858), 'mean_cash': np.float64(100136.64071428572), 'mean_margin': np.float64(8130.997857142857)} nonkeep 27439
E1_REPEAT_COMPLETE aux_e1 final_test_win_rate=0.6107
E1 aux_e2 step=1/300 win=0.4554 kl=0.00005 rollout_s=5.09 update_s=1.13
E1 aux_e2 step=2/300 win=0.4955 kl=0.00006 rollout_s=5.08 update_s=1.04
E1 aux_e2 step=3/300 win=0.4464 kl=0.00004 rollout_s=5.23 update_s=1.07
E1 aux_e2 step=4/300 win=0.4464 kl=0.00234 rollout_s=5.02 update_s=1.05
E1 aux_e2 step=5/300 win=0.5089 kl=0.00491 rollout_s=5.10 update_s=1.11
E1 aux_e2 step=6/300 win=0.5491 kl=0.00339 rollout_s=5.15 update_s=1.06
E1 aux_e2 step=7/300 win=0.5759 kl=0.00071 rollout_s=4.95 update_s=1.05
E1 aux_e2 step=8/300 win=0.5089 kl=0.00133 rollout_s=4.94 update_s=1.07
E1 aux_e2 step=9/300 win=0.5402 kl=0.00137 rollout_s=4.89 update_s=1.07
E1 aux_e2 step=10/300 win=0.5089 kl=0.00271 rollout_s=4.96 update_s=1.04
E1 aux_e2 step=11/300 win=0.5089 kl=0.00228 rollout_s=5.12 update_s=1.04
E1 aux_e2 step=12/300 win=0.5625 kl=0.00130 rollout_s=5.03 update_s=1.08
E1 aux_e2 step=13/300 win=0.4866 kl=0.00104 rollout_s=4.99 update_s=1.03
E1 aux_e2 step=14/300 win=0.4955 kl=0.00089 rollout_s=4.92 update_s=1.08
E1 aux_e2 step=15/300 win=0.5670 kl=0.00042 rollout_s=4.97 update_s=1.00
E1 aux_e2 step=16/300 win=0.6027 kl=0.00083 rollout_s=5.02 update_s=1.10
E1 aux_e2 step=17/300 win=0.5580 kl=0.00229 rollout_s=5.04 update_s=0.98
E1 aux_e2 step=18/300 win=0.4821 kl=0.00046 rollout_s=4.95 update_s=1.10
E1 aux_e2 step=19/300 win=0.5491 kl=0.00054 rollout_s=5.09 update_s=1.18
E1 aux_e2 step=20/300 win=0.6027 kl=0.00099 rollout_s=5.07 update_s=1.08
EVAL dev_020 {'games': 448, 'wins': 274, 'win_rate': np.float64(0.6116071428571429), 'mean_cash': np.float64(104061.43303571429), 'mean_margin': np.float64(7783.805803571428)} nonkeep 0
E1 aux_e2 step=21/300 win=0.5446 kl=0.00063 rollout_s=4.92 update_s=1.07
E1 aux_e2 step=22/300 win=0.5670 kl=0.00032 rollout_s=5.03 update_s=1.07
E1 aux_e2 step=23/300 win=0.4732 kl=0.00067 rollout_s=4.99 update_s=0.99
E1 aux_e2 step=24/300 win=0.5045 kl=0.00221 rollout_s=4.97 update_s=1.11
E1 aux_e2 step=25/300 win=0.5357 kl=0.00197 rollout_s=4.99 update_s=0.92
E1 aux_e2 step=26/300 win=0.5045 kl=0.00035 rollout_s=5.12 update_s=1.11
E1 aux_e2 step=27/300 win=0.5134 kl=0.00240 rollout_s=4.99 update_s=1.01
E1 aux_e2 step=28/300 win=0.5580 kl=0.00169 rollout_s=5.00 update_s=1.16
E1 aux_e2 step=29/300 win=0.6071 kl=0.00225 rollout_s=5.03 update_s=1.06
E1 aux_e2 step=30/300 win=0.6071 kl=0.00115 rollout_s=4.97 update_s=1.13
E1 aux_e2 step=31/300 win=0.5402 kl=0.00176 rollout_s=5.17 update_s=1.07
E1 aux_e2 step=32/300 win=0.5848 kl=0.00185 rollout_s=4.95 update_s=1.18
E1 aux_e2 step=33/300 win=0.5000 kl=0.00108 rollout_s=5.05 update_s=1.10
E1 aux_e2 step=34/300 win=0.5446 kl=0.00106 rollout_s=4.98 update_s=1.16
E1 aux_e2 step=35/300 win=0.5536 kl=0.00054 rollout_s=4.98 update_s=1.09
E1 aux_e2 step=36/300 win=0.5089 kl=0.00139 rollout_s=5.11 update_s=1.06
E1 aux_e2 step=37/300 win=0.5357 kl=0.00212 rollout_s=4.99 update_s=1.19
E1 aux_e2 step=38/300 win=0.5848 kl=0.00093 rollout_s=4.97 update_s=1.05
E1 aux_e2 step=39/300 win=0.6071 kl=0.00177 rollout_s=4.97 update_s=1.18
E1 aux_e2 step=40/300 win=0.5000 kl=0.00116 rollout_s=5.00 update_s=1.09
EVAL dev_040 {'games': 448, 'wins': 274, 'win_rate': np.float64(0.6116071428571429), 'mean_cash': np.float64(104061.43303571429), 'mean_margin': np.float64(7783.805803571428)} nonkeep 0
E1 aux_e2 step=41/300 win=0.5536 kl=0.00127 rollout_s=5.02 update_s=1.01
E1 aux_e2 step=42/300 win=0.4777 kl=0.00160 rollout_s=5.05 update_s=1.09
E1 aux_e2 step=43/300 win=0.5893 kl=0.00198 rollout_s=4.94 update_s=1.13
E1 aux_e2 step=44/300 win=0.5804 kl=0.00281 rollout_s=4.97 update_s=1.08
E1 aux_e2 step=45/300 win=0.5848 kl=0.00181 rollout_s=5.13 update_s=1.15
E1 aux_e2 step=46/300 win=0.5223 kl=0.00157 rollout_s=4.91 update_s=1.14
E1 aux_e2 step=47/300 win=0.5491 kl=0.00183 rollout_s=4.92 update_s=1.14
E1 aux_e2 step=48/300 win=0.5223 kl=0.00123 rollout_s=5.18 update_s=1.00
E1 aux_e2 step=49/300 win=0.5893 kl=0.00176 rollout_s=5.30 update_s=0.99
E1 aux_e2 step=50/300 win=0.5536 kl=0.00141 rollout_s=5.43 update_s=0.95
E1 aux_e2 step=51/300 win=0.5804 kl=0.00405 rollout_s=5.32 update_s=1.06
E1 aux_e2 step=52/300 win=0.5491 kl=0.00311 rollout_s=5.24 update_s=0.99
E1 aux_e2 step=53/300 win=0.5893 kl=0.00273 rollout_s=5.33 update_s=0.97
E1 aux_e2 step=54/300 win=0.6161 kl=0.00154 rollout_s=5.50 update_s=1.06
E1 aux_e2 step=55/300 win=0.5982 kl=0.00197 rollout_s=5.45 update_s=1.03
E1 aux_e2 step=56/300 win=0.5804 kl=0.00452 rollout_s=5.33 update_s=1.00
E1 aux_e2 step=57/300 win=0.5179 kl=0.00170 rollout_s=5.35 update_s=0.94
E1 aux_e2 step=58/300 win=0.5714 kl=0.00240 rollout_s=5.38 update_s=1.09
E1 aux_e2 step=59/300 win=0.5670 kl=0.00130 rollout_s=4.95 update_s=1.08
E1 aux_e2 step=60/300 win=0.5804 kl=0.00199 rollout_s=4.94 update_s=1.01
EVAL dev_060 {'games': 448, 'wins': 274, 'win_rate': np.float64(0.6116071428571429), 'mean_cash': np.float64(104061.43303571429), 'mean_margin': np.float64(7783.805803571428)} nonkeep 0
E1 aux_e2 step=61/300 win=0.5714 kl=0.00224 rollout_s=5.31 update_s=1.10
E1 aux_e2 step=62/300 win=0.5893 kl=0.00321 rollout_s=5.11 update_s=1.05
E1 aux_e2 step=63/300 win=0.6071 kl=0.00133 rollout_s=5.06 update_s=1.15
E1 aux_e2 step=64/300 win=0.5714 kl=0.00210 rollout_s=5.10 update_s=1.05
E1 aux_e2 step=65/300 win=0.5268 kl=0.00133 rollout_s=5.03 update_s=1.06
E1 aux_e2 step=66/300 win=0.5134 kl=0.00067 rollout_s=4.97 update_s=1.15
E1 aux_e2 step=67/300 win=0.5625 kl=0.00208 rollout_s=4.99 update_s=1.04
E1 aux_e2 step=68/300 win=0.5134 kl=0.00381 rollout_s=4.98 update_s=1.05
E1 aux_e2 step=69/300 win=0.6384 kl=0.00105 rollout_s=5.22 update_s=0.96
E1 aux_e2 step=70/300 win=0.6071 kl=0.00302 rollout_s=5.09 update_s=1.15
E1 aux_e2 step=71/300 win=0.5491 kl=0.00222 rollout_s=5.03 update_s=1.07
E1 aux_e2 step=72/300 win=0.5804 kl=0.00198 rollout_s=5.00 update_s=1.20
E1 aux_e2 step=73/300 win=0.6205 kl=0.00179 rollout_s=4.96 update_s=1.06
E1 aux_e2 step=74/300 win=0.6027 kl=0.00140 rollout_s=5.03 update_s=0.99
E1 aux_e2 step=75/300 win=0.5670 kl=0.00131 rollout_s=5.22 update_s=1.20
E1 aux_e2 step=76/300 win=0.4866 kl=0.00146 rollout_s=5.06 update_s=1.03
E1 aux_e2 step=77/300 win=0.5625 kl=0.00184 rollout_s=4.93 update_s=1.11
E1 aux_e2 step=78/300 win=0.5804 kl=0.00167 rollout_s=4.97 update_s=1.08
E1 aux_e2 step=79/300 win=0.6071 kl=0.00172 rollout_s=5.09 update_s=1.10
E1 aux_e2 step=80/300 win=0.5804 kl=0.00323 rollout_s=5.13 update_s=1.08
EVAL dev_080 {'games': 448, 'wins': 274, 'win_rate': np.float64(0.6116071428571429), 'mean_cash': np.float64(104061.43303571429), 'mean_margin': np.float64(7783.805803571428)} nonkeep 0
E1 aux_e2 step=81/300 win=0.5804 kl=0.00189 rollout_s=4.99 update_s=1.08
E1 aux_e2 step=82/300 win=0.5848 kl=0.00184 rollout_s=4.96 update_s=1.12
E1 aux_e2 step=83/300 win=0.5625 kl=0.00183 rollout_s=5.03 update_s=1.03
E1 aux_e2 step=84/300 win=0.5357 kl=0.00425 rollout_s=5.16 update_s=1.13
E1 aux_e2 step=85/300 win=0.5893 kl=0.00369 rollout_s=5.07 update_s=1.03
E1 aux_e2 step=86/300 win=0.6027 kl=0.00261 rollout_s=4.96 update_s=1.16
E1 aux_e2 step=87/300 win=0.5938 kl=0.00293 rollout_s=5.00 update_s=1.12
E1 aux_e2 step=88/300 win=0.5759 kl=0.00143 rollout_s=4.93 update_s=1.06
E1 aux_e2 step=89/300 win=0.6295 kl=0.00294 rollout_s=5.11 update_s=1.03
E1 aux_e2 step=90/300 win=0.6473 kl=0.00319 rollout_s=4.94 update_s=1.15
E1 aux_e2 step=91/300 win=0.5670 kl=0.00330 rollout_s=4.98 update_s=1.00
E1 aux_e2 step=92/300 win=0.5714 kl=0.00144 rollout_s=4.97 update_s=1.08
E1 aux_e2 step=93/300 win=0.5134 kl=0.00133 rollout_s=4.98 update_s=1.10
E1 aux_e2 step=94/300 win=0.5982 kl=0.00285 rollout_s=5.03 update_s=0.95
E1 aux_e2 step=95/300 win=0.5714 kl=0.00217 rollout_s=5.05 update_s=1.20
E1 aux_e2 step=96/300 win=0.5580 kl=0.00166 rollout_s=4.89 update_s=1.07
E1 aux_e2 step=97/300 win=0.5580 kl=0.00294 rollout_s=4.96 update_s=1.05
E1 aux_e2 step=98/300 win=0.6250 kl=0.00273 rollout_s=4.96 update_s=1.07
E1 aux_e2 step=99/300 win=0.5804 kl=0.00231 rollout_s=4.94 update_s=1.01
E1 aux_e2 step=100/300 win=0.5179 kl=0.00303 rollout_s=5.19 update_s=1.08
EVAL dev_100 {'games': 448, 'wins': 270, 'win_rate': np.float64(0.6026785714285714), 'mean_cash': np.float64(104450.078125), 'mean_margin': np.float64(7890.078125)} nonkeep 2901
E1 aux_e2 step=101/300 win=0.5357 kl=0.00194 rollout_s=5.02 update_s=1.05
E1 aux_e2 step=102/300 win=0.6071 kl=0.00260 rollout_s=4.98 update_s=1.11
E1 aux_e2 step=103/300 win=0.4688 kl=0.00264 rollout_s=5.00 update_s=0.95
E1 aux_e2 step=104/300 win=0.5982 kl=0.00150 rollout_s=5.04 update_s=1.06
E1 aux_e2 step=105/300 win=0.6161 kl=0.00292 rollout_s=4.94 update_s=1.11
E1 aux_e2 step=106/300 win=0.5893 kl=0.00186 rollout_s=5.00 update_s=1.05
E1 aux_e2 step=107/300 win=0.5223 kl=0.00130 rollout_s=4.96 update_s=1.03
E1 aux_e2 step=108/300 win=0.5848 kl=0.00257 rollout_s=5.15 update_s=1.13
E1 aux_e2 step=109/300 win=0.5938 kl=0.00189 rollout_s=5.26 update_s=1.06
E1 aux_e2 step=110/300 win=0.5536 kl=0.00259 rollout_s=4.93 update_s=1.17
E1 aux_e2 step=111/300 win=0.5759 kl=0.00138 rollout_s=4.96 update_s=1.15
E1 aux_e2 step=112/300 win=0.4955 kl=0.00307 rollout_s=5.01 update_s=0.98
E1 aux_e2 step=113/300 win=0.5848 kl=0.00158 rollout_s=4.97 update_s=1.15
E1 aux_e2 step=114/300 win=0.5580 kl=0.00257 rollout_s=5.15 update_s=1.03
E1 aux_e2 step=115/300 win=0.5580 kl=0.00253 rollout_s=5.15 update_s=1.08
E1 aux_e2 step=116/300 win=0.5759 kl=0.00310 rollout_s=4.92 update_s=1.05
E1 aux_e2 step=117/300 win=0.6473 kl=0.00191 rollout_s=4.97 update_s=1.05
E1 aux_e2 step=118/300 win=0.6562 kl=0.00144 rollout_s=4.95 update_s=1.04
E1 aux_e2 step=119/300 win=0.6473 kl=0.00313 rollout_s=5.00 update_s=0.93
E1 aux_e2 step=120/300 win=0.6473 kl=0.00225 rollout_s=5.07 update_s=1.07
EVAL dev_120 {'games': 448, 'wins': 271, 'win_rate': np.float64(0.6049107142857143), 'mean_cash': np.float64(103830.22991071429), 'mean_margin': np.float64(7761.535714285715)} nonkeep 2741
E1 aux_e2 step=121/300 win=0.6161 kl=0.00208 rollout_s=5.03 update_s=0.99
E1 aux_e2 step=122/300 win=0.5759 kl=0.00308 rollout_s=5.00 update_s=1.17
E1 aux_e2 step=123/300 win=0.6205 kl=0.00318 rollout_s=5.28 update_s=1.04
E1 aux_e2 step=124/300 win=0.5179 kl=0.00254 rollout_s=4.94 update_s=1.04
E1 aux_e2 step=125/300 win=0.5089 kl=0.00380 rollout_s=5.02 update_s=1.05
E1 aux_e2 step=126/300 win=0.6473 kl=0.00228 rollout_s=5.07 update_s=1.04
E1 aux_e2 step=127/300 win=0.5446 kl=0.00150 rollout_s=4.90 update_s=1.05
E1 aux_e2 step=128/300 win=0.5938 kl=0.00208 rollout_s=4.98 update_s=0.88
E1 aux_e2 step=129/300 win=0.6562 kl=0.00281 rollout_s=5.06 update_s=1.10
E1 aux_e2 step=130/300 win=0.6161 kl=0.00323 rollout_s=4.91 update_s=1.08
E1 aux_e2 step=131/300 win=0.5759 kl=0.00361 rollout_s=4.98 update_s=1.07
E1 aux_e2 step=132/300 win=0.5938 kl=0.00187 rollout_s=4.99 update_s=1.12
E1 aux_e2 step=133/300 win=0.6071 kl=0.00307 rollout_s=5.13 update_s=1.13
E1 aux_e2 step=134/300 win=0.6339 kl=0.00277 rollout_s=5.15 update_s=1.12
E1 aux_e2 step=135/300 win=0.6652 kl=0.00289 rollout_s=5.00 update_s=1.26
E1 aux_e2 step=136/300 win=0.5670 kl=0.00208 rollout_s=4.95 update_s=1.11
E1 aux_e2 step=137/300 win=0.5179 kl=0.00369 rollout_s=5.00 update_s=1.14
E1 aux_e2 step=138/300 win=0.6027 kl=0.00323 rollout_s=5.01 update_s=0.98
E1 aux_e2 step=139/300 win=0.5089 kl=0.00316 rollout_s=5.13 update_s=1.00
E1 aux_e2 step=140/300 win=0.5759 kl=0.00262 rollout_s=5.04 update_s=1.18
EVAL dev_140 {'games': 448, 'wins': 267, 'win_rate': np.float64(0.5959821428571429), 'mean_cash': np.float64(104440.77232142857), 'mean_margin': np.float64(7413.366071428572)} nonkeep 3155
E1 aux_e2 step=141/300 win=0.6339 kl=0.00250 rollout_s=5.03 update_s=1.00
E1 aux_e2 step=142/300 win=0.5759 kl=0.00274 rollout_s=5.03 update_s=1.28
E1 aux_e2 step=143/300 win=0.6339 kl=0.00172 rollout_s=5.15 update_s=1.00
E1 aux_e2 step=144/300 win=0.5357 kl=0.00213 rollout_s=4.97 update_s=1.17
E1 aux_e2 step=145/300 win=0.6518 kl=0.00220 rollout_s=4.96 update_s=1.02
E1 aux_e2 step=146/300 win=0.6161 kl=0.00326 rollout_s=5.02 update_s=1.04
E1 aux_e2 step=147/300 win=0.5893 kl=0.00350 rollout_s=5.11 update_s=1.12
E1 aux_e2 step=148/300 win=0.6027 kl=0.00306 rollout_s=5.13 update_s=1.18
E1 aux_e2 step=149/300 win=0.6116 kl=0.00241 rollout_s=4.98 update_s=1.09
E1 aux_e2 step=150/300 win=0.5982 kl=0.00172 rollout_s=4.95 update_s=1.05
E1 aux_e2 step=151/300 win=0.5714 kl=0.00242 rollout_s=5.05 update_s=1.08
E1 aux_e2 step=152/300 win=0.6161 kl=0.00243 rollout_s=4.99 update_s=1.04
E1 aux_e2 step=153/300 win=0.6339 kl=0.00213 rollout_s=5.09 update_s=0.98
E1 aux_e2 step=154/300 win=0.6116 kl=0.00329 rollout_s=5.00 update_s=1.09
E1 aux_e2 step=155/300 win=0.5268 kl=0.00221 rollout_s=5.02 update_s=1.02
E1 aux_e2 step=156/300 win=0.6518 kl=0.00145 rollout_s=5.02 update_s=1.09
E1 aux_e2 step=157/300 win=0.5938 kl=0.00262 rollout_s=4.96 update_s=1.19
E1 aux_e2 step=158/300 win=0.5759 kl=0.00254 rollout_s=5.02 update_s=1.09
E1 aux_e2 step=159/300 win=0.5089 kl=0.00186 rollout_s=5.20 update_s=1.10
E1 aux_e2 step=160/300 win=0.5312 kl=0.00300 rollout_s=5.03 update_s=1.04
EVAL dev_160 {'games': 448, 'wins': 262, 'win_rate': np.float64(0.5848214285714286), 'mean_cash': np.float64(104308.60491071429), 'mean_margin': np.float64(7355.372767857143)} nonkeep 5035
E1 aux_e2 step=161/300 win=0.5982 kl=0.00292 rollout_s=4.98 update_s=1.20
E1 aux_e2 step=162/300 win=0.4866 kl=0.00172 rollout_s=5.07 update_s=1.01
E1 aux_e2 step=163/300 win=0.6116 kl=0.00287 rollout_s=4.98 update_s=1.09
E1 aux_e2 step=164/300 win=0.5848 kl=0.00207 rollout_s=5.11 update_s=1.07
E1 aux_e2 step=165/300 win=0.6429 kl=0.00237 rollout_s=4.95 update_s=1.03
E1 aux_e2 step=166/300 win=0.5804 kl=0.00234 rollout_s=5.05 update_s=1.25
E1 aux_e2 step=167/300 win=0.6250 kl=0.00314 rollout_s=5.03 update_s=0.94
E1 aux_e2 step=168/300 win=0.6205 kl=0.00241 rollout_s=5.13 update_s=1.10
E1 aux_e2 step=169/300 win=0.5223 kl=0.00302 rollout_s=5.03 update_s=1.13
E1 aux_e2 step=170/300 win=0.5714 kl=0.00233 rollout_s=5.00 update_s=1.07
E1 aux_e2 step=171/300 win=0.6205 kl=0.00294 rollout_s=4.98 update_s=1.11
E1 aux_e2 step=172/300 win=0.5536 kl=0.00307 rollout_s=5.04 update_s=0.95
E1 aux_e2 step=173/300 win=0.6027 kl=0.00228 rollout_s=5.19 update_s=1.24
E1 aux_e2 step=174/300 win=0.5714 kl=0.00223 rollout_s=5.02 update_s=1.01
E1 aux_e2 step=175/300 win=0.6205 kl=0.00279 rollout_s=4.97 update_s=1.15
E1 aux_e2 step=176/300 win=0.5625 kl=0.00302 rollout_s=4.99 update_s=1.09
E1 aux_e2 step=177/300 win=0.5982 kl=0.00303 rollout_s=5.02 update_s=1.14
E1 aux_e2 step=178/300 win=0.6295 kl=0.00229 rollout_s=5.19 update_s=1.05
E1 aux_e2 step=179/300 win=0.5536 kl=0.00193 rollout_s=4.93 update_s=1.10
E1 aux_e2 step=180/300 win=0.6741 kl=0.00268 rollout_s=5.01 update_s=1.09
EVAL dev_180 {'games': 448, 'wins': 262, 'win_rate': np.float64(0.5848214285714286), 'mean_cash': np.float64(104507.390625), 'mean_margin': np.float64(7680.493303571428)} nonkeep 4715
E1 aux_e2 step=181/300 win=0.6339 kl=0.00290 rollout_s=4.98 update_s=1.19
E1 aux_e2 step=182/300 win=0.6161 kl=0.00264 rollout_s=5.20 update_s=1.14
E1 aux_e2 step=183/300 win=0.6473 kl=0.00366 rollout_s=5.00 update_s=1.06
E1 aux_e2 step=184/300 win=0.6250 kl=0.00344 rollout_s=4.98 update_s=1.10
E1 aux_e2 step=185/300 win=0.5804 kl=0.00275 rollout_s=5.00 update_s=1.07
E1 aux_e2 step=186/300 win=0.6250 kl=0.00156 rollout_s=5.14 update_s=1.15
E1 aux_e2 step=187/300 win=0.5893 kl=0.00229 rollout_s=5.12 update_s=1.04
E1 aux_e2 step=188/300 win=0.6205 kl=0.00185 rollout_s=4.98 update_s=1.17
E1 aux_e2 step=189/300 win=0.6429 kl=0.00258 rollout_s=5.04 update_s=1.06
E1 aux_e2 step=190/300 win=0.5670 kl=0.00257 rollout_s=4.97 update_s=1.18
E1 aux_e2 step=191/300 win=0.5312 kl=0.00274 rollout_s=4.97 update_s=0.99
E1 aux_e2 step=192/300 win=0.5938 kl=0.00327 rollout_s=5.10 update_s=0.98
E1 aux_e2 step=193/300 win=0.5982 kl=0.00243 rollout_s=5.01 update_s=1.08
E1 aux_e2 step=194/300 win=0.5804 kl=0.00257 rollout_s=5.03 update_s=1.03
E1 aux_e2 step=195/300 win=0.5223 kl=0.00338 rollout_s=4.98 update_s=1.12
E1 aux_e2 step=196/300 win=0.5625 kl=0.00291 rollout_s=5.04 update_s=1.06
E1 aux_e2 step=197/300 win=0.6161 kl=0.00181 rollout_s=5.01 update_s=1.12
E1 aux_e2 step=198/300 win=0.5402 kl=0.00279 rollout_s=5.23 update_s=1.03
E1 aux_e2 step=199/300 win=0.6473 kl=0.00216 rollout_s=5.10 update_s=1.04
E1 aux_e2 step=200/300 win=0.6295 kl=0.00389 rollout_s=5.04 update_s=1.07
EVAL dev_200 {'games': 448, 'wins': 246, 'win_rate': np.float64(0.5491071428571429), 'mean_cash': np.float64(103220.84151785714), 'mean_margin': np.float64(6323.044642857143)} nonkeep 6700
E1 aux_e2 step=201/300 win=0.5759 kl=0.00280 rollout_s=5.07 update_s=0.91
E1 aux_e2 step=202/300 win=0.6161 kl=0.00278 rollout_s=5.12 update_s=1.04
E1 aux_e2 step=203/300 win=0.5938 kl=0.00375 rollout_s=5.00 update_s=1.07
E1 aux_e2 step=204/300 win=0.6161 kl=0.00300 rollout_s=5.08 update_s=1.16
E1 aux_e2 step=205/300 win=0.6250 kl=0.00235 rollout_s=5.06 update_s=1.00
E1 aux_e2 step=206/300 win=0.5134 kl=0.00215 rollout_s=5.09 update_s=1.12
E1 aux_e2 step=207/300 win=0.6741 kl=0.00179 rollout_s=5.24 update_s=1.06
E1 aux_e2 step=208/300 win=0.5402 kl=0.00249 rollout_s=5.01 update_s=0.99
E1 aux_e2 step=209/300 win=0.5714 kl=0.00116 rollout_s=4.96 update_s=1.09
E1 aux_e2 step=210/300 win=0.6295 kl=0.00168 rollout_s=4.95 update_s=1.09
E1 aux_e2 step=211/300 win=0.5312 kl=0.00321 rollout_s=4.93 update_s=1.07
E1 aux_e2 step=212/300 win=0.5134 kl=0.00254 rollout_s=5.17 update_s=1.17
E1 aux_e2 step=213/300 win=0.6473 kl=0.00237 rollout_s=4.96 update_s=1.09
E1 aux_e2 step=214/300 win=0.5536 kl=0.00212 rollout_s=5.01 update_s=1.19
E1 aux_e2 step=215/300 win=0.5982 kl=0.00138 rollout_s=4.97 update_s=1.19
E1 aux_e2 step=216/300 win=0.5268 kl=0.00261 rollout_s=4.97 update_s=1.06
E1 aux_e2 step=217/300 win=0.6205 kl=0.00278 rollout_s=5.06 update_s=0.97
E1 aux_e2 step=218/300 win=0.5446 kl=0.00314 rollout_s=5.07 update_s=0.99
E1 aux_e2 step=219/300 win=0.5982 kl=0.00276 rollout_s=4.97 update_s=1.06
E1 aux_e2 step=220/300 win=0.6116 kl=0.00253 rollout_s=5.01 update_s=0.99
EVAL dev_220 {'games': 448, 'wins': 269, 'win_rate': np.float64(0.6004464285714286), 'mean_cash': np.float64(103990.18526785714), 'mean_margin': np.float64(7176.263392857143)} nonkeep 5887
E1 aux_e2 step=221/300 win=0.6250 kl=0.00222 rollout_s=5.19 update_s=1.08
E1 aux_e2 step=222/300 win=0.6161 kl=0.00187 rollout_s=4.95 update_s=1.04
E1 aux_e2 step=223/300 win=0.6071 kl=0.00136 rollout_s=4.96 update_s=1.09
E1 aux_e2 step=224/300 win=0.5714 kl=0.00277 rollout_s=4.95 update_s=1.10
E1 aux_e2 step=225/300 win=0.5848 kl=0.00289 rollout_s=4.94 update_s=0.97
E1 aux_e2 step=226/300 win=0.6518 kl=0.00272 rollout_s=4.96 update_s=0.95
E1 aux_e2 step=227/300 win=0.6161 kl=0.00229 rollout_s=5.00 update_s=1.04
E1 aux_e2 step=228/300 win=0.6161 kl=0.00174 rollout_s=4.97 update_s=1.03
E1 aux_e2 step=229/300 win=0.6652 kl=0.00233 rollout_s=4.94 update_s=1.06
E1 aux_e2 step=230/300 win=0.5804 kl=0.00158 rollout_s=4.98 update_s=1.01
E1 aux_e2 step=231/300 win=0.5000 kl=0.00203 rollout_s=5.01 update_s=1.14
E1 aux_e2 step=232/300 win=0.5268 kl=0.00312 rollout_s=5.12 update_s=1.02
E1 aux_e2 step=233/300 win=0.5893 kl=0.00164 rollout_s=4.94 update_s=1.03
E1 aux_e2 step=234/300 win=0.6161 kl=0.00327 rollout_s=5.04 update_s=1.04
E1 aux_e2 step=235/300 win=0.6562 kl=0.00230 rollout_s=5.02 update_s=1.03
E1 aux_e2 step=236/300 win=0.5938 kl=0.00256 rollout_s=4.95 update_s=1.01
E1 aux_e2 step=237/300 win=0.5670 kl=0.00286 rollout_s=5.05 update_s=1.01
E1 aux_e2 step=238/300 win=0.6562 kl=0.00300 rollout_s=4.97 update_s=1.06
E1 aux_e2 step=239/300 win=0.6071 kl=0.00245 rollout_s=4.96 update_s=1.14
E1 aux_e2 step=240/300 win=0.6473 kl=0.00188 rollout_s=4.98 update_s=1.24
EVAL dev_240 {'games': 448, 'wins': 266, 'win_rate': np.float64(0.59375), 'mean_cash': np.float64(102842.10491071429), 'mean_margin': np.float64(7694.401785714285)} nonkeep 5304
E1 aux_e2 step=241/300 win=0.6027 kl=0.00255 rollout_s=5.18 update_s=1.06
E1 aux_e2 step=242/300 win=0.5759 kl=0.00213 rollout_s=4.97 update_s=1.13
E1 aux_e2 step=243/300 win=0.6295 kl=0.00236 rollout_s=4.95 update_s=1.15
E1 aux_e2 step=244/300 win=0.5134 kl=0.00353 rollout_s=5.01 update_s=1.11
E1 aux_e2 step=245/300 win=0.5938 kl=0.00200 rollout_s=4.95 update_s=1.06
E1 aux_e2 step=246/300 win=0.5804 kl=0.00395 rollout_s=5.08 update_s=1.09
E1 aux_e2 step=247/300 win=0.5759 kl=0.00293 rollout_s=4.91 update_s=1.07
E1 aux_e2 step=248/300 win=0.5804 kl=0.00233 rollout_s=5.07 update_s=1.10
E1 aux_e2 step=249/300 win=0.6071 kl=0.00218 rollout_s=5.04 update_s=1.11
E1 aux_e2 step=250/300 win=0.6161 kl=0.00255 rollout_s=5.02 update_s=1.07
E1 aux_e2 step=251/300 win=0.5714 kl=0.00384 rollout_s=5.01 update_s=1.01
E1 aux_e2 step=252/300 win=0.5446 kl=0.00331 rollout_s=5.17 update_s=1.17
E1 aux_e2 step=253/300 win=0.6071 kl=0.00394 rollout_s=5.15 update_s=1.11
E1 aux_e2 step=254/300 win=0.6384 kl=0.00330 rollout_s=4.97 update_s=1.01
E1 aux_e2 step=255/300 win=0.5580 kl=0.00270 rollout_s=5.03 update_s=1.05
E1 aux_e2 step=256/300 win=0.5580 kl=0.00329 rollout_s=5.03 update_s=1.08
E1 aux_e2 step=257/300 win=0.6027 kl=0.00251 rollout_s=5.21 update_s=1.02
E1 aux_e2 step=258/300 win=0.6295 kl=0.00290 rollout_s=5.04 update_s=1.02
E1 aux_e2 step=259/300 win=0.5848 kl=0.00291 rollout_s=5.06 update_s=1.10
E1 aux_e2 step=260/300 win=0.6071 kl=0.00427 rollout_s=5.01 update_s=0.99
EVAL dev_260 {'games': 448, 'wins': 263, 'win_rate': np.float64(0.5870535714285714), 'mean_cash': np.float64(102720.84821428571), 'mean_margin': np.float64(7075.558035714285)} nonkeep 4994
E1 aux_e2 step=261/300 win=0.5938 kl=0.00179 rollout_s=5.12 update_s=0.98
E1 aux_e2 step=262/300 win=0.5714 kl=0.00214 rollout_s=5.01 update_s=1.09
E1 aux_e2 step=263/300 win=0.6295 kl=0.00231 rollout_s=4.99 update_s=1.10
E1 aux_e2 step=264/300 win=0.6295 kl=0.00233 rollout_s=5.06 update_s=1.08
E1 aux_e2 step=265/300 win=0.6250 kl=0.00191 rollout_s=4.99 update_s=1.27
E1 aux_e2 step=266/300 win=0.6161 kl=0.00311 rollout_s=5.17 update_s=1.18
E1 aux_e2 step=267/300 win=0.5625 kl=0.00211 rollout_s=5.08 update_s=1.10
E1 aux_e2 step=268/300 win=0.6027 kl=0.00229 rollout_s=5.00 update_s=1.15
E1 aux_e2 step=269/300 win=0.5982 kl=0.00388 rollout_s=5.01 update_s=1.13
E1 aux_e2 step=270/300 win=0.6161 kl=0.00314 rollout_s=5.02 update_s=1.09
E1 aux_e2 step=271/300 win=0.5893 kl=0.00309 rollout_s=5.12 update_s=1.19
E1 aux_e2 step=272/300 win=0.6250 kl=0.00239 rollout_s=4.93 update_s=1.04
E1 aux_e2 step=273/300 win=0.5580 kl=0.00236 rollout_s=5.06 update_s=1.12
E1 aux_e2 step=274/300 win=0.6205 kl=0.00176 rollout_s=4.93 update_s=1.26
E1 aux_e2 step=275/300 win=0.6161 kl=0.00265 rollout_s=4.95 update_s=1.07
E1 aux_e2 step=276/300 win=0.6071 kl=0.00180 rollout_s=5.03 update_s=1.02
E1 aux_e2 step=277/300 win=0.5670 kl=0.00179 rollout_s=5.05 update_s=1.28
E1 aux_e2 step=278/300 win=0.6295 kl=0.00296 rollout_s=5.02 update_s=1.23
E1 aux_e2 step=279/300 win=0.5804 kl=0.00360 rollout_s=4.92 update_s=1.13
E1 aux_e2 step=280/300 win=0.6652 kl=0.00330 rollout_s=4.99 update_s=1.00
EVAL dev_280 {'games': 448, 'wins': 254, 'win_rate': np.float64(0.5669642857142857), 'mean_cash': np.float64(101826.38392857143), 'mean_margin': np.float64(6436.991071428572)} nonkeep 6116
E1 aux_e2 step=281/300 win=0.5714 kl=0.00294 rollout_s=4.99 update_s=1.17
E1 aux_e2 step=282/300 win=0.6250 kl=0.00147 rollout_s=4.98 update_s=1.01
E1 aux_e2 step=283/300 win=0.6875 kl=0.00311 rollout_s=5.30 update_s=1.16
E1 aux_e2 step=284/300 win=0.5312 kl=0.00312 rollout_s=5.05 update_s=1.02
E1 aux_e2 step=285/300 win=0.5893 kl=0.00379 rollout_s=5.13 update_s=0.99
E1 aux_e2 step=286/300 win=0.5625 kl=0.00322 rollout_s=5.07 update_s=1.22
E1 aux_e2 step=287/300 win=0.5893 kl=0.00191 rollout_s=4.97 update_s=1.01
E1 aux_e2 step=288/300 win=0.5804 kl=0.00172 rollout_s=5.01 update_s=1.09
E1 aux_e2 step=289/300 win=0.5446 kl=0.00184 rollout_s=5.06 update_s=1.00
E1 aux_e2 step=290/300 win=0.5804 kl=0.00307 rollout_s=5.10 update_s=0.97
E1 aux_e2 step=291/300 win=0.5670 kl=0.00164 rollout_s=5.17 update_s=1.07
E1 aux_e2 step=292/300 win=0.5536 kl=0.00260 rollout_s=4.96 update_s=1.11
E1 aux_e2 step=293/300 win=0.6875 kl=0.00181 rollout_s=4.97 update_s=0.97
E1 aux_e2 step=294/300 win=0.5848 kl=0.00282 rollout_s=4.98 update_s=1.17
E1 aux_e2 step=295/300 win=0.6295 kl=0.00228 rollout_s=5.01 update_s=1.06
E1 aux_e2 step=296/300 win=0.5982 kl=0.00168 rollout_s=5.19 update_s=1.10
E1 aux_e2 step=297/300 win=0.6116 kl=0.00201 rollout_s=5.05 update_s=1.04
E1 aux_e2 step=298/300 win=0.6027 kl=0.00290 rollout_s=5.13 update_s=1.04
E1 aux_e2 step=299/300 win=0.6071 kl=0.00284 rollout_s=5.03 update_s=1.19
E1 aux_e2 step=300/300 win=0.6518 kl=0.00181 rollout_s=4.96 update_s=0.97
EVAL dev_300 {'games': 448, 'wins': 267, 'win_rate': np.float64(0.5959821428571429), 'mean_cash': np.float64(103158.45982142857), 'mean_margin': np.float64(7116.888392857143)} nonkeep 5663
EVAL final_test {'games': 1400, 'wins': 847, 'win_rate': np.float64(0.605), 'mean_cash': np.float64(104205.38785714285), 'mean_margin': np.float64(8452.729285714286)} nonkeep 16962
E1_REPEAT_COMPLETE aux_e2 final_test_win_rate=0.6050
E1 aux_e3 step=1/300 win=0.4911 kl=0.00003 rollout_s=4.94 update_s=1.09
E1 aux_e3 step=2/300 win=0.4241 kl=0.00011 rollout_s=4.97 update_s=1.06
E1 aux_e3 step=3/300 win=0.4330 kl=0.00025 rollout_s=5.01 update_s=1.06
E1 aux_e3 step=4/300 win=0.5536 kl=0.00036 rollout_s=5.02 update_s=1.11
E1 aux_e3 step=5/300 win=0.5312 kl=0.00148 rollout_s=5.08 update_s=1.04
E1 aux_e3 step=6/300 win=0.4509 kl=0.00325 rollout_s=4.93 update_s=1.20
E1 aux_e3 step=7/300 win=0.4911 kl=0.00192 rollout_s=4.95 update_s=1.06
E1 aux_e3 step=8/300 win=0.5000 kl=0.00132 rollout_s=4.97 update_s=1.01
E1 aux_e3 step=9/300 win=0.5179 kl=0.00120 rollout_s=4.92 update_s=1.00
E1 aux_e3 step=10/300 win=0.5000 kl=0.00087 rollout_s=5.00 update_s=1.00
E1 aux_e3 step=11/300 win=0.4732 kl=0.00143 rollout_s=5.02 update_s=1.15
E1 aux_e3 step=12/300 win=0.5179 kl=0.00327 rollout_s=4.96 update_s=1.09
E1 aux_e3 step=13/300 win=0.4777 kl=0.00260 rollout_s=5.00 update_s=1.07
E1 aux_e3 step=14/300 win=0.5268 kl=0.00189 rollout_s=4.93 update_s=1.02
E1 aux_e3 step=15/300 win=0.5402 kl=0.00248 rollout_s=4.95 update_s=1.08
E1 aux_e3 step=16/300 win=0.5491 kl=0.00281 rollout_s=5.18 update_s=1.04
E1 aux_e3 step=17/300 win=0.6429 kl=0.00435 rollout_s=4.99 update_s=1.05
E1 aux_e3 step=18/300 win=0.5312 kl=0.00249 rollout_s=5.02 update_s=0.96
E1 aux_e3 step=19/300 win=0.5223 kl=0.00482 rollout_s=4.96 update_s=1.11
E1 aux_e3 step=20/300 win=0.5312 kl=0.00192 rollout_s=4.91 update_s=0.95
EVAL dev_020 {'games': 448, 'wins': 274, 'win_rate': np.float64(0.6116071428571429), 'mean_cash': np.float64(103746.30803571429), 'mean_margin': np.float64(7676.649553571428)} nonkeep 17
E1 aux_e3 step=21/300 win=0.5089 kl=0.00503 rollout_s=4.91 update_s=1.15
E1 aux_e3 step=22/300 win=0.5982 kl=0.00381 rollout_s=5.02 update_s=1.12
E1 aux_e3 step=23/300 win=0.5223 kl=0.00306 rollout_s=5.00 update_s=1.03
E1 aux_e3 step=24/300 win=0.5625 kl=0.00277 rollout_s=4.96 update_s=1.18
E1 aux_e3 step=25/300 win=0.5223 kl=0.00294 rollout_s=5.14 update_s=0.98
E1 aux_e3 step=26/300 win=0.5312 kl=0.00142 rollout_s=4.97 update_s=1.16
E1 aux_e3 step=27/300 win=0.6161 kl=0.00158 rollout_s=4.94 update_s=1.01
E1 aux_e3 step=28/300 win=0.5223 kl=0.00238 rollout_s=4.95 update_s=1.04
E1 aux_e3 step=29/300 win=0.5804 kl=0.00375 rollout_s=4.99 update_s=0.97
E1 aux_e3 step=30/300 win=0.5446 kl=0.00299 rollout_s=5.05 update_s=0.97
E1 aux_e3 step=31/300 win=0.5580 kl=0.00162 rollout_s=4.99 update_s=1.07
E1 aux_e3 step=32/300 win=0.5402 kl=0.00189 rollout_s=4.96 update_s=1.04
E1 aux_e3 step=33/300 win=0.6250 kl=0.00322 rollout_s=4.99 update_s=1.07
E1 aux_e3 step=34/300 win=0.5446 kl=0.00415 rollout_s=4.96 update_s=0.98
E1 aux_e3 step=35/300 win=0.6116 kl=0.00265 rollout_s=5.00 update_s=1.02
E1 aux_e3 step=36/300 win=0.4688 kl=0.00151 rollout_s=5.19 update_s=1.12
E1 aux_e3 step=37/300 win=0.4821 kl=0.00388 rollout_s=5.02 update_s=1.02
E1 aux_e3 step=38/300 win=0.4911 kl=0.00407 rollout_s=5.00 update_s=1.10
E1 aux_e3 step=39/300 win=0.5446 kl=0.00302 rollout_s=5.17 update_s=1.02
E1 aux_e3 step=40/300 win=0.5089 kl=0.00364 rollout_s=5.01 update_s=1.12
EVAL dev_040 {'games': 448, 'wins': 219, 'win_rate': np.float64(0.4888392857142857), 'mean_cash': np.float64(101897.49553571429), 'mean_margin': np.float64(4743.051339285715)} nonkeep 6847
E1 aux_e3 step=41/300 win=0.5714 kl=0.00433 rollout_s=5.00 update_s=1.05
E1 aux_e3 step=42/300 win=0.5179 kl=0.00328 rollout_s=4.94 update_s=1.08
E1 aux_e3 step=43/300 win=0.5580 kl=0.00185 rollout_s=4.93 update_s=1.13
E1 aux_e3 step=44/300 win=0.6116 kl=0.00266 rollout_s=4.98 update_s=1.01
E1 aux_e3 step=45/300 win=0.5848 kl=0.00324 rollout_s=5.16 update_s=1.12
E1 aux_e3 step=46/300 win=0.5848 kl=0.00286 rollout_s=4.95 update_s=1.09
E1 aux_e3 step=47/300 win=0.6205 kl=0.00358 rollout_s=5.02 update_s=1.08
E1 aux_e3 step=48/300 win=0.5938 kl=0.00211 rollout_s=4.95 update_s=1.08
E1 aux_e3 step=49/300 win=0.6250 kl=0.00216 rollout_s=4.93 update_s=1.15
E1 aux_e3 step=50/300 win=0.6027 kl=0.00324 rollout_s=5.15 update_s=1.12
E1 aux_e3 step=51/300 win=0.6250 kl=0.00241 rollout_s=4.94 update_s=0.98
E1 aux_e3 step=52/300 win=0.6161 kl=0.00141 rollout_s=5.04 update_s=1.06
E1 aux_e3 step=53/300 win=0.5357 kl=0.00243 rollout_s=4.94 update_s=1.09
E1 aux_e3 step=54/300 win=0.5491 kl=0.00203 rollout_s=5.01 update_s=1.05
E1 aux_e3 step=55/300 win=0.5759 kl=0.00443 rollout_s=5.01 update_s=1.00
E1 aux_e3 step=56/300 win=0.6205 kl=0.00209 rollout_s=5.02 update_s=1.12
E1 aux_e3 step=57/300 win=0.5536 kl=0.00190 rollout_s=4.97 update_s=1.00
E1 aux_e3 step=58/300 win=0.5580 kl=0.00279 rollout_s=4.97 update_s=1.10
E1 aux_e3 step=59/300 win=0.5000 kl=0.00324 rollout_s=5.03 update_s=1.15
E1 aux_e3 step=60/300 win=0.4955 kl=0.00162 rollout_s=4.98 update_s=1.09
EVAL dev_060 {'games': 448, 'wins': 276, 'win_rate': np.float64(0.6160714285714286), 'mean_cash': np.float64(103373.44419642857), 'mean_margin': np.float64(7053.377232142857)} nonkeep 2732
E1 aux_e3 step=61/300 win=0.6339 kl=0.00238 rollout_s=5.00 update_s=1.16
E1 aux_e3 step=62/300 win=0.5804 kl=0.00190 rollout_s=5.02 update_s=1.06
E1 aux_e3 step=63/300 win=0.5357 kl=0.00248 rollout_s=5.02 update_s=1.07
E1 aux_e3 step=64/300 win=0.5446 kl=0.00158 rollout_s=5.02 update_s=0.98
E1 aux_e3 step=65/300 win=0.5268 kl=0.00222 rollout_s=5.06 update_s=1.11
E1 aux_e3 step=66/300 win=0.6562 kl=0.00246 rollout_s=4.94 update_s=1.13
E1 aux_e3 step=67/300 win=0.6027 kl=0.00261 rollout_s=4.97 update_s=1.00
E1 aux_e3 step=68/300 win=0.5491 kl=0.00163 rollout_s=5.01 update_s=1.24
E1 aux_e3 step=69/300 win=0.5000 kl=0.00437 rollout_s=5.01 update_s=1.03
E1 aux_e3 step=70/300 win=0.6071 kl=0.00307 rollout_s=5.19 update_s=1.17
E1 aux_e3 step=71/300 win=0.6027 kl=0.00177 rollout_s=4.97 update_s=1.03
E1 aux_e3 step=72/300 win=0.5982 kl=0.00256 rollout_s=5.08 update_s=1.07
E1 aux_e3 step=73/300 win=0.5938 kl=0.00202 rollout_s=5.00 update_s=1.16
E1 aux_e3 step=74/300 win=0.6339 kl=0.00327 rollout_s=5.00 update_s=1.12
E1 aux_e3 step=75/300 win=0.6116 kl=0.00313 rollout_s=5.29 update_s=1.08
E1 aux_e3 step=76/300 win=0.5893 kl=0.00173 rollout_s=5.06 update_s=1.14
E1 aux_e3 step=77/300 win=0.6429 kl=0.00268 rollout_s=5.01 update_s=1.14
E1 aux_e3 step=78/300 win=0.5402 kl=0.00278 rollout_s=4.96 update_s=1.11
E1 aux_e3 step=79/300 win=0.5357 kl=0.00192 rollout_s=5.02 update_s=1.03
E1 aux_e3 step=80/300 win=0.5536 kl=0.00162 rollout_s=5.04 update_s=1.06
EVAL dev_080 {'games': 448, 'wins': 259, 'win_rate': np.float64(0.578125), 'mean_cash': np.float64(102738.796875), 'mean_margin': np.float64(5915.580357142857)} nonkeep 7320
E1 aux_e3 step=81/300 win=0.5446 kl=0.00392 rollout_s=5.09 update_s=1.00
E1 aux_e3 step=82/300 win=0.5179 kl=0.00325 rollout_s=5.04 update_s=1.20
E1 aux_e3 step=83/300 win=0.5759 kl=0.00191 rollout_s=5.15 update_s=1.07
E1 aux_e3 step=84/300 win=0.5982 kl=0.00217 rollout_s=5.22 update_s=1.11
E1 aux_e3 step=85/300 win=0.6071 kl=0.00183 rollout_s=4.93 update_s=1.21
E1 aux_e3 step=86/300 win=0.6384 kl=0.00230 rollout_s=4.99 update_s=1.05
E1 aux_e3 step=87/300 win=0.6027 kl=0.00260 rollout_s=5.06 update_s=1.15
E1 aux_e3 step=88/300 win=0.5848 kl=0.00225 rollout_s=4.98 update_s=1.25
E1 aux_e3 step=89/300 win=0.5223 kl=0.00130 rollout_s=5.13 update_s=1.09
E1 aux_e3 step=90/300 win=0.6161 kl=0.00209 rollout_s=5.07 update_s=1.08
E1 aux_e3 step=91/300 win=0.5848 kl=0.00132 rollout_s=5.04 update_s=1.17
E1 aux_e3 step=92/300 win=0.6161 kl=0.00203 rollout_s=5.08 update_s=1.09
E1 aux_e3 step=93/300 win=0.5402 kl=0.00146 rollout_s=4.98 update_s=1.28
E1 aux_e3 step=94/300 win=0.5179 kl=0.00159 rollout_s=4.97 update_s=0.97
E1 aux_e3 step=95/300 win=0.6384 kl=0.00189 rollout_s=5.04 update_s=1.12
E1 aux_e3 step=96/300 win=0.5670 kl=0.00229 rollout_s=5.03 update_s=1.31
E1 aux_e3 step=97/300 win=0.6161 kl=0.00220 rollout_s=5.04 update_s=1.09
E1 aux_e3 step=98/300 win=0.5804 kl=0.00206 rollout_s=4.98 update_s=1.16
E1 aux_e3 step=99/300 win=0.5759 kl=0.00282 rollout_s=5.00 update_s=1.09
E1 aux_e3 step=100/300 win=0.6161 kl=0.00523 rollout_s=5.22 update_s=1.23
EVAL dev_100 {'games': 448, 'wins': 240, 'win_rate': np.float64(0.5357142857142857), 'mean_cash': np.float64(102447.89955357143), 'mean_margin': np.float64(6461.113839285715)} nonkeep 5653
E1 aux_e3 step=101/300 win=0.6295 kl=0.00215 rollout_s=4.99 update_s=1.07
E1 aux_e3 step=102/300 win=0.5536 kl=0.00264 rollout_s=5.02 update_s=1.14
E1 aux_e3 step=103/300 win=0.6161 kl=0.00236 rollout_s=5.02 update_s=1.01
E1 aux_e3 step=104/300 win=0.5938 kl=0.00201 rollout_s=5.04 update_s=0.96
E1 aux_e3 step=105/300 win=0.5625 kl=0.00215 rollout_s=5.03 update_s=1.11
E1 aux_e3 step=106/300 win=0.6384 kl=0.00364 rollout_s=4.97 update_s=1.02
E1 aux_e3 step=107/300 win=0.5357 kl=0.00152 rollout_s=4.96 update_s=1.21
E1 aux_e3 step=108/300 win=0.6384 kl=0.00219 rollout_s=5.01 update_s=1.01
E1 aux_e3 step=109/300 win=0.6875 kl=0.00155 rollout_s=5.16 update_s=1.17
E1 aux_e3 step=110/300 win=0.5938 kl=0.00328 rollout_s=5.03 update_s=1.10
E1 aux_e3 step=111/300 win=0.6116 kl=0.00139 rollout_s=5.02 update_s=1.10
E1 aux_e3 step=112/300 win=0.6027 kl=0.00266 rollout_s=5.02 update_s=1.23
E1 aux_e3 step=113/300 win=0.6071 kl=0.00365 rollout_s=5.09 update_s=0.98
E1 aux_e3 step=114/300 win=0.6116 kl=0.00184 rollout_s=5.15 update_s=1.12
E1 aux_e3 step=115/300 win=0.6071 kl=0.00162 rollout_s=4.98 update_s=1.09
E1 aux_e3 step=116/300 win=0.6116 kl=0.00371 rollout_s=5.02 update_s=0.99
E1 aux_e3 step=117/300 win=0.6607 kl=0.00278 rollout_s=4.99 update_s=1.12
E1 aux_e3 step=118/300 win=0.5893 kl=0.00259 rollout_s=5.11 update_s=0.97
E1 aux_e3 step=119/300 win=0.6071 kl=0.00126 rollout_s=5.10 update_s=0.96
E1 aux_e3 step=120/300 win=0.6250 kl=0.00202 rollout_s=5.03 update_s=1.07
EVAL dev_120 {'games': 448, 'wins': 252, 'win_rate': np.float64(0.5625), 'mean_cash': np.float64(102533.61607142857), 'mean_margin': np.float64(6168.832589285715)} nonkeep 6913
E1 aux_e3 step=121/300 win=0.6027 kl=0.00230 rollout_s=4.91 update_s=1.10
E1 aux_e3 step=122/300 win=0.6071 kl=0.00178 rollout_s=5.01 update_s=0.99
E1 aux_e3 step=123/300 win=0.6295 kl=0.00218 rollout_s=5.22 update_s=1.13
E1 aux_e3 step=124/300 win=0.6250 kl=0.00210 rollout_s=4.97 update_s=1.15
E1 aux_e3 step=125/300 win=0.5893 kl=0.00163 rollout_s=5.03 update_s=0.97
E1 aux_e3 step=126/300 win=0.6205 kl=0.00325 rollout_s=5.05 update_s=1.05
E1 aux_e3 step=127/300 win=0.6562 kl=0.00156 rollout_s=5.07 update_s=1.04
E1 aux_e3 step=128/300 win=0.5982 kl=0.00250 rollout_s=5.09 update_s=0.95
E1 aux_e3 step=129/300 win=0.6250 kl=0.00145 rollout_s=5.06 update_s=1.13
E1 aux_e3 step=130/300 win=0.5446 kl=0.00213 rollout_s=5.10 update_s=1.06
E1 aux_e3 step=131/300 win=0.5893 kl=0.00189 rollout_s=5.25 update_s=1.00
E1 aux_e3 step=132/300 win=0.5402 kl=0.00187 rollout_s=5.16 update_s=1.11
E1 aux_e3 step=133/300 win=0.6786 kl=0.00186 rollout_s=5.09 update_s=1.06
E1 aux_e3 step=134/300 win=0.6161 kl=0.00333 rollout_s=5.21 update_s=1.19
E1 aux_e3 step=135/300 win=0.6429 kl=0.00240 rollout_s=5.05 update_s=0.98
E1 aux_e3 step=136/300 win=0.6964 kl=0.00137 rollout_s=5.05 update_s=1.15
E1 aux_e3 step=137/300 win=0.6027 kl=0.00347 rollout_s=4.98 update_s=1.08
E1 aux_e3 step=138/300 win=0.5893 kl=0.00254 rollout_s=5.04 update_s=1.09
E1 aux_e3 step=139/300 win=0.6161 kl=0.00149 rollout_s=5.37 update_s=1.03
E1 aux_e3 step=140/300 win=0.5491 kl=0.00079 rollout_s=5.23 update_s=1.01
EVAL dev_140 {'games': 448, 'wins': 259, 'win_rate': np.float64(0.578125), 'mean_cash': np.float64(102779.08928571429), 'mean_margin': np.float64(6257.825892857143)} nonkeep 7486
E1 aux_e3 step=141/300 win=0.6071 kl=0.00282 rollout_s=5.07 update_s=1.09
E1 aux_e3 step=142/300 win=0.6607 kl=0.00325 rollout_s=5.00 update_s=0.94
E1 aux_e3 step=143/300 win=0.5491 kl=0.00153 rollout_s=5.09 update_s=1.14
E1 aux_e3 step=144/300 win=0.5268 kl=0.00202 rollout_s=5.07 update_s=1.04
E1 aux_e3 step=145/300 win=0.5804 kl=0.00211 rollout_s=4.97 update_s=1.09
E1 aux_e3 step=146/300 win=0.5893 kl=0.00338 rollout_s=5.08 update_s=1.20
E1 aux_e3 step=147/300 win=0.5357 kl=0.00202 rollout_s=5.01 update_s=1.05
E1 aux_e3 step=148/300 win=0.5491 kl=0.00284 rollout_s=5.20 update_s=1.03
E1 aux_e3 step=149/300 win=0.6161 kl=0.00115 rollout_s=5.06 update_s=1.10
E1 aux_e3 step=150/300 win=0.6071 kl=0.00293 rollout_s=5.02 update_s=1.09
E1 aux_e3 step=151/300 win=0.5580 kl=0.00391 rollout_s=5.00 update_s=1.15
E1 aux_e3 step=152/300 win=0.6205 kl=0.00282 rollout_s=5.00 update_s=1.08
E1 aux_e3 step=153/300 win=0.5982 kl=0.00286 rollout_s=5.24 update_s=1.07
E1 aux_e3 step=154/300 win=0.5670 kl=0.00240 rollout_s=5.06 update_s=1.07
E1 aux_e3 step=155/300 win=0.6027 kl=0.00323 rollout_s=5.03 update_s=1.19
E1 aux_e3 step=156/300 win=0.5580 kl=0.00244 rollout_s=5.09 update_s=1.09
E1 aux_e3 step=157/300 win=0.6161 kl=0.00184 rollout_s=4.97 update_s=1.18
E1 aux_e3 step=158/300 win=0.5938 kl=0.00349 rollout_s=5.07 update_s=1.06
E1 aux_e3 step=159/300 win=0.5491 kl=0.00315 rollout_s=5.10 update_s=1.05
E1 aux_e3 step=160/300 win=0.6116 kl=0.00334 rollout_s=5.04 update_s=1.16
EVAL dev_160 {'games': 448, 'wins': 244, 'win_rate': np.float64(0.5446428571428571), 'mean_cash': np.float64(102708.88839285714), 'mean_margin': np.float64(6520.794642857143)} nonkeep 7231
E1 aux_e3 step=161/300 win=0.6250 kl=0.00201 rollout_s=5.11 update_s=1.09
E1 aux_e3 step=162/300 win=0.6116 kl=0.00287 rollout_s=5.22 update_s=1.10
E1 aux_e3 step=163/300 win=0.5714 kl=0.00332 rollout_s=5.08 update_s=1.09
E1 aux_e3 step=164/300 win=0.6161 kl=0.00259 rollout_s=5.05 update_s=1.11
E1 aux_e3 step=165/300 win=0.5893 kl=0.00283 rollout_s=5.05 update_s=1.13
E1 aux_e3 step=166/300 win=0.6027 kl=0.00219 rollout_s=5.00 update_s=0.99
E1 aux_e3 step=167/300 win=0.6607 kl=0.00279 rollout_s=5.12 update_s=0.95
E1 aux_e3 step=168/300 win=0.5938 kl=0.00232 rollout_s=4.97 update_s=1.09
E1 aux_e3 step=169/300 win=0.5446 kl=0.00497 rollout_s=4.97 update_s=1.07
E1 aux_e3 step=170/300 win=0.6295 kl=0.00320 rollout_s=5.02 update_s=1.26
E1 aux_e3 step=171/300 win=0.6920 kl=0.00283 rollout_s=5.09 update_s=1.14
E1 aux_e3 step=172/300 win=0.5446 kl=0.00312 rollout_s=5.04 update_s=1.01
E1 aux_e3 step=173/300 win=0.6295 kl=0.00149 rollout_s=5.24 update_s=1.04
E1 aux_e3 step=174/300 win=0.5625 kl=0.00214 rollout_s=5.00 update_s=1.16
E1 aux_e3 step=175/300 win=0.5804 kl=0.00253 rollout_s=5.13 update_s=1.10
E1 aux_e3 step=176/300 win=0.5670 kl=0.00407 rollout_s=5.04 update_s=1.16
E1 aux_e3 step=177/300 win=0.6652 kl=0.00280 rollout_s=5.03 update_s=1.04
E1 aux_e3 step=178/300 win=0.5982 kl=0.00263 rollout_s=5.51 update_s=1.05
E1 aux_e3 step=179/300 win=0.5580 kl=0.00198 rollout_s=5.01 update_s=1.15
E1 aux_e3 step=180/300 win=0.5491 kl=0.00406 rollout_s=5.04 update_s=1.10
EVAL dev_180 {'games': 448, 'wins': 246, 'win_rate': np.float64(0.5491071428571429), 'mean_cash': np.float64(102296.81696428571), 'mean_margin': np.float64(6283.138392857143)} nonkeep 6300
E1 aux_e3 step=181/300 win=0.5982 kl=0.00274 rollout_s=5.07 update_s=0.99
E1 aux_e3 step=182/300 win=0.6473 kl=0.00324 rollout_s=5.11 update_s=1.09
E1 aux_e3 step=183/300 win=0.5536 kl=0.00284 rollout_s=5.01 update_s=1.12
E1 aux_e3 step=184/300 win=0.5670 kl=0.00308 rollout_s=5.04 update_s=1.11
E1 aux_e3 step=185/300 win=0.6116 kl=0.00216 rollout_s=5.06 update_s=1.08
E1 aux_e3 step=186/300 win=0.5893 kl=0.00372 rollout_s=4.98 update_s=1.06
E1 aux_e3 step=187/300 win=0.6696 kl=0.00264 rollout_s=5.13 update_s=1.09
E1 aux_e3 step=188/300 win=0.5938 kl=0.00338 rollout_s=5.19 update_s=1.03
E1 aux_e3 step=189/300 win=0.6429 kl=0.00280 rollout_s=5.10 update_s=1.21
E1 aux_e3 step=190/300 win=0.5759 kl=0.00229 rollout_s=5.05 update_s=1.04
E1 aux_e3 step=191/300 win=0.6027 kl=0.00243 rollout_s=4.97 update_s=1.14
E1 aux_e3 step=192/300 win=0.5179 kl=0.00182 rollout_s=5.12 update_s=1.20
E1 aux_e3 step=193/300 win=0.5759 kl=0.00192 rollout_s=4.91 update_s=1.11
E1 aux_e3 step=194/300 win=0.5714 kl=0.00308 rollout_s=4.99 update_s=1.15
E1 aux_e3 step=195/300 win=0.6786 kl=0.00347 rollout_s=5.00 update_s=1.00
E1 aux_e3 step=196/300 win=0.5179 kl=0.00317 rollout_s=4.99 update_s=1.05
E1 aux_e3 step=197/300 win=0.5536 kl=0.00250 rollout_s=5.06 update_s=0.98
E1 aux_e3 step=198/300 win=0.6339 kl=0.00205 rollout_s=5.13 update_s=1.11
E1 aux_e3 step=199/300 win=0.5714 kl=0.00285 rollout_s=5.00 update_s=1.18
E1 aux_e3 step=200/300 win=0.6161 kl=0.00186 rollout_s=4.99 update_s=1.07
EVAL dev_200 {'games': 448, 'wins': 261, 'win_rate': np.float64(0.5825892857142857), 'mean_cash': np.float64(102607.23214285714), 'mean_margin': np.float64(6629.292410714285)} nonkeep 7666
E1 aux_e3 step=201/300 win=0.6161 kl=0.00242 rollout_s=5.13 update_s=1.01
E1 aux_e3 step=202/300 win=0.5402 kl=0.00311 rollout_s=5.04 update_s=1.31
E1 aux_e3 step=203/300 win=0.5179 kl=0.00246 rollout_s=4.97 update_s=1.00
E1 aux_e3 step=204/300 win=0.6027 kl=0.00242 rollout_s=4.96 update_s=1.17
E1 aux_e3 step=205/300 win=0.5982 kl=0.00263 rollout_s=4.99 update_s=1.22
E1 aux_e3 step=206/300 win=0.6205 kl=0.00396 rollout_s=4.99 update_s=0.96
E1 aux_e3 step=207/300 win=0.6071 kl=0.00380 rollout_s=5.13 update_s=1.16
E1 aux_e3 step=208/300 win=0.5357 kl=0.00240 rollout_s=5.02 update_s=1.06
E1 aux_e3 step=209/300 win=0.5938 kl=0.00188 rollout_s=4.97 update_s=1.06
E1 aux_e3 step=210/300 win=0.5982 kl=0.00184 rollout_s=4.91 update_s=1.16
E1 aux_e3 step=211/300 win=0.5714 kl=0.00204 rollout_s=5.01 update_s=0.99
E1 aux_e3 step=212/300 win=0.5714 kl=0.00313 rollout_s=5.16 update_s=1.02
E1 aux_e3 step=213/300 win=0.6518 kl=0.00422 rollout_s=4.95 update_s=1.09
E1 aux_e3 step=214/300 win=0.5714 kl=0.00243 rollout_s=5.06 update_s=1.07
E1 aux_e3 step=215/300 win=0.6295 kl=0.00280 rollout_s=4.92 update_s=1.06
E1 aux_e3 step=216/300 win=0.6161 kl=0.00270 rollout_s=4.98 update_s=1.07
E1 aux_e3 step=217/300 win=0.5804 kl=0.00412 rollout_s=5.12 update_s=0.95
E1 aux_e3 step=218/300 win=0.5134 kl=0.00186 rollout_s=5.03 update_s=1.14
E1 aux_e3 step=219/300 win=0.5536 kl=0.00370 rollout_s=5.03 update_s=1.09
E1 aux_e3 step=220/300 win=0.5848 kl=0.00319 rollout_s=4.98 update_s=1.07
EVAL dev_220 {'games': 448, 'wins': 263, 'win_rate': np.float64(0.5870535714285714), 'mean_cash': np.float64(101567.140625), 'mean_margin': np.float64(5667.305803571428)} nonkeep 6687
E1 aux_e3 step=221/300 win=0.5580 kl=0.00219 rollout_s=5.12 update_s=1.06
E1 aux_e3 step=222/300 win=0.5670 kl=0.00301 rollout_s=5.10 update_s=1.04
E1 aux_e3 step=223/300 win=0.5580 kl=0.00211 rollout_s=5.01 update_s=1.10
E1 aux_e3 step=224/300 win=0.6339 kl=0.00371 rollout_s=4.95 update_s=1.06
E1 aux_e3 step=225/300 win=0.5223 kl=0.00237 rollout_s=5.00 update_s=1.12
E1 aux_e3 step=226/300 win=0.6116 kl=0.00178 rollout_s=5.02 update_s=1.04
E1 aux_e3 step=227/300 win=0.6027 kl=0.00366 rollout_s=4.96 update_s=1.13
E1 aux_e3 step=228/300 win=0.6071 kl=0.00409 rollout_s=4.96 update_s=1.03
E1 aux_e3 step=229/300 win=0.5759 kl=0.00306 rollout_s=4.96 update_s=1.02
E1 aux_e3 step=230/300 win=0.5670 kl=0.00504 rollout_s=4.93 update_s=1.05
E1 aux_e3 step=231/300 win=0.5670 kl=0.00279 rollout_s=4.91 update_s=1.05
E1 aux_e3 step=232/300 win=0.6071 kl=0.00328 rollout_s=5.14 update_s=1.12
E1 aux_e3 step=233/300 win=0.6071 kl=0.00244 rollout_s=4.96 update_s=1.05
E1 aux_e3 step=234/300 win=0.5670 kl=0.00200 rollout_s=5.02 update_s=1.07
E1 aux_e3 step=235/300 win=0.5491 kl=0.00220 rollout_s=5.01 update_s=1.17
E1 aux_e3 step=236/300 win=0.5670 kl=0.00292 rollout_s=4.99 update_s=1.16
E1 aux_e3 step=237/300 win=0.5580 kl=0.00326 rollout_s=5.10 update_s=1.03
E1 aux_e3 step=238/300 win=0.6027 kl=0.00307 rollout_s=4.93 update_s=1.07
E1 aux_e3 step=239/300 win=0.6161 kl=0.00215 rollout_s=4.95 update_s=1.18
E1 aux_e3 step=240/300 win=0.5848 kl=0.00349 rollout_s=4.98 update_s=1.08
EVAL dev_240 {'games': 448, 'wins': 262, 'win_rate': np.float64(0.5848214285714286), 'mean_cash': np.float64(100006.25669642857), 'mean_margin': np.float64(6860.122767857143)} nonkeep 7974
E1 aux_e3 step=241/300 win=0.5893 kl=0.00272 rollout_s=5.13 update_s=1.12
E1 aux_e3 step=242/300 win=0.6161 kl=0.00390 rollout_s=4.98 update_s=1.05
E1 aux_e3 step=243/300 win=0.6027 kl=0.00279 rollout_s=5.06 update_s=1.08
E1 aux_e3 step=244/300 win=0.5625 kl=0.00341 rollout_s=4.96 update_s=1.16
E1 aux_e3 step=245/300 win=0.5312 kl=0.00241 rollout_s=4.99 update_s=1.06
E1 aux_e3 step=246/300 win=0.5804 kl=0.00253 rollout_s=5.15 update_s=1.07
E1 aux_e3 step=247/300 win=0.4866 kl=0.00274 rollout_s=4.94 update_s=1.15
E1 aux_e3 step=248/300 win=0.5848 kl=0.00237 rollout_s=5.19 update_s=1.13
E1 aux_e3 step=249/300 win=0.6027 kl=0.00351 rollout_s=5.22 update_s=1.03
E1 aux_e3 step=250/300 win=0.5625 kl=0.00271 rollout_s=5.11 update_s=1.14
E1 aux_e3 step=251/300 win=0.5982 kl=0.00208 rollout_s=5.21 update_s=0.96
E1 aux_e3 step=252/300 win=0.5848 kl=0.00285 rollout_s=5.07 update_s=1.06
E1 aux_e3 step=253/300 win=0.5580 kl=0.00287 rollout_s=4.96 update_s=1.09
E1 aux_e3 step=254/300 win=0.5491 kl=0.00289 rollout_s=4.99 update_s=1.14
E1 aux_e3 step=255/300 win=0.6205 kl=0.00395 rollout_s=5.15 update_s=1.04
E1 aux_e3 step=256/300 win=0.5938 kl=0.00349 rollout_s=5.08 update_s=1.10
E1 aux_e3 step=257/300 win=0.5402 kl=0.00230 rollout_s=5.23 update_s=1.11
E1 aux_e3 step=258/300 win=0.6071 kl=0.00287 rollout_s=4.99 update_s=1.06
E1 aux_e3 step=259/300 win=0.6250 kl=0.00299 rollout_s=4.91 update_s=1.08
E1 aux_e3 step=260/300 win=0.5893 kl=0.00270 rollout_s=4.94 update_s=1.07
EVAL dev_260 {'games': 448, 'wins': 263, 'win_rate': np.float64(0.5870535714285714), 'mean_cash': np.float64(101235.89732142857), 'mean_margin': np.float64(7003.962053571428)} nonkeep 7532
E1 aux_e3 step=261/300 win=0.5357 kl=0.00239 rollout_s=4.95 update_s=0.98
E1 aux_e3 step=262/300 win=0.6027 kl=0.00374 rollout_s=5.14 update_s=1.21
E1 aux_e3 step=263/300 win=0.4821 kl=0.00223 rollout_s=5.09 update_s=1.12
E1 aux_e3 step=264/300 win=0.5759 kl=0.00363 rollout_s=5.19 update_s=1.07
E1 aux_e3 step=265/300 win=0.5268 kl=0.00410 rollout_s=4.94 update_s=1.01
E1 aux_e3 step=266/300 win=0.5938 kl=0.00283 rollout_s=5.16 update_s=1.16
E1 aux_e3 step=267/300 win=0.5938 kl=0.00335 rollout_s=5.02 update_s=1.13
E1 aux_e3 step=268/300 win=0.6027 kl=0.00301 rollout_s=5.03 update_s=1.11
E1 aux_e3 step=269/300 win=0.5982 kl=0.00239 rollout_s=4.98 update_s=1.03
E1 aux_e3 step=270/300 win=0.5893 kl=0.00222 rollout_s=5.01 update_s=1.13
E1 aux_e3 step=271/300 win=0.5759 kl=0.00276 rollout_s=5.13 update_s=1.00
E1 aux_e3 step=272/300 win=0.6250 kl=0.00326 rollout_s=5.07 update_s=1.16
E1 aux_e3 step=273/300 win=0.5625 kl=0.00274 rollout_s=4.94 update_s=1.06
E1 aux_e3 step=274/300 win=0.6071 kl=0.00259 rollout_s=4.97 update_s=1.05
E1 aux_e3 step=275/300 win=0.5714 kl=0.00332 rollout_s=5.04 update_s=1.09
E1 aux_e3 step=276/300 win=0.6161 kl=0.00330 rollout_s=5.15 update_s=0.99
E1 aux_e3 step=277/300 win=0.6161 kl=0.00267 rollout_s=4.96 update_s=1.25
E1 aux_e3 step=278/300 win=0.6116 kl=0.00214 rollout_s=5.23 update_s=1.06
E1 aux_e3 step=279/300 win=0.5893 kl=0.00295 rollout_s=5.01 update_s=1.14
E1 aux_e3 step=280/300 win=0.5446 kl=0.00222 rollout_s=5.11 update_s=1.10
EVAL dev_280 {'games': 448, 'wins': 286, 'win_rate': np.float64(0.6383928571428571), 'mean_cash': np.float64(101241.53571428571), 'mean_margin': np.float64(7520.694196428572)} nonkeep 8211
E1 aux_e3 step=281/300 win=0.5625 kl=0.00287 rollout_s=5.01 update_s=1.15
E1 aux_e3 step=282/300 win=0.6027 kl=0.00342 rollout_s=4.94 update_s=1.18
E1 aux_e3 step=283/300 win=0.6027 kl=0.00411 rollout_s=5.02 update_s=1.16
E1 aux_e3 step=284/300 win=0.5625 kl=0.00283 rollout_s=5.12 update_s=1.15
E1 aux_e3 step=285/300 win=0.5938 kl=0.00163 rollout_s=5.19 update_s=1.16
E1 aux_e3 step=286/300 win=0.6250 kl=0.00248 rollout_s=4.97 update_s=1.06
E1 aux_e3 step=287/300 win=0.5804 kl=0.00456 rollout_s=4.97 update_s=1.04
E1 aux_e3 step=288/300 win=0.5804 kl=0.00307 rollout_s=5.08 update_s=1.20
E1 aux_e3 step=289/300 win=0.5759 kl=0.00252 rollout_s=5.06 update_s=1.02
E1 aux_e3 step=290/300 win=0.6116 kl=0.00277 rollout_s=5.09 update_s=0.95
E1 aux_e3 step=291/300 win=0.5670 kl=0.00312 rollout_s=5.08 update_s=1.05
E1 aux_e3 step=292/300 win=0.6027 kl=0.00257 rollout_s=5.01 update_s=1.10
E1 aux_e3 step=293/300 win=0.6161 kl=0.00367 rollout_s=5.05 update_s=1.06
E1 aux_e3 step=294/300 win=0.5982 kl=0.00299 rollout_s=4.99 update_s=1.05
E1 aux_e3 step=295/300 win=0.5625 kl=0.00267 rollout_s=5.14 update_s=1.10
E1 aux_e3 step=296/300 win=0.6161 kl=0.00255 rollout_s=5.20 update_s=1.08
E1 aux_e3 step=297/300 win=0.5893 kl=0.00245 rollout_s=4.97 update_s=1.21
E1 aux_e3 step=298/300 win=0.6518 kl=0.00267 rollout_s=4.99 update_s=1.10
E1 aux_e3 step=299/300 win=0.6384 kl=0.00243 rollout_s=5.03 update_s=1.23
E1 aux_e3 step=300/300 win=0.5714 kl=0.00317 rollout_s=5.00 update_s=0.98
EVAL dev_300 {'games': 448, 'wins': 287, 'win_rate': np.float64(0.640625), 'mean_cash': np.float64(101356.97098214286), 'mean_margin': np.float64(6500.729910714285)} nonkeep 5626
EVAL final_test {'games': 1400, 'wins': 868, 'win_rate': np.float64(0.62), 'mean_cash': np.float64(99977.32), 'mean_margin': np.float64(7749.654285714286)} nonkeep 18221
E1_REPEAT_COMPLETE aux_e3 final_test_win_rate=0.6200
E1 aux_e4 step=1/300 win=0.5536 kl=0.00007 rollout_s=4.94 update_s=1.08
E1 aux_e4 step=2/300 win=0.4777 kl=0.00032 rollout_s=5.03 update_s=1.10
E1 aux_e4 step=3/300 win=0.5804 kl=0.00114 rollout_s=5.04 update_s=1.17
E1 aux_e4 step=4/300 win=0.5580 kl=0.00141 rollout_s=4.98 update_s=1.04
E1 aux_e4 step=5/300 win=0.4643 kl=0.00059 rollout_s=5.14 update_s=1.08
E1 aux_e4 step=6/300 win=0.4732 kl=0.00029 rollout_s=4.91 update_s=1.02
E1 aux_e4 step=7/300 win=0.5000 kl=0.00284 rollout_s=4.99 update_s=1.04
E1 aux_e4 step=8/300 win=0.5402 kl=0.00050 rollout_s=4.94 update_s=1.13
E1 aux_e4 step=9/300 win=0.5134 kl=0.00043 rollout_s=5.05 update_s=1.23
E1 aux_e4 step=10/300 win=0.4598 kl=0.00081 rollout_s=5.03 update_s=0.93
E1 aux_e4 step=11/300 win=0.5357 kl=0.00100 rollout_s=4.87 update_s=1.25
E1 aux_e4 step=12/300 win=0.5357 kl=0.00265 rollout_s=4.96 update_s=1.06
E1 aux_e4 step=13/300 win=0.5357 kl=0.00172 rollout_s=4.90 update_s=1.12
E1 aux_e4 step=14/300 win=0.5536 kl=0.00102 rollout_s=4.98 update_s=1.06
E1 aux_e4 step=15/300 win=0.4688 kl=0.00176 rollout_s=4.94 update_s=1.00
E1 aux_e4 step=16/300 win=0.4732 kl=0.00079 rollout_s=5.17 update_s=1.08
E1 aux_e4 step=17/300 win=0.4955 kl=0.00133 rollout_s=5.00 update_s=0.98
E1 aux_e4 step=18/300 win=0.5625 kl=0.00201 rollout_s=4.94 update_s=1.22
E1 aux_e4 step=19/300 win=0.4866 kl=0.00238 rollout_s=4.93 update_s=1.06
E1 aux_e4 step=20/300 win=0.4688 kl=0.00194 rollout_s=5.02 update_s=1.12
EVAL dev_020 {'games': 448, 'wins': 274, 'win_rate': np.float64(0.6116071428571429), 'mean_cash': np.float64(104061.43303571429), 'mean_margin': np.float64(7783.805803571428)} nonkeep 0
E1 aux_e4 step=21/300 win=0.5446 kl=0.00305 rollout_s=5.07 update_s=1.13
E1 aux_e4 step=22/300 win=0.5045 kl=0.00101 rollout_s=4.95 update_s=1.00
E1 aux_e4 step=23/300 win=0.5223 kl=0.00178 rollout_s=4.92 update_s=0.98
E1 aux_e4 step=24/300 win=0.4955 kl=0.00138 rollout_s=4.94 update_s=1.08
E1 aux_e4 step=25/300 win=0.5759 kl=0.00198 rollout_s=5.15 update_s=1.02
E1 aux_e4 step=26/300 win=0.5580 kl=0.00275 rollout_s=4.90 update_s=1.06
E1 aux_e4 step=27/300 win=0.5580 kl=0.00261 rollout_s=4.90 update_s=1.11
E1 aux_e4 step=28/300 win=0.5491 kl=0.00175 rollout_s=5.07 update_s=0.98
E1 aux_e4 step=29/300 win=0.5357 kl=0.00161 rollout_s=4.93 update_s=1.01
E1 aux_e4 step=30/300 win=0.5536 kl=0.00073 rollout_s=5.05 update_s=0.95
E1 aux_e4 step=31/300 win=0.5089 kl=0.00251 rollout_s=4.97 update_s=1.12
E1 aux_e4 step=32/300 win=0.5357 kl=0.00410 rollout_s=4.92 update_s=1.01
E1 aux_e4 step=33/300 win=0.5982 kl=0.00424 rollout_s=4.93 update_s=1.12
E1 aux_e4 step=34/300 win=0.5804 kl=0.00496 rollout_s=5.04 update_s=1.01
E1 aux_e4 step=35/300 win=0.5714 kl=0.00271 rollout_s=4.94 update_s=1.02
E1 aux_e4 step=36/300 win=0.5759 kl=0.00215 rollout_s=5.13 update_s=1.06
E1 aux_e4 step=37/300 win=0.5491 kl=0.00336 rollout_s=4.97 update_s=1.11
E1 aux_e4 step=38/300 win=0.4955 kl=0.00304 rollout_s=5.01 update_s=1.08
E1 aux_e4 step=39/300 win=0.5045 kl=0.00308 rollout_s=4.93 update_s=1.09
E1 aux_e4 step=40/300 win=0.5179 kl=0.00253 rollout_s=5.01 update_s=1.12
EVAL dev_040 {'games': 448, 'wins': 275, 'win_rate': np.float64(0.6138392857142857), 'mean_cash': np.float64(104045.89508928571), 'mean_margin': np.float64(7781.410714285715)} nonkeep 6
E1 aux_e4 step=41/300 win=0.6652 kl=0.00377 rollout_s=4.99 update_s=1.02
E1 aux_e4 step=42/300 win=0.5893 kl=0.00438 rollout_s=5.02 update_s=1.18
E1 aux_e4 step=43/300 win=0.5580 kl=0.00257 rollout_s=4.94 update_s=1.08
E1 aux_e4 step=44/300 win=0.6116 kl=0.00222 rollout_s=4.97 update_s=0.96
E1 aux_e4 step=45/300 win=0.5670 kl=0.00427 rollout_s=5.15 update_s=1.05
E1 aux_e4 step=46/300 win=0.6161 kl=0.00204 rollout_s=4.98 update_s=1.09
E1 aux_e4 step=47/300 win=0.6116 kl=0.00222 rollout_s=5.00 update_s=1.13
E1 aux_e4 step=48/300 win=0.5938 kl=0.00206 rollout_s=5.15 update_s=1.09
E1 aux_e4 step=49/300 win=0.6384 kl=0.00346 rollout_s=5.00 update_s=1.15
E1 aux_e4 step=50/300 win=0.6027 kl=0.00387 rollout_s=5.17 update_s=1.11
E1 aux_e4 step=51/300 win=0.5893 kl=0.00377 rollout_s=4.96 update_s=1.02
E1 aux_e4 step=52/300 win=0.6161 kl=0.00266 rollout_s=4.97 update_s=1.10
E1 aux_e4 step=53/300 win=0.5759 kl=0.00362 rollout_s=4.97 update_s=1.15
E1 aux_e4 step=54/300 win=0.6696 kl=0.00424 rollout_s=4.93 update_s=1.06
E1 aux_e4 step=55/300 win=0.6562 kl=0.00411 rollout_s=5.05 update_s=1.08
E1 aux_e4 step=56/300 win=0.5982 kl=0.00390 rollout_s=5.17 update_s=1.06
E1 aux_e4 step=57/300 win=0.5446 kl=0.00366 rollout_s=5.04 update_s=1.16
E1 aux_e4 step=58/300 win=0.5804 kl=0.00240 rollout_s=5.07 update_s=1.11
E1 aux_e4 step=59/300 win=0.6027 kl=0.00271 rollout_s=4.95 update_s=1.14
E1 aux_e4 step=60/300 win=0.6518 kl=0.00185 rollout_s=4.99 update_s=1.12
EVAL dev_060 {'games': 448, 'wins': 264, 'win_rate': np.float64(0.5892857142857143), 'mean_cash': np.float64(105336.94866071429), 'mean_margin': np.float64(7534.270089285715)} nonkeep 792
E1 aux_e4 step=61/300 win=0.5268 kl=0.00360 rollout_s=4.98 update_s=1.02
E1 aux_e4 step=62/300 win=0.6250 kl=0.00381 rollout_s=4.93 update_s=1.21
E1 aux_e4 step=63/300 win=0.6205 kl=0.00442 rollout_s=4.93 update_s=1.12
E1 aux_e4 step=64/300 win=0.5670 kl=0.00197 rollout_s=5.03 update_s=0.92
E1 aux_e4 step=65/300 win=0.5625 kl=0.00153 rollout_s=5.09 update_s=1.13
E1 aux_e4 step=66/300 win=0.5580 kl=0.00564 rollout_s=5.01 update_s=1.08
E1 aux_e4 step=67/300 win=0.5759 kl=0.00219 rollout_s=5.04 update_s=1.06
E1 aux_e4 step=68/300 win=0.6116 kl=0.00154 rollout_s=4.92 update_s=1.04
E1 aux_e4 step=69/300 win=0.5893 kl=0.00167 rollout_s=4.99 update_s=1.24
E1 aux_e4 step=70/300 win=0.4688 kl=0.00128 rollout_s=5.18 update_s=1.21
E1 aux_e4 step=71/300 win=0.6205 kl=0.00163 rollout_s=5.05 update_s=1.07
E1 aux_e4 step=72/300 win=0.6250 kl=0.00128 rollout_s=5.00 update_s=1.08
E1 aux_e4 step=73/300 win=0.6071 kl=0.00275 rollout_s=4.99 update_s=1.13
E1 aux_e4 step=74/300 win=0.6205 kl=0.00211 rollout_s=5.08 update_s=1.12
E1 aux_e4 step=75/300 win=0.5804 kl=0.00220 rollout_s=5.06 update_s=1.04
E1 aux_e4 step=76/300 win=0.5848 kl=0.00531 rollout_s=4.96 update_s=1.10
E1 aux_e4 step=77/300 win=0.5089 kl=0.00143 rollout_s=4.98 update_s=1.16
E1 aux_e4 step=78/300 win=0.5357 kl=0.00158 rollout_s=5.00 update_s=1.11
E1 aux_e4 step=79/300 win=0.5045 kl=0.00258 rollout_s=5.04 update_s=1.19
E1 aux_e4 step=80/300 win=0.5446 kl=0.00491 rollout_s=4.94 update_s=0.96
EVAL dev_080 {'games': 448, 'wins': 272, 'win_rate': np.float64(0.6071428571428571), 'mean_cash': np.float64(103841.48883928571), 'mean_margin': np.float64(7272.792410714285)} nonkeep 246
E1 aux_e4 step=81/300 win=0.6518 kl=0.00199 rollout_s=4.93 update_s=1.11
E1 aux_e4 step=82/300 win=0.5357 kl=0.00326 rollout_s=5.04 update_s=1.15
E1 aux_e4 step=83/300 win=0.6071 kl=0.00208 rollout_s=5.03 update_s=1.21
E1 aux_e4 step=84/300 win=0.5759 kl=0.00155 rollout_s=5.13 update_s=1.12
E1 aux_e4 step=85/300 win=0.5580 kl=0.00386 rollout_s=4.99 update_s=1.21
E1 aux_e4 step=86/300 win=0.6027 kl=0.00209 rollout_s=4.97 update_s=1.10
E1 aux_e4 step=87/300 win=0.5089 kl=0.00268 rollout_s=5.03 update_s=1.09
E1 aux_e4 step=88/300 win=0.5804 kl=0.00355 rollout_s=5.04 update_s=1.16
E1 aux_e4 step=89/300 win=0.5446 kl=0.00209 rollout_s=4.95 update_s=1.03
E1 aux_e4 step=90/300 win=0.5223 kl=0.00386 rollout_s=5.07 update_s=1.01
E1 aux_e4 step=91/300 win=0.5268 kl=0.00239 rollout_s=5.04 update_s=1.21
E1 aux_e4 step=92/300 win=0.6429 kl=0.00316 rollout_s=5.04 update_s=1.06
E1 aux_e4 step=93/300 win=0.5938 kl=0.00532 rollout_s=5.07 update_s=1.08
E1 aux_e4 step=94/300 win=0.5759 kl=0.00399 rollout_s=5.09 update_s=1.06
E1 aux_e4 step=95/300 win=0.6250 kl=0.00368 rollout_s=5.19 update_s=1.10
E1 aux_e4 step=96/300 win=0.5714 kl=0.00205 rollout_s=5.01 update_s=1.20
E1 aux_e4 step=97/300 win=0.6027 kl=0.00272 rollout_s=4.95 update_s=1.04
E1 aux_e4 step=98/300 win=0.5982 kl=0.00435 rollout_s=4.96 update_s=1.15
E1 aux_e4 step=99/300 win=0.5804 kl=0.00200 rollout_s=4.97 update_s=1.08
E1 aux_e4 step=100/300 win=0.6295 kl=0.00291 rollout_s=5.10 update_s=1.15
EVAL dev_100 {'games': 448, 'wins': 249, 'win_rate': np.float64(0.5558035714285714), 'mean_cash': np.float64(100593.91071428571), 'mean_margin': np.float64(6120.59375)} nonkeep 4544
E1 aux_e4 step=101/300 win=0.5804 kl=0.00253 rollout_s=4.99 update_s=1.14
E1 aux_e4 step=102/300 win=0.5714 kl=0.00307 rollout_s=5.03 update_s=1.10
E1 aux_e4 step=103/300 win=0.6339 kl=0.00152 rollout_s=5.05 update_s=1.02
E1 aux_e4 step=104/300 win=0.5759 kl=0.00291 rollout_s=5.12 update_s=1.17
E1 aux_e4 step=105/300 win=0.6339 kl=0.00273 rollout_s=4.91 update_s=1.12
E1 aux_e4 step=106/300 win=0.5536 kl=0.00269 rollout_s=5.03 update_s=1.03
E1 aux_e4 step=107/300 win=0.5848 kl=0.00433 rollout_s=4.98 update_s=1.18
E1 aux_e4 step=108/300 win=0.6071 kl=0.00475 rollout_s=4.99 update_s=1.04
E1 aux_e4 step=109/300 win=0.5759 kl=0.00204 rollout_s=5.18 update_s=1.11
E1 aux_e4 step=110/300 win=0.5625 kl=0.00447 rollout_s=4.95 update_s=1.04
E1 aux_e4 step=111/300 win=0.5893 kl=0.00365 rollout_s=5.04 update_s=1.07
E1 aux_e4 step=112/300 win=0.5446 kl=0.00272 rollout_s=5.02 update_s=1.03
E1 aux_e4 step=113/300 win=0.6071 kl=0.00268 rollout_s=5.03 update_s=1.22
E1 aux_e4 step=114/300 win=0.6339 kl=0.00421 rollout_s=4.99 update_s=0.98
E1 aux_e4 step=115/300 win=0.6161 kl=0.00221 rollout_s=5.11 update_s=1.01
E1 aux_e4 step=116/300 win=0.6027 kl=0.00364 rollout_s=5.71 update_s=1.03
E1 aux_e4 step=117/300 win=0.6027 kl=0.00442 rollout_s=5.44 update_s=0.99
E1 aux_e4 step=118/300 win=0.5804 kl=0.00197 rollout_s=5.27 update_s=1.01
E1 aux_e4 step=119/300 win=0.5982 kl=0.00288 rollout_s=5.33 update_s=0.95
E1 aux_e4 step=120/300 win=0.5714 kl=0.00307 rollout_s=5.35 update_s=1.01
EVAL dev_120 {'games': 448, 'wins': 270, 'win_rate': np.float64(0.6026785714285714), 'mean_cash': np.float64(103645.47767857143), 'mean_margin': np.float64(7268.515625)} nonkeep 898
E1 aux_e4 step=121/300 win=0.6205 kl=0.00262 rollout_s=5.35 update_s=0.92
E1 aux_e4 step=122/300 win=0.6116 kl=0.00190 rollout_s=5.29 update_s=1.03
E1 aux_e4 step=123/300 win=0.5580 kl=0.00117 rollout_s=5.63 update_s=1.01
E1 aux_e4 step=124/300 win=0.5268 kl=0.00187 rollout_s=5.45 update_s=1.05
E1 aux_e4 step=125/300 win=0.6250 kl=0.00353 rollout_s=4.93 update_s=1.07
E1 aux_e4 step=126/300 win=0.6250 kl=0.00268 rollout_s=5.01 update_s=1.04
E1 aux_e4 step=127/300 win=0.5580 kl=0.00193 rollout_s=4.98 update_s=1.01
E1 aux_e4 step=128/300 win=0.6071 kl=0.00255 rollout_s=5.02 update_s=0.98
E1 aux_e4 step=129/300 win=0.5938 kl=0.00466 rollout_s=5.09 update_s=1.11
E1 aux_e4 step=130/300 win=0.5893 kl=0.00340 rollout_s=5.11 update_s=1.04
E1 aux_e4 step=131/300 win=0.6071 kl=0.00385 rollout_s=5.04 update_s=1.12
E1 aux_e4 step=132/300 win=0.5491 kl=0.00204 rollout_s=4.97 update_s=1.10
E1 aux_e4 step=133/300 win=0.6116 kl=0.00283 rollout_s=4.98 update_s=1.07
E1 aux_e4 step=134/300 win=0.5625 kl=0.00252 rollout_s=5.20 update_s=1.12
E1 aux_e4 step=135/300 win=0.6696 kl=0.00290 rollout_s=4.92 update_s=1.07
E1 aux_e4 step=136/300 win=0.6562 kl=0.00279 rollout_s=5.03 update_s=1.14
E1 aux_e4 step=137/300 win=0.5938 kl=0.00234 rollout_s=5.08 update_s=0.99
E1 aux_e4 step=138/300 win=0.6250 kl=0.00277 rollout_s=5.02 update_s=1.16
E1 aux_e4 step=139/300 win=0.5670 kl=0.00272 rollout_s=5.21 update_s=1.18
E1 aux_e4 step=140/300 win=0.6339 kl=0.00229 rollout_s=5.03 update_s=1.01
EVAL dev_140 {'games': 448, 'wins': 240, 'win_rate': np.float64(0.5357142857142857), 'mean_cash': np.float64(101002.0), 'mean_margin': np.float64(5151.734375)} nonkeep 7309
E1 aux_e4 step=141/300 win=0.5536 kl=0.00219 rollout_s=5.02 update_s=1.20
E1 aux_e4 step=142/300 win=0.5714 kl=0.00266 rollout_s=4.98 update_s=1.05
E1 aux_e4 step=143/300 win=0.6339 kl=0.00179 rollout_s=5.19 update_s=1.20
E1 aux_e4 step=144/300 win=0.5938 kl=0.00195 rollout_s=4.97 update_s=1.02
E1 aux_e4 step=145/300 win=0.6384 kl=0.00358 rollout_s=5.05 update_s=1.06
E1 aux_e4 step=146/300 win=0.5714 kl=0.00235 rollout_s=4.96 update_s=1.03
E1 aux_e4 step=147/300 win=0.5536 kl=0.00407 rollout_s=4.99 update_s=1.06
E1 aux_e4 step=148/300 win=0.6518 kl=0.00215 rollout_s=5.15 update_s=1.10
E1 aux_e4 step=149/300 win=0.6473 kl=0.00221 rollout_s=5.01 update_s=1.00
E1 aux_e4 step=150/300 win=0.6339 kl=0.00453 rollout_s=5.05 update_s=1.08
E1 aux_e4 step=151/300 win=0.6295 kl=0.00333 rollout_s=4.97 update_s=1.01
E1 aux_e4 step=152/300 win=0.5580 kl=0.00453 rollout_s=4.99 update_s=1.07
E1 aux_e4 step=153/300 win=0.6473 kl=0.00278 rollout_s=4.99 update_s=0.97
E1 aux_e4 step=154/300 win=0.6071 kl=0.00229 rollout_s=5.09 update_s=1.04
E1 aux_e4 step=155/300 win=0.5670 kl=0.00267 rollout_s=5.02 update_s=1.13
E1 aux_e4 step=156/300 win=0.5982 kl=0.00283 rollout_s=4.97 update_s=1.15
E1 aux_e4 step=157/300 win=0.6339 kl=0.00299 rollout_s=4.98 update_s=1.09
E1 aux_e4 step=158/300 win=0.6116 kl=0.00291 rollout_s=5.00 update_s=1.09
E1 aux_e4 step=159/300 win=0.6652 kl=0.00346 rollout_s=5.20 update_s=1.01
E1 aux_e4 step=160/300 win=0.5625 kl=0.00426 rollout_s=4.99 update_s=1.21
EVAL dev_160 {'games': 448, 'wins': 252, 'win_rate': np.float64(0.5625), 'mean_cash': np.float64(100724.59821428571), 'mean_margin': np.float64(6382.013392857143)} nonkeep 6248
E1 aux_e4 step=161/300 win=0.6339 kl=0.00426 rollout_s=4.95 update_s=1.16
E1 aux_e4 step=162/300 win=0.6518 kl=0.00148 rollout_s=4.95 update_s=0.99
E1 aux_e4 step=163/300 win=0.5848 kl=0.00243 rollout_s=5.12 update_s=1.10
E1 aux_e4 step=164/300 win=0.6205 kl=0.00229 rollout_s=5.02 update_s=1.12
E1 aux_e4 step=165/300 win=0.5446 kl=0.00245 rollout_s=5.06 update_s=1.02
E1 aux_e4 step=166/300 win=0.6116 kl=0.00309 rollout_s=5.01 update_s=1.22
E1 aux_e4 step=167/300 win=0.5670 kl=0.00234 rollout_s=5.00 update_s=1.16
E1 aux_e4 step=168/300 win=0.5804 kl=0.00389 rollout_s=5.31 update_s=1.05
E1 aux_e4 step=169/300 win=0.5714 kl=0.00271 rollout_s=4.96 update_s=1.04
E1 aux_e4 step=170/300 win=0.5670 kl=0.00264 rollout_s=4.98 update_s=1.12
E1 aux_e4 step=171/300 win=0.5670 kl=0.00274 rollout_s=4.99 update_s=1.15
E1 aux_e4 step=172/300 win=0.6339 kl=0.00213 rollout_s=5.01 update_s=1.01
E1 aux_e4 step=173/300 win=0.5982 kl=0.00401 rollout_s=5.05 update_s=0.98
E1 aux_e4 step=174/300 win=0.5804 kl=0.00323 rollout_s=5.02 update_s=1.11
E1 aux_e4 step=175/300 win=0.5759 kl=0.00237 rollout_s=5.13 update_s=1.12
E1 aux_e4 step=176/300 win=0.6250 kl=0.00268 rollout_s=5.02 update_s=1.07
E1 aux_e4 step=177/300 win=0.5938 kl=0.00163 rollout_s=5.02 update_s=1.15
E1 aux_e4 step=178/300 win=0.6027 kl=0.00374 rollout_s=4.95 update_s=1.03
E1 aux_e4 step=179/300 win=0.6295 kl=0.00276 rollout_s=5.17 update_s=1.17
E1 aux_e4 step=180/300 win=0.6161 kl=0.00317 rollout_s=5.00 update_s=1.06
EVAL dev_180 {'games': 448, 'wins': 236, 'win_rate': np.float64(0.5267857142857143), 'mean_cash': np.float64(101684.74107142857), 'mean_margin': np.float64(5937.426339285715)} nonkeep 7819
E1 aux_e4 step=181/300 win=0.5804 kl=0.00278 rollout_s=4.96 update_s=1.11
E1 aux_e4 step=182/300 win=0.5848 kl=0.00311 rollout_s=5.10 update_s=1.04
E1 aux_e4 step=183/300 win=0.5714 kl=0.00283 rollout_s=5.06 update_s=1.04
E1 aux_e4 step=184/300 win=0.6161 kl=0.00374 rollout_s=4.98 update_s=1.20
E1 aux_e4 step=185/300 win=0.6027 kl=0.00326 rollout_s=5.02 update_s=1.13
E1 aux_e4 step=186/300 win=0.5982 kl=0.00341 rollout_s=5.01 update_s=1.03
E1 aux_e4 step=187/300 win=0.6205 kl=0.00315 rollout_s=5.02 update_s=1.07
E1 aux_e4 step=188/300 win=0.5714 kl=0.00323 rollout_s=5.16 update_s=1.02
E1 aux_e4 step=189/300 win=0.6339 kl=0.00309 rollout_s=5.01 update_s=1.13
E1 aux_e4 step=190/300 win=0.6161 kl=0.00343 rollout_s=5.00 update_s=1.01
E1 aux_e4 step=191/300 win=0.5357 kl=0.00411 rollout_s=5.06 update_s=1.11
E1 aux_e4 step=192/300 win=0.6295 kl=0.00168 rollout_s=4.94 update_s=1.13
E1 aux_e4 step=193/300 win=0.5402 kl=0.00308 rollout_s=5.18 update_s=1.09
E1 aux_e4 step=194/300 win=0.5670 kl=0.00291 rollout_s=5.02 update_s=0.97
E1 aux_e4 step=195/300 win=0.5357 kl=0.00294 rollout_s=5.03 update_s=1.07
E1 aux_e4 step=196/300 win=0.6652 kl=0.00295 rollout_s=4.99 update_s=1.16
E1 aux_e4 step=197/300 win=0.5268 kl=0.00175 rollout_s=4.94 update_s=1.04
E1 aux_e4 step=198/300 win=0.6607 kl=0.00251 rollout_s=4.98 update_s=0.91
E1 aux_e4 step=199/300 win=0.5982 kl=0.00521 rollout_s=5.05 update_s=1.16
E1 aux_e4 step=200/300 win=0.6071 kl=0.00206 rollout_s=4.95 update_s=1.10
EVAL dev_200 {'games': 448, 'wins': 257, 'win_rate': np.float64(0.5736607142857143), 'mean_cash': np.float64(102502.52455357143), 'mean_margin': np.float64(6600.957589285715)} nonkeep 7241
E1 aux_e4 step=201/300 win=0.6741 kl=0.00321 rollout_s=5.03 update_s=1.12
E1 aux_e4 step=202/300 win=0.6027 kl=0.00267 rollout_s=5.13 update_s=1.11
E1 aux_e4 step=203/300 win=0.5536 kl=0.00338 rollout_s=4.99 update_s=1.07
E1 aux_e4 step=204/300 win=0.5804 kl=0.00371 rollout_s=5.01 update_s=1.15
E1 aux_e4 step=205/300 win=0.6562 kl=0.00411 rollout_s=4.94 update_s=1.10
E1 aux_e4 step=206/300 win=0.6116 kl=0.00242 rollout_s=5.20 update_s=1.02
E1 aux_e4 step=207/300 win=0.6607 kl=0.00239 rollout_s=5.26 update_s=1.05
E1 aux_e4 step=208/300 win=0.5938 kl=0.00250 rollout_s=5.08 update_s=1.06
E1 aux_e4 step=209/300 win=0.6429 kl=0.00224 rollout_s=5.00 update_s=1.03
E1 aux_e4 step=210/300 win=0.6161 kl=0.00253 rollout_s=5.02 update_s=1.14
E1 aux_e4 step=211/300 win=0.5848 kl=0.00239 rollout_s=5.02 update_s=1.14
E1 aux_e4 step=212/300 win=0.6161 kl=0.00319 rollout_s=4.94 update_s=1.12
E1 aux_e4 step=213/300 win=0.5625 kl=0.00317 rollout_s=5.21 update_s=1.13
E1 aux_e4 step=214/300 win=0.5848 kl=0.00307 rollout_s=5.00 update_s=1.09
E1 aux_e4 step=215/300 win=0.5625 kl=0.00269 rollout_s=5.30 update_s=1.15
E1 aux_e4 step=216/300 win=0.5848 kl=0.00312 rollout_s=4.99 update_s=1.04
E1 aux_e4 step=217/300 win=0.5446 kl=0.00180 rollout_s=5.02 update_s=1.09
E1 aux_e4 step=218/300 win=0.5312 kl=0.00300 rollout_s=5.15 update_s=1.17
E1 aux_e4 step=219/300 win=0.5357 kl=0.00306 rollout_s=4.96 update_s=1.20
E1 aux_e4 step=220/300 win=0.5982 kl=0.00373 rollout_s=4.96 update_s=1.09
EVAL dev_220 {'games': 448, 'wins': 270, 'win_rate': np.float64(0.6026785714285714), 'mean_cash': np.float64(103266.99553571429), 'mean_margin': np.float64(7103.325892857143)} nonkeep 7474
E1 aux_e4 step=221/300 win=0.5670 kl=0.00254 rollout_s=4.97 update_s=1.08
E1 aux_e4 step=222/300 win=0.6295 kl=0.00253 rollout_s=5.14 update_s=1.10
E1 aux_e4 step=223/300 win=0.6339 kl=0.00184 rollout_s=4.97 update_s=1.20
E1 aux_e4 step=224/300 win=0.5223 kl=0.00495 rollout_s=4.94 update_s=0.99
E1 aux_e4 step=225/300 win=0.5893 kl=0.00281 rollout_s=4.97 update_s=1.11
E1 aux_e4 step=226/300 win=0.6562 kl=0.00250 rollout_s=4.97 update_s=1.05
E1 aux_e4 step=227/300 win=0.6295 kl=0.00284 rollout_s=5.24 update_s=1.06
E1 aux_e4 step=228/300 win=0.5804 kl=0.00210 rollout_s=5.09 update_s=1.01
E1 aux_e4 step=229/300 win=0.6607 kl=0.00351 rollout_s=5.03 update_s=1.08
E1 aux_e4 step=230/300 win=0.6161 kl=0.00268 rollout_s=4.99 update_s=1.03
E1 aux_e4 step=231/300 win=0.6384 kl=0.00224 rollout_s=5.03 update_s=1.02
E1 aux_e4 step=232/300 win=0.6205 kl=0.00247 rollout_s=4.98 update_s=1.04
E1 aux_e4 step=233/300 win=0.6562 kl=0.00391 rollout_s=5.06 update_s=0.98
E1 aux_e4 step=234/300 win=0.5893 kl=0.00249 rollout_s=5.05 update_s=1.21
E1 aux_e4 step=235/300 win=0.5714 kl=0.00271 rollout_s=5.00 update_s=1.17
E1 aux_e4 step=236/300 win=0.6339 kl=0.00278 rollout_s=5.00 update_s=1.18
E1 aux_e4 step=237/300 win=0.6339 kl=0.00300 rollout_s=4.94 update_s=1.14
E1 aux_e4 step=238/300 win=0.6473 kl=0.00234 rollout_s=5.23 update_s=1.07
E1 aux_e4 step=239/300 win=0.6384 kl=0.00307 rollout_s=4.92 update_s=1.03
E1 aux_e4 step=240/300 win=0.5982 kl=0.00419 rollout_s=5.02 update_s=0.97
EVAL dev_240 {'games': 448, 'wins': 261, 'win_rate': np.float64(0.5825892857142857), 'mean_cash': np.float64(102192.80803571429), 'mean_margin': np.float64(6365.799107142857)} nonkeep 7515
E1 aux_e4 step=241/300 win=0.6205 kl=0.00187 rollout_s=4.95 update_s=0.99
E1 aux_e4 step=242/300 win=0.5893 kl=0.00182 rollout_s=5.03 update_s=1.10
E1 aux_e4 step=243/300 win=0.6205 kl=0.00240 rollout_s=4.98 update_s=1.03
E1 aux_e4 step=244/300 win=0.6295 kl=0.00206 rollout_s=4.96 update_s=1.10
E1 aux_e4 step=245/300 win=0.6429 kl=0.00293 rollout_s=4.99 update_s=1.05
E1 aux_e4 step=246/300 win=0.6339 kl=0.00175 rollout_s=4.94 update_s=1.04
E1 aux_e4 step=247/300 win=0.5938 kl=0.00309 rollout_s=5.18 update_s=1.04
E1 aux_e4 step=248/300 win=0.5759 kl=0.00393 rollout_s=5.00 update_s=1.05
E1 aux_e4 step=249/300 win=0.5938 kl=0.00168 rollout_s=4.98 update_s=1.00
E1 aux_e4 step=250/300 win=0.6116 kl=0.00414 rollout_s=4.97 update_s=1.06
E1 aux_e4 step=251/300 win=0.6295 kl=0.00301 rollout_s=4.97 update_s=0.98
E1 aux_e4 step=252/300 win=0.5357 kl=0.00389 rollout_s=5.03 update_s=1.05
E1 aux_e4 step=253/300 win=0.5045 kl=0.00244 rollout_s=5.01 update_s=1.06
E1 aux_e4 step=254/300 win=0.6473 kl=0.00256 rollout_s=4.95 update_s=1.01
E1 aux_e4 step=255/300 win=0.5848 kl=0.00310 rollout_s=4.96 update_s=1.04
E1 aux_e4 step=256/300 win=0.6295 kl=0.00233 rollout_s=4.98 update_s=1.06
E1 aux_e4 step=257/300 win=0.5893 kl=0.00210 rollout_s=4.94 update_s=1.00
E1 aux_e4 step=258/300 win=0.6071 kl=0.00347 rollout_s=5.13 update_s=1.22
E1 aux_e4 step=259/300 win=0.6027 kl=0.00235 rollout_s=5.03 update_s=1.00
E1 aux_e4 step=260/300 win=0.5938 kl=0.00326 rollout_s=4.97 update_s=1.12
EVAL dev_260 {'games': 448, 'wins': 263, 'win_rate': np.float64(0.5870535714285714), 'mean_cash': np.float64(101617.125), 'mean_margin': np.float64(7013.381696428572)} nonkeep 7131
E1 aux_e4 step=261/300 win=0.5848 kl=0.00316 rollout_s=5.02 update_s=1.03
E1 aux_e4 step=262/300 win=0.6161 kl=0.00308 rollout_s=5.05 update_s=1.01
E1 aux_e4 step=263/300 win=0.6429 kl=0.00381 rollout_s=5.03 update_s=1.02
E1 aux_e4 step=264/300 win=0.6161 kl=0.00265 rollout_s=5.05 update_s=1.10
E1 aux_e4 step=265/300 win=0.5848 kl=0.00294 rollout_s=5.06 update_s=1.17
E1 aux_e4 step=266/300 win=0.6116 kl=0.00280 rollout_s=4.96 update_s=0.99
E1 aux_e4 step=267/300 win=0.5670 kl=0.00285 rollout_s=5.18 update_s=1.23
E1 aux_e4 step=268/300 win=0.6027 kl=0.00252 rollout_s=5.04 update_s=1.01
E1 aux_e4 step=269/300 win=0.5893 kl=0.00158 rollout_s=5.00 update_s=1.12
E1 aux_e4 step=270/300 win=0.6071 kl=0.00223 rollout_s=4.95 update_s=1.12
E1 aux_e4 step=271/300 win=0.5804 kl=0.00308 rollout_s=5.03 update_s=1.12
E1 aux_e4 step=272/300 win=0.6027 kl=0.00305 rollout_s=5.17 update_s=1.14
E1 aux_e4 step=273/300 win=0.6384 kl=0.00275 rollout_s=5.04 update_s=1.05
E1 aux_e4 step=274/300 win=0.6295 kl=0.00318 rollout_s=5.07 update_s=1.01
E1 aux_e4 step=275/300 win=0.5625 kl=0.00288 rollout_s=5.04 update_s=1.03
E1 aux_e4 step=276/300 win=0.5312 kl=0.00171 rollout_s=4.95 update_s=1.18
E1 aux_e4 step=277/300 win=0.6429 kl=0.00311 rollout_s=5.02 update_s=1.03
E1 aux_e4 step=278/300 win=0.5580 kl=0.00210 rollout_s=5.06 update_s=1.10
E1 aux_e4 step=279/300 win=0.5670 kl=0.00292 rollout_s=4.98 update_s=1.01
E1 aux_e4 step=280/300 win=0.6518 kl=0.00221 rollout_s=5.02 update_s=1.11
EVAL dev_280 {'games': 448, 'wins': 268, 'win_rate': np.float64(0.5982142857142857), 'mean_cash': np.float64(102829.99330357143), 'mean_margin': np.float64(7310.901785714285)} nonkeep 6089
E1 aux_e4 step=281/300 win=0.6205 kl=0.00288 rollout_s=5.11 update_s=1.04
E1 aux_e4 step=282/300 win=0.6384 kl=0.00255 rollout_s=4.98 update_s=1.11
E1 aux_e4 step=283/300 win=0.6027 kl=0.00188 rollout_s=4.93 update_s=1.17
E1 aux_e4 step=284/300 win=0.6607 kl=0.00276 rollout_s=4.98 update_s=1.07
E1 aux_e4 step=285/300 win=0.5670 kl=0.00239 rollout_s=5.00 update_s=1.09
E1 aux_e4 step=286/300 win=0.6518 kl=0.00359 rollout_s=5.03 update_s=1.01
E1 aux_e4 step=287/300 win=0.6161 kl=0.00299 rollout_s=5.09 update_s=1.15
E1 aux_e4 step=288/300 win=0.6295 kl=0.00187 rollout_s=4.97 update_s=1.15
E1 aux_e4 step=289/300 win=0.6384 kl=0.00273 rollout_s=4.98 update_s=1.00
E1 aux_e4 step=290/300 win=0.5982 kl=0.00244 rollout_s=5.03 update_s=1.20
E1 aux_e4 step=291/300 win=0.6027 kl=0.00276 rollout_s=4.98 update_s=1.08
E1 aux_e4 step=292/300 win=0.5179 kl=0.00195 rollout_s=5.21 update_s=1.11
E1 aux_e4 step=293/300 win=0.6205 kl=0.00225 rollout_s=5.02 update_s=1.18
E1 aux_e4 step=294/300 win=0.5804 kl=0.00226 rollout_s=4.92 update_s=1.04
E1 aux_e4 step=295/300 win=0.6250 kl=0.00329 rollout_s=4.97 update_s=1.11
E1 aux_e4 step=296/300 win=0.6027 kl=0.00310 rollout_s=5.00 update_s=1.11
E1 aux_e4 step=297/300 win=0.5893 kl=0.00235 rollout_s=5.15 update_s=0.98
E1 aux_e4 step=298/300 win=0.6339 kl=0.00350 rollout_s=4.93 update_s=1.05
E1 aux_e4 step=299/300 win=0.6607 kl=0.00346 rollout_s=5.04 update_s=1.10
E1 aux_e4 step=300/300 win=0.6875 kl=0.00253 rollout_s=4.95 update_s=1.20
EVAL dev_300 {'games': 448, 'wins': 256, 'win_rate': np.float64(0.5714285714285714), 'mean_cash': np.float64(101703.06696428571), 'mean_margin': np.float64(6933.988839285715)} nonkeep 5799
EVAL final_test {'games': 1400, 'wins': 885, 'win_rate': np.float64(0.6321428571428571), 'mean_cash': np.float64(102214.71428571429), 'mean_margin': np.float64(8603.663571428571)} nonkeep 17878
E1_REPEAT_COMPLETE aux_e4 final_test_win_rate=0.6321
E1 aux_e5 step=1/300 win=0.4688 kl=0.00002 rollout_s=5.15 update_s=1.16
E1 aux_e5 step=2/300 win=0.5045 kl=0.00046 rollout_s=5.17 update_s=1.15
E1 aux_e5 step=3/300 win=0.4821 kl=0.00212 rollout_s=4.92 update_s=1.05
E1 aux_e5 step=4/300 win=0.5357 kl=0.00063 rollout_s=4.97 update_s=1.08
E1 aux_e5 step=5/300 win=0.5000 kl=0.00234 rollout_s=5.07 update_s=1.14
E1 aux_e5 step=6/300 win=0.4777 kl=0.00049 rollout_s=5.07 update_s=0.95
E1 aux_e5 step=7/300 win=0.5045 kl=0.00056 rollout_s=5.03 update_s=1.07
E1 aux_e5 step=8/300 win=0.4866 kl=0.00088 rollout_s=5.00 update_s=1.14
E1 aux_e5 step=9/300 win=0.4554 kl=0.00166 rollout_s=5.02 update_s=1.07
E1 aux_e5 step=10/300 win=0.5982 kl=0.00037 rollout_s=4.99 update_s=1.13
E1 aux_e5 step=11/300 win=0.5268 kl=0.00093 rollout_s=4.95 update_s=1.02
E1 aux_e5 step=12/300 win=0.5402 kl=0.00065 rollout_s=5.17 update_s=1.15
E1 aux_e5 step=13/300 win=0.5402 kl=0.00107 rollout_s=5.01 update_s=1.16
E1 aux_e5 step=14/300 win=0.5089 kl=0.00249 rollout_s=5.04 update_s=1.07
E1 aux_e5 step=15/300 win=0.5089 kl=0.00058 rollout_s=4.99 update_s=1.06
E1 aux_e5 step=16/300 win=0.5223 kl=0.00151 rollout_s=4.92 update_s=1.17
E1 aux_e5 step=17/300 win=0.4509 kl=0.00104 rollout_s=5.12 update_s=1.13
E1 aux_e5 step=18/300 win=0.4911 kl=0.00123 rollout_s=4.95 update_s=1.07
E1 aux_e5 step=19/300 win=0.5134 kl=0.00117 rollout_s=4.95 update_s=1.09
E1 aux_e5 step=20/300 win=0.5312 kl=0.00177 rollout_s=5.01 update_s=1.09
EVAL dev_020 {'games': 448, 'wins': 274, 'win_rate': np.float64(0.6116071428571429), 'mean_cash': np.float64(104061.43303571429), 'mean_margin': np.float64(7783.805803571428)} nonkeep 0
E1 aux_e5 step=21/300 win=0.5045 kl=0.00231 rollout_s=5.12 update_s=1.10
E1 aux_e5 step=22/300 win=0.4955 kl=0.00321 rollout_s=5.01 update_s=1.18
E1 aux_e5 step=23/300 win=0.5580 kl=0.00089 rollout_s=4.88 update_s=0.99
E1 aux_e5 step=24/300 win=0.5982 kl=0.00220 rollout_s=4.90 update_s=1.15
E1 aux_e5 step=25/300 win=0.5580 kl=0.00114 rollout_s=4.98 update_s=1.01
E1 aux_e5 step=26/300 win=0.5000 kl=0.00386 rollout_s=5.10 update_s=0.91
E1 aux_e5 step=27/300 win=0.4509 kl=0.00215 rollout_s=4.96 update_s=1.18
E1 aux_e5 step=28/300 win=0.5938 kl=0.00166 rollout_s=4.96 update_s=1.04
E1 aux_e5 step=29/300 win=0.5402 kl=0.00140 rollout_s=4.94 update_s=1.07
E1 aux_e5 step=30/300 win=0.5312 kl=0.00195 rollout_s=4.96 update_s=0.97
E1 aux_e5 step=31/300 win=0.5804 kl=0.00375 rollout_s=5.01 update_s=1.12
E1 aux_e5 step=32/300 win=0.6250 kl=0.00181 rollout_s=5.21 update_s=1.07
E1 aux_e5 step=33/300 win=0.5312 kl=0.00207 rollout_s=5.01 update_s=1.08
E1 aux_e5 step=34/300 win=0.5402 kl=0.00164 rollout_s=5.00 update_s=1.02
E1 aux_e5 step=35/300 win=0.5714 kl=0.00070 rollout_s=4.94 update_s=1.03
E1 aux_e5 step=36/300 win=0.5089 kl=0.00158 rollout_s=4.98 update_s=1.07
E1 aux_e5 step=37/300 win=0.5759 kl=0.00173 rollout_s=5.12 update_s=1.02
E1 aux_e5 step=38/300 win=0.5357 kl=0.00107 rollout_s=4.97 update_s=1.17
E1 aux_e5 step=39/300 win=0.5714 kl=0.00160 rollout_s=4.99 update_s=0.96
E1 aux_e5 step=40/300 win=0.5670 kl=0.00140 rollout_s=4.89 update_s=1.13
EVAL dev_040 {'games': 448, 'wins': 274, 'win_rate': np.float64(0.6116071428571429), 'mean_cash': np.float64(104061.43303571429), 'mean_margin': np.float64(7783.805803571428)} nonkeep 0
E1 aux_e5 step=41/300 win=0.6027 kl=0.00260 rollout_s=5.19 update_s=1.21
E1 aux_e5 step=42/300 win=0.5714 kl=0.00100 rollout_s=4.95 update_s=1.07
E1 aux_e5 step=43/300 win=0.5893 kl=0.00161 rollout_s=4.95 update_s=1.02
E1 aux_e5 step=44/300 win=0.6161 kl=0.00191 rollout_s=4.97 update_s=1.07
E1 aux_e5 step=45/300 win=0.5804 kl=0.00172 rollout_s=5.02 update_s=1.01
E1 aux_e5 step=46/300 win=0.6161 kl=0.00175 rollout_s=5.07 update_s=0.98
E1 aux_e5 step=47/300 win=0.6071 kl=0.00167 rollout_s=4.96 update_s=1.19
E1 aux_e5 step=48/300 win=0.5536 kl=0.00403 rollout_s=4.92 update_s=1.00
E1 aux_e5 step=49/300 win=0.5357 kl=0.00325 rollout_s=5.14 update_s=1.03
E1 aux_e5 step=50/300 win=0.5223 kl=0.00381 rollout_s=5.00 update_s=1.01
E1 aux_e5 step=51/300 win=0.4911 kl=0.00280 rollout_s=4.97 update_s=1.07
E1 aux_e5 step=52/300 win=0.5357 kl=0.00311 rollout_s=5.12 update_s=1.09
E1 aux_e5 step=53/300 win=0.6250 kl=0.00178 rollout_s=4.99 update_s=0.99
E1 aux_e5 step=54/300 win=0.5000 kl=0.00265 rollout_s=4.96 update_s=1.06
E1 aux_e5 step=55/300 win=0.5357 kl=0.00414 rollout_s=5.07 update_s=1.11
E1 aux_e5 step=56/300 win=0.5982 kl=0.00237 rollout_s=4.92 update_s=1.08
E1 aux_e5 step=57/300 win=0.5402 kl=0.00351 rollout_s=5.46 update_s=0.98
E1 aux_e5 step=58/300 win=0.5625 kl=0.00242 rollout_s=5.08 update_s=1.21
E1 aux_e5 step=59/300 win=0.5759 kl=0.00455 rollout_s=5.09 update_s=1.00
E1 aux_e5 step=60/300 win=0.5536 kl=0.00295 rollout_s=4.94 update_s=1.05
EVAL dev_060 {'games': 448, 'wins': 267, 'win_rate': np.float64(0.5959821428571429), 'mean_cash': np.float64(103862.09821428571), 'mean_margin': np.float64(7697.877232142857)} nonkeep 397
E1 aux_e5 step=61/300 win=0.4955 kl=0.00302 rollout_s=5.20 update_s=1.06
E1 aux_e5 step=62/300 win=0.6473 kl=0.00308 rollout_s=5.36 update_s=1.08
E1 aux_e5 step=63/300 win=0.5312 kl=0.00273 rollout_s=5.30 update_s=1.16
E1 aux_e5 step=64/300 win=0.5000 kl=0.00484 rollout_s=5.06 update_s=1.10
E1 aux_e5 step=65/300 win=0.6205 kl=0.00346 rollout_s=4.98 update_s=1.11
E1 aux_e5 step=66/300 win=0.5893 kl=0.00270 rollout_s=5.24 update_s=1.09
E1 aux_e5 step=67/300 win=0.5446 kl=0.00237 rollout_s=4.97 update_s=1.12
E1 aux_e5 step=68/300 win=0.5268 kl=0.00332 rollout_s=5.01 update_s=1.17
E1 aux_e5 step=69/300 win=0.6161 kl=0.00247 rollout_s=4.96 update_s=0.97
E1 aux_e5 step=70/300 win=0.5446 kl=0.00382 rollout_s=5.40 update_s=1.06
E1 aux_e5 step=71/300 win=0.6205 kl=0.00374 rollout_s=5.08 update_s=0.96
E1 aux_e5 step=72/300 win=0.6250 kl=0.00419 rollout_s=5.04 update_s=1.16
E1 aux_e5 step=73/300 win=0.4777 kl=0.00360 rollout_s=5.00 update_s=1.20
E1 aux_e5 step=74/300 win=0.5491 kl=0.00422 rollout_s=5.08 update_s=0.98
E1 aux_e5 step=75/300 win=0.5625 kl=0.00271 rollout_s=4.99 update_s=1.09
E1 aux_e5 step=76/300 win=0.5402 kl=0.00282 rollout_s=4.95 update_s=1.00
E1 aux_e5 step=77/300 win=0.6027 kl=0.00370 rollout_s=5.12 update_s=1.23
E1 aux_e5 step=78/300 win=0.5893 kl=0.00445 rollout_s=5.01 update_s=0.99
E1 aux_e5 step=79/300 win=0.5580 kl=0.00350 rollout_s=4.97 update_s=1.15
E1 aux_e5 step=80/300 win=0.5491 kl=0.00203 rollout_s=5.10 update_s=1.08
EVAL dev_080 {'games': 448, 'wins': 262, 'win_rate': np.float64(0.5848214285714286), 'mean_cash': np.float64(102617.77455357143), 'mean_margin': np.float64(7056.569196428572)} nonkeep 5754
E1 aux_e5 step=81/300 win=0.6027 kl=0.00380 rollout_s=4.97 update_s=1.03
E1 aux_e5 step=82/300 win=0.5759 kl=0.00273 rollout_s=5.00 update_s=1.07
E1 aux_e5 step=83/300 win=0.5536 kl=0.00233 rollout_s=5.06 update_s=0.99
E1 aux_e5 step=84/300 win=0.5938 kl=0.00327 rollout_s=5.05 update_s=1.12
E1 aux_e5 step=85/300 win=0.5759 kl=0.00257 rollout_s=4.96 update_s=1.03
E1 aux_e5 step=86/300 win=0.6696 kl=0.00287 rollout_s=5.26 update_s=1.09
E1 aux_e5 step=87/300 win=0.5491 kl=0.00244 rollout_s=5.01 update_s=1.09
E1 aux_e5 step=88/300 win=0.5402 kl=0.00289 rollout_s=5.05 update_s=1.16
E1 aux_e5 step=89/300 win=0.5045 kl=0.00210 rollout_s=4.93 update_s=1.10
E1 aux_e5 step=90/300 win=0.5536 kl=0.00347 rollout_s=4.97 update_s=1.14
E1 aux_e5 step=91/300 win=0.5446 kl=0.00436 rollout_s=5.27 update_s=1.05
E1 aux_e5 step=92/300 win=0.6161 kl=0.00494 rollout_s=4.95 update_s=1.07
E1 aux_e5 step=93/300 win=0.5179 kl=0.00239 rollout_s=5.10 update_s=1.11
E1 aux_e5 step=94/300 win=0.5714 kl=0.00178 rollout_s=5.21 update_s=1.02
E1 aux_e5 step=95/300 win=0.5759 kl=0.00277 rollout_s=5.32 update_s=1.07
E1 aux_e5 step=96/300 win=0.5982 kl=0.00118 rollout_s=5.62 update_s=1.03
E1 aux_e5 step=97/300 win=0.5446 kl=0.00168 rollout_s=4.89 update_s=1.16
E1 aux_e5 step=98/300 win=0.5179 kl=0.00323 rollout_s=4.85 update_s=1.07
E1 aux_e5 step=99/300 win=0.5893 kl=0.00411 rollout_s=4.92 update_s=1.22
E1 aux_e5 step=100/300 win=0.6429 kl=0.00369 rollout_s=4.94 update_s=1.00
EVAL dev_100 {'games': 448, 'wins': 262, 'win_rate': np.float64(0.5848214285714286), 'mean_cash': np.float64(103757.75223214286), 'mean_margin': np.float64(7514.84375)} nonkeep 547
E1 aux_e5 step=101/300 win=0.5268 kl=0.00155 rollout_s=4.91 update_s=1.06
E1 aux_e5 step=102/300 win=0.6205 kl=0.00378 rollout_s=4.93 update_s=1.03
E1 aux_e5 step=103/300 win=0.6161 kl=0.00280 rollout_s=4.96 update_s=1.04
E1 aux_e5 step=104/300 win=0.6116 kl=0.00120 rollout_s=5.09 update_s=1.13
E1 aux_e5 step=105/300 win=0.6161 kl=0.00434 rollout_s=4.99 update_s=0.95
E1 aux_e5 step=106/300 win=0.5625 kl=0.00222 rollout_s=5.18 update_s=1.03
E1 aux_e5 step=107/300 win=0.5938 kl=0.00267 rollout_s=4.87 update_s=1.14
E1 aux_e5 step=108/300 win=0.6027 kl=0.00281 rollout_s=4.84 update_s=1.16
E1 aux_e5 step=109/300 win=0.6607 kl=0.00351 rollout_s=5.32 update_s=1.22
E1 aux_e5 step=110/300 win=0.5804 kl=0.00322 rollout_s=4.95 update_s=1.10
E1 aux_e5 step=111/300 win=0.5491 kl=0.00377 rollout_s=5.06 update_s=1.08
E1 aux_e5 step=112/300 win=0.5982 kl=0.00271 rollout_s=4.88 update_s=1.18
E1 aux_e5 step=113/300 win=0.5625 kl=0.00417 rollout_s=4.84 update_s=1.01
E1 aux_e5 step=114/300 win=0.5312 kl=0.00225 rollout_s=4.96 update_s=1.11
E1 aux_e5 step=115/300 win=0.5893 kl=0.00184 rollout_s=4.91 update_s=1.08
E1 aux_e5 step=116/300 win=0.6473 kl=0.00366 rollout_s=5.03 update_s=1.01
E1 aux_e5 step=117/300 win=0.6339 kl=0.00268 rollout_s=4.94 update_s=1.11
E1 aux_e5 step=118/300 win=0.5982 kl=0.00284 rollout_s=4.88 update_s=1.09
E1 aux_e5 step=119/300 win=0.6250 kl=0.00156 rollout_s=4.85 update_s=1.18
E1 aux_e5 step=120/300 win=0.5848 kl=0.00315 rollout_s=4.87 update_s=1.13
EVAL dev_120 {'games': 448, 'wins': 260, 'win_rate': np.float64(0.5803571428571429), 'mean_cash': np.float64(102347.38169642857), 'mean_margin': np.float64(6194.341517857143)} nonkeep 4299
E1 aux_e5 step=121/300 win=0.6473 kl=0.00162 rollout_s=4.90 update_s=1.06
E1 aux_e5 step=122/300 win=0.6250 kl=0.00211 rollout_s=4.87 update_s=1.12
E1 aux_e5 step=123/300 win=0.5893 kl=0.00229 rollout_s=4.89 update_s=1.01
E1 aux_e5 step=124/300 win=0.5625 kl=0.00191 rollout_s=4.86 update_s=1.07
E1 aux_e5 step=125/300 win=0.5804 kl=0.00225 rollout_s=4.97 update_s=0.96
E1 aux_e5 step=126/300 win=0.5893 kl=0.00253 rollout_s=4.93 update_s=1.01
E1 aux_e5 step=127/300 win=0.5089 kl=0.00328 rollout_s=4.87 update_s=1.01
E1 aux_e5 step=128/300 win=0.6562 kl=0.00267 rollout_s=4.85 update_s=1.04
E1 aux_e5 step=129/300 win=0.6295 kl=0.00265 rollout_s=4.85 update_s=1.15
E1 aux_e5 step=130/300 win=0.5848 kl=0.00286 rollout_s=4.91 update_s=1.03
E1 aux_e5 step=131/300 win=0.6339 kl=0.00275 rollout_s=5.06 update_s=1.06
E1 aux_e5 step=132/300 win=0.5670 kl=0.00254 rollout_s=4.90 update_s=1.16
E1 aux_e5 step=133/300 win=0.5759 kl=0.00222 rollout_s=4.86 update_s=0.99
E1 aux_e5 step=134/300 win=0.6250 kl=0.00347 rollout_s=4.81 update_s=1.01
E1 aux_e5 step=135/300 win=0.5223 kl=0.00371 rollout_s=4.89 update_s=1.20
E1 aux_e5 step=136/300 win=0.6071 kl=0.00186 rollout_s=4.90 update_s=0.95
E1 aux_e5 step=137/300 win=0.6384 kl=0.00283 rollout_s=4.95 update_s=1.11
E1 aux_e5 step=138/300 win=0.6473 kl=0.00278 rollout_s=4.87 update_s=0.96
E1 aux_e5 step=139/300 win=0.6518 kl=0.00248 rollout_s=4.91 update_s=1.10
E1 aux_e5 step=140/300 win=0.6071 kl=0.00387 rollout_s=5.01 update_s=1.08
EVAL dev_140 {'games': 448, 'wins': 260, 'win_rate': np.float64(0.5803571428571429), 'mean_cash': np.float64(102178.48883928571), 'mean_margin': np.float64(6015.232142857143)} nonkeep 6548
E1 aux_e5 step=141/300 win=0.6295 kl=0.00289 rollout_s=4.95 update_s=1.04
E1 aux_e5 step=142/300 win=0.5268 kl=0.00253 rollout_s=4.95 update_s=0.95
E1 aux_e5 step=143/300 win=0.5536 kl=0.00187 rollout_s=4.87 update_s=0.97
E1 aux_e5 step=144/300 win=0.5893 kl=0.00217 rollout_s=4.89 update_s=1.08
E1 aux_e5 step=145/300 win=0.6518 kl=0.00246 rollout_s=4.89 update_s=1.04
E1 aux_e5 step=146/300 win=0.6250 kl=0.00245 rollout_s=5.11 update_s=0.98
E1 aux_e5 step=147/300 win=0.5804 kl=0.00242 rollout_s=4.96 update_s=0.97
E1 aux_e5 step=148/300 win=0.5625 kl=0.00324 rollout_s=4.88 update_s=1.21
E1 aux_e5 step=149/300 win=0.5491 kl=0.00214 rollout_s=4.99 update_s=1.07
E1 aux_e5 step=150/300 win=0.6607 kl=0.00356 rollout_s=4.93 update_s=1.05
E1 aux_e5 step=151/300 win=0.6027 kl=0.00312 rollout_s=5.09 update_s=1.08
E1 aux_e5 step=152/300 win=0.6071 kl=0.00259 rollout_s=4.87 update_s=1.00
E1 aux_e5 step=153/300 win=0.6339 kl=0.00154 rollout_s=4.94 update_s=1.02
E1 aux_e5 step=154/300 win=0.6652 kl=0.00431 rollout_s=4.93 update_s=0.96
E1 aux_e5 step=155/300 win=0.6696 kl=0.00196 rollout_s=4.97 update_s=1.00
E1 aux_e5 step=156/300 win=0.5670 kl=0.00291 rollout_s=4.87 update_s=0.99
E1 aux_e5 step=157/300 win=0.5982 kl=0.00193 rollout_s=4.98 update_s=1.07
E1 aux_e5 step=158/300 win=0.5893 kl=0.00221 rollout_s=4.90 update_s=0.97
E1 aux_e5 step=159/300 win=0.6384 kl=0.00319 rollout_s=4.99 update_s=1.05
E1 aux_e5 step=160/300 win=0.5893 kl=0.00189 rollout_s=4.94 update_s=1.04
EVAL dev_160 {'games': 448, 'wins': 246, 'win_rate': np.float64(0.5491071428571429), 'mean_cash': np.float64(103108.27678571429), 'mean_margin': np.float64(6406.348214285715)} nonkeep 2498
E1 aux_e5 step=161/300 win=0.5893 kl=0.00346 rollout_s=4.92 update_s=1.09
E1 aux_e5 step=162/300 win=0.5536 kl=0.00311 rollout_s=5.04 update_s=1.16
E1 aux_e5 step=163/300 win=0.5848 kl=0.00197 rollout_s=4.92 update_s=1.05
E1 aux_e5 step=164/300 win=0.5446 kl=0.00262 rollout_s=4.90 update_s=1.13
E1 aux_e5 step=165/300 win=0.6161 kl=0.00210 rollout_s=4.94 update_s=1.14
E1 aux_e5 step=166/300 win=0.6964 kl=0.00322 rollout_s=5.10 update_s=1.17
E1 aux_e5 step=167/300 win=0.6205 kl=0.00346 rollout_s=4.92 update_s=0.99
E1 aux_e5 step=168/300 win=0.5848 kl=0.00241 rollout_s=4.97 update_s=1.17
E1 aux_e5 step=169/300 win=0.6161 kl=0.00323 rollout_s=4.94 update_s=1.04
E1 aux_e5 step=170/300 win=0.6116 kl=0.00301 rollout_s=5.23 update_s=1.00
E1 aux_e5 step=171/300 win=0.5580 kl=0.00247 rollout_s=5.11 update_s=1.02
E1 aux_e5 step=172/300 win=0.5938 kl=0.00197 rollout_s=5.01 update_s=1.08
E1 aux_e5 step=173/300 win=0.5223 kl=0.00229 rollout_s=4.93 update_s=1.09
E1 aux_e5 step=174/300 win=0.6071 kl=0.00231 rollout_s=4.89 update_s=1.06
E1 aux_e5 step=175/300 win=0.5714 kl=0.00149 rollout_s=4.94 update_s=1.06
E1 aux_e5 step=176/300 win=0.6429 kl=0.00272 rollout_s=5.03 update_s=0.95
E1 aux_e5 step=177/300 win=0.6339 kl=0.00191 rollout_s=5.08 update_s=1.06
E1 aux_e5 step=178/300 win=0.5848 kl=0.00147 rollout_s=5.06 update_s=1.08
E1 aux_e5 step=179/300 win=0.5357 kl=0.00262 rollout_s=4.96 update_s=1.07
E1 aux_e5 step=180/300 win=0.6295 kl=0.00240 rollout_s=4.93 update_s=1.00
EVAL dev_180 {'games': 448, 'wins': 260, 'win_rate': np.float64(0.5803571428571429), 'mean_cash': np.float64(102417.89285714286), 'mean_margin': np.float64(6984.006696428572)} nonkeep 3078
E1 aux_e5 step=181/300 win=0.5982 kl=0.00234 rollout_s=4.98 update_s=1.07
E1 aux_e5 step=182/300 win=0.5848 kl=0.00226 rollout_s=4.97 update_s=1.05
E1 aux_e5 step=183/300 win=0.6562 kl=0.00398 rollout_s=4.98 update_s=1.05
E1 aux_e5 step=184/300 win=0.5893 kl=0.00257 rollout_s=4.96 update_s=1.17
E1 aux_e5 step=185/300 win=0.6071 kl=0.00294 rollout_s=4.90 update_s=1.03
E1 aux_e5 step=186/300 win=0.5848 kl=0.00292 rollout_s=5.07 update_s=1.04
E1 aux_e5 step=187/300 win=0.5804 kl=0.00288 rollout_s=5.03 update_s=1.04
E1 aux_e5 step=188/300 win=0.5670 kl=0.00366 rollout_s=5.01 update_s=1.09
E1 aux_e5 step=189/300 win=0.6295 kl=0.00237 rollout_s=4.91 update_s=1.06
E1 aux_e5 step=190/300 win=0.5938 kl=0.00229 rollout_s=4.87 update_s=1.03
E1 aux_e5 step=191/300 win=0.5982 kl=0.00318 rollout_s=5.19 update_s=1.08
E1 aux_e5 step=192/300 win=0.5223 kl=0.00240 rollout_s=4.92 update_s=1.01
E1 aux_e5 step=193/300 win=0.5625 kl=0.00199 rollout_s=4.91 update_s=1.11
E1 aux_e5 step=194/300 win=0.6786 kl=0.00158 rollout_s=4.97 update_s=1.08
E1 aux_e5 step=195/300 win=0.6250 kl=0.00387 rollout_s=4.89 update_s=1.00
E1 aux_e5 step=196/300 win=0.5848 kl=0.00335 rollout_s=5.02 update_s=1.06
E1 aux_e5 step=197/300 win=0.6696 kl=0.00341 rollout_s=5.08 update_s=1.03
E1 aux_e5 step=198/300 win=0.6607 kl=0.00221 rollout_s=5.03 update_s=1.21
E1 aux_e5 step=199/300 win=0.6696 kl=0.00138 rollout_s=4.93 update_s=1.02
E1 aux_e5 step=200/300 win=0.6741 kl=0.00256 rollout_s=5.05 update_s=1.01
EVAL dev_200 {'games': 448, 'wins': 263, 'win_rate': np.float64(0.5870535714285714), 'mean_cash': np.float64(102402.30133928571), 'mean_margin': np.float64(7712.861607142857)} nonkeep 2494
E1 aux_e5 step=201/300 win=0.5893 kl=0.00242 rollout_s=5.01 update_s=1.16
E1 aux_e5 step=202/300 win=0.6429 kl=0.00203 rollout_s=4.96 update_s=0.99
E1 aux_e5 step=203/300 win=0.5714 kl=0.00212 rollout_s=4.87 update_s=1.16
E1 aux_e5 step=204/300 win=0.6339 kl=0.00261 rollout_s=5.03 update_s=0.97
E1 aux_e5 step=205/300 win=0.5893 kl=0.00229 rollout_s=4.93 update_s=1.07
E1 aux_e5 step=206/300 win=0.6250 kl=0.00288 rollout_s=5.13 update_s=1.21
E1 aux_e5 step=207/300 win=0.6339 kl=0.00181 rollout_s=4.92 update_s=1.04
E1 aux_e5 step=208/300 win=0.6250 kl=0.00216 rollout_s=4.96 update_s=1.11
E1 aux_e5 step=209/300 win=0.6161 kl=0.00198 rollout_s=5.02 update_s=1.04
E1 aux_e5 step=210/300 win=0.6250 kl=0.00315 rollout_s=4.94 update_s=1.07
E1 aux_e5 step=211/300 win=0.6071 kl=0.00130 rollout_s=5.09 update_s=1.11
E1 aux_e5 step=212/300 win=0.5759 kl=0.00232 rollout_s=5.10 update_s=1.03
E1 aux_e5 step=213/300 win=0.6696 kl=0.00326 rollout_s=4.89 update_s=1.10
E1 aux_e5 step=214/300 win=0.6205 kl=0.00272 rollout_s=4.97 update_s=1.04
E1 aux_e5 step=215/300 win=0.5714 kl=0.00140 rollout_s=5.00 update_s=0.95
E1 aux_e5 step=216/300 win=0.6027 kl=0.00233 rollout_s=4.91 update_s=1.10
E1 aux_e5 step=217/300 win=0.6830 kl=0.00202 rollout_s=5.07 update_s=1.06
E1 aux_e5 step=218/300 win=0.6161 kl=0.00205 rollout_s=4.97 update_s=1.16
E1 aux_e5 step=219/300 win=0.6116 kl=0.00190 rollout_s=4.99 update_s=0.95
E1 aux_e5 step=220/300 win=0.6384 kl=0.00326 rollout_s=4.94 update_s=1.14
EVAL dev_220 {'games': 448, 'wins': 246, 'win_rate': np.float64(0.5491071428571429), 'mean_cash': np.float64(103193.34598214286), 'mean_margin': np.float64(6607.308035714285)} nonkeep 2853
E1 aux_e5 step=221/300 win=0.5804 kl=0.00286 rollout_s=4.87 update_s=1.11
E1 aux_e5 step=222/300 win=0.6920 kl=0.00317 rollout_s=4.90 update_s=1.09
E1 aux_e5 step=223/300 win=0.5625 kl=0.00260 rollout_s=4.92 update_s=1.10
E1 aux_e5 step=224/300 win=0.6250 kl=0.00274 rollout_s=5.02 update_s=0.99
E1 aux_e5 step=225/300 win=0.6071 kl=0.00288 rollout_s=4.88 update_s=1.15
E1 aux_e5 step=226/300 win=0.5938 kl=0.00174 rollout_s=5.09 update_s=1.03
E1 aux_e5 step=227/300 win=0.6250 kl=0.00143 rollout_s=4.90 update_s=1.05
E1 aux_e5 step=228/300 win=0.6027 kl=0.00164 rollout_s=4.89 update_s=0.98
E1 aux_e5 step=229/300 win=0.6116 kl=0.00194 rollout_s=4.93 update_s=0.98
E1 aux_e5 step=230/300 win=0.6875 kl=0.00262 rollout_s=4.90 update_s=1.05
E1 aux_e5 step=231/300 win=0.5848 kl=0.00260 rollout_s=5.01 update_s=0.93
E1 aux_e5 step=232/300 win=0.6562 kl=0.00218 rollout_s=4.91 update_s=1.03
E1 aux_e5 step=233/300 win=0.5804 kl=0.00197 rollout_s=4.93 update_s=1.07
E1 aux_e5 step=234/300 win=0.6027 kl=0.00280 rollout_s=4.91 update_s=1.09
E1 aux_e5 step=235/300 win=0.5982 kl=0.00319 rollout_s=4.86 update_s=0.98
E1 aux_e5 step=236/300 win=0.5804 kl=0.00379 rollout_s=4.93 update_s=1.09
E1 aux_e5 step=237/300 win=0.6161 kl=0.00238 rollout_s=5.10 update_s=1.04
E1 aux_e5 step=238/300 win=0.5402 kl=0.00211 rollout_s=4.86 update_s=1.05
E1 aux_e5 step=239/300 win=0.5625 kl=0.00174 rollout_s=4.88 update_s=0.98
E1 aux_e5 step=240/300 win=0.6161 kl=0.00254 rollout_s=4.96 update_s=1.03
EVAL dev_240 {'games': 448, 'wins': 252, 'win_rate': np.float64(0.5625), 'mean_cash': np.float64(102584.04017857143), 'mean_margin': np.float64(6010.901785714285)} nonkeep 3440
E1 aux_e5 step=241/300 win=0.5491 kl=0.00180 rollout_s=5.11 update_s=1.01
E1 aux_e5 step=242/300 win=0.5714 kl=0.00117 rollout_s=4.90 update_s=1.18
E1 aux_e5 step=243/300 win=0.5759 kl=0.00209 rollout_s=4.87 update_s=1.02
E1 aux_e5 step=244/300 win=0.5625 kl=0.00277 rollout_s=4.87 update_s=1.05
E1 aux_e5 step=245/300 win=0.5982 kl=0.00205 rollout_s=4.84 update_s=1.03
E1 aux_e5 step=246/300 win=0.5893 kl=0.00211 rollout_s=5.09 update_s=1.00
E1 aux_e5 step=247/300 win=0.6295 kl=0.00267 rollout_s=4.92 update_s=1.03
E1 aux_e5 step=248/300 win=0.5804 kl=0.00239 rollout_s=4.93 update_s=1.06
E1 aux_e5 step=249/300 win=0.6205 kl=0.00284 rollout_s=4.95 update_s=0.97
E1 aux_e5 step=250/300 win=0.5893 kl=0.00229 rollout_s=4.91 update_s=1.12
E1 aux_e5 step=251/300 win=0.7098 kl=0.00248 rollout_s=4.94 update_s=1.01
E1 aux_e5 step=252/300 win=0.5938 kl=0.00216 rollout_s=5.01 update_s=0.97
E1 aux_e5 step=253/300 win=0.6518 kl=0.00264 rollout_s=4.89 update_s=1.07
E1 aux_e5 step=254/300 win=0.5804 kl=0.00334 rollout_s=4.89 update_s=1.05
E1 aux_e5 step=255/300 win=0.5804 kl=0.00345 rollout_s=4.96 update_s=1.13
E1 aux_e5 step=256/300 win=0.6027 kl=0.00264 rollout_s=4.92 update_s=1.11
E1 aux_e5 step=257/300 win=0.6205 kl=0.00207 rollout_s=5.03 update_s=1.15
E1 aux_e5 step=258/300 win=0.6161 kl=0.00252 rollout_s=4.90 update_s=1.04
E1 aux_e5 step=259/300 win=0.5670 kl=0.00260 rollout_s=5.00 update_s=1.06
E1 aux_e5 step=260/300 win=0.5714 kl=0.00248 rollout_s=4.94 update_s=1.13
EVAL dev_260 {'games': 448, 'wins': 267, 'win_rate': np.float64(0.5959821428571429), 'mean_cash': np.float64(104098.55133928571), 'mean_margin': np.float64(6771.399553571428)} nonkeep 3708
E1 aux_e5 step=261/300 win=0.6295 kl=0.00354 rollout_s=5.12 update_s=1.14
E1 aux_e5 step=262/300 win=0.5893 kl=0.00201 rollout_s=4.82 update_s=1.02
E1 aux_e5 step=263/300 win=0.5759 kl=0.00329 rollout_s=4.91 update_s=1.06
E1 aux_e5 step=264/300 win=0.5536 kl=0.00214 rollout_s=4.87 update_s=1.02
E1 aux_e5 step=265/300 win=0.5580 kl=0.00210 rollout_s=4.83 update_s=1.10
E1 aux_e5 step=266/300 win=0.6562 kl=0.00252 rollout_s=4.98 update_s=0.95
E1 aux_e5 step=267/300 win=0.6205 kl=0.00200 rollout_s=4.95 update_s=1.10
E1 aux_e5 step=268/300 win=0.6116 kl=0.00310 rollout_s=4.88 update_s=1.06
E1 aux_e5 step=269/300 win=0.6607 kl=0.00278 rollout_s=4.91 update_s=1.18
E1 aux_e5 step=270/300 win=0.5848 kl=0.00259 rollout_s=4.85 update_s=1.00
E1 aux_e5 step=271/300 win=0.4955 kl=0.00235 rollout_s=4.88 update_s=1.13
E1 aux_e5 step=272/300 win=0.6250 kl=0.00327 rollout_s=5.11 update_s=1.04
E1 aux_e5 step=273/300 win=0.6071 kl=0.00211 rollout_s=4.94 update_s=1.09
E1 aux_e5 step=274/300 win=0.5580 kl=0.00235 rollout_s=4.93 update_s=1.15
E1 aux_e5 step=275/300 win=0.6473 kl=0.00218 rollout_s=4.89 update_s=1.02
E1 aux_e5 step=276/300 win=0.5893 kl=0.00228 rollout_s=4.95 update_s=1.31
E1 aux_e5 step=277/300 win=0.5759 kl=0.00265 rollout_s=5.15 update_s=0.94
E1 aux_e5 step=278/300 win=0.7054 kl=0.00217 rollout_s=4.91 update_s=1.06
E1 aux_e5 step=279/300 win=0.6161 kl=0.00319 rollout_s=5.01 update_s=1.07
E1 aux_e5 step=280/300 win=0.5938 kl=0.00278 rollout_s=6.20 update_s=0.98
EVAL dev_280 {'games': 448, 'wins': 256, 'win_rate': np.float64(0.5714285714285714), 'mean_cash': np.float64(102584.23883928571), 'mean_margin': np.float64(6343.604910714285)} nonkeep 4168
E1 aux_e5 step=281/300 win=0.5982 kl=0.00232 rollout_s=5.44 update_s=1.00
E1 aux_e5 step=282/300 win=0.6161 kl=0.00360 rollout_s=5.30 update_s=1.08
E1 aux_e5 step=283/300 win=0.6205 kl=0.00309 rollout_s=5.26 update_s=1.03
E1 aux_e5 step=284/300 win=0.5938 kl=0.00198 rollout_s=5.31 update_s=1.01
E1 aux_e5 step=285/300 win=0.5714 kl=0.00219 rollout_s=5.35 update_s=0.91
E1 aux_e5 step=286/300 win=0.5580 kl=0.00298 rollout_s=5.51 update_s=1.00
E1 aux_e5 step=287/300 win=0.5312 kl=0.00255 rollout_s=5.46 update_s=0.96
E1 aux_e5 step=288/300 win=0.6652 kl=0.00413 rollout_s=5.42 update_s=0.93
E1 aux_e5 step=289/300 win=0.5893 kl=0.00240 rollout_s=5.34 update_s=1.03
E1 aux_e5 step=290/300 win=0.5893 kl=0.00285 rollout_s=5.24 update_s=0.97
E1 aux_e5 step=291/300 win=0.5759 kl=0.00324 rollout_s=5.54 update_s=0.94
E1 aux_e5 step=292/300 win=0.5848 kl=0.00280 rollout_s=5.26 update_s=1.00
E1 aux_e5 step=293/300 win=0.6562 kl=0.00181 rollout_s=5.29 update_s=1.00
E1 aux_e5 step=294/300 win=0.6295 kl=0.00396 rollout_s=5.27 update_s=0.95
E1 aux_e5 step=295/300 win=0.6607 kl=0.00296 rollout_s=5.30 update_s=0.91
E1 aux_e5 step=296/300 win=0.5982 kl=0.00149 rollout_s=5.46 update_s=1.06
E1 aux_e5 step=297/300 win=0.5446 kl=0.00351 rollout_s=5.26 update_s=0.94
E1 aux_e5 step=298/300 win=0.6027 kl=0.00260 rollout_s=5.25 update_s=1.00
E1 aux_e5 step=299/300 win=0.5982 kl=0.00300 rollout_s=5.20 update_s=1.08
E1 aux_e5 step=300/300 win=0.6116 kl=0.00359 rollout_s=4.95 update_s=1.06
EVAL dev_300 {'games': 448, 'wins': 244, 'win_rate': np.float64(0.5446428571428571), 'mean_cash': np.float64(101194.18526785714), 'mean_margin': np.float64(6276.232142857143)} nonkeep 5227
EVAL final_test {'games': 1400, 'wins': 840, 'win_rate': np.float64(0.6), 'mean_cash': np.float64(100493.65714285715), 'mean_margin': np.float64(7798.065)} nonkeep 16455
E1_REPEAT_COMPLETE aux_e5 final_test_win_rate=0.6000
E1_ALL_DONE {
  "keep": {
    "games": 1400,
    "wins": 857,
    "win_rate": 0.6121428571428571,
    "mean_cash": 103823.31857142856,
    "mean_margin": 8171.242857142857
  },
  "repeats": {
    "0": {
      "games": 1400,
      "wins": 837,
      "win_rate": 0.5978571428571429,
      "mean_cash": 100948.47285714286,
      "mean_margin": 7692.056428571429
    },
    "1": {
      "games": 1400,
      "wins": 855,
      "win_rate": 0.6107142857142858,
      "mean_cash": 100136.64071428572,
      "mean_margin": 8130.997857142857
    },
    "2": {
      "games": 1400,
      "wins": 847,
      "win_rate": 0.605,
      "mean_cash": 104205.38785714285,
      "mean_margin": 8452.729285714286
    },
    "3": {
      "games": 1400,
      "wins": 868,
      "win_rate": 0.62,
      "mean_cash": 99977.32,
      "mean_margin": 7749.654285714286
    },
    "4": {
      "games": 1400,
      "wins": 885,
      "win_rate": 0.6321428571428571,
      "mean_cash": 102214.71428571429,
      "mean_margin": 8603.663571428571
    },
    "5": {
      "games": 1400,
      "wins": 840,
      "win_rate": 0.6,
      "mean_cash": 100493.65714285715,
      "mean_margin": 7798.065
    }
  }
}
Mon Sep  7 04:00:24 JST 2026
E1_FULL_DONE
