seed,opponent,opponent_index,seat,T2_cash,T2_opponent_cash,T2_margin,T2_win,R1_cash,R1_opponent_cash,R1_margin,R1_win,R2_cash,R2_opponent_cash,R2_margin,R2_win
2609099000,G001,0,0,102370.0,70330.0,32040.0,1,84821.0,63765.0,21056.0,1,84821.0,63765.0,21056.0,1
2609099000,G001,0,1,102370.0,70330.0,32040.0,1,84821.0,63765.0,21056.0,1,84821.0,63765.0,21056.0,1
2609099000,G003,1,0,108965.0,106526.0,2439.0,1,97224.0,82997.0,14227.0,1,97224.0,82997.0,14227.0,1
2609099000,G003,1,1,108965.0,106526.0,2439.0,1,97224.0,82997.0,14227.0,1,97224.0,82997.0,14227.0,1
2609099000,Boatlee V29,2,0,75622.0,67330.0,8292.0,1,78293.0,63508.0,14785.0,1,78434.0,63459.0,14975.0,1
2609099000,Boatlee V29,2,1,75622.0,67330.0,8292.0,1,78293.0,63508.0,14785.0,1,78434.0,63459.0,14975.0,1
2609099000,Kaito V58,3,0,102229.0,108091.0,-5862.0,0,106182.0,82146.0,24036.0,1,106183.0,82145.0,24038.0,1
2609099000,Kaito V58,3,1,102229.0,108091.0,-5862.0,0,106182.0,82146.0,24036.0,1,106183.0,82145.0,24038.0,1
2609099000,Lynn V5,4,0,85419.0,75644.0,9775.0,1,99932.0,97326.0,2606.0,1,100548.0,98007.0,2541.0,1
2609099000,Lynn V5,4,1,85419.0,75644.0,9775.0,1,99932.0,97326.0,2606.0,1,100548.0,98007.0,2541.0,1
2609099000,Six-Day,5,0,112663.0,96482.0,16181.0,1,93045.0,83056.0,9989.0,1,104851.0,87697.0,17154.0,1
2609099000,Six-Day,5,1,112663.0,96482.0,16181.0,1,80187.0,68434.0,11753.0,1,104851.0,87697.0,17154.0,1
2609099000,Three-Day,6,0,94774.0,84007.0,10767.0,1,97372.0,77449.0,19923.0,1,97372.0,77449.0,19923.0,1
2609099000,Three-Day,6,1,94774.0,84007.0,10767.0,1,97372.0,77449.0,19923.0,1,97372.0,77449.0,19923.0,1
2609099001,G001,0,0,130127.0,94343.0,35784.0,1,119529.0,102474.0,17055.0,1,118883.0,102386.0,16497.0,1
2609099001,G001,0,1,123006.0,89807.0,33199.0,1,97771.0,82015.0,15756.0,1,97859.0,81900.0,15959.0,1
2609099001,G003,1,0,74818.0,68006.0,6812.0,1,86552.0,88914.0,-2362.0,0,86628.0,88821.0,-2193.0,0
2609099001,G003,1,1,74818.0,68006.0,6812.0,1,86552.0,88914.0,-2362.0,0,86628.0,88821.0,-2193.0,0
2609099001,Boatlee V29,2,0,78954.0,58667.0,20287.0,1,79711.0,56823.0,22888.0,1,77172.0,50577.0,26595.0,1
2609099001,Boatlee V29,2,1,78954.0,58667.0,20287.0,1,79711.0,56823.0,22888.0,1,77172.0,50577.0,26595.0,1
2609099001,Kaito V58,3,0,83199.0,77666.0,5533.0,1,91231.0,85739.0,5492.0,1,91231.0,85739.0,5492.0,1
2609099001,Kaito V58,3,1,83199.0,77666.0,5533.0,1,91231.0,85739.0,5492.0,1,91231.0,85739.0,5492.0,1
2609099001,Lynn V5,4,0,87476.0,78227.0,9249.0,1,77758.0,68601.0,9157.0,1,77761.0,68597.0,9164.0,1
2609099001,Lynn V5,4,1,87476.0,78227.0,9249.0,1,77758.0,68601.0,9157.0,1,77761.0,68597.0,9164.0,1
2609099001,Six-Day,5,0,89811.0,95324.0,-5513.0,0,104289.0,101244.0,3045.0,1,104173.0,101305.0,2868.0,1
2609099001,Six-Day,5,1,89811.0,95324.0,-5513.0,0,103869.0,101313.0,2556.0,1,104061.0,101531.0,2530.0,1
2609099001,Three-Day,6,0,74534.0,50624.0,23910.0,1,95547.0,89354.0,6193.0,1,95548.0,89352.0,6196.0,1
2609099001,Three-Day,6,1,74534.0,50624.0,23910.0,1,95547.0,89354.0,6193.0,1,95548.0,89352.0,6196.0,1
2609099002,G001,0,0,98447.0,84313.0,14134.0,1,81559.0,63017.0,18542.0,1,98455.0,90000.0,8455.0,1
2609099002,G001,0,1,106454.0,93259.0,13195.0,1,83117.0,62496.0,20621.0,1,85115.0,71701.0,13414.0,1
2609099002,G003,1,0,72682.0,61630.0,11052.0,1,98253.0,93641.0,4612.0,1,102724.0,116986.0,-14262.0,0
2609099002,G003,1,1,72682.0,61630.0,11052.0,1,98253.0,93641.0,4612.0,1,102724.0,116986.0,-14262.0,0
2609099002,Boatlee V29,2,0,75723.0,74081.0,1642.0,1,69166.0,66703.0,2463.0,1,69166.0,66703.0,2463.0,1
2609099002,Boatlee V29,2,1,75723.0,74081.0,1642.0,1,69166.0,66703.0,2463.0,1,69166.0,66703.0,2463.0,1
2609099002,Kaito V58,3,0,89428.0,69036.0,20392.0,1,97621.0,89937.0,7684.0,1,134469.0,90080.0,44389.0,1
2609099002,Kaito V58,3,1,72380.0,51916.0,20464.0,1,97621.0,89937.0,7684.0,1,134207.0,89173.0,45034.0,1
2609099002,Lynn V5,4,0,84819.0,77014.0,7805.0,1,79857.0,74328.0,5529.0,1,79861.0,74325.0,5536.0,1
2609099002,Lynn V5,4,1,84819.0,77014.0,7805.0,1,79857.0,74328.0,5529.0,1,79861.0,74325.0,5536.0,1
2609099002,Six-Day,5,0,68228.0,49187.0,19041.0,1,101278.0,80959.0,20319.0,1,100352.0,78278.0,22074.0,1
2609099002,Six-Day,5,1,68228.0,49187.0,19041.0,1,101278.0,80959.0,20319.0,1,100352.0,78278.0,22074.0,1
2609099002,Three-Day,6,0,68351.0,57713.0,10638.0,1,97538.0,75792.0,21746.0,1,83504.0,72650.0,10854.0,1
2609099002,Three-Day,6,1,68351.0,57713.0,10638.0,1,97538.0,75792.0,21746.0,1,83504.0,72650.0,10854.0,1
2609099003,G001,0,0,156105.0,132647.0,23458.0,1,93970.0,76882.0,17088.0,1,93958.0,76880.0,17078.0,1
2609099003,G001,0,1,156105.0,132647.0,23458.0,1,88608.0,71774.0,16834.0,1,94882.0,68677.0,26205.0,1
2609099003,G003,1,0,107582.0,95601.0,11981.0,1,91983.0,93971.0,-1988.0,0,91983.0,93970.0,-1987.0,0
2609099003,G003,1,1,107582.0,95601.0,11981.0,1,91983.0,93971.0,-1988.0,0,91983.0,93970.0,-1987.0,0
2609099003,Boatlee V29,2,0,87241.0,72188.0,15053.0,1,87373.0,73040.0,14333.0,1,86368.0,72622.0,13746.0,1
2609099003,Boatlee V29,2,1,87241.0,72188.0,15053.0,1,87373.0,73040.0,14333.0,1,86368.0,72622.0,13746.0,1
2609099003,Kaito V58,3,0,96727.0,89508.0,7219.0,1,112608.0,93085.0,19523.0,1,114201.0,95255.0,18946.0,1
2609099003,Kaito V58,3,1,96727.0,89508.0,7219.0,1,112608.0,93085.0,19523.0,1,114201.0,95255.0,18946.0,1
2609099003,Lynn V5,4,0,96955.0,74188.0,22767.0,1,96860.0,74339.0,22521.0,1,107355.0,88578.0,18777.0,1
2609099003,Lynn V5,4,1,96955.0,74188.0,22767.0,1,96860.0,74339.0,22521.0,1,107355.0,88578.0,18777.0,1
2609099003,Six-Day,5,0,115194.0,96520.0,18674.0,1,92586.0,94443.0,-1857.0,0,92586.0,94443.0,-1857.0,0
2609099003,Six-Day,5,1,115194.0,96520.0,18674.0,1,92586.0,94443.0,-1857.0,0,92586.0,94443.0,-1857.0,0
2609099003,Three-Day,6,0,102265.0,97854.0,4411.0,1,137162.0,106844.0,30318.0,1,137171.0,106835.0,30336.0,1
2609099003,Three-Day,6,1,102265.0,97854.0,4411.0,1,137162.0,106844.0,30318.0,1,137171.0,106835.0,30336.0,1
2609099004,G001,0,0,123658.0,87133.0,36525.0,1,80798.0,57877.0,22921.0,1,90445.0,69181.0,21264.0,1
2609099004,G001,0,1,85712.0,58538.0,27174.0,1,81087.0,57802.0,23285.0,1,90449.0,71758.0,18691.0,1
2609099004,G003,1,0,88501.0,78285.0,10216.0,1,95471.0,111382.0,-15911.0,0,127276.0,134748.0,-7472.0,0
2609099004,G003,1,1,87017.0,74261.0,12756.0,1,83910.0,76434.0,7476.0,1,83910.0,76434.0,7476.0,1
2609099004,Boatlee V29,2,0,81187.0,68813.0,12374.0,1,85978.0,71623.0,14355.0,1,85978.0,71623.0,14355.0,1
2609099004,Boatlee V29,2,1,82824.0,88874.0,-6050.0,0,104224.0,108477.0,-4253.0,0,104231.0,108469.0,-4238.0,0
2609099004,Kaito V58,3,0,86440.0,84073.0,2367.0,1,128567.0,99406.0,29161.0,1,120648.0,75058.0,45590.0,1
2609099004,Kaito V58,3,1,81736.0,65424.0,16312.0,1,80682.0,77047.0,3635.0,1,80726.0,77047.0,3679.0,1
2609099004,Lynn V5,4,0,90050.0,72907.0,17143.0,1,77164.0,66805.0,10359.0,1,77233.0,66742.0,10491.0,1
2609099004,Lynn V5,4,1,85217.0,90548.0,-5331.0,0,103174.0,102257.0,917.0,1,103174.0,102257.0,917.0,1
2609099004,Six-Day,5,0,95766.0,72103.0,23663.0,1,92071.0,80381.0,11690.0,1,83894.0,73148.0,10746.0,1
2609099004,Six-Day,5,1,84127.0,86115.0,-1988.0,0,93355.0,96911.0,-3556.0,0,84501.0,80806.0,3695.0,1
2609099004,Three-Day,6,0,84607.0,65081.0,19526.0,1,103145.0,95766.0,7379.0,1,84176.0,80806.0,3370.0,1
2609099004,Three-Day,6,1,68624.0,63356.0,5268.0,1,95405.0,93594.0,1811.0,1,95405.0,93594.0,1811.0,1
2609099005,G001,0,0,117543.0,96658.0,20885.0,1,126149.0,106256.0,19893.0,1,126149.0,106256.0,19893.0,1
2609099005,G001,0,1,117543.0,96658.0,20885.0,1,126149.0,106256.0,19893.0,1,126149.0,106256.0,19893.0,1
2609099005,G003,1,0,94458.0,92416.0,2042.0,1,103589.0,95353.0,8236.0,1,103589.0,95353.0,8236.0,1
2609099005,G003,1,1,94458.0,92416.0,2042.0,1,103589.0,95353.0,8236.0,1,103589.0,95353.0,8236.0,1
2609099005,Boatlee V29,2,0,102079.0,92284.0,9795.0,1,101848.0,91946.0,9902.0,1,102489.0,91714.0,10775.0,1
2609099005,Boatlee V29,2,1,102079.0,92284.0,9795.0,1,101848.0,91946.0,9902.0,1,102489.0,91714.0,10775.0,1
2609099005,Kaito V58,3,0,122031.0,112502.0,9529.0,1,107441.0,94203.0,13238.0,1,107441.0,94203.0,13238.0,1
2609099005,Kaito V58,3,1,97531.0,94496.0,3035.0,1,107441.0,94203.0,13238.0,1,107441.0,94203.0,13238.0,1
2609099005,Lynn V5,4,0,101738.0,90778.0,10960.0,1,107885.0,101215.0,6670.0,1,107897.0,101170.0,6727.0,1
2609099005,Lynn V5,4,1,101738.0,90778.0,10960.0,1,107885.0,101215.0,6670.0,1,107897.0,101170.0,6727.0,1
2609099005,Six-Day,5,0,83929.0,66568.0,17361.0,1,87416.0,64734.0,22682.0,1,87416.0,64734.0,22682.0,1
2609099005,Six-Day,5,1,83929.0,66568.0,17361.0,1,87416.0,64734.0,22682.0,1,87416.0,64734.0,22682.0,1
2609099005,Three-Day,6,0,124294.0,103731.0,20563.0,1,80343.0,61016.0,19327.0,1,80347.0,61010.0,19337.0,1
2609099005,Three-Day,6,1,110959.0,86930.0,24029.0,1,80343.0,61016.0,19327.0,1,80347.0,61010.0,19337.0,1
2609099006,G001,0,0,98240.0,82010.0,16230.0,1,87061.0,53838.0,33223.0,1,98209.0,82825.0,15384.0,1
2609099006,G001,0,1,98240.0,82010.0,16230.0,1,87375.0,54861.0,32514.0,1,98209.0,82825.0,15384.0,1
2609099006,G003,1,0,145849.0,154033.0,-8184.0,0,74247.0,69605.0,4642.0,1,75347.0,68304.0,7043.0,1
2609099006,G003,1,1,146219.0,153355.0,-7136.0,0,73978.0,69687.0,4291.0,1,75347.0,68304.0,7043.0,1
2609099006,Boatlee V29,2,0,123937.0,84377.0,39560.0,1,129326.0,68478.0,60848.0,1,129326.0,68478.0,60848.0,1
2609099006,Boatlee V29,2,1,123937.0,84377.0,39560.0,1,129326.0,68478.0,60848.0,1,129326.0,68478.0,60848.0,1
2609099006,Kaito V58,3,0,106057.0,110011.0,-3954.0,0,95237.0,71886.0,23351.0,1,91462.0,71543.0,19919.0,1
2609099006,Kaito V58,3,1,105236.0,110054.0,-4818.0,0,95237.0,71886.0,23351.0,1,93362.0,71534.0,21828.0,1
2609099006,Lynn V5,4,0,141440.0,128065.0,13375.0,1,126696.0,105643.0,21053.0,1,126699.0,105639.0,21060.0,1
2609099006,Lynn V5,4,1,141440.0,128065.0,13375.0,1,126696.0,105643.0,21053.0,1,126699.0,105639.0,21060.0,1
2609099006,Six-Day,5,0,104953.0,105424.0,-471.0,0,86504.0,87342.0,-838.0,0,85644.0,87135.0,-1491.0,0
2609099006,Six-Day,5,1,104953.0,105424.0,-471.0,0,86504.0,87342.0,-838.0,0,85644.0,87135.0,-1491.0,0
2609099006,Three-Day,6,0,136711.0,91745.0,44966.0,1,71579.0,57326.0,14253.0,1,71581.0,57310.0,14271.0,1
2609099006,Three-Day,6,1,136670.0,92487.0,44183.0,1,71579.0,57326.0,14253.0,1,71581.0,57310.0,14271.0,1
2609099007,G001,0,0,124006.0,110008.0,13998.0,1,154701.0,134683.0,20018.0,1,113251.0,107639.0,5612.0,1
2609099007,G001,0,1,119474.0,107026.0,12448.0,1,154701.0,134683.0,20018.0,1,113251.0,107639.0,5612.0,1
2609099007,G003,1,0,113941.0,83784.0,30157.0,1,92780.0,93014.0,-234.0,0,105118.0,102991.0,2127.0,1
2609099007,G003,1,1,93449.0,68976.0,24473.0,1,92780.0,93014.0,-234.0,0,102506.0,94316.0,8190.0,1
2609099007,Boatlee V29,2,0,105473.0,97141.0,8332.0,1,104734.0,97066.0,7668.0,1,104734.0,97066.0,7668.0,1
2609099007,Boatlee V29,2,1,105473.0,97141.0,8332.0,1,104734.0,97066.0,7668.0,1,104734.0,97066.0,7668.0,1
2609099007,Kaito V58,3,0,111428.0,86503.0,24925.0,1,92199.0,87554.0,4645.0,1,92576.0,81937.0,10639.0,1
2609099007,Kaito V58,3,1,94241.0,78120.0,16121.0,1,92199.0,87554.0,4645.0,1,92576.0,81937.0,10639.0,1
2609099007,Lynn V5,4,0,106100.0,98401.0,7699.0,1,105095.0,98219.0,6876.0,1,105095.0,98219.0,6876.0,1
2609099007,Lynn V5,4,1,106100.0,98401.0,7699.0,1,105095.0,98219.0,6876.0,1,105095.0,98219.0,6876.0,1
2609099007,Six-Day,5,0,121355.0,80396.0,40959.0,1,74474.0,61484.0,12990.0,1,92271.0,78449.0,13822.0,1
2609099007,Six-Day,5,1,121355.0,80396.0,40959.0,1,79213.0,69357.0,9856.0,1,91922.0,75978.0,15944.0,1
2609099007,Three-Day,6,0,95763.0,74685.0,21078.0,1,119079.0,102060.0,17019.0,1,108946.0,102128.0,6818.0,1
2609099007,Three-Day,6,1,95763.0,74685.0,21078.0,1,119079.0,102060.0,17019.0,1,108946.0,102128.0,6818.0,1
2609099008,G001,0,0,75306.0,43956.0,31350.0,1,72994.0,44230.0,28764.0,1,72747.0,47209.0,25538.0,1
2609099008,G001,0,1,77954.0,46396.0,31558.0,1,72994.0,44230.0,28764.0,1,73051.0,47183.0,25868.0,1
2609099008,G003,1,0,88565.0,78422.0,10143.0,1,97427.0,96867.0,560.0,1,97427.0,96866.0,561.0,1
2609099008,G003,1,1,88565.0,78422.0,10143.0,1,97427.0,96867.0,560.0,1,97427.0,96866.0,561.0,1
2609099008,Boatlee V29,2,0,72265.0,61141.0,11124.0,1,76929.0,55272.0,21657.0,1,76928.0,55272.0,21656.0,1
2609099008,Boatlee V29,2,1,72265.0,61141.0,11124.0,1,76929.0,55272.0,21657.0,1,76928.0,55272.0,21656.0,1
2609099008,Kaito V58,3,0,99021.0,92664.0,6357.0,1,124889.0,81258.0,43631.0,1,124891.0,81255.0,43636.0,1
2609099008,Kaito V58,3,1,99021.0,92664.0,6357.0,1,124889.0,81258.0,43631.0,1,124891.0,81255.0,43636.0,1
2609099008,Lynn V5,4,0,80005.0,61722.0,18283.0,1,78151.0,61702.0,16449.0,1,78147.0,61696.0,16451.0,1
2609099008,Lynn V5,4,1,80005.0,61722.0,18283.0,1,78151.0,61702.0,16449.0,1,78147.0,61696.0,16451.0,1
2609099008,Six-Day,5,0,87003.0,100408.0,-13405.0,0,81154.0,66043.0,15111.0,1,112006.0,78199.0,33807.0,1
2609099008,Six-Day,5,1,87003.0,100408.0,-13405.0,0,81154.0,66043.0,15111.0,1,111862.0,78199.0,33663.0,1
2609099008,Three-Day,6,0,71100.0,79150.0,-8050.0,0,99202.0,76813.0,22389.0,1,99203.0,76812.0,22391.0,1
2609099008,Three-Day,6,1,69838.0,76371.0,-6533.0,0,99202.0,76813.0,22389.0,1,99203.0,76812.0,22391.0,1
2609099009,G001,0,0,93556.0,72892.0,20664.0,1,99703.0,90140.0,9563.0,1,99703.0,90140.0,9563.0,1
2609099009,G001,0,1,93121.0,75402.0,17719.0,1,95659.0,86875.0,8784.0,1,95656.0,86867.0,8789.0,1
2609099009,G003,1,0,114093.0,111422.0,2671.0,1,123199.0,121526.0,1673.0,1,114029.0,101145.0,12884.0,1
2609099009,G003,1,1,102445.0,96477.0,5968.0,1,124902.0,121434.0,3468.0,1,102975.0,105535.0,-2560.0,0
2609099009,Boatlee V29,2,0,113800.0,69892.0,43908.0,1,112444.0,70169.0,42275.0,1,112444.0,70169.0,42275.0,1
2609099009,Boatlee V29,2,1,107249.0,75487.0,31762.0,1,108255.0,75551.0,32704.0,1,108256.0,75550.0,32706.0,1
2609099009,Kaito V58,3,0,116655.0,95529.0,21126.0,1,133427.0,120436.0,12991.0,1,95384.0,98669.0,-3285.0,0
2609099009,Kaito V58,3,1,102483.0,85305.0,17178.0,1,116648.0,106316.0,10332.0,1,101294.0,104453.0,-3159.0,0
2609099009,Lynn V5,4,0,113439.0,68570.0,44869.0,1,113789.0,68089.0,45700.0,1,113789.0,68089.0,45700.0,1
2609099009,Lynn V5,4,1,102487.0,90155.0,12332.0,1,89771.0,79034.0,10737.0,1,89760.0,79034.0,10726.0,1
2609099009,Six-Day,5,0,88399.0,67444.0,20955.0,1,85635.0,68391.0,17244.0,1,85599.0,68510.0,17089.0,1
2609099009,Six-Day,5,1,86277.0,66419.0,19858.0,1,91422.0,66362.0,25060.0,1,91422.0,66362.0,25060.0,1
2609099009,Three-Day,6,0,85812.0,70578.0,15234.0,1,98685.0,91145.0,7540.0,1,79291.0,67513.0,11778.0,1
2609099009,Three-Day,6,1,89338.0,72802.0,16536.0,1,128232.0,111954.0,16278.0,1,97914.0,86900.0,11014.0,1
2609099010,G001,0,0,110711.0,98043.0,12668.0,1,136379.0,98948.0,37431.0,1,136379.0,98948.0,37431.0,1
2609099010,G001,0,1,110711.0,98043.0,12668.0,1,141372.0,106900.0,34472.0,1,141372.0,106900.0,34472.0,1
2609099010,G003,1,0,124818.0,123927.0,891.0,1,103544.0,101556.0,1988.0,1,121584.0,112499.0,9085.0,1
2609099010,G003,1,1,124818.0,123927.0,891.0,1,103544.0,101556.0,1988.0,1,121584.0,112499.0,9085.0,1
2609099010,Boatlee V29,2,0,116481.0,102468.0,14013.0,1,108886.0,99667.0,9219.0,1,108886.0,99667.0,9219.0,1
2609099010,Boatlee V29,2,1,116481.0,102468.0,14013.0,1,108886.0,99667.0,9219.0,1,108886.0,99667.0,9219.0,1
2609099010,Kaito V58,3,0,120944.0,119303.0,1641.0,1,90573.0,94309.0,-3736.0,0,125046.0,95551.0,29495.0,1
2609099010,Kaito V58,3,1,122767.0,120949.0,1818.0,1,90573.0,94309.0,-3736.0,0,125046.0,95551.0,29495.0,1
2609099010,Lynn V5,4,0,101283.0,82654.0,18629.0,1,100310.0,81976.0,18334.0,1,100314.0,81950.0,18364.0,1
2609099010,Lynn V5,4,1,101283.0,82654.0,18629.0,1,100310.0,81976.0,18334.0,1,100314.0,81950.0,18364.0,1
2609099010,Six-Day,5,0,112839.0,98243.0,14596.0,1,94388.0,87201.0,7187.0,1,95137.0,87331.0,7806.0,1
2609099010,Six-Day,5,1,112839.0,98243.0,14596.0,1,94363.0,87201.0,7162.0,1,95112.0,87331.0,7781.0,1
2609099010,Three-Day,6,0,123260.0,114621.0,8639.0,1,123738.0,81047.0,42691.0,1,93359.0,68706.0,24653.0,1
2609099010,Three-Day,6,1,123260.0,114621.0,8639.0,1,123738.0,81047.0,42691.0,1,93359.0,68706.0,24653.0,1
2609099011,G001,0,0,94160.0,47809.0,46351.0,1,84846.0,56367.0,28479.0,1,128666.0,88496.0,40170.0,1
2609099011,G001,0,1,107346.0,90569.0,16777.0,1,84846.0,56367.0,28479.0,1,128666.0,88496.0,40170.0,1
2609099011,G003,1,0,112137.0,115257.0,-3120.0,0,107332.0,104479.0,2853.0,1,107332.0,104479.0,2853.0,1
2609099011,G003,1,1,112137.0,115257.0,-3120.0,0,107332.0,104479.0,2853.0,1,107332.0,104479.0,2853.0,1
2609099011,Boatlee V29,2,0,87445.0,96305.0,-8860.0,0,93212.0,91062.0,2150.0,1,93212.0,91062.0,2150.0,1
2609099011,Boatlee V29,2,1,87445.0,96305.0,-8860.0,0,93212.0,91062.0,2150.0,1,93212.0,91062.0,2150.0,1
2609099011,Kaito V58,3,0,139263.0,131814.0,7449.0,1,85922.0,70359.0,15563.0,1,85908.0,70341.0,15567.0,1
2609099011,Kaito V58,3,1,139263.0,131814.0,7449.0,1,85922.0,70359.0,15563.0,1,85908.0,70341.0,15567.0,1
2609099011,Lynn V5,4,0,103823.0,99668.0,4155.0,1,102230.0,98821.0,3409.0,1,102230.0,98821.0,3409.0,1
2609099011,Lynn V5,4,1,103823.0,99668.0,4155.0,1,102230.0,98821.0,3409.0,1,102230.0,98821.0,3409.0,1
2609099011,Six-Day,5,0,132819.0,107426.0,25393.0,1,102287.0,92632.0,9655.0,1,102287.0,92631.0,9656.0,1
2609099011,Six-Day,5,1,132819.0,107426.0,25393.0,1,102287.0,92632.0,9655.0,1,102287.0,92631.0,9656.0,1
2609099011,Three-Day,6,0,124611.0,106867.0,17744.0,1,105410.0,77699.0,27711.0,1,105113.0,77355.0,27758.0,1
2609099011,Three-Day,6,1,124611.0,106867.0,17744.0,1,105410.0,77699.0,27711.0,1,105113.0,77355.0,27758.0,1
2609099012,G001,0,0,106635.0,92911.0,13724.0,1,97368.0,69718.0,27650.0,1,92935.0,66828.0,26107.0,1
2609099012,G001,0,1,138174.0,128671.0,9503.0,1,91256.0,68013.0,23243.0,1,89743.0,70107.0,19636.0,1
2609099012,G003,1,0,107118.0,107770.0,-652.0,0,112118.0,101364.0,10754.0,1,112103.0,101352.0,10751.0,1
2609099012,G003,1,1,107118.0,107770.0,-652.0,0,105526.0,81884.0,23642.0,1,111945.0,87156.0,24789.0,1
2609099012,Boatlee V29,2,0,103351.0,90774.0,12577.0,1,113864.0,80492.0,33372.0,1,113880.0,80476.0,33404.0,1
2609099012,Boatlee V29,2,1,103351.0,90774.0,12577.0,1,113864.0,80492.0,33372.0,1,113880.0,80476.0,33404.0,1
2609099012,Kaito V58,3,0,138077.0,99175.0,38902.0,1,113523.0,102044.0,11479.0,1,113510.0,102044.0,11466.0,1
2609099012,Kaito V58,3,1,138077.0,99175.0,38902.0,1,96212.0,88755.0,7457.0,1,96217.0,88750.0,7467.0,1
2609099012,Lynn V5,4,0,111205.0,88881.0,22324.0,1,81735.0,60892.0,20843.0,1,81736.0,60891.0,20845.0,1
2609099012,Lynn V5,4,1,111205.0,88881.0,22324.0,1,81735.0,60892.0,20843.0,1,81736.0,60891.0,20845.0,1
2609099012,Six-Day,5,0,109680.0,108752.0,928.0,1,67600.0,47655.0,19945.0,1,67600.0,47655.0,19945.0,1
2609099012,Six-Day,5,1,109680.0,108752.0,928.0,1,69678.0,41372.0,28306.0,1,69609.0,41364.0,28245.0,1
2609099012,Three-Day,6,0,112725.0,94825.0,17900.0,1,95437.0,91013.0,4424.0,1,95437.0,91013.0,4424.0,1
2609099012,Three-Day,6,1,112725.0,94825.0,17900.0,1,95610.0,59558.0,36052.0,1,95610.0,59558.0,36052.0,1
2609099013,G001,0,0,76932.0,35731.0,41201.0,1,72228.0,47717.0,24511.0,1,79838.0,47326.0,32512.0,1
2609099013,G001,0,1,76932.0,35731.0,41201.0,1,80688.0,46427.0,34261.0,1,79838.0,47326.0,32512.0,1
2609099013,G003,1,0,88419.0,93585.0,-5166.0,0,84167.0,76825.0,7342.0,1,127886.0,72277.0,55609.0,1
2609099013,G003,1,1,88419.0,93585.0,-5166.0,0,84167.0,76825.0,7342.0,1,127886.0,72277.0,55609.0,1
2609099013,Boatlee V29,2,0,90858.0,64025.0,26833.0,1,104384.0,69437.0,34947.0,1,91697.0,63070.0,28627.0,1
2609099013,Boatlee V29,2,1,90858.0,64025.0,26833.0,1,104384.0,69437.0,34947.0,1,91697.0,63070.0,28627.0,1
2609099013,Kaito V58,3,0,98585.0,100034.0,-1449.0,0,86319.0,64641.0,21678.0,1,98412.0,52260.0,46152.0,1
2609099013,Kaito V58,3,1,98585.0,100034.0,-1449.0,0,86319.0,64641.0,21678.0,1,98412.0,52260.0,46152.0,1
2609099013,Lynn V5,4,0,83755.0,78685.0,5070.0,1,83502.0,76527.0,6975.0,1,83505.0,76525.0,6980.0,1
2609099013,Lynn V5,4,1,83755.0,78685.0,5070.0,1,83502.0,76527.0,6975.0,1,83505.0,76525.0,6980.0,1
2609099013,Six-Day,5,0,83290.0,58395.0,24895.0,1,147281.0,104419.0,42862.0,1,147281.0,104419.0,42862.0,1
2609099013,Six-Day,5,1,83290.0,58395.0,24895.0,1,147281.0,104419.0,42862.0,1,147281.0,104419.0,42862.0,1
2609099013,Three-Day,6,0,97819.0,100973.0,-3154.0,0,124238.0,113563.0,10675.0,1,124222.0,113560.0,10662.0,1
2609099013,Three-Day,6,1,97819.0,100973.0,-3154.0,0,124238.0,113563.0,10675.0,1,124222.0,113560.0,10662.0,1
2609099014,G001,0,0,87765.0,81317.0,6448.0,1,110265.0,85903.0,24362.0,1,91640.0,75422.0,16218.0,1
2609099014,G001,0,1,87765.0,81317.0,6448.0,1,108316.0,96923.0,11393.0,1,108319.0,96914.0,11405.0,1
2609099014,G003,1,0,96238.0,96784.0,-546.0,0,96000.0,85923.0,10077.0,1,96738.0,86627.0,10111.0,1
2609099014,G003,1,1,85755.0,70889.0,14866.0,1,96000.0,85923.0,10077.0,1,96738.0,86627.0,10111.0,1
2609099014,Boatlee V29,2,0,118986.0,104503.0,14483.0,1,123575.0,131259.0,-7684.0,0,123575.0,131259.0,-7684.0,0
2609099014,Boatlee V29,2,1,107677.0,82630.0,25047.0,1,108269.0,81919.0,26350.0,1,108269.0,81919.0,26350.0,1
2609099014,Kaito V58,3,0,124390.0,138130.0,-13740.0,0,94109.0,77819.0,16290.0,1,94126.0,77791.0,16335.0,1
2609099014,Kaito V58,3,1,82358.0,63828.0,18530.0,1,94109.0,77819.0,16290.0,1,94126.0,77791.0,16335.0,1
2609099014,Lynn V5,4,0,120340.0,95790.0,24550.0,1,111274.0,92402.0,18872.0,1,111274.0,92402.0,18872.0,1
2609099014,Lynn V5,4,1,114438.0,83786.0,30652.0,1,108277.0,83009.0,25268.0,1,108137.0,83197.0,24940.0,1
2609099014,Six-Day,5,0,128105.0,84006.0,44099.0,1,100606.0,43728.0,56878.0,1,100606.0,43728.0,56878.0,1
2609099014,Six-Day,5,1,94597.0,74464.0,20133.0,1,100966.0,61649.0,39317.0,1,80200.0,60256.0,19944.0,1
2609099014,Three-Day,6,0,96216.0,85887.0,10329.0,1,96306.0,60775.0,35531.0,1,96305.0,60775.0,35530.0,1
2609099014,Three-Day,6,1,87011.0,64862.0,22149.0,1,90181.0,71407.0,18774.0,1,90181.0,71406.0,18775.0,1
2609099015,G001,0,0,97461.0,86071.0,11390.0,1,96684.0,85850.0,10834.0,1,89689.0,88623.0,1066.0,1
2609099015,G001,0,1,97461.0,86071.0,11390.0,1,129608.0,121710.0,7898.0,1,102669.0,86131.0,16538.0,1
2609099015,G003,1,0,128452.0,115107.0,13345.0,1,102174.0,94441.0,7733.0,1,102009.0,94440.0,7569.0,1
2609099015,G003,1,1,123213.0,112117.0,11096.0,1,94266.0,83996.0,10270.0,1,94266.0,83995.0,10271.0,1
2609099015,Boatlee V29,2,0,107403.0,113277.0,-5874.0,0,99781.0,108408.0,-8627.0,0,98145.0,106842.0,-8697.0,0
2609099015,Boatlee V29,2,1,107403.0,113277.0,-5874.0,0,99781.0,108408.0,-8627.0,0,98145.0,106842.0,-8697.0,0
2609099015,Kaito V58,3,0,122941.0,116169.0,6772.0,1,145210.0,88492.0,56718.0,1,134645.0,78948.0,55697.0,1
2609099015,Kaito V58,3,1,124902.0,100172.0,24730.0,1,123597.0,86876.0,36721.0,1,123577.0,86876.0,36701.0,1
2609099015,Lynn V5,4,0,127734.0,124123.0,3611.0,1,127340.0,125743.0,1597.0,1,127344.0,125739.0,1605.0,1
2609099015,Lynn V5,4,1,127734.0,124123.0,3611.0,1,127340.0,125743.0,1597.0,1,127344.0,125739.0,1605.0,1
2609099015,Six-Day,5,0,116526.0,97769.0,18757.0,1,134471.0,82534.0,51937.0,1,136790.0,88403.0,48387.0,1
2609099015,Six-Day,5,1,137919.0,116996.0,20923.0,1,134450.0,82534.0,51916.0,1,136790.0,88403.0,48387.0,1
2609099015,Three-Day,6,0,101649.0,90749.0,10900.0,1,140641.0,108354.0,32287.0,1,140642.0,108353.0,32289.0,1
2609099015,Three-Day,6,1,94896.0,87482.0,7414.0,1,150203.0,83910.0,66293.0,1,150203.0,83910.0,66293.0,1
2609099016,G001,0,0,129122.0,51848.0,77274.0,1,86557.0,69012.0,17545.0,1,81690.0,57414.0,24276.0,1
2609099016,G001,0,1,129122.0,51848.0,77274.0,1,83364.0,65895.0,17469.0,1,81690.0,57414.0,24276.0,1
2609099016,G003,1,0,99933.0,100410.0,-477.0,0,70721.0,59219.0,11502.0,1,77086.0,76217.0,869.0,1
2609099016,G003,1,1,101277.0,102047.0,-770.0,0,73168.0,63814.0,9354.0,1,77086.0,76217.0,869.0,1
2609099016,Boatlee V29,2,0,81322.0,86673.0,-5351.0,0,82253.0,79378.0,2875.0,1,82246.0,79378.0,2868.0,1
2609099016,Boatlee V29,2,1,81322.0,86673.0,-5351.0,0,82253.0,79378.0,2875.0,1,82246.0,79378.0,2868.0,1
2609099016,Kaito V58,3,0,103116.0,104016.0,-900.0,0,108579.0,89547.0,19032.0,1,81599.0,77808.0,3791.0,1
2609099016,Kaito V58,3,1,99362.0,101419.0,-2057.0,0,104566.0,89427.0,15139.0,1,81348.0,77300.0,4048.0,1
2609099016,Lynn V5,4,0,93256.0,93118.0,138.0,1,116039.0,102394.0,13645.0,1,116039.0,102394.0,13645.0,1
2609099016,Lynn V5,4,1,93256.0,93118.0,138.0,1,116039.0,102394.0,13645.0,1,116039.0,102394.0,13645.0,1
2609099016,Six-Day,5,0,102896.0,108996.0,-6100.0,0,111123.0,120473.0,-9350.0,0,111125.0,120470.0,-9345.0,0
2609099016,Six-Day,5,1,102896.0,108996.0,-6100.0,0,111123.0,120473.0,-9350.0,0,111125.0,120470.0,-9345.0,0
2609099016,Three-Day,6,0,101738.0,107450.0,-5712.0,0,105450.0,83789.0,21661.0,1,105438.0,83789.0,21649.0,1
2609099016,Three-Day,6,1,98758.0,101917.0,-3159.0,0,95135.0,81093.0,14042.0,1,95119.0,81093.0,14026.0,1
2609099017,G001,0,0,84047.0,62938.0,21109.0,1,101106.0,82843.0,18263.0,1,93452.0,78854.0,14598.0,1
2609099017,G001,0,1,84047.0,62938.0,21109.0,1,88784.0,75718.0,13066.0,1,88773.0,75718.0,13055.0,1
2609099017,G003,1,0,94804.0,93923.0,881.0,1,88326.0,77067.0,11259.0,1,115465.0,101065.0,14400.0,1
2609099017,G003,1,1,94804.0,93923.0,881.0,1,76967.0,69999.0,6968.0,1,73995.0,66389.0,7606.0,1
2609099017,Boatlee V29,2,0,95330.0,77218.0,18112.0,1,101306.0,87721.0,13585.0,1,101283.0,87842.0,13441.0,1
2609099017,Boatlee V29,2,1,95330.0,77218.0,18112.0,1,101306.0,87721.0,13585.0,1,101283.0,87842.0,13441.0,1
2609099017,Kaito V58,3,0,88221.0,70460.0,17761.0,1,87457.0,79162.0,8295.0,1,87375.0,79137.0,8238.0,1
2609099017,Kaito V58,3,1,88221.0,70460.0,17761.0,1,80152.0,68942.0,11210.0,1,72351.0,55769.0,16582.0,1
2609099017,Lynn V5,4,0,100378.0,96206.0,4172.0,1,89044.0,82331.0,6713.0,1,89092.0,82289.0,6803.0,1
2609099017,Lynn V5,4,1,103997.0,102589.0,1408.0,1,89108.0,82323.0,6785.0,1,89156.0,82281.0,6875.0,1
2609099017,Six-Day,5,0,106214.0,87817.0,18397.0,1,168837.0,91199.0,77638.0,1,166998.0,89920.0,77078.0,1
2609099017,Six-Day,5,1,101939.0,104618.0,-2679.0,0,90100.0,71976.0,18124.0,1,90073.0,71962.0,18111.0,1
2609099017,Three-Day,6,0,75199.0,62867.0,12332.0,1,132785.0,126419.0,6366.0,1,132785.0,126419.0,6366.0,1
2609099017,Three-Day,6,1,91625.0,88874.0,2751.0,1,70594.0,63889.0,6705.0,1,70470.0,63889.0,6581.0,1
2609099018,G001,0,0,97884.0,78372.0,19512.0,1,76685.0,50012.0,26673.0,1,79603.0,44478.0,35125.0,1
2609099018,G001,0,1,97884.0,78372.0,19512.0,1,81543.0,51639.0,29904.0,1,77260.0,45868.0,31392.0,1
2609099018,G003,1,0,86148.0,76739.0,9409.0,1,97181.0,90984.0,6197.0,1,82263.0,68140.0,14123.0,1
2609099018,G003,1,1,88231.0,80207.0,8024.0,1,93490.0,94073.0,-583.0,0,76786.0,66211.0,10575.0,1
2609099018,Boatlee V29,2,0,85874.0,86601.0,-727.0,0,83118.0,70132.0,12986.0,1,73793.0,55754.0,18039.0,1
2609099018,Boatlee V29,2,1,85874.0,86601.0,-727.0,0,83118.0,70132.0,12986.0,1,73793.0,55754.0,18039.0,1
2609099018,Kaito V58,3,0,80295.0,69105.0,11190.0,1,92050.0,92280.0,-230.0,0,82798.0,62368.0,20430.0,1
2609099018,Kaito V58,3,1,77482.0,65489.0,11993.0,1,92475.0,89169.0,3306.0,1,76265.0,58495.0,17770.0,1
2609099018,Lynn V5,4,0,84752.0,71727.0,13025.0,1,89445.0,83446.0,5999.0,1,89421.0,83446.0,5975.0,1
2609099018,Lynn V5,4,1,84752.0,71727.0,13025.0,1,89445.0,83446.0,5999.0,1,89421.0,83446.0,5975.0,1
2609099018,Six-Day,5,0,71667.0,61305.0,10362.0,1,109148.0,89956.0,19192.0,1,109426.0,90186.0,19240.0,1
2609099018,Six-Day,5,1,72358.0,56395.0,15963.0,1,109148.0,89956.0,19192.0,1,109426.0,90186.0,19240.0,1
2609099018,Three-Day,6,0,73414.0,58307.0,15107.0,1,69003.0,58584.0,10419.0,1,113548.0,94874.0,18674.0,1
2609099018,Three-Day,6,1,73446.0,58337.0,15109.0,1,69713.0,55952.0,13761.0,1,113548.0,94874.0,18674.0,1
2609099019,G001,0,0,111046.0,105811.0,5235.0,1,87372.0,66604.0,20768.0,1,89831.0,59546.0,30285.0,1
2609099019,G001,0,1,111046.0,105811.0,5235.0,1,83908.0,62143.0,21765.0,1,89831.0,59546.0,30285.0,1
2609099019,G003,1,0,68435.0,66315.0,2120.0,1,100792.0,97431.0,3361.0,1,94008.0,97111.0,-3103.0,0
2609099019,G003,1,1,68435.0,66315.0,2120.0,1,100792.0,97431.0,3361.0,1,94793.0,97025.0,-2232.0,0
2609099019,Boatlee V29,2,0,84652.0,63703.0,20949.0,1,74635.0,50059.0,24576.0,1,74630.0,50054.0,24576.0,1
2609099019,Boatlee V29,2,1,84652.0,63703.0,20949.0,1,74635.0,50059.0,24576.0,1,74630.0,50054.0,24576.0,1
2609099019,Kaito V58,3,0,73061.0,62499.0,10562.0,1,102466.0,96478.0,5988.0,1,117691.0,106852.0,10839.0,1
2609099019,Kaito V58,3,1,73061.0,62499.0,10562.0,1,102466.0,96478.0,5988.0,1,117691.0,106852.0,10839.0,1
2609099019,Lynn V5,4,0,79173.0,72281.0,6892.0,1,93313.0,59228.0,34085.0,1,93313.0,59218.0,34095.0,1
2609099019,Lynn V5,4,1,79173.0,72281.0,6892.0,1,93313.0,59228.0,34085.0,1,93313.0,59218.0,34095.0,1
2609099019,Six-Day,5,0,76204.0,70786.0,5418.0,1,78055.0,71986.0,6069.0,1,78072.0,71945.0,6127.0,1
2609099019,Six-Day,5,1,75319.0,69839.0,5480.0,1,78055.0,71986.0,6069.0,1,78072.0,71945.0,6127.0,1
2609099019,Three-Day,6,0,96958.0,86818.0,10140.0,1,96300.0,84950.0,11350.0,1,99253.0,88171.0,11082.0,1
2609099019,Three-Day,6,1,96958.0,86818.0,10140.0,1,96300.0,84950.0,11350.0,1,99253.0,88171.0,11082.0,1
2609099020,G001,0,0,92272.0,49363.0,42909.0,1,94407.0,82219.0,12188.0,1,94388.0,82218.0,12170.0,1
2609099020,G001,0,1,95629.0,87083.0,8546.0,1,94407.0,82219.0,12188.0,1,94388.0,82218.0,12170.0,1
2609099020,G003,1,0,81637.0,74290.0,7347.0,1,85237.0,82988.0,2249.0,1,97618.0,103537.0,-5919.0,0
2609099020,G003,1,1,81637.0,74290.0,7347.0,1,85603.0,93112.0,-7509.0,0,97618.0,103537.0,-5919.0,0
2609099020,Boatlee V29,2,0,77025.0,63094.0,13931.0,1,75116.0,60026.0,15090.0,1,75105.0,60025.0,15080.0,1
2609099020,Boatlee V29,2,1,77025.0,63094.0,13931.0,1,75116.0,60026.0,15090.0,1,75105.0,60025.0,15080.0,1
2609099020,Kaito V58,3,0,82350.0,73251.0,9099.0,1,90117.0,90690.0,-573.0,0,80410.0,79489.0,921.0,1
2609099020,Kaito V58,3,1,81431.0,67998.0,13433.0,1,100214.0,95011.0,5203.0,1,84627.0,90580.0,-5953.0,0
2609099020,Lynn V5,4,0,76049.0,62317.0,13732.0,1,84013.0,72255.0,11758.0,1,84013.0,72255.0,11758.0,1
2609099020,Lynn V5,4,1,76049.0,62317.0,13732.0,1,84013.0,72255.0,11758.0,1,84013.0,72255.0,11758.0,1
2609099020,Six-Day,5,0,93061.0,78430.0,14631.0,1,77001.0,77049.0,-48.0,0,77001.0,77049.0,-48.0,0
2609099020,Six-Day,5,1,93061.0,78430.0,14631.0,1,85597.0,72810.0,12787.0,1,85597.0,72810.0,12787.0,1
2609099020,Three-Day,6,0,88330.0,82880.0,5450.0,1,103153.0,93245.0,9908.0,1,85682.0,64625.0,21057.0,1
2609099020,Three-Day,6,1,79142.0,68239.0,10903.0,1,103153.0,93245.0,9908.0,1,90619.0,77024.0,13595.0,1
2609099021,G001,0,0,115437.0,107421.0,8016.0,1,125095.0,122170.0,2925.0,1,100572.0,90991.0,9581.0,1
2609099021,G001,0,1,116244.0,100366.0,15878.0,1,125095.0,122170.0,2925.0,1,100572.0,90991.0,9581.0,1
2609099021,G003,1,0,108719.0,92994.0,15725.0,1,81788.0,75023.0,6765.0,1,81788.0,75022.0,6766.0,1
2609099021,G003,1,1,108719.0,92994.0,15725.0,1,81788.0,75023.0,6765.0,1,81788.0,75022.0,6766.0,1
2609099021,Boatlee V29,2,0,123306.0,128584.0,-5278.0,0,110825.0,110072.0,753.0,1,110737.0,110146.0,591.0,1
2609099021,Boatlee V29,2,1,123306.0,128584.0,-5278.0,0,110825.0,110072.0,753.0,1,110737.0,110146.0,591.0,1
2609099021,Kaito V58,3,0,110865.0,85667.0,25198.0,1,91758.0,57971.0,33787.0,1,91758.0,57971.0,33787.0,1
2609099021,Kaito V58,3,1,110865.0,85667.0,25198.0,1,91758.0,57971.0,33787.0,1,91758.0,57971.0,33787.0,1
2609099021,Lynn V5,4,0,117775.0,121625.0,-3850.0,0,112150.0,110828.0,1322.0,1,112150.0,110828.0,1322.0,1
2609099021,Lynn V5,4,1,117775.0,121625.0,-3850.0,0,112150.0,110828.0,1322.0,1,112150.0,110828.0,1322.0,1
2609099021,Six-Day,5,0,90472.0,94857.0,-4385.0,0,91843.0,77461.0,14382.0,1,91837.0,77455.0,14382.0,1
2609099021,Six-Day,5,1,90472.0,94857.0,-4385.0,0,89984.0,76719.0,13265.0,1,89984.0,76719.0,13265.0,1
2609099021,Three-Day,6,0,89681.0,73669.0,16012.0,1,88281.0,65401.0,22880.0,1,88275.0,65400.0,22875.0,1
2609099021,Three-Day,6,1,89681.0,73669.0,16012.0,1,88281.0,65401.0,22880.0,1,88275.0,65400.0,22875.0,1
2609099022,G001,0,0,95781.0,74330.0,21451.0,1,75775.0,54168.0,21607.0,1,81970.0,63718.0,18252.0,1
2609099022,G001,0,1,95781.0,74330.0,21451.0,1,75781.0,54170.0,21611.0,1,76730.0,57097.0,19633.0,1
2609099022,G003,1,0,74860.0,71078.0,3782.0,1,82000.0,72802.0,9198.0,1,88491.0,90644.0,-2153.0,0
2609099022,G003,1,1,74860.0,71078.0,3782.0,1,82000.0,72802.0,9198.0,1,88491.0,90644.0,-2153.0,0
2609099022,Boatlee V29,2,0,77397.0,69717.0,7680.0,1,88386.0,72537.0,15849.0,1,88364.0,72535.0,15829.0,1
2609099022,Boatlee V29,2,1,77397.0,69717.0,7680.0,1,88386.0,72537.0,15849.0,1,88364.0,72535.0,15829.0,1
2609099022,Kaito V58,3,0,68824.0,61943.0,6881.0,1,80222.0,73348.0,6874.0,1,125898.0,120079.0,5819.0,1
2609099022,Kaito V58,3,1,68824.0,61943.0,6881.0,1,80222.0,73348.0,6874.0,1,125898.0,120079.0,5819.0,1
2609099022,Lynn V5,4,0,84766.0,86641.0,-1875.0,0,75870.0,56803.0,19067.0,1,75869.0,56803.0,19066.0,1
2609099022,Lynn V5,4,1,84766.0,86641.0,-1875.0,0,75870.0,56803.0,19067.0,1,75869.0,56803.0,19066.0,1
2609099022,Six-Day,5,0,68286.0,51885.0,16401.0,1,83342.0,80219.0,3123.0,1,116038.0,101314.0,14724.0,1
2609099022,Six-Day,5,1,68286.0,51885.0,16401.0,1,83342.0,80219.0,3123.0,1,116038.0,101314.0,14724.0,1
2609099022,Three-Day,6,0,124937.0,77271.0,47666.0,1,146730.0,104429.0,42301.0,1,139748.0,94824.0,44924.0,1
2609099022,Three-Day,6,1,124924.0,77257.0,47667.0,1,146596.0,104427.0,42169.0,1,139748.0,94824.0,44924.0,1
2609099023,G001,0,0,129293.0,81532.0,47761.0,1,133378.0,122233.0,11145.0,1,133378.0,122233.0,11145.0,1
2609099023,G001,0,1,129293.0,81532.0,47761.0,1,133378.0,122233.0,11145.0,1,133378.0,122233.0,11145.0,1
2609099023,G003,1,0,106268.0,94266.0,12002.0,1,92250.0,85844.0,6406.0,1,92250.0,85844.0,6406.0,1
2609099023,G003,1,1,106268.0,94266.0,12002.0,1,92250.0,85844.0,6406.0,1,92250.0,85844.0,6406.0,1
2609099023,Boatlee V29,2,0,77960.0,55262.0,22698.0,1,89656.0,72670.0,16986.0,1,89656.0,72670.0,16986.0,1
2609099023,Boatlee V29,2,1,77960.0,55262.0,22698.0,1,89656.0,72670.0,16986.0,1,89656.0,72670.0,16986.0,1
2609099023,Kaito V58,3,0,102572.0,93613.0,8959.0,1,90906.0,88858.0,2048.0,1,90906.0,88858.0,2048.0,1
2609099023,Kaito V58,3,1,102572.0,93613.0,8959.0,1,90906.0,88858.0,2048.0,1,90906.0,88858.0,2048.0,1
2609099023,Lynn V5,4,0,81907.0,56156.0,25751.0,1,81410.0,55646.0,25764.0,1,81481.0,55582.0,25899.0,1
2609099023,Lynn V5,4,1,81907.0,56156.0,25751.0,1,81410.0,55646.0,25764.0,1,81481.0,55582.0,25899.0,1
2609099023,Six-Day,5,0,90833.0,47534.0,43299.0,1,127971.0,105136.0,22835.0,1,127971.0,105136.0,22835.0,1
2609099023,Six-Day,5,1,90833.0,47534.0,43299.0,1,127971.0,105136.0,22835.0,1,127971.0,105136.0,22835.0,1
2609099023,Three-Day,6,0,107733.0,76616.0,31117.0,1,104847.0,77143.0,27704.0,1,106045.0,76457.0,29588.0,1
2609099023,Three-Day,6,1,107733.0,76616.0,31117.0,1,104847.0,77143.0,27704.0,1,106045.0,76457.0,29588.0,1
2609099024,G001,0,0,99812.0,80980.0,18832.0,1,99756.0,70504.0,29252.0,1,113642.0,102820.0,10822.0,1
2609099024,G001,0,1,99812.0,80980.0,18832.0,1,97472.0,71675.0,25797.0,1,113642.0,102820.0,10822.0,1
2609099024,G003,1,0,101971.0,96351.0,5620.0,1,130432.0,105507.0,24925.0,1,131454.0,100226.0,31228.0,1
2609099024,G003,1,1,119494.0,100375.0,19119.0,1,123113.0,107792.0,15321.0,1,129111.0,103883.0,25228.0,1
2609099024,Boatlee V29,2,0,128617.0,89843.0,38774.0,1,137613.0,99879.0,37734.0,1,137608.0,99879.0,37729.0,1
2609099024,Boatlee V29,2,1,128617.0,89843.0,38774.0,1,137613.0,99879.0,37734.0,1,137608.0,99879.0,37729.0,1
2609099024,Kaito V58,3,0,100753.0,98209.0,2544.0,1,131304.0,120757.0,10547.0,1,115242.0,112811.0,2431.0,1
2609099024,Kaito V58,3,1,100753.0,98209.0,2544.0,1,131304.0,120757.0,10547.0,1,115242.0,112811.0,2431.0,1
2609099024,Lynn V5,4,0,125705.0,77837.0,47868.0,1,139087.0,77235.0,61852.0,1,139086.0,77235.0,61851.0,1
2609099024,Lynn V5,4,1,125705.0,77837.0,47868.0,1,139087.0,77235.0,61852.0,1,139086.0,77235.0,61851.0,1
2609099024,Six-Day,5,0,130748.0,100755.0,29993.0,1,82022.0,57575.0,24447.0,1,82022.0,57575.0,24447.0,1
2609099024,Six-Day,5,1,130748.0,100755.0,29993.0,1,77216.0,66078.0,11138.0,1,77216.0,66078.0,11138.0,1
2609099024,Three-Day,6,0,119088.0,73097.0,45991.0,1,109862.0,72943.0,36919.0,1,122454.0,85684.0,36770.0,1
2609099024,Three-Day,6,1,119269.0,72521.0,46748.0,1,112220.0,79904.0,32316.0,1,122762.0,86005.0,36757.0,1
2609099025,G001,0,0,124527.0,116485.0,8042.0,1,117153.0,101949.0,15204.0,1,117153.0,101949.0,15204.0,1
2609099025,G001,0,1,124527.0,116485.0,8042.0,1,117153.0,101949.0,15204.0,1,117153.0,101949.0,15204.0,1
2609099025,G003,1,0,101386.0,98825.0,2561.0,1,82439.0,82218.0,221.0,1,101832.0,97765.0,4067.0,1
2609099025,G003,1,1,101386.0,98825.0,2561.0,1,82486.0,82359.0,127.0,1,104705.0,100355.0,4350.0,1
2609099025,Boatlee V29,2,0,123734.0,113107.0,10627.0,1,123867.0,119156.0,4711.0,1,103322.0,113852.0,-10530.0,0
2609099025,Boatlee V29,2,1,123734.0,113107.0,10627.0,1,123867.0,119156.0,4711.0,1,103322.0,113852.0,-10530.0,0
2609099025,Kaito V58,3,0,107557.0,109535.0,-1978.0,0,91500.0,80599.0,10901.0,1,109603.0,105558.0,4045.0,1
2609099025,Kaito V58,3,1,107557.0,109535.0,-1978.0,0,96292.0,83528.0,12764.0,1,109466.0,105540.0,3926.0,1
2609099025,Lynn V5,4,0,128271.0,114184.0,14087.0,1,81000.0,70731.0,10269.0,1,80997.0,70731.0,10266.0,1
2609099025,Lynn V5,4,1,128271.0,114184.0,14087.0,1,81000.0,70731.0,10269.0,1,80997.0,70731.0,10266.0,1
2609099025,Six-Day,5,0,79193.0,62351.0,16842.0,1,116872.0,111683.0,5189.0,1,116872.0,111683.0,5189.0,1
2609099025,Six-Day,5,1,79193.0,62351.0,16842.0,1,116872.0,111683.0,5189.0,1,116872.0,111683.0,5189.0,1
2609099025,Three-Day,6,0,74258.0,60177.0,14081.0,1,89275.0,71216.0,18059.0,1,89289.0,81582.0,7707.0,1
2609099025,Three-Day,6,1,74259.0,60176.0,14083.0,1,89275.0,71216.0,18059.0,1,89289.0,81582.0,7707.0,1
2609099026,G001,0,0,150279.0,127983.0,22296.0,1,95200.0,75600.0,19600.0,1,82160.0,63206.0,18954.0,1
2609099026,G001,0,1,152478.0,140292.0,12186.0,1,98914.0,75535.0,23379.0,1,98957.0,75454.0,23503.0,1
2609099026,G003,1,0,89966.0,94560.0,-4594.0,0,113596.0,102807.0,10789.0,1,116907.0,97251.0,19656.0,1
2609099026,G003,1,1,89966.0,94560.0,-4594.0,0,113596.0,102807.0,10789.0,1,116907.0,97251.0,19656.0,1
2609099026,Boatlee V29,2,0,105946.0,89866.0,16080.0,1,105183.0,89552.0,15631.0,1,104856.0,89319.0,15537.0,1
2609099026,Boatlee V29,2,1,105946.0,89866.0,16080.0,1,105183.0,89552.0,15631.0,1,104856.0,89319.0,15537.0,1
2609099026,Kaito V58,3,0,82758.0,82792.0,-34.0,0,116105.0,104120.0,11985.0,1,118937.0,100276.0,18661.0,1
2609099026,Kaito V58,3,1,82758.0,82792.0,-34.0,0,116105.0,104120.0,11985.0,1,118937.0,100276.0,18661.0,1
2609099026,Lynn V5,4,0,84090.0,76875.0,7215.0,1,64377.0,62097.0,2280.0,1,64377.0,62097.0,2280.0,1
2609099026,Lynn V5,4,1,84090.0,76875.0,7215.0,1,64377.0,62097.0,2280.0,1,64377.0,62097.0,2280.0,1
2609099026,Six-Day,5,0,72814.0,70190.0,2624.0,1,79946.0,73507.0,6439.0,1,79946.0,73505.0,6441.0,1
2609099026,Six-Day,5,1,72814.0,70190.0,2624.0,1,79946.0,73507.0,6439.0,1,79946.0,73505.0,6441.0,1
2609099026,Three-Day,6,0,90889.0,79924.0,10965.0,1,100935.0,90037.0,10898.0,1,100935.0,90037.0,10898.0,1
2609099026,Three-Day,6,1,90889.0,79924.0,10965.0,1,100935.0,90037.0,10898.0,1,100935.0,90037.0,10898.0,1
2609099027,G001,0,0,106353.0,96524.0,9829.0,1,142496.0,112779.0,29717.0,1,139684.0,114829.0,24855.0,1
2609099027,G001,0,1,115306.0,106241.0,9065.0,1,142496.0,112779.0,29717.0,1,139684.0,114829.0,24855.0,1
2609099027,G003,1,0,143289.0,106946.0,36343.0,1,143998.0,114954.0,29044.0,1,98095.0,92690.0,5405.0,1
2609099027,G003,1,1,143289.0,106946.0,36343.0,1,143998.0,114954.0,29044.0,1,98095.0,92690.0,5405.0,1
2609099027,Boatlee V29,2,0,113604.0,97499.0,16105.0,1,128136.0,103279.0,24857.0,1,128139.0,103276.0,24863.0,1
2609099027,Boatlee V29,2,1,113604.0,97499.0,16105.0,1,128136.0,103279.0,24857.0,1,128139.0,103276.0,24863.0,1
2609099027,Kaito V58,3,0,148210.0,105595.0,42615.0,1,145165.0,114550.0,30615.0,1,106937.0,98153.0,8784.0,1
2609099027,Kaito V58,3,1,148210.0,105595.0,42615.0,1,145165.0,114550.0,30615.0,1,106937.0,98153.0,8784.0,1
2609099027,Lynn V5,4,0,115201.0,99783.0,15418.0,1,130986.0,102780.0,28206.0,1,130986.0,102780.0,28206.0,1
2609099027,Lynn V5,4,1,115201.0,99783.0,15418.0,1,130986.0,102780.0,28206.0,1,130986.0,102780.0,28206.0,1
2609099027,Six-Day,5,0,105157.0,90186.0,14971.0,1,78155.0,79232.0,-1077.0,0,95883.0,70920.0,24963.0,1
2609099027,Six-Day,5,1,105157.0,90186.0,14971.0,1,77946.0,74989.0,2957.0,1,95883.0,70920.0,24963.0,1
2609099027,Three-Day,6,0,142041.0,78651.0,63390.0,1,108690.0,89762.0,18928.0,1,81738.0,65636.0,16102.0,1
2609099027,Three-Day,6,1,142041.0,78651.0,63390.0,1,108690.0,89762.0,18928.0,1,81738.0,65636.0,16102.0,1
2609099028,G001,0,0,109039.0,91221.0,17818.0,1,143310.0,119496.0,23814.0,1,143310.0,119496.0,23814.0,1
2609099028,G001,0,1,109039.0,91221.0,17818.0,1,137845.0,117460.0,20385.0,1,137845.0,117460.0,20385.0,1
2609099028,G003,1,0,82118.0,76231.0,5887.0,1,94285.0,82390.0,11895.0,1,94286.0,82388.0,11898.0,1
2609099028,G003,1,1,82118.0,76231.0,5887.0,1,94285.0,82390.0,11895.0,1,94286.0,82388.0,11898.0,1
2609099028,Boatlee V29,2,0,112798.0,103258.0,9540.0,1,112181.0,102858.0,9323.0,1,111795.0,101459.0,10336.0,1
2609099028,Boatlee V29,2,1,112798.0,103258.0,9540.0,1,112181.0,102858.0,9323.0,1,111795.0,101459.0,10336.0,1
2609099028,Kaito V58,3,0,82900.0,70663.0,12237.0,1,95533.0,76058.0,19475.0,1,95532.0,76056.0,19476.0,1
2609099028,Kaito V58,3,1,82900.0,70663.0,12237.0,1,95533.0,76058.0,19475.0,1,95532.0,76056.0,19476.0,1
2609099028,Lynn V5,4,0,114783.0,106386.0,8397.0,1,114212.0,106718.0,7494.0,1,114213.0,106717.0,7496.0,1
2609099028,Lynn V5,4,1,114783.0,106386.0,8397.0,1,114212.0,106718.0,7494.0,1,114213.0,106717.0,7496.0,1
2609099028,Six-Day,5,0,91108.0,70064.0,21044.0,1,93856.0,70108.0,23748.0,1,93925.0,70585.0,23340.0,1
2609099028,Six-Day,5,1,91108.0,70064.0,21044.0,1,93856.0,70108.0,23748.0,1,93925.0,70585.0,23340.0,1
2609099028,Three-Day,6,0,82531.0,67189.0,15342.0,1,92431.0,70712.0,21719.0,1,92431.0,70712.0,21719.0,1
2609099028,Three-Day,6,1,82531.0,67189.0,15342.0,1,92431.0,70712.0,21719.0,1,92431.0,70712.0,21719.0,1
2609099029,G001,0,0,103506.0,85071.0,18435.0,1,101794.0,79169.0,22625.0,1,109810.0,100970.0,8840.0,1
2609099029,G001,0,1,103506.0,85071.0,18435.0,1,101794.0,79169.0,22625.0,1,109810.0,100970.0,8840.0,1
2609099029,G003,1,0,108574.0,108337.0,237.0,1,83951.0,82944.0,1007.0,1,83878.0,70025.0,13853.0,1
2609099029,G003,1,1,108574.0,108337.0,237.0,1,83951.0,82944.0,1007.0,1,83878.0,70025.0,13853.0,1
2609099029,Boatlee V29,2,0,85022.0,84446.0,576.0,1,117046.0,123765.0,-6719.0,0,117046.0,123765.0,-6719.0,0
2609099029,Boatlee V29,2,1,85022.0,84446.0,576.0,1,117046.0,123765.0,-6719.0,0,117046.0,123765.0,-6719.0,0
2609099029,Kaito V58,3,0,112222.0,112670.0,-448.0,0,86146.0,74231.0,11915.0,1,75277.0,64063.0,11214.0,1
2609099029,Kaito V58,3,1,112222.0,112670.0,-448.0,0,86146.0,74231.0,11915.0,1,75277.0,64063.0,11214.0,1
2609099029,Lynn V5,4,0,91747.0,94480.0,-2733.0,0,91405.0,100784.0,-9379.0,0,91407.0,100782.0,-9375.0,0
2609099029,Lynn V5,4,1,91747.0,94480.0,-2733.0,0,91405.0,100784.0,-9379.0,0,91407.0,100782.0,-9375.0,0
2609099029,Six-Day,5,0,90682.0,76942.0,13740.0,1,121821.0,114485.0,7336.0,1,121821.0,114485.0,7336.0,1
2609099029,Six-Day,5,1,90682.0,76942.0,13740.0,1,121821.0,114485.0,7336.0,1,121821.0,114485.0,7336.0,1
2609099029,Three-Day,6,0,100787.0,90622.0,10165.0,1,81674.0,62687.0,18987.0,1,90093.0,89253.0,840.0,1
2609099029,Three-Day,6,1,100787.0,90622.0,10165.0,1,81674.0,62687.0,18987.0,1,90093.0,89253.0,840.0,1
2609099030,G001,0,0,88990.0,58626.0,30364.0,1,93040.0,77063.0,15977.0,1,92904.0,77315.0,15589.0,1
2609099030,G001,0,1,88990.0,58626.0,30364.0,1,93040.0,77063.0,15977.0,1,92904.0,77315.0,15589.0,1
2609099030,G003,1,0,135464.0,135621.0,-157.0,0,92185.0,93450.0,-1265.0,0,91347.0,93801.0,-2454.0,0
2609099030,G003,1,1,135464.0,135621.0,-157.0,0,92185.0,93450.0,-1265.0,0,91347.0,93801.0,-2454.0,0
2609099030,Boatlee V29,2,0,105262.0,108462.0,-3200.0,0,112150.0,98933.0,13217.0,1,112150.0,98933.0,13217.0,1
2609099030,Boatlee V29,2,1,105262.0,108462.0,-3200.0,0,112150.0,98933.0,13217.0,1,112150.0,98933.0,13217.0,1
2609099030,Kaito V58,3,0,125208.0,119266.0,5942.0,1,90895.0,94153.0,-3258.0,0,90895.0,94153.0,-3258.0,0
2609099030,Kaito V58,3,1,125208.0,119266.0,5942.0,1,90895.0,94153.0,-3258.0,0,90895.0,94153.0,-3258.0,0
2609099030,Lynn V5,4,0,122718.0,108856.0,13862.0,1,112083.0,87385.0,24698.0,1,112285.0,87381.0,24904.0,1
2609099030,Lynn V5,4,1,122718.0,108856.0,13862.0,1,112083.0,87385.0,24698.0,1,112285.0,87381.0,24904.0,1
2609099030,Six-Day,5,0,128240.0,109134.0,19106.0,1,73898.0,69567.0,4331.0,1,73321.0,69789.0,3532.0,1
2609099030,Six-Day,5,1,128240.0,109134.0,19106.0,1,73898.0,69567.0,4331.0,1,73321.0,69789.0,3532.0,1
2609099030,Three-Day,6,0,100579.0,96157.0,4422.0,1,89432.0,88656.0,776.0,1,88662.0,88836.0,-174.0,0
2609099030,Three-Day,6,1,100579.0,96157.0,4422.0,1,89432.0,88656.0,776.0,1,88662.0,88836.0,-174.0,0
2609099031,G001,0,0,75416.0,45635.0,29781.0,1,91158.0,81899.0,9259.0,1,91138.0,81899.0,9239.0,1
2609099031,G001,0,1,97235.0,79624.0,17611.0,1,84289.0,64296.0,19993.0,1,108619.0,95229.0,13390.0,1
2609099031,G003,1,0,151328.0,129716.0,21612.0,1,100933.0,105794.0,-4861.0,0,126736.0,117042.0,9694.0,1
2609099031,G003,1,1,151328.0,129716.0,21612.0,1,100933.0,105794.0,-4861.0,0,126736.0,117042.0,9694.0,1
2609099031,Boatlee V29,2,0,104083.0,109874.0,-5791.0,0,135974.0,134936.0,1038.0,1,135974.0,134936.0,1038.0,1
2609099031,Boatlee V29,2,1,104083.0,109874.0,-5791.0,0,135974.0,134936.0,1038.0,1,135974.0,134936.0,1038.0,1
2609099031,Kaito V58,3,0,154798.0,129564.0,25234.0,1,101989.0,104521.0,-2532.0,0,135787.0,123913.0,11874.0,1
2609099031,Kaito V58,3,1,154798.0,129564.0,25234.0,1,101989.0,104521.0,-2532.0,0,135787.0,123913.0,11874.0,1
2609099031,Lynn V5,4,0,99597.0,108495.0,-8898.0,0,104349.0,110463.0,-6114.0,0,104350.0,110462.0,-6112.0,0
2609099031,Lynn V5,4,1,99597.0,108495.0,-8898.0,0,104349.0,110463.0,-6114.0,0,104350.0,110462.0,-6112.0,0
2609099031,Six-Day,5,0,84437.0,69066.0,15371.0,1,110485.0,89784.0,20701.0,1,110485.0,89784.0,20701.0,1
2609099031,Six-Day,5,1,84437.0,69066.0,15371.0,1,110485.0,89784.0,20701.0,1,110485.0,89784.0,20701.0,1
2609099031,Three-Day,6,0,97034.0,81730.0,15304.0,1,116537.0,94022.0,22515.0,1,93290.0,80046.0,13244.0,1
2609099031,Three-Day,6,1,97034.0,81730.0,15304.0,1,116537.0,94022.0,22515.0,1,93290.0,80046.0,13244.0,1
2609099032,G001,0,0,87385.0,61266.0,26119.0,1,131136.0,104929.0,26207.0,1,131139.0,104927.0,26212.0,1
2609099032,G001,0,1,88427.0,65328.0,23099.0,1,138492.0,119022.0,19470.0,1,138506.0,119007.0,19499.0,1
2609099032,G003,1,0,129084.0,110358.0,18726.0,1,137867.0,134346.0,3521.0,1,118489.0,112982.0,5507.0,1
2609099032,G003,1,1,132400.0,117121.0,15279.0,1,144841.0,143771.0,1070.0,1,118489.0,112982.0,5507.0,1
2609099032,Boatlee V29,2,0,159768.0,141184.0,18584.0,1,109628.0,114049.0,-4421.0,0,109628.0,114049.0,-4421.0,0
2609099032,Boatlee V29,2,1,159768.0,141184.0,18584.0,1,109628.0,114049.0,-4421.0,0,109628.0,114049.0,-4421.0,0
2609099032,Kaito V58,3,0,130602.0,114766.0,15836.0,1,135541.0,117677.0,17864.0,1,122801.0,116171.0,6630.0,1
2609099032,Kaito V58,3,1,120253.0,107527.0,12726.0,1,135541.0,117677.0,17864.0,1,124303.0,116587.0,7716.0,1
2609099032,Lynn V5,4,0,159208.0,139465.0,19743.0,1,112484.0,104747.0,7737.0,1,112486.0,104745.0,7741.0,1
2609099032,Lynn V5,4,1,159208.0,139465.0,19743.0,1,112484.0,104747.0,7737.0,1,112486.0,104745.0,7741.0,1
2609099032,Six-Day,5,0,100335.0,108471.0,-8136.0,0,97891.0,89851.0,8040.0,1,97872.0,89851.0,8021.0,1
2609099032,Six-Day,5,1,111289.0,112812.0,-1523.0,0,93253.0,84836.0,8417.0,1,93253.0,84836.0,8417.0,1
2609099032,Three-Day,6,0,86554.0,83322.0,3232.0,1,140235.0,122116.0,18119.0,1,98208.0,101375.0,-3167.0,0
2609099032,Three-Day,6,1,91569.0,95870.0,-4301.0,0,140235.0,122116.0,18119.0,1,114530.0,114296.0,234.0,1
2609099033,G001,0,0,115113.0,96219.0,18894.0,1,87858.0,69222.0,18636.0,1,87629.0,72319.0,15310.0,1
2609099033,G001,0,1,115113.0,96219.0,18894.0,1,87858.0,69222.0,18636.0,1,87629.0,72319.0,15310.0,1
2609099033,G003,1,0,106126.0,92008.0,14118.0,1,106655.0,112985.0,-6330.0,0,127478.0,102855.0,24623.0,1
2609099033,G003,1,1,106126.0,92008.0,14118.0,1,106655.0,112985.0,-6330.0,0,130532.0,103515.0,27017.0,1
2609099033,Boatlee V29,2,0,81674.0,82547.0,-873.0,0,82132.0,74615.0,7517.0,1,82132.0,74615.0,7517.0,1
2609099033,Boatlee V29,2,1,81584.0,82547.0,-963.0,0,82132.0,74615.0,7517.0,1,82132.0,74615.0,7517.0,1
2609099033,Kaito V58,3,0,108226.0,89012.0,19214.0,1,142732.0,116895.0,25837.0,1,116426.0,126521.0,-10095.0,0
2609099033,Kaito V58,3,1,108226.0,89012.0,19214.0,1,142732.0,116895.0,25837.0,1,116727.0,126333.0,-9606.0,0
2609099033,Lynn V5,4,0,75293.0,57484.0,17809.0,1,72985.0,62616.0,10369.0,1,72985.0,62616.0,10369.0,1
2609099033,Lynn V5,4,1,75293.0,57484.0,17809.0,1,72985.0,62616.0,10369.0,1,72985.0,62616.0,10369.0,1
2609099033,Six-Day,5,0,104237.0,88397.0,15840.0,1,110294.0,89500.0,20794.0,1,110294.0,89500.0,20794.0,1
2609099033,Six-Day,5,1,104237.0,88397.0,15840.0,1,110294.0,89500.0,20794.0,1,110294.0,89500.0,20794.0,1
2609099033,Three-Day,6,0,124336.0,97221.0,27115.0,1,112799.0,95634.0,17165.0,1,128902.0,118024.0,10878.0,1
2609099033,Three-Day,6,1,124336.0,97221.0,27115.0,1,112799.0,95634.0,17165.0,1,128705.0,118030.0,10675.0,1
2609099034,G001,0,0,90434.0,77770.0,12664.0,1,93611.0,76776.0,16835.0,1,129059.0,112169.0,16890.0,1
2609099034,G001,0,1,93767.0,92794.0,973.0,1,84881.0,68692.0,16189.0,1,129059.0,112169.0,16890.0,1
2609099034,G003,1,0,95604.0,100486.0,-4882.0,0,120404.0,111534.0,8870.0,1,124706.0,117599.0,7107.0,1
2609099034,G003,1,1,95604.0,100486.0,-4882.0,0,120404.0,111534.0,8870.0,1,124706.0,117599.0,7107.0,1
2609099034,Boatlee V29,2,0,94408.0,58288.0,36120.0,1,92563.0,56578.0,35985.0,1,92563.0,56578.0,35985.0,1
2609099034,Boatlee V29,2,1,94408.0,58288.0,36120.0,1,92563.0,56578.0,35985.0,1,92563.0,56578.0,35985.0,1
2609099034,Kaito V58,3,0,83376.0,64579.0,18797.0,1,121512.0,107488.0,14024.0,1,83768.0,84656.0,-888.0,0
2609099034,Kaito V58,3,1,83376.0,64579.0,18797.0,1,121512.0,107488.0,14024.0,1,83768.0,84656.0,-888.0,0
2609099034,Lynn V5,4,0,110510.0,90305.0,20205.0,1,111329.0,80483.0,30846.0,1,111442.0,80479.0,30963.0,1
2609099034,Lynn V5,4,1,110510.0,90305.0,20205.0,1,111329.0,80483.0,30846.0,1,111442.0,80479.0,30963.0,1
2609099034,Six-Day,5,0,118068.0,91938.0,26130.0,1,122796.0,89606.0,33190.0,1,122796.0,89606.0,33190.0,1
2609099034,Six-Day,5,1,118068.0,91938.0,26130.0,1,137381.0,98083.0,39298.0,1,137381.0,98083.0,39298.0,1
2609099034,Three-Day,6,0,112811.0,94636.0,18175.0,1,123658.0,108414.0,15244.0,1,93596.0,77770.0,15826.0,1
2609099034,Three-Day,6,1,112811.0,94636.0,18175.0,1,123658.0,108414.0,15244.0,1,93596.0,77770.0,15826.0,1
2609099035,G001,0,0,104933.0,86097.0,18836.0,1,109725.0,91228.0,18497.0,1,117946.0,108239.0,9707.0,1
2609099035,G001,0,1,104933.0,86097.0,18836.0,1,109725.0,91228.0,18497.0,1,117946.0,108239.0,9707.0,1
2609099035,G003,1,0,112378.0,108487.0,3891.0,1,94086.0,84560.0,9526.0,1,94149.0,85400.0,8749.0,1
2609099035,G003,1,1,112378.0,108487.0,3891.0,1,94086.0,84560.0,9526.0,1,94149.0,85400.0,8749.0,1
2609099035,Boatlee V29,2,0,118863.0,110222.0,8641.0,1,113552.0,106511.0,7041.0,1,113551.0,106511.0,7040.0,1
2609099035,Boatlee V29,2,1,118863.0,110222.0,8641.0,1,113552.0,106511.0,7041.0,1,113551.0,106511.0,7040.0,1
2609099035,Kaito V58,3,0,107435.0,106038.0,1397.0,1,88174.0,76695.0,11479.0,1,95759.0,82411.0,13348.0,1
2609099035,Kaito V58,3,1,107435.0,106038.0,1397.0,1,88174.0,76695.0,11479.0,1,95759.0,82411.0,13348.0,1
2609099035,Lynn V5,4,0,119144.0,106183.0,12961.0,1,99838.0,88047.0,11791.0,1,99838.0,88047.0,11791.0,1
2609099035,Lynn V5,4,1,119144.0,106183.0,12961.0,1,99838.0,88047.0,11791.0,1,99838.0,88047.0,11791.0,1
2609099035,Six-Day,5,0,103907.0,99555.0,4352.0,1,86652.0,73095.0,13557.0,1,86652.0,73095.0,13557.0,1
2609099035,Six-Day,5,1,103907.0,99555.0,4352.0,1,86652.0,73095.0,13557.0,1,86652.0,73095.0,13557.0,1
2609099035,Three-Day,6,0,136523.0,127352.0,9171.0,1,114626.0,100515.0,14111.0,1,114626.0,100515.0,14111.0,1
2609099035,Three-Day,6,1,136523.0,127352.0,9171.0,1,114626.0,100515.0,14111.0,1,114626.0,100515.0,14111.0,1
2609099036,G001,0,0,84622.0,74230.0,10392.0,1,94044.0,84943.0,9101.0,1,99914.0,99377.0,537.0,1
2609099036,G001,0,1,83935.0,66832.0,17103.0,1,113598.0,115582.0,-1984.0,0,95149.0,91820.0,3329.0,1
2609099036,G003,1,0,107123.0,99717.0,7406.0,1,136958.0,109147.0,27811.0,1,136355.0,109518.0,26837.0,1
2609099036,G003,1,1,107123.0,99717.0,7406.0,1,136958.0,109147.0,27811.0,1,136355.0,109518.0,26837.0,1
2609099036,Boatlee V29,2,0,93757.0,66157.0,27600.0,1,102767.0,65284.0,37483.0,1,103133.0,65224.0,37909.0,1
2609099036,Boatlee V29,2,1,93757.0,66157.0,27600.0,1,102767.0,65284.0,37483.0,1,103133.0,65224.0,37909.0,1
2609099036,Kaito V58,3,0,106524.0,91296.0,15228.0,1,128490.0,104953.0,23537.0,1,128490.0,104953.0,23537.0,1
2609099036,Kaito V58,3,1,106524.0,91296.0,15228.0,1,128490.0,104953.0,23537.0,1,128490.0,104953.0,23537.0,1
2609099036,Lynn V5,4,0,143421.0,83241.0,60180.0,1,143550.0,83367.0,60183.0,1,143339.0,83066.0,60273.0,1
2609099036,Lynn V5,4,1,143421.0,83241.0,60180.0,1,143550.0,83367.0,60183.0,1,143339.0,83066.0,60273.0,1
2609099036,Six-Day,5,0,81655.0,79894.0,1761.0,1,117955.0,96457.0,21498.0,1,117955.0,96456.0,21499.0,1
2609099036,Six-Day,5,1,81655.0,79894.0,1761.0,1,117955.0,96457.0,21498.0,1,117955.0,96456.0,21499.0,1
2609099036,Three-Day,6,0,92876.0,79865.0,13011.0,1,119047.0,92092.0,26955.0,1,119047.0,92092.0,26955.0,1
2609099036,Three-Day,6,1,92876.0,79865.0,13011.0,1,119047.0,92092.0,26955.0,1,119047.0,92092.0,26955.0,1
2609099037,G001,0,0,99768.0,71629.0,28139.0,1,103645.0,92283.0,11362.0,1,92733.0,81800.0,10933.0,1
2609099037,G001,0,1,99768.0,71629.0,28139.0,1,103645.0,92283.0,11362.0,1,92733.0,81800.0,10933.0,1
2609099037,G003,1,0,81352.0,76901.0,4451.0,1,112702.0,103352.0,9350.0,1,117592.0,108067.0,9525.0,1
2609099037,G003,1,1,81352.0,76901.0,4451.0,1,112702.0,103352.0,9350.0,1,117592.0,108067.0,9525.0,1
2609099037,Boatlee V29,2,0,114545.0,90655.0,23890.0,1,86843.0,93297.0,-6454.0,0,86845.0,93279.0,-6434.0,0
2609099037,Boatlee V29,2,1,114545.0,90655.0,23890.0,1,86843.0,93297.0,-6454.0,0,86845.0,93279.0,-6434.0,0
2609099037,Kaito V58,3,0,80110.0,72411.0,7699.0,1,119285.0,102750.0,16535.0,1,118943.0,102176.0,16767.0,1
2609099037,Kaito V58,3,1,80110.0,72411.0,7699.0,1,119285.0,102750.0,16535.0,1,118943.0,102176.0,16767.0,1
2609099037,Lynn V5,4,0,98898.0,94492.0,4406.0,1,89873.0,90875.0,-1002.0,0,89873.0,90875.0,-1002.0,0
2609099037,Lynn V5,4,1,98898.0,94492.0,4406.0,1,89873.0,90875.0,-1002.0,0,89873.0,90875.0,-1002.0,0
2609099037,Six-Day,5,0,139117.0,121551.0,17566.0,1,66689.0,61561.0,5128.0,1,66689.0,61561.0,5128.0,1
2609099037,Six-Day,5,1,139117.0,121551.0,17566.0,1,66689.0,61561.0,5128.0,1,66689.0,61561.0,5128.0,1
2609099037,Three-Day,6,0,127329.0,107798.0,19531.0,1,127538.0,106970.0,20568.0,1,109122.0,102566.0,6556.0,1
2609099037,Three-Day,6,1,127329.0,107798.0,19531.0,1,127538.0,106970.0,20568.0,1,109122.0,102566.0,6556.0,1
2609099038,G001,0,0,104397.0,73114.0,31283.0,1,94134.0,76308.0,17826.0,1,88161.0,81679.0,6482.0,1
2609099038,G001,0,1,82861.0,60939.0,21922.0,1,92449.0,72119.0,20330.0,1,93940.0,72015.0,21925.0,1
2609099038,G003,1,0,115445.0,117538.0,-2093.0,0,111451.0,114404.0,-2953.0,0,98575.0,92021.0,6554.0,1
2609099038,G003,1,1,109582.0,100016.0,9566.0,1,104816.0,98980.0,5836.0,1,126654.0,113704.0,12950.0,1
2609099038,Boatlee V29,2,0,124568.0,101016.0,23552.0,1,111635.0,102240.0,9395.0,1,111598.0,102240.0,9358.0,1
2609099038,Boatlee V29,2,1,124568.0,101016.0,23552.0,1,111635.0,102240.0,9395.0,1,111598.0,102240.0,9358.0,1
2609099038,Kaito V58,3,0,114422.0,95653.0,18769.0,1,114557.0,113535.0,1022.0,1,104626.0,93348.0,11278.0,1
2609099038,Kaito V58,3,1,113313.0,88123.0,25190.0,1,106287.0,94977.0,11310.0,1,104626.0,93348.0,11278.0,1
2609099038,Lynn V5,4,0,88346.0,93303.0,-4957.0,0,97614.0,99106.0,-1492.0,0,97614.0,99106.0,-1492.0,0
2609099038,Lynn V5,4,1,88346.0,93303.0,-4957.0,0,97614.0,99106.0,-1492.0,0,97614.0,99106.0,-1492.0,0
2609099038,Six-Day,5,0,97124.0,70543.0,26581.0,1,89041.0,65365.0,23676.0,1,89034.0,65365.0,23669.0,1
2609099038,Six-Day,5,1,97124.0,70543.0,26581.0,1,89041.0,65365.0,23676.0,1,89034.0,65365.0,23669.0,1
2609099038,Three-Day,6,0,99632.0,84566.0,15066.0,1,100440.0,82753.0,17687.0,1,97537.0,81438.0,16099.0,1
2609099038,Three-Day,6,1,99632.0,84566.0,15066.0,1,100440.0,82753.0,17687.0,1,97537.0,81438.0,16099.0,1
2609099039,G001,0,0,113644.0,100490.0,13154.0,1,78730.0,39995.0,38735.0,1,83049.0,56295.0,26754.0,1
2609099039,G001,0,1,141323.0,120125.0,21198.0,1,78730.0,39995.0,38735.0,1,83049.0,56295.0,26754.0,1
2609099039,G003,1,0,74218.0,58671.0,15547.0,1,70282.0,58846.0,11436.0,1,72075.0,56546.0,15529.0,1
2609099039,G003,1,1,74218.0,58671.0,15547.0,1,70282.0,58846.0,11436.0,1,72075.0,56546.0,15529.0,1
2609099039,Boatlee V29,2,0,73692.0,63759.0,9933.0,1,77815.0,53861.0,23954.0,1,70710.0,54321.0,16389.0,1
2609099039,Boatlee V29,2,1,73692.0,63759.0,9933.0,1,77815.0,53861.0,23954.0,1,70710.0,54321.0,16389.0,1
2609099039,Kaito V58,3,0,76817.0,49392.0,27425.0,1,74708.0,50632.0,24076.0,1,77073.0,55883.0,21190.0,1
2609099039,Kaito V58,3,1,76817.0,49392.0,27425.0,1,74708.0,50632.0,24076.0,1,77073.0,55883.0,21190.0,1
2609099039,Lynn V5,4,0,69915.0,51693.0,18222.0,1,76892.0,44901.0,31991.0,1,76893.0,44900.0,31993.0,1
2609099039,Lynn V5,4,1,72078.0,52279.0,19799.0,1,76892.0,44901.0,31991.0,1,76893.0,44900.0,31993.0,1
2609099039,Six-Day,5,0,70538.0,39315.0,31223.0,1,72312.0,50636.0,21676.0,1,72312.0,50636.0,21676.0,1
2609099039,Six-Day,5,1,70538.0,39315.0,31223.0,1,72312.0,50636.0,21676.0,1,72312.0,50636.0,21676.0,1
2609099039,Three-Day,6,0,64897.0,41592.0,23305.0,1,77931.0,52822.0,25109.0,1,77931.0,52822.0,25109.0,1
2609099039,Three-Day,6,1,64897.0,41592.0,23305.0,1,66870.0,45885.0,20985.0,1,67119.0,45884.0,21235.0,1
2609099040,G001,0,0,131259.0,117336.0,13923.0,1,112094.0,98290.0,13804.0,1,99715.0,79157.0,20558.0,1
2609099040,G001,0,1,135609.0,95435.0,40174.0,1,95330.0,84008.0,11322.0,1,111597.0,97228.0,14369.0,1
2609099040,G003,1,0,98575.0,88735.0,9840.0,1,105953.0,105174.0,779.0,1,138542.0,113074.0,25468.0,1
2609099040,G003,1,1,98575.0,88735.0,9840.0,1,147900.0,146310.0,1590.0,1,138542.0,113074.0,25468.0,1
2609099040,Boatlee V29,2,0,88024.0,81858.0,6166.0,1,96617.0,94901.0,1716.0,1,96583.0,94855.0,1728.0,1
2609099040,Boatlee V29,2,1,88024.0,81858.0,6166.0,1,96617.0,94901.0,1716.0,1,96583.0,94855.0,1728.0,1
2609099040,Kaito V58,3,0,100739.0,84610.0,16129.0,1,98513.0,96063.0,2450.0,1,137788.0,127469.0,10319.0,1
2609099040,Kaito V58,3,1,100739.0,84610.0,16129.0,1,107935.0,105341.0,2594.0,1,138067.0,127285.0,10782.0,1
2609099040,Lynn V5,4,0,94650.0,85097.0,9553.0,1,84431.0,77404.0,7027.0,1,84431.0,77404.0,7027.0,1
2609099040,Lynn V5,4,1,94650.0,85097.0,9553.0,1,84431.0,77404.0,7027.0,1,84431.0,77404.0,7027.0,1
2609099040,Six-Day,5,0,93856.0,72622.0,21234.0,1,74857.0,55253.0,19604.0,1,75428.0,51269.0,24159.0,1
2609099040,Six-Day,5,1,93856.0,72622.0,21234.0,1,74857.0,55253.0,19604.0,1,75428.0,51269.0,24159.0,1
2609099040,Three-Day,6,0,97496.0,77684.0,19812.0,1,130472.0,85650.0,44822.0,1,92010.0,75681.0,16329.0,1
2609099040,Three-Day,6,1,97496.0,77684.0,19812.0,1,131274.0,84720.0,46554.0,1,92010.0,75681.0,16329.0,1
2609099041,G001,0,0,111060.0,110371.0,689.0,1,101137.0,86473.0,14664.0,1,101137.0,86473.0,14664.0,1
2609099041,G001,0,1,111060.0,110371.0,689.0,1,101137.0,86473.0,14664.0,1,101137.0,86473.0,14664.0,1
2609099041,G003,1,0,122325.0,112136.0,10189.0,1,72574.0,69707.0,2867.0,1,72576.0,69706.0,2870.0,1
2609099041,G003,1,1,122325.0,112136.0,10189.0,1,72574.0,69707.0,2867.0,1,72576.0,69706.0,2870.0,1
2609099041,Boatlee V29,2,0,107785.0,101258.0,6527.0,1,100623.0,91772.0,8851.0,1,100623.0,91772.0,8851.0,1
2609099041,Boatlee V29,2,1,107785.0,101258.0,6527.0,1,100623.0,91772.0,8851.0,1,100623.0,91772.0,8851.0,1
2609099041,Kaito V58,3,0,92068.0,92125.0,-57.0,0,77686.0,64988.0,12698.0,1,77687.0,64986.0,12701.0,1
2609099041,Kaito V58,3,1,92068.0,92125.0,-57.0,0,77686.0,64988.0,12698.0,1,77687.0,64986.0,12701.0,1
2609099041,Lynn V5,4,0,132963.0,113065.0,19898.0,1,134190.0,113942.0,20248.0,1,134190.0,113942.0,20248.0,1
2609099041,Lynn V5,4,1,132963.0,113065.0,19898.0,1,134190.0,113942.0,20248.0,1,134190.0,113942.0,20248.0,1
2609099041,Six-Day,5,0,107807.0,95669.0,12138.0,1,89302.0,80556.0,8746.0,1,89344.0,80556.0,8788.0,1
2609099041,Six-Day,5,1,107807.0,95669.0,12138.0,1,89302.0,80556.0,8746.0,1,89344.0,80556.0,8788.0,1
2609099041,Three-Day,6,0,126331.0,102139.0,24192.0,1,81941.0,85901.0,-3960.0,0,74579.0,75286.0,-707.0,0
2609099041,Three-Day,6,1,126331.0,102139.0,24192.0,1,81941.0,85901.0,-3960.0,0,74579.0,75286.0,-707.0,0
2609099042,G001,0,0,127770.0,95836.0,31934.0,1,87601.0,76774.0,10827.0,1,85922.0,66697.0,19225.0,1
2609099042,G001,0,1,122686.0,100422.0,22264.0,1,87601.0,76774.0,10827.0,1,85922.0,66697.0,19225.0,1
2609099042,G003,1,0,70268.0,59949.0,10319.0,1,84214.0,76477.0,7737.0,1,79898.0,68467.0,11431.0,1
2609099042,G003,1,1,70268.0,59949.0,10319.0,1,84214.0,76477.0,7737.0,1,79898.0,68467.0,11431.0,1
2609099042,Boatlee V29,2,0,82970.0,75042.0,7928.0,1,84332.0,80868.0,3464.0,1,84332.0,80868.0,3464.0,1
2609099042,Boatlee V29,2,1,82970.0,75042.0,7928.0,1,84332.0,80868.0,3464.0,1,84332.0,80868.0,3464.0,1
2609099042,Kaito V58,3,0,83516.0,63811.0,19705.0,1,113999.0,89947.0,24052.0,1,78255.0,64897.0,13358.0,1
2609099042,Kaito V58,3,1,83516.0,63811.0,19705.0,1,113999.0,89947.0,24052.0,1,78255.0,64897.0,13358.0,1
2609099042,Lynn V5,4,0,76413.0,86999.0,-10586.0,0,76907.0,84242.0,-7335.0,0,76907.0,84242.0,-7335.0,0
2609099042,Lynn V5,4,1,76413.0,86999.0,-10586.0,0,76907.0,84242.0,-7335.0,0,76907.0,84242.0,-7335.0,0
2609099042,Six-Day,5,0,87273.0,88790.0,-1517.0,0,85837.0,69347.0,16490.0,1,85809.0,69364.0,16445.0,1
2609099042,Six-Day,5,1,87273.0,88790.0,-1517.0,0,85837.0,69347.0,16490.0,1,85809.0,69364.0,16445.0,1
2609099042,Three-Day,6,0,85151.0,86156.0,-1005.0,0,80377.0,69066.0,11311.0,1,80377.0,69066.0,11311.0,1
2609099042,Three-Day,6,1,85151.0,86156.0,-1005.0,0,80377.0,69066.0,11311.0,1,80377.0,69066.0,11311.0,1
2609099043,G001,0,0,82314.0,50690.0,31624.0,1,71879.0,49300.0,22579.0,1,80596.0,53536.0,27060.0,1
2609099043,G001,0,1,82451.0,51100.0,31351.0,1,71181.0,47660.0,23521.0,1,80594.0,53536.0,27058.0,1
2609099043,G003,1,0,147067.0,142663.0,4404.0,1,105437.0,105078.0,359.0,1,95433.0,96901.0,-1468.0,0
2609099043,G003,1,1,138257.0,136262.0,1995.0,1,94371.0,91167.0,3204.0,1,90068.0,92160.0,-2092.0,0
2609099043,Boatlee V29,2,0,133498.0,76581.0,56917.0,1,137116.0,78268.0,58848.0,1,137108.0,78268.0,58840.0,1
2609099043,Boatlee V29,2,1,133498.0,76581.0,56917.0,1,137116.0,78268.0,58848.0,1,137108.0,78268.0,58840.0,1
2609099043,Kaito V58,3,0,89337.0,84438.0,4899.0,1,106795.0,101073.0,5722.0,1,111307.0,100359.0,10948.0,1
2609099043,Kaito V58,3,1,89337.0,84438.0,4899.0,1,102192.0,89894.0,12298.0,1,106949.0,96838.0,10111.0,1
2609099043,Lynn V5,4,0,94071.0,64519.0,29552.0,1,92756.0,71180.0,21576.0,1,92756.0,71180.0,21576.0,1
2609099043,Lynn V5,4,1,94071.0,64519.0,29552.0,1,92756.0,71180.0,21576.0,1,92756.0,71180.0,21576.0,1
2609099043,Six-Day,5,0,92194.0,80986.0,11208.0,1,83767.0,64860.0,18907.0,1,83763.0,64864.0,18899.0,1
2609099043,Six-Day,5,1,92158.0,80376.0,11782.0,1,83767.0,64860.0,18907.0,1,83763.0,64864.0,18899.0,1
2609099043,Three-Day,6,0,138072.0,85430.0,52642.0,1,96979.0,81000.0,15979.0,1,110222.0,96444.0,13778.0,1
2609099043,Three-Day,6,1,140715.0,87538.0,53177.0,1,96979.0,81000.0,15979.0,1,110222.0,96444.0,13778.0,1
2609099044,G001,0,0,149913.0,116430.0,33483.0,1,94890.0,66481.0,28409.0,1,96216.0,74150.0,22066.0,1
2609099044,G001,0,1,149913.0,116430.0,33483.0,1,86004.0,71799.0,14205.0,1,86004.0,71799.0,14205.0,1
2609099044,G003,1,0,118112.0,111795.0,6317.0,1,91035.0,88600.0,2435.0,1,81697.0,84681.0,-2984.0,0
2609099044,G003,1,1,118112.0,111795.0,6317.0,1,91035.0,88600.0,2435.0,1,81697.0,84681.0,-2984.0,0
2609099044,Boatlee V29,2,0,106589.0,108261.0,-1672.0,0,90049.0,91391.0,-1342.0,0,97659.0,101862.0,-4203.0,0
2609099044,Boatlee V29,2,1,106589.0,108261.0,-1672.0,0,90049.0,91391.0,-1342.0,0,97659.0,101862.0,-4203.0,0
2609099044,Kaito V58,3,0,119977.0,110319.0,9658.0,1,93408.0,93112.0,296.0,1,94327.0,100928.0,-6601.0,0
2609099044,Kaito V58,3,1,119977.0,110319.0,9658.0,1,93408.0,93112.0,296.0,1,94327.0,100928.0,-6601.0,0
2609099044,Lynn V5,4,0,134873.0,123566.0,11307.0,1,108500.0,109096.0,-596.0,0,108500.0,109096.0,-596.0,0
2609099044,Lynn V5,4,1,134873.0,123566.0,11307.0,1,108500.0,109096.0,-596.0,0,108500.0,109096.0,-596.0,0
2609099044,Six-Day,5,0,106017.0,91589.0,14428.0,1,81122.0,71656.0,9466.0,1,81125.0,71653.0,9472.0,1
2609099044,Six-Day,5,1,106017.0,91589.0,14428.0,1,81122.0,71656.0,9466.0,1,81125.0,71653.0,9472.0,1
2609099044,Three-Day,6,0,123943.0,127767.0,-3824.0,0,135185.0,118962.0,16223.0,1,76687.0,75091.0,1596.0,1
2609099044,Three-Day,6,1,123943.0,127767.0,-3824.0,0,135185.0,118962.0,16223.0,1,76687.0,75091.0,1596.0,1
2609099045,G001,0,0,107703.0,96426.0,11277.0,1,124892.0,107090.0,17802.0,1,124896.0,107086.0,17810.0,1
2609099045,G001,0,1,107703.0,96426.0,11277.0,1,124892.0,107090.0,17802.0,1,124896.0,107086.0,17810.0,1
2609099045,G003,1,0,128936.0,120787.0,8149.0,1,109598.0,97676.0,11922.0,1,110899.0,102054.0,8845.0,1
2609099045,G003,1,1,128936.0,120787.0,8149.0,1,109598.0,97676.0,11922.0,1,110899.0,102054.0,8845.0,1
2609099045,Boatlee V29,2,0,95044.0,89521.0,5523.0,1,83888.0,80821.0,3067.0,1,83871.0,80820.0,3051.0,1
2609099045,Boatlee V29,2,1,95044.0,89521.0,5523.0,1,83888.0,80821.0,3067.0,1,83871.0,80820.0,3051.0,1
2609099045,Kaito V58,3,0,142367.0,124224.0,18143.0,1,113206.0,97687.0,15519.0,1,115613.0,103524.0,12089.0,1
2609099045,Kaito V58,3,1,142367.0,124224.0,18143.0,1,113206.0,97687.0,15519.0,1,115613.0,103524.0,12089.0,1
2609099045,Lynn V5,4,0,97452.0,89676.0,7776.0,1,77552.0,71861.0,5691.0,1,76455.0,74589.0,1866.0,1
2609099045,Lynn V5,4,1,97452.0,89676.0,7776.0,1,77552.0,71861.0,5691.0,1,76455.0,74589.0,1866.0,1
2609099045,Six-Day,5,0,150759.0,121339.0,29420.0,1,107264.0,80188.0,27076.0,1,107264.0,80188.0,27076.0,1
2609099045,Six-Day,5,1,150759.0,121339.0,29420.0,1,107264.0,80188.0,27076.0,1,107264.0,80188.0,27076.0,1
2609099045,Three-Day,6,0,129080.0,110461.0,18619.0,1,114960.0,98422.0,16538.0,1,114582.0,97159.0,17423.0,1
2609099045,Three-Day,6,1,129080.0,110461.0,18619.0,1,114960.0,98422.0,16538.0,1,114582.0,97159.0,17423.0,1
2609099046,G001,0,0,90644.0,66852.0,23792.0,1,111025.0,96143.0,14882.0,1,103965.0,85467.0,18498.0,1
2609099046,G001,0,1,95320.0,80126.0,15194.0,1,120687.0,95066.0,25621.0,1,103965.0,85467.0,18498.0,1
2609099046,G003,1,0,84856.0,91727.0,-6871.0,0,73559.0,65819.0,7740.0,1,78148.0,66855.0,11293.0,1
2609099046,G003,1,1,87472.0,97563.0,-10091.0,0,73559.0,65819.0,7740.0,1,78148.0,66855.0,11293.0,1
2609099046,Boatlee V29,2,0,78567.0,74079.0,4488.0,1,113998.0,103981.0,10017.0,1,113998.0,103981.0,10017.0,1
2609099046,Boatlee V29,2,1,78567.0,74079.0,4488.0,1,113998.0,103981.0,10017.0,1,113998.0,103981.0,10017.0,1
2609099046,Kaito V58,3,0,83532.0,82668.0,864.0,1,83799.0,72793.0,11006.0,1,76161.0,72672.0,3489.0,1
2609099046,Kaito V58,3,1,95986.0,95608.0,378.0,1,83799.0,72793.0,11006.0,1,76161.0,72672.0,3489.0,1
2609099046,Lynn V5,4,0,83300.0,88986.0,-5686.0,0,107199.0,101854.0,5345.0,1,106973.0,101493.0,5480.0,1
2609099046,Lynn V5,4,1,83300.0,88986.0,-5686.0,0,107199.0,101854.0,5345.0,1,106973.0,101493.0,5480.0,1
2609099046,Six-Day,5,0,100329.0,83746.0,16583.0,1,97339.0,79217.0,18122.0,1,97277.0,79325.0,17952.0,1
2609099046,Six-Day,5,1,100329.0,83746.0,16583.0,1,97339.0,79217.0,18122.0,1,97277.0,79325.0,17952.0,1
2609099046,Three-Day,6,0,83286.0,63899.0,19387.0,1,86778.0,66528.0,20250.0,1,86777.0,66528.0,20249.0,1
2609099046,Three-Day,6,1,83286.0,63899.0,19387.0,1,86778.0,66528.0,20250.0,1,86777.0,66528.0,20249.0,1
2609099047,G001,0,0,109605.0,116666.0,-7061.0,0,80736.0,58818.0,21918.0,1,118491.0,101076.0,17415.0,1
2609099047,G001,0,1,109605.0,116666.0,-7061.0,0,80736.0,58818.0,21918.0,1,118491.0,101076.0,17415.0,1
2609099047,G003,1,0,88239.0,79839.0,8400.0,1,113094.0,94928.0,18166.0,1,113094.0,94928.0,18166.0,1
2609099047,G003,1,1,88239.0,79839.0,8400.0,1,113094.0,94928.0,18166.0,1,113094.0,94928.0,18166.0,1
2609099047,Boatlee V29,2,0,76287.0,58451.0,17836.0,1,74993.0,58375.0,16618.0,1,74993.0,58375.0,16618.0,1
2609099047,Boatlee V29,2,1,76287.0,58451.0,17836.0,1,74993.0,58375.0,16618.0,1,74993.0,58375.0,16618.0,1
2609099047,Kaito V58,3,0,91294.0,77205.0,14089.0,1,114771.0,87972.0,26799.0,1,114490.0,88021.0,26469.0,1
2609099047,Kaito V58,3,1,91294.0,77205.0,14089.0,1,114771.0,87972.0,26799.0,1,114490.0,88021.0,26469.0,1
2609099047,Lynn V5,4,0,93678.0,90239.0,3439.0,1,91902.0,91027.0,875.0,1,91908.0,91021.0,887.0,1
2609099047,Lynn V5,4,1,93678.0,90239.0,3439.0,1,91902.0,91027.0,875.0,1,91908.0,91021.0,887.0,1
2609099047,Six-Day,5,0,111597.0,90968.0,20629.0,1,117899.0,92365.0,25534.0,1,117899.0,92365.0,25534.0,1
2609099047,Six-Day,5,1,111597.0,90968.0,20629.0,1,117899.0,92365.0,25534.0,1,117899.0,92365.0,25534.0,1
2609099047,Three-Day,6,0,95258.0,81011.0,14247.0,1,104094.0,90476.0,13618.0,1,104218.0,94117.0,10101.0,1
2609099047,Three-Day,6,1,95258.0,81011.0,14247.0,1,104094.0,90476.0,13618.0,1,104218.0,94117.0,10101.0,1
2609099048,G001,0,0,93938.0,75269.0,18669.0,1,110169.0,96989.0,13180.0,1,110170.0,96988.0,13182.0,1
2609099048,G001,0,1,108991.0,88631.0,20360.0,1,112290.0,88615.0,23675.0,1,112291.0,88614.0,23677.0,1
2609099048,G003,1,0,115806.0,102809.0,12997.0,1,116707.0,108028.0,8679.0,1,95823.0,97593.0,-1770.0,0
2609099048,G003,1,1,104141.0,103383.0,758.0,1,99186.0,97675.0,1511.0,1,90608.0,107455.0,-16847.0,0
2609099048,Boatlee V29,2,0,135110.0,120587.0,14523.0,1,132070.0,116098.0,15972.0,1,133121.0,118470.0,14651.0,1
2609099048,Boatlee V29,2,1,135110.0,120587.0,14523.0,1,132070.0,116098.0,15972.0,1,133121.0,118470.0,14651.0,1
2609099048,Kaito V58,3,0,122592.0,106896.0,15696.0,1,101441.0,96731.0,4710.0,1,130142.0,102800.0,27342.0,1
2609099048,Kaito V58,3,1,113684.0,108332.0,5352.0,1,93378.0,86402.0,6976.0,1,130142.0,102800.0,27342.0,1
2609099048,Lynn V5,4,0,112729.0,94800.0,17929.0,1,97671.0,85455.0,12216.0,1,97689.0,85473.0,12216.0,1
2609099048,Lynn V5,4,1,112729.0,94800.0,17929.0,1,97671.0,85455.0,12216.0,1,97689.0,85473.0,12216.0,1
2609099048,Six-Day,5,0,122281.0,95233.0,27048.0,1,119900.0,115916.0,3984.0,1,119900.0,115916.0,3984.0,1
2609099048,Six-Day,5,1,103146.0,94560.0,8586.0,1,144647.0,131353.0,13294.0,1,142325.0,125302.0,17023.0,1
2609099048,Three-Day,6,0,117728.0,94306.0,23422.0,1,122259.0,94076.0,28183.0,1,119651.0,109160.0,10491.0,1
2609099048,Three-Day,6,1,99854.0,92153.0,7701.0,1,121327.0,115076.0,6251.0,1,119651.0,109160.0,10491.0,1
2609099049,G001,0,0,165036.0,137624.0,27412.0,1,140140.0,111951.0,28189.0,1,140140.0,111950.0,28190.0,1
2609099049,G001,0,1,165036.0,137624.0,27412.0,1,140140.0,111951.0,28189.0,1,140140.0,111950.0,28190.0,1
2609099049,G003,1,0,91157.0,86321.0,4836.0,1,118198.0,99291.0,18907.0,1,118808.0,99730.0,19078.0,1
2609099049,G003,1,1,91157.0,86321.0,4836.0,1,118198.0,99291.0,18907.0,1,118808.0,99730.0,19078.0,1
2609099049,Boatlee V29,2,0,98035.0,97197.0,838.0,1,114000.0,87017.0,26983.0,1,113972.0,87017.0,26955.0,1
2609099049,Boatlee V29,2,1,98035.0,97197.0,838.0,1,114000.0,87017.0,26983.0,1,113972.0,87017.0,26955.0,1
2609099049,Kaito V58,3,0,78242.0,80463.0,-2221.0,0,137951.0,116775.0,21176.0,1,137993.0,116971.0,21022.0,1
2609099049,Kaito V58,3,1,78242.0,80463.0,-2221.0,0,137951.0,116775.0,21176.0,1,137993.0,116971.0,21022.0,1
2609099049,Lynn V5,4,0,117749.0,107625.0,10124.0,1,123601.0,111405.0,12196.0,1,123605.0,111401.0,12204.0,1
2609099049,Lynn V5,4,1,117749.0,107625.0,10124.0,1,123601.0,111405.0,12196.0,1,123605.0,111401.0,12204.0,1
2609099049,Six-Day,5,0,80386.0,76930.0,3456.0,1,89725.0,78013.0,11712.0,1,89707.0,78013.0,11694.0,1
2609099049,Six-Day,5,1,80386.0,76930.0,3456.0,1,89725.0,78013.0,11712.0,1,89707.0,78013.0,11694.0,1
2609099049,Three-Day,6,0,85826.0,78525.0,7301.0,1,99616.0,86380.0,13236.0,1,99602.0,86380.0,13222.0,1
2609099049,Three-Day,6,1,85826.0,78525.0,7301.0,1,99616.0,86380.0,13236.0,1,99602.0,86380.0,13222.0,1
2609099050,G001,0,0,121429.0,108496.0,12933.0,1,104960.0,102002.0,2958.0,1,115212.0,100045.0,15167.0,1
2609099050,G001,0,1,121429.0,108496.0,12933.0,1,105787.0,102763.0,3024.0,1,103517.0,89439.0,14078.0,1
2609099050,G003,1,0,83315.0,85808.0,-2493.0,0,87643.0,70742.0,16901.0,1,87643.0,70742.0,16901.0,1
2609099050,G003,1,1,79041.0,82269.0,-3228.0,0,86239.0,68819.0,17420.0,1,87082.0,68243.0,18839.0,1
2609099050,Boatlee V29,2,0,126751.0,122509.0,4242.0,1,130369.0,124626.0,5743.0,1,130370.0,124625.0,5745.0,1
2609099050,Boatlee V29,2,1,126751.0,122509.0,4242.0,1,130369.0,124626.0,5743.0,1,130370.0,124625.0,5745.0,1
2609099050,Kaito V58,3,0,93372.0,97568.0,-4196.0,0,83166.0,54371.0,28795.0,1,83208.0,53986.0,29222.0,1
2609099050,Kaito V58,3,1,93372.0,97568.0,-4196.0,0,85761.0,56261.0,29500.0,1,83974.0,53837.0,30137.0,1
2609099050,Lynn V5,4,0,109627.0,88125.0,21502.0,1,150456.0,131432.0,19024.0,1,150453.0,131421.0,19032.0,1
2609099050,Lynn V5,4,1,109627.0,88125.0,21502.0,1,150456.0,131432.0,19024.0,1,150453.0,131421.0,19032.0,1
2609099050,Six-Day,5,0,115758.0,112967.0,2791.0,1,78501.0,69908.0,8593.0,1,78501.0,69908.0,8593.0,1
2609099050,Six-Day,5,1,112685.0,113055.0,-370.0,0,78501.0,69908.0,8593.0,1,78501.0,69908.0,8593.0,1
2609099050,Three-Day,6,0,120108.0,83437.0,36671.0,1,78419.0,51103.0,27316.0,1,78408.0,51103.0,27305.0,1
2609099050,Three-Day,6,1,120108.0,83437.0,36671.0,1,77596.0,50859.0,26737.0,1,77580.0,50859.0,26721.0,1
2609099051,G001,0,0,100151.0,94503.0,5648.0,1,101422.0,94048.0,7374.0,1,101422.0,94048.0,7374.0,1
2609099051,G001,0,1,99857.0,97417.0,2440.0,1,101422.0,94048.0,7374.0,1,101422.0,94048.0,7374.0,1
2609099051,G003,1,0,92333.0,88190.0,4143.0,1,84797.0,83699.0,1098.0,1,86242.0,88106.0,-1864.0,0
2609099051,G003,1,1,92333.0,88190.0,4143.0,1,84797.0,83699.0,1098.0,1,86242.0,88106.0,-1864.0,0
2609099051,Boatlee V29,2,0,95721.0,108317.0,-12596.0,0,91073.0,99712.0,-8639.0,0,108635.0,108583.0,52.0,1
2609099051,Boatlee V29,2,1,95721.0,108317.0,-12596.0,0,91073.0,99712.0,-8639.0,0,108635.0,108583.0,52.0,1
2609099051,Kaito V58,3,0,79253.0,53012.0,26241.0,1,89224.0,88438.0,786.0,1,82218.0,74323.0,7895.0,1
2609099051,Kaito V58,3,1,79253.0,53012.0,26241.0,1,89224.0,88438.0,786.0,1,82218.0,74323.0,7895.0,1
2609099051,Lynn V5,4,0,89922.0,96739.0,-6817.0,0,87734.0,81657.0,6077.0,1,87754.0,81615.0,6139.0,1
2609099051,Lynn V5,4,1,89922.0,96739.0,-6817.0,0,87734.0,81657.0,6077.0,1,87754.0,81615.0,6139.0,1
2609099051,Six-Day,5,0,85867.0,91195.0,-5328.0,0,82649.0,78885.0,3764.0,1,82647.0,78885.0,3762.0,1
2609099051,Six-Day,5,1,85867.0,91195.0,-5328.0,0,82649.0,78885.0,3764.0,1,82647.0,78885.0,3762.0,1
2609099051,Three-Day,6,0,82009.0,80468.0,1541.0,1,73741.0,60193.0,13548.0,1,78455.0,72025.0,6430.0,1
2609099051,Three-Day,6,1,82009.0,80468.0,1541.0,1,73741.0,60193.0,13548.0,1,78455.0,72025.0,6430.0,1
2609099052,G001,0,0,100967.0,85559.0,15408.0,1,89977.0,60837.0,29140.0,1,91633.0,59624.0,32009.0,1
2609099052,G001,0,1,91600.0,77357.0,14243.0,1,117525.0,71683.0,45842.0,1,117525.0,71683.0,45842.0,1
2609099052,G003,1,0,105242.0,103886.0,1356.0,1,88779.0,88919.0,-140.0,0,84961.0,80800.0,4161.0,1
2609099052,G003,1,1,105242.0,103886.0,1356.0,1,88779.0,88919.0,-140.0,0,84961.0,80800.0,4161.0,1
2609099052,Boatlee V29,2,0,83119.0,73651.0,9468.0,1,80877.0,72187.0,8690.0,1,81733.0,65932.0,15801.0,1
2609099052,Boatlee V29,2,1,83119.0,73651.0,9468.0,1,80877.0,72187.0,8690.0,1,81733.0,65932.0,15801.0,1
2609099052,Kaito V58,3,0,103965.0,81901.0,22064.0,1,102560.0,74825.0,27735.0,1,85553.0,68030.0,17523.0,1
2609099052,Kaito V58,3,1,103965.0,81901.0,22064.0,1,102560.0,74825.0,27735.0,1,85553.0,68030.0,17523.0,1
2609099052,Lynn V5,4,0,91554.0,71995.0,19559.0,1,97136.0,84903.0,12233.0,1,97136.0,84903.0,12233.0,1
2609099052,Lynn V5,4,1,91554.0,71995.0,19559.0,1,97136.0,84903.0,12233.0,1,97136.0,84903.0,12233.0,1
2609099052,Six-Day,5,0,92826.0,93810.0,-984.0,0,93677.0,89792.0,3885.0,1,93677.0,89792.0,3885.0,1
2609099052,Six-Day,5,1,92143.0,90094.0,2049.0,1,93677.0,89792.0,3885.0,1,93677.0,89792.0,3885.0,1
2609099052,Three-Day,6,0,102228.0,91955.0,10273.0,1,109251.0,96342.0,12909.0,1,85836.0,72711.0,13125.0,1
2609099052,Three-Day,6,1,102228.0,91955.0,10273.0,1,109251.0,96342.0,12909.0,1,85836.0,72711.0,13125.0,1
2609099053,G001,0,0,146745.0,130905.0,15840.0,1,160081.0,136746.0,23335.0,1,99436.0,79020.0,20416.0,1
2609099053,G001,0,1,146745.0,130905.0,15840.0,1,126925.0,108192.0,18733.0,1,99436.0,79020.0,20416.0,1
2609099053,G003,1,0,189796.0,154786.0,35010.0,1,156653.0,143462.0,13191.0,1,158972.0,137609.0,21363.0,1
2609099053,G003,1,1,189796.0,154786.0,35010.0,1,156653.0,143462.0,13191.0,1,158972.0,137609.0,21363.0,1
2609099053,Boatlee V29,2,0,137144.0,126080.0,11064.0,1,109056.0,107321.0,1735.0,1,94115.0,89001.0,5114.0,1
2609099053,Boatlee V29,2,1,137144.0,126080.0,11064.0,1,109056.0,107321.0,1735.0,1,94115.0,89001.0,5114.0,1
2609099053,Kaito V58,3,0,181477.0,143729.0,37748.0,1,161337.0,138193.0,23144.0,1,161687.0,138366.0,23321.0,1
2609099053,Kaito V58,3,1,181477.0,143729.0,37748.0,1,161337.0,138193.0,23144.0,1,161687.0,138366.0,23321.0,1
2609099053,Lynn V5,4,0,128008.0,120724.0,7284.0,1,116895.0,108828.0,8067.0,1,116895.0,108827.0,8068.0,1
2609099053,Lynn V5,4,1,128008.0,120724.0,7284.0,1,116895.0,108828.0,8067.0,1,116895.0,108827.0,8068.0,1
2609099053,Six-Day,5,0,138660.0,116155.0,22505.0,1,157583.0,117518.0,40065.0,1,157583.0,117518.0,40065.0,1
2609099053,Six-Day,5,1,138660.0,116155.0,22505.0,1,157583.0,117518.0,40065.0,1,157583.0,117518.0,40065.0,1
2609099053,Three-Day,6,0,176364.0,139807.0,36557.0,1,119539.0,103899.0,15640.0,1,119547.0,103880.0,15667.0,1
2609099053,Three-Day,6,1,176364.0,139807.0,36557.0,1,119539.0,103899.0,15640.0,1,119547.0,103880.0,15667.0,1
2609099054,G001,0,0,130037.0,128037.0,2000.0,1,77515.0,62489.0,15026.0,1,96217.0,80601.0,15616.0,1
2609099054,G001,0,1,130146.0,127912.0,2234.0,1,103835.0,90471.0,13364.0,1,90956.0,75735.0,15221.0,1
2609099054,G003,1,0,111100.0,112069.0,-969.0,0,91636.0,84549.0,7087.0,1,102236.0,100374.0,1862.0,1
2609099054,G003,1,1,111100.0,112069.0,-969.0,0,90672.0,80087.0,10585.0,1,102183.0,100884.0,1299.0,1
2609099054,Boatlee V29,2,0,91996.0,82511.0,9485.0,1,91571.0,81139.0,10432.0,1,91581.0,81129.0,10452.0,1
2609099054,Boatlee V29,2,1,91996.0,82511.0,9485.0,1,91571.0,81139.0,10432.0,1,91581.0,81129.0,10452.0,1
2609099054,Kaito V58,3,0,125816.0,116488.0,9328.0,1,110283.0,106000.0,4283.0,1,111279.0,87385.0,23894.0,1
2609099054,Kaito V58,3,1,125816.0,116488.0,9328.0,1,94900.0,90095.0,4805.0,1,111279.0,87385.0,23894.0,1
2609099054,Lynn V5,4,0,91118.0,83498.0,7620.0,1,89108.0,76039.0,13069.0,1,89100.0,76046.0,13054.0,1
2609099054,Lynn V5,4,1,91118.0,83498.0,7620.0,1,89108.0,76039.0,13069.0,1,89100.0,76046.0,13054.0,1
2609099054,Six-Day,5,0,115894.0,105453.0,10441.0,1,164873.0,111789.0,53084.0,1,164873.0,111789.0,53084.0,1
2609099054,Six-Day,5,1,115894.0,105453.0,10441.0,1,164873.0,111789.0,53084.0,1,164873.0,111789.0,53084.0,1
2609099054,Three-Day,6,0,109929.0,100817.0,9112.0,1,109225.0,90161.0,19064.0,1,91792.0,69738.0,22054.0,1
2609099054,Three-Day,6,1,109929.0,100817.0,9112.0,1,108465.0,91156.0,17309.0,1,91756.0,69773.0,21983.0,1
2609099055,G001,0,0,136357.0,123908.0,12449.0,1,133451.0,118677.0,14774.0,1,104584.0,92233.0,12351.0,1
2609099055,G001,0,1,135897.0,123799.0,12098.0,1,133451.0,118677.0,14774.0,1,116630.0,105466.0,11164.0,1
2609099055,G003,1,0,86690.0,77401.0,9289.0,1,123434.0,105576.0,17858.0,1,123434.0,105576.0,17858.0,1
2609099055,G003,1,1,86690.0,77401.0,9289.0,1,123434.0,105576.0,17858.0,1,123434.0,105576.0,17858.0,1
2609099055,Boatlee V29,2,0,81159.0,78364.0,2795.0,1,75613.0,59039.0,16574.0,1,75603.0,59038.0,16565.0,1
2609099055,Boatlee V29,2,1,81159.0,78364.0,2795.0,1,75613.0,59039.0,16574.0,1,75603.0,59038.0,16565.0,1
2609099055,Kaito V58,3,0,98210.0,93551.0,4659.0,1,124671.0,101930.0,22741.0,1,124671.0,101930.0,22741.0,1
2609099055,Kaito V58,3,1,98210.0,93551.0,4659.0,1,124671.0,101930.0,22741.0,1,124671.0,101930.0,22741.0,1
2609099055,Lynn V5,4,0,116430.0,73942.0,42488.0,1,122622.0,86441.0,36181.0,1,122621.0,86441.0,36180.0,1
2609099055,Lynn V5,4,1,116430.0,73942.0,42488.0,1,122622.0,86441.0,36181.0,1,122621.0,86441.0,36180.0,1
2609099055,Six-Day,5,0,73991.0,57769.0,16222.0,1,105079.0,79992.0,25087.0,1,105079.0,79992.0,25087.0,1
2609099055,Six-Day,5,1,73991.0,57769.0,16222.0,1,105079.0,79992.0,25087.0,1,105079.0,79992.0,25087.0,1
2609099055,Three-Day,6,0,105909.0,84960.0,20949.0,1,124473.0,100773.0,23700.0,1,124473.0,100772.0,23701.0,1
2609099055,Three-Day,6,1,105909.0,84960.0,20949.0,1,124473.0,100773.0,23700.0,1,124473.0,100772.0,23701.0,1
2609099056,G001,0,0,89833.0,64824.0,25009.0,1,80386.0,43038.0,37348.0,1,80386.0,43038.0,37348.0,1
2609099056,G001,0,1,89833.0,64824.0,25009.0,1,80386.0,43038.0,37348.0,1,80386.0,43038.0,37348.0,1
2609099056,G003,1,0,112514.0,91910.0,20604.0,1,88005.0,79256.0,8749.0,1,85361.0,81109.0,4252.0,1
2609099056,G003,1,1,112514.0,91910.0,20604.0,1,88005.0,79256.0,8749.0,1,85361.0,81109.0,4252.0,1
2609099056,Boatlee V29,2,0,90383.0,90874.0,-491.0,0,90528.0,89816.0,712.0,1,90523.0,89789.0,734.0,1
2609099056,Boatlee V29,2,1,90383.0,90874.0,-491.0,0,90528.0,89816.0,712.0,1,90523.0,89789.0,734.0,1
2609099056,Kaito V58,3,0,102549.0,89487.0,13062.0,1,96618.0,91045.0,5573.0,1,86311.0,74602.0,11709.0,1
2609099056,Kaito V58,3,1,102548.0,89488.0,13060.0,1,96618.0,91045.0,5573.0,1,86295.0,74634.0,11661.0,1
2609099056,Lynn V5,4,0,117091.0,101172.0,15919.0,1,103222.0,91482.0,11740.0,1,103227.0,91477.0,11750.0,1
2609099056,Lynn V5,4,1,117091.0,101172.0,15919.0,1,103222.0,91482.0,11740.0,1,103227.0,91477.0,11750.0,1
2609099056,Six-Day,5,0,94403.0,72045.0,22358.0,1,87826.0,73909.0,13917.0,1,105120.0,89710.0,15410.0,1
2609099056,Six-Day,5,1,94403.0,72045.0,22358.0,1,87826.0,73909.0,13917.0,1,105120.0,89710.0,15410.0,1
2609099056,Three-Day,6,0,98347.0,74968.0,23379.0,1,108020.0,97645.0,10375.0,1,85318.0,66743.0,18575.0,1
2609099056,Three-Day,6,1,98347.0,74968.0,23379.0,1,96524.0,88066.0,8458.0,1,85301.0,66776.0,18525.0,1
2609099057,G001,0,0,109534.0,92155.0,17379.0,1,97547.0,88255.0,9292.0,1,97515.0,88255.0,9260.0,1
2609099057,G001,0,1,128640.0,107917.0,20723.0,1,97547.0,88255.0,9292.0,1,97515.0,88255.0,9260.0,1
2609099057,G003,1,0,123238.0,102884.0,20354.0,1,122262.0,100543.0,21719.0,1,87944.0,77739.0,10205.0,1
2609099057,G003,1,1,123238.0,102884.0,20354.0,1,122262.0,100543.0,21719.0,1,87944.0,77739.0,10205.0,1
2609099057,Boatlee V29,2,0,149517.0,136943.0,12574.0,1,163434.0,134997.0,28437.0,1,163434.0,134997.0,28437.0,1
2609099057,Boatlee V29,2,1,149517.0,136943.0,12574.0,1,163434.0,134997.0,28437.0,1,163434.0,134997.0,28437.0,1
2609099057,Kaito V58,3,0,91603.0,80272.0,11331.0,1,102073.0,85241.0,16832.0,1,102678.0,82670.0,20008.0,1
2609099057,Kaito V58,3,1,91603.0,80272.0,11331.0,1,102073.0,85241.0,16832.0,1,102678.0,82670.0,20008.0,1
2609099057,Lynn V5,4,0,151028.0,131545.0,19483.0,1,95651.0,81339.0,14312.0,1,95651.0,81339.0,14312.0,1
2609099057,Lynn V5,4,1,151028.0,131545.0,19483.0,1,95651.0,81339.0,14312.0,1,95651.0,81339.0,14312.0,1
2609099057,Six-Day,5,0,84246.0,78420.0,5826.0,1,104957.0,81304.0,23653.0,1,104957.0,81304.0,23653.0,1
2609099057,Six-Day,5,1,84246.0,78420.0,5826.0,1,104957.0,81304.0,23653.0,1,104957.0,81304.0,23653.0,1
2609099057,Three-Day,6,0,113437.0,112283.0,1154.0,1,107134.0,98939.0,8195.0,1,86669.0,79098.0,7571.0,1
2609099057,Three-Day,6,1,113437.0,112283.0,1154.0,1,107134.0,98939.0,8195.0,1,85575.0,80364.0,5211.0,1
2609099058,G001,0,0,94866.0,74530.0,20336.0,1,104981.0,91323.0,13658.0,1,177321.0,141436.0,35885.0,1
2609099058,G001,0,1,94860.0,74497.0,20363.0,1,104981.0,91323.0,13658.0,1,177321.0,141436.0,35885.0,1
2609099058,G003,1,0,130902.0,121144.0,9758.0,1,81537.0,69068.0,12469.0,1,114125.0,108796.0,5329.0,1
2609099058,G003,1,1,130954.0,121097.0,9857.0,1,81537.0,69068.0,12469.0,1,114125.0,108796.0,5329.0,1
2609099058,Boatlee V29,2,0,102961.0,98712.0,4249.0,1,120237.0,108129.0,12108.0,1,120237.0,108129.0,12108.0,1
2609099058,Boatlee V29,2,1,102961.0,98712.0,4249.0,1,120237.0,108129.0,12108.0,1,120237.0,108129.0,12108.0,1
2609099058,Kaito V58,3,0,123237.0,128634.0,-5397.0,0,83860.0,67816.0,16044.0,1,79567.0,75770.0,3797.0,1
2609099058,Kaito V58,3,1,123237.0,128634.0,-5397.0,0,83860.0,67816.0,16044.0,1,79567.0,75770.0,3797.0,1
2609099058,Lynn V5,4,0,103472.0,96941.0,6531.0,1,124142.0,107507.0,16635.0,1,124142.0,107507.0,16635.0,1
2609099058,Lynn V5,4,1,103472.0,96941.0,6531.0,1,124142.0,107507.0,16635.0,1,124142.0,107507.0,16635.0,1
2609099058,Six-Day,5,0,90308.0,88224.0,2084.0,1,130793.0,102766.0,28027.0,1,131413.0,103863.0,27550.0,1
2609099058,Six-Day,5,1,90308.0,88224.0,2084.0,1,130793.0,102766.0,28027.0,1,131413.0,103863.0,27550.0,1
2609099058,Three-Day,6,0,135927.0,80814.0,55113.0,1,99267.0,83066.0,16201.0,1,109490.0,97299.0,12191.0,1
2609099058,Three-Day,6,1,135927.0,80814.0,55113.0,1,99267.0,83066.0,16201.0,1,109490.0,97299.0,12191.0,1
2609099059,G001,0,0,128959.0,113739.0,15220.0,1,131053.0,114665.0,16388.0,1,131041.0,114665.0,16376.0,1
2609099059,G001,0,1,128959.0,113739.0,15220.0,1,131053.0,114665.0,16388.0,1,131041.0,114665.0,16376.0,1
2609099059,G003,1,0,101003.0,96683.0,4320.0,1,74180.0,59475.0,14705.0,1,74180.0,59475.0,14705.0,1
2609099059,G003,1,1,109945.0,127423.0,-17478.0,0,74180.0,59475.0,14705.0,1,74180.0,59475.0,14705.0,1
2609099059,Boatlee V29,2,0,119033.0,110203.0,8830.0,1,102324.0,92133.0,10191.0,1,102306.0,92133.0,10173.0,1
2609099059,Boatlee V29,2,1,119033.0,110203.0,8830.0,1,102324.0,92133.0,10191.0,1,102306.0,92133.0,10173.0,1
2609099059,Kaito V58,3,0,131011.0,104552.0,26459.0,1,74232.0,52941.0,21291.0,1,74232.0,52941.0,21291.0,1
2609099059,Kaito V58,3,1,127792.0,109784.0,18008.0,1,74232.0,52941.0,21291.0,1,74232.0,52941.0,21291.0,1
2609099059,Lynn V5,4,0,122104.0,118454.0,3650.0,1,80794.0,77512.0,3282.0,1,80794.0,77512.0,3282.0,1
2609099059,Lynn V5,4,1,122104.0,118454.0,3650.0,1,80794.0,77512.0,3282.0,1,80794.0,77512.0,3282.0,1
2609099059,Six-Day,5,0,99231.0,101800.0,-2569.0,0,93756.0,88272.0,5484.0,1,93688.0,88086.0,5602.0,1
2609099059,Six-Day,5,1,99231.0,101800.0,-2569.0,0,93756.0,88272.0,5484.0,1,93688.0,88086.0,5602.0,1
2609099059,Three-Day,6,0,128325.0,124219.0,4106.0,1,77483.0,62298.0,15185.0,1,78002.0,65687.0,12315.0,1
2609099059,Three-Day,6,1,128325.0,124219.0,4106.0,1,77483.0,62298.0,15185.0,1,78002.0,65687.0,12315.0,1
2609099060,G001,0,0,126757.0,110532.0,16225.0,1,83150.0,61477.0,21673.0,1,114306.0,83298.0,31008.0,1
2609099060,G001,0,1,125040.0,116565.0,8475.0,1,82324.0,59293.0,23031.0,1,123954.0,83393.0,40561.0,1
2609099060,G003,1,0,106816.0,104210.0,2606.0,1,133687.0,140711.0,-7024.0,0,99748.0,90795.0,8953.0,1
2609099060,G003,1,1,106816.0,104210.0,2606.0,1,129875.0,135998.0,-6123.0,0,99689.0,92333.0,7356.0,1
2609099060,Boatlee V29,2,0,148657.0,130331.0,18326.0,1,142134.0,116870.0,25264.0,1,142134.0,116870.0,25264.0,1
2609099060,Boatlee V29,2,1,148657.0,130331.0,18326.0,1,142134.0,116870.0,25264.0,1,142134.0,116870.0,25264.0,1
2609099060,Kaito V58,3,0,150133.0,147976.0,2157.0,1,135939.0,123630.0,12309.0,1,117081.0,99336.0,17745.0,1
2609099060,Kaito V58,3,1,161510.0,155233.0,6277.0,1,137106.0,123584.0,13522.0,1,115852.0,99264.0,16588.0,1
2609099060,Lynn V5,4,0,92072.0,83122.0,8950.0,1,88102.0,60222.0,27880.0,1,88102.0,60222.0,27880.0,1
2609099060,Lynn V5,4,1,92072.0,83122.0,8950.0,1,88102.0,60222.0,27880.0,1,88102.0,60222.0,27880.0,1
2609099060,Six-Day,5,0,110352.0,105163.0,5189.0,1,88957.0,70949.0,18008.0,1,88957.0,70949.0,18008.0,1
2609099060,Six-Day,5,1,110352.0,105163.0,5189.0,1,88927.0,70854.0,18073.0,1,88927.0,70854.0,18073.0,1
2609099060,Three-Day,6,0,90179.0,69741.0,20438.0,1,117545.0,96491.0,21054.0,1,97427.0,86185.0,11242.0,1
2609099060,Three-Day,6,1,90179.0,69741.0,20438.0,1,117649.0,93811.0,23838.0,1,96804.0,85567.0,11237.0,1
2609099061,G001,0,0,133054.0,111228.0,21826.0,1,126662.0,119041.0,7621.0,1,126662.0,119041.0,7621.0,1
2609099061,G001,0,1,133054.0,111228.0,21826.0,1,126662.0,119041.0,7621.0,1,126662.0,119041.0,7621.0,1
2609099061,G003,1,0,146218.0,134688.0,11530.0,1,116059.0,117039.0,-980.0,0,79108.0,76905.0,2203.0,1
2609099061,G003,1,1,146218.0,134688.0,11530.0,1,116059.0,117039.0,-980.0,0,79108.0,76905.0,2203.0,1
2609099061,Boatlee V29,2,0,107848.0,91515.0,16333.0,1,123046.0,103073.0,19973.0,1,123046.0,103073.0,19973.0,1
2609099061,Boatlee V29,2,1,107848.0,91515.0,16333.0,1,123046.0,103073.0,19973.0,1,123046.0,103073.0,19973.0,1
2609099061,Kaito V58,3,0,132546.0,128473.0,4073.0,1,113847.0,106513.0,7334.0,1,83828.0,88250.0,-4422.0,0
2609099061,Kaito V58,3,1,132546.0,128473.0,4073.0,1,113847.0,106513.0,7334.0,1,83828.0,88250.0,-4422.0,0
2609099061,Lynn V5,4,0,110094.0,84566.0,25528.0,1,119444.0,86019.0,33425.0,1,119294.0,82758.0,36536.0,1
2609099061,Lynn V5,4,1,110094.0,84566.0,25528.0,1,119444.0,86019.0,33425.0,1,119294.0,82758.0,36536.0,1
2609099061,Six-Day,5,0,119387.0,106600.0,12787.0,1,122939.0,114442.0,8497.0,1,122939.0,114442.0,8497.0,1
2609099061,Six-Day,5,1,119387.0,106600.0,12787.0,1,122939.0,114442.0,8497.0,1,122939.0,114442.0,8497.0,1
2609099061,Three-Day,6,0,95158.0,83838.0,11320.0,1,119438.0,93719.0,25719.0,1,123540.0,92876.0,30664.0,1
2609099061,Three-Day,6,1,95158.0,83838.0,11320.0,1,119438.0,93719.0,25719.0,1,123540.0,92876.0,30664.0,1
2609099062,G001,0,0,95260.0,75515.0,19745.0,1,101505.0,67463.0,34042.0,1,101496.0,67454.0,34042.0,1
2609099062,G001,0,1,95260.0,75515.0,19745.0,1,92043.0,68181.0,23862.0,1,92011.0,68199.0,23812.0,1
2609099062,G003,1,0,82966.0,79551.0,3415.0,1,106525.0,102151.0,4374.0,1,106912.0,102643.0,4269.0,1
2609099062,G003,1,1,82966.0,79551.0,3415.0,1,106525.0,102151.0,4374.0,1,106912.0,102643.0,4269.0,1
2609099062,Boatlee V29,2,0,90463.0,85038.0,5425.0,1,85261.0,76963.0,8298.0,1,85322.0,76909.0,8413.0,1
2609099062,Boatlee V29,2,1,90463.0,85038.0,5425.0,1,85261.0,76963.0,8298.0,1,85322.0,76909.0,8413.0,1
2609099062,Kaito V58,3,0,99753.0,80035.0,19718.0,1,110795.0,99669.0,11126.0,1,110829.0,99787.0,11042.0,1
2609099062,Kaito V58,3,1,99753.0,80035.0,19718.0,1,110795.0,99669.0,11126.0,1,110829.0,99787.0,11042.0,1
2609099062,Lynn V5,4,0,93556.0,80634.0,12922.0,1,90802.0,86169.0,4633.0,1,90802.0,86169.0,4633.0,1
2609099062,Lynn V5,4,1,93556.0,80634.0,12922.0,1,90802.0,86169.0,4633.0,1,90802.0,86169.0,4633.0,1
2609099062,Six-Day,5,0,87494.0,80370.0,7124.0,1,83120.0,60053.0,23067.0,1,87782.0,68206.0,19576.0,1
2609099062,Six-Day,5,1,87494.0,80370.0,7124.0,1,83120.0,60053.0,23067.0,1,87782.0,68206.0,19576.0,1
2609099062,Three-Day,6,0,99380.0,86825.0,12555.0,1,88895.0,67476.0,21419.0,1,88895.0,67476.0,21419.0,1
2609099062,Three-Day,6,1,99380.0,86825.0,12555.0,1,88895.0,67476.0,21419.0,1,88895.0,67476.0,21419.0,1
2609099063,G001,0,0,129639.0,105825.0,23814.0,1,103748.0,84611.0,19137.0,1,103747.0,84611.0,19136.0,1
2609099063,G001,0,1,129639.0,105825.0,23814.0,1,103748.0,84611.0,19137.0,1,103747.0,84611.0,19136.0,1
2609099063,G003,1,0,107204.0,105370.0,1834.0,1,122746.0,110534.0,12212.0,1,116974.0,110626.0,6348.0,1
2609099063,G003,1,1,107204.0,105370.0,1834.0,1,122746.0,110534.0,12212.0,1,116974.0,110626.0,6348.0,1
2609099063,Boatlee V29,2,0,105367.0,103233.0,2134.0,1,98904.0,92712.0,6192.0,1,98904.0,92712.0,6192.0,1
2609099063,Boatlee V29,2,1,105367.0,103233.0,2134.0,1,98904.0,92712.0,6192.0,1,98904.0,92712.0,6192.0,1
2609099063,Kaito V58,3,0,106811.0,103015.0,3796.0,1,124649.0,109000.0,15649.0,1,120757.0,109618.0,11139.0,1
2609099063,Kaito V58,3,1,106811.0,103015.0,3796.0,1,124649.0,109000.0,15649.0,1,120757.0,109618.0,11139.0,1
2609099063,Lynn V5,4,0,112070.0,100800.0,11270.0,1,111882.0,100211.0,11671.0,1,111882.0,100211.0,11671.0,1
2609099063,Lynn V5,4,1,112070.0,100800.0,11270.0,1,111882.0,100211.0,11671.0,1,111882.0,100211.0,11671.0,1
2609099063,Six-Day,5,0,105150.0,105001.0,149.0,1,100276.0,93738.0,6538.0,1,93222.0,86536.0,6686.0,1
2609099063,Six-Day,5,1,105150.0,105001.0,149.0,1,100276.0,93738.0,6538.0,1,93222.0,86536.0,6686.0,1
2609099063,Three-Day,6,0,101802.0,100030.0,1772.0,1,117470.0,103483.0,13987.0,1,122913.0,105386.0,17527.0,1
2609099063,Three-Day,6,1,101802.0,100030.0,1772.0,1,117470.0,103483.0,13987.0,1,122913.0,105386.0,17527.0,1
2609099064,G001,0,0,117354.0,101815.0,15539.0,1,97381.0,93134.0,4247.0,1,97382.0,93133.0,4249.0,1
2609099064,G001,0,1,117354.0,101815.0,15539.0,1,97381.0,93134.0,4247.0,1,97382.0,93133.0,4249.0,1
2609099064,G003,1,0,95653.0,89129.0,6524.0,1,115909.0,104721.0,11188.0,1,115894.0,104701.0,11193.0,1
2609099064,G003,1,1,95653.0,89129.0,6524.0,1,115909.0,104721.0,11188.0,1,115894.0,104701.0,11193.0,1
2609099064,Boatlee V29,2,0,110286.0,107594.0,2692.0,1,105143.0,96304.0,8839.0,1,105143.0,96304.0,8839.0,1
2609099064,Boatlee V29,2,1,110286.0,107594.0,2692.0,1,105143.0,96304.0,8839.0,1,105143.0,96304.0,8839.0,1
2609099064,Kaito V58,3,0,94438.0,83251.0,11187.0,1,115865.0,104034.0,11831.0,1,115862.0,104034.0,11828.0,1
2609099064,Kaito V58,3,1,94438.0,83251.0,11187.0,1,115865.0,104034.0,11831.0,1,115862.0,104034.0,11828.0,1
2609099064,Lynn V5,4,0,117306.0,104883.0,12423.0,1,107032.0,98146.0,8886.0,1,107032.0,98146.0,8886.0,1
2609099064,Lynn V5,4,1,117306.0,104883.0,12423.0,1,107032.0,98146.0,8886.0,1,107032.0,98146.0,8886.0,1
2609099064,Six-Day,5,0,150910.0,121855.0,29055.0,1,94651.0,77504.0,17147.0,1,93871.0,76772.0,17099.0,1
2609099064,Six-Day,5,1,150910.0,121855.0,29055.0,1,94651.0,77504.0,17147.0,1,93871.0,76772.0,17099.0,1
2609099064,Three-Day,6,0,143734.0,108349.0,35385.0,1,97096.0,89157.0,7939.0,1,89510.0,69198.0,20312.0,1
2609099064,Three-Day,6,1,143734.0,108349.0,35385.0,1,97096.0,89157.0,7939.0,1,89510.0,69198.0,20312.0,1
2609099065,G001,0,0,104379.0,104762.0,-383.0,0,110323.0,98340.0,11983.0,1,111460.0,88223.0,23237.0,1
2609099065,G001,0,1,107866.0,108857.0,-991.0,0,110323.0,98340.0,11983.0,1,111460.0,88223.0,23237.0,1
2609099065,G003,1,0,100518.0,97100.0,3418.0,1,79888.0,65274.0,14614.0,1,101243.0,107357.0,-6114.0,0
2609099065,G003,1,1,100518.0,97100.0,3418.0,1,79888.0,65274.0,14614.0,1,101243.0,107357.0,-6114.0,0
2609099065,Boatlee V29,2,0,101087.0,105277.0,-4190.0,0,100319.0,103187.0,-2868.0,0,101087.0,103962.0,-2875.0,0
2609099065,Boatlee V29,2,1,101087.0,105277.0,-4190.0,0,100319.0,103187.0,-2868.0,0,101087.0,103962.0,-2875.0,0
2609099065,Kaito V58,3,0,109129.0,96274.0,12855.0,1,82288.0,67929.0,14359.0,1,93419.0,88620.0,4799.0,1
2609099065,Kaito V58,3,1,109129.0,96274.0,12855.0,1,82288.0,67929.0,14359.0,1,93419.0,88620.0,4799.0,1
2609099065,Lynn V5,4,0,105957.0,111147.0,-5190.0,0,108975.0,116002.0,-7027.0,0,108948.0,116002.0,-7054.0,0
2609099065,Lynn V5,4,1,105957.0,111147.0,-5190.0,0,108975.0,116002.0,-7027.0,0,108948.0,116002.0,-7054.0,0
2609099065,Six-Day,5,0,97853.0,99592.0,-1739.0,0,84269.0,88182.0,-3913.0,0,84321.0,88118.0,-3797.0,0
2609099065,Six-Day,5,1,97853.0,99592.0,-1739.0,0,72699.0,75294.0,-2595.0,0,72699.0,75294.0,-2595.0,0
2609099065,Three-Day,6,0,120491.0,103276.0,17215.0,1,113974.0,108778.0,5196.0,1,122158.0,116656.0,5502.0,1
2609099065,Three-Day,6,1,121189.0,95727.0,25462.0,1,113974.0,108778.0,5196.0,1,122186.0,116844.0,5342.0,1
2609099066,G001,0,0,89946.0,58854.0,31092.0,1,84433.0,49671.0,34762.0,1,84435.0,49668.0,34767.0,1
2609099066,G001,0,1,89946.0,58854.0,31092.0,1,84433.0,49671.0,34762.0,1,84435.0,49668.0,34767.0,1
2609099066,G003,1,0,87284.0,73349.0,13935.0,1,119440.0,109664.0,9776.0,1,120165.0,109368.0,10797.0,1
2609099066,G003,1,1,87284.0,73349.0,13935.0,1,119440.0,109664.0,9776.0,1,120165.0,109368.0,10797.0,1
2609099066,Boatlee V29,2,0,87116.0,72919.0,14197.0,1,80802.0,61800.0,19002.0,1,80806.0,61796.0,19010.0,1
2609099066,Boatlee V29,2,1,87116.0,72919.0,14197.0,1,80802.0,61800.0,19002.0,1,80806.0,61796.0,19010.0,1
2609099066,Kaito V58,3,0,82991.0,77569.0,5422.0,1,93697.0,92645.0,1052.0,1,95673.0,92984.0,2689.0,1
2609099066,Kaito V58,3,1,82991.0,77569.0,5422.0,1,93697.0,92645.0,1052.0,1,95673.0,92984.0,2689.0,1
2609099066,Lynn V5,4,0,88286.0,73588.0,14698.0,1,76224.0,73371.0,2853.0,1,76224.0,73371.0,2853.0,1
2609099066,Lynn V5,4,1,88286.0,73588.0,14698.0,1,76224.0,73371.0,2853.0,1,76224.0,73371.0,2853.0,1
2609099066,Six-Day,5,0,88804.0,78110.0,10694.0,1,77487.0,64063.0,13424.0,1,84424.0,69302.0,15122.0,1
2609099066,Six-Day,5,1,88804.0,78110.0,10694.0,1,77487.0,64063.0,13424.0,1,84424.0,69302.0,15122.0,1
2609099066,Three-Day,6,0,105304.0,81746.0,23558.0,1,122276.0,104667.0,17609.0,1,122276.0,104667.0,17609.0,1
2609099066,Three-Day,6,1,105304.0,81746.0,23558.0,1,122276.0,104667.0,17609.0,1,122276.0,104667.0,17609.0,1
2609099067,G001,0,0,101045.0,84198.0,16847.0,1,126793.0,109509.0,17284.0,1,143500.0,134322.0,9178.0,1
2609099067,G001,0,1,100642.0,71346.0,29296.0,1,156809.0,124603.0,32206.0,1,156809.0,124603.0,32206.0,1
2609099067,G003,1,0,77114.0,67039.0,10075.0,1,78658.0,77694.0,964.0,1,78625.0,77691.0,934.0,1
2609099067,G003,1,1,79537.0,78970.0,567.0,1,80571.0,75466.0,5105.0,1,80570.0,75466.0,5104.0,1
2609099067,Boatlee V29,2,0,77410.0,72667.0,4743.0,1,78917.0,72828.0,6089.0,1,78917.0,72828.0,6089.0,1
2609099067,Boatlee V29,2,1,77306.0,67700.0,9606.0,1,77795.0,70359.0,7436.0,1,80213.0,75612.0,4601.0,1
2609099067,Kaito V58,3,0,75980.0,61043.0,14937.0,1,82294.0,76859.0,5435.0,1,82295.0,76858.0,5437.0,1
2609099067,Kaito V58,3,1,89604.0,85564.0,4040.0,1,83665.0,62144.0,21521.0,1,83665.0,62144.0,21521.0,1
2609099067,Lynn V5,4,0,82261.0,79692.0,2569.0,1,80771.0,75080.0,5691.0,1,79783.0,75054.0,4729.0,1
2609099067,Lynn V5,4,1,84219.0,80869.0,3350.0,1,72894.0,73292.0,-398.0,0,74412.0,72967.0,1445.0,1
2609099067,Six-Day,5,0,82126.0,76078.0,6048.0,1,103499.0,90844.0,12655.0,1,103499.0,90844.0,12655.0,1
2609099067,Six-Day,5,1,79422.0,71605.0,7817.0,1,122526.0,87600.0,34926.0,1,122526.0,87600.0,34926.0,1
2609099067,Three-Day,6,0,76257.0,72207.0,4050.0,1,80228.0,72243.0,7985.0,1,80170.0,72243.0,7927.0,1
2609099067,Three-Day,6,1,71200.0,60940.0,10260.0,1,79368.0,67418.0,11950.0,1,79354.0,67418.0,11936.0,1
2609099068,G001,0,0,92412.0,66555.0,25857.0,1,83849.0,71078.0,12771.0,1,99330.0,90891.0,8439.0,1
2609099068,G001,0,1,92412.0,66555.0,25857.0,1,83849.0,71078.0,12771.0,1,99330.0,90891.0,8439.0,1
2609099068,G003,1,0,106536.0,107606.0,-1070.0,0,93120.0,95628.0,-2508.0,0,76142.0,72833.0,3309.0,1
2609099068,G003,1,1,106536.0,107606.0,-1070.0,0,93120.0,95628.0,-2508.0,0,76207.0,74360.0,1847.0,1
2609099068,Boatlee V29,2,0,125668.0,110526.0,15142.0,1,110569.0,115590.0,-5021.0,0,110569.0,115590.0,-5021.0,0
2609099068,Boatlee V29,2,1,125668.0,110526.0,15142.0,1,110569.0,115590.0,-5021.0,0,110569.0,115590.0,-5021.0,0
2609099068,Kaito V58,3,0,111803.0,114717.0,-2914.0,0,90461.0,88774.0,1687.0,1,86710.0,85669.0,1041.0,1
2609099068,Kaito V58,3,1,111803.0,114717.0,-2914.0,0,90161.0,88775.0,1386.0,1,86710.0,85669.0,1041.0,1
2609099068,Lynn V5,4,0,122479.0,128372.0,-5893.0,0,123196.0,120259.0,2937.0,1,123197.0,120258.0,2939.0,1
2609099068,Lynn V5,4,1,122479.0,128372.0,-5893.0,0,123196.0,120259.0,2937.0,1,123197.0,120258.0,2939.0,1
2609099068,Six-Day,5,0,155332.0,126059.0,29273.0,1,106280.0,100907.0,5373.0,1,106280.0,100907.0,5373.0,1
2609099068,Six-Day,5,1,155332.0,126059.0,29273.0,1,106280.0,100907.0,5373.0,1,106280.0,100907.0,5373.0,1
2609099068,Three-Day,6,0,134374.0,128083.0,6291.0,1,135019.0,110633.0,24386.0,1,116842.0,110079.0,6763.0,1
2609099068,Three-Day,6,1,134374.0,128083.0,6291.0,1,135019.0,110633.0,24386.0,1,116842.0,110079.0,6763.0,1
2609099069,G001,0,0,93136.0,89205.0,3931.0,1,116720.0,103050.0,13670.0,1,115646.0,104110.0,11536.0,1
2609099069,G001,0,1,93583.0,88609.0,4974.0,1,116720.0,103050.0,13670.0,1,115646.0,104110.0,11536.0,1
2609099069,G003,1,0,128328.0,109182.0,19146.0,1,103282.0,94063.0,9219.0,1,119829.0,116712.0,3117.0,1
2609099069,G003,1,1,126295.0,109695.0,16600.0,1,103282.0,94063.0,9219.0,1,119829.0,116712.0,3117.0,1
2609099069,Boatlee V29,2,0,118177.0,113069.0,5108.0,1,121916.0,80767.0,41149.0,1,121916.0,80767.0,41149.0,1
2609099069,Boatlee V29,2,1,118177.0,113069.0,5108.0,1,121916.0,80767.0,41149.0,1,121916.0,80767.0,41149.0,1
2609099069,Kaito V58,3,0,121464.0,83455.0,38009.0,1,126105.0,94995.0,31110.0,1,133644.0,133627.0,17.0,1
2609099069,Kaito V58,3,1,95639.0,73880.0,21759.0,1,126105.0,94995.0,31110.0,1,133644.0,133627.0,17.0,1
2609099069,Lynn V5,4,0,108449.0,102530.0,5919.0,1,88197.0,77627.0,10570.0,1,88109.0,77784.0,10325.0,1
2609099069,Lynn V5,4,1,108449.0,102530.0,5919.0,1,88197.0,77627.0,10570.0,1,88109.0,77784.0,10325.0,1
2609099069,Six-Day,5,0,94784.0,75076.0,19708.0,1,125274.0,120590.0,4684.0,1,125274.0,120590.0,4684.0,1
2609099069,Six-Day,5,1,94784.0,75076.0,19708.0,1,125274.0,120590.0,4684.0,1,125274.0,120590.0,4684.0,1
2609099069,Three-Day,6,0,105549.0,94198.0,11351.0,1,122433.0,108693.0,13740.0,1,95452.0,84579.0,10873.0,1
2609099069,Three-Day,6,1,105549.0,94198.0,11351.0,1,122433.0,108693.0,13740.0,1,95452.0,84579.0,10873.0,1
2609099070,G001,0,0,85229.0,56155.0,29074.0,1,89865.0,60255.0,29610.0,1,89736.0,57977.0,31759.0,1
2609099070,G001,0,1,85229.0,56155.0,29074.0,1,89865.0,60255.0,29610.0,1,89736.0,57977.0,31759.0,1
2609099070,G003,1,0,127289.0,124070.0,3219.0,1,69030.0,51659.0,17371.0,1,95665.0,92320.0,3345.0,1
2609099070,G003,1,1,122993.0,120513.0,2480.0,1,69030.0,51659.0,17371.0,1,94406.0,89642.0,4764.0,1
2609099070,Boatlee V29,2,0,92753.0,71744.0,21009.0,1,88646.0,68823.0,19823.0,1,88646.0,68823.0,19823.0,1
2609099070,Boatlee V29,2,1,92753.0,71744.0,21009.0,1,89437.0,67338.0,22099.0,1,89437.0,67338.0,22099.0,1
2609099070,Kaito V58,3,0,97016.0,84798.0,12218.0,1,71617.0,48425.0,23192.0,1,89457.0,90988.0,-1531.0,0
2609099070,Kaito V58,3,1,97016.0,84798.0,12218.0,1,71615.0,48425.0,23190.0,1,84500.0,89840.0,-5340.0,0
2609099070,Lynn V5,4,0,88028.0,67140.0,20888.0,1,86105.0,77106.0,8999.0,1,86105.0,77106.0,8999.0,1
2609099070,Lynn V5,4,1,91790.0,72906.0,18884.0,1,88089.0,74649.0,13440.0,1,88093.0,74645.0,13448.0,1
2609099070,Six-Day,5,0,87303.0,79241.0,8062.0,1,109695.0,100637.0,9058.0,1,109695.0,100637.0,9058.0,1
2609099070,Six-Day,5,1,87303.0,79241.0,8062.0,1,109695.0,100637.0,9058.0,1,109695.0,100637.0,9058.0,1
2609099070,Three-Day,6,0,100398.0,91464.0,8934.0,1,120759.0,86093.0,34666.0,1,120763.0,86099.0,34664.0,1
2609099070,Three-Day,6,1,100398.0,91464.0,8934.0,1,121404.0,83622.0,37782.0,1,121408.0,83628.0,37780.0,1
2609099071,G001,0,0,87322.0,65270.0,22052.0,1,95073.0,84474.0,10599.0,1,95077.0,84470.0,10607.0,1
2609099071,G001,0,1,87322.0,65270.0,22052.0,1,116615.0,99664.0,16951.0,1,116619.0,99660.0,16959.0,1
2609099071,G003,1,0,110817.0,110941.0,-124.0,0,74930.0,78405.0,-3475.0,0,74381.0,75586.0,-1205.0,0
2609099071,G003,1,1,110817.0,110941.0,-124.0,0,71636.0,69206.0,2430.0,1,74381.0,75586.0,-1205.0,0
2609099071,Boatlee V29,2,0,75736.0,57313.0,18423.0,1,82892.0,50756.0,32136.0,1,83531.0,51219.0,32312.0,1
2609099071,Boatlee V29,2,1,75736.0,57313.0,18423.0,1,82892.0,50756.0,32136.0,1,83531.0,51219.0,32312.0,1
2609099071,Kaito V58,3,0,95012.0,97548.0,-2536.0,0,105903.0,76420.0,29483.0,1,105905.0,76433.0,29472.0,1
2609099071,Kaito V58,3,1,95012.0,97548.0,-2536.0,0,109809.0,71118.0,38691.0,1,109803.0,71118.0,38685.0,1
2609099071,Lynn V5,4,0,76495.0,57511.0,18984.0,1,70880.0,61729.0,9151.0,1,70880.0,61729.0,9151.0,1
2609099071,Lynn V5,4,1,76495.0,57511.0,18984.0,1,70880.0,61729.0,9151.0,1,70880.0,61729.0,9151.0,1
2609099071,Six-Day,5,0,87033.0,86725.0,308.0,1,79584.0,57939.0,21645.0,1,79584.0,57939.0,21645.0,1
2609099071,Six-Day,5,1,94129.0,98399.0,-4270.0,0,79584.0,57939.0,21645.0,1,79584.0,57939.0,21645.0,1
2609099071,Three-Day,6,0,69471.0,41885.0,27586.0,1,79459.0,63261.0,16198.0,1,80780.0,78949.0,1831.0,1
2609099071,Three-Day,6,1,69471.0,41885.0,27586.0,1,75276.0,64326.0,10950.0,1,87173.0,86387.0,786.0,1
2609099072,G001,0,0,116452.0,98193.0,18259.0,1,126809.0,119304.0,7505.0,1,126809.0,119304.0,7505.0,1
2609099072,G001,0,1,116452.0,98193.0,18259.0,1,126809.0,119303.0,7506.0,1,126809.0,119303.0,7506.0,1
2609099072,G003,1,0,80935.0,63486.0,17449.0,1,84010.0,71749.0,12261.0,1,84010.0,71749.0,12261.0,1
2609099072,G003,1,1,90324.0,78057.0,12267.0,1,88124.0,78869.0,9255.0,1,88041.0,79131.0,8910.0,1
2609099072,Boatlee V29,2,0,92980.0,73238.0,19742.0,1,89114.0,74723.0,14391.0,1,91541.0,73022.0,18519.0,1
2609099072,Boatlee V29,2,1,91939.0,73359.0,18580.0,1,91541.0,73022.0,18519.0,1,91542.0,73021.0,18521.0,1
2609099072,Kaito V58,3,0,85885.0,65838.0,20047.0,1,71125.0,58306.0,12819.0,1,71114.0,58306.0,12808.0,1
2609099072,Kaito V58,3,1,103430.0,84894.0,18536.0,1,79969.0,60916.0,19053.0,1,79969.0,60916.0,19053.0,1
2609099072,Lynn V5,4,0,122234.0,125100.0,-2866.0,0,123269.0,126268.0,-2999.0,0,123206.0,126300.0,-3094.0,0
2609099072,Lynn V5,4,1,119697.0,126656.0,-6959.0,0,112847.0,100840.0,12007.0,1,112848.0,100840.0,12008.0,1
2609099072,Six-Day,5,0,88885.0,59006.0,29879.0,1,84426.0,70278.0,14148.0,1,87673.0,89422.0,-1749.0,0
2609099072,Six-Day,5,1,78792.0,60648.0,18144.0,1,73477.0,51185.0,22292.0,1,73477.0,51185.0,22292.0,1
2609099072,Three-Day,6,0,75407.0,52334.0,23073.0,1,83298.0,71008.0,12290.0,1,80557.0,70222.0,10335.0,1
2609099072,Three-Day,6,1,79589.0,56941.0,22648.0,1,65533.0,49482.0,16051.0,1,80557.0,68818.0,11739.0,1
2609099073,G001,0,0,107821.0,108573.0,-752.0,0,87819.0,85022.0,2797.0,1,103167.0,93591.0,9576.0,1
2609099073,G001,0,1,107821.0,108573.0,-752.0,0,87819.0,85022.0,2797.0,1,103167.0,93591.0,9576.0,1
2609099073,G003,1,0,125990.0,108976.0,17014.0,1,75186.0,71459.0,3727.0,1,77629.0,75622.0,2007.0,1
2609099073,G003,1,1,125990.0,108976.0,17014.0,1,75186.0,71459.0,3727.0,1,77629.0,75622.0,2007.0,1
2609099073,Boatlee V29,2,0,101463.0,91964.0,9499.0,1,104851.0,88883.0,15968.0,1,104851.0,88883.0,15968.0,1
2609099073,Boatlee V29,2,1,101463.0,91964.0,9499.0,1,104851.0,88883.0,15968.0,1,104851.0,88883.0,15968.0,1
2609099073,Kaito V58,3,0,129739.0,105681.0,24058.0,1,73017.0,58032.0,14985.0,1,73017.0,58031.0,14986.0,1
2609099073,Kaito V58,3,1,129739.0,105681.0,24058.0,1,73017.0,58032.0,14985.0,1,73017.0,58031.0,14986.0,1
2609099073,Lynn V5,4,0,103037.0,92621.0,10416.0,1,108507.0,87715.0,20792.0,1,108507.0,87715.0,20792.0,1
2609099073,Lynn V5,4,1,103037.0,92621.0,10416.0,1,108507.0,87715.0,20792.0,1,108507.0,87715.0,20792.0,1
2609099073,Six-Day,5,0,133894.0,119104.0,14790.0,1,112721.0,104407.0,8314.0,1,112791.0,104312.0,8479.0,1
2609099073,Six-Day,5,1,133894.0,119104.0,14790.0,1,112721.0,104407.0,8314.0,1,112791.0,104312.0,8479.0,1
2609099073,Three-Day,6,0,92758.0,97362.0,-4604.0,0,64524.0,50263.0,14261.0,1,64497.0,50230.0,14267.0,1
2609099073,Three-Day,6,1,92758.0,97362.0,-4604.0,0,64524.0,50263.0,14261.0,1,64497.0,50230.0,14267.0,1
2609099074,G001,0,0,122825.0,107615.0,15210.0,1,86221.0,68923.0,17298.0,1,93187.0,79178.0,14009.0,1
2609099074,G001,0,1,122825.0,107615.0,15210.0,1,83634.0,65071.0,18563.0,1,95489.0,83318.0,12171.0,1
2609099074,G003,1,0,81703.0,64940.0,16763.0,1,111124.0,91676.0,19448.0,1,111127.0,91673.0,19454.0,1
2609099074,G003,1,1,80695.0,64754.0,15941.0,1,111124.0,91676.0,19448.0,1,111127.0,91673.0,19454.0,1
2609099074,Boatlee V29,2,0,100109.0,63598.0,36511.0,1,88655.0,92204.0,-3549.0,0,74692.0,72819.0,1873.0,1
2609099074,Boatlee V29,2,1,100109.0,63598.0,36511.0,1,88655.0,92204.0,-3549.0,0,74692.0,72819.0,1873.0,1
2609099074,Kaito V58,3,0,79565.0,60996.0,18569.0,1,112688.0,85203.0,27485.0,1,112688.0,85203.0,27485.0,1
2609099074,Kaito V58,3,1,79476.0,61472.0,18004.0,1,112688.0,85203.0,27485.0,1,112688.0,85203.0,27485.0,1
2609099074,Lynn V5,4,0,82399.0,82049.0,350.0,1,81020.0,63785.0,17235.0,1,81035.0,63767.0,17268.0,1
2609099074,Lynn V5,4,1,82399.0,82049.0,350.0,1,81020.0,63785.0,17235.0,1,81035.0,63767.0,17268.0,1
2609099074,Six-Day,5,0,109572.0,93453.0,16119.0,1,123009.0,94458.0,28551.0,1,123750.0,95074.0,28676.0,1
2609099074,Six-Day,5,1,109572.0,93453.0,16119.0,1,123009.0,94458.0,28551.0,1,123750.0,95074.0,28676.0,1
2609099074,Three-Day,6,0,109141.0,88036.0,21105.0,1,132739.0,90100.0,42639.0,1,132740.0,90100.0,42640.0,1
2609099074,Three-Day,6,1,109142.0,88036.0,21106.0,1,132739.0,90100.0,42639.0,1,132740.0,90100.0,42640.0,1
2609099075,G001,0,0,94924.0,80997.0,13927.0,1,80284.0,59586.0,20698.0,1,81342.0,58179.0,23163.0,1
2609099075,G001,0,1,94924.0,80997.0,13927.0,1,80284.0,59586.0,20698.0,1,81342.0,58179.0,23163.0,1
2609099075,G003,1,0,77988.0,69194.0,8794.0,1,91470.0,78543.0,12927.0,1,87560.0,78921.0,8639.0,1
2609099075,G003,1,1,77988.0,69194.0,8794.0,1,91470.0,78543.0,12927.0,1,87560.0,78921.0,8639.0,1
2609099075,Boatlee V29,2,0,83479.0,90766.0,-7287.0,0,72762.0,64469.0,8293.0,1,74439.0,55624.0,18815.0,1
2609099075,Boatlee V29,2,1,83479.0,90766.0,-7287.0,0,72762.0,64469.0,8293.0,1,74439.0,55624.0,18815.0,1
2609099075,Kaito V58,3,0,73854.0,64442.0,9412.0,1,101823.0,92772.0,9051.0,1,101823.0,92772.0,9051.0,1
2609099075,Kaito V58,3,1,73854.0,64442.0,9412.0,1,101823.0,92772.0,9051.0,1,101823.0,92772.0,9051.0,1
2609099075,Lynn V5,4,0,79993.0,72932.0,7061.0,1,67795.0,83782.0,-15987.0,0,67788.0,83780.0,-15992.0,0
2609099075,Lynn V5,4,1,79993.0,72932.0,7061.0,1,67795.0,83782.0,-15987.0,0,67788.0,83780.0,-15992.0,0
2609099075,Six-Day,5,0,93574.0,104548.0,-10974.0,0,131774.0,115732.0,16042.0,1,136918.0,112157.0,24761.0,1
2609099075,Six-Day,5,1,93574.0,104548.0,-10974.0,0,131774.0,115732.0,16042.0,1,136918.0,112157.0,24761.0,1
2609099075,Three-Day,6,0,74992.0,70828.0,4164.0,1,113526.0,100891.0,12635.0,1,113527.0,100889.0,12638.0,1
2609099075,Three-Day,6,1,74992.0,70828.0,4164.0,1,113526.0,100891.0,12635.0,1,113527.0,100889.0,12638.0,1
2609099076,G001,0,0,135106.0,121435.0,13671.0,1,116440.0,95620.0,20820.0,1,116440.0,95619.0,20821.0,1
2609099076,G001,0,1,148271.0,128988.0,19283.0,1,130235.0,110885.0,19350.0,1,130237.0,110883.0,19354.0,1
2609099076,G003,1,0,132099.0,119724.0,12375.0,1,106164.0,99180.0,6984.0,1,94173.0,95675.0,-1502.0,0
2609099076,G003,1,1,132099.0,119724.0,12375.0,1,106164.0,99180.0,6984.0,1,94197.0,96680.0,-2483.0,0
2609099076,Boatlee V29,2,0,106213.0,110875.0,-4662.0,0,124250.0,123696.0,554.0,1,124209.0,123696.0,513.0,1
2609099076,Boatlee V29,2,1,106213.0,110875.0,-4662.0,0,124250.0,123696.0,554.0,1,124209.0,123696.0,513.0,1
2609099076,Kaito V58,3,0,100809.0,95083.0,5726.0,1,95838.0,95895.0,-57.0,0,93397.0,91399.0,1998.0,1
2609099076,Kaito V58,3,1,101291.0,96564.0,4727.0,1,96131.0,93516.0,2615.0,1,90823.0,84743.0,6080.0,1
2609099076,Lynn V5,4,0,127652.0,124070.0,3582.0,1,128116.0,123732.0,4384.0,1,128086.0,123732.0,4354.0,1
2609099076,Lynn V5,4,1,127652.0,124070.0,3582.0,1,128116.0,123732.0,4384.0,1,128086.0,123732.0,4354.0,1
2609099076,Six-Day,5,0,107689.0,83827.0,23862.0,1,77681.0,56375.0,21306.0,1,96185.0,68150.0,28035.0,1
2609099076,Six-Day,5,1,107689.0,83827.0,23862.0,1,77666.0,56378.0,21288.0,1,96185.0,68150.0,28035.0,1
2609099076,Three-Day,6,0,99736.0,96546.0,3190.0,1,108753.0,53231.0,55522.0,1,94832.0,59113.0,35719.0,1
2609099076,Three-Day,6,1,99810.0,97162.0,2648.0,1,109208.0,53255.0,55953.0,1,95579.0,60392.0,35187.0,1
2609099077,G001,0,0,93885.0,73345.0,20540.0,1,87836.0,78533.0,9303.0,1,85780.0,77842.0,7938.0,1
2609099077,G001,0,1,94962.0,85016.0,9946.0,1,97959.0,89834.0,8125.0,1,98039.0,89946.0,8093.0,1
2609099077,G003,1,0,133306.0,119203.0,14103.0,1,76007.0,81226.0,-5219.0,0,81453.0,81014.0,439.0,1
2609099077,G003,1,1,131798.0,117997.0,13801.0,1,76007.0,81226.0,-5219.0,0,102812.0,79345.0,23467.0,1
2609099077,Boatlee V29,2,0,132687.0,129477.0,3210.0,1,85254.0,87035.0,-1781.0,0,85254.0,87035.0,-1781.0,0
2609099077,Boatlee V29,2,1,132687.0,129477.0,3210.0,1,85254.0,87035.0,-1781.0,0,85254.0,87035.0,-1781.0,0
2609099077,Kaito V58,3,0,138226.0,119156.0,19070.0,1,74929.0,67582.0,7347.0,1,94197.0,77462.0,16735.0,1
2609099077,Kaito V58,3,1,122816.0,105998.0,16818.0,1,74929.0,67582.0,7347.0,1,94164.0,77461.0,16703.0,1
2609099077,Lynn V5,4,0,150497.0,142232.0,8265.0,1,91065.0,79997.0,11068.0,1,91067.0,79995.0,11072.0,1
2609099077,Lynn V5,4,1,150497.0,142232.0,8265.0,1,91065.0,79997.0,11068.0,1,91067.0,79995.0,11072.0,1
2609099077,Six-Day,5,0,106682.0,93126.0,13556.0,1,127619.0,92203.0,35416.0,1,127345.0,92248.0,35097.0,1
2609099077,Six-Day,5,1,106682.0,93126.0,13556.0,1,91703.0,53742.0,37961.0,1,91705.0,53740.0,37965.0,1
2609099077,Three-Day,6,0,103713.0,84018.0,19695.0,1,70213.0,60957.0,9256.0,1,70213.0,60957.0,9256.0,1
2609099077,Three-Day,6,1,107584.0,87930.0,19654.0,1,70213.0,60957.0,9256.0,1,70213.0,60957.0,9256.0,1
2609099078,G001,0,0,76899.0,36871.0,40028.0,1,122860.0,92099.0,30761.0,1,122861.0,92098.0,30763.0,1
2609099078,G001,0,1,76899.0,36871.0,40028.0,1,122860.0,92099.0,30761.0,1,122861.0,92098.0,30763.0,1
2609099078,G003,1,0,97312.0,82171.0,15141.0,1,93477.0,72939.0,20538.0,1,77464.0,70033.0,7431.0,1
2609099078,G003,1,1,97312.0,82171.0,15141.0,1,93477.0,72939.0,20538.0,1,77464.0,70033.0,7431.0,1
2609099078,Boatlee V29,2,0,89165.0,80149.0,9016.0,1,89317.0,78841.0,10476.0,1,88776.0,81867.0,6909.0,1
2609099078,Boatlee V29,2,1,89165.0,80149.0,9016.0,1,89317.0,78841.0,10476.0,1,88776.0,81867.0,6909.0,1
2609099078,Kaito V58,3,0,92026.0,72814.0,19212.0,1,88735.0,72001.0,16734.0,1,88449.0,74437.0,14012.0,1
2609099078,Kaito V58,3,1,92026.0,72814.0,19212.0,1,88735.0,72001.0,16734.0,1,88449.0,74437.0,14012.0,1
2609099078,Lynn V5,4,0,92319.0,80548.0,11771.0,1,88456.0,83603.0,4853.0,1,88440.0,83603.0,4837.0,1
2609099078,Lynn V5,4,1,92319.0,80548.0,11771.0,1,88456.0,83603.0,4853.0,1,88440.0,83603.0,4837.0,1
2609099078,Six-Day,5,0,89530.0,81784.0,7746.0,1,118607.0,106836.0,11771.0,1,118607.0,106836.0,11771.0,1
2609099078,Six-Day,5,1,89530.0,81784.0,7746.0,1,118607.0,106836.0,11771.0,1,118607.0,106836.0,11771.0,1
2609099078,Three-Day,6,0,91657.0,71967.0,19690.0,1,84539.0,81254.0,3285.0,1,84540.0,81252.0,3288.0,1
2609099078,Three-Day,6,1,91657.0,71967.0,19690.0,1,84539.0,81254.0,3285.0,1,84540.0,81252.0,3288.0,1
2609099079,G001,0,0,88441.0,61329.0,27112.0,1,76533.0,56578.0,19955.0,1,84226.0,63672.0,20554.0,1
2609099079,G001,0,1,87167.0,59632.0,27535.0,1,73987.0,45921.0,28066.0,1,83426.0,63706.0,19720.0,1
2609099079,G003,1,0,97330.0,84711.0,12619.0,1,107638.0,105566.0,2072.0,1,92585.0,97554.0,-4969.0,0
2609099079,G003,1,1,97330.0,84711.0,12619.0,1,101018.0,105608.0,-4590.0,0,92999.0,94226.0,-1227.0,0
2609099079,Boatlee V29,2,0,93980.0,93098.0,882.0,1,76214.0,76277.0,-63.0,0,76214.0,76277.0,-63.0,0
2609099079,Boatlee V29,2,1,93980.0,93098.0,882.0,1,76214.0,76277.0,-63.0,0,76214.0,76277.0,-63.0,0
2609099079,Kaito V58,3,0,115571.0,93434.0,22137.0,1,119816.0,110695.0,9121.0,1,114494.0,82993.0,31501.0,1
2609099079,Kaito V58,3,1,117523.0,68386.0,49137.0,1,119816.0,110695.0,9121.0,1,114496.0,82991.0,31505.0,1
2609099079,Lynn V5,4,0,63382.0,58189.0,5193.0,1,64701.0,56424.0,8277.0,1,64701.0,56424.0,8277.0,1
2609099079,Lynn V5,4,1,63382.0,58189.0,5193.0,1,64701.0,56424.0,8277.0,1,64701.0,56424.0,8277.0,1
2609099079,Six-Day,5,0,100435.0,80226.0,20209.0,1,71027.0,62730.0,8297.0,1,80124.0,73923.0,6201.0,1
2609099079,Six-Day,5,1,78394.0,47528.0,30866.0,1,70364.0,67688.0,2676.0,1,88699.0,82649.0,6050.0,1
2609099079,Three-Day,6,0,83566.0,78150.0,5416.0,1,76550.0,72588.0,3962.0,1,75033.0,55240.0,19793.0,1
2609099079,Three-Day,6,1,82722.0,81007.0,1715.0,1,78415.0,71593.0,6822.0,1,73090.0,54801.0,18289.0,1
2609099080,G001,0,0,83917.0,60069.0,23848.0,1,116677.0,99815.0,16862.0,1,117674.0,100318.0,17356.0,1
2609099080,G001,0,1,99147.0,81889.0,17258.0,1,108041.0,80065.0,27976.0,1,104401.0,82373.0,22028.0,1
2609099080,G003,1,0,122160.0,97036.0,25124.0,1,121335.0,107715.0,13620.0,1,77969.0,71622.0,6347.0,1
2609099080,G003,1,1,122160.0,97036.0,25124.0,1,103934.0,98716.0,5218.0,1,103910.0,98716.0,5194.0,1
2609099080,Boatlee V29,2,0,134968.0,119022.0,15946.0,1,109792.0,105091.0,4701.0,1,109792.0,105091.0,4701.0,1
2609099080,Boatlee V29,2,1,134968.0,119022.0,15946.0,1,109792.0,105091.0,4701.0,1,109792.0,105091.0,4701.0,1
2609099080,Kaito V58,3,0,122360.0,90813.0,31547.0,1,122842.0,113462.0,9380.0,1,82356.0,67265.0,15091.0,1
2609099080,Kaito V58,3,1,122360.0,90813.0,31547.0,1,106632.0,98076.0,8556.0,1,108981.0,95043.0,13938.0,1
2609099080,Lynn V5,4,0,139236.0,120547.0,18689.0,1,114383.0,103376.0,11007.0,1,114383.0,103376.0,11007.0,1
2609099080,Lynn V5,4,1,139236.0,120547.0,18689.0,1,114383.0,103376.0,11007.0,1,114383.0,103376.0,11007.0,1
2609099080,Six-Day,5,0,147307.0,122910.0,24397.0,1,103678.0,103741.0,-63.0,0,103640.0,103741.0,-101.0,0
2609099080,Six-Day,5,1,149197.0,103066.0,46131.0,1,81000.0,61479.0,19521.0,1,81000.0,61479.0,19521.0,1
2609099080,Three-Day,6,0,131794.0,113841.0,17953.0,1,104282.0,86883.0,17399.0,1,90107.0,64413.0,25694.0,1
2609099080,Three-Day,6,1,90037.0,70628.0,19409.0,1,85487.0,75467.0,10020.0,1,81206.0,63811.0,17395.0,1
2609099081,G001,0,0,113955.0,101597.0,12358.0,1,82424.0,47016.0,35408.0,1,102335.0,92835.0,9500.0,1
2609099081,G001,0,1,87541.0,57437.0,30104.0,1,82424.0,47016.0,35408.0,1,102335.0,92835.0,9500.0,1
2609099081,G003,1,0,89082.0,79190.0,9892.0,1,74529.0,69313.0,5216.0,1,111404.0,84451.0,26953.0,1
2609099081,G003,1,1,89082.0,79190.0,9892.0,1,89523.0,81524.0,7999.0,1,111404.0,84451.0,26953.0,1
2609099081,Boatlee V29,2,0,110099.0,98469.0,11630.0,1,99875.0,92225.0,7650.0,1,99875.0,92225.0,7650.0,1
2609099081,Boatlee V29,2,1,110099.0,98469.0,11630.0,1,99875.0,92225.0,7650.0,1,99875.0,92225.0,7650.0,1
2609099081,Kaito V58,3,0,87966.0,78819.0,9147.0,1,122536.0,91231.0,31305.0,1,117798.0,78732.0,39066.0,1
2609099081,Kaito V58,3,1,87966.0,78819.0,9147.0,1,123580.0,99140.0,24440.0,1,117798.0,78732.0,39066.0,1
2609099081,Lynn V5,4,0,116542.0,99290.0,17252.0,1,112606.0,98663.0,13943.0,1,112606.0,98663.0,13943.0,1
2609099081,Lynn V5,4,1,116542.0,99290.0,17252.0,1,112606.0,98663.0,13943.0,1,112606.0,98663.0,13943.0,1
2609099081,Six-Day,5,0,74325.0,62705.0,11620.0,1,75261.0,59614.0,15647.0,1,75261.0,59614.0,15647.0,1
2609099081,Six-Day,5,1,74325.0,62705.0,11620.0,1,75261.0,59614.0,15647.0,1,75261.0,59614.0,15647.0,1
2609099081,Three-Day,6,0,113167.0,100683.0,12484.0,1,124339.0,93521.0,30818.0,1,86298.0,69021.0,17277.0,1
2609099081,Three-Day,6,1,113167.0,100683.0,12484.0,1,124339.0,93521.0,30818.0,1,86298.0,69021.0,17277.0,1
2609099082,G001,0,0,107402.0,117852.0,-10450.0,0,143621.0,100016.0,43605.0,1,144597.0,99981.0,44616.0,1
2609099082,G001,0,1,96619.0,97981.0,-1362.0,0,139834.0,90818.0,49016.0,1,139834.0,90818.0,49016.0,1
2609099082,G003,1,0,121359.0,110497.0,10862.0,1,88844.0,84322.0,4522.0,1,89001.0,84560.0,4441.0,1
2609099082,G003,1,1,121359.0,110497.0,10862.0,1,88844.0,84322.0,4522.0,1,89001.0,84560.0,4441.0,1
2609099082,Boatlee V29,2,0,129771.0,86286.0,43485.0,1,128935.0,87939.0,40996.0,1,128935.0,87939.0,40996.0,1
2609099082,Boatlee V29,2,1,129771.0,86286.0,43485.0,1,128935.0,87939.0,40996.0,1,128935.0,87939.0,40996.0,1
2609099082,Kaito V58,3,0,81319.0,69012.0,12307.0,1,84044.0,72145.0,11899.0,1,85455.0,73192.0,12263.0,1
2609099082,Kaito V58,3,1,81350.0,69015.0,12335.0,1,84044.0,72145.0,11899.0,1,85455.0,73192.0,12263.0,1
2609099082,Lynn V5,4,0,141841.0,86475.0,55366.0,1,141774.0,89121.0,52653.0,1,141784.0,89111.0,52673.0,1
2609099082,Lynn V5,4,1,141841.0,86475.0,55366.0,1,141774.0,89121.0,52653.0,1,141784.0,89111.0,52673.0,1
2609099082,Six-Day,5,0,120956.0,91261.0,29695.0,1,130607.0,105106.0,25501.0,1,130569.0,105094.0,25475.0,1
2609099082,Six-Day,5,1,120956.0,91261.0,29695.0,1,130607.0,105106.0,25501.0,1,130569.0,105094.0,25475.0,1
2609099082,Three-Day,6,0,112647.0,112922.0,-275.0,0,97029.0,97029.0,0.0,0,99370.0,99101.0,269.0,1
2609099082,Three-Day,6,1,112647.0,112922.0,-275.0,0,97029.0,97029.0,0.0,0,99370.0,99101.0,269.0,1
2609099083,G001,0,0,79298.0,52113.0,27185.0,1,77445.0,41242.0,36203.0,1,71661.0,40330.0,31331.0,1
2609099083,G001,0,1,79298.0,52113.0,27185.0,1,77445.0,41242.0,36203.0,1,71661.0,40330.0,31331.0,1
2609099083,G003,1,0,72434.0,56153.0,16281.0,1,116107.0,109116.0,6991.0,1,118114.0,102891.0,15223.0,1
2609099083,G003,1,1,72434.0,56153.0,16281.0,1,116107.0,109116.0,6991.0,1,118114.0,102891.0,15223.0,1
2609099083,Boatlee V29,2,0,98409.0,82291.0,16118.0,1,88012.0,67685.0,20327.0,1,88013.0,67685.0,20328.0,1
2609099083,Boatlee V29,2,1,98409.0,82291.0,16118.0,1,88012.0,67685.0,20327.0,1,88013.0,67685.0,20328.0,1
2609099083,Kaito V58,3,0,73588.0,50959.0,22629.0,1,119921.0,106109.0,13812.0,1,121329.0,102635.0,18694.0,1
2609099083,Kaito V58,3,1,73588.0,50959.0,22629.0,1,119921.0,106109.0,13812.0,1,121329.0,102635.0,18694.0,1
2609099083,Lynn V5,4,0,80341.0,54768.0,25573.0,1,94896.0,55111.0,39785.0,1,94053.0,51779.0,42274.0,1
2609099083,Lynn V5,4,1,80341.0,54768.0,25573.0,1,94896.0,55111.0,39785.0,1,94053.0,51779.0,42274.0,1
2609099083,Six-Day,5,0,99969.0,51311.0,48658.0,1,75105.0,42412.0,32693.0,1,74133.0,47751.0,26382.0,1
2609099083,Six-Day,5,1,99969.0,51311.0,48658.0,1,75105.0,42412.0,32693.0,1,74133.0,47751.0,26382.0,1
2609099083,Three-Day,6,0,93040.0,75892.0,17148.0,1,110918.0,95120.0,15798.0,1,131123.0,126358.0,4765.0,1
2609099083,Three-Day,6,1,93040.0,75892.0,17148.0,1,110918.0,95120.0,15798.0,1,131123.0,126358.0,4765.0,1
2609099084,G001,0,0,106049.0,90520.0,15529.0,1,114372.0,96750.0,17622.0,1,110497.0,98518.0,11979.0,1
2609099084,G001,0,1,106049.0,90520.0,15529.0,1,114372.0,96750.0,17622.0,1,110497.0,98518.0,11979.0,1
2609099084,G003,1,0,120693.0,113694.0,6999.0,1,116447.0,107567.0,8880.0,1,116447.0,107567.0,8880.0,1
2609099084,G003,1,1,120693.0,113694.0,6999.0,1,116447.0,107567.0,8880.0,1,116447.0,107567.0,8880.0,1
2609099084,Boatlee V29,2,0,91488.0,77295.0,14193.0,1,91076.0,77402.0,13674.0,1,91084.0,77414.0,13670.0,1
2609099084,Boatlee V29,2,1,91488.0,77295.0,14193.0,1,91076.0,77402.0,13674.0,1,91084.0,77414.0,13670.0,1
2609099084,Kaito V58,3,0,110457.0,96444.0,14013.0,1,112065.0,102818.0,9247.0,1,112065.0,102818.0,9247.0,1
2609099084,Kaito V58,3,1,110457.0,96444.0,14013.0,1,112065.0,102818.0,9247.0,1,112065.0,102818.0,9247.0,1
2609099084,Lynn V5,4,0,88946.0,73212.0,15734.0,1,86995.0,70807.0,16188.0,1,87037.0,70813.0,16224.0,1
2609099084,Lynn V5,4,1,88946.0,73212.0,15734.0,1,86995.0,70807.0,16188.0,1,87037.0,70813.0,16224.0,1
2609099084,Six-Day,5,0,128892.0,119104.0,9788.0,1,81530.0,81784.0,-254.0,0,84909.0,85596.0,-687.0,0
2609099084,Six-Day,5,1,128892.0,119104.0,9788.0,1,81530.0,81784.0,-254.0,0,84909.0,85596.0,-687.0,0
2609099084,Three-Day,6,0,135675.0,120151.0,15524.0,1,125594.0,117205.0,8389.0,1,125594.0,117205.0,8389.0,1
2609099084,Three-Day,6,1,135675.0,120151.0,15524.0,1,125594.0,117205.0,8389.0,1,125594.0,117205.0,8389.0,1
2609099085,G001,0,0,95349.0,91122.0,4227.0,1,105295.0,98555.0,6740.0,1,101640.0,92907.0,8733.0,1
2609099085,G001,0,1,93286.0,88516.0,4770.0,1,105295.0,98555.0,6740.0,1,101640.0,92907.0,8733.0,1
2609099085,G003,1,0,78674.0,65955.0,12719.0,1,69753.0,51047.0,18706.0,1,67855.0,51498.0,16357.0,1
2609099085,G003,1,1,78674.0,65955.0,12719.0,1,69753.0,51047.0,18706.0,1,67855.0,51498.0,16357.0,1
2609099085,Boatlee V29,2,0,79254.0,66858.0,12396.0,1,81607.0,65349.0,16258.0,1,81618.0,65317.0,16301.0,1
2609099085,Boatlee V29,2,1,79254.0,66858.0,12396.0,1,81607.0,65349.0,16258.0,1,81618.0,65317.0,16301.0,1
2609099085,Kaito V58,3,0,91144.0,64760.0,26384.0,1,80398.0,57263.0,23135.0,1,80582.0,57285.0,23297.0,1
2609099085,Kaito V58,3,1,91144.0,64760.0,26384.0,1,80398.0,57263.0,23135.0,1,80582.0,57285.0,23297.0,1
2609099085,Lynn V5,4,0,87162.0,79489.0,7673.0,1,83982.0,77056.0,6926.0,1,84599.0,77990.0,6609.0,1
2609099085,Lynn V5,4,1,87162.0,79489.0,7673.0,1,83982.0,77056.0,6926.0,1,84599.0,77990.0,6609.0,1
2609099085,Six-Day,5,0,88336.0,78144.0,10192.0,1,137512.0,78949.0,58563.0,1,138664.0,86980.0,51684.0,1
2609099085,Six-Day,5,1,88336.0,78144.0,10192.0,1,137512.0,78949.0,58563.0,1,138664.0,86980.0,51684.0,1
2609099085,Three-Day,6,0,97174.0,97124.0,50.0,1,78983.0,73418.0,5565.0,1,79022.0,73487.0,5535.0,1
2609099085,Three-Day,6,1,97174.0,97124.0,50.0,1,78983.0,73418.0,5565.0,1,79022.0,73487.0,5535.0,1
2609099086,G001,0,0,113216.0,99195.0,14021.0,1,90839.0,72378.0,18461.0,1,106050.0,87972.0,18078.0,1
2609099086,G001,0,1,108914.0,93412.0,15502.0,1,82741.0,60447.0,22294.0,1,91082.0,81408.0,9674.0,1
2609099086,G003,1,0,100716.0,101032.0,-316.0,0,100909.0,100106.0,803.0,1,116570.0,113840.0,2730.0,1
2609099086,G003,1,1,100716.0,101032.0,-316.0,0,101501.0,100606.0,895.0,1,101429.0,100613.0,816.0,1
2609099086,Boatlee V29,2,0,85880.0,75261.0,10619.0,1,90517.0,75283.0,15234.0,1,90517.0,75283.0,15234.0,1
2609099086,Boatlee V29,2,1,85880.0,75261.0,10619.0,1,90517.0,75283.0,15234.0,1,90517.0,75283.0,15234.0,1
2609099086,Kaito V58,3,0,103154.0,88950.0,14204.0,1,104938.0,97614.0,7324.0,1,99604.0,92775.0,6829.0,1
2609099086,Kaito V58,3,1,103154.0,88950.0,14204.0,1,104485.0,96024.0,8461.0,1,104555.0,96042.0,8513.0,1
2609099086,Lynn V5,4,0,93441.0,84189.0,9252.0,1,86586.0,71797.0,14789.0,1,86586.0,71797.0,14789.0,1
2609099086,Lynn V5,4,1,93441.0,84189.0,9252.0,1,86586.0,71797.0,14789.0,1,86586.0,71797.0,14789.0,1
2609099086,Six-Day,5,0,133710.0,121430.0,12280.0,1,70040.0,58221.0,11819.0,1,70038.0,58221.0,11817.0,1
2609099086,Six-Day,5,1,133710.0,121430.0,12280.0,1,70040.0,58221.0,11819.0,1,70038.0,58221.0,11817.0,1
2609099086,Three-Day,6,0,88222.0,66779.0,21443.0,1,84231.0,70574.0,13657.0,1,84231.0,70573.0,13658.0,1
2609099086,Three-Day,6,1,88222.0,66779.0,21443.0,1,83630.0,72577.0,11053.0,1,84807.0,76063.0,8744.0,1
2609099087,G001,0,0,89781.0,60682.0,29099.0,1,112188.0,101440.0,10748.0,1,112188.0,101440.0,10748.0,1
2609099087,G001,0,1,98614.0,76804.0,21810.0,1,116096.0,102402.0,13694.0,1,116096.0,102402.0,13694.0,1
2609099087,G003,1,0,97911.0,91164.0,6747.0,1,106544.0,95942.0,10602.0,1,118070.0,98034.0,20036.0,1
2609099087,G003,1,1,97911.0,91164.0,6747.0,1,114677.0,95447.0,19230.0,1,112847.0,95643.0,17204.0,1
2609099087,Boatlee V29,2,0,76936.0,62993.0,13943.0,1,81565.0,73374.0,8191.0,1,81526.0,73392.0,8134.0,1
2609099087,Boatlee V29,2,1,76936.0,62993.0,13943.0,1,81565.0,73374.0,8191.0,1,81526.0,73392.0,8134.0,1
2609099087,Kaito V58,3,0,105765.0,91920.0,13845.0,1,101261.0,81801.0,19460.0,1,101261.0,81801.0,19460.0,1
2609099087,Kaito V58,3,1,106797.0,92411.0,14386.0,1,95239.0,80073.0,15166.0,1,90423.0,82218.0,8205.0,1
2609099087,Lynn V5,4,0,93648.0,89146.0,4502.0,1,99578.0,84951.0,14627.0,1,99565.0,84942.0,14623.0,1
2609099087,Lynn V5,4,1,93648.0,89146.0,4502.0,1,99578.0,84951.0,14627.0,1,99565.0,84942.0,14623.0,1
2609099087,Six-Day,5,0,95424.0,81284.0,14140.0,1,96918.0,90485.0,6433.0,1,109551.0,101067.0,8484.0,1
2609099087,Six-Day,5,1,95424.0,81284.0,14140.0,1,103782.0,94789.0,8993.0,1,90163.0,80252.0,9911.0,1
2609099087,Three-Day,6,0,89964.0,66570.0,23394.0,1,105889.0,94691.0,11198.0,1,105861.0,94687.0,11174.0,1
2609099087,Three-Day,6,1,82546.0,65229.0,17317.0,1,105889.0,94691.0,11198.0,1,105861.0,94687.0,11174.0,1
2609099088,G001,0,0,117036.0,99195.0,17841.0,1,71639.0,55396.0,16243.0,1,71623.0,55375.0,16248.0,1
2609099088,G001,0,1,111474.0,100252.0,11222.0,1,90022.0,68084.0,21938.0,1,94817.0,66643.0,28174.0,1
2609099088,G003,1,0,113606.0,110067.0,3539.0,1,92294.0,81318.0,10976.0,1,116693.0,99446.0,17247.0,1
2609099088,G003,1,1,174791.0,141559.0,33232.0,1,107816.0,110795.0,-2979.0,0,120431.0,109012.0,11419.0,1
2609099088,Boatlee V29,2,0,120587.0,113110.0,7477.0,1,110784.0,110364.0,420.0,1,115961.0,111152.0,4809.0,1
2609099088,Boatlee V29,2,1,104597.0,113084.0,-8487.0,0,112577.0,107207.0,5370.0,1,92979.0,97408.0,-4429.0,0
2609099088,Kaito V58,3,0,107637.0,113274.0,-5637.0,0,91516.0,74669.0,16847.0,1,117889.0,97958.0,19931.0,1
2609099088,Kaito V58,3,1,96876.0,91580.0,5296.0,1,100960.0,93584.0,7376.0,1,97262.0,88441.0,8821.0,1
2609099088,Lynn V5,4,0,117378.0,112680.0,4698.0,1,111450.0,101519.0,9931.0,1,111450.0,101519.0,9931.0,1
2609099088,Lynn V5,4,1,124525.0,110934.0,13591.0,1,132314.0,124171.0,8143.0,1,132308.0,124171.0,8137.0,1
2609099088,Six-Day,5,0,96630.0,102673.0,-6043.0,0,73788.0,71680.0,2108.0,1,74168.0,69523.0,4645.0,1
2609099088,Six-Day,5,1,88766.0,88081.0,685.0,1,130501.0,104621.0,25880.0,1,130504.0,104617.0,25887.0,1
2609099088,Three-Day,6,0,107120.0,106944.0,176.0,1,98376.0,100955.0,-2579.0,0,106288.0,105889.0,399.0,1
2609099088,Three-Day,6,1,157836.0,139057.0,18779.0,1,92323.0,102165.0,-9842.0,0,94216.0,92691.0,1525.0,1
2609099089,G001,0,0,95263.0,82926.0,12337.0,1,97735.0,90229.0,7506.0,1,85908.0,68323.0,17585.0,1
2609099089,G001,0,1,95263.0,82926.0,12337.0,1,97735.0,90229.0,7506.0,1,87037.0,71937.0,15100.0,1
2609099089,G003,1,0,70666.0,58055.0,12611.0,1,92439.0,89017.0,3422.0,1,92456.0,88976.0,3480.0,1
2609099089,G003,1,1,70666.0,58055.0,12611.0,1,92439.0,89017.0,3422.0,1,92456.0,88976.0,3480.0,1
2609099089,Boatlee V29,2,0,72337.0,65941.0,6396.0,1,69929.0,52914.0,17015.0,1,68267.0,47486.0,20781.0,1
2609099089,Boatlee V29,2,1,72337.0,65941.0,6396.0,1,69929.0,52914.0,17015.0,1,68267.0,47486.0,20781.0,1
2609099089,Kaito V58,3,0,90118.0,78109.0,12009.0,1,93379.0,87422.0,5957.0,1,93379.0,87422.0,5957.0,1
2609099089,Kaito V58,3,1,90118.0,78109.0,12009.0,1,93379.0,87422.0,5957.0,1,93379.0,87422.0,5957.0,1
2609099089,Lynn V5,4,0,75240.0,58616.0,16624.0,1,74835.0,73322.0,1513.0,1,74835.0,73322.0,1513.0,1
2609099089,Lynn V5,4,1,75240.0,58616.0,16624.0,1,74835.0,73322.0,1513.0,1,74835.0,73322.0,1513.0,1
2609099089,Six-Day,5,0,92107.0,75310.0,16797.0,1,95466.0,75027.0,20439.0,1,95466.0,75027.0,20439.0,1
2609099089,Six-Day,5,1,92107.0,75310.0,16797.0,1,95466.0,75027.0,20439.0,1,95466.0,75027.0,20439.0,1
2609099089,Three-Day,6,0,94932.0,82296.0,12636.0,1,94560.0,76217.0,18343.0,1,94560.0,76217.0,18343.0,1
2609099089,Three-Day,6,1,94932.0,82296.0,12636.0,1,94560.0,76217.0,18343.0,1,94560.0,76217.0,18343.0,1
2609099090,G001,0,0,87850.0,56682.0,31168.0,1,113129.0,80320.0,32809.0,1,113129.0,80319.0,32810.0,1
2609099090,G001,0,1,87850.0,56682.0,31168.0,1,141573.0,109722.0,31851.0,1,138380.0,113677.0,24703.0,1
2609099090,G003,1,0,96080.0,102806.0,-6726.0,0,79474.0,70343.0,9131.0,1,66520.0,54570.0,11950.0,1
2609099090,G003,1,1,84296.0,88720.0,-4424.0,0,79474.0,70343.0,9131.0,1,80995.0,66598.0,14397.0,1
2609099090,Boatlee V29,2,0,111224.0,94834.0,16390.0,1,104773.0,88464.0,16309.0,1,85541.0,78096.0,7445.0,1
2609099090,Boatlee V29,2,1,111224.0,94834.0,16390.0,1,104773.0,88464.0,16309.0,1,85541.0,78096.0,7445.0,1
2609099090,Kaito V58,3,0,79062.0,81026.0,-1964.0,0,79444.0,55603.0,23841.0,1,60515.0,49876.0,10639.0,1
2609099090,Kaito V58,3,1,79062.0,81026.0,-1964.0,0,79725.0,75847.0,3878.0,1,78162.0,78071.0,91.0,1
2609099090,Lynn V5,4,0,73407.0,65324.0,8083.0,1,105061.0,96251.0,8810.0,1,105063.0,96249.0,8814.0,1
2609099090,Lynn V5,4,1,73407.0,65324.0,8083.0,1,105061.0,96251.0,8810.0,1,105063.0,96249.0,8814.0,1
2609099090,Six-Day,5,0,67433.0,59128.0,8305.0,1,134100.0,119287.0,14813.0,1,134100.0,119287.0,14813.0,1
2609099090,Six-Day,5,1,67433.0,59128.0,8305.0,1,134365.0,119662.0,14703.0,1,134365.0,119662.0,14703.0,1
2609099090,Three-Day,6,0,80815.0,68103.0,12712.0,1,81237.0,57999.0,23238.0,1,81237.0,57999.0,23238.0,1
2609099090,Three-Day,6,1,80815.0,68103.0,12712.0,1,85486.0,74606.0,10880.0,1,85486.0,74606.0,10880.0,1
2609099091,G001,0,0,117848.0,98732.0,19116.0,1,106304.0,69899.0,36405.0,1,106299.0,69898.0,36401.0,1
2609099091,G001,0,1,117848.0,98732.0,19116.0,1,91379.0,74911.0,16468.0,1,91377.0,68818.0,22559.0,1
2609099091,G003,1,0,122512.0,122729.0,-217.0,0,113625.0,111074.0,2551.0,1,99679.0,101553.0,-1874.0,0
2609099091,G003,1,1,122512.0,122729.0,-217.0,0,94027.0,93957.0,70.0,1,105319.0,94228.0,11091.0,1
2609099091,Boatlee V29,2,0,92632.0,100735.0,-8103.0,0,99798.0,93787.0,6011.0,1,99904.0,93662.0,6242.0,1
2609099091,Boatlee V29,2,1,92632.0,100735.0,-8103.0,0,99798.0,93787.0,6011.0,1,99904.0,93662.0,6242.0,1
2609099091,Kaito V58,3,0,132570.0,123654.0,8916.0,1,98302.0,93274.0,5028.0,1,105572.0,92370.0,13202.0,1
2609099091,Kaito V58,3,1,132570.0,123654.0,8916.0,1,121143.0,110790.0,10353.0,1,101861.0,88510.0,13351.0,1
2609099091,Lynn V5,4,0,109964.0,111147.0,-1183.0,0,92160.0,90915.0,1245.0,1,92160.0,90915.0,1245.0,1
2609099091,Lynn V5,4,1,109964.0,111147.0,-1183.0,0,92160.0,90915.0,1245.0,1,92160.0,90915.0,1245.0,1
2609099091,Six-Day,5,0,138213.0,103192.0,35021.0,1,95783.0,76173.0,19610.0,1,95519.0,76097.0,19422.0,1
2609099091,Six-Day,5,1,138213.0,103192.0,35021.0,1,95783.0,76173.0,19610.0,1,95519.0,76097.0,19422.0,1
2609099091,Three-Day,6,0,130130.0,104635.0,25495.0,1,94967.0,85907.0,9060.0,1,110759.0,90778.0,19981.0,1
2609099091,Three-Day,6,1,130130.0,104635.0,25495.0,1,115456.0,93695.0,21761.0,1,81297.0,64274.0,17023.0,1
2609099092,G001,0,0,101689.0,88616.0,13073.0,1,94041.0,84310.0,9731.0,1,98276.0,71239.0,27037.0,1
2609099092,G001,0,1,101689.0,88616.0,13073.0,1,117443.0,101234.0,16209.0,1,117443.0,101234.0,16209.0,1
2609099092,G003,1,0,85583.0,82016.0,3567.0,1,72282.0,62162.0,10120.0,1,72283.0,62161.0,10122.0,1
2609099092,G003,1,1,85583.0,82016.0,3567.0,1,70291.0,59962.0,10329.0,1,71086.0,59576.0,11510.0,1
2609099092,Boatlee V29,2,0,83510.0,73630.0,9880.0,1,93064.0,93190.0,-126.0,0,77649.0,77065.0,584.0,1
2609099092,Boatlee V29,2,1,83510.0,73630.0,9880.0,1,93064.0,93190.0,-126.0,0,77649.0,77065.0,584.0,1
2609099092,Kaito V58,3,0,85500.0,81009.0,4491.0,1,72045.0,59229.0,12816.0,1,72047.0,59227.0,12820.0,1
2609099092,Kaito V58,3,1,91771.0,91763.0,8.0,1,72045.0,59229.0,12816.0,1,72047.0,59227.0,12820.0,1
2609099092,Lynn V5,4,0,75878.0,56275.0,19603.0,1,76710.0,68210.0,8500.0,1,76920.0,68168.0,8752.0,1
2609099092,Lynn V5,4,1,75878.0,56275.0,19603.0,1,67072.0,65354.0,1718.0,1,66799.0,67706.0,-907.0,0
2609099092,Six-Day,5,0,65503.0,51945.0,13558.0,1,89329.0,73619.0,15710.0,1,89329.0,73619.0,15710.0,1
2609099092,Six-Day,5,1,66289.0,51911.0,14378.0,1,89329.0,73619.0,15710.0,1,89329.0,73619.0,15710.0,1
2609099092,Three-Day,6,0,76966.0,73336.0,3630.0,1,66087.0,58702.0,7385.0,1,66092.0,58696.0,7396.0,1
2609099092,Three-Day,6,1,93550.0,100804.0,-7254.0,0,66406.0,57336.0,9070.0,1,65078.0,57468.0,7610.0,1
2609099093,G001,0,0,98118.0,70441.0,27677.0,1,89812.0,51013.0,38799.0,1,92413.0,63527.0,28886.0,1
2609099093,G001,0,1,98175.0,70491.0,27684.0,1,91778.0,53495.0,38283.0,1,92413.0,63527.0,28886.0,1
2609099093,G003,1,0,130465.0,115649.0,14816.0,1,79824.0,89738.0,-9914.0,0,122153.0,124088.0,-1935.0,0
2609099093,G003,1,1,130465.0,115649.0,14816.0,1,92431.0,84164.0,8267.0,1,106885.0,115973.0,-9088.0,0
2609099093,Boatlee V29,2,0,99279.0,75257.0,24022.0,1,123238.0,79637.0,43601.0,1,123238.0,79637.0,43601.0,1
2609099093,Boatlee V29,2,1,99279.0,75257.0,24022.0,1,123238.0,79637.0,43601.0,1,123238.0,79637.0,43601.0,1
2609099093,Kaito V58,3,0,92556.0,88994.0,3562.0,1,82604.0,71895.0,10709.0,1,122659.0,132552.0,-9893.0,0
2609099093,Kaito V58,3,1,87427.0,94920.0,-7493.0,0,82604.0,71895.0,10709.0,1,122659.0,132552.0,-9893.0,0
2609099093,Lynn V5,4,0,136843.0,77568.0,59275.0,1,88389.0,59539.0,28850.0,1,85807.0,62297.0,23510.0,1
2609099093,Lynn V5,4,1,136843.0,77568.0,59275.0,1,88389.0,59539.0,28850.0,1,85807.0,62297.0,23510.0,1
2609099093,Six-Day,5,0,126021.0,99338.0,26683.0,1,89115.0,91106.0,-1991.0,0,87629.0,79639.0,7990.0,1
2609099093,Six-Day,5,1,128948.0,97326.0,31622.0,1,96108.0,83142.0,12966.0,1,92499.0,77123.0,15376.0,1
2609099093,Three-Day,6,0,125087.0,117553.0,7534.0,1,106755.0,92220.0,14535.0,1,125049.0,99112.0,25937.0,1
2609099093,Three-Day,6,1,125087.0,117553.0,7534.0,1,106663.0,98379.0,8284.0,1,124787.0,101784.0,23003.0,1
2609099094,G001,0,0,97564.0,93887.0,3677.0,1,118648.0,103489.0,15159.0,1,115114.0,97066.0,18048.0,1
2609099094,G001,0,1,97564.0,93887.0,3677.0,1,118648.0,103489.0,15159.0,1,115114.0,97066.0,18048.0,1
2609099094,G003,1,0,106696.0,119243.0,-12547.0,0,119173.0,129390.0,-10217.0,0,100782.0,101522.0,-740.0,0
2609099094,G003,1,1,106696.0,119243.0,-12547.0,0,119173.0,129390.0,-10217.0,0,100782.0,101522.0,-740.0,0
2609099094,Boatlee V29,2,0,117523.0,117295.0,228.0,1,130627.0,128122.0,2505.0,1,130627.0,128122.0,2505.0,1
2609099094,Boatlee V29,2,1,117523.0,117295.0,228.0,1,130627.0,128122.0,2505.0,1,130627.0,128122.0,2505.0,1
2609099094,Kaito V58,3,0,136064.0,125670.0,10394.0,1,129195.0,115567.0,13628.0,1,119264.0,111436.0,7828.0,1
2609099094,Kaito V58,3,1,136064.0,125670.0,10394.0,1,129195.0,115567.0,13628.0,1,119264.0,111436.0,7828.0,1
2609099094,Lynn V5,4,0,151434.0,115489.0,35945.0,1,151434.0,115489.0,35945.0,1,151434.0,115489.0,35945.0,1
2609099094,Lynn V5,4,1,151434.0,115489.0,35945.0,1,151434.0,115489.0,35945.0,1,151434.0,115489.0,35945.0,1
2609099094,Six-Day,5,0,115664.0,114225.0,1439.0,1,79003.0,63539.0,15464.0,1,92636.0,52331.0,40305.0,1
2609099094,Six-Day,5,1,115664.0,114225.0,1439.0,1,79003.0,63539.0,15464.0,1,92636.0,52331.0,40305.0,1
2609099094,Three-Day,6,0,91512.0,78780.0,12732.0,1,114229.0,109647.0,4582.0,1,147773.0,124114.0,23659.0,1
2609099094,Three-Day,6,1,91512.0,78780.0,12732.0,1,114229.0,109647.0,4582.0,1,147773.0,124114.0,23659.0,1
2609099095,G001,0,0,135697.0,105025.0,30672.0,1,90692.0,81966.0,8726.0,1,87856.0,77988.0,9868.0,1
2609099095,G001,0,1,118427.0,97357.0,21070.0,1,90692.0,81966.0,8726.0,1,87856.0,77988.0,9868.0,1
2609099095,G003,1,0,100425.0,86974.0,13451.0,1,114149.0,114450.0,-301.0,0,141915.0,106399.0,35516.0,1
2609099095,G003,1,1,100425.0,86974.0,13451.0,1,114149.0,114450.0,-301.0,0,140592.0,105454.0,35138.0,1
2609099095,Boatlee V29,2,0,134211.0,85719.0,48492.0,1,129690.0,87775.0,41915.0,1,129690.0,87775.0,41915.0,1
2609099095,Boatlee V29,2,1,133944.0,82897.0,51047.0,1,129690.0,87775.0,41915.0,1,129690.0,87775.0,41915.0,1
2609099095,Kaito V58,3,0,113884.0,113822.0,62.0,1,93168.0,91044.0,2124.0,1,109108.0,110404.0,-1296.0,0
2609099095,Kaito V58,3,1,113884.0,113822.0,62.0,1,93168.0,91044.0,2124.0,1,109108.0,110404.0,-1296.0,0
2609099095,Lynn V5,4,0,123853.0,76051.0,47802.0,1,88518.0,78155.0,10363.0,1,88518.0,78155.0,10363.0,1
2609099095,Lynn V5,4,1,125340.0,81672.0,43668.0,1,84617.0,74240.0,10377.0,1,84621.0,74332.0,10289.0,1
2609099095,Six-Day,5,0,89754.0,91844.0,-2090.0,0,79614.0,65087.0,14527.0,1,79634.0,61550.0,18084.0,1
2609099095,Six-Day,5,1,90719.0,94531.0,-3812.0,0,79614.0,65087.0,14527.0,1,79634.0,61550.0,18084.0,1
2609099095,Three-Day,6,0,90983.0,88450.0,2533.0,1,137532.0,80753.0,56779.0,1,144187.0,97981.0,46206.0,1
2609099095,Three-Day,6,1,90983.0,88450.0,2533.0,1,137427.0,80580.0,56847.0,1,143721.0,96295.0,47426.0,1
2609099096,G001,0,0,92650.0,79395.0,13255.0,1,97213.0,95271.0,1942.0,1,117592.0,104431.0,13161.0,1
2609099096,G001,0,1,92650.0,79395.0,13255.0,1,114050.0,94299.0,19751.0,1,117592.0,104431.0,13161.0,1
2609099096,G003,1,0,132049.0,122806.0,9243.0,1,103863.0,84958.0,18905.0,1,103863.0,84958.0,18905.0,1
2609099096,G003,1,1,132049.0,122806.0,9243.0,1,103863.0,84958.0,18905.0,1,103863.0,84958.0,18905.0,1
2609099096,Boatlee V29,2,0,143132.0,98088.0,45044.0,1,144103.0,97216.0,46887.0,1,144103.0,97215.0,46888.0,1
2609099096,Boatlee V29,2,1,143132.0,98088.0,45044.0,1,144103.0,97216.0,46887.0,1,144103.0,97215.0,46888.0,1
2609099096,Kaito V58,3,0,126740.0,92156.0,34584.0,1,106273.0,76743.0,29530.0,1,106276.0,76740.0,29536.0,1
2609099096,Kaito V58,3,1,126740.0,92156.0,34584.0,1,106273.0,76743.0,29530.0,1,106276.0,76740.0,29536.0,1
2609099096,Lynn V5,4,0,138828.0,99299.0,39529.0,1,138839.0,97214.0,41625.0,1,136992.0,97511.0,39481.0,1
2609099096,Lynn V5,4,1,138828.0,99299.0,39529.0,1,138839.0,97214.0,41625.0,1,136992.0,97511.0,39481.0,1
2609099096,Six-Day,5,0,149847.0,86906.0,62941.0,1,113546.0,86676.0,26870.0,1,114373.0,87221.0,27152.0,1
2609099096,Six-Day,5,1,149847.0,86906.0,62941.0,1,113546.0,86676.0,26870.0,1,114373.0,87221.0,27152.0,1
2609099096,Three-Day,6,0,124979.0,90700.0,34279.0,1,152498.0,88837.0,63661.0,1,152972.0,88810.0,64162.0,1
2609099096,Three-Day,6,1,124979.0,90700.0,34279.0,1,152498.0,88837.0,63661.0,1,152972.0,88810.0,64162.0,1
2609099097,G001,0,0,129600.0,95771.0,33829.0,1,100853.0,72607.0,28246.0,1,93029.0,80290.0,12739.0,1
2609099097,G001,0,1,153883.0,124680.0,29203.0,1,96427.0,84136.0,12291.0,1,93029.0,80290.0,12739.0,1
2609099097,G003,1,0,71523.0,63372.0,8151.0,1,103276.0,96733.0,6543.0,1,103147.0,94240.0,8907.0,1
2609099097,G003,1,1,72866.0,63173.0,9693.0,1,103276.0,96733.0,6543.0,1,103147.0,94240.0,8907.0,1
2609099097,Boatlee V29,2,0,78011.0,73513.0,4498.0,1,84145.0,73565.0,10580.0,1,85733.0,77908.0,7825.0,1
2609099097,Boatlee V29,2,1,78011.0,73513.0,4498.0,1,84145.0,73565.0,10580.0,1,85733.0,77908.0,7825.0,1
2609099097,Kaito V58,3,0,89969.0,90235.0,-266.0,0,101269.0,86987.0,14282.0,1,104898.0,91581.0,13317.0,1
2609099097,Kaito V58,3,1,89969.0,90235.0,-266.0,0,101269.0,86987.0,14282.0,1,104898.0,91581.0,13317.0,1
2609099097,Lynn V5,4,0,80347.0,68839.0,11508.0,1,68920.0,58556.0,10364.0,1,68915.0,58549.0,10366.0,1
2609099097,Lynn V5,4,1,80347.0,68839.0,11508.0,1,68920.0,58556.0,10364.0,1,68915.0,58549.0,10366.0,1
2609099097,Six-Day,5,0,91487.0,80204.0,11283.0,1,95032.0,90446.0,4586.0,1,95032.0,90446.0,4586.0,1
2609099097,Six-Day,5,1,91487.0,80204.0,11283.0,1,95032.0,90446.0,4586.0,1,95032.0,90446.0,4586.0,1
2609099097,Three-Day,6,0,88793.0,70716.0,18077.0,1,91044.0,76673.0,14371.0,1,91046.0,76672.0,14374.0,1
2609099097,Three-Day,6,1,88793.0,70716.0,18077.0,1,91044.0,76673.0,14371.0,1,91046.0,76672.0,14374.0,1
2609099098,G001,0,0,98042.0,96069.0,1973.0,1,88664.0,63670.0,24994.0,1,88663.0,63666.0,24997.0,1
2609099098,G001,0,1,98042.0,96069.0,1973.0,1,88664.0,63670.0,24994.0,1,88663.0,63666.0,24997.0,1
2609099098,G003,1,0,114627.0,113664.0,963.0,1,85053.0,82323.0,2730.0,1,77128.0,74868.0,2260.0,1
2609099098,G003,1,1,114627.0,113664.0,963.0,1,85053.0,82323.0,2730.0,1,77128.0,74868.0,2260.0,1
2609099098,Boatlee V29,2,0,106322.0,84173.0,22149.0,1,106163.0,83748.0,22415.0,1,106391.0,83588.0,22803.0,1
2609099098,Boatlee V29,2,1,106322.0,84173.0,22149.0,1,106163.0,83748.0,22415.0,1,106391.0,83588.0,22803.0,1
2609099098,Kaito V58,3,0,119544.0,75220.0,44324.0,1,85319.0,72413.0,12906.0,1,89623.0,67854.0,21769.0,1
2609099098,Kaito V58,3,1,119544.0,75220.0,44324.0,1,85319.0,72413.0,12906.0,1,89623.0,67854.0,21769.0,1
2609099098,Lynn V5,4,0,106087.0,85768.0,20319.0,1,106798.0,83077.0,23721.0,1,106839.0,83093.0,23746.0,1
2609099098,Lynn V5,4,1,106087.0,85768.0,20319.0,1,106798.0,83077.0,23721.0,1,106839.0,83093.0,23746.0,1
2609099098,Six-Day,5,0,97350.0,70369.0,26981.0,1,113121.0,96830.0,16291.0,1,101683.0,89443.0,12240.0,1
2609099098,Six-Day,5,1,97350.0,70369.0,26981.0,1,113121.0,96830.0,16291.0,1,101683.0,89443.0,12240.0,1
2609099098,Three-Day,6,0,77920.0,60673.0,17247.0,1,89220.0,86809.0,2411.0,1,96219.0,79355.0,16864.0,1
2609099098,Three-Day,6,1,77920.0,60673.0,17247.0,1,89220.0,86809.0,2411.0,1,96219.0,79355.0,16864.0,1
2609099099,G001,0,0,104841.0,80671.0,24170.0,1,97870.0,65862.0,32008.0,1,86430.0,61366.0,25064.0,1
2609099099,G001,0,1,104841.0,80671.0,24170.0,1,97870.0,65862.0,32008.0,1,86430.0,61366.0,25064.0,1
2609099099,G003,1,0,83261.0,73310.0,9951.0,1,140701.0,119176.0,21525.0,1,98573.0,88331.0,10242.0,1
2609099099,G003,1,1,83261.0,73310.0,9951.0,1,140701.0,119176.0,21525.0,1,98573.0,88331.0,10242.0,1
2609099099,Boatlee V29,2,0,83673.0,86825.0,-3152.0,0,81386.0,69729.0,11657.0,1,81385.0,69729.0,11656.0,1
2609099099,Boatlee V29,2,1,83673.0,86825.0,-3152.0,0,81386.0,69729.0,11657.0,1,81385.0,69729.0,11656.0,1
2609099099,Kaito V58,3,0,79425.0,78267.0,1158.0,1,149631.0,114784.0,34847.0,1,89895.0,76354.0,13541.0,1
2609099099,Kaito V58,3,1,79425.0,78267.0,1158.0,1,149631.0,114784.0,34847.0,1,89895.0,76354.0,13541.0,1
2609099099,Lynn V5,4,0,91238.0,78545.0,12693.0,1,83030.0,78650.0,4380.0,1,83030.0,78650.0,4380.0,1
2609099099,Lynn V5,4,1,91238.0,78545.0,12693.0,1,83030.0,78650.0,4380.0,1,83030.0,78650.0,4380.0,1
2609099099,Six-Day,5,0,79540.0,59391.0,20149.0,1,67665.0,46820.0,20845.0,1,67665.0,46820.0,20845.0,1
2609099099,Six-Day,5,1,79540.0,59391.0,20149.0,1,67665.0,46820.0,20845.0,1,67665.0,46820.0,20845.0,1
2609099099,Three-Day,6,0,92099.0,65947.0,26152.0,1,104040.0,81479.0,22561.0,1,82713.0,64099.0,18614.0,1
2609099099,Three-Day,6,1,92099.0,65947.0,26152.0,1,104040.0,81479.0,22561.0,1,82713.0,64099.0,18614.0,1
