QUEUE: waiting for E1 (e1_train.py) to finish...
QUEUE: E1 finished at Mon Sep  7 04:00:25 JST 2026
QUEUE: E1 summary present
QUEUE: starting E2 held-out=three_day at Mon Sep  7 04:00:25 JST 2026
KEEP held-out baselines: {
  "three_day": {
    "games": 200,
    "wins": 86,
    "win_rate": 0.43,
    "mean_margin": 2166.89,
    "opponents": [
      "yhay81_three_day"
    ]
  },
  "g003": {
    "games": 200,
    "wins": 91,
    "win_rate": 0.455,
    "mean_margin": 188.61,
    "opponents": [
      "g003"
    ]
  },
  "kaito": {
    "games": 200,
    "wins": 139,
    "win_rate": 0.695,
    "mean_margin": 7549.79,
    "opponents": [
      "kaito_v58"
    ]
  }
}
E2 e2_three_day_r0 step=1/300 win=0.4792 kl=0.00023 rollout_s=4.16 update_s=2.43
E2 e2_three_day_r0 step=2/300 win=0.5000 kl=0.00097 rollout_s=4.40 update_s=0.78
E2 e2_three_day_r0 step=3/300 win=0.5521 kl=0.00005 rollout_s=4.28 update_s=0.86
E2 e2_three_day_r0 step=4/300 win=0.5312 kl=0.00147 rollout_s=4.29 update_s=0.75
E2 e2_three_day_r0 step=5/300 win=0.5260 kl=0.00078 rollout_s=4.16 update_s=0.79
E2 e2_three_day_r0 step=6/300 win=0.5052 kl=0.00013 rollout_s=4.19 update_s=0.76
E2 e2_three_day_r0 step=7/300 win=0.4740 kl=0.00152 rollout_s=4.17 update_s=0.80
E2 e2_three_day_r0 step=8/300 win=0.4896 kl=0.00098 rollout_s=4.40 update_s=0.76
E2 e2_three_day_r0 step=9/300 win=0.5104 kl=0.00095 rollout_s=4.24 update_s=0.82
E2 e2_three_day_r0 step=10/300 win=0.5781 kl=0.00077 rollout_s=4.19 update_s=0.79
E2 e2_three_day_r0 step=11/300 win=0.5469 kl=0.00159 rollout_s=4.16 update_s=0.82
E2 e2_three_day_r0 step=12/300 win=0.5000 kl=0.00103 rollout_s=4.17 update_s=0.83
E2 e2_three_day_r0 step=13/300 win=0.5573 kl=0.00061 rollout_s=4.20 update_s=0.88
E2 e2_three_day_r0 step=14/300 win=0.5625 kl=0.00080 rollout_s=4.18 update_s=0.69
E2 e2_three_day_r0 step=15/300 win=0.6042 kl=0.00062 rollout_s=4.41 update_s=0.82
E2 e2_three_day_r0 step=16/300 win=0.5938 kl=0.00086 rollout_s=4.19 update_s=0.76
E2 e2_three_day_r0 step=17/300 win=0.5781 kl=0.00122 rollout_s=4.20 update_s=0.89
E2 e2_three_day_r0 step=18/300 win=0.5990 kl=0.00059 rollout_s=4.29 update_s=0.71
E2 e2_three_day_r0 step=19/300 win=0.5677 kl=0.00137 rollout_s=4.16 update_s=0.76
E2 e2_three_day_r0 step=20/300 win=0.6198 kl=0.00186 rollout_s=4.23 update_s=0.72
E2 e2_three_day_r0 step=21/300 win=0.5208 kl=0.00119 rollout_s=4.37 update_s=0.79
E2 e2_three_day_r0 step=22/300 win=0.5990 kl=0.00063 rollout_s=4.50 update_s=0.73
E2 e2_three_day_r0 step=23/300 win=0.5990 kl=0.00145 rollout_s=4.52 update_s=0.77
E2 e2_three_day_r0 step=24/300 win=0.5417 kl=0.00118 rollout_s=4.47 update_s=0.72
E2 e2_three_day_r0 step=25/300 win=0.5573 kl=0.00110 rollout_s=4.46 update_s=0.78
E2 e2_three_day_r0 step=26/300 win=0.5781 kl=0.00208 rollout_s=4.49 update_s=0.75
E2 e2_three_day_r0 step=27/300 win=0.5781 kl=0.00195 rollout_s=4.60 update_s=0.74
E2 e2_three_day_r0 step=28/300 win=0.5833 kl=0.00166 rollout_s=4.72 update_s=0.78
E2 e2_three_day_r0 step=29/300 win=0.6354 kl=0.00235 rollout_s=4.71 update_s=0.77
E2 e2_three_day_r0 step=30/300 win=0.5156 kl=0.00151 rollout_s=4.55 update_s=0.76
E2 e2_three_day_r0 step=31/300 win=0.5677 kl=0.00024 rollout_s=4.47 update_s=0.77
E2 e2_three_day_r0 step=32/300 win=0.6198 kl=0.00146 rollout_s=4.58 update_s=0.77
E2 e2_three_day_r0 step=33/300 win=0.5729 kl=0.00254 rollout_s=4.54 update_s=0.70
E2 e2_three_day_r0 step=34/300 win=0.6615 kl=0.00088 rollout_s=4.62 update_s=0.78
E2 e2_three_day_r0 step=35/300 win=0.6094 kl=0.00180 rollout_s=4.61 update_s=0.73
E2 e2_three_day_r0 step=36/300 win=0.5365 kl=0.00094 rollout_s=4.49 update_s=0.74
E2 e2_three_day_r0 step=37/300 win=0.5625 kl=0.00100 rollout_s=4.51 update_s=0.69
E2 e2_three_day_r0 step=38/300 win=0.6250 kl=0.00151 rollout_s=4.47 update_s=0.73
E2 e2_three_day_r0 step=39/300 win=0.5938 kl=0.00157 rollout_s=4.48 update_s=0.75
E2 e2_three_day_r0 step=40/300 win=0.6198 kl=0.00281 rollout_s=4.75 update_s=0.77
E2 e2_three_day_r0 step=41/300 win=0.5938 kl=0.00105 rollout_s=4.42 update_s=0.72
E2 e2_three_day_r0 step=42/300 win=0.6354 kl=0.00140 rollout_s=4.52 update_s=0.73
E2 e2_three_day_r0 step=43/300 win=0.5990 kl=0.00175 rollout_s=4.49 update_s=0.69
E2 e2_three_day_r0 step=44/300 win=0.5990 kl=0.00225 rollout_s=4.50 update_s=0.75
E2 e2_three_day_r0 step=45/300 win=0.6042 kl=0.00309 rollout_s=4.54 update_s=0.71
E2 e2_three_day_r0 step=46/300 win=0.5521 kl=0.00086 rollout_s=4.72 update_s=0.82
E2 e2_three_day_r0 step=47/300 win=0.5938 kl=0.00383 rollout_s=4.16 update_s=0.76
E2 e2_three_day_r0 step=48/300 win=0.5990 kl=0.00276 rollout_s=4.14 update_s=0.78
E2 e2_three_day_r0 step=49/300 win=0.5573 kl=0.00172 rollout_s=4.21 update_s=0.85
E2 e2_three_day_r0 step=50/300 win=0.5677 kl=0.00161 rollout_s=4.15 update_s=0.80
E2 e2_three_day_r0 step=51/300 win=0.6302 kl=0.00477 rollout_s=4.25 update_s=0.73
E2 e2_three_day_r0 step=52/300 win=0.6146 kl=0.00237 rollout_s=4.47 update_s=0.70
E2 e2_three_day_r0 step=53/300 win=0.5781 kl=0.00162 rollout_s=4.70 update_s=0.73
E2 e2_three_day_r0 step=54/300 win=0.6042 kl=0.00221 rollout_s=4.54 update_s=0.72
E2 e2_three_day_r0 step=55/300 win=0.5729 kl=0.00261 rollout_s=4.51 update_s=0.75
E2 e2_three_day_r0 step=56/300 win=0.5625 kl=0.00409 rollout_s=4.54 update_s=0.70
E2 e2_three_day_r0 step=57/300 win=0.5677 kl=0.00263 rollout_s=4.46 update_s=0.70
E2 e2_three_day_r0 step=58/300 win=0.6354 kl=0.00250 rollout_s=4.61 update_s=0.73
E2 e2_three_day_r0 step=59/300 win=0.5156 kl=0.00286 rollout_s=4.72 update_s=0.72
E2 e2_three_day_r0 step=60/300 win=0.5573 kl=0.00333 rollout_s=4.44 update_s=0.73
E2 e2_three_day_r0 step=61/300 win=0.6250 kl=0.00272 rollout_s=4.54 update_s=0.73
E2 e2_three_day_r0 step=62/300 win=0.6094 kl=0.00354 rollout_s=4.56 update_s=0.68
E2 e2_three_day_r0 step=63/300 win=0.6146 kl=0.00285 rollout_s=4.63 update_s=0.76
E2 e2_three_day_r0 step=64/300 win=0.5625 kl=0.00387 rollout_s=4.19 update_s=0.78
E2 e2_three_day_r0 step=65/300 win=0.5781 kl=0.00316 rollout_s=4.37 update_s=0.71
E2 e2_three_day_r0 step=66/300 win=0.5417 kl=0.00332 rollout_s=4.19 update_s=0.75
E2 e2_three_day_r0 step=67/300 win=0.5833 kl=0.00218 rollout_s=4.15 update_s=0.82
E2 e2_three_day_r0 step=68/300 win=0.6875 kl=0.00342 rollout_s=4.18 update_s=0.72
E2 e2_three_day_r0 step=69/300 win=0.5312 kl=0.00334 rollout_s=4.17 update_s=0.70
E2 e2_three_day_r0 step=70/300 win=0.5469 kl=0.00225 rollout_s=4.24 update_s=0.88
E2 e2_three_day_r0 step=71/300 win=0.6667 kl=0.00179 rollout_s=4.18 update_s=0.70
E2 e2_three_day_r0 step=72/300 win=0.6406 kl=0.00290 rollout_s=4.48 update_s=0.81
E2 e2_three_day_r0 step=73/300 win=0.5729 kl=0.00219 rollout_s=4.23 update_s=0.75
E2 e2_three_day_r0 step=74/300 win=0.5833 kl=0.00367 rollout_s=4.20 update_s=0.83
E2 e2_three_day_r0 step=75/300 win=0.5573 kl=0.00218 rollout_s=4.20 update_s=0.76
E2 e2_three_day_r0 step=76/300 win=0.6146 kl=0.00145 rollout_s=4.21 update_s=0.72
E2 e2_three_day_r0 step=77/300 win=0.5885 kl=0.00155 rollout_s=4.22 update_s=0.87
E2 e2_three_day_r0 step=78/300 win=0.5990 kl=0.00280 rollout_s=4.58 update_s=0.74
E2 e2_three_day_r0 step=79/300 win=0.5417 kl=0.00293 rollout_s=4.35 update_s=0.75
E2 e2_three_day_r0 step=80/300 win=0.5469 kl=0.00209 rollout_s=4.19 update_s=0.73
E2 e2_three_day_r0 step=81/300 win=0.5365 kl=0.00194 rollout_s=4.21 update_s=0.82
E2 e2_three_day_r0 step=82/300 win=0.5990 kl=0.00238 rollout_s=4.25 update_s=0.75
E2 e2_three_day_r0 step=83/300 win=0.5781 kl=0.00227 rollout_s=4.17 update_s=0.76
E2 e2_three_day_r0 step=84/300 win=0.5990 kl=0.00329 rollout_s=4.23 update_s=0.82
E2 e2_three_day_r0 step=85/300 win=0.5677 kl=0.00208 rollout_s=4.46 update_s=0.70
E2 e2_three_day_r0 step=86/300 win=0.6094 kl=0.00142 rollout_s=4.27 update_s=0.82
E2 e2_three_day_r0 step=87/300 win=0.6667 kl=0.00358 rollout_s=4.58 update_s=0.75
E2 e2_three_day_r0 step=88/300 win=0.6667 kl=0.00308 rollout_s=4.22 update_s=0.86
E2 e2_three_day_r0 step=89/300 win=0.6354 kl=0.00301 rollout_s=4.34 update_s=0.75
E2 e2_three_day_r0 step=90/300 win=0.6146 kl=0.00316 rollout_s=4.22 update_s=0.83
E2 e2_three_day_r0 step=91/300 win=0.5990 kl=0.00241 rollout_s=4.30 update_s=0.67
E2 e2_three_day_r0 step=92/300 win=0.6510 kl=0.00206 rollout_s=4.25 update_s=0.83
E2 e2_three_day_r0 step=93/300 win=0.6510 kl=0.00172 rollout_s=4.21 update_s=0.81
E2 e2_three_day_r0 step=94/300 win=0.5938 kl=0.00264 rollout_s=4.21 update_s=0.73
E2 e2_three_day_r0 step=95/300 win=0.6562 kl=0.00299 rollout_s=4.21 update_s=0.76
E2 e2_three_day_r0 step=96/300 win=0.6250 kl=0.00242 rollout_s=4.18 update_s=0.80
E2 e2_three_day_r0 step=97/300 win=0.6823 kl=0.00353 rollout_s=4.22 update_s=0.85
E2 e2_three_day_r0 step=98/300 win=0.6354 kl=0.00267 rollout_s=4.44 update_s=0.79
E2 e2_three_day_r0 step=99/300 win=0.5885 kl=0.00202 rollout_s=4.30 update_s=0.86
E2 e2_three_day_r0 step=100/300 win=0.6042 kl=0.00232 rollout_s=4.30 update_s=0.75
E2 e2_three_day_r0 step=101/300 win=0.6198 kl=0.00171 rollout_s=4.20 update_s=0.78
E2 e2_three_day_r0 step=102/300 win=0.6302 kl=0.00157 rollout_s=4.22 update_s=0.84
E2 e2_three_day_r0 step=103/300 win=0.6927 kl=0.00145 rollout_s=4.13 update_s=0.86
E2 e2_three_day_r0 step=104/300 win=0.5833 kl=0.00145 rollout_s=4.25 update_s=0.69
E2 e2_three_day_r0 step=105/300 win=0.6198 kl=0.00256 rollout_s=4.32 update_s=0.80
E2 e2_three_day_r0 step=106/300 win=0.6198 kl=0.00190 rollout_s=4.21 update_s=0.78
E2 e2_three_day_r0 step=107/300 win=0.6042 kl=0.00248 rollout_s=4.20 update_s=0.78
E2 e2_three_day_r0 step=108/300 win=0.6354 kl=0.00140 rollout_s=4.21 update_s=0.75
E2 e2_three_day_r0 step=109/300 win=0.6198 kl=0.00296 rollout_s=4.21 update_s=0.84
E2 e2_three_day_r0 step=110/300 win=0.5781 kl=0.00147 rollout_s=4.21 update_s=0.79
E2 e2_three_day_r0 step=111/300 win=0.6198 kl=0.00201 rollout_s=4.42 update_s=0.76
E2 e2_three_day_r0 step=112/300 win=0.5990 kl=0.00292 rollout_s=4.13 update_s=0.82
E2 e2_three_day_r0 step=113/300 win=0.6094 kl=0.00263 rollout_s=4.15 update_s=0.83
E2 e2_three_day_r0 step=114/300 win=0.6458 kl=0.00279 rollout_s=4.18 update_s=0.79
E2 e2_three_day_r0 step=115/300 win=0.6146 kl=0.00207 rollout_s=4.20 update_s=0.81
E2 e2_three_day_r0 step=116/300 win=0.6302 kl=0.00176 rollout_s=4.13 update_s=0.76
E2 e2_three_day_r0 step=117/300 win=0.5625 kl=0.00299 rollout_s=4.18 update_s=0.78
E2 e2_three_day_r0 step=118/300 win=0.5781 kl=0.00191 rollout_s=4.43 update_s=0.72
E2 e2_three_day_r0 step=119/300 win=0.6927 kl=0.00297 rollout_s=4.13 update_s=0.80
E2 e2_three_day_r0 step=120/300 win=0.6198 kl=0.00222 rollout_s=4.20 update_s=0.79
E2 e2_three_day_r0 step=121/300 win=0.5885 kl=0.00250 rollout_s=4.22 update_s=0.75
E2 e2_three_day_r0 step=122/300 win=0.6510 kl=0.00321 rollout_s=4.18 update_s=0.73
E2 e2_three_day_r0 step=123/300 win=0.6146 kl=0.00312 rollout_s=4.23 update_s=0.71
E2 e2_three_day_r0 step=124/300 win=0.5365 kl=0.00187 rollout_s=4.36 update_s=0.68
E2 e2_three_day_r0 step=125/300 win=0.6042 kl=0.00271 rollout_s=4.21 update_s=0.75
E2 e2_three_day_r0 step=126/300 win=0.5677 kl=0.00221 rollout_s=4.22 update_s=0.75
E2 e2_three_day_r0 step=127/300 win=0.6458 kl=0.00253 rollout_s=4.19 update_s=0.76
E2 e2_three_day_r0 step=128/300 win=0.5677 kl=0.00172 rollout_s=4.25 update_s=0.84
E2 e2_three_day_r0 step=129/300 win=0.5885 kl=0.00237 rollout_s=4.22 update_s=0.92
E2 e2_three_day_r0 step=130/300 win=0.5625 kl=0.00157 rollout_s=4.17 update_s=0.79
E2 e2_three_day_r0 step=131/300 win=0.6094 kl=0.00237 rollout_s=4.41 update_s=0.80
E2 e2_three_day_r0 step=132/300 win=0.6354 kl=0.00267 rollout_s=4.34 update_s=0.75
E2 e2_three_day_r0 step=133/300 win=0.6250 kl=0.00276 rollout_s=4.22 update_s=0.85
E2 e2_three_day_r0 step=134/300 win=0.5990 kl=0.00236 rollout_s=4.23 update_s=0.80
E2 e2_three_day_r0 step=135/300 win=0.5573 kl=0.00149 rollout_s=4.30 update_s=0.73
E2 e2_three_day_r0 step=136/300 win=0.5833 kl=0.00189 rollout_s=4.19 update_s=0.83
E2 e2_three_day_r0 step=137/300 win=0.5677 kl=0.00179 rollout_s=4.32 update_s=0.70
E2 e2_three_day_r0 step=138/300 win=0.5990 kl=0.00246 rollout_s=4.20 update_s=0.84
E2 e2_three_day_r0 step=139/300 win=0.6146 kl=0.00122 rollout_s=4.22 update_s=0.74
E2 e2_three_day_r0 step=140/300 win=0.5990 kl=0.00183 rollout_s=4.20 update_s=0.91
E2 e2_three_day_r0 step=141/300 win=0.6719 kl=0.00244 rollout_s=4.16 update_s=0.74
E2 e2_three_day_r0 step=142/300 win=0.6042 kl=0.00197 rollout_s=4.21 update_s=0.89
E2 e2_three_day_r0 step=143/300 win=0.6875 kl=0.00154 rollout_s=4.20 update_s=0.83
E2 e2_three_day_r0 step=144/300 win=0.5885 kl=0.00105 rollout_s=4.40 update_s=0.82
E2 e2_three_day_r0 step=145/300 win=0.5990 kl=0.00190 rollout_s=4.27 update_s=0.82
E2 e2_three_day_r0 step=146/300 win=0.5885 kl=0.00134 rollout_s=4.22 update_s=0.76
E2 e2_three_day_r0 step=147/300 win=0.6042 kl=0.00235 rollout_s=4.19 update_s=0.76
E2 e2_three_day_r0 step=148/300 win=0.6042 kl=0.00230 rollout_s=4.17 update_s=0.78
E2 e2_three_day_r0 step=149/300 win=0.6927 kl=0.00159 rollout_s=4.17 update_s=0.78
E2 e2_three_day_r0 step=150/300 win=0.6510 kl=0.00217 rollout_s=4.27 update_s=0.68
E2 e2_three_day_r0 step=151/300 win=0.5625 kl=0.00146 rollout_s=4.32 update_s=0.75
E2 e2_three_day_r0 step=152/300 win=0.6250 kl=0.00132 rollout_s=4.21 update_s=0.78
E2 e2_three_day_r0 step=153/300 win=0.5833 kl=0.00236 rollout_s=4.27 update_s=0.83
E2 e2_three_day_r0 step=154/300 win=0.6354 kl=0.00174 rollout_s=4.23 update_s=0.77
E2 e2_three_day_r0 step=155/300 win=0.5260 kl=0.00265 rollout_s=4.18 update_s=0.80
E2 e2_three_day_r0 step=156/300 win=0.6250 kl=0.00130 rollout_s=4.14 update_s=0.79
E2 e2_three_day_r0 step=157/300 win=0.5885 kl=0.00273 rollout_s=4.41 update_s=0.80
E2 e2_three_day_r0 step=158/300 win=0.6198 kl=0.00149 rollout_s=4.19 update_s=0.83
E2 e2_three_day_r0 step=159/300 win=0.6250 kl=0.00172 rollout_s=4.18 update_s=0.72
E2 e2_three_day_r0 step=160/300 win=0.6354 kl=0.00123 rollout_s=4.19 update_s=0.86
E2 e2_three_day_r0 step=161/300 win=0.5885 kl=0.00211 rollout_s=4.20 update_s=0.75
E2 e2_three_day_r0 step=162/300 win=0.5885 kl=0.00176 rollout_s=4.21 update_s=0.80
E2 e2_three_day_r0 step=163/300 win=0.6146 kl=0.00219 rollout_s=4.26 update_s=0.69
E2 e2_three_day_r0 step=164/300 win=0.5885 kl=0.00175 rollout_s=4.33 update_s=0.88
E2 e2_three_day_r0 step=165/300 win=0.5417 kl=0.00184 rollout_s=4.28 update_s=0.80
E2 e2_three_day_r0 step=166/300 win=0.5833 kl=0.00233 rollout_s=4.21 update_s=0.83
E2 e2_three_day_r0 step=167/300 win=0.6042 kl=0.00211 rollout_s=4.20 update_s=0.79
E2 e2_three_day_r0 step=168/300 win=0.6198 kl=0.00180 rollout_s=4.23 update_s=0.79
E2 e2_three_day_r0 step=169/300 win=0.5938 kl=0.00162 rollout_s=4.19 update_s=0.74
E2 e2_three_day_r0 step=170/300 win=0.6250 kl=0.00143 rollout_s=4.39 update_s=0.77
E2 e2_three_day_r0 step=171/300 win=0.5781 kl=0.00222 rollout_s=4.20 update_s=0.73
E2 e2_three_day_r0 step=172/300 win=0.5833 kl=0.00157 rollout_s=4.23 update_s=0.79
E2 e2_three_day_r0 step=173/300 win=0.5573 kl=0.00242 rollout_s=4.21 update_s=0.76
E2 e2_three_day_r0 step=174/300 win=0.6354 kl=0.00298 rollout_s=4.16 update_s=0.84
E2 e2_three_day_r0 step=175/300 win=0.6667 kl=0.00173 rollout_s=4.19 update_s=0.74
E2 e2_three_day_r0 step=176/300 win=0.6250 kl=0.00206 rollout_s=4.18 update_s=0.81
E2 e2_three_day_r0 step=177/300 win=0.6406 kl=0.00151 rollout_s=4.41 update_s=0.75
E2 e2_three_day_r0 step=178/300 win=0.6250 kl=0.00342 rollout_s=4.16 update_s=0.77
E2 e2_three_day_r0 step=179/300 win=0.5990 kl=0.00162 rollout_s=4.18 update_s=0.70
E2 e2_three_day_r0 step=180/300 win=0.5885 kl=0.00245 rollout_s=4.22 update_s=0.81
E2 e2_three_day_r0 step=181/300 win=0.6146 kl=0.00336 rollout_s=4.15 update_s=0.72
E2 e2_three_day_r0 step=182/300 win=0.5208 kl=0.00176 rollout_s=4.17 update_s=0.84
E2 e2_three_day_r0 step=183/300 win=0.5990 kl=0.00261 rollout_s=4.32 update_s=0.72
E2 e2_three_day_r0 step=184/300 win=0.6094 kl=0.00164 rollout_s=4.24 update_s=0.80
E2 e2_three_day_r0 step=185/300 win=0.5938 kl=0.00221 rollout_s=4.18 update_s=0.77
E2 e2_three_day_r0 step=186/300 win=0.5781 kl=0.00198 rollout_s=4.22 update_s=0.83
E2 e2_three_day_r0 step=187/300 win=0.6250 kl=0.00294 rollout_s=4.19 update_s=0.73
E2 e2_three_day_r0 step=188/300 win=0.6094 kl=0.00250 rollout_s=4.39 update_s=0.83
E2 e2_three_day_r0 step=189/300 win=0.5938 kl=0.00146 rollout_s=4.18 update_s=0.84
E2 e2_three_day_r0 step=190/300 win=0.6458 kl=0.00297 rollout_s=4.47 update_s=0.84
E2 e2_three_day_r0 step=191/300 win=0.5938 kl=0.00311 rollout_s=4.17 update_s=0.79
E2 e2_three_day_r0 step=192/300 win=0.5938 kl=0.00324 rollout_s=4.26 update_s=0.76
E2 e2_three_day_r0 step=193/300 win=0.5677 kl=0.00239 rollout_s=4.18 update_s=0.86
E2 e2_three_day_r0 step=194/300 win=0.5365 kl=0.00311 rollout_s=4.20 update_s=0.81
E2 e2_three_day_r0 step=195/300 win=0.6042 kl=0.00198 rollout_s=4.21 update_s=0.69
E2 e2_three_day_r0 step=196/300 win=0.6302 kl=0.00164 rollout_s=4.31 update_s=0.70
E2 e2_three_day_r0 step=197/300 win=0.5417 kl=0.00220 rollout_s=4.30 update_s=0.74
E2 e2_three_day_r0 step=198/300 win=0.5729 kl=0.00158 rollout_s=4.20 update_s=0.77
E2 e2_three_day_r0 step=199/300 win=0.6354 kl=0.00191 rollout_s=4.22 update_s=0.86
E2 e2_three_day_r0 step=200/300 win=0.6302 kl=0.00247 rollout_s=4.17 update_s=0.73
E2 e2_three_day_r0 step=201/300 win=0.6146 kl=0.00329 rollout_s=4.19 update_s=0.76
E2 e2_three_day_r0 step=202/300 win=0.6042 kl=0.00333 rollout_s=4.27 update_s=0.71
E2 e2_three_day_r0 step=203/300 win=0.6354 kl=0.00149 rollout_s=4.43 update_s=0.81
E2 e2_three_day_r0 step=204/300 win=0.6719 kl=0.00233 rollout_s=4.17 update_s=0.76
E2 e2_three_day_r0 step=205/300 win=0.5833 kl=0.00256 rollout_s=4.26 update_s=0.81
E2 e2_three_day_r0 step=206/300 win=0.5625 kl=0.00203 rollout_s=4.41 update_s=0.76
E2 e2_three_day_r0 step=207/300 win=0.6094 kl=0.00236 rollout_s=4.15 update_s=0.87
E2 e2_three_day_r0 step=208/300 win=0.5885 kl=0.00206 rollout_s=4.33 update_s=0.67
E2 e2_three_day_r0 step=209/300 win=0.5833 kl=0.00196 rollout_s=4.36 update_s=0.69
E2 e2_three_day_r0 step=210/300 win=0.6250 kl=0.00273 rollout_s=4.35 update_s=0.79
E2 e2_three_day_r0 step=211/300 win=0.6094 kl=0.00235 rollout_s=4.20 update_s=0.82
E2 e2_three_day_r0 step=212/300 win=0.5312 kl=0.00240 rollout_s=4.13 update_s=0.87
E2 e2_three_day_r0 step=213/300 win=0.6042 kl=0.00176 rollout_s=4.19 update_s=0.75
E2 e2_three_day_r0 step=214/300 win=0.5990 kl=0.00284 rollout_s=4.90 update_s=0.82
E2 e2_three_day_r0 step=215/300 win=0.6354 kl=0.00200 rollout_s=4.46 update_s=0.74
E2 e2_three_day_r0 step=216/300 win=0.5365 kl=0.00253 rollout_s=4.80 update_s=0.69
E2 e2_three_day_r0 step=217/300 win=0.5833 kl=0.00242 rollout_s=4.72 update_s=0.69
E2 e2_three_day_r0 step=218/300 win=0.5260 kl=0.00351 rollout_s=4.72 update_s=0.68
E2 e2_three_day_r0 step=219/300 win=0.5885 kl=0.00236 rollout_s=4.71 update_s=0.71
E2 e2_three_day_r0 step=220/300 win=0.5938 kl=0.00324 rollout_s=4.55 update_s=0.77
E2 e2_three_day_r0 step=221/300 win=0.6510 kl=0.00286 rollout_s=4.52 update_s=0.80
E2 e2_three_day_r0 step=222/300 win=0.6615 kl=0.00275 rollout_s=4.75 update_s=0.78
E2 e2_three_day_r0 step=223/300 win=0.5677 kl=0.00205 rollout_s=4.47 update_s=0.74
E2 e2_three_day_r0 step=224/300 win=0.5729 kl=0.00126 rollout_s=4.19 update_s=0.83
E2 e2_three_day_r0 step=225/300 win=0.6771 kl=0.00260 rollout_s=4.22 update_s=0.77
E2 e2_three_day_r0 step=226/300 win=0.5156 kl=0.00248 rollout_s=4.17 update_s=0.75
E2 e2_three_day_r0 step=227/300 win=0.6302 kl=0.00160 rollout_s=4.21 update_s=0.74
E2 e2_three_day_r0 step=228/300 win=0.5469 kl=0.00240 rollout_s=4.19 update_s=0.75
E2 e2_three_day_r0 step=229/300 win=0.6562 kl=0.00256 rollout_s=4.33 update_s=0.78
E2 e2_three_day_r0 step=230/300 win=0.6250 kl=0.00296 rollout_s=4.22 update_s=0.82
E2 e2_three_day_r0 step=231/300 win=0.5417 kl=0.00219 rollout_s=4.18 update_s=0.79
E2 e2_three_day_r0 step=232/300 win=0.5000 kl=0.00232 rollout_s=4.19 update_s=0.92
E2 e2_three_day_r0 step=233/300 win=0.5781 kl=0.00405 rollout_s=4.20 update_s=0.75
E2 e2_three_day_r0 step=234/300 win=0.6354 kl=0.00354 rollout_s=4.51 update_s=0.79
E2 e2_three_day_r0 step=235/300 win=0.5990 kl=0.00264 rollout_s=4.78 update_s=0.74
E2 e2_three_day_r0 step=236/300 win=0.6562 kl=0.00287 rollout_s=4.52 update_s=0.75
E2 e2_three_day_r0 step=237/300 win=0.5833 kl=0.00149 rollout_s=4.55 update_s=0.72
E2 e2_three_day_r0 step=238/300 win=0.5990 kl=0.00261 rollout_s=4.53 update_s=0.73
E2 e2_three_day_r0 step=239/300 win=0.5417 kl=0.00373 rollout_s=4.51 update_s=0.74
E2 e2_three_day_r0 step=240/300 win=0.6302 kl=0.00311 rollout_s=4.47 update_s=0.79
E2 e2_three_day_r0 step=241/300 win=0.5625 kl=0.00276 rollout_s=4.81 update_s=0.72
E2 e2_three_day_r0 step=242/300 win=0.6615 kl=0.00253 rollout_s=4.48 update_s=0.74
E2 e2_three_day_r0 step=243/300 win=0.6406 kl=0.00233 rollout_s=4.56 update_s=0.73
E2 e2_three_day_r0 step=244/300 win=0.6510 kl=0.00307 rollout_s=4.55 update_s=0.81
E2 e2_three_day_r0 step=245/300 win=0.5833 kl=0.00256 rollout_s=4.49 update_s=0.71
E2 e2_three_day_r0 step=246/300 win=0.5833 kl=0.00260 rollout_s=4.47 update_s=0.84
E2 e2_three_day_r0 step=247/300 win=0.5781 kl=0.00250 rollout_s=4.21 update_s=0.71
E2 e2_three_day_r0 step=248/300 win=0.6146 kl=0.00489 rollout_s=4.35 update_s=0.85
E2 e2_three_day_r0 step=249/300 win=0.6927 kl=0.00218 rollout_s=4.17 update_s=0.78
E2 e2_three_day_r0 step=250/300 win=0.6406 kl=0.00324 rollout_s=4.27 update_s=0.84
E2 e2_three_day_r0 step=251/300 win=0.5990 kl=0.00363 rollout_s=4.21 update_s=0.74
E2 e2_three_day_r0 step=252/300 win=0.6146 kl=0.00259 rollout_s=4.16 update_s=0.80
E2 e2_three_day_r0 step=253/300 win=0.6510 kl=0.00270 rollout_s=4.18 update_s=0.79
E2 e2_three_day_r0 step=254/300 win=0.6094 kl=0.00176 rollout_s=4.39 update_s=0.74
E2 e2_three_day_r0 step=255/300 win=0.6458 kl=0.00236 rollout_s=4.25 update_s=0.85
E2 e2_three_day_r0 step=256/300 win=0.6875 kl=0.00370 rollout_s=4.17 update_s=0.77
E2 e2_three_day_r0 step=257/300 win=0.7083 kl=0.00237 rollout_s=4.25 update_s=0.81
E2 e2_three_day_r0 step=258/300 win=0.5677 kl=0.00197 rollout_s=4.20 update_s=0.80
E2 e2_three_day_r0 step=259/300 win=0.6562 kl=0.00244 rollout_s=4.23 update_s=0.78
E2 e2_three_day_r0 step=260/300 win=0.5938 kl=0.00192 rollout_s=4.20 update_s=0.79
E2 e2_three_day_r0 step=261/300 win=0.6510 kl=0.00267 rollout_s=4.38 update_s=0.80
E2 e2_three_day_r0 step=262/300 win=0.6302 kl=0.00222 rollout_s=4.27 update_s=0.82
E2 e2_three_day_r0 step=263/300 win=0.5781 kl=0.00237 rollout_s=4.28 update_s=0.73
E2 e2_three_day_r0 step=264/300 win=0.6198 kl=0.00133 rollout_s=4.24 update_s=0.73
E2 e2_three_day_r0 step=265/300 win=0.6719 kl=0.00260 rollout_s=4.17 update_s=0.76
E2 e2_three_day_r0 step=266/300 win=0.6615 kl=0.00292 rollout_s=4.24 update_s=0.87
E2 e2_three_day_r0 step=267/300 win=0.6094 kl=0.00375 rollout_s=4.41 update_s=0.79
E2 e2_three_day_r0 step=268/300 win=0.5625 kl=0.00293 rollout_s=4.23 update_s=0.80
E2 e2_three_day_r0 step=269/300 win=0.6823 kl=0.00140 rollout_s=4.21 update_s=0.80
E2 e2_three_day_r0 step=270/300 win=0.6250 kl=0.00202 rollout_s=4.21 update_s=0.76
E2 e2_three_day_r0 step=271/300 win=0.6927 kl=0.00165 rollout_s=4.24 update_s=0.85
E2 e2_three_day_r0 step=272/300 win=0.5990 kl=0.00203 rollout_s=4.21 update_s=0.78
E2 e2_three_day_r0 step=273/300 win=0.5729 kl=0.00248 rollout_s=4.22 update_s=0.75
E2 e2_three_day_r0 step=274/300 win=0.6719 kl=0.00261 rollout_s=4.43 update_s=0.86
E2 e2_three_day_r0 step=275/300 win=0.5677 kl=0.00149 rollout_s=4.25 update_s=0.73
E2 e2_three_day_r0 step=276/300 win=0.5573 kl=0.00214 rollout_s=4.24 update_s=0.79
E2 e2_three_day_r0 step=277/300 win=0.6042 kl=0.00179 rollout_s=4.23 update_s=0.72
E2 e2_three_day_r0 step=278/300 win=0.7292 kl=0.00146 rollout_s=4.15 update_s=0.86
E2 e2_three_day_r0 step=279/300 win=0.6719 kl=0.00289 rollout_s=4.24 update_s=0.76
E2 e2_three_day_r0 step=280/300 win=0.6875 kl=0.00204 rollout_s=4.41 update_s=0.75
E2 e2_three_day_r0 step=281/300 win=0.5938 kl=0.00215 rollout_s=4.22 update_s=0.75
E2 e2_three_day_r0 step=282/300 win=0.6302 kl=0.00181 rollout_s=4.15 update_s=0.86
E2 e2_three_day_r0 step=283/300 win=0.6250 kl=0.00142 rollout_s=4.19 update_s=0.75
E2 e2_three_day_r0 step=284/300 win=0.5781 kl=0.00257 rollout_s=4.17 update_s=0.83
E2 e2_three_day_r0 step=285/300 win=0.6146 kl=0.00264 rollout_s=4.17 update_s=0.76
E2 e2_three_day_r0 step=286/300 win=0.5885 kl=0.00300 rollout_s=4.23 update_s=0.84
E2 e2_three_day_r0 step=287/300 win=0.5417 kl=0.00258 rollout_s=4.46 update_s=0.81
E2 e2_three_day_r0 step=288/300 win=0.5677 kl=0.00145 rollout_s=4.24 update_s=0.76
E2 e2_three_day_r0 step=289/300 win=0.5521 kl=0.00196 rollout_s=4.26 update_s=0.76
E2 e2_three_day_r0 step=290/300 win=0.6302 kl=0.00207 rollout_s=4.17 update_s=0.80
E2 e2_three_day_r0 step=291/300 win=0.6667 kl=0.00240 rollout_s=4.18 update_s=0.76
E2 e2_three_day_r0 step=292/300 win=0.5729 kl=0.00234 rollout_s=4.20 update_s=0.82
E2 e2_three_day_r0 step=293/300 win=0.6719 kl=0.00275 rollout_s=4.35 update_s=0.68
E2 e2_three_day_r0 step=294/300 win=0.5469 kl=0.00230 rollout_s=4.26 update_s=0.82
E2 e2_three_day_r0 step=295/300 win=0.5885 kl=0.00157 rollout_s=4.22 update_s=0.77
E2 e2_three_day_r0 step=296/300 win=0.6302 kl=0.00193 rollout_s=4.21 update_s=0.86
E2 e2_three_day_r0 step=297/300 win=0.5781 kl=0.00190 rollout_s=4.22 update_s=0.75
E2 e2_three_day_r0 step=298/300 win=0.5625 kl=0.00178 rollout_s=4.21 update_s=0.82
E2 e2_three_day_r0 step=299/300 win=0.6198 kl=0.00259 rollout_s=4.23 update_s=0.78
E2 e2_three_day_r0 step=300/300 win=0.5573 kl=0.00239 rollout_s=4.47 update_s=0.88
E2_REPEAT_COMPLETE e2_three_day_r0 heldout_win=0.4650 full_panel_win=0.6193
E2 e2_three_day_r1 step=1/300 win=0.4844 kl=0.00010 rollout_s=4.16 update_s=0.81
E2 e2_three_day_r1 step=2/300 win=0.5312 kl=0.00007 rollout_s=4.24 update_s=0.83
E2 e2_three_day_r1 step=3/300 win=0.5000 kl=0.00005 rollout_s=4.17 update_s=0.77
E2 e2_three_day_r1 step=4/300 win=0.5104 kl=0.00007 rollout_s=4.17 update_s=0.75
E2 e2_three_day_r1 step=5/300 win=0.4427 kl=0.00015 rollout_s=4.17 update_s=0.84
E2 e2_three_day_r1 step=6/300 win=0.4271 kl=0.00095 rollout_s=4.51 update_s=0.77
E2 e2_three_day_r1 step=7/300 win=0.5104 kl=0.00010 rollout_s=4.20 update_s=0.90
E2 e2_three_day_r1 step=8/300 win=0.5365 kl=0.00066 rollout_s=4.22 update_s=0.73
E2 e2_three_day_r1 step=9/300 win=0.5104 kl=0.00067 rollout_s=4.43 update_s=0.76
E2 e2_three_day_r1 step=10/300 win=0.4844 kl=0.00124 rollout_s=4.20 update_s=0.77
E2 e2_three_day_r1 step=11/300 win=0.4427 kl=0.00064 rollout_s=4.18 update_s=0.72
E2 e2_three_day_r1 step=12/300 win=0.4792 kl=0.00348 rollout_s=4.26 update_s=0.73
E2 e2_three_day_r1 step=13/300 win=0.4479 kl=0.00328 rollout_s=4.27 update_s=0.69
E2 e2_three_day_r1 step=14/300 win=0.5417 kl=0.00202 rollout_s=4.15 update_s=0.86
E2 e2_three_day_r1 step=15/300 win=0.5573 kl=0.00051 rollout_s=4.21 update_s=0.83
E2 e2_three_day_r1 step=16/300 win=0.5312 kl=0.00100 rollout_s=4.18 update_s=0.89
E2 e2_three_day_r1 step=17/300 win=0.6146 kl=0.00141 rollout_s=4.26 update_s=0.87
E2 e2_three_day_r1 step=18/300 win=0.5625 kl=0.00201 rollout_s=4.29 update_s=0.81
E2 e2_three_day_r1 step=19/300 win=0.6667 kl=0.00044 rollout_s=4.43 update_s=0.78
E2 e2_three_day_r1 step=20/300 win=0.5417 kl=0.00145 rollout_s=4.21 update_s=0.72
E2 e2_three_day_r1 step=21/300 win=0.5729 kl=0.00069 rollout_s=4.16 update_s=0.76
E2 e2_three_day_r1 step=22/300 win=0.5573 kl=0.00149 rollout_s=4.14 update_s=0.78
E2 e2_three_day_r1 step=23/300 win=0.6146 kl=0.00080 rollout_s=4.20 update_s=0.83
E2 e2_three_day_r1 step=24/300 win=0.6094 kl=0.00168 rollout_s=4.15 update_s=0.80
E2 e2_three_day_r1 step=25/300 win=0.5104 kl=0.00216 rollout_s=4.19 update_s=0.72
E2 e2_three_day_r1 step=26/300 win=0.5417 kl=0.00060 rollout_s=4.32 update_s=0.80
E2 e2_three_day_r1 step=27/300 win=0.6198 kl=0.00069 rollout_s=4.14 update_s=0.79
E2 e2_three_day_r1 step=28/300 win=0.5885 kl=0.00108 rollout_s=4.20 update_s=0.81
E2 e2_three_day_r1 step=29/300 win=0.5208 kl=0.00125 rollout_s=4.16 update_s=0.85
E2 e2_three_day_r1 step=30/300 win=0.5365 kl=0.00104 rollout_s=4.17 update_s=0.75
E2 e2_three_day_r1 step=31/300 win=0.6250 kl=0.00078 rollout_s=4.14 update_s=0.77
E2 e2_three_day_r1 step=32/300 win=0.5469 kl=0.00200 rollout_s=4.33 update_s=0.74
E2 e2_three_day_r1 step=33/300 win=0.5625 kl=0.00191 rollout_s=4.25 update_s=0.76
E2 e2_three_day_r1 step=34/300 win=0.5781 kl=0.00062 rollout_s=4.17 update_s=0.84
E2 e2_three_day_r1 step=35/300 win=0.6719 kl=0.00056 rollout_s=4.13 update_s=0.77
E2 e2_three_day_r1 step=36/300 win=0.5573 kl=0.00128 rollout_s=4.17 update_s=0.73
E2 e2_three_day_r1 step=37/300 win=0.5625 kl=0.00157 rollout_s=4.29 update_s=0.79
E2 e2_three_day_r1 step=38/300 win=0.5312 kl=0.00528 rollout_s=4.20 update_s=0.82
E2 e2_three_day_r1 step=39/300 win=0.6094 kl=0.00328 rollout_s=4.34 update_s=0.78
E2 e2_three_day_r1 step=40/300 win=0.5781 kl=0.00232 rollout_s=4.16 update_s=0.75
E2 e2_three_day_r1 step=41/300 win=0.5365 kl=0.00301 rollout_s=4.32 update_s=0.76
E2 e2_three_day_r1 step=42/300 win=0.5677 kl=0.00552 rollout_s=4.15 update_s=0.89
E2 e2_three_day_r1 step=43/300 win=0.5052 kl=0.00314 rollout_s=4.14 update_s=0.74
E2 e2_three_day_r1 step=44/300 win=0.5417 kl=0.00424 rollout_s=4.20 update_s=0.85
E2 e2_three_day_r1 step=45/300 win=0.5365 kl=0.00225 rollout_s=4.32 update_s=0.72
E2 e2_three_day_r1 step=46/300 win=0.5260 kl=0.00297 rollout_s=4.20 update_s=0.82
E2 e2_three_day_r1 step=47/300 win=0.5417 kl=0.00417 rollout_s=4.19 update_s=0.75
E2 e2_three_day_r1 step=48/300 win=0.5208 kl=0.00205 rollout_s=4.16 update_s=0.78
E2 e2_three_day_r1 step=49/300 win=0.5729 kl=0.00332 rollout_s=4.16 update_s=0.79
E2 e2_three_day_r1 step=50/300 win=0.6406 kl=0.00356 rollout_s=4.22 update_s=0.73
E2 e2_three_day_r1 step=51/300 win=0.6562 kl=0.00353 rollout_s=4.22 update_s=0.88
E2 e2_three_day_r1 step=52/300 win=0.5885 kl=0.00337 rollout_s=4.48 update_s=0.78
E2 e2_three_day_r1 step=53/300 win=0.5990 kl=0.00316 rollout_s=4.22 update_s=0.92
E2 e2_three_day_r1 step=54/300 win=0.5625 kl=0.00441 rollout_s=4.17 update_s=0.76
E2 e2_three_day_r1 step=55/300 win=0.6146 kl=0.00366 rollout_s=4.18 update_s=0.83
E2 e2_three_day_r1 step=56/300 win=0.5938 kl=0.00510 rollout_s=4.30 update_s=0.78
E2 e2_three_day_r1 step=57/300 win=0.5729 kl=0.00295 rollout_s=4.20 update_s=0.78
E2 e2_three_day_r1 step=58/300 win=0.5104 kl=0.00438 rollout_s=4.22 update_s=0.66
E2 e2_three_day_r1 step=59/300 win=0.6198 kl=0.00288 rollout_s=4.33 update_s=0.83
E2 e2_three_day_r1 step=60/300 win=0.5833 kl=0.00437 rollout_s=4.20 update_s=0.94
E2 e2_three_day_r1 step=61/300 win=0.6250 kl=0.00116 rollout_s=4.19 update_s=0.72
E2 e2_three_day_r1 step=62/300 win=0.5260 kl=0.00338 rollout_s=4.22 update_s=0.79
E2 e2_three_day_r1 step=63/300 win=0.5104 kl=0.00506 rollout_s=4.25 update_s=0.72
E2 e2_three_day_r1 step=64/300 win=0.5781 kl=0.00304 rollout_s=4.18 update_s=0.76
E2 e2_three_day_r1 step=65/300 win=0.5677 kl=0.00353 rollout_s=4.37 update_s=0.77
E2 e2_three_day_r1 step=66/300 win=0.5990 kl=0.00280 rollout_s=4.17 update_s=0.82
E2 e2_three_day_r1 step=67/300 win=0.5312 kl=0.00272 rollout_s=4.19 update_s=0.78
E2 e2_three_day_r1 step=68/300 win=0.5781 kl=0.00225 rollout_s=4.20 update_s=0.83
E2 e2_three_day_r1 step=69/300 win=0.5521 kl=0.00192 rollout_s=4.21 update_s=0.84
E2 e2_three_day_r1 step=70/300 win=0.4896 kl=0.00239 rollout_s=4.27 update_s=0.78
E2 e2_three_day_r1 step=71/300 win=0.6042 kl=0.00266 rollout_s=4.13 update_s=0.68
E2 e2_three_day_r1 step=72/300 win=0.5156 kl=0.00368 rollout_s=4.42 update_s=0.87
E2 e2_three_day_r1 step=73/300 win=0.5625 kl=0.00234 rollout_s=4.17 update_s=0.78
E2 e2_three_day_r1 step=74/300 win=0.5990 kl=0.00264 rollout_s=4.21 update_s=0.86
E2 e2_three_day_r1 step=75/300 win=0.5781 kl=0.00274 rollout_s=4.31 update_s=0.81
E2 e2_three_day_r1 step=76/300 win=0.6094 kl=0.00187 rollout_s=4.20 update_s=0.74
E2 e2_three_day_r1 step=77/300 win=0.5365 kl=0.00272 rollout_s=4.17 update_s=0.97
E2 e2_three_day_r1 step=78/300 win=0.4792 kl=0.00298 rollout_s=4.34 update_s=0.67
E2 e2_three_day_r1 step=79/300 win=0.5781 kl=0.00212 rollout_s=4.16 update_s=0.84
E2 e2_three_day_r1 step=80/300 win=0.5677 kl=0.00259 rollout_s=4.22 update_s=0.70
E2 e2_three_day_r1 step=81/300 win=0.5938 kl=0.00249 rollout_s=4.44 update_s=0.89
E2 e2_three_day_r1 step=82/300 win=0.6250 kl=0.00378 rollout_s=4.37 update_s=0.76
E2 e2_three_day_r1 step=83/300 win=0.6146 kl=0.00147 rollout_s=4.23 update_s=0.79
E2 e2_three_day_r1 step=84/300 win=0.6198 kl=0.00284 rollout_s=4.30 update_s=0.75
E2 e2_three_day_r1 step=85/300 win=0.5521 kl=0.00164 rollout_s=4.40 update_s=0.82
E2 e2_three_day_r1 step=86/300 win=0.5885 kl=0.00300 rollout_s=4.20 update_s=0.79
E2 e2_three_day_r1 step=87/300 win=0.6250 kl=0.00426 rollout_s=4.30 update_s=0.76
E2 e2_three_day_r1 step=88/300 win=0.5677 kl=0.00135 rollout_s=4.28 update_s=0.78
E2 e2_three_day_r1 step=89/300 win=0.6042 kl=0.00090 rollout_s=4.20 update_s=0.95
E2 e2_three_day_r1 step=90/300 win=0.6094 kl=0.00188 rollout_s=4.51 update_s=0.75
E2 e2_three_day_r1 step=91/300 win=0.6354 kl=0.00426 rollout_s=4.54 update_s=0.75
E2 e2_three_day_r1 step=92/300 win=0.6146 kl=0.00173 rollout_s=4.22 update_s=0.75
E2 e2_three_day_r1 step=93/300 win=0.5625 kl=0.00318 rollout_s=4.28 update_s=0.79
E2 e2_three_day_r1 step=94/300 win=0.5938 kl=0.00265 rollout_s=4.28 update_s=0.79
E2 e2_three_day_r1 step=95/300 win=0.6667 kl=0.00218 rollout_s=4.16 update_s=0.86
E2 e2_three_day_r1 step=96/300 win=0.6771 kl=0.00474 rollout_s=4.21 update_s=0.74
E2 e2_three_day_r1 step=97/300 win=0.6250 kl=0.00276 rollout_s=4.23 update_s=0.77
E2 e2_three_day_r1 step=98/300 win=0.5625 kl=0.00266 rollout_s=4.38 update_s=0.85
E2 e2_three_day_r1 step=99/300 win=0.5990 kl=0.00164 rollout_s=4.21 update_s=0.78
E2 e2_three_day_r1 step=100/300 win=0.6042 kl=0.00147 rollout_s=4.16 update_s=0.77
E2 e2_three_day_r1 step=101/300 win=0.6302 kl=0.00327 rollout_s=4.16 update_s=0.89
E2 e2_three_day_r1 step=102/300 win=0.6562 kl=0.00169 rollout_s=4.21 update_s=0.78
E2 e2_three_day_r1 step=103/300 win=0.5885 kl=0.00173 rollout_s=4.18 update_s=0.76
E2 e2_three_day_r1 step=104/300 win=0.6667 kl=0.00348 rollout_s=4.39 update_s=0.71
E2 e2_three_day_r1 step=105/300 win=0.5573 kl=0.00341 rollout_s=4.22 update_s=0.78
E2 e2_three_day_r1 step=106/300 win=0.6302 kl=0.00522 rollout_s=4.18 update_s=0.80
E2 e2_three_day_r1 step=107/300 win=0.5677 kl=0.00239 rollout_s=4.21 update_s=0.80
E2 e2_three_day_r1 step=108/300 win=0.5990 kl=0.00194 rollout_s=4.16 update_s=0.74
E2 e2_three_day_r1 step=109/300 win=0.5938 kl=0.00280 rollout_s=4.22 update_s=0.84
E2 e2_three_day_r1 step=110/300 win=0.5365 kl=0.00262 rollout_s=4.23 update_s=0.82
E2 e2_three_day_r1 step=111/300 win=0.5990 kl=0.00390 rollout_s=4.43 update_s=0.93
E2 e2_three_day_r1 step=112/300 win=0.6146 kl=0.00121 rollout_s=4.25 update_s=0.78
E2 e2_three_day_r1 step=113/300 win=0.6146 kl=0.00443 rollout_s=4.21 update_s=0.80
E2 e2_three_day_r1 step=114/300 win=0.5365 kl=0.00190 rollout_s=4.16 update_s=0.77
E2 e2_three_day_r1 step=115/300 win=0.6615 kl=0.00246 rollout_s=4.17 update_s=0.80
E2 e2_three_day_r1 step=116/300 win=0.5990 kl=0.00401 rollout_s=4.20 update_s=0.84
E2 e2_three_day_r1 step=117/300 win=0.5469 kl=0.00345 rollout_s=4.36 update_s=0.73
E2 e2_three_day_r1 step=118/300 win=0.6458 kl=0.00258 rollout_s=4.33 update_s=0.85
E2 e2_three_day_r1 step=119/300 win=0.6042 kl=0.00363 rollout_s=4.17 update_s=0.73
E2 e2_three_day_r1 step=120/300 win=0.6198 kl=0.00263 rollout_s=4.18 update_s=0.87
E2 e2_three_day_r1 step=121/300 win=0.6094 kl=0.00239 rollout_s=4.27 update_s=0.74
E2 e2_three_day_r1 step=122/300 win=0.6510 kl=0.00355 rollout_s=4.20 update_s=0.83
E2 e2_three_day_r1 step=123/300 win=0.6406 kl=0.00308 rollout_s=4.23 update_s=0.71
E2 e2_three_day_r1 step=124/300 win=0.5677 kl=0.00146 rollout_s=4.47 update_s=0.74
E2 e2_three_day_r1 step=125/300 win=0.6198 kl=0.00260 rollout_s=4.32 update_s=0.74
E2 e2_three_day_r1 step=126/300 win=0.6302 kl=0.00245 rollout_s=4.20 update_s=0.80
E2 e2_three_day_r1 step=127/300 win=0.6667 kl=0.00170 rollout_s=4.18 update_s=0.80
E2 e2_three_day_r1 step=128/300 win=0.5938 kl=0.00151 rollout_s=4.21 update_s=0.86
E2 e2_three_day_r1 step=129/300 win=0.6562 kl=0.00164 rollout_s=4.22 update_s=0.90
E2 e2_three_day_r1 step=130/300 win=0.5573 kl=0.00184 rollout_s=4.22 update_s=0.70
E2 e2_three_day_r1 step=131/300 win=0.5417 kl=0.00324 rollout_s=4.31 update_s=0.75
E2 e2_three_day_r1 step=132/300 win=0.6094 kl=0.00278 rollout_s=4.20 update_s=0.75
E2 e2_three_day_r1 step=133/300 win=0.6042 kl=0.00300 rollout_s=4.23 update_s=0.83
E2 e2_three_day_r1 step=134/300 win=0.5990 kl=0.00343 rollout_s=4.16 update_s=0.81
E2 e2_three_day_r1 step=135/300 win=0.6042 kl=0.00305 rollout_s=4.15 update_s=0.91
E2 e2_three_day_r1 step=136/300 win=0.6198 kl=0.00379 rollout_s=4.50 update_s=0.77
E2 e2_three_day_r1 step=137/300 win=0.6146 kl=0.00192 rollout_s=4.48 update_s=0.83
E2 e2_three_day_r1 step=138/300 win=0.5625 kl=0.00172 rollout_s=4.47 update_s=0.84
E2 e2_three_day_r1 step=139/300 win=0.5938 kl=0.00198 rollout_s=4.16 update_s=0.91
E2 e2_three_day_r1 step=140/300 win=0.5938 kl=0.00206 rollout_s=4.22 update_s=0.85
E2 e2_three_day_r1 step=141/300 win=0.5885 kl=0.00329 rollout_s=4.22 update_s=0.78
E2 e2_three_day_r1 step=142/300 win=0.5990 kl=0.00372 rollout_s=4.62 update_s=0.70
E2 e2_three_day_r1 step=143/300 win=0.6042 kl=0.00249 rollout_s=4.26 update_s=0.70
E2 e2_three_day_r1 step=144/300 win=0.5781 kl=0.00249 rollout_s=4.25 update_s=0.78
E2 e2_three_day_r1 step=145/300 win=0.5885 kl=0.00153 rollout_s=4.15 update_s=0.81
E2 e2_three_day_r1 step=146/300 win=0.5573 kl=0.00170 rollout_s=4.17 update_s=0.79
E2 e2_three_day_r1 step=147/300 win=0.6562 kl=0.00241 rollout_s=4.18 update_s=0.76
E2 e2_three_day_r1 step=148/300 win=0.5990 kl=0.00221 rollout_s=4.16 update_s=0.82
E2 e2_three_day_r1 step=149/300 win=0.5990 kl=0.00218 rollout_s=4.18 update_s=0.72
E2 e2_three_day_r1 step=150/300 win=0.5885 kl=0.00229 rollout_s=4.39 update_s=0.81
E2 e2_three_day_r1 step=151/300 win=0.5469 kl=0.00411 rollout_s=4.16 update_s=0.83
E2 e2_three_day_r1 step=152/300 win=0.5312 kl=0.00467 rollout_s=4.21 update_s=0.79
E2 e2_three_day_r1 step=153/300 win=0.5885 kl=0.00372 rollout_s=4.21 update_s=0.75
E2 e2_three_day_r1 step=154/300 win=0.5521 kl=0.00296 rollout_s=4.18 update_s=0.76
E2 e2_three_day_r1 step=155/300 win=0.5677 kl=0.00399 rollout_s=4.18 update_s=0.71
E2 e2_three_day_r1 step=156/300 win=0.5833 kl=0.00220 rollout_s=4.16 update_s=0.74
E2 e2_three_day_r1 step=157/300 win=0.6146 kl=0.00327 rollout_s=4.40 update_s=0.78
E2 e2_three_day_r1 step=158/300 win=0.6146 kl=0.00219 rollout_s=4.18 update_s=0.83
E2 e2_three_day_r1 step=159/300 win=0.6146 kl=0.00249 rollout_s=4.22 update_s=0.72
E2 e2_three_day_r1 step=160/300 win=0.6354 kl=0.00323 rollout_s=4.16 update_s=0.86
E2 e2_three_day_r1 step=161/300 win=0.5833 kl=0.00393 rollout_s=4.20 update_s=0.73
E2 e2_three_day_r1 step=162/300 win=0.6094 kl=0.00167 rollout_s=4.15 update_s=0.73
E2 e2_three_day_r1 step=163/300 win=0.6198 kl=0.00276 rollout_s=4.21 update_s=0.73
E2 e2_three_day_r1 step=164/300 win=0.6719 kl=0.00185 rollout_s=4.30 update_s=0.72
E2 e2_three_day_r1 step=165/300 win=0.6458 kl=0.00235 rollout_s=4.17 update_s=0.84
E2 e2_three_day_r1 step=166/300 win=0.5417 kl=0.00264 rollout_s=4.22 update_s=0.73
E2 e2_three_day_r1 step=167/300 win=0.6562 kl=0.00442 rollout_s=4.14 update_s=0.79
E2 e2_three_day_r1 step=168/300 win=0.6198 kl=0.00276 rollout_s=4.19 update_s=0.73
E2 e2_three_day_r1 step=169/300 win=0.6458 kl=0.00197 rollout_s=4.15 update_s=0.72
E2 e2_three_day_r1 step=170/300 win=0.6458 kl=0.00268 rollout_s=4.37 update_s=0.84
E2 e2_three_day_r1 step=171/300 win=0.5833 kl=0.00208 rollout_s=4.23 update_s=0.82
E2 e2_three_day_r1 step=172/300 win=0.5990 kl=0.00331 rollout_s=4.23 update_s=0.72
E2 e2_three_day_r1 step=173/300 win=0.5990 kl=0.00207 rollout_s=4.14 update_s=0.75
E2 e2_three_day_r1 step=174/300 win=0.5677 kl=0.00191 rollout_s=4.17 update_s=0.76
E2 e2_three_day_r1 step=175/300 win=0.6562 kl=0.00258 rollout_s=4.23 update_s=0.85
E2 e2_three_day_r1 step=176/300 win=0.5521 kl=0.00282 rollout_s=4.18 update_s=0.72
E2 e2_three_day_r1 step=177/300 win=0.5990 kl=0.00282 rollout_s=4.31 update_s=0.78
E2 e2_three_day_r1 step=178/300 win=0.6146 kl=0.00158 rollout_s=4.21 update_s=0.68
E2 e2_three_day_r1 step=179/300 win=0.5938 kl=0.00257 rollout_s=4.19 update_s=0.79
E2 e2_three_day_r1 step=180/300 win=0.6510 kl=0.00267 rollout_s=4.18 update_s=0.84
E2 e2_three_day_r1 step=181/300 win=0.5625 kl=0.00180 rollout_s=4.38 update_s=0.73
E2 e2_three_day_r1 step=182/300 win=0.5938 kl=0.00309 rollout_s=4.19 update_s=0.73
E2 e2_three_day_r1 step=183/300 win=0.6042 kl=0.00274 rollout_s=4.63 update_s=0.84
E2 e2_three_day_r1 step=184/300 win=0.5990 kl=0.00204 rollout_s=4.16 update_s=0.72
E2 e2_three_day_r1 step=185/300 win=0.5729 kl=0.00235 rollout_s=4.20 update_s=0.83
E2 e2_three_day_r1 step=186/300 win=0.6354 kl=0.00222 rollout_s=4.21 update_s=0.79
E2 e2_three_day_r1 step=187/300 win=0.6562 kl=0.00306 rollout_s=4.18 update_s=0.82
E2 e2_three_day_r1 step=188/300 win=0.6302 kl=0.00382 rollout_s=4.21 update_s=0.87
E2 e2_three_day_r1 step=189/300 win=0.5104 kl=0.00168 rollout_s=4.18 update_s=0.75
E2 e2_three_day_r1 step=190/300 win=0.5729 kl=0.00220 rollout_s=4.42 update_s=0.78
E2 e2_three_day_r1 step=191/300 win=0.6042 kl=0.00159 rollout_s=4.20 update_s=0.82
E2 e2_three_day_r1 step=192/300 win=0.5938 kl=0.00295 rollout_s=4.19 update_s=0.79
E2 e2_three_day_r1 step=193/300 win=0.5885 kl=0.00297 rollout_s=4.23 update_s=0.84
E2 e2_three_day_r1 step=194/300 win=0.6094 kl=0.00194 rollout_s=4.27 update_s=0.75
E2 e2_three_day_r1 step=195/300 win=0.5469 kl=0.00225 rollout_s=4.22 update_s=0.87
E2 e2_three_day_r1 step=196/300 win=0.6250 kl=0.00178 rollout_s=4.38 update_s=0.69
E2 e2_three_day_r1 step=197/300 win=0.5833 kl=0.00316 rollout_s=4.22 update_s=0.77
E2 e2_three_day_r1 step=198/300 win=0.6302 kl=0.00233 rollout_s=4.24 update_s=0.83
E2 e2_three_day_r1 step=199/300 win=0.6302 kl=0.00266 rollout_s=4.18 update_s=0.77
E2 e2_three_day_r1 step=200/300 win=0.6979 kl=0.00335 rollout_s=4.22 update_s=0.84
E2 e2_three_day_r1 step=201/300 win=0.6354 kl=0.00219 rollout_s=4.28 update_s=0.80
E2 e2_three_day_r1 step=202/300 win=0.6250 kl=0.00248 rollout_s=4.27 update_s=0.76
E2 e2_three_day_r1 step=203/300 win=0.5938 kl=0.00171 rollout_s=4.48 update_s=0.78
E2 e2_three_day_r1 step=204/300 win=0.5521 kl=0.00280 rollout_s=4.30 update_s=0.82
E2 e2_three_day_r1 step=205/300 win=0.6094 kl=0.00240 rollout_s=4.19 update_s=0.81
E2 e2_three_day_r1 step=206/300 win=0.6406 kl=0.00186 rollout_s=4.24 update_s=0.77
E2 e2_three_day_r1 step=207/300 win=0.6406 kl=0.00224 rollout_s=4.20 update_s=0.74
E2 e2_three_day_r1 step=208/300 win=0.5729 kl=0.00244 rollout_s=4.19 update_s=0.85
E2 e2_three_day_r1 step=209/300 win=0.7240 kl=0.00271 rollout_s=4.32 update_s=0.71
E2 e2_three_day_r1 step=210/300 win=0.6094 kl=0.00253 rollout_s=4.25 update_s=0.88
E2 e2_three_day_r1 step=211/300 win=0.6927 kl=0.00286 rollout_s=4.16 update_s=0.79
E2 e2_three_day_r1 step=212/300 win=0.5469 kl=0.00181 rollout_s=4.24 update_s=0.90
E2 e2_three_day_r1 step=213/300 win=0.6458 kl=0.00227 rollout_s=4.17 update_s=0.80
E2 e2_three_day_r1 step=214/300 win=0.6302 kl=0.00163 rollout_s=4.22 update_s=0.88
E2 e2_three_day_r1 step=215/300 win=0.6406 kl=0.00284 rollout_s=4.23 update_s=0.84
E2 e2_three_day_r1 step=216/300 win=0.6771 kl=0.00320 rollout_s=4.47 update_s=0.84
E2 e2_three_day_r1 step=217/300 win=0.6302 kl=0.00249 rollout_s=4.18 update_s=0.82
E2 e2_three_day_r1 step=218/300 win=0.6979 kl=0.00246 rollout_s=4.20 update_s=0.74
E2 e2_three_day_r1 step=219/300 win=0.5781 kl=0.00293 rollout_s=4.24 update_s=0.75
E2 e2_three_day_r1 step=220/300 win=0.6615 kl=0.00337 rollout_s=4.19 update_s=0.76
E2 e2_three_day_r1 step=221/300 win=0.5469 kl=0.00234 rollout_s=4.22 update_s=0.73
E2 e2_three_day_r1 step=222/300 win=0.6302 kl=0.00352 rollout_s=4.26 update_s=0.73
E2 e2_three_day_r1 step=223/300 win=0.5781 kl=0.00254 rollout_s=4.34 update_s=0.75
E2 e2_three_day_r1 step=224/300 win=0.6094 kl=0.00299 rollout_s=4.14 update_s=0.98
E2 e2_three_day_r1 step=225/300 win=0.5521 kl=0.00294 rollout_s=4.17 update_s=0.74
E2 e2_three_day_r1 step=226/300 win=0.5938 kl=0.00303 rollout_s=4.23 update_s=0.96
E2 e2_three_day_r1 step=227/300 win=0.5781 kl=0.00222 rollout_s=4.20 update_s=0.75
E2 e2_three_day_r1 step=228/300 win=0.6302 kl=0.00437 rollout_s=4.23 update_s=0.87
E2 e2_three_day_r1 step=229/300 win=0.6198 kl=0.00243 rollout_s=4.45 update_s=0.88
E2 e2_three_day_r1 step=230/300 win=0.6354 kl=0.00204 rollout_s=4.22 update_s=0.75
E2 e2_three_day_r1 step=231/300 win=0.5677 kl=0.00323 rollout_s=4.20 update_s=0.81
E2 e2_three_day_r1 step=232/300 win=0.6562 kl=0.00294 rollout_s=4.14 update_s=0.76
E2 e2_three_day_r1 step=233/300 win=0.6458 kl=0.00376 rollout_s=4.20 update_s=0.89
E2 e2_three_day_r1 step=234/300 win=0.5781 kl=0.00260 rollout_s=4.21 update_s=0.73
E2 e2_three_day_r1 step=235/300 win=0.6615 kl=0.00229 rollout_s=4.25 update_s=0.76
E2 e2_three_day_r1 step=236/300 win=0.5833 kl=0.00297 rollout_s=4.38 update_s=0.76
E2 e2_three_day_r1 step=237/300 win=0.6667 kl=0.00219 rollout_s=4.26 update_s=0.77
E2 e2_three_day_r1 step=238/300 win=0.6146 kl=0.00223 rollout_s=4.24 update_s=0.77
E2 e2_three_day_r1 step=239/300 win=0.7135 kl=0.00288 rollout_s=4.23 update_s=0.85
E2 e2_three_day_r1 step=240/300 win=0.6771 kl=0.00377 rollout_s=4.19 update_s=0.80
E2 e2_three_day_r1 step=241/300 win=0.5833 kl=0.00210 rollout_s=4.21 update_s=0.84
E2 e2_three_day_r1 step=242/300 win=0.5677 kl=0.00323 rollout_s=4.41 update_s=0.78
E2 e2_three_day_r1 step=243/300 win=0.5729 kl=0.00233 rollout_s=4.20 update_s=0.85
E2 e2_three_day_r1 step=244/300 win=0.6510 kl=0.00192 rollout_s=4.46 update_s=0.82
E2 e2_three_day_r1 step=245/300 win=0.5729 kl=0.00216 rollout_s=4.23 update_s=0.82
E2 e2_three_day_r1 step=246/300 win=0.5469 kl=0.00268 rollout_s=4.19 update_s=0.75
E2 e2_three_day_r1 step=247/300 win=0.6667 kl=0.00241 rollout_s=4.24 update_s=0.82
E2 e2_three_day_r1 step=248/300 win=0.6302 kl=0.00222 rollout_s=4.25 update_s=0.71
E2 e2_three_day_r1 step=249/300 win=0.7031 kl=0.00289 rollout_s=4.34 update_s=0.80
E2 e2_three_day_r1 step=250/300 win=0.5833 kl=0.00303 rollout_s=4.22 update_s=0.88
E2 e2_three_day_r1 step=251/300 win=0.6250 kl=0.00186 rollout_s=4.19 update_s=0.71
E2 e2_three_day_r1 step=252/300 win=0.5677 kl=0.00269 rollout_s=4.53 update_s=0.84
E2 e2_three_day_r1 step=253/300 win=0.6615 kl=0.00158 rollout_s=4.33 update_s=0.79
E2 e2_three_day_r1 step=254/300 win=0.6354 kl=0.00185 rollout_s=4.69 update_s=0.80
E2 e2_three_day_r1 step=255/300 win=0.6146 kl=0.00292 rollout_s=4.48 update_s=0.74
E2 e2_three_day_r1 step=256/300 win=0.6250 kl=0.00333 rollout_s=5.04 update_s=0.77
E2 e2_three_day_r1 step=257/300 win=0.5469 kl=0.00266 rollout_s=4.28 update_s=0.78
E2 e2_three_day_r1 step=258/300 win=0.6562 kl=0.00171 rollout_s=4.22 update_s=0.81
E2 e2_three_day_r1 step=259/300 win=0.6354 kl=0.00217 rollout_s=4.25 update_s=0.76
E2 e2_three_day_r1 step=260/300 win=0.6406 kl=0.00267 rollout_s=4.20 update_s=0.89
E2 e2_three_day_r1 step=261/300 win=0.6302 kl=0.00212 rollout_s=4.33 update_s=0.71
E2 e2_three_day_r1 step=262/300 win=0.6198 kl=0.00347 rollout_s=4.26 update_s=0.83
E2 e2_three_day_r1 step=263/300 win=0.6406 kl=0.00305 rollout_s=4.23 update_s=0.72
E2 e2_three_day_r1 step=264/300 win=0.5573 kl=0.00294 rollout_s=4.30 update_s=0.88
E2 e2_three_day_r1 step=265/300 win=0.5938 kl=0.00324 rollout_s=4.18 update_s=0.74
E2 e2_three_day_r1 step=266/300 win=0.5938 kl=0.00378 rollout_s=4.17 update_s=0.85
E2 e2_three_day_r1 step=267/300 win=0.6250 kl=0.00281 rollout_s=4.20 update_s=0.75
E2 e2_three_day_r1 step=268/300 win=0.6667 kl=0.00271 rollout_s=4.45 update_s=0.79
E2 e2_three_day_r1 step=269/300 win=0.6146 kl=0.00261 rollout_s=4.30 update_s=0.72
E2 e2_three_day_r1 step=270/300 win=0.5990 kl=0.00263 rollout_s=4.16 update_s=0.70
E2 e2_three_day_r1 step=271/300 win=0.5625 kl=0.00157 rollout_s=4.21 update_s=0.85
E2 e2_three_day_r1 step=272/300 win=0.5469 kl=0.00239 rollout_s=4.16 update_s=0.73
E2 e2_three_day_r1 step=273/300 win=0.6719 kl=0.00217 rollout_s=4.18 update_s=0.77
E2 e2_three_day_r1 step=274/300 win=0.6146 kl=0.00292 rollout_s=4.29 update_s=0.67
E2 e2_three_day_r1 step=275/300 win=0.6354 kl=0.00235 rollout_s=4.33 update_s=0.80
E2 e2_three_day_r1 step=276/300 win=0.6302 kl=0.00246 rollout_s=4.18 update_s=0.74
E2 e2_three_day_r1 step=277/300 win=0.6146 kl=0.00278 rollout_s=4.21 update_s=0.77
E2 e2_three_day_r1 step=278/300 win=0.6146 kl=0.00208 rollout_s=4.38 update_s=0.77
E2 e2_three_day_r1 step=279/300 win=0.6146 kl=0.00326 rollout_s=4.16 update_s=0.74
E2 e2_three_day_r1 step=280/300 win=0.6875 kl=0.00136 rollout_s=4.18 update_s=0.76
E2 e2_three_day_r1 step=281/300 win=0.6719 kl=0.00342 rollout_s=4.41 update_s=0.71
E2 e2_three_day_r1 step=282/300 win=0.5677 kl=0.00321 rollout_s=4.22 update_s=0.78
E2 e2_three_day_r1 step=283/300 win=0.6458 kl=0.00199 rollout_s=4.15 update_s=0.72
E2 e2_three_day_r1 step=284/300 win=0.6198 kl=0.00366 rollout_s=4.15 update_s=0.70
E2 e2_three_day_r1 step=285/300 win=0.6250 kl=0.00241 rollout_s=4.15 update_s=0.75
E2 e2_three_day_r1 step=286/300 win=0.6354 kl=0.00150 rollout_s=4.21 update_s=0.78
E2 e2_three_day_r1 step=287/300 win=0.6042 kl=0.00320 rollout_s=4.23 update_s=0.87
E2 e2_three_day_r1 step=288/300 win=0.6354 kl=0.00301 rollout_s=4.47 update_s=0.85
E2 e2_three_day_r1 step=289/300 win=0.5781 kl=0.00248 rollout_s=4.19 update_s=0.83
E2 e2_three_day_r1 step=290/300 win=0.5729 kl=0.00352 rollout_s=4.22 update_s=0.80
E2 e2_three_day_r1 step=291/300 win=0.6354 kl=0.00342 rollout_s=4.17 update_s=0.75
E2 e2_three_day_r1 step=292/300 win=0.5938 kl=0.00220 rollout_s=4.17 update_s=0.73
E2 e2_three_day_r1 step=293/300 win=0.5885 kl=0.00270 rollout_s=4.18 update_s=0.79
E2 e2_three_day_r1 step=294/300 win=0.6198 kl=0.00209 rollout_s=4.26 update_s=0.66
E2 e2_three_day_r1 step=295/300 win=0.6510 kl=0.00266 rollout_s=4.33 update_s=0.84
E2 e2_three_day_r1 step=296/300 win=0.6094 kl=0.00216 rollout_s=4.13 update_s=0.76
E2 e2_three_day_r1 step=297/300 win=0.6198 kl=0.00313 rollout_s=4.19 update_s=0.84
E2 e2_three_day_r1 step=298/300 win=0.5833 kl=0.00181 rollout_s=4.19 update_s=0.77
E2 e2_three_day_r1 step=299/300 win=0.5938 kl=0.00273 rollout_s=4.15 update_s=0.88
E2 e2_three_day_r1 step=300/300 win=0.6562 kl=0.00397 rollout_s=4.24 update_s=0.74
E2_REPEAT_COMPLETE e2_three_day_r1 heldout_win=0.4100 full_panel_win=0.5714
E2_DONE three_day {
  "0": {
    "heldout": {
      "games": 200,
      "wins": 93,
      "win_rate": 0.465,
      "mean_margin": 1001.2,
      "opponents": [
        "yhay81_three_day"
      ]
    },
    "full": {
      "games": 1400,
      "wins": 867,
      "win_rate": 0.6192857142857143,
      "mean_margin": 7813.175,
      "opponents": [
        "g001",
        "g003",
        "boatlee_v29",
        "kaito_v58",
        "lynn_v5",
        "yhay81_six_day",
        "yhay81_three_day"
      ]
    }
  },
  "1": {
    "heldout": {
      "games": 200,
      "wins": 82,
      "win_rate": 0.41,
      "mean_margin": 1459.565,
      "opponents": [
        "yhay81_three_day"
      ]
    },
    "full": {
      "games": 1400,
      "wins": 800,
      "win_rate": 0.5714285714285714,
      "mean_margin": 7066.936428571428,
      "opponents": [
        "g001",
        "g003",
        "boatlee_v29",
        "kaito_v58",
        "lynn_v5",
        "yhay81_six_day",
        "yhay81_three_day"
      ]
    }
  }
}
QUEUE: finished E2 held-out=three_day at Mon Sep  7 04:52:44 JST 2026
QUEUE: starting E2 held-out=g003 at Mon Sep  7 04:52:44 JST 2026
KEEP held-out baselines: {
  "three_day": {
    "games": 200,
    "wins": 86,
    "win_rate": 0.43,
    "mean_margin": 2166.89,
    "opponents": [
      "yhay81_three_day"
    ]
  },
  "g003": {
    "games": 200,
    "wins": 91,
    "win_rate": 0.455,
    "mean_margin": 188.61,
    "opponents": [
      "g003"
    ]
  },
  "kaito": {
    "games": 200,
    "wins": 139,
    "win_rate": 0.695,
    "mean_margin": 7549.79,
    "opponents": [
      "kaito_v58"
    ]
  }
}
E2 e2_g003_r0 step=1/300 win=0.5573 kl=0.00001 rollout_s=4.17 update_s=2.55
E2 e2_g003_r0 step=2/300 win=0.5260 kl=0.00015 rollout_s=4.19 update_s=0.80
E2 e2_g003_r0 step=3/300 win=0.5156 kl=0.00044 rollout_s=4.14 update_s=0.80
E2 e2_g003_r0 step=4/300 win=0.5781 kl=0.00014 rollout_s=4.15 update_s=0.79
E2 e2_g003_r0 step=5/300 win=0.4583 kl=0.00178 rollout_s=4.39 update_s=0.79
E2 e2_g003_r0 step=6/300 win=0.5677 kl=0.00192 rollout_s=4.18 update_s=0.81
E2 e2_g003_r0 step=7/300 win=0.4792 kl=0.00074 rollout_s=4.17 update_s=0.70
E2 e2_g003_r0 step=8/300 win=0.5677 kl=0.00079 rollout_s=4.24 update_s=0.77
E2 e2_g003_r0 step=9/300 win=0.5365 kl=0.00142 rollout_s=4.18 update_s=0.69
E2 e2_g003_r0 step=10/300 win=0.5521 kl=0.00188 rollout_s=4.18 update_s=0.84
E2 e2_g003_r0 step=11/300 win=0.6302 kl=0.00141 rollout_s=4.16 update_s=0.75
E2 e2_g003_r0 step=12/300 win=0.5990 kl=0.00134 rollout_s=4.35 update_s=0.78
E2 e2_g003_r0 step=13/300 win=0.5417 kl=0.00122 rollout_s=4.18 update_s=0.80
E2 e2_g003_r0 step=14/300 win=0.5729 kl=0.00195 rollout_s=4.20 update_s=0.88
E2 e2_g003_r0 step=15/300 win=0.5729 kl=0.00121 rollout_s=4.18 update_s=0.79
E2 e2_g003_r0 step=16/300 win=0.5781 kl=0.00039 rollout_s=4.17 update_s=0.87
E2 e2_g003_r0 step=17/300 win=0.5677 kl=0.00096 rollout_s=4.20 update_s=0.86
E2 e2_g003_r0 step=18/300 win=0.5260 kl=0.00150 rollout_s=4.38 update_s=0.70
E2 e2_g003_r0 step=19/300 win=0.5677 kl=0.00109 rollout_s=4.18 update_s=0.78
E2 e2_g003_r0 step=20/300 win=0.5677 kl=0.00154 rollout_s=4.20 update_s=0.82
E2 e2_g003_r0 step=21/300 win=0.4948 kl=0.00111 rollout_s=4.20 update_s=0.90
E2 e2_g003_r0 step=22/300 win=0.6250 kl=0.00186 rollout_s=4.14 update_s=0.75
E2 e2_g003_r0 step=23/300 win=0.5104 kl=0.00233 rollout_s=4.18 update_s=0.83
E2 e2_g003_r0 step=24/300 win=0.5573 kl=0.00091 rollout_s=4.17 update_s=0.75
E2 e2_g003_r0 step=25/300 win=0.5260 kl=0.00099 rollout_s=4.43 update_s=0.96
E2 e2_g003_r0 step=26/300 win=0.5885 kl=0.00142 rollout_s=4.26 update_s=0.70
E2 e2_g003_r0 step=27/300 win=0.5990 kl=0.00063 rollout_s=4.19 update_s=0.76
E2 e2_g003_r0 step=28/300 win=0.6406 kl=0.00336 rollout_s=4.18 update_s=0.81
E2 e2_g003_r0 step=29/300 win=0.5833 kl=0.00209 rollout_s=4.18 update_s=0.71
E2 e2_g003_r0 step=30/300 win=0.5625 kl=0.00339 rollout_s=4.21 update_s=0.90
E2 e2_g003_r0 step=31/300 win=0.5469 kl=0.00169 rollout_s=4.23 update_s=0.74
E2 e2_g003_r0 step=32/300 win=0.5781 kl=0.00199 rollout_s=4.25 update_s=0.88
E2 e2_g003_r0 step=33/300 win=0.6042 kl=0.00096 rollout_s=4.23 update_s=0.75
E2 e2_g003_r0 step=34/300 win=0.5573 kl=0.00060 rollout_s=4.24 update_s=0.79
E2 e2_g003_r0 step=35/300 win=0.6094 kl=0.00214 rollout_s=4.18 update_s=0.77
E2 e2_g003_r0 step=36/300 win=0.5573 kl=0.00110 rollout_s=4.20 update_s=0.72
E2 e2_g003_r0 step=37/300 win=0.6042 kl=0.00149 rollout_s=4.13 update_s=0.75
E2 e2_g003_r0 step=38/300 win=0.5677 kl=0.00187 rollout_s=4.48 update_s=0.81
E2 e2_g003_r0 step=39/300 win=0.6198 kl=0.00242 rollout_s=4.18 update_s=0.80
E2 e2_g003_r0 step=40/300 win=0.5729 kl=0.00286 rollout_s=4.17 update_s=0.83
E2 e2_g003_r0 step=41/300 win=0.6354 kl=0.00254 rollout_s=4.19 update_s=0.78
E2 e2_g003_r0 step=42/300 win=0.6510 kl=0.00349 rollout_s=4.19 update_s=0.95
E2 e2_g003_r0 step=43/300 win=0.5781 kl=0.00531 rollout_s=4.17 update_s=0.82
E2 e2_g003_r0 step=44/300 win=0.5260 kl=0.00270 rollout_s=4.17 update_s=0.80
E2 e2_g003_r0 step=45/300 win=0.5990 kl=0.00415 rollout_s=4.39 update_s=0.77
E2 e2_g003_r0 step=46/300 win=0.5521 kl=0.00326 rollout_s=4.27 update_s=0.81
E2 e2_g003_r0 step=47/300 win=0.5677 kl=0.00264 rollout_s=4.18 update_s=0.74
E2 e2_g003_r0 step=48/300 win=0.5521 kl=0.00205 rollout_s=4.22 update_s=0.77
E2 e2_g003_r0 step=49/300 win=0.5417 kl=0.00353 rollout_s=4.25 update_s=0.77
E2 e2_g003_r0 step=50/300 win=0.6198 kl=0.00327 rollout_s=4.26 update_s=0.76
E2 e2_g003_r0 step=51/300 win=0.5885 kl=0.00417 rollout_s=4.33 update_s=0.69
E2 e2_g003_r0 step=52/300 win=0.5677 kl=0.00317 rollout_s=4.28 update_s=0.80
E2 e2_g003_r0 step=53/300 win=0.5729 kl=0.00323 rollout_s=4.20 update_s=0.79
E2 e2_g003_r0 step=54/300 win=0.5365 kl=0.00273 rollout_s=4.38 update_s=0.80
E2 e2_g003_r0 step=55/300 win=0.5573 kl=0.00287 rollout_s=4.17 update_s=0.79
E2 e2_g003_r0 step=56/300 win=0.5365 kl=0.00246 rollout_s=4.18 update_s=0.82
E2 e2_g003_r0 step=57/300 win=0.5833 kl=0.00306 rollout_s=4.19 update_s=0.78
E2 e2_g003_r0 step=58/300 win=0.6042 kl=0.00214 rollout_s=4.45 update_s=0.83
E2 e2_g003_r0 step=59/300 win=0.5990 kl=0.00326 rollout_s=4.16 update_s=0.77
E2 e2_g003_r0 step=60/300 win=0.6562 kl=0.00392 rollout_s=4.19 update_s=0.77
E2 e2_g003_r0 step=61/300 win=0.5938 kl=0.00380 rollout_s=4.22 update_s=0.94
E2 e2_g003_r0 step=62/300 win=0.6042 kl=0.00247 rollout_s=4.24 update_s=0.77
E2 e2_g003_r0 step=63/300 win=0.5417 kl=0.00303 rollout_s=4.25 update_s=0.81
E2 e2_g003_r0 step=64/300 win=0.6198 kl=0.00252 rollout_s=4.77 update_s=0.70
E2 e2_g003_r0 step=65/300 win=0.5521 kl=0.00310 rollout_s=4.49 update_s=0.80
E2 e2_g003_r0 step=66/300 win=0.6510 kl=0.00241 rollout_s=4.37 update_s=0.78
E2 e2_g003_r0 step=67/300 win=0.6198 kl=0.00239 rollout_s=4.20 update_s=0.86
E2 e2_g003_r0 step=68/300 win=0.5833 kl=0.00211 rollout_s=4.25 update_s=0.83
E2 e2_g003_r0 step=69/300 win=0.6146 kl=0.00372 rollout_s=4.21 update_s=0.73
E2 e2_g003_r0 step=70/300 win=0.6250 kl=0.00216 rollout_s=4.23 update_s=0.81
E2 e2_g003_r0 step=71/300 win=0.5781 kl=0.00369 rollout_s=4.45 update_s=0.83
E2 e2_g003_r0 step=72/300 win=0.6406 kl=0.00307 rollout_s=4.17 update_s=0.84
E2 e2_g003_r0 step=73/300 win=0.5938 kl=0.00263 rollout_s=4.26 update_s=0.86
E2 e2_g003_r0 step=74/300 win=0.5781 kl=0.00239 rollout_s=4.19 update_s=0.78
E2 e2_g003_r0 step=75/300 win=0.5417 kl=0.00184 rollout_s=4.21 update_s=0.89
E2 e2_g003_r0 step=76/300 win=0.5625 kl=0.00355 rollout_s=4.21 update_s=0.69
E2 e2_g003_r0 step=77/300 win=0.6042 kl=0.00405 rollout_s=4.29 update_s=0.68
E2 e2_g003_r0 step=78/300 win=0.5990 kl=0.00237 rollout_s=4.27 update_s=0.77
E2 e2_g003_r0 step=79/300 win=0.5417 kl=0.00263 rollout_s=4.25 update_s=0.82
E2 e2_g003_r0 step=80/300 win=0.5885 kl=0.00247 rollout_s=4.27 update_s=0.80
E2 e2_g003_r0 step=81/300 win=0.5729 kl=0.00226 rollout_s=4.18 update_s=0.75
E2 e2_g003_r0 step=82/300 win=0.6094 kl=0.00242 rollout_s=4.20 update_s=0.72
E2 e2_g003_r0 step=83/300 win=0.5677 kl=0.00246 rollout_s=4.26 update_s=0.90
E2 e2_g003_r0 step=84/300 win=0.6146 kl=0.00294 rollout_s=4.42 update_s=0.75
E2 e2_g003_r0 step=85/300 win=0.5990 kl=0.00250 rollout_s=4.17 update_s=0.81
E2 e2_g003_r0 step=86/300 win=0.6354 kl=0.00266 rollout_s=4.19 update_s=0.72
E2 e2_g003_r0 step=87/300 win=0.6302 kl=0.00313 rollout_s=4.19 update_s=0.93
E2 e2_g003_r0 step=88/300 win=0.5625 kl=0.00488 rollout_s=4.26 update_s=0.76
E2 e2_g003_r0 step=89/300 win=0.6302 kl=0.00181 rollout_s=4.21 update_s=0.82
E2 e2_g003_r0 step=90/300 win=0.6094 kl=0.00204 rollout_s=4.20 update_s=0.69
E2 e2_g003_r0 step=91/300 win=0.5833 kl=0.00380 rollout_s=4.38 update_s=0.79
E2 e2_g003_r0 step=92/300 win=0.6354 kl=0.00272 rollout_s=4.15 update_s=0.82
E2 e2_g003_r0 step=93/300 win=0.6719 kl=0.00341 rollout_s=4.20 update_s=0.76
E2 e2_g003_r0 step=94/300 win=0.6042 kl=0.00287 rollout_s=4.21 update_s=0.86
E2 e2_g003_r0 step=95/300 win=0.6250 kl=0.00327 rollout_s=4.24 update_s=0.73
E2 e2_g003_r0 step=96/300 win=0.5938 kl=0.00234 rollout_s=4.19 update_s=0.76
E2 e2_g003_r0 step=97/300 win=0.5729 kl=0.00433 rollout_s=4.39 update_s=0.67
E2 e2_g003_r0 step=98/300 win=0.5625 kl=0.00361 rollout_s=4.25 update_s=0.77
E2 e2_g003_r0 step=99/300 win=0.6354 kl=0.00213 rollout_s=4.14 update_s=0.81
E2 e2_g003_r0 step=100/300 win=0.5885 kl=0.00162 rollout_s=4.14 update_s=0.71
E2 e2_g003_r0 step=101/300 win=0.5417 kl=0.00233 rollout_s=4.20 update_s=0.78
E2 e2_g003_r0 step=102/300 win=0.6354 kl=0.00334 rollout_s=4.15 update_s=0.74
E2 e2_g003_r0 step=103/300 win=0.6146 kl=0.00303 rollout_s=4.19 update_s=0.80
E2 e2_g003_r0 step=104/300 win=0.5938 kl=0.00255 rollout_s=4.42 update_s=0.76
E2 e2_g003_r0 step=105/300 win=0.6146 kl=0.00374 rollout_s=4.21 update_s=0.77
E2 e2_g003_r0 step=106/300 win=0.5781 kl=0.00340 rollout_s=4.24 update_s=0.75
E2 e2_g003_r0 step=107/300 win=0.5990 kl=0.00380 rollout_s=4.17 update_s=0.81
E2 e2_g003_r0 step=108/300 win=0.6354 kl=0.00332 rollout_s=4.15 update_s=0.84
E2 e2_g003_r0 step=109/300 win=0.6354 kl=0.00287 rollout_s=4.17 update_s=0.74
E2 e2_g003_r0 step=110/300 win=0.5677 kl=0.00272 rollout_s=4.24 update_s=0.69
E2 e2_g003_r0 step=111/300 win=0.5885 kl=0.00440 rollout_s=4.32 update_s=0.88
E2 e2_g003_r0 step=112/300 win=0.6198 kl=0.00285 rollout_s=4.24 update_s=0.74
E2 e2_g003_r0 step=113/300 win=0.6198 kl=0.00273 rollout_s=4.28 update_s=0.82
E2 e2_g003_r0 step=114/300 win=0.5990 kl=0.00358 rollout_s=4.28 update_s=0.71
E2 e2_g003_r0 step=115/300 win=0.6198 kl=0.00303 rollout_s=4.16 update_s=0.82
E2 e2_g003_r0 step=116/300 win=0.5677 kl=0.00287 rollout_s=4.18 update_s=0.77
E2 e2_g003_r0 step=117/300 win=0.6562 kl=0.00332 rollout_s=4.33 update_s=0.73
E2 e2_g003_r0 step=118/300 win=0.6510 kl=0.00440 rollout_s=4.18 update_s=0.74
E2 e2_g003_r0 step=119/300 win=0.5729 kl=0.00308 rollout_s=4.13 update_s=0.77
E2 e2_g003_r0 step=120/300 win=0.6250 kl=0.00397 rollout_s=4.15 update_s=0.79
E2 e2_g003_r0 step=121/300 win=0.6458 kl=0.00264 rollout_s=4.29 update_s=0.86
E2 e2_g003_r0 step=122/300 win=0.5990 kl=0.00282 rollout_s=4.21 update_s=0.77
E2 e2_g003_r0 step=123/300 win=0.5469 kl=0.00289 rollout_s=4.27 update_s=0.79
E2 e2_g003_r0 step=124/300 win=0.6302 kl=0.00368 rollout_s=4.38 update_s=0.72
E2 e2_g003_r0 step=125/300 win=0.6615 kl=0.00223 rollout_s=4.16 update_s=0.76
E2 e2_g003_r0 step=126/300 win=0.6510 kl=0.00170 rollout_s=4.16 update_s=0.85
E2 e2_g003_r0 step=127/300 win=0.5677 kl=0.00326 rollout_s=4.25 update_s=0.74
E2 e2_g003_r0 step=128/300 win=0.6615 kl=0.00289 rollout_s=4.20 update_s=0.76
E2 e2_g003_r0 step=129/300 win=0.6562 kl=0.00329 rollout_s=4.20 update_s=0.80
E2 e2_g003_r0 step=130/300 win=0.6146 kl=0.00312 rollout_s=4.25 update_s=0.69
E2 e2_g003_r0 step=131/300 win=0.5990 kl=0.00283 rollout_s=4.29 update_s=0.79
E2 e2_g003_r0 step=132/300 win=0.6250 kl=0.00266 rollout_s=4.33 update_s=0.69
E2 e2_g003_r0 step=133/300 win=0.6250 kl=0.00328 rollout_s=4.19 update_s=0.83
E2 e2_g003_r0 step=134/300 win=0.6198 kl=0.00301 rollout_s=4.20 update_s=0.75
E2 e2_g003_r0 step=135/300 win=0.5885 kl=0.00265 rollout_s=4.22 update_s=0.76
E2 e2_g003_r0 step=136/300 win=0.6667 kl=0.00212 rollout_s=4.21 update_s=0.87
E2 e2_g003_r0 step=137/300 win=0.6562 kl=0.00370 rollout_s=4.38 update_s=0.76
E2 e2_g003_r0 step=138/300 win=0.6250 kl=0.00312 rollout_s=4.23 update_s=0.73
E2 e2_g003_r0 step=139/300 win=0.6146 kl=0.00214 rollout_s=4.12 update_s=0.79
E2 e2_g003_r0 step=140/300 win=0.6094 kl=0.00313 rollout_s=4.19 update_s=0.71
E2 e2_g003_r0 step=141/300 win=0.5677 kl=0.00259 rollout_s=4.22 update_s=0.83
E2 e2_g003_r0 step=142/300 win=0.6354 kl=0.00215 rollout_s=4.22 update_s=0.85
E2 e2_g003_r0 step=143/300 win=0.6146 kl=0.00240 rollout_s=4.19 update_s=0.69
E2 e2_g003_r0 step=144/300 win=0.6250 kl=0.00287 rollout_s=4.30 update_s=0.76
E2 e2_g003_r0 step=145/300 win=0.5833 kl=0.00230 rollout_s=4.15 update_s=0.69
E2 e2_g003_r0 step=146/300 win=0.6042 kl=0.00326 rollout_s=4.13 update_s=0.83
E2 e2_g003_r0 step=147/300 win=0.6823 kl=0.00367 rollout_s=4.17 update_s=0.79
E2 e2_g003_r0 step=148/300 win=0.5990 kl=0.00286 rollout_s=4.31 update_s=0.76
E2 e2_g003_r0 step=149/300 win=0.7031 kl=0.00301 rollout_s=4.18 update_s=0.87
E2 e2_g003_r0 step=150/300 win=0.5573 kl=0.00317 rollout_s=4.35 update_s=0.70
E2 e2_g003_r0 step=151/300 win=0.6615 kl=0.00317 rollout_s=4.15 update_s=0.74
E2 e2_g003_r0 step=152/300 win=0.6198 kl=0.00263 rollout_s=4.15 update_s=0.75
E2 e2_g003_r0 step=153/300 win=0.6719 kl=0.00330 rollout_s=4.17 update_s=0.77
E2 e2_g003_r0 step=154/300 win=0.6302 kl=0.00327 rollout_s=4.14 update_s=0.79
E2 e2_g003_r0 step=155/300 win=0.5938 kl=0.00302 rollout_s=4.24 update_s=0.79
E2 e2_g003_r0 step=156/300 win=0.6302 kl=0.00186 rollout_s=4.16 update_s=0.81
E2 e2_g003_r0 step=157/300 win=0.5885 kl=0.00365 rollout_s=4.47 update_s=0.81
E2 e2_g003_r0 step=158/300 win=0.6562 kl=0.00359 rollout_s=4.24 update_s=0.78
E2 e2_g003_r0 step=159/300 win=0.6562 kl=0.00353 rollout_s=4.20 update_s=0.86
E2 e2_g003_r0 step=160/300 win=0.5521 kl=0.00362 rollout_s=4.24 update_s=0.76
E2 e2_g003_r0 step=161/300 win=0.5625 kl=0.00376 rollout_s=4.21 update_s=0.80
E2 e2_g003_r0 step=162/300 win=0.6458 kl=0.00295 rollout_s=4.15 update_s=0.79
E2 e2_g003_r0 step=163/300 win=0.6719 kl=0.00188 rollout_s=4.25 update_s=0.71
E2 e2_g003_r0 step=164/300 win=0.6354 kl=0.00387 rollout_s=4.31 update_s=0.79
E2 e2_g003_r0 step=165/300 win=0.5990 kl=0.00294 rollout_s=4.20 update_s=0.74
E2 e2_g003_r0 step=166/300 win=0.6146 kl=0.00284 rollout_s=4.19 update_s=0.85
E2 e2_g003_r0 step=167/300 win=0.5833 kl=0.00235 rollout_s=4.17 update_s=0.79
E2 e2_g003_r0 step=168/300 win=0.6458 kl=0.00267 rollout_s=4.13 update_s=0.77
E2 e2_g003_r0 step=169/300 win=0.6719 kl=0.00399 rollout_s=4.19 update_s=0.88
E2 e2_g003_r0 step=170/300 win=0.6875 kl=0.00320 rollout_s=4.43 update_s=0.70
E2 e2_g003_r0 step=171/300 win=0.6406 kl=0.00441 rollout_s=4.28 update_s=0.78
E2 e2_g003_r0 step=172/300 win=0.6615 kl=0.00264 rollout_s=4.21 update_s=0.80
E2 e2_g003_r0 step=173/300 win=0.6042 kl=0.00253 rollout_s=4.30 update_s=0.77
E2 e2_g003_r0 step=174/300 win=0.6354 kl=0.00279 rollout_s=4.19 update_s=0.79
E2 e2_g003_r0 step=175/300 win=0.6094 kl=0.00341 rollout_s=4.22 update_s=0.86
E2 e2_g003_r0 step=176/300 win=0.5156 kl=0.00209 rollout_s=4.22 update_s=0.76
E2 e2_g003_r0 step=177/300 win=0.6458 kl=0.00415 rollout_s=4.39 update_s=0.87
E2 e2_g003_r0 step=178/300 win=0.6406 kl=0.00187 rollout_s=4.20 update_s=0.76
E2 e2_g003_r0 step=179/300 win=0.6198 kl=0.00347 rollout_s=4.18 update_s=0.79
E2 e2_g003_r0 step=180/300 win=0.6146 kl=0.00271 rollout_s=4.18 update_s=0.82
E2 e2_g003_r0 step=181/300 win=0.6719 kl=0.00429 rollout_s=4.21 update_s=0.85
E2 e2_g003_r0 step=182/300 win=0.5885 kl=0.00283 rollout_s=4.21 update_s=0.88
E2 e2_g003_r0 step=183/300 win=0.5990 kl=0.00233 rollout_s=4.52 update_s=0.88
E2 e2_g003_r0 step=184/300 win=0.5885 kl=0.00315 rollout_s=4.22 update_s=0.74
E2 e2_g003_r0 step=185/300 win=0.6719 kl=0.00302 rollout_s=4.36 update_s=0.83
E2 e2_g003_r0 step=186/300 win=0.5990 kl=0.00280 rollout_s=4.20 update_s=0.73
E2 e2_g003_r0 step=187/300 win=0.6042 kl=0.00185 rollout_s=4.20 update_s=0.75
E2 e2_g003_r0 step=188/300 win=0.7031 kl=0.00191 rollout_s=4.19 update_s=0.78
E2 e2_g003_r0 step=189/300 win=0.6458 kl=0.00253 rollout_s=4.25 update_s=0.73
E2 e2_g003_r0 step=190/300 win=0.6354 kl=0.00304 rollout_s=4.42 update_s=0.83
E2 e2_g003_r0 step=191/300 win=0.6615 kl=0.00328 rollout_s=4.18 update_s=0.84
E2 e2_g003_r0 step=192/300 win=0.5990 kl=0.00286 rollout_s=4.22 update_s=0.78
E2 e2_g003_r0 step=193/300 win=0.5625 kl=0.00334 rollout_s=4.19 update_s=0.79
E2 e2_g003_r0 step=194/300 win=0.6458 kl=0.00321 rollout_s=4.17 update_s=0.81
E2 e2_g003_r0 step=195/300 win=0.5885 kl=0.00318 rollout_s=4.25 update_s=0.74
E2 e2_g003_r0 step=196/300 win=0.6198 kl=0.00227 rollout_s=4.26 update_s=0.78
E2 e2_g003_r0 step=197/300 win=0.6510 kl=0.00340 rollout_s=4.26 update_s=0.77
E2 e2_g003_r0 step=198/300 win=0.6302 kl=0.00227 rollout_s=4.13 update_s=0.77
E2 e2_g003_r0 step=199/300 win=0.6094 kl=0.00339 rollout_s=4.19 update_s=0.77
E2 e2_g003_r0 step=200/300 win=0.6354 kl=0.00186 rollout_s=4.23 update_s=0.85
E2 e2_g003_r0 step=201/300 win=0.6354 kl=0.00197 rollout_s=4.20 update_s=0.71
E2 e2_g003_r0 step=202/300 win=0.6354 kl=0.00303 rollout_s=4.19 update_s=0.82
E2 e2_g003_r0 step=203/300 win=0.6927 kl=0.00113 rollout_s=4.39 update_s=0.82
E2 e2_g003_r0 step=204/300 win=0.5677 kl=0.00211 rollout_s=4.19 update_s=0.82
E2 e2_g003_r0 step=205/300 win=0.7448 kl=0.00367 rollout_s=4.20 update_s=0.70
E2 e2_g003_r0 step=206/300 win=0.6406 kl=0.00299 rollout_s=4.16 update_s=0.81
E2 e2_g003_r0 step=207/300 win=0.7240 kl=0.00178 rollout_s=4.31 update_s=0.81
E2 e2_g003_r0 step=208/300 win=0.5833 kl=0.00337 rollout_s=4.26 update_s=0.87
E2 e2_g003_r0 step=209/300 win=0.6354 kl=0.00226 rollout_s=4.15 update_s=0.69
E2 e2_g003_r0 step=210/300 win=0.6771 kl=0.00248 rollout_s=4.53 update_s=0.87
E2 e2_g003_r0 step=211/300 win=0.6302 kl=0.00240 rollout_s=4.16 update_s=0.75
E2 e2_g003_r0 step=212/300 win=0.6771 kl=0.00239 rollout_s=4.24 update_s=0.81
E2 e2_g003_r0 step=213/300 win=0.6667 kl=0.00421 rollout_s=4.33 update_s=0.76
E2 e2_g003_r0 step=214/300 win=0.6198 kl=0.00242 rollout_s=4.20 update_s=0.93
E2 e2_g003_r0 step=215/300 win=0.6406 kl=0.00266 rollout_s=4.26 update_s=0.71
E2 e2_g003_r0 step=216/300 win=0.5885 kl=0.00401 rollout_s=4.42 update_s=0.86
E2 e2_g003_r0 step=217/300 win=0.6771 kl=0.00310 rollout_s=4.27 update_s=0.72
E2 e2_g003_r0 step=218/300 win=0.6458 kl=0.00311 rollout_s=4.21 update_s=0.80
E2 e2_g003_r0 step=219/300 win=0.6250 kl=0.00275 rollout_s=4.27 update_s=0.75
E2 e2_g003_r0 step=220/300 win=0.6562 kl=0.00299 rollout_s=4.16 update_s=0.82
E2 e2_g003_r0 step=221/300 win=0.6875 kl=0.00295 rollout_s=4.17 update_s=0.71
E2 e2_g003_r0 step=222/300 win=0.7135 kl=0.00287 rollout_s=4.17 update_s=0.85
E2 e2_g003_r0 step=223/300 win=0.5781 kl=0.00207 rollout_s=4.41 update_s=0.87
E2 e2_g003_r0 step=224/300 win=0.6615 kl=0.00277 rollout_s=4.20 update_s=0.78
E2 e2_g003_r0 step=225/300 win=0.6146 kl=0.00220 rollout_s=4.19 update_s=0.84
E2 e2_g003_r0 step=226/300 win=0.6146 kl=0.00318 rollout_s=4.16 update_s=0.76
E2 e2_g003_r0 step=227/300 win=0.6198 kl=0.00285 rollout_s=4.21 update_s=0.84
E2 e2_g003_r0 step=228/300 win=0.6198 kl=0.00312 rollout_s=4.09 update_s=0.87
E2 e2_g003_r0 step=229/300 win=0.6823 kl=0.00284 rollout_s=4.29 update_s=0.75
E2 e2_g003_r0 step=230/300 win=0.6667 kl=0.00367 rollout_s=4.27 update_s=0.74
E2 e2_g003_r0 step=231/300 win=0.5990 kl=0.00314 rollout_s=4.23 update_s=0.90
E2 e2_g003_r0 step=232/300 win=0.6042 kl=0.00239 rollout_s=4.17 update_s=0.75
E2 e2_g003_r0 step=233/300 win=0.6406 kl=0.00377 rollout_s=4.27 update_s=0.80
E2 e2_g003_r0 step=234/300 win=0.5729 kl=0.00347 rollout_s=4.22 update_s=0.76
E2 e2_g003_r0 step=235/300 win=0.6354 kl=0.00232 rollout_s=4.21 update_s=0.79
E2 e2_g003_r0 step=236/300 win=0.6250 kl=0.00367 rollout_s=4.43 update_s=0.73
E2 e2_g003_r0 step=237/300 win=0.6406 kl=0.00265 rollout_s=4.17 update_s=0.78
E2 e2_g003_r0 step=238/300 win=0.6771 kl=0.00306 rollout_s=4.16 update_s=0.82
E2 e2_g003_r0 step=239/300 win=0.5833 kl=0.00263 rollout_s=4.20 update_s=0.80
E2 e2_g003_r0 step=240/300 win=0.6667 kl=0.00422 rollout_s=4.17 update_s=0.73
E2 e2_g003_r0 step=241/300 win=0.6667 kl=0.00293 rollout_s=4.20 update_s=0.79
E2 e2_g003_r0 step=242/300 win=0.6198 kl=0.00307 rollout_s=4.30 update_s=0.69
E2 e2_g003_r0 step=243/300 win=0.5781 kl=0.00266 rollout_s=4.38 update_s=0.79
E2 e2_g003_r0 step=244/300 win=0.6771 kl=0.00341 rollout_s=4.21 update_s=0.70
E2 e2_g003_r0 step=245/300 win=0.6615 kl=0.00305 rollout_s=4.18 update_s=0.83
E2 e2_g003_r0 step=246/300 win=0.6250 kl=0.00096 rollout_s=4.21 update_s=0.72
E2 e2_g003_r0 step=247/300 win=0.6146 kl=0.00191 rollout_s=4.19 update_s=0.85
E2 e2_g003_r0 step=248/300 win=0.6771 kl=0.00260 rollout_s=4.16 update_s=0.74
E2 e2_g003_r0 step=249/300 win=0.6875 kl=0.00230 rollout_s=4.35 update_s=0.70
E2 e2_g003_r0 step=250/300 win=0.6875 kl=0.00333 rollout_s=4.21 update_s=0.75
E2 e2_g003_r0 step=251/300 win=0.6510 kl=0.00234 rollout_s=4.22 update_s=0.80
E2 e2_g003_r0 step=252/300 win=0.6510 kl=0.00270 rollout_s=4.20 update_s=0.76
E2 e2_g003_r0 step=253/300 win=0.6458 kl=0.00362 rollout_s=4.28 update_s=0.72
E2 e2_g003_r0 step=254/300 win=0.6198 kl=0.00292 rollout_s=4.24 update_s=0.75
E2 e2_g003_r0 step=255/300 win=0.6302 kl=0.00266 rollout_s=4.24 update_s=0.78
E2 e2_g003_r0 step=256/300 win=0.6042 kl=0.00226 rollout_s=4.42 update_s=0.81
E2 e2_g003_r0 step=257/300 win=0.6302 kl=0.00204 rollout_s=4.15 update_s=0.82
E2 e2_g003_r0 step=258/300 win=0.6354 kl=0.00282 rollout_s=4.13 update_s=0.84
E2 e2_g003_r0 step=259/300 win=0.5781 kl=0.00271 rollout_s=4.19 update_s=0.74
E2 e2_g003_r0 step=260/300 win=0.6302 kl=0.00266 rollout_s=4.19 update_s=0.80
E2 e2_g003_r0 step=261/300 win=0.5990 kl=0.00143 rollout_s=4.22 update_s=0.86
E2 e2_g003_r0 step=262/300 win=0.6719 kl=0.00248 rollout_s=4.32 update_s=0.67
E2 e2_g003_r0 step=263/300 win=0.6458 kl=0.00320 rollout_s=4.22 update_s=0.84
E2 e2_g003_r0 step=264/300 win=0.6302 kl=0.00250 rollout_s=4.17 update_s=0.75
E2 e2_g003_r0 step=265/300 win=0.5990 kl=0.00235 rollout_s=4.21 update_s=0.90
E2 e2_g003_r0 step=266/300 win=0.5781 kl=0.00294 rollout_s=4.16 update_s=0.79
E2 e2_g003_r0 step=267/300 win=0.6302 kl=0.00375 rollout_s=4.30 update_s=0.79
E2 e2_g003_r0 step=268/300 win=0.5885 kl=0.00386 rollout_s=4.24 update_s=0.76
E2 e2_g003_r0 step=269/300 win=0.6094 kl=0.00296 rollout_s=4.43 update_s=0.80
E2 e2_g003_r0 step=270/300 win=0.5938 kl=0.00204 rollout_s=4.18 update_s=0.83
E2 e2_g003_r0 step=271/300 win=0.6250 kl=0.00282 rollout_s=4.15 update_s=0.80
E2 e2_g003_r0 step=272/300 win=0.6927 kl=0.00260 rollout_s=4.25 update_s=0.70
E2 e2_g003_r0 step=273/300 win=0.6250 kl=0.00121 rollout_s=4.20 update_s=0.88
E2 e2_g003_r0 step=274/300 win=0.5990 kl=0.00196 rollout_s=4.20 update_s=0.76
E2 e2_g003_r0 step=275/300 win=0.6406 kl=0.00253 rollout_s=4.40 update_s=0.71
E2 e2_g003_r0 step=276/300 win=0.6354 kl=0.00293 rollout_s=4.61 update_s=0.72
E2 e2_g003_r0 step=277/300 win=0.5781 kl=0.00233 rollout_s=4.15 update_s=0.76
E2 e2_g003_r0 step=278/300 win=0.6250 kl=0.00266 rollout_s=4.19 update_s=0.78
E2 e2_g003_r0 step=279/300 win=0.6354 kl=0.00258 rollout_s=4.19 update_s=0.77
E2 e2_g003_r0 step=280/300 win=0.6250 kl=0.00311 rollout_s=4.19 update_s=0.82
E2 e2_g003_r0 step=281/300 win=0.6458 kl=0.00300 rollout_s=4.21 update_s=0.79
E2 e2_g003_r0 step=282/300 win=0.5990 kl=0.00313 rollout_s=4.34 update_s=0.69
E2 e2_g003_r0 step=283/300 win=0.6406 kl=0.00293 rollout_s=4.16 update_s=0.85
E2 e2_g003_r0 step=284/300 win=0.5365 kl=0.00288 rollout_s=4.41 update_s=0.79
E2 e2_g003_r0 step=285/300 win=0.6510 kl=0.00251 rollout_s=4.19 update_s=0.81
E2 e2_g003_r0 step=286/300 win=0.6458 kl=0.00367 rollout_s=4.19 update_s=0.75
E2 e2_g003_r0 step=287/300 win=0.5885 kl=0.00251 rollout_s=4.15 update_s=0.76
E2 e2_g003_r0 step=288/300 win=0.6198 kl=0.00187 rollout_s=4.20 update_s=0.73
E2 e2_g003_r0 step=289/300 win=0.6250 kl=0.00251 rollout_s=4.40 update_s=0.71
E2 e2_g003_r0 step=290/300 win=0.6979 kl=0.00304 rollout_s=4.15 update_s=0.86
E2 e2_g003_r0 step=291/300 win=0.6406 kl=0.00176 rollout_s=4.24 update_s=0.76
E2 e2_g003_r0 step=292/300 win=0.6667 kl=0.00311 rollout_s=4.36 update_s=0.84
E2 e2_g003_r0 step=293/300 win=0.7083 kl=0.00245 rollout_s=4.15 update_s=0.75
E2 e2_g003_r0 step=294/300 win=0.6198 kl=0.00234 rollout_s=4.16 update_s=0.76
E2 e2_g003_r0 step=295/300 win=0.6667 kl=0.00256 rollout_s=4.24 update_s=0.75
E2 e2_g003_r0 step=296/300 win=0.6198 kl=0.00303 rollout_s=4.32 update_s=0.82
E2 e2_g003_r0 step=297/300 win=0.6198 kl=0.00160 rollout_s=4.27 update_s=0.86
E2 e2_g003_r0 step=298/300 win=0.5833 kl=0.00313 rollout_s=4.21 update_s=0.76
E2 e2_g003_r0 step=299/300 win=0.6406 kl=0.00176 rollout_s=4.16 update_s=0.91
E2 e2_g003_r0 step=300/300 win=0.6198 kl=0.00429 rollout_s=4.18 update_s=0.82
E2_REPEAT_COMPLETE e2_g003_r0 heldout_win=0.3800 full_panel_win=0.5993
E2 e2_g003_r1 step=1/300 win=0.4688 kl=0.00020 rollout_s=4.33 update_s=0.75
E2 e2_g003_r1 step=2/300 win=0.5052 kl=0.00015 rollout_s=4.27 update_s=0.79
E2 e2_g003_r1 step=3/300 win=0.5781 kl=0.00257 rollout_s=4.29 update_s=0.82
E2 e2_g003_r1 step=4/300 win=0.4427 kl=0.00082 rollout_s=4.20 update_s=0.88
E2 e2_g003_r1 step=5/300 win=0.4740 kl=0.00238 rollout_s=4.19 update_s=0.79
E2 e2_g003_r1 step=6/300 win=0.4896 kl=0.00460 rollout_s=4.21 update_s=0.77
E2 e2_g003_r1 step=7/300 win=0.5729 kl=0.00176 rollout_s=4.27 update_s=0.84
E2 e2_g003_r1 step=8/300 win=0.4740 kl=0.00201 rollout_s=4.45 update_s=0.80
E2 e2_g003_r1 step=9/300 win=0.4792 kl=0.00304 rollout_s=4.26 update_s=0.85
E2 e2_g003_r1 step=10/300 win=0.4635 kl=0.00332 rollout_s=4.23 update_s=0.80
E2 e2_g003_r1 step=11/300 win=0.4844 kl=0.00183 rollout_s=4.23 update_s=0.85
E2 e2_g003_r1 step=12/300 win=0.4219 kl=0.00313 rollout_s=4.22 update_s=0.78
E2 e2_g003_r1 step=13/300 win=0.3646 kl=0.00693 rollout_s=4.27 update_s=0.84
E2 e2_g003_r1 step=14/300 win=0.4844 kl=0.00231 rollout_s=4.30 update_s=0.78
E2 e2_g003_r1 step=15/300 win=0.5000 kl=0.00466 rollout_s=4.37 update_s=0.89
E2 e2_g003_r1 step=16/300 win=0.4479 kl=0.00319 rollout_s=4.23 update_s=0.81
E2 e2_g003_r1 step=17/300 win=0.6042 kl=0.00238 rollout_s=4.24 update_s=0.87
E2 e2_g003_r1 step=18/300 win=0.4219 kl=0.00256 rollout_s=4.21 update_s=0.83
E2 e2_g003_r1 step=19/300 win=0.5417 kl=0.00051 rollout_s=4.24 update_s=0.87
E2 e2_g003_r1 step=20/300 win=0.5000 kl=0.00269 rollout_s=4.23 update_s=0.81
E2 e2_g003_r1 step=21/300 win=0.5208 kl=0.00364 rollout_s=4.50 update_s=0.80
E2 e2_g003_r1 step=22/300 win=0.4792 kl=0.00200 rollout_s=4.19 update_s=0.76
E2 e2_g003_r1 step=23/300 win=0.5104 kl=0.00462 rollout_s=4.22 update_s=0.81
E2 e2_g003_r1 step=24/300 win=0.4844 kl=0.00528 rollout_s=4.19 update_s=0.74
E2 e2_g003_r1 step=25/300 win=0.6146 kl=0.00203 rollout_s=4.18 update_s=0.74
E2 e2_g003_r1 step=26/300 win=0.5417 kl=0.00228 rollout_s=4.20 update_s=0.86
E2 e2_g003_r1 step=27/300 win=0.5990 kl=0.00407 rollout_s=4.25 update_s=0.67
E2 e2_g003_r1 step=28/300 win=0.5312 kl=0.00369 rollout_s=4.37 update_s=0.81
E2 e2_g003_r1 step=29/300 win=0.5156 kl=0.00394 rollout_s=4.25 update_s=0.84
E2 e2_g003_r1 step=30/300 win=0.4896 kl=0.00418 rollout_s=4.19 update_s=0.79
E2 e2_g003_r1 step=31/300 win=0.4115 kl=0.00241 rollout_s=4.38 update_s=0.79
E2 e2_g003_r1 step=32/300 win=0.5573 kl=0.00315 rollout_s=4.21 update_s=0.79
E2 e2_g003_r1 step=33/300 win=0.5573 kl=0.00213 rollout_s=4.24 update_s=0.79
E2 e2_g003_r1 step=34/300 win=0.6146 kl=0.00170 rollout_s=4.39 update_s=0.76
E2 e2_g003_r1 step=35/300 win=0.5625 kl=0.00350 rollout_s=4.23 update_s=0.83
E2 e2_g003_r1 step=36/300 win=0.5677 kl=0.00370 rollout_s=4.18 update_s=0.78
E2 e2_g003_r1 step=37/300 win=0.6094 kl=0.00219 rollout_s=4.20 update_s=0.86
E2 e2_g003_r1 step=38/300 win=0.5885 kl=0.00228 rollout_s=4.31 update_s=0.87
E2 e2_g003_r1 step=39/300 win=0.5677 kl=0.00271 rollout_s=4.15 update_s=0.86
E2 e2_g003_r1 step=40/300 win=0.6042 kl=0.00380 rollout_s=4.22 update_s=0.74
E2 e2_g003_r1 step=41/300 win=0.5885 kl=0.00204 rollout_s=4.42 update_s=0.83
E2 e2_g003_r1 step=42/300 win=0.5365 kl=0.00401 rollout_s=4.16 update_s=0.74
E2 e2_g003_r1 step=43/300 win=0.5990 kl=0.00372 rollout_s=4.23 update_s=0.79
E2 e2_g003_r1 step=44/300 win=0.5365 kl=0.00266 rollout_s=4.16 update_s=0.79
E2 e2_g003_r1 step=45/300 win=0.6250 kl=0.00326 rollout_s=4.26 update_s=0.77
E2 e2_g003_r1 step=46/300 win=0.6146 kl=0.00126 rollout_s=4.24 update_s=0.75
E2 e2_g003_r1 step=47/300 win=0.5417 kl=0.00184 rollout_s=4.30 update_s=0.74
E2 e2_g003_r1 step=48/300 win=0.5833 kl=0.00204 rollout_s=4.24 update_s=0.70
E2 e2_g003_r1 step=49/300 win=0.6094 kl=0.00193 rollout_s=4.21 update_s=0.82
E2 e2_g003_r1 step=50/300 win=0.5833 kl=0.00202 rollout_s=4.22 update_s=0.83
E2 e2_g003_r1 step=51/300 win=0.5833 kl=0.00265 rollout_s=4.23 update_s=0.75
E2 e2_g003_r1 step=52/300 win=0.5990 kl=0.00351 rollout_s=4.26 update_s=0.82
E2 e2_g003_r1 step=53/300 win=0.6458 kl=0.00223 rollout_s=4.22 update_s=0.80
E2 e2_g003_r1 step=54/300 win=0.6042 kl=0.00321 rollout_s=4.60 update_s=0.85
E2 e2_g003_r1 step=55/300 win=0.6094 kl=0.00335 rollout_s=4.21 update_s=0.83
E2 e2_g003_r1 step=56/300 win=0.5938 kl=0.00211 rollout_s=4.14 update_s=0.76
E2 e2_g003_r1 step=57/300 win=0.6146 kl=0.00273 rollout_s=4.26 update_s=0.91
E2 e2_g003_r1 step=58/300 win=0.5781 kl=0.00205 rollout_s=4.23 update_s=0.73
E2 e2_g003_r1 step=59/300 win=0.5938 kl=0.00366 rollout_s=4.26 update_s=0.88
E2 e2_g003_r1 step=60/300 win=0.5469 kl=0.00195 rollout_s=4.30 update_s=0.71
E2 e2_g003_r1 step=61/300 win=0.5625 kl=0.00272 rollout_s=4.31 update_s=0.72
E2 e2_g003_r1 step=62/300 win=0.5573 kl=0.00322 rollout_s=4.20 update_s=0.74
E2 e2_g003_r1 step=63/300 win=0.6354 kl=0.00234 rollout_s=4.28 update_s=0.81
E2 e2_g003_r1 step=64/300 win=0.6354 kl=0.00312 rollout_s=4.17 update_s=0.76
E2 e2_g003_r1 step=65/300 win=0.5781 kl=0.00325 rollout_s=4.22 update_s=0.88
E2 e2_g003_r1 step=66/300 win=0.6198 kl=0.00233 rollout_s=4.24 update_s=0.76
E2 e2_g003_r1 step=67/300 win=0.5938 kl=0.00336 rollout_s=4.43 update_s=0.79
E2 e2_g003_r1 step=68/300 win=0.5781 kl=0.00206 rollout_s=4.16 update_s=0.82
E2 e2_g003_r1 step=69/300 win=0.6406 kl=0.00371 rollout_s=4.22 update_s=0.82
E2 e2_g003_r1 step=70/300 win=0.6250 kl=0.00232 rollout_s=4.35 update_s=0.76
E2 e2_g003_r1 step=71/300 win=0.6198 kl=0.00192 rollout_s=4.29 update_s=0.88
E2 e2_g003_r1 step=72/300 win=0.6250 kl=0.00208 rollout_s=4.11 update_s=0.83
E2 e2_g003_r1 step=73/300 win=0.6094 kl=0.00255 rollout_s=4.22 update_s=0.74
E2 e2_g003_r1 step=74/300 win=0.5833 kl=0.00247 rollout_s=4.38 update_s=0.84
E2 e2_g003_r1 step=75/300 win=0.5521 kl=0.00246 rollout_s=4.20 update_s=0.83
E2 e2_g003_r1 step=76/300 win=0.6094 kl=0.00352 rollout_s=4.25 update_s=0.80
E2 e2_g003_r1 step=77/300 win=0.6250 kl=0.00265 rollout_s=4.19 update_s=0.74
E2 e2_g003_r1 step=78/300 win=0.5677 kl=0.00127 rollout_s=4.22 update_s=0.77
E2 e2_g003_r1 step=79/300 win=0.6198 kl=0.00243 rollout_s=4.23 update_s=0.80
E2 e2_g003_r1 step=80/300 win=0.6510 kl=0.00344 rollout_s=4.41 update_s=0.70
E2 e2_g003_r1 step=81/300 win=0.5833 kl=0.00226 rollout_s=4.23 update_s=0.83
E2 e2_g003_r1 step=82/300 win=0.6042 kl=0.00196 rollout_s=4.20 update_s=0.80
E2 e2_g003_r1 step=83/300 win=0.6458 kl=0.00173 rollout_s=4.25 update_s=0.77
E2 e2_g003_r1 step=84/300 win=0.5885 kl=0.00249 rollout_s=4.16 update_s=0.75
E2 e2_g003_r1 step=85/300 win=0.5729 kl=0.00185 rollout_s=4.13 update_s=0.76
E2 e2_g003_r1 step=86/300 win=0.5208 kl=0.00242 rollout_s=4.21 update_s=0.75
E2 e2_g003_r1 step=87/300 win=0.6094 kl=0.00242 rollout_s=4.46 update_s=0.76
E2 e2_g003_r1 step=88/300 win=0.6042 kl=0.00235 rollout_s=4.19 update_s=0.80
E2 e2_g003_r1 step=89/300 win=0.5990 kl=0.00281 rollout_s=4.18 update_s=0.78
E2 e2_g003_r1 step=90/300 win=0.5938 kl=0.00298 rollout_s=4.28 update_s=0.84
E2 e2_g003_r1 step=91/300 win=0.5625 kl=0.00176 rollout_s=4.19 update_s=0.81
E2 e2_g003_r1 step=92/300 win=0.5677 kl=0.00248 rollout_s=4.24 update_s=0.81
E2 e2_g003_r1 step=93/300 win=0.6615 kl=0.00267 rollout_s=4.30 update_s=0.74
E2 e2_g003_r1 step=94/300 win=0.5885 kl=0.00287 rollout_s=4.30 update_s=0.79
E2 e2_g003_r1 step=95/300 win=0.6719 kl=0.00277 rollout_s=4.22 update_s=0.69
E2 e2_g003_r1 step=96/300 win=0.5885 kl=0.00154 rollout_s=4.31 update_s=0.86
E2 e2_g003_r1 step=97/300 win=0.6458 kl=0.00198 rollout_s=4.23 update_s=0.70
E2 e2_g003_r1 step=98/300 win=0.5990 kl=0.00222 rollout_s=4.17 update_s=0.79
E2 e2_g003_r1 step=99/300 win=0.6302 kl=0.00248 rollout_s=4.21 update_s=0.87
E2 e2_g003_r1 step=100/300 win=0.6094 kl=0.00247 rollout_s=4.45 update_s=0.77
E2 e2_g003_r1 step=101/300 win=0.6354 kl=0.00229 rollout_s=4.19 update_s=0.78
E2 e2_g003_r1 step=102/300 win=0.5990 kl=0.00271 rollout_s=4.43 update_s=0.83
E2 e2_g003_r1 step=103/300 win=0.6302 kl=0.00217 rollout_s=4.24 update_s=0.78
E2 e2_g003_r1 step=104/300 win=0.5833 kl=0.00142 rollout_s=4.27 update_s=0.78
E2 e2_g003_r1 step=105/300 win=0.6719 kl=0.00265 rollout_s=4.16 update_s=0.86
E2 e2_g003_r1 step=106/300 win=0.5938 kl=0.00273 rollout_s=4.24 update_s=0.75
E2 e2_g003_r1 step=107/300 win=0.5990 kl=0.00311 rollout_s=4.34 update_s=0.86
E2 e2_g003_r1 step=108/300 win=0.6458 kl=0.00231 rollout_s=4.23 update_s=0.77
E2 e2_g003_r1 step=109/300 win=0.5625 kl=0.00214 rollout_s=4.23 update_s=0.83
E2 e2_g003_r1 step=110/300 win=0.5833 kl=0.00238 rollout_s=4.18 update_s=0.82
E2 e2_g003_r1 step=111/300 win=0.5938 kl=0.00195 rollout_s=4.24 update_s=0.85
E2 e2_g003_r1 step=112/300 win=0.5938 kl=0.00263 rollout_s=4.20 update_s=0.77
E2 e2_g003_r1 step=113/300 win=0.6302 kl=0.00195 rollout_s=4.44 update_s=0.77
E2 e2_g003_r1 step=114/300 win=0.6510 kl=0.00172 rollout_s=4.65 update_s=0.75
E2 e2_g003_r1 step=115/300 win=0.5781 kl=0.00169 rollout_s=4.20 update_s=0.92
E2 e2_g003_r1 step=116/300 win=0.6198 kl=0.00171 rollout_s=4.39 update_s=0.73
E2 e2_g003_r1 step=117/300 win=0.6094 kl=0.00226 rollout_s=4.22 update_s=0.86
E2 e2_g003_r1 step=118/300 win=0.6510 kl=0.00144 rollout_s=4.23 update_s=0.78
E2 e2_g003_r1 step=119/300 win=0.6406 kl=0.00174 rollout_s=4.24 update_s=0.74
E2 e2_g003_r1 step=120/300 win=0.6406 kl=0.00242 rollout_s=4.32 update_s=0.72
E2 e2_g003_r1 step=121/300 win=0.5469 kl=0.00225 rollout_s=4.23 update_s=0.82
E2 e2_g003_r1 step=122/300 win=0.5104 kl=0.00314 rollout_s=4.20 update_s=0.82
E2 e2_g003_r1 step=123/300 win=0.6198 kl=0.00107 rollout_s=4.24 update_s=0.86
E2 e2_g003_r1 step=124/300 win=0.6094 kl=0.00143 rollout_s=4.27 update_s=0.81
E2 e2_g003_r1 step=125/300 win=0.6250 kl=0.00101 rollout_s=4.22 update_s=0.87
E2 e2_g003_r1 step=126/300 win=0.6875 kl=0.00205 rollout_s=4.38 update_s=0.78
E2 e2_g003_r1 step=127/300 win=0.6042 kl=0.00221 rollout_s=4.19 update_s=0.76
E2 e2_g003_r1 step=128/300 win=0.6406 kl=0.00172 rollout_s=4.15 update_s=0.73
E2 e2_g003_r1 step=129/300 win=0.5625 kl=0.00196 rollout_s=4.22 update_s=0.76
E2 e2_g003_r1 step=130/300 win=0.5208 kl=0.00264 rollout_s=4.23 update_s=0.78
E2 e2_g003_r1 step=131/300 win=0.6615 kl=0.00207 rollout_s=4.23 update_s=0.84
E2 e2_g003_r1 step=132/300 win=0.6302 kl=0.00200 rollout_s=4.22 update_s=0.79
E2 e2_g003_r1 step=133/300 win=0.6042 kl=0.00167 rollout_s=4.43 update_s=0.84
E2 e2_g003_r1 step=134/300 win=0.6302 kl=0.00206 rollout_s=4.24 update_s=0.84
E2 e2_g003_r1 step=135/300 win=0.6615 kl=0.00230 rollout_s=4.21 update_s=0.90
E2 e2_g003_r1 step=136/300 win=0.5625 kl=0.00190 rollout_s=4.19 update_s=0.81
E2 e2_g003_r1 step=137/300 win=0.5990 kl=0.00131 rollout_s=4.26 update_s=0.95
E2 e2_g003_r1 step=138/300 win=0.6458 kl=0.00249 rollout_s=4.24 update_s=0.79
E2 e2_g003_r1 step=139/300 win=0.5729 kl=0.00269 rollout_s=4.44 update_s=0.83
E2 e2_g003_r1 step=140/300 win=0.6042 kl=0.00276 rollout_s=4.18 update_s=0.85
E2 e2_g003_r1 step=141/300 win=0.6406 kl=0.00239 rollout_s=4.44 update_s=0.78
E2 e2_g003_r1 step=142/300 win=0.6042 kl=0.00225 rollout_s=4.18 update_s=0.85
E2 e2_g003_r1 step=143/300 win=0.5990 kl=0.00322 rollout_s=4.23 update_s=0.82
E2 e2_g003_r1 step=144/300 win=0.6094 kl=0.00299 rollout_s=4.26 update_s=0.79
E2 e2_g003_r1 step=145/300 win=0.6302 kl=0.00257 rollout_s=4.25 update_s=0.73
E2 e2_g003_r1 step=146/300 win=0.6510 kl=0.00176 rollout_s=4.43 update_s=0.91
E2 e2_g003_r1 step=147/300 win=0.6354 kl=0.00273 rollout_s=4.21 update_s=0.76
E2 e2_g003_r1 step=148/300 win=0.5938 kl=0.00226 rollout_s=4.28 update_s=0.89
E2 e2_g003_r1 step=149/300 win=0.5885 kl=0.00171 rollout_s=4.24 update_s=0.78
E2 e2_g003_r1 step=150/300 win=0.5885 kl=0.00159 rollout_s=4.23 update_s=0.89
E2 e2_g003_r1 step=151/300 win=0.6510 kl=0.00243 rollout_s=4.25 update_s=0.76
E2 e2_g003_r1 step=152/300 win=0.5677 kl=0.00281 rollout_s=4.40 update_s=0.77
E2 e2_g003_r1 step=153/300 win=0.6198 kl=0.00166 rollout_s=4.28 update_s=0.80
E2 e2_g003_r1 step=154/300 win=0.5521 kl=0.00240 rollout_s=4.26 update_s=0.84
E2 e2_g003_r1 step=155/300 win=0.6875 kl=0.00157 rollout_s=4.21 update_s=0.89
E2 e2_g003_r1 step=156/300 win=0.6250 kl=0.00259 rollout_s=4.18 update_s=0.88
E2 e2_g003_r1 step=157/300 win=0.6615 kl=0.00197 rollout_s=4.18 update_s=0.74
E2 e2_g003_r1 step=158/300 win=0.6667 kl=0.00261 rollout_s=4.17 update_s=0.86
E2 e2_g003_r1 step=159/300 win=0.6354 kl=0.00221 rollout_s=4.38 update_s=0.78
E2 e2_g003_r1 step=160/300 win=0.6302 kl=0.00232 rollout_s=4.26 update_s=0.81
E2 e2_g003_r1 step=161/300 win=0.6667 kl=0.00397 rollout_s=4.27 update_s=0.89
E2 e2_g003_r1 step=162/300 win=0.6146 kl=0.00191 rollout_s=4.20 update_s=0.75
E2 e2_g003_r1 step=163/300 win=0.5312 kl=0.00240 rollout_s=4.24 update_s=0.92
E2 e2_g003_r1 step=164/300 win=0.5573 kl=0.00194 rollout_s=4.23 update_s=0.76
E2 e2_g003_r1 step=165/300 win=0.5729 kl=0.00131 rollout_s=4.42 update_s=0.77
E2 e2_g003_r1 step=166/300 win=0.5781 kl=0.00253 rollout_s=4.24 update_s=0.82
E2 e2_g003_r1 step=167/300 win=0.6458 kl=0.00301 rollout_s=4.27 update_s=0.83
E2 e2_g003_r1 step=168/300 win=0.5781 kl=0.00246 rollout_s=4.24 update_s=0.84
E2 e2_g003_r1 step=169/300 win=0.6042 kl=0.00278 rollout_s=4.21 update_s=0.81
E2 e2_g003_r1 step=170/300 win=0.6250 kl=0.00160 rollout_s=4.21 update_s=0.78
E2 e2_g003_r1 step=171/300 win=0.7083 kl=0.00165 rollout_s=4.22 update_s=0.78
E2 e2_g003_r1 step=172/300 win=0.5625 kl=0.00188 rollout_s=4.48 update_s=0.89
E2 e2_g003_r1 step=173/300 win=0.6562 kl=0.00282 rollout_s=4.22 update_s=0.83
E2 e2_g003_r1 step=174/300 win=0.5990 kl=0.00197 rollout_s=4.22 update_s=0.85
E2 e2_g003_r1 step=175/300 win=0.6458 kl=0.00205 rollout_s=4.25 update_s=0.83
E2 e2_g003_r1 step=176/300 win=0.5521 kl=0.00228 rollout_s=4.25 update_s=0.89
E2 e2_g003_r1 step=177/300 win=0.6667 kl=0.00224 rollout_s=4.28 update_s=0.78
E2 e2_g003_r1 step=178/300 win=0.6771 kl=0.00176 rollout_s=4.45 update_s=0.75
E2 e2_g003_r1 step=179/300 win=0.5885 kl=0.00334 rollout_s=4.62 update_s=0.76
E2 e2_g003_r1 step=180/300 win=0.6406 kl=0.00117 rollout_s=4.31 update_s=0.87
E2 e2_g003_r1 step=181/300 win=0.6875 kl=0.00319 rollout_s=4.24 update_s=0.84
E2 e2_g003_r1 step=182/300 win=0.5781 kl=0.00267 rollout_s=4.29 update_s=0.77
E2 e2_g003_r1 step=183/300 win=0.6198 kl=0.00236 rollout_s=4.18 update_s=0.85
E2 e2_g003_r1 step=184/300 win=0.6406 kl=0.00219 rollout_s=4.27 update_s=0.79
E2 e2_g003_r1 step=185/300 win=0.6823 kl=0.00182 rollout_s=4.36 update_s=0.74
E2 e2_g003_r1 step=186/300 win=0.7188 kl=0.00107 rollout_s=4.48 update_s=0.76
E2 e2_g003_r1 step=187/300 win=0.6406 kl=0.00213 rollout_s=4.46 update_s=0.81
E2 e2_g003_r1 step=188/300 win=0.6146 kl=0.00292 rollout_s=4.23 update_s=0.77
E2 e2_g003_r1 step=189/300 win=0.5000 kl=0.00219 rollout_s=4.30 update_s=0.82
E2 e2_g003_r1 step=190/300 win=0.6823 kl=0.00266 rollout_s=4.25 update_s=0.86
E2 e2_g003_r1 step=191/300 win=0.6198 kl=0.00257 rollout_s=4.42 update_s=0.79
E2 e2_g003_r1 step=192/300 win=0.6927 kl=0.00187 rollout_s=4.35 update_s=0.85
E2 e2_g003_r1 step=193/300 win=0.5677 kl=0.00264 rollout_s=4.23 update_s=0.84
E2 e2_g003_r1 step=194/300 win=0.6667 kl=0.00204 rollout_s=4.23 update_s=0.85
E2 e2_g003_r1 step=195/300 win=0.6406 kl=0.00328 rollout_s=4.23 update_s=0.82
E2 e2_g003_r1 step=196/300 win=0.5885 kl=0.00161 rollout_s=4.21 update_s=0.91
E2 e2_g003_r1 step=197/300 win=0.5573 kl=0.00242 rollout_s=4.23 update_s=0.69
E2 e2_g003_r1 step=198/300 win=0.5729 kl=0.00229 rollout_s=4.39 update_s=0.87
E2 e2_g003_r1 step=199/300 win=0.6458 kl=0.00151 rollout_s=4.22 update_s=0.81
E2 e2_g003_r1 step=200/300 win=0.6875 kl=0.00213 rollout_s=4.23 update_s=0.91
E2 e2_g003_r1 step=201/300 win=0.6406 kl=0.00286 rollout_s=4.22 update_s=0.73
E2 e2_g003_r1 step=202/300 win=0.6094 kl=0.00245 rollout_s=4.28 update_s=0.79
E2 e2_g003_r1 step=203/300 win=0.5260 kl=0.00259 rollout_s=4.22 update_s=0.75
E2 e2_g003_r1 step=204/300 win=0.5677 kl=0.00177 rollout_s=4.41 update_s=0.81
E2 e2_g003_r1 step=205/300 win=0.6094 kl=0.00312 rollout_s=4.20 update_s=0.76
E2 e2_g003_r1 step=206/300 win=0.6562 kl=0.00201 rollout_s=4.21 update_s=0.89
E2 e2_g003_r1 step=207/300 win=0.5781 kl=0.00186 rollout_s=4.22 update_s=0.83
E2 e2_g003_r1 step=208/300 win=0.6146 kl=0.00264 rollout_s=4.23 update_s=0.81
E2 e2_g003_r1 step=209/300 win=0.6250 kl=0.00307 rollout_s=4.20 update_s=0.76
E2 e2_g003_r1 step=210/300 win=0.5885 kl=0.00133 rollout_s=4.19 update_s=0.67
E2 e2_g003_r1 step=211/300 win=0.6042 kl=0.00236 rollout_s=4.39 update_s=0.80
E2 e2_g003_r1 step=212/300 win=0.6094 kl=0.00358 rollout_s=4.23 update_s=0.76
E2 e2_g003_r1 step=213/300 win=0.6094 kl=0.00358 rollout_s=4.23 update_s=0.97
E2 e2_g003_r1 step=214/300 win=0.6042 kl=0.00236 rollout_s=4.20 update_s=0.74
E2 e2_g003_r1 step=215/300 win=0.6198 kl=0.00311 rollout_s=4.19 update_s=0.79
E2 e2_g003_r1 step=216/300 win=0.5729 kl=0.00206 rollout_s=4.18 update_s=0.73
E2 e2_g003_r1 step=217/300 win=0.6302 kl=0.00460 rollout_s=4.30 update_s=0.70
E2 e2_g003_r1 step=218/300 win=0.6146 kl=0.00117 rollout_s=4.27 update_s=0.75
E2 e2_g003_r1 step=219/300 win=0.6719 kl=0.00243 rollout_s=4.20 update_s=0.84
E2 e2_g003_r1 step=220/300 win=0.5781 kl=0.00352 rollout_s=4.26 update_s=0.81
E2 e2_g003_r1 step=221/300 win=0.6667 kl=0.00379 rollout_s=4.32 update_s=0.83
E2 e2_g003_r1 step=222/300 win=0.6042 kl=0.00175 rollout_s=4.31 update_s=0.74
E2 e2_g003_r1 step=223/300 win=0.6094 kl=0.00263 rollout_s=4.20 update_s=0.90
E2 e2_g003_r1 step=224/300 win=0.6667 kl=0.00267 rollout_s=4.43 update_s=0.74
E2 e2_g003_r1 step=225/300 win=0.6927 kl=0.00256 rollout_s=4.25 update_s=0.83
E2 e2_g003_r1 step=226/300 win=0.6198 kl=0.00272 rollout_s=4.20 update_s=0.75
E2 e2_g003_r1 step=227/300 win=0.5938 kl=0.00277 rollout_s=4.25 update_s=0.75
E2 e2_g003_r1 step=228/300 win=0.6250 kl=0.00289 rollout_s=4.24 update_s=0.92
E2 e2_g003_r1 step=229/300 win=0.6354 kl=0.00437 rollout_s=4.26 update_s=0.76
E2 e2_g003_r1 step=230/300 win=0.6094 kl=0.00241 rollout_s=4.28 update_s=0.71
E2 e2_g003_r1 step=231/300 win=0.5677 kl=0.00278 rollout_s=4.33 update_s=0.92
E2 e2_g003_r1 step=232/300 win=0.6562 kl=0.00305 rollout_s=4.38 update_s=0.78
E2 e2_g003_r1 step=233/300 win=0.6302 kl=0.00349 rollout_s=4.32 update_s=0.76
E2 e2_g003_r1 step=234/300 win=0.5990 kl=0.00252 rollout_s=4.37 update_s=0.79
E2 e2_g003_r1 step=235/300 win=0.6771 kl=0.00216 rollout_s=4.29 update_s=0.84
E2 e2_g003_r1 step=236/300 win=0.6094 kl=0.00289 rollout_s=4.21 update_s=0.80
E2 e2_g003_r1 step=237/300 win=0.5990 kl=0.00259 rollout_s=4.48 update_s=0.81
E2 e2_g003_r1 step=238/300 win=0.5677 kl=0.00291 rollout_s=4.48 update_s=0.72
E2 e2_g003_r1 step=239/300 win=0.5677 kl=0.00169 rollout_s=4.19 update_s=0.85
E2 e2_g003_r1 step=240/300 win=0.5260 kl=0.00415 rollout_s=4.22 update_s=0.72
E2 e2_g003_r1 step=241/300 win=0.6562 kl=0.00237 rollout_s=4.20 update_s=0.86
E2 e2_g003_r1 step=242/300 win=0.5938 kl=0.00240 rollout_s=4.20 update_s=0.83
E2 e2_g003_r1 step=243/300 win=0.5990 kl=0.00205 rollout_s=4.29 update_s=0.75
E2 e2_g003_r1 step=244/300 win=0.6198 kl=0.00289 rollout_s=4.31 update_s=0.77
E2 e2_g003_r1 step=245/300 win=0.5521 kl=0.00306 rollout_s=4.17 update_s=0.84
E2 e2_g003_r1 step=246/300 win=0.6562 kl=0.00304 rollout_s=4.22 update_s=0.82
E2 e2_g003_r1 step=247/300 win=0.6198 kl=0.00236 rollout_s=4.19 update_s=0.76
E2 e2_g003_r1 step=248/300 win=0.6094 kl=0.00214 rollout_s=4.21 update_s=0.77
E2 e2_g003_r1 step=249/300 win=0.6771 kl=0.00314 rollout_s=4.28 update_s=0.78
E2 e2_g003_r1 step=250/300 win=0.6146 kl=0.00230 rollout_s=4.39 update_s=0.88
E2 e2_g003_r1 step=251/300 win=0.5990 kl=0.00343 rollout_s=4.22 update_s=0.84
E2 e2_g003_r1 step=252/300 win=0.6562 kl=0.00182 rollout_s=4.32 update_s=0.78
E2 e2_g003_r1 step=253/300 win=0.6771 kl=0.00400 rollout_s=4.24 update_s=0.87
E2 e2_g003_r1 step=254/300 win=0.6250 kl=0.00223 rollout_s=4.19 update_s=0.90
E2 e2_g003_r1 step=255/300 win=0.6510 kl=0.00120 rollout_s=4.24 update_s=0.77
E2 e2_g003_r1 step=256/300 win=0.6354 kl=0.00126 rollout_s=4.21 update_s=0.74
E2 e2_g003_r1 step=257/300 win=0.6406 kl=0.00287 rollout_s=4.41 update_s=0.78
E2 e2_g003_r1 step=258/300 win=0.5677 kl=0.00204 rollout_s=4.24 update_s=0.83
E2 e2_g003_r1 step=259/300 win=0.6302 kl=0.00286 rollout_s=4.26 update_s=0.79
E2 e2_g003_r1 step=260/300 win=0.5729 kl=0.00284 rollout_s=4.24 update_s=0.87
E2 e2_g003_r1 step=261/300 win=0.5677 kl=0.00314 rollout_s=4.26 update_s=0.93
E2 e2_g003_r1 step=262/300 win=0.6094 kl=0.00144 rollout_s=4.18 update_s=0.74
E2 e2_g003_r1 step=263/300 win=0.5208 kl=0.00239 rollout_s=4.40 update_s=0.83
E2 e2_g003_r1 step=264/300 win=0.6562 kl=0.00139 rollout_s=4.20 update_s=0.83
E2 e2_g003_r1 step=265/300 win=0.6250 kl=0.00278 rollout_s=4.24 update_s=0.86
E2 e2_g003_r1 step=266/300 win=0.6458 kl=0.00364 rollout_s=4.16 update_s=0.95
E2 e2_g003_r1 step=267/300 win=0.6458 kl=0.00143 rollout_s=4.27 update_s=0.75
E2 e2_g003_r1 step=268/300 win=0.5521 kl=0.00193 rollout_s=4.22 update_s=0.78
E2 e2_g003_r1 step=269/300 win=0.5469 kl=0.00281 rollout_s=4.19 update_s=0.78
E2 e2_g003_r1 step=270/300 win=0.6250 kl=0.00237 rollout_s=4.45 update_s=0.78
E2 e2_g003_r1 step=271/300 win=0.6042 kl=0.00320 rollout_s=4.25 update_s=0.86
E2 e2_g003_r1 step=272/300 win=0.6667 kl=0.00329 rollout_s=4.19 update_s=0.77
E2 e2_g003_r1 step=273/300 win=0.5781 kl=0.00272 rollout_s=4.21 update_s=0.84
E2 e2_g003_r1 step=274/300 win=0.5938 kl=0.00245 rollout_s=4.18 update_s=0.82
E2 e2_g003_r1 step=275/300 win=0.6406 kl=0.00324 rollout_s=4.18 update_s=0.78
E2 e2_g003_r1 step=276/300 win=0.6146 kl=0.00185 rollout_s=4.43 update_s=0.80
E2 e2_g003_r1 step=277/300 win=0.7135 kl=0.00250 rollout_s=4.20 update_s=0.78
E2 e2_g003_r1 step=278/300 win=0.6615 kl=0.00362 rollout_s=4.20 update_s=0.85
E2 e2_g003_r1 step=279/300 win=0.6146 kl=0.00385 rollout_s=4.31 update_s=0.75
E2 e2_g003_r1 step=280/300 win=0.6406 kl=0.00242 rollout_s=4.23 update_s=0.84
E2 e2_g003_r1 step=281/300 win=0.6771 kl=0.00393 rollout_s=4.29 update_s=0.78
E2 e2_g003_r1 step=282/300 win=0.6667 kl=0.00263 rollout_s=4.27 update_s=0.83
E2 e2_g003_r1 step=283/300 win=0.5990 kl=0.00308 rollout_s=4.42 update_s=0.76
E2 e2_g003_r1 step=284/300 win=0.6250 kl=0.00184 rollout_s=4.21 update_s=0.82
E2 e2_g003_r1 step=285/300 win=0.6094 kl=0.00329 rollout_s=4.26 update_s=0.81
E2 e2_g003_r1 step=286/300 win=0.6927 kl=0.00371 rollout_s=4.21 update_s=0.91
E2 e2_g003_r1 step=287/300 win=0.6354 kl=0.00278 rollout_s=4.21 update_s=0.75
E2 e2_g003_r1 step=288/300 win=0.5990 kl=0.00209 rollout_s=4.25 update_s=0.85
E2 e2_g003_r1 step=289/300 win=0.6042 kl=0.00169 rollout_s=4.39 update_s=0.76
E2 e2_g003_r1 step=290/300 win=0.6094 kl=0.00327 rollout_s=4.27 update_s=0.79
E2 e2_g003_r1 step=291/300 win=0.6771 kl=0.00248 rollout_s=4.20 update_s=0.78
E2 e2_g003_r1 step=292/300 win=0.6979 kl=0.00217 rollout_s=4.24 update_s=0.79
E2 e2_g003_r1 step=293/300 win=0.6302 kl=0.00258 rollout_s=4.22 update_s=0.83
E2 e2_g003_r1 step=294/300 win=0.6406 kl=0.00256 rollout_s=4.23 update_s=0.86
E2 e2_g003_r1 step=295/300 win=0.5781 kl=0.00328 rollout_s=4.25 update_s=0.83
E2 e2_g003_r1 step=296/300 win=0.5990 kl=0.00149 rollout_s=4.45 update_s=0.80
E2 e2_g003_r1 step=297/300 win=0.6250 kl=0.00297 rollout_s=4.24 update_s=0.84
E2 e2_g003_r1 step=298/300 win=0.5938 kl=0.00251 rollout_s=4.24 update_s=0.75
E2 e2_g003_r1 step=299/300 win=0.6406 kl=0.00213 rollout_s=4.20 update_s=0.84
E2 e2_g003_r1 step=300/300 win=0.7031 kl=0.00202 rollout_s=4.19 update_s=0.80
E2_REPEAT_COMPLETE e2_g003_r1 heldout_win=0.4000 full_panel_win=0.5979
E2_DONE g003 {
  "0": {
    "heldout": {
      "games": 200,
      "wins": 76,
      "win_rate": 0.38,
      "mean_margin": -457.92,
      "opponents": [
        "g003"
      ]
    },
    "full": {
      "games": 1400,
      "wins": 839,
      "win_rate": 0.5992857142857143,
      "mean_margin": 7219.277142857143,
      "opponents": [
        "g001",
        "g003",
        "boatlee_v29",
        "kaito_v58",
        "lynn_v5",
        "yhay81_six_day",
        "yhay81_three_day"
      ]
    }
  },
  "1": {
    "heldout": {
      "games": 200,
      "wins": 80,
      "win_rate": 0.4,
      "mean_margin": -648.63,
      "opponents": [
        "g003"
      ]
    },
    "full": {
      "games": 1400,
      "wins": 837,
      "win_rate": 0.5978571428571429,
      "mean_margin": 7930.577857142857,
      "opponents": [
        "g001",
        "g003",
        "boatlee_v29",
        "kaito_v58",
        "lynn_v5",
        "yhay81_six_day",
        "yhay81_three_day"
      ]
    }
  }
}
QUEUE: finished E2 held-out=g003 at Mon Sep  7 05:44:41 JST 2026
QUEUE: starting E2 held-out=kaito at Mon Sep  7 05:44:41 JST 2026
KEEP held-out baselines: {
  "three_day": {
    "games": 200,
    "wins": 86,
    "win_rate": 0.43,
    "mean_margin": 2166.89,
    "opponents": [
      "yhay81_three_day"
    ]
  },
  "g003": {
    "games": 200,
    "wins": 91,
    "win_rate": 0.455,
    "mean_margin": 188.61,
    "opponents": [
      "g003"
    ]
  },
  "kaito": {
    "games": 200,
    "wins": 139,
    "win_rate": 0.695,
    "mean_margin": 7549.79,
    "opponents": [
      "kaito_v58"
    ]
  }
}
E2 e2_kaito_r0 step=1/300 win=0.5156 kl=0.00009 rollout_s=4.18 update_s=2.51
E2 e2_kaito_r0 step=2/300 win=0.4740 kl=0.00023 rollout_s=4.18 update_s=0.80
E2 e2_kaito_r0 step=3/300 win=0.4635 kl=0.00317 rollout_s=4.20 update_s=0.94
E2 e2_kaito_r0 step=4/300 win=0.4635 kl=0.00245 rollout_s=4.23 update_s=0.75
E2 e2_kaito_r0 step=5/300 win=0.5052 kl=0.00025 rollout_s=4.14 update_s=0.91
E2 e2_kaito_r0 step=6/300 win=0.4844 kl=0.00021 rollout_s=4.19 update_s=0.66
E2 e2_kaito_r0 step=7/300 win=0.4427 kl=0.00188 rollout_s=4.33 update_s=0.79
E2 e2_kaito_r0 step=8/300 win=0.4896 kl=0.00286 rollout_s=4.16 update_s=0.80
E2 e2_kaito_r0 step=9/300 win=0.5677 kl=0.00178 rollout_s=4.14 update_s=0.83
E2 e2_kaito_r0 step=10/300 win=0.4844 kl=0.00029 rollout_s=4.13 update_s=0.91
E2 e2_kaito_r0 step=11/300 win=0.4948 kl=0.00043 rollout_s=4.15 update_s=0.80
E2 e2_kaito_r0 step=12/300 win=0.4740 kl=0.00281 rollout_s=4.13 update_s=0.89
E2 e2_kaito_r0 step=13/300 win=0.4896 kl=0.00107 rollout_s=4.41 update_s=0.71
E2 e2_kaito_r0 step=14/300 win=0.5365 kl=0.00238 rollout_s=4.13 update_s=0.83
E2 e2_kaito_r0 step=15/300 win=0.5365 kl=0.00191 rollout_s=4.13 update_s=0.79
E2 e2_kaito_r0 step=16/300 win=0.5417 kl=0.00092 rollout_s=4.11 update_s=0.84
E2 e2_kaito_r0 step=17/300 win=0.5938 kl=0.00043 rollout_s=4.16 update_s=0.88
E2 e2_kaito_r0 step=18/300 win=0.5469 kl=0.00236 rollout_s=4.11 update_s=0.78
E2 e2_kaito_r0 step=19/300 win=0.6198 kl=0.00157 rollout_s=4.34 update_s=0.84
E2 e2_kaito_r0 step=20/300 win=0.5781 kl=0.00106 rollout_s=4.38 update_s=0.83
E2 e2_kaito_r0 step=21/300 win=0.5104 kl=0.00109 rollout_s=4.27 update_s=0.73
E2 e2_kaito_r0 step=22/300 win=0.5365 kl=0.00067 rollout_s=4.12 update_s=0.73
E2 e2_kaito_r0 step=23/300 win=0.5312 kl=0.00126 rollout_s=4.11 update_s=0.85
E2 e2_kaito_r0 step=24/300 win=0.5573 kl=0.00040 rollout_s=4.13 update_s=0.76
E2 e2_kaito_r0 step=25/300 win=0.5312 kl=0.00073 rollout_s=4.18 update_s=0.90
E2 e2_kaito_r0 step=26/300 win=0.6510 kl=0.00092 rollout_s=4.23 update_s=0.72
E2 e2_kaito_r0 step=27/300 win=0.6302 kl=0.00097 rollout_s=4.27 update_s=0.87
E2 e2_kaito_r0 step=28/300 win=0.5000 kl=0.00159 rollout_s=4.13 update_s=0.77
E2 e2_kaito_r0 step=29/300 win=0.5677 kl=0.00164 rollout_s=4.17 update_s=0.81
E2 e2_kaito_r0 step=30/300 win=0.5052 kl=0.00219 rollout_s=4.17 update_s=0.88
E2 e2_kaito_r0 step=31/300 win=0.5156 kl=0.00120 rollout_s=4.33 update_s=0.80
E2 e2_kaito_r0 step=32/300 win=0.5260 kl=0.00046 rollout_s=4.22 update_s=0.88
E2 e2_kaito_r0 step=33/300 win=0.5052 kl=0.00167 rollout_s=4.38 update_s=0.73
E2 e2_kaito_r0 step=34/300 win=0.5312 kl=0.00169 rollout_s=4.16 update_s=0.83
E2 e2_kaito_r0 step=35/300 win=0.5885 kl=0.00291 rollout_s=4.14 update_s=0.76
E2 e2_kaito_r0 step=36/300 win=0.5052 kl=0.00225 rollout_s=4.14 update_s=0.85
E2 e2_kaito_r0 step=37/300 win=0.5208 kl=0.00220 rollout_s=4.25 update_s=0.76
E2 e2_kaito_r0 step=38/300 win=0.5781 kl=0.00142 rollout_s=4.17 update_s=0.87
E2 e2_kaito_r0 step=39/300 win=0.6094 kl=0.00212 rollout_s=4.12 update_s=0.71
E2 e2_kaito_r0 step=40/300 win=0.5781 kl=0.00051 rollout_s=4.42 update_s=0.86
E2 e2_kaito_r0 step=41/300 win=0.5312 kl=0.00242 rollout_s=4.54 update_s=0.86
E2 e2_kaito_r0 step=42/300 win=0.5781 kl=0.00248 rollout_s=4.13 update_s=0.76
E2 e2_kaito_r0 step=43/300 win=0.5938 kl=0.00182 rollout_s=4.28 update_s=0.83
E2 e2_kaito_r0 step=44/300 win=0.5677 kl=0.00053 rollout_s=4.12 update_s=0.81
E2 e2_kaito_r0 step=45/300 win=0.5312 kl=0.00254 rollout_s=4.14 update_s=0.84
E2 e2_kaito_r0 step=46/300 win=0.5729 kl=0.00180 rollout_s=4.28 update_s=0.70
E2 e2_kaito_r0 step=47/300 win=0.5573 kl=0.00151 rollout_s=4.15 update_s=0.85
E2 e2_kaito_r0 step=48/300 win=0.5469 kl=0.00105 rollout_s=4.12 update_s=0.84
E2 e2_kaito_r0 step=49/300 win=0.5938 kl=0.00192 rollout_s=4.26 update_s=0.79
E2 e2_kaito_r0 step=50/300 win=0.5625 kl=0.00248 rollout_s=4.16 update_s=0.75
E2 e2_kaito_r0 step=51/300 win=0.5052 kl=0.00125 rollout_s=4.13 update_s=0.85
E2 e2_kaito_r0 step=52/300 win=0.5417 kl=0.00133 rollout_s=4.15 update_s=0.84
E2 e2_kaito_r0 step=53/300 win=0.5312 kl=0.00095 rollout_s=4.41 update_s=0.73
E2 e2_kaito_r0 step=54/300 win=0.5156 kl=0.00112 rollout_s=4.25 update_s=0.89
E2 e2_kaito_r0 step=55/300 win=0.6094 kl=0.00149 rollout_s=4.13 update_s=0.74
E2 e2_kaito_r0 step=56/300 win=0.5885 kl=0.00236 rollout_s=4.18 update_s=0.84
E2 e2_kaito_r0 step=57/300 win=0.5417 kl=0.00376 rollout_s=4.17 update_s=0.73
E2 e2_kaito_r0 step=58/300 win=0.5365 kl=0.00282 rollout_s=4.16 update_s=0.95
E2 e2_kaito_r0 step=59/300 win=0.6042 kl=0.00226 rollout_s=4.16 update_s=0.67
E2 e2_kaito_r0 step=60/300 win=0.5365 kl=0.00262 rollout_s=4.34 update_s=0.85
E2 e2_kaito_r0 step=61/300 win=0.5365 kl=0.00339 rollout_s=4.14 update_s=0.74
E2 e2_kaito_r0 step=62/300 win=0.5417 kl=0.00179 rollout_s=4.18 update_s=0.72
E2 e2_kaito_r0 step=63/300 win=0.5469 kl=0.00397 rollout_s=4.24 update_s=0.94
E2 e2_kaito_r0 step=64/300 win=0.6302 kl=0.00176 rollout_s=4.15 update_s=0.75
E2 e2_kaito_r0 step=65/300 win=0.5417 kl=0.00169 rollout_s=4.33 update_s=0.86
E2 e2_kaito_r0 step=66/300 win=0.5990 kl=0.00249 rollout_s=4.32 update_s=0.75
E2 e2_kaito_r0 step=67/300 win=0.5833 kl=0.00261 rollout_s=4.21 update_s=0.85
E2 e2_kaito_r0 step=68/300 win=0.4844 kl=0.00244 rollout_s=4.22 update_s=0.89
E2 e2_kaito_r0 step=69/300 win=0.5573 kl=0.00352 rollout_s=4.17 update_s=0.77
E2 e2_kaito_r0 step=70/300 win=0.5833 kl=0.00245 rollout_s=4.16 update_s=0.83
E2 e2_kaito_r0 step=71/300 win=0.5677 kl=0.00095 rollout_s=4.24 update_s=0.81
E2 e2_kaito_r0 step=72/300 win=0.6510 kl=0.00176 rollout_s=4.16 update_s=0.79
E2 e2_kaito_r0 step=73/300 win=0.6094 kl=0.00356 rollout_s=4.36 update_s=0.85
E2 e2_kaito_r0 step=74/300 win=0.5573 kl=0.00154 rollout_s=4.17 update_s=0.88
E2 e2_kaito_r0 step=75/300 win=0.5260 kl=0.00164 rollout_s=4.21 update_s=0.77
E2 e2_kaito_r0 step=76/300 win=0.5677 kl=0.00108 rollout_s=4.14 update_s=0.90
E2 e2_kaito_r0 step=77/300 win=0.5833 kl=0.00374 rollout_s=4.18 update_s=0.83
E2 e2_kaito_r0 step=78/300 win=0.5469 kl=0.00097 rollout_s=4.14 update_s=0.78
E2 e2_kaito_r0 step=79/300 win=0.5469 kl=0.00095 rollout_s=4.21 update_s=0.74
E2 e2_kaito_r0 step=80/300 win=0.5677 kl=0.00224 rollout_s=4.27 update_s=0.89
E2 e2_kaito_r0 step=81/300 win=0.5729 kl=0.00138 rollout_s=4.15 update_s=0.87
E2 e2_kaito_r0 step=82/300 win=0.6042 kl=0.00125 rollout_s=4.16 update_s=0.83
E2 e2_kaito_r0 step=83/300 win=0.6094 kl=0.00272 rollout_s=4.18 update_s=0.86
E2 e2_kaito_r0 step=84/300 win=0.6146 kl=0.00170 rollout_s=4.13 update_s=0.72
E2 e2_kaito_r0 step=85/300 win=0.6250 kl=0.00124 rollout_s=4.20 update_s=0.98
E2 e2_kaito_r0 step=86/300 win=0.5677 kl=0.00130 rollout_s=4.41 update_s=0.79
E2 e2_kaito_r0 step=87/300 win=0.5990 kl=0.00367 rollout_s=4.16 update_s=0.91
E2 e2_kaito_r0 step=88/300 win=0.5156 kl=0.00151 rollout_s=4.19 update_s=0.77
E2 e2_kaito_r0 step=89/300 win=0.6302 kl=0.00365 rollout_s=4.21 update_s=0.84
E2 e2_kaito_r0 step=90/300 win=0.6042 kl=0.00385 rollout_s=4.17 update_s=0.86
E2 e2_kaito_r0 step=91/300 win=0.5260 kl=0.00255 rollout_s=4.28 update_s=0.95
E2 e2_kaito_r0 step=92/300 win=0.6146 kl=0.00306 rollout_s=4.18 update_s=0.71
E2 e2_kaito_r0 step=93/300 win=0.5104 kl=0.00137 rollout_s=4.36 update_s=0.77
E2 e2_kaito_r0 step=94/300 win=0.5469 kl=0.00376 rollout_s=4.15 update_s=0.90
E2 e2_kaito_r0 step=95/300 win=0.6198 kl=0.00223 rollout_s=4.18 update_s=0.84
E2 e2_kaito_r0 step=96/300 win=0.5781 kl=0.00323 rollout_s=4.12 update_s=0.90
E2 e2_kaito_r0 step=97/300 win=0.5833 kl=0.00190 rollout_s=4.24 update_s=0.77
E2 e2_kaito_r0 step=98/300 win=0.6042 kl=0.00323 rollout_s=4.16 update_s=0.94
E2 e2_kaito_r0 step=99/300 win=0.5260 kl=0.00288 rollout_s=4.35 update_s=0.69
E2 e2_kaito_r0 step=100/300 win=0.5990 kl=0.00300 rollout_s=4.15 update_s=0.81
E2 e2_kaito_r0 step=101/300 win=0.5938 kl=0.00192 rollout_s=4.19 update_s=0.74
E2 e2_kaito_r0 step=102/300 win=0.5260 kl=0.00334 rollout_s=4.16 update_s=0.93
E2 e2_kaito_r0 step=103/300 win=0.6146 kl=0.00313 rollout_s=4.14 update_s=0.83
E2 e2_kaito_r0 step=104/300 win=0.5729 kl=0.00243 rollout_s=4.16 update_s=0.82
E2 e2_kaito_r0 step=105/300 win=0.4948 kl=0.00140 rollout_s=4.16 update_s=0.78
E2 e2_kaito_r0 step=106/300 win=0.6146 kl=0.00152 rollout_s=4.42 update_s=0.85
E2 e2_kaito_r0 step=107/300 win=0.5521 kl=0.00280 rollout_s=4.11 update_s=0.77
E2 e2_kaito_r0 step=108/300 win=0.5521 kl=0.00196 rollout_s=4.19 update_s=0.82
E2 e2_kaito_r0 step=109/300 win=0.5938 kl=0.00329 rollout_s=4.25 update_s=0.75
E2 e2_kaito_r0 step=110/300 win=0.6510 kl=0.00237 rollout_s=4.15 update_s=0.80
E2 e2_kaito_r0 step=111/300 win=0.6198 kl=0.00185 rollout_s=4.14 update_s=0.89
E2 e2_kaito_r0 step=112/300 win=0.5938 kl=0.00229 rollout_s=4.23 update_s=0.76
E2 e2_kaito_r0 step=113/300 win=0.5625 kl=0.00228 rollout_s=4.41 update_s=0.80
E2 e2_kaito_r0 step=114/300 win=0.5156 kl=0.00201 rollout_s=4.18 update_s=0.83
E2 e2_kaito_r0 step=115/300 win=0.6406 kl=0.00362 rollout_s=4.23 update_s=0.84
E2 e2_kaito_r0 step=116/300 win=0.5833 kl=0.00190 rollout_s=4.14 update_s=0.75
E2 e2_kaito_r0 step=117/300 win=0.5938 kl=0.00101 rollout_s=4.15 update_s=0.81
E2 e2_kaito_r0 step=118/300 win=0.5833 kl=0.00284 rollout_s=4.24 update_s=0.87
E2 e2_kaito_r0 step=119/300 win=0.6146 kl=0.00240 rollout_s=4.37 update_s=0.75
E2 e2_kaito_r0 step=120/300 win=0.5573 kl=0.00229 rollout_s=4.17 update_s=0.93
E2 e2_kaito_r0 step=121/300 win=0.5885 kl=0.00156 rollout_s=4.21 update_s=0.74
E2 e2_kaito_r0 step=122/300 win=0.4740 kl=0.00208 rollout_s=4.21 update_s=0.82
E2 e2_kaito_r0 step=123/300 win=0.5833 kl=0.00223 rollout_s=4.16 update_s=0.82
E2 e2_kaito_r0 step=124/300 win=0.5781 kl=0.00217 rollout_s=4.18 update_s=0.99
E2 e2_kaito_r0 step=125/300 win=0.5521 kl=0.00210 rollout_s=4.17 update_s=0.76
E2 e2_kaito_r0 step=126/300 win=0.6771 kl=0.00247 rollout_s=4.37 update_s=0.83
E2 e2_kaito_r0 step=127/300 win=0.6615 kl=0.00207 rollout_s=4.16 update_s=0.80
E2 e2_kaito_r0 step=128/300 win=0.5417 kl=0.00284 rollout_s=4.19 update_s=0.82
E2 e2_kaito_r0 step=129/300 win=0.5990 kl=0.00128 rollout_s=4.15 update_s=0.83
E2 e2_kaito_r0 step=130/300 win=0.5417 kl=0.00267 rollout_s=4.16 update_s=0.82
E2 e2_kaito_r0 step=131/300 win=0.5365 kl=0.00100 rollout_s=4.19 update_s=0.84
E2 e2_kaito_r0 step=132/300 win=0.5885 kl=0.00151 rollout_s=4.30 update_s=0.68
E2 e2_kaito_r0 step=133/300 win=0.6198 kl=0.00155 rollout_s=4.21 update_s=0.83
E2 e2_kaito_r0 step=134/300 win=0.6458 kl=0.00234 rollout_s=4.16 update_s=0.72
E2 e2_kaito_r0 step=135/300 win=0.5521 kl=0.00285 rollout_s=4.16 update_s=0.86
E2 e2_kaito_r0 step=136/300 win=0.6094 kl=0.00130 rollout_s=4.17 update_s=0.77
E2 e2_kaito_r0 step=137/300 win=0.5781 kl=0.00249 rollout_s=4.24 update_s=0.89
E2 e2_kaito_r0 step=138/300 win=0.5365 kl=0.00167 rollout_s=4.21 update_s=0.72
E2 e2_kaito_r0 step=139/300 win=0.5833 kl=0.00206 rollout_s=4.38 update_s=0.93
E2 e2_kaito_r0 step=140/300 win=0.5573 kl=0.00188 rollout_s=4.14 update_s=0.83
E2 e2_kaito_r0 step=141/300 win=0.6302 kl=0.00204 rollout_s=4.16 update_s=0.80
E2 e2_kaito_r0 step=142/300 win=0.6146 kl=0.00225 rollout_s=4.18 update_s=0.83
E2 e2_kaito_r0 step=143/300 win=0.5938 kl=0.00227 rollout_s=4.22 update_s=0.84
E2 e2_kaito_r0 step=144/300 win=0.5833 kl=0.00330 rollout_s=4.10 update_s=0.82
E2 e2_kaito_r0 step=145/300 win=0.5469 kl=0.00175 rollout_s=4.19 update_s=0.76
E2 e2_kaito_r0 step=146/300 win=0.5312 kl=0.00194 rollout_s=4.36 update_s=0.80
E2 e2_kaito_r0 step=147/300 win=0.5417 kl=0.00258 rollout_s=4.15 update_s=0.87
E2 e2_kaito_r0 step=148/300 win=0.6094 kl=0.00234 rollout_s=4.30 update_s=0.84
E2 e2_kaito_r0 step=149/300 win=0.5469 kl=0.00284 rollout_s=4.17 update_s=0.81
E2 e2_kaito_r0 step=150/300 win=0.6667 kl=0.00221 rollout_s=4.24 update_s=0.80
E2 e2_kaito_r0 step=151/300 win=0.6094 kl=0.00270 rollout_s=4.28 update_s=0.90
E2 e2_kaito_r0 step=152/300 win=0.5729 kl=0.00267 rollout_s=4.35 update_s=0.70
E2 e2_kaito_r0 step=153/300 win=0.5469 kl=0.00257 rollout_s=4.18 update_s=0.80
E2 e2_kaito_r0 step=154/300 win=0.6146 kl=0.00263 rollout_s=4.14 update_s=0.75
E2 e2_kaito_r0 step=155/300 win=0.5781 kl=0.00265 rollout_s=4.14 update_s=0.82
E2 e2_kaito_r0 step=156/300 win=0.6406 kl=0.00310 rollout_s=4.14 update_s=0.75
E2 e2_kaito_r0 step=157/300 win=0.5625 kl=0.00195 rollout_s=4.15 update_s=0.83
E2 e2_kaito_r0 step=158/300 win=0.5781 kl=0.00250 rollout_s=4.22 update_s=0.76
E2 e2_kaito_r0 step=159/300 win=0.5469 kl=0.00352 rollout_s=4.48 update_s=0.91
E2 e2_kaito_r0 step=160/300 win=0.5729 kl=0.00266 rollout_s=4.39 update_s=0.77
E2 e2_kaito_r0 step=161/300 win=0.5885 kl=0.00150 rollout_s=4.27 update_s=0.87
E2 e2_kaito_r0 step=162/300 win=0.5104 kl=0.00173 rollout_s=4.19 update_s=0.75
E2 e2_kaito_r0 step=163/300 win=0.5573 kl=0.00264 rollout_s=4.17 update_s=0.88
E2 e2_kaito_r0 step=164/300 win=0.5729 kl=0.00288 rollout_s=4.15 update_s=0.75
E2 e2_kaito_r0 step=165/300 win=0.5365 kl=0.00266 rollout_s=4.23 update_s=0.74
E2 e2_kaito_r0 step=166/300 win=0.5885 kl=0.00462 rollout_s=4.29 update_s=0.75
E2 e2_kaito_r0 step=167/300 win=0.6042 kl=0.00155 rollout_s=4.18 update_s=0.78
E2 e2_kaito_r0 step=168/300 win=0.5521 kl=0.00208 rollout_s=4.10 update_s=0.77
E2 e2_kaito_r0 step=169/300 win=0.5521 kl=0.00287 rollout_s=4.21 update_s=0.86
E2 e2_kaito_r0 step=170/300 win=0.5885 kl=0.00194 rollout_s=4.21 update_s=0.79
E2 e2_kaito_r0 step=171/300 win=0.6615 kl=0.00193 rollout_s=4.15 update_s=0.79
E2 e2_kaito_r0 step=172/300 win=0.5885 kl=0.00150 rollout_s=4.37 update_s=0.70
E2 e2_kaito_r0 step=173/300 win=0.5938 kl=0.00115 rollout_s=4.22 update_s=0.86
E2 e2_kaito_r0 step=174/300 win=0.5417 kl=0.00233 rollout_s=4.18 update_s=0.81
E2 e2_kaito_r0 step=175/300 win=0.6094 kl=0.00341 rollout_s=4.19 update_s=0.85
E2 e2_kaito_r0 step=176/300 win=0.5885 kl=0.00263 rollout_s=4.12 update_s=0.74
E2 e2_kaito_r0 step=177/300 win=0.5521 kl=0.00234 rollout_s=4.26 update_s=0.85
E2 e2_kaito_r0 step=178/300 win=0.5104 kl=0.00163 rollout_s=4.16 update_s=0.80
E2 e2_kaito_r0 step=179/300 win=0.6250 kl=0.00288 rollout_s=4.40 update_s=0.78
E2 e2_kaito_r0 step=180/300 win=0.6042 kl=0.00219 rollout_s=4.13 update_s=0.76
E2 e2_kaito_r0 step=181/300 win=0.5365 kl=0.00305 rollout_s=4.16 update_s=0.92
E2 e2_kaito_r0 step=182/300 win=0.5417 kl=0.00287 rollout_s=4.18 update_s=0.82
E2 e2_kaito_r0 step=183/300 win=0.5469 kl=0.00102 rollout_s=4.16 update_s=0.83
E2 e2_kaito_r0 step=184/300 win=0.5729 kl=0.00189 rollout_s=4.22 update_s=0.74
E2 e2_kaito_r0 step=185/300 win=0.6042 kl=0.00171 rollout_s=4.20 update_s=0.70
E2 e2_kaito_r0 step=186/300 win=0.5990 kl=0.00237 rollout_s=4.32 update_s=0.74
E2 e2_kaito_r0 step=187/300 win=0.5833 kl=0.00175 rollout_s=4.18 update_s=0.85
E2 e2_kaito_r0 step=188/300 win=0.5104 kl=0.00374 rollout_s=4.18 update_s=0.78
E2 e2_kaito_r0 step=189/300 win=0.5469 kl=0.00275 rollout_s=4.13 update_s=0.83
E2 e2_kaito_r0 step=190/300 win=0.5573 kl=0.00122 rollout_s=4.20 update_s=0.76
E2 e2_kaito_r0 step=191/300 win=0.5625 kl=0.00198 rollout_s=4.15 update_s=0.82
E2 e2_kaito_r0 step=192/300 win=0.6302 kl=0.00218 rollout_s=4.37 update_s=0.73
E2 e2_kaito_r0 step=193/300 win=0.5833 kl=0.00229 rollout_s=4.15 update_s=0.93
E2 e2_kaito_r0 step=194/300 win=0.6198 kl=0.00258 rollout_s=4.20 update_s=0.79
E2 e2_kaito_r0 step=195/300 win=0.5625 kl=0.00403 rollout_s=4.17 update_s=0.80
E2 e2_kaito_r0 step=196/300 win=0.5260 kl=0.00225 rollout_s=4.20 update_s=0.77
E2 e2_kaito_r0 step=197/300 win=0.6250 kl=0.00207 rollout_s=4.11 update_s=0.87
E2 e2_kaito_r0 step=198/300 win=0.6042 kl=0.00202 rollout_s=4.15 update_s=0.82
E2 e2_kaito_r0 step=199/300 win=0.5833 kl=0.00288 rollout_s=4.43 update_s=0.92
E2 e2_kaito_r0 step=200/300 win=0.5885 kl=0.00310 rollout_s=4.19 update_s=0.73
E2 e2_kaito_r0 step=201/300 win=0.5677 kl=0.00265 rollout_s=4.14 update_s=0.88
E2 e2_kaito_r0 step=202/300 win=0.6042 kl=0.00311 rollout_s=4.23 update_s=0.75
E2 e2_kaito_r0 step=203/300 win=0.5625 kl=0.00227 rollout_s=4.19 update_s=0.82
E2 e2_kaito_r0 step=204/300 win=0.6094 kl=0.00236 rollout_s=4.14 update_s=0.75
E2 e2_kaito_r0 step=205/300 win=0.6094 kl=0.00154 rollout_s=4.29 update_s=0.69
E2 e2_kaito_r0 step=206/300 win=0.5885 kl=0.00271 rollout_s=4.32 update_s=0.76
E2 e2_kaito_r0 step=207/300 win=0.6406 kl=0.00243 rollout_s=4.13 update_s=0.91
E2 e2_kaito_r0 step=208/300 win=0.5469 kl=0.00358 rollout_s=4.29 update_s=0.78
E2 e2_kaito_r0 step=209/300 win=0.6250 kl=0.00204 rollout_s=4.18 update_s=0.85
E2 e2_kaito_r0 step=210/300 win=0.6146 kl=0.00314 rollout_s=4.20 update_s=0.83
E2 e2_kaito_r0 step=211/300 win=0.5990 kl=0.00167 rollout_s=4.15 update_s=0.78
E2 e2_kaito_r0 step=212/300 win=0.6250 kl=0.00208 rollout_s=4.37 update_s=0.79
E2 e2_kaito_r0 step=213/300 win=0.6250 kl=0.00120 rollout_s=4.19 update_s=0.89
E2 e2_kaito_r0 step=214/300 win=0.5365 kl=0.00249 rollout_s=4.15 update_s=0.83
E2 e2_kaito_r0 step=215/300 win=0.6042 kl=0.00271 rollout_s=4.19 update_s=0.81
E2 e2_kaito_r0 step=216/300 win=0.5312 kl=0.00240 rollout_s=4.16 update_s=0.82
E2 e2_kaito_r0 step=217/300 win=0.5469 kl=0.00170 rollout_s=4.19 update_s=0.84
E2 e2_kaito_r0 step=218/300 win=0.5469 kl=0.00109 rollout_s=4.16 update_s=0.79
E2 e2_kaito_r0 step=219/300 win=0.5573 kl=0.00263 rollout_s=4.36 update_s=0.86
E2 e2_kaito_r0 step=220/300 win=0.6667 kl=0.00205 rollout_s=4.18 update_s=0.81
E2 e2_kaito_r0 step=221/300 win=0.5677 kl=0.00252 rollout_s=4.23 update_s=0.83
E2 e2_kaito_r0 step=222/300 win=0.5677 kl=0.00241 rollout_s=4.19 update_s=0.92
E2 e2_kaito_r0 step=223/300 win=0.5677 kl=0.00317 rollout_s=4.24 update_s=0.86
E2 e2_kaito_r0 step=224/300 win=0.6302 kl=0.00162 rollout_s=4.18 update_s=0.95
E2 e2_kaito_r0 step=225/300 win=0.5417 kl=0.00374 rollout_s=4.38 update_s=0.74
E2 e2_kaito_r0 step=226/300 win=0.6198 kl=0.00203 rollout_s=4.17 update_s=0.85
E2 e2_kaito_r0 step=227/300 win=0.5938 kl=0.00301 rollout_s=4.21 update_s=0.87
E2 e2_kaito_r0 step=228/300 win=0.6406 kl=0.00268 rollout_s=4.37 update_s=0.90
E2 e2_kaito_r0 step=229/300 win=0.6510 kl=0.00183 rollout_s=4.15 update_s=0.85
E2 e2_kaito_r0 step=230/300 win=0.5938 kl=0.00107 rollout_s=4.21 update_s=0.90
E2 e2_kaito_r0 step=231/300 win=0.6510 kl=0.00252 rollout_s=4.23 update_s=0.77
E2 e2_kaito_r0 step=232/300 win=0.6354 kl=0.00196 rollout_s=4.36 update_s=0.90
E2 e2_kaito_r0 step=233/300 win=0.6562 kl=0.00258 rollout_s=4.18 update_s=0.78
E2 e2_kaito_r0 step=234/300 win=0.5885 kl=0.00228 rollout_s=4.18 update_s=0.77
E2 e2_kaito_r0 step=235/300 win=0.5938 kl=0.00243 rollout_s=4.17 update_s=0.85
E2 e2_kaito_r0 step=236/300 win=0.6042 kl=0.00072 rollout_s=4.17 update_s=0.80
E2 e2_kaito_r0 step=237/300 win=0.5677 kl=0.00251 rollout_s=4.16 update_s=0.80
E2 e2_kaito_r0 step=238/300 win=0.5677 kl=0.00125 rollout_s=4.33 update_s=0.76
E2 e2_kaito_r0 step=239/300 win=0.5417 kl=0.00326 rollout_s=4.25 update_s=0.80
E2 e2_kaito_r0 step=240/300 win=0.6198 kl=0.00322 rollout_s=4.21 update_s=0.89
E2 e2_kaito_r0 step=241/300 win=0.5365 kl=0.00246 rollout_s=4.20 update_s=0.81
E2 e2_kaito_r0 step=242/300 win=0.5781 kl=0.00240 rollout_s=4.19 update_s=0.76
E2 e2_kaito_r0 step=243/300 win=0.5885 kl=0.00164 rollout_s=4.18 update_s=0.92
E2 e2_kaito_r0 step=244/300 win=0.6094 kl=0.00237 rollout_s=4.16 update_s=0.83
E2 e2_kaito_r0 step=245/300 win=0.5104 kl=0.00211 rollout_s=4.43 update_s=0.82
E2 e2_kaito_r0 step=246/300 win=0.5104 kl=0.00195 rollout_s=4.20 update_s=0.72
E2 e2_kaito_r0 step=247/300 win=0.6146 kl=0.00222 rollout_s=4.16 update_s=0.88
E2 e2_kaito_r0 step=248/300 win=0.5365 kl=0.00437 rollout_s=4.13 update_s=0.80
E2 e2_kaito_r0 step=249/300 win=0.6510 kl=0.00337 rollout_s=4.15 update_s=0.87
E2 e2_kaito_r0 step=250/300 win=0.5833 kl=0.00171 rollout_s=4.18 update_s=0.76
E2 e2_kaito_r0 step=251/300 win=0.5469 kl=0.00253 rollout_s=4.22 update_s=0.75
E2 e2_kaito_r0 step=252/300 win=0.5469 kl=0.00324 rollout_s=4.30 update_s=0.90
E2 e2_kaito_r0 step=253/300 win=0.5833 kl=0.00234 rollout_s=4.18 update_s=0.82
E2 e2_kaito_r0 step=254/300 win=0.6615 kl=0.00186 rollout_s=4.24 update_s=0.85
E2 e2_kaito_r0 step=255/300 win=0.5938 kl=0.00266 rollout_s=4.24 update_s=0.77
E2 e2_kaito_r0 step=256/300 win=0.5729 kl=0.00250 rollout_s=4.17 update_s=0.84
E2 e2_kaito_r0 step=257/300 win=0.5990 kl=0.00141 rollout_s=4.18 update_s=0.74
E2 e2_kaito_r0 step=258/300 win=0.6094 kl=0.00231 rollout_s=4.38 update_s=0.72
E2 e2_kaito_r0 step=259/300 win=0.5208 kl=0.00241 rollout_s=4.16 update_s=0.81
E2 e2_kaito_r0 step=260/300 win=0.6250 kl=0.00275 rollout_s=4.16 update_s=0.77
E2 e2_kaito_r0 step=261/300 win=0.5833 kl=0.00242 rollout_s=4.18 update_s=0.86
E2 e2_kaito_r0 step=262/300 win=0.5833 kl=0.00127 rollout_s=4.15 update_s=0.75
E2 e2_kaito_r0 step=263/300 win=0.5781 kl=0.00191 rollout_s=4.18 update_s=0.87
E2 e2_kaito_r0 step=264/300 win=0.5469 kl=0.00226 rollout_s=4.10 update_s=0.74
E2 e2_kaito_r0 step=265/300 win=0.6250 kl=0.00334 rollout_s=4.46 update_s=0.90
E2 e2_kaito_r0 step=266/300 win=0.5990 kl=0.00208 rollout_s=4.14 update_s=0.79
E2 e2_kaito_r0 step=267/300 win=0.5625 kl=0.00281 rollout_s=4.16 update_s=0.83
E2 e2_kaito_r0 step=268/300 win=0.5729 kl=0.00191 rollout_s=4.17 update_s=0.93
E2 e2_kaito_r0 step=269/300 win=0.6198 kl=0.00261 rollout_s=4.37 update_s=0.82
E2 e2_kaito_r0 step=270/300 win=0.5833 kl=0.00308 rollout_s=4.20 update_s=0.80
E2 e2_kaito_r0 step=271/300 win=0.5260 kl=0.00162 rollout_s=4.32 update_s=0.75
E2 e2_kaito_r0 step=272/300 win=0.6875 kl=0.00339 rollout_s=4.30 update_s=0.83
E2 e2_kaito_r0 step=273/300 win=0.6042 kl=0.00136 rollout_s=4.14 update_s=0.74
E2 e2_kaito_r0 step=274/300 win=0.6146 kl=0.00291 rollout_s=4.19 update_s=0.89
E2 e2_kaito_r0 step=275/300 win=0.5625 kl=0.00194 rollout_s=4.16 update_s=0.82
E2 e2_kaito_r0 step=276/300 win=0.6198 kl=0.00171 rollout_s=4.17 update_s=0.91
E2 e2_kaito_r0 step=277/300 win=0.6146 kl=0.00264 rollout_s=4.20 update_s=0.76
E2 e2_kaito_r0 step=278/300 win=0.5885 kl=0.00157 rollout_s=4.43 update_s=0.90
E2 e2_kaito_r0 step=279/300 win=0.5938 kl=0.00254 rollout_s=4.69 update_s=0.75
E2 e2_kaito_r0 step=280/300 win=0.6198 kl=0.00199 rollout_s=4.17 update_s=0.82
E2 e2_kaito_r0 step=281/300 win=0.5417 kl=0.00231 rollout_s=4.34 update_s=0.78
E2 e2_kaito_r0 step=282/300 win=0.5781 kl=0.00246 rollout_s=4.23 update_s=0.79
E2 e2_kaito_r0 step=283/300 win=0.6042 kl=0.00189 rollout_s=4.14 update_s=0.79
E2 e2_kaito_r0 step=284/300 win=0.6146 kl=0.00222 rollout_s=4.20 update_s=0.79
E2 e2_kaito_r0 step=285/300 win=0.5677 kl=0.00116 rollout_s=4.35 update_s=0.76
E2 e2_kaito_r0 step=286/300 win=0.6250 kl=0.00280 rollout_s=4.24 update_s=0.90
E2 e2_kaito_r0 step=287/300 win=0.6094 kl=0.00230 rollout_s=4.13 update_s=0.81
E2 e2_kaito_r0 step=288/300 win=0.6510 kl=0.00170 rollout_s=4.26 update_s=0.85
E2 e2_kaito_r0 step=289/300 win=0.5521 kl=0.00254 rollout_s=4.14 update_s=0.74
E2 e2_kaito_r0 step=290/300 win=0.6354 kl=0.00268 rollout_s=4.15 update_s=0.82
E2 e2_kaito_r0 step=291/300 win=0.5885 kl=0.00168 rollout_s=4.34 update_s=0.68
E2 e2_kaito_r0 step=292/300 win=0.6354 kl=0.00191 rollout_s=4.22 update_s=0.81
E2 e2_kaito_r0 step=293/300 win=0.6458 kl=0.00228 rollout_s=4.13 update_s=0.87
E2 e2_kaito_r0 step=294/300 win=0.6146 kl=0.00248 rollout_s=4.13 update_s=0.79
E2 e2_kaito_r0 step=295/300 win=0.6146 kl=0.00234 rollout_s=4.20 update_s=0.80
E2 e2_kaito_r0 step=296/300 win=0.6771 kl=0.00299 rollout_s=4.19 update_s=0.77
E2 e2_kaito_r0 step=297/300 win=0.5729 kl=0.00325 rollout_s=4.16 update_s=0.83
E2 e2_kaito_r0 step=298/300 win=0.5573 kl=0.00167 rollout_s=4.46 update_s=0.74
E2 e2_kaito_r0 step=299/300 win=0.5938 kl=0.00120 rollout_s=4.16 update_s=0.83
E2 e2_kaito_r0 step=300/300 win=0.5521 kl=0.00228 rollout_s=4.13 update_s=0.75
E2_REPEAT_COMPLETE e2_kaito_r0 heldout_win=0.7100 full_panel_win=0.6050
E2 e2_kaito_r1 step=1/300 win=0.4948 kl=0.00003 rollout_s=4.11 update_s=0.88
E2 e2_kaito_r1 step=2/300 win=0.4531 kl=0.00010 rollout_s=4.13 update_s=0.73
E2 e2_kaito_r1 step=3/300 win=0.4688 kl=0.00040 rollout_s=4.12 update_s=0.83
E2 e2_kaito_r1 step=4/300 win=0.5312 kl=0.00111 rollout_s=4.41 update_s=0.84
E2 e2_kaito_r1 step=5/300 win=0.5417 kl=0.00053 rollout_s=4.16 update_s=0.83
E2 e2_kaito_r1 step=6/300 win=0.5625 kl=0.00121 rollout_s=4.13 update_s=0.74
E2 e2_kaito_r1 step=7/300 win=0.5781 kl=0.00041 rollout_s=4.16 update_s=0.81
E2 e2_kaito_r1 step=8/300 win=0.5521 kl=0.00018 rollout_s=4.16 update_s=0.74
E2 e2_kaito_r1 step=9/300 win=0.4688 kl=0.00075 rollout_s=4.12 update_s=0.91
E2 e2_kaito_r1 step=10/300 win=0.5208 kl=0.00306 rollout_s=4.16 update_s=0.73
E2 e2_kaito_r1 step=11/300 win=0.5990 kl=0.00097 rollout_s=4.34 update_s=0.82
E2 e2_kaito_r1 step=12/300 win=0.4479 kl=0.00253 rollout_s=4.13 update_s=0.73
E2 e2_kaito_r1 step=13/300 win=0.5156 kl=0.00101 rollout_s=4.15 update_s=0.83
E2 e2_kaito_r1 step=14/300 win=0.5833 kl=0.00059 rollout_s=4.16 update_s=0.73
E2 e2_kaito_r1 step=15/300 win=0.5521 kl=0.00136 rollout_s=4.12 update_s=0.91
E2 e2_kaito_r1 step=16/300 win=0.5573 kl=0.00022 rollout_s=4.16 update_s=0.74
E2 e2_kaito_r1 step=17/300 win=0.5729 kl=0.00097 rollout_s=4.18 update_s=0.70
E2 e2_kaito_r1 step=18/300 win=0.5469 kl=0.00065 rollout_s=4.25 update_s=0.89
E2 e2_kaito_r1 step=19/300 win=0.6458 kl=0.00079 rollout_s=4.16 update_s=0.76
E2 e2_kaito_r1 step=20/300 win=0.5521 kl=0.00228 rollout_s=4.19 update_s=0.79
E2 e2_kaito_r1 step=21/300 win=0.5365 kl=0.00212 rollout_s=4.19 update_s=0.88
E2 e2_kaito_r1 step=22/300 win=0.5938 kl=0.00112 rollout_s=4.19 update_s=0.80
E2 e2_kaito_r1 step=23/300 win=0.6250 kl=0.00089 rollout_s=4.15 update_s=0.78
E2 e2_kaito_r1 step=24/300 win=0.4740 kl=0.00035 rollout_s=4.36 update_s=0.71
E2 e2_kaito_r1 step=25/300 win=0.5469 kl=0.00185 rollout_s=4.13 update_s=0.91
E2 e2_kaito_r1 step=26/300 win=0.5677 kl=0.00075 rollout_s=4.24 update_s=0.78
E2 e2_kaito_r1 step=27/300 win=0.5677 kl=0.00124 rollout_s=4.15 update_s=0.83
E2 e2_kaito_r1 step=28/300 win=0.5260 kl=0.00368 rollout_s=4.11 update_s=0.74
E2 e2_kaito_r1 step=29/300 win=0.5104 kl=0.00218 rollout_s=4.19 update_s=0.92
E2 e2_kaito_r1 step=30/300 win=0.6198 kl=0.00159 rollout_s=4.15 update_s=0.74
E2 e2_kaito_r1 step=31/300 win=0.5833 kl=0.00284 rollout_s=4.43 update_s=0.89
E2 e2_kaito_r1 step=32/300 win=0.5781 kl=0.00282 rollout_s=4.21 update_s=0.80
E2 e2_kaito_r1 step=33/300 win=0.5573 kl=0.00359 rollout_s=4.15 update_s=0.76
E2 e2_kaito_r1 step=34/300 win=0.4896 kl=0.00220 rollout_s=4.12 update_s=0.85
E2 e2_kaito_r1 step=35/300 win=0.6094 kl=0.00098 rollout_s=4.24 update_s=0.81
E2 e2_kaito_r1 step=36/300 win=0.5885 kl=0.00115 rollout_s=4.16 update_s=0.91
E2 e2_kaito_r1 step=37/300 win=0.5417 kl=0.00203 rollout_s=4.19 update_s=0.69
E2 e2_kaito_r1 step=38/300 win=0.5625 kl=0.00334 rollout_s=4.34 update_s=0.83
E2 e2_kaito_r1 step=39/300 win=0.5729 kl=0.00292 rollout_s=4.13 update_s=0.79
E2 e2_kaito_r1 step=40/300 win=0.5573 kl=0.00128 rollout_s=4.12 update_s=0.84
E2 e2_kaito_r1 step=41/300 win=0.5938 kl=0.00127 rollout_s=4.11 update_s=0.80
E2 e2_kaito_r1 step=42/300 win=0.5573 kl=0.00125 rollout_s=4.14 update_s=0.94
E2 e2_kaito_r1 step=43/300 win=0.5625 kl=0.00164 rollout_s=4.12 update_s=0.80
E2 e2_kaito_r1 step=44/300 win=0.5260 kl=0.00202 rollout_s=4.40 update_s=0.75
E2 e2_kaito_r1 step=45/300 win=0.5729 kl=0.00115 rollout_s=4.15 update_s=0.72
E2 e2_kaito_r1 step=46/300 win=0.5365 kl=0.00254 rollout_s=4.15 update_s=0.84
E2 e2_kaito_r1 step=47/300 win=0.5781 kl=0.00305 rollout_s=4.11 update_s=0.83
E2 e2_kaito_r1 step=48/300 win=0.5990 kl=0.00276 rollout_s=4.12 update_s=0.84
E2 e2_kaito_r1 step=49/300 win=0.5781 kl=0.00204 rollout_s=4.17 update_s=0.90
E2 e2_kaito_r1 step=50/300 win=0.5208 kl=0.00416 rollout_s=4.13 update_s=0.82
E2 e2_kaito_r1 step=51/300 win=0.5573 kl=0.00509 rollout_s=4.40 update_s=0.97
E2 e2_kaito_r1 step=52/300 win=0.5417 kl=0.00228 rollout_s=4.15 update_s=0.83
E2 e2_kaito_r1 step=53/300 win=0.5260 kl=0.00190 rollout_s=4.18 update_s=0.83
E2 e2_kaito_r1 step=54/300 win=0.5521 kl=0.00183 rollout_s=4.15 update_s=0.89
E2 e2_kaito_r1 step=55/300 win=0.5781 kl=0.00294 rollout_s=4.12 update_s=0.86
E2 e2_kaito_r1 step=56/300 win=0.6094 kl=0.00217 rollout_s=4.18 update_s=0.79
E2 e2_kaito_r1 step=57/300 win=0.6042 kl=0.00262 rollout_s=4.22 update_s=0.77
E2 e2_kaito_r1 step=58/300 win=0.5312 kl=0.00259 rollout_s=4.28 update_s=0.73
E2 e2_kaito_r1 step=59/300 win=0.5938 kl=0.00383 rollout_s=4.17 update_s=0.90
E2 e2_kaito_r1 step=60/300 win=0.6458 kl=0.00369 rollout_s=4.15 update_s=0.75
E2 e2_kaito_r1 step=61/300 win=0.5625 kl=0.00296 rollout_s=4.13 update_s=0.83
E2 e2_kaito_r1 step=62/300 win=0.5938 kl=0.00390 rollout_s=4.16 update_s=0.84
E2 e2_kaito_r1 step=63/300 win=0.6302 kl=0.00290 rollout_s=4.17 update_s=0.74
E2 e2_kaito_r1 step=64/300 win=0.5104 kl=0.00359 rollout_s=4.31 update_s=0.73
E2 e2_kaito_r1 step=65/300 win=0.6198 kl=0.00177 rollout_s=4.24 update_s=0.74
E2 e2_kaito_r1 step=66/300 win=0.5104 kl=0.00359 rollout_s=4.20 update_s=0.92
E2 e2_kaito_r1 step=67/300 win=0.5729 kl=0.00226 rollout_s=4.14 update_s=0.78
E2 e2_kaito_r1 step=68/300 win=0.5625 kl=0.00283 rollout_s=4.18 update_s=0.96
E2 e2_kaito_r1 step=69/300 win=0.5677 kl=0.00286 rollout_s=4.19 update_s=0.76
E2 e2_kaito_r1 step=70/300 win=0.5833 kl=0.00235 rollout_s=4.10 update_s=0.94
E2 e2_kaito_r1 step=71/300 win=0.5781 kl=0.00278 rollout_s=4.40 update_s=0.76
E2 e2_kaito_r1 step=72/300 win=0.5781 kl=0.00291 rollout_s=4.15 update_s=0.82
E2 e2_kaito_r1 step=73/300 win=0.4844 kl=0.00176 rollout_s=4.43 update_s=0.89
E2 e2_kaito_r1 step=74/300 win=0.6250 kl=0.00224 rollout_s=4.20 update_s=0.78
E2 e2_kaito_r1 step=75/300 win=0.5417 kl=0.00192 rollout_s=4.17 update_s=0.85
E2 e2_kaito_r1 step=76/300 win=0.6094 kl=0.00325 rollout_s=4.20 update_s=0.77
E2 e2_kaito_r1 step=77/300 win=0.5260 kl=0.00190 rollout_s=4.22 update_s=0.68
E2 e2_kaito_r1 step=78/300 win=0.6250 kl=0.00348 rollout_s=4.37 update_s=0.74
E2 e2_kaito_r1 step=79/300 win=0.6094 kl=0.00236 rollout_s=4.24 update_s=0.87
E2 e2_kaito_r1 step=80/300 win=0.5990 kl=0.00248 rollout_s=4.13 update_s=0.71
E2 e2_kaito_r1 step=81/300 win=0.6198 kl=0.00223 rollout_s=4.41 update_s=0.84
E2 e2_kaito_r1 step=82/300 win=0.6198 kl=0.00272 rollout_s=4.19 update_s=0.75
E2 e2_kaito_r1 step=83/300 win=0.5677 kl=0.00243 rollout_s=4.22 update_s=0.84
E2 e2_kaito_r1 step=84/300 win=0.6094 kl=0.00222 rollout_s=4.40 update_s=0.78
E2 e2_kaito_r1 step=85/300 win=0.6302 kl=0.00156 rollout_s=4.15 update_s=0.85
E2 e2_kaito_r1 step=86/300 win=0.5417 kl=0.00240 rollout_s=4.16 update_s=0.87
E2 e2_kaito_r1 step=87/300 win=0.6250 kl=0.00382 rollout_s=4.13 update_s=0.91
E2 e2_kaito_r1 step=88/300 win=0.5260 kl=0.00298 rollout_s=4.17 update_s=0.79
E2 e2_kaito_r1 step=89/300 win=0.5312 kl=0.00190 rollout_s=4.24 update_s=0.77
E2 e2_kaito_r1 step=90/300 win=0.5521 kl=0.00331 rollout_s=4.42 update_s=0.81
E2 e2_kaito_r1 step=91/300 win=0.5833 kl=0.00258 rollout_s=4.85 update_s=0.87
E2 e2_kaito_r1 step=92/300 win=0.5885 kl=0.00229 rollout_s=4.34 update_s=0.88
E2 e2_kaito_r1 step=93/300 win=0.6146 kl=0.00166 rollout_s=4.43 update_s=0.89
E2 e2_kaito_r1 step=94/300 win=0.5365 kl=0.00203 rollout_s=4.18 update_s=0.84
E2 e2_kaito_r1 step=95/300 win=0.5885 kl=0.00290 rollout_s=4.14 update_s=0.96
E2 e2_kaito_r1 step=96/300 win=0.5938 kl=0.00309 rollout_s=4.16 update_s=0.76
E2 e2_kaito_r1 step=97/300 win=0.6042 kl=0.00205 rollout_s=4.33 update_s=0.77
E2 e2_kaito_r1 step=98/300 win=0.5990 kl=0.00271 rollout_s=4.25 update_s=0.76
E2 e2_kaito_r1 step=99/300 win=0.6250 kl=0.00178 rollout_s=4.16 update_s=0.97
E2 e2_kaito_r1 step=100/300 win=0.6302 kl=0.00264 rollout_s=4.19 update_s=0.80
E2 e2_kaito_r1 step=101/300 win=0.5885 kl=0.00253 rollout_s=4.15 update_s=0.89
E2 e2_kaito_r1 step=102/300 win=0.5781 kl=0.00227 rollout_s=4.17 update_s=0.76
E2 e2_kaito_r1 step=103/300 win=0.5885 kl=0.00165 rollout_s=4.20 update_s=0.83
E2 e2_kaito_r1 step=104/300 win=0.5729 kl=0.00367 rollout_s=4.44 update_s=0.69
E2 e2_kaito_r1 step=105/300 win=0.6667 kl=0.00219 rollout_s=4.19 update_s=0.92
E2 e2_kaito_r1 step=106/300 win=0.5781 kl=0.00331 rollout_s=4.22 update_s=0.79
E2 e2_kaito_r1 step=107/300 win=0.6146 kl=0.00309 rollout_s=4.14 update_s=0.81
E2 e2_kaito_r1 step=108/300 win=0.5729 kl=0.00221 rollout_s=4.16 update_s=0.85
E2 e2_kaito_r1 step=109/300 win=0.5521 kl=0.00308 rollout_s=4.17 update_s=0.75
E2 e2_kaito_r1 step=110/300 win=0.5885 kl=0.00244 rollout_s=4.28 update_s=0.75
E2 e2_kaito_r1 step=111/300 win=0.5260 kl=0.00363 rollout_s=4.23 update_s=0.77
E2 e2_kaito_r1 step=112/300 win=0.5625 kl=0.00268 rollout_s=4.18 update_s=0.89
E2 e2_kaito_r1 step=113/300 win=0.5208 kl=0.00192 rollout_s=4.13 update_s=0.71
E2 e2_kaito_r1 step=114/300 win=0.6094 kl=0.00323 rollout_s=4.19 update_s=0.91
E2 e2_kaito_r1 step=115/300 win=0.5469 kl=0.00301 rollout_s=4.14 update_s=0.79
E2 e2_kaito_r1 step=116/300 win=0.6302 kl=0.00139 rollout_s=4.15 update_s=0.84
E2 e2_kaito_r1 step=117/300 win=0.5781 kl=0.00196 rollout_s=4.47 update_s=0.75
E2 e2_kaito_r1 step=118/300 win=0.5781 kl=0.00306 rollout_s=4.15 update_s=0.95
E2 e2_kaito_r1 step=119/300 win=0.5052 kl=0.00169 rollout_s=4.13 update_s=0.76
E2 e2_kaito_r1 step=120/300 win=0.6458 kl=0.00335 rollout_s=4.15 update_s=0.90
E2 e2_kaito_r1 step=121/300 win=0.5573 kl=0.00280 rollout_s=4.16 update_s=0.79
E2 e2_kaito_r1 step=122/300 win=0.6094 kl=0.00330 rollout_s=4.13 update_s=0.92
E2 e2_kaito_r1 step=123/300 win=0.6667 kl=0.00176 rollout_s=4.18 update_s=0.72
E2 e2_kaito_r1 step=124/300 win=0.5781 kl=0.00235 rollout_s=4.35 update_s=0.79
E2 e2_kaito_r1 step=125/300 win=0.5052 kl=0.00193 rollout_s=4.22 update_s=0.80
E2 e2_kaito_r1 step=126/300 win=0.6302 kl=0.00185 rollout_s=4.14 update_s=0.76
E2 e2_kaito_r1 step=127/300 win=0.5677 kl=0.00260 rollout_s=4.13 update_s=0.74
E2 e2_kaito_r1 step=128/300 win=0.5781 kl=0.00332 rollout_s=4.16 update_s=0.84
E2 e2_kaito_r1 step=129/300 win=0.6406 kl=0.00200 rollout_s=4.19 update_s=0.73
E2 e2_kaito_r1 step=130/300 win=0.5990 kl=0.00209 rollout_s=4.22 update_s=0.72
E2 e2_kaito_r1 step=131/300 win=0.5365 kl=0.00146 rollout_s=4.26 update_s=0.75
E2 e2_kaito_r1 step=132/300 win=0.5260 kl=0.00202 rollout_s=4.14 update_s=0.84
E2 e2_kaito_r1 step=133/300 win=0.5938 kl=0.00214 rollout_s=4.20 update_s=0.75
E2 e2_kaito_r1 step=134/300 win=0.5833 kl=0.00181 rollout_s=4.14 update_s=0.90
E2 e2_kaito_r1 step=135/300 win=0.5990 kl=0.00194 rollout_s=4.16 update_s=0.73
E2 e2_kaito_r1 step=136/300 win=0.6146 kl=0.00250 rollout_s=4.15 update_s=0.76
E2 e2_kaito_r1 step=137/300 win=0.6146 kl=0.00287 rollout_s=4.40 update_s=0.78
E2 e2_kaito_r1 step=138/300 win=0.6146 kl=0.00186 rollout_s=4.12 update_s=0.76
E2 e2_kaito_r1 step=139/300 win=0.5781 kl=0.00161 rollout_s=4.16 update_s=0.87
E2 e2_kaito_r1 step=140/300 win=0.5885 kl=0.00283 rollout_s=4.16 update_s=0.80
E2 e2_kaito_r1 step=141/300 win=0.5260 kl=0.00361 rollout_s=4.29 update_s=0.87
E2 e2_kaito_r1 step=142/300 win=0.6146 kl=0.00247 rollout_s=4.12 update_s=0.91
E2 e2_kaito_r1 step=143/300 win=0.6562 kl=0.00149 rollout_s=4.10 update_s=0.73
E2 e2_kaito_r1 step=144/300 win=0.5677 kl=0.00199 rollout_s=4.37 update_s=0.85
E2 e2_kaito_r1 step=145/300 win=0.5781 kl=0.00197 rollout_s=4.23 update_s=0.73
E2 e2_kaito_r1 step=146/300 win=0.6146 kl=0.00147 rollout_s=4.18 update_s=0.82
E2 e2_kaito_r1 step=147/300 win=0.6354 kl=0.00201 rollout_s=4.19 update_s=0.81
E2 e2_kaito_r1 step=148/300 win=0.5833 kl=0.00261 rollout_s=4.15 update_s=0.86
E2 e2_kaito_r1 step=149/300 win=0.5625 kl=0.00203 rollout_s=4.29 update_s=0.74
E2 e2_kaito_r1 step=150/300 win=0.5833 kl=0.00192 rollout_s=4.37 update_s=0.80
E2 e2_kaito_r1 step=151/300 win=0.5885 kl=0.00143 rollout_s=4.22 update_s=0.73
E2 e2_kaito_r1 step=152/300 win=0.6302 kl=0.00208 rollout_s=4.17 update_s=0.83
E2 e2_kaito_r1 step=153/300 win=0.5833 kl=0.00174 rollout_s=4.17 update_s=0.78
E2 e2_kaito_r1 step=154/300 win=0.5677 kl=0.00257 rollout_s=4.17 update_s=0.88
E2 e2_kaito_r1 step=155/300 win=0.5260 kl=0.00178 rollout_s=4.15 update_s=0.79
E2 e2_kaito_r1 step=156/300 win=0.5938 kl=0.00291 rollout_s=4.18 update_s=0.84
E2 e2_kaito_r1 step=157/300 win=0.5156 kl=0.00225 rollout_s=4.50 update_s=0.80
E2 e2_kaito_r1 step=158/300 win=0.6250 kl=0.00163 rollout_s=4.25 update_s=0.78
E2 e2_kaito_r1 step=159/300 win=0.5781 kl=0.00343 rollout_s=4.36 update_s=0.82
E2 e2_kaito_r1 step=160/300 win=0.5677 kl=0.00269 rollout_s=4.22 update_s=0.81
E2 e2_kaito_r1 step=161/300 win=0.6875 kl=0.00171 rollout_s=4.16 update_s=0.86
E2 e2_kaito_r1 step=162/300 win=0.6094 kl=0.00298 rollout_s=4.13 update_s=0.92
E2 e2_kaito_r1 step=163/300 win=0.6094 kl=0.00207 rollout_s=4.31 update_s=0.75
E2 e2_kaito_r1 step=164/300 win=0.6406 kl=0.00117 rollout_s=4.36 update_s=0.83
E2 e2_kaito_r1 step=165/300 win=0.6094 kl=0.00090 rollout_s=4.22 update_s=0.78
E2 e2_kaito_r1 step=166/300 win=0.5885 kl=0.00133 rollout_s=4.14 update_s=0.83
E2 e2_kaito_r1 step=167/300 win=0.5521 kl=0.00080 rollout_s=4.15 update_s=0.84
E2 e2_kaito_r1 step=168/300 win=0.6094 kl=0.00089 rollout_s=4.20 update_s=0.84
E2 e2_kaito_r1 step=169/300 win=0.6042 kl=0.00135 rollout_s=4.20 update_s=0.76
E2 e2_kaito_r1 step=170/300 win=0.6042 kl=0.00217 rollout_s=4.37 update_s=0.79
E2 e2_kaito_r1 step=171/300 win=0.6094 kl=0.00286 rollout_s=4.20 update_s=0.78
E2 e2_kaito_r1 step=172/300 win=0.5312 kl=0.00173 rollout_s=4.20 update_s=0.80
E2 e2_kaito_r1 step=173/300 win=0.6302 kl=0.00209 rollout_s=4.13 update_s=0.73
E2 e2_kaito_r1 step=174/300 win=0.5885 kl=0.00313 rollout_s=4.13 update_s=0.85
E2 e2_kaito_r1 step=175/300 win=0.6250 kl=0.00147 rollout_s=4.13 update_s=0.78
E2 e2_kaito_r1 step=176/300 win=0.5990 kl=0.00171 rollout_s=4.20 update_s=0.85
E2 e2_kaito_r1 step=177/300 win=0.6302 kl=0.00136 rollout_s=4.44 update_s=0.78
E2 e2_kaito_r1 step=178/300 win=0.5677 kl=0.00237 rollout_s=4.16 update_s=0.87
E2 e2_kaito_r1 step=179/300 win=0.6302 kl=0.00152 rollout_s=4.14 update_s=0.80
E2 e2_kaito_r1 step=180/300 win=0.6302 kl=0.00128 rollout_s=4.20 update_s=0.91
E2 e2_kaito_r1 step=181/300 win=0.6198 kl=0.00141 rollout_s=4.16 update_s=0.74
E2 e2_kaito_r1 step=182/300 win=0.6250 kl=0.00171 rollout_s=4.14 update_s=0.81
E2 e2_kaito_r1 step=183/300 win=0.5469 kl=0.00185 rollout_s=4.14 update_s=0.67
E2 e2_kaito_r1 step=184/300 win=0.5260 kl=0.00194 rollout_s=4.43 update_s=0.84
E2 e2_kaito_r1 step=185/300 win=0.5833 kl=0.00311 rollout_s=4.17 update_s=0.92
E2 e2_kaito_r1 step=186/300 win=0.6510 kl=0.00354 rollout_s=4.20 update_s=0.75
E2 e2_kaito_r1 step=187/300 win=0.6510 kl=0.00310 rollout_s=4.22 update_s=0.85
E2 e2_kaito_r1 step=188/300 win=0.6094 kl=0.00154 rollout_s=4.21 update_s=0.78
E2 e2_kaito_r1 step=189/300 win=0.5833 kl=0.00181 rollout_s=4.21 update_s=0.86
E2 e2_kaito_r1 step=190/300 win=0.5365 kl=0.00178 rollout_s=4.38 update_s=0.71
E2 e2_kaito_r1 step=191/300 win=0.5938 kl=0.00318 rollout_s=4.20 update_s=0.89
E2 e2_kaito_r1 step=192/300 win=0.5990 kl=0.00324 rollout_s=4.20 update_s=0.77
E2 e2_kaito_r1 step=193/300 win=0.5573 kl=0.00258 rollout_s=4.19 update_s=0.86
E2 e2_kaito_r1 step=194/300 win=0.6146 kl=0.00180 rollout_s=4.17 update_s=0.71
E2 e2_kaito_r1 step=195/300 win=0.5365 kl=0.00242 rollout_s=4.22 update_s=0.86
E2 e2_kaito_r1 step=196/300 win=0.6198 kl=0.00157 rollout_s=4.20 update_s=0.72
E2 e2_kaito_r1 step=197/300 win=0.5521 kl=0.00277 rollout_s=4.41 update_s=0.87
E2 e2_kaito_r1 step=198/300 win=0.6094 kl=0.00284 rollout_s=4.15 update_s=0.78
E2 e2_kaito_r1 step=199/300 win=0.5833 kl=0.00166 rollout_s=4.18 update_s=0.88
E2 e2_kaito_r1 step=200/300 win=0.5781 kl=0.00182 rollout_s=4.37 update_s=0.78
E2 e2_kaito_r1 step=201/300 win=0.5260 kl=0.00296 rollout_s=4.18 update_s=0.88
E2 e2_kaito_r1 step=202/300 win=0.6562 kl=0.00180 rollout_s=4.20 update_s=0.79
E2 e2_kaito_r1 step=203/300 win=0.5990 kl=0.00367 rollout_s=4.30 update_s=0.73
E2 e2_kaito_r1 step=204/300 win=0.5469 kl=0.00280 rollout_s=4.26 update_s=0.80
E2 e2_kaito_r1 step=205/300 win=0.5938 kl=0.00372 rollout_s=4.17 update_s=0.75
E2 e2_kaito_r1 step=206/300 win=0.6042 kl=0.00213 rollout_s=4.17 update_s=0.89
E2 e2_kaito_r1 step=207/300 win=0.5885 kl=0.00267 rollout_s=4.20 update_s=0.75
E2 e2_kaito_r1 step=208/300 win=0.6042 kl=0.00226 rollout_s=4.18 update_s=0.86
E2 e2_kaito_r1 step=209/300 win=0.5990 kl=0.00324 rollout_s=4.29 update_s=0.80
E2 e2_kaito_r1 step=210/300 win=0.6302 kl=0.00153 rollout_s=4.92 update_s=0.90
E2 e2_kaito_r1 step=211/300 win=0.5833 kl=0.00273 rollout_s=4.22 update_s=0.76
E2 e2_kaito_r1 step=212/300 win=0.5990 kl=0.00318 rollout_s=4.30 update_s=0.82
E2 e2_kaito_r1 step=213/300 win=0.6406 kl=0.00321 rollout_s=4.18 update_s=0.86
E2 e2_kaito_r1 step=214/300 win=0.4948 kl=0.00213 rollout_s=4.20 update_s=0.74
E2 e2_kaito_r1 step=215/300 win=0.6354 kl=0.00251 rollout_s=4.17 update_s=0.87
E2 e2_kaito_r1 step=216/300 win=0.5781 kl=0.00141 rollout_s=4.19 update_s=0.69
E2 e2_kaito_r1 step=217/300 win=0.5312 kl=0.00245 rollout_s=4.33 update_s=0.86
E2 e2_kaito_r1 step=218/300 win=0.5677 kl=0.00310 rollout_s=4.22 update_s=0.74
E2 e2_kaito_r1 step=219/300 win=0.5365 kl=0.00384 rollout_s=4.17 update_s=0.91
E2 e2_kaito_r1 step=220/300 win=0.5208 kl=0.00320 rollout_s=4.14 update_s=0.74
E2 e2_kaito_r1 step=221/300 win=0.5625 kl=0.00359 rollout_s=4.14 update_s=0.85
E2 e2_kaito_r1 step=222/300 win=0.5729 kl=0.00221 rollout_s=4.24 update_s=0.88
E2 e2_kaito_r1 step=223/300 win=0.5469 kl=0.00414 rollout_s=4.37 update_s=0.72
E2 e2_kaito_r1 step=224/300 win=0.5625 kl=0.00187 rollout_s=4.16 update_s=0.81
E2 e2_kaito_r1 step=225/300 win=0.5417 kl=0.00139 rollout_s=4.20 update_s=0.95
E2 e2_kaito_r1 step=226/300 win=0.5677 kl=0.00173 rollout_s=4.21 update_s=0.86
E2 e2_kaito_r1 step=227/300 win=0.5677 kl=0.00261 rollout_s=4.19 update_s=0.90
E2 e2_kaito_r1 step=228/300 win=0.5573 kl=0.00182 rollout_s=4.15 update_s=0.89
E2 e2_kaito_r1 step=229/300 win=0.6094 kl=0.00307 rollout_s=4.16 update_s=0.86
E2 e2_kaito_r1 step=230/300 win=0.5312 kl=0.00300 rollout_s=4.43 update_s=0.88
E2 e2_kaito_r1 step=231/300 win=0.5104 kl=0.00257 rollout_s=4.16 update_s=0.87
E2 e2_kaito_r1 step=232/300 win=0.5885 kl=0.00217 rollout_s=4.17 update_s=0.82
E2 e2_kaito_r1 step=233/300 win=0.6094 kl=0.00261 rollout_s=4.19 update_s=0.87
E2 e2_kaito_r1 step=234/300 win=0.5625 kl=0.00223 rollout_s=4.15 update_s=0.71
E2 e2_kaito_r1 step=235/300 win=0.5573 kl=0.00154 rollout_s=4.16 update_s=0.87
E2 e2_kaito_r1 step=236/300 win=0.5312 kl=0.00442 rollout_s=4.22 update_s=0.71
E2 e2_kaito_r1 step=237/300 win=0.6458 kl=0.00274 rollout_s=4.26 update_s=0.77
E2 e2_kaito_r1 step=238/300 win=0.6198 kl=0.00245 rollout_s=4.21 update_s=0.87
E2 e2_kaito_r1 step=239/300 win=0.5729 kl=0.00284 rollout_s=4.17 update_s=0.80
E2 e2_kaito_r1 step=240/300 win=0.5365 kl=0.00145 rollout_s=4.27 update_s=0.87
E2 e2_kaito_r1 step=241/300 win=0.5729 kl=0.00197 rollout_s=4.15 update_s=0.75
E2 e2_kaito_r1 step=242/300 win=0.6094 kl=0.00164 rollout_s=4.14 update_s=0.86
E2 e2_kaito_r1 step=243/300 win=0.5729 kl=0.00255 rollout_s=4.46 update_s=0.83
E2 e2_kaito_r1 step=244/300 win=0.5469 kl=0.00428 rollout_s=4.16 update_s=0.79
E2 e2_kaito_r1 step=245/300 win=0.5938 kl=0.00203 rollout_s=4.15 update_s=0.82
E2 e2_kaito_r1 step=246/300 win=0.5729 kl=0.00395 rollout_s=4.21 update_s=0.78
E2 e2_kaito_r1 step=247/300 win=0.5990 kl=0.00378 rollout_s=4.19 update_s=0.86
E2 e2_kaito_r1 step=248/300 win=0.5573 kl=0.00270 rollout_s=4.28 update_s=0.73
E2 e2_kaito_r1 step=249/300 win=0.5677 kl=0.00209 rollout_s=4.20 update_s=0.71
E2 e2_kaito_r1 step=250/300 win=0.5990 kl=0.00246 rollout_s=4.40 update_s=0.73
E2 e2_kaito_r1 step=251/300 win=0.5990 kl=0.00314 rollout_s=4.14 update_s=0.91
E2 e2_kaito_r1 step=252/300 win=0.5573 kl=0.00314 rollout_s=4.13 update_s=0.77
E2 e2_kaito_r1 step=253/300 win=0.5885 kl=0.00349 rollout_s=4.21 update_s=0.77
E2 e2_kaito_r1 step=254/300 win=0.6146 kl=0.00291 rollout_s=4.20 update_s=0.87
E2 e2_kaito_r1 step=255/300 win=0.5938 kl=0.00208 rollout_s=4.80 update_s=0.75
E2 e2_kaito_r1 step=256/300 win=0.5885 kl=0.00249 rollout_s=4.98 update_s=0.80
E2 e2_kaito_r1 step=257/300 win=0.5990 kl=0.00274 rollout_s=4.56 update_s=0.79
E2 e2_kaito_r1 step=258/300 win=0.5781 kl=0.00164 rollout_s=4.45 update_s=0.70
E2 e2_kaito_r1 step=259/300 win=0.5365 kl=0.00399 rollout_s=4.53 update_s=0.74
E2 e2_kaito_r1 step=260/300 win=0.5677 kl=0.00188 rollout_s=4.49 update_s=0.76
E2 e2_kaito_r1 step=261/300 win=0.5677 kl=0.00208 rollout_s=4.49 update_s=0.71
E2 e2_kaito_r1 step=262/300 win=0.6615 kl=0.00178 rollout_s=4.54 update_s=0.81
E2 e2_kaito_r1 step=263/300 win=0.6302 kl=0.00124 rollout_s=4.57 update_s=0.70
E2 e2_kaito_r1 step=264/300 win=0.6667 kl=0.00260 rollout_s=4.51 update_s=0.81
E2 e2_kaito_r1 step=265/300 win=0.6510 kl=0.00497 rollout_s=4.43 update_s=0.73
E2 e2_kaito_r1 step=266/300 win=0.5781 kl=0.00373 rollout_s=4.59 update_s=0.88
E2 e2_kaito_r1 step=267/300 win=0.6146 kl=0.00308 rollout_s=4.48 update_s=0.71
E2 e2_kaito_r1 step=268/300 win=0.5833 kl=0.00358 rollout_s=4.56 update_s=0.78
E2 e2_kaito_r1 step=269/300 win=0.6042 kl=0.00273 rollout_s=4.80 update_s=0.69
E2 e2_kaito_r1 step=270/300 win=0.6458 kl=0.00226 rollout_s=4.55 update_s=0.79
E2 e2_kaito_r1 step=271/300 win=0.6302 kl=0.00259 rollout_s=4.46 update_s=0.72
E2 e2_kaito_r1 step=272/300 win=0.6042 kl=0.00273 rollout_s=4.50 update_s=0.80
E2 e2_kaito_r1 step=273/300 win=0.6771 kl=0.00164 rollout_s=4.49 update_s=0.72
E2 e2_kaito_r1 step=274/300 win=0.5885 kl=0.00387 rollout_s=5.05 update_s=0.70
E2 e2_kaito_r1 step=275/300 win=0.5729 kl=0.00342 rollout_s=4.77 update_s=0.72
E2 e2_kaito_r1 step=276/300 win=0.5417 kl=0.00263 rollout_s=4.51 update_s=0.79
E2 e2_kaito_r1 step=277/300 win=0.6042 kl=0.00320 rollout_s=4.51 update_s=0.73
E2 e2_kaito_r1 step=278/300 win=0.6198 kl=0.00177 rollout_s=4.50 update_s=0.76
E2 e2_kaito_r1 step=279/300 win=0.5729 kl=0.00214 rollout_s=4.43 update_s=0.72
E2 e2_kaito_r1 step=280/300 win=0.5781 kl=0.00262 rollout_s=4.59 update_s=0.75
E2 e2_kaito_r1 step=281/300 win=0.5625 kl=0.00199 rollout_s=4.70 update_s=0.72
E2 e2_kaito_r1 step=282/300 win=0.5365 kl=0.00210 rollout_s=4.85 update_s=0.75
E2 e2_kaito_r1 step=283/300 win=0.5833 kl=0.00237 rollout_s=4.61 update_s=0.71
E2 e2_kaito_r1 step=284/300 win=0.6094 kl=0.00308 rollout_s=4.58 update_s=0.74
E2 e2_kaito_r1 step=285/300 win=0.5781 kl=0.00440 rollout_s=4.49 update_s=0.74
E2 e2_kaito_r1 step=286/300 win=0.6406 kl=0.00285 rollout_s=4.47 update_s=0.83
E2 e2_kaito_r1 step=287/300 win=0.6198 kl=0.00291 rollout_s=4.59 update_s=0.76
E2 e2_kaito_r1 step=288/300 win=0.5833 kl=0.00315 rollout_s=4.65 update_s=0.76
E2 e2_kaito_r1 step=289/300 win=0.5885 kl=0.00242 rollout_s=4.56 update_s=0.83
E2 e2_kaito_r1 step=290/300 win=0.6198 kl=0.00231 rollout_s=4.55 update_s=0.72
E2 e2_kaito_r1 step=291/300 win=0.6510 kl=0.00177 rollout_s=4.52 update_s=0.76
E2 e2_kaito_r1 step=292/300 win=0.6615 kl=0.00185 rollout_s=4.49 update_s=0.82
E2 e2_kaito_r1 step=293/300 win=0.6615 kl=0.00170 rollout_s=4.55 update_s=0.78
E2 e2_kaito_r1 step=294/300 win=0.5885 kl=0.00227 rollout_s=4.76 update_s=0.76
E2 e2_kaito_r1 step=295/300 win=0.5677 kl=0.00184 rollout_s=4.55 update_s=0.76
E2 e2_kaito_r1 step=296/300 win=0.5885 kl=0.00218 rollout_s=4.49 update_s=0.82
E2 e2_kaito_r1 step=297/300 win=0.5625 kl=0.00337 rollout_s=4.47 update_s=0.71
E2 e2_kaito_r1 step=298/300 win=0.5365 kl=0.00267 rollout_s=4.44 update_s=0.73
E2 e2_kaito_r1 step=299/300 win=0.5417 kl=0.00238 rollout_s=4.49 update_s=0.73
E2 e2_kaito_r1 step=300/300 win=0.5469 kl=0.00245 rollout_s=4.72 update_s=0.71
E2_REPEAT_COMPLETE e2_kaito_r1 heldout_win=0.6450 full_panel_win=0.6214
E2_DONE kaito {
  "0": {
    "heldout": {
      "games": 200,
      "wins": 142,
      "win_rate": 0.71,
      "mean_margin": 7865.1,
      "opponents": [
        "kaito_v58"
      ]
    },
    "full": {
      "games": 1400,
      "wins": 847,
      "win_rate": 0.605,
      "mean_margin": 8094.693571428571,
      "opponents": [
        "g001",
        "g003",
        "boatlee_v29",
        "kaito_v58",
        "lynn_v5",
        "yhay81_six_day",
        "yhay81_three_day"
      ]
    }
  },
  "1": {
    "heldout": {
      "games": 200,
      "wins": 129,
      "win_rate": 0.645,
      "mean_margin": 6136.405,
      "opponents": [
        "kaito_v58"
      ]
    },
    "full": {
      "games": 1400,
      "wins": 870,
      "win_rate": 0.6214285714285714,
      "mean_margin": 8499.730714285713,
      "opponents": [
        "g001",
        "g003",
        "boatlee_v29",
        "kaito_v58",
        "lynn_v5",
        "yhay81_six_day",
        "yhay81_three_day"
      ]
    }
  }
}
QUEUE: finished E2 held-out=kaito at Mon Sep  7 06:36:42 JST 2026
QUEUE: starting E3 at Mon Sep  7 06:36:42 JST 2026
EVAL keep_on_e1_panel {'games': 1400, 'wins': 857, 'win_rate': 0.6121428571428571, 'mean_margin': 8171.242857142857}
KEEP on E1/E3 shared test panel: {'games': 1400, 'wins': 857, 'win_rate': 0.6121428571428571, 'mean_margin': 8171.242857142857}
E3 aux_paired_e0 step=1/300 raw_win=0.5000 keep_win=0.5491 kl=0.00013 rollout_s=10.11 update_s=2.64
E3 aux_paired_e0 step=2/300 raw_win=0.5134 keep_win=0.5625 kl=0.00005 rollout_s=9.98 update_s=0.83
E3 aux_paired_e0 step=3/300 raw_win=0.4911 keep_win=0.6473 kl=0.00023 rollout_s=9.77 update_s=0.93
E3 aux_paired_e0 step=4/300 raw_win=0.4911 keep_win=0.6250 kl=0.00039 rollout_s=9.78 update_s=0.98
E3 aux_paired_e0 step=5/300 raw_win=0.4420 keep_win=0.5625 kl=0.00133 rollout_s=10.39 update_s=0.90
E3 aux_paired_e0 step=6/300 raw_win=0.4955 keep_win=0.6384 kl=0.00033 rollout_s=10.25 update_s=1.02
E3 aux_paired_e0 step=7/300 raw_win=0.5000 keep_win=0.6339 kl=0.00080 rollout_s=9.79 update_s=0.98
E3 aux_paired_e0 step=8/300 raw_win=0.4777 keep_win=0.5982 kl=0.00151 rollout_s=10.05 update_s=0.86
E3 aux_paired_e0 step=9/300 raw_win=0.4821 keep_win=0.5536 kl=0.00116 rollout_s=9.93 update_s=0.90
E3 aux_paired_e0 step=10/300 raw_win=0.5223 keep_win=0.5893 kl=0.00174 rollout_s=9.81 update_s=1.04
E3 aux_paired_e0 step=11/300 raw_win=0.4732 keep_win=0.7277 kl=0.00087 rollout_s=9.73 update_s=0.80
E3 aux_paired_e0 step=12/300 raw_win=0.6205 keep_win=0.6875 kl=0.00111 rollout_s=9.92 update_s=0.93
E3 aux_paired_e0 step=13/300 raw_win=0.5357 keep_win=0.5848 kl=0.00148 rollout_s=9.98 update_s=1.04
E3 aux_paired_e0 step=14/300 raw_win=0.5312 keep_win=0.6250 kl=0.00359 rollout_s=9.88 update_s=0.98
E3 aux_paired_e0 step=15/300 raw_win=0.5446 keep_win=0.6116 kl=0.00145 rollout_s=9.92 update_s=0.94
E3 aux_paired_e0 step=16/300 raw_win=0.4598 keep_win=0.5580 kl=0.00178 rollout_s=9.85 update_s=0.99
E3 aux_paired_e0 step=17/300 raw_win=0.6205 keep_win=0.6071 kl=0.00270 rollout_s=9.82 update_s=1.00
E3 aux_paired_e0 step=18/300 raw_win=0.6116 keep_win=0.7098 kl=0.00045 rollout_s=10.01 update_s=0.89
E3 aux_paired_e0 step=19/300 raw_win=0.5089 keep_win=0.5848 kl=0.00132 rollout_s=9.81 update_s=0.95
E3 aux_paired_e0 step=20/300 raw_win=0.5000 keep_win=0.5670 kl=0.00197 rollout_s=9.92 update_s=1.01
E3 aux_paired_e0 step=21/300 raw_win=0.5312 keep_win=0.6830 kl=0.00116 rollout_s=10.19 update_s=0.88
E3 aux_paired_e0 step=22/300 raw_win=0.6116 keep_win=0.6607 kl=0.00183 rollout_s=9.86 update_s=0.97
E3 aux_paired_e0 step=23/300 raw_win=0.5089 keep_win=0.5357 kl=0.00199 rollout_s=9.75 update_s=1.01
E3 aux_paired_e0 step=24/300 raw_win=0.5268 keep_win=0.6384 kl=0.00125 rollout_s=9.99 update_s=0.98
E3 aux_paired_e0 step=25/300 raw_win=0.5670 keep_win=0.6071 kl=0.00090 rollout_s=9.73 update_s=1.04
E3 aux_paired_e0 step=26/300 raw_win=0.5268 keep_win=0.6384 kl=0.00061 rollout_s=9.72 update_s=1.01
E3 aux_paired_e0 step=27/300 raw_win=0.5268 keep_win=0.6027 kl=0.00119 rollout_s=10.06 update_s=1.02
E3 aux_paired_e0 step=28/300 raw_win=0.5223 keep_win=0.6116 kl=0.00082 rollout_s=9.76 update_s=1.05
E3 aux_paired_e0 step=29/300 raw_win=0.4866 keep_win=0.5893 kl=0.00178 rollout_s=9.79 update_s=1.09
E3 aux_paired_e0 step=30/300 raw_win=0.4821 keep_win=0.5580 kl=0.00103 rollout_s=10.10 update_s=0.89
E3 aux_paired_e0 step=31/300 raw_win=0.5000 keep_win=0.5714 kl=0.00181 rollout_s=9.72 update_s=0.97
E3 aux_paired_e0 step=32/300 raw_win=0.5134 keep_win=0.5893 kl=0.00461 rollout_s=9.77 update_s=0.92
E3 aux_paired_e0 step=33/300 raw_win=0.5134 keep_win=0.5670 kl=0.00133 rollout_s=10.03 update_s=0.94
E3 aux_paired_e0 step=34/300 raw_win=0.4598 keep_win=0.5268 kl=0.00052 rollout_s=9.78 update_s=1.02
E3 aux_paired_e0 step=35/300 raw_win=0.5223 keep_win=0.6741 kl=0.00114 rollout_s=9.73 update_s=0.88
E3 aux_paired_e0 step=36/300 raw_win=0.5089 keep_win=0.6250 kl=0.00259 rollout_s=10.00 update_s=0.82
E3 aux_paired_e0 step=37/300 raw_win=0.5402 keep_win=0.6518 kl=0.00239 rollout_s=9.73 update_s=0.88
E3 aux_paired_e0 step=38/300 raw_win=0.5402 keep_win=0.6473 kl=0.00292 rollout_s=9.75 update_s=0.82
E3 aux_paired_e0 step=39/300 raw_win=0.4464 keep_win=0.5536 kl=0.00214 rollout_s=9.84 update_s=0.80
E3 aux_paired_e0 step=40/300 raw_win=0.4866 keep_win=0.6116 kl=0.00230 rollout_s=9.83 update_s=0.82
E3 aux_paired_e0 step=41/300 raw_win=0.4643 keep_win=0.6518 kl=0.00222 rollout_s=9.73 update_s=0.93
E3 aux_paired_e0 step=42/300 raw_win=0.4821 keep_win=0.6339 kl=0.00103 rollout_s=9.79 update_s=0.87
E3 aux_paired_e0 step=43/300 raw_win=0.5089 keep_win=0.5045 kl=0.00150 rollout_s=9.97 update_s=0.99
E3 aux_paired_e0 step=44/300 raw_win=0.5268 keep_win=0.5982 kl=0.00415 rollout_s=9.86 update_s=0.94
E3 aux_paired_e0 step=45/300 raw_win=0.4866 keep_win=0.5848 kl=0.00184 rollout_s=9.89 update_s=0.89
E3 aux_paired_e0 step=46/300 raw_win=0.5089 keep_win=0.5893 kl=0.00182 rollout_s=10.70 update_s=0.88
E3 aux_paired_e0 step=47/300 raw_win=0.5223 keep_win=0.6518 kl=0.00347 rollout_s=10.40 update_s=0.87
E3 aux_paired_e0 step=48/300 raw_win=0.5312 keep_win=0.6161 kl=0.00122 rollout_s=10.52 update_s=0.87
E3 aux_paired_e0 step=49/300 raw_win=0.5357 keep_win=0.6295 kl=0.00311 rollout_s=10.76 update_s=0.87
E3 aux_paired_e0 step=50/300 raw_win=0.5134 keep_win=0.5402 kl=0.00357 rollout_s=10.56 update_s=0.85
E3 aux_paired_e0 step=51/300 raw_win=0.5357 keep_win=0.5893 kl=0.00104 rollout_s=10.55 update_s=0.81
E3 aux_paired_e0 step=52/300 raw_win=0.5759 keep_win=0.6562 kl=0.00244 rollout_s=10.67 update_s=0.89
E3 aux_paired_e0 step=53/300 raw_win=0.5491 keep_win=0.6473 kl=0.00211 rollout_s=10.50 update_s=0.79
E3 aux_paired_e0 step=54/300 raw_win=0.5580 keep_win=0.6027 kl=0.00168 rollout_s=10.61 update_s=0.88
E3 aux_paired_e0 step=55/300 raw_win=0.6562 keep_win=0.6830 kl=0.00093 rollout_s=10.81 update_s=0.88
E3 aux_paired_e0 step=56/300 raw_win=0.5670 keep_win=0.5670 kl=0.00202 rollout_s=10.71 update_s=0.94
E3 aux_paired_e0 step=57/300 raw_win=0.5625 keep_win=0.6250 kl=0.00092 rollout_s=10.70 update_s=0.84
E3 aux_paired_e0 step=58/300 raw_win=0.5759 keep_win=0.6964 kl=0.00136 rollout_s=10.50 update_s=0.91
E3 aux_paired_e0 step=59/300 raw_win=0.4955 keep_win=0.5179 kl=0.00088 rollout_s=10.48 update_s=0.93
E3 aux_paired_e0 step=60/300 raw_win=0.4821 keep_win=0.5580 kl=0.00305 rollout_s=11.03 update_s=0.92
E3 aux_paired_e0 step=61/300 raw_win=0.5446 keep_win=0.5804 kl=0.00267 rollout_s=10.41 update_s=0.88
E3 aux_paired_e0 step=62/300 raw_win=0.4643 keep_win=0.5491 kl=0.00114 rollout_s=10.45 update_s=0.85
E3 aux_paired_e0 step=63/300 raw_win=0.5312 keep_win=0.6161 kl=0.00213 rollout_s=10.20 update_s=0.93
E3 aux_paired_e0 step=64/300 raw_win=0.5491 keep_win=0.6384 kl=0.00266 rollout_s=9.85 update_s=1.10
E3 aux_paired_e0 step=65/300 raw_win=0.5625 keep_win=0.5893 kl=0.00332 rollout_s=9.86 update_s=1.04
E3 aux_paired_e0 step=66/300 raw_win=0.5625 keep_win=0.5402 kl=0.00321 rollout_s=9.95 update_s=0.88
E3 aux_paired_e0 step=67/300 raw_win=0.5536 keep_win=0.6741 kl=0.00250 rollout_s=9.72 update_s=1.05
E3 aux_paired_e0 step=68/300 raw_win=0.5402 keep_win=0.6205 kl=0.00315 rollout_s=9.81 update_s=0.90
E3 aux_paired_e0 step=69/300 raw_win=0.5536 keep_win=0.6473 kl=0.00235 rollout_s=9.94 update_s=0.94
E3 aux_paired_e0 step=70/300 raw_win=0.6027 keep_win=0.6205 kl=0.00438 rollout_s=9.76 update_s=0.95
E3 aux_paired_e0 step=71/300 raw_win=0.6027 keep_win=0.6562 kl=0.00425 rollout_s=9.84 update_s=0.96
E3 aux_paired_e0 step=72/300 raw_win=0.5179 keep_win=0.6027 kl=0.00482 rollout_s=9.80 update_s=0.87
E3 aux_paired_e0 step=73/300 raw_win=0.5580 keep_win=0.6384 kl=0.00282 rollout_s=10.56 update_s=0.90
E3 aux_paired_e0 step=74/300 raw_win=0.5268 keep_win=0.6384 kl=0.00342 rollout_s=10.53 update_s=0.95
E3 aux_paired_e0 step=75/300 raw_win=0.5089 keep_win=0.6384 kl=0.00293 rollout_s=10.73 update_s=0.92
E3 aux_paired_e0 step=76/300 raw_win=0.5580 keep_win=0.5893 kl=0.00404 rollout_s=10.71 update_s=0.87
E3 aux_paired_e0 step=77/300 raw_win=0.5179 keep_win=0.5714 kl=0.00369 rollout_s=10.72 update_s=0.86
E3 aux_paired_e0 step=78/300 raw_win=0.5982 keep_win=0.6161 kl=0.00247 rollout_s=10.93 update_s=0.89
E3 aux_paired_e0 step=79/300 raw_win=0.5580 keep_win=0.6161 kl=0.00325 rollout_s=9.83 update_s=0.88
E3 aux_paired_e0 step=80/300 raw_win=0.5491 keep_win=0.6161 kl=0.00557 rollout_s=9.86 update_s=0.84
E3 aux_paired_e0 step=81/300 raw_win=0.5446 keep_win=0.5625 kl=0.00266 rollout_s=10.49 update_s=0.78
E3 aux_paired_e0 step=82/300 raw_win=0.5580 keep_win=0.7054 kl=0.00275 rollout_s=9.88 update_s=0.97
E3 aux_paired_e0 step=83/300 raw_win=0.5714 keep_win=0.6116 kl=0.00321 rollout_s=9.73 update_s=0.89
E3 aux_paired_e0 step=84/300 raw_win=0.5580 keep_win=0.6161 kl=0.00362 rollout_s=9.86 update_s=0.91
E3 aux_paired_e0 step=85/300 raw_win=0.5491 keep_win=0.6116 kl=0.00348 rollout_s=9.95 update_s=1.10
E3 aux_paired_e0 step=86/300 raw_win=0.5893 keep_win=0.6161 kl=0.00290 rollout_s=9.81 update_s=0.91
E3 aux_paired_e0 step=87/300 raw_win=0.5536 keep_win=0.5402 kl=0.00270 rollout_s=9.86 update_s=0.89
E3 aux_paired_e0 step=88/300 raw_win=0.5982 keep_win=0.7009 kl=0.00474 rollout_s=10.04 update_s=0.89
E3 aux_paired_e0 step=89/300 raw_win=0.5982 keep_win=0.6250 kl=0.00288 rollout_s=9.82 update_s=0.87
E3 aux_paired_e0 step=90/300 raw_win=0.5402 keep_win=0.6384 kl=0.00348 rollout_s=9.80 update_s=0.90
E3 aux_paired_e0 step=91/300 raw_win=0.5357 keep_win=0.6429 kl=0.00301 rollout_s=10.16 update_s=0.96
E3 aux_paired_e0 step=92/300 raw_win=0.5580 keep_win=0.6920 kl=0.00285 rollout_s=9.86 update_s=0.95
E3 aux_paired_e0 step=93/300 raw_win=0.5804 keep_win=0.5536 kl=0.00365 rollout_s=9.82 update_s=0.99
E3 aux_paired_e0 step=94/300 raw_win=0.4911 keep_win=0.6875 kl=0.00458 rollout_s=10.06 update_s=0.91
E3 aux_paired_e0 step=95/300 raw_win=0.5491 keep_win=0.5179 kl=0.00299 rollout_s=9.75 update_s=0.95
E3 aux_paired_e0 step=96/300 raw_win=0.5312 keep_win=0.6071 kl=0.00319 rollout_s=9.74 update_s=0.88
E3 aux_paired_e0 step=97/300 raw_win=0.5223 keep_win=0.5893 kl=0.00191 rollout_s=10.02 update_s=0.94
E3 aux_paired_e0 step=98/300 raw_win=0.6250 keep_win=0.6518 kl=0.00299 rollout_s=9.66 update_s=0.90
E3 aux_paired_e0 step=99/300 raw_win=0.5848 keep_win=0.5446 kl=0.00508 rollout_s=9.75 update_s=0.91
E3 aux_paired_e0 step=100/300 raw_win=0.5312 keep_win=0.5714 kl=0.00319 rollout_s=9.96 update_s=0.93
E3 aux_paired_e0 step=101/300 raw_win=0.6250 keep_win=0.6875 kl=0.00295 rollout_s=9.69 update_s=0.90
E3 aux_paired_e0 step=102/300 raw_win=0.5982 keep_win=0.5312 kl=0.00173 rollout_s=9.77 update_s=0.89
E3 aux_paired_e0 step=103/300 raw_win=0.5402 keep_win=0.5089 kl=0.00242 rollout_s=10.07 update_s=0.85
E3 aux_paired_e0 step=104/300 raw_win=0.5938 keep_win=0.4777 kl=0.00364 rollout_s=9.89 update_s=0.87
E3 aux_paired_e0 step=105/300 raw_win=0.5848 keep_win=0.5938 kl=0.00492 rollout_s=9.77 update_s=0.87
E3 aux_paired_e0 step=106/300 raw_win=0.5536 keep_win=0.5670 kl=0.00132 rollout_s=9.77 update_s=0.97
E3 aux_paired_e0 step=107/300 raw_win=0.5580 keep_win=0.6339 kl=0.00186 rollout_s=9.78 update_s=0.98
E3 aux_paired_e0 step=108/300 raw_win=0.5223 keep_win=0.5714 kl=0.00160 rollout_s=9.76 update_s=0.91
E3 aux_paired_e0 step=109/300 raw_win=0.5000 keep_win=0.5446 kl=0.00470 rollout_s=9.97 update_s=0.83
E3 aux_paired_e0 step=110/300 raw_win=0.5938 keep_win=0.6429 kl=0.00349 rollout_s=10.01 update_s=0.91
E3 aux_paired_e0 step=111/300 raw_win=0.4955 keep_win=0.6071 kl=0.00234 rollout_s=9.90 update_s=0.94
E3 aux_paired_e0 step=112/300 raw_win=0.5491 keep_win=0.6518 kl=0.00425 rollout_s=9.84 update_s=0.85
E3 aux_paired_e0 step=113/300 raw_win=0.5357 keep_win=0.5625 kl=0.00255 rollout_s=9.91 update_s=0.92
E3 aux_paired_e0 step=114/300 raw_win=0.5625 keep_win=0.6071 kl=0.00307 rollout_s=9.70 update_s=1.15
E3 aux_paired_e0 step=115/300 raw_win=0.5938 keep_win=0.6161 kl=0.00281 rollout_s=10.44 update_s=0.91
E3 aux_paired_e0 step=116/300 raw_win=0.4955 keep_win=0.5536 kl=0.00285 rollout_s=9.99 update_s=0.90
E3 aux_paired_e0 step=117/300 raw_win=0.5223 keep_win=0.6339 kl=0.00368 rollout_s=9.83 update_s=1.04
E3 aux_paired_e0 step=118/300 raw_win=0.5268 keep_win=0.7009 kl=0.00331 rollout_s=9.86 update_s=0.84
E3 aux_paired_e0 step=119/300 raw_win=0.6384 keep_win=0.6250 kl=0.00296 rollout_s=9.92 update_s=0.88
E3 aux_paired_e0 step=120/300 raw_win=0.5938 keep_win=0.5893 kl=0.00182 rollout_s=9.78 update_s=0.92
E3 aux_paired_e0 step=121/300 raw_win=0.5045 keep_win=0.5759 kl=0.00365 rollout_s=9.74 update_s=0.95
E3 aux_paired_e0 step=122/300 raw_win=0.5759 keep_win=0.6384 kl=0.00263 rollout_s=10.02 update_s=0.89
E3 aux_paired_e0 step=123/300 raw_win=0.5759 keep_win=0.6429 kl=0.00262 rollout_s=9.84 update_s=0.93
E3 aux_paired_e0 step=124/300 raw_win=0.6384 keep_win=0.6339 kl=0.00200 rollout_s=9.77 update_s=1.09
E3 aux_paired_e0 step=125/300 raw_win=0.6250 keep_win=0.6339 kl=0.00239 rollout_s=10.13 update_s=1.00
E3 aux_paired_e0 step=126/300 raw_win=0.5446 keep_win=0.6562 kl=0.00189 rollout_s=10.00 update_s=0.97
E3 aux_paired_e0 step=127/300 raw_win=0.5491 keep_win=0.5312 kl=0.00274 rollout_s=9.73 update_s=1.04
E3 aux_paired_e0 step=128/300 raw_win=0.6295 keep_win=0.6652 kl=0.00455 rollout_s=9.99 update_s=0.91
E3 aux_paired_e0 step=129/300 raw_win=0.5982 keep_win=0.5982 kl=0.00211 rollout_s=9.83 update_s=0.93
E3 aux_paired_e0 step=130/300 raw_win=0.5134 keep_win=0.7054 kl=0.00355 rollout_s=9.73 update_s=0.93
E3 aux_paired_e0 step=131/300 raw_win=0.5312 keep_win=0.5580 kl=0.00162 rollout_s=10.10 update_s=0.95
E3 aux_paired_e0 step=132/300 raw_win=0.6384 keep_win=0.6339 kl=0.00196 rollout_s=9.91 update_s=1.01
E3 aux_paired_e0 step=133/300 raw_win=0.5982 keep_win=0.5982 kl=0.00353 rollout_s=9.72 update_s=1.01
E3 aux_paired_e0 step=134/300 raw_win=0.5402 keep_win=0.5848 kl=0.00294 rollout_s=10.11 update_s=1.08
E3 aux_paired_e0 step=135/300 raw_win=0.5848 keep_win=0.6607 kl=0.00361 rollout_s=9.79 update_s=1.06
E3 aux_paired_e0 step=136/300 raw_win=0.5357 keep_win=0.5982 kl=0.00390 rollout_s=9.82 update_s=0.99
E3 aux_paired_e0 step=137/300 raw_win=0.5536 keep_win=0.5893 kl=0.00196 rollout_s=10.07 update_s=0.94
E3 aux_paired_e0 step=138/300 raw_win=0.5536 keep_win=0.5714 kl=0.00152 rollout_s=9.78 update_s=1.07
E3 aux_paired_e0 step=139/300 raw_win=0.5893 keep_win=0.6384 kl=0.00283 rollout_s=9.78 update_s=0.92
E3 aux_paired_e0 step=140/300 raw_win=0.5536 keep_win=0.5625 kl=0.00331 rollout_s=9.92 update_s=0.88
E3 aux_paired_e0 step=141/300 raw_win=0.5357 keep_win=0.6116 kl=0.00413 rollout_s=9.95 update_s=0.91
E3 aux_paired_e0 step=142/300 raw_win=0.4866 keep_win=0.7143 kl=0.00125 rollout_s=9.91 update_s=0.94
E3 aux_paired_e0 step=143/300 raw_win=0.5670 keep_win=0.6741 kl=0.00191 rollout_s=10.00 update_s=0.89
E3 aux_paired_e0 step=144/300 raw_win=0.4955 keep_win=0.5670 kl=0.00237 rollout_s=9.87 update_s=1.05
E3 aux_paired_e0 step=145/300 raw_win=0.4955 keep_win=0.5714 kl=0.00169 rollout_s=9.85 update_s=1.04
E3 aux_paired_e0 step=146/300 raw_win=0.5938 keep_win=0.6116 kl=0.00359 rollout_s=9.97 update_s=0.84
E3 aux_paired_e0 step=147/300 raw_win=0.5179 keep_win=0.5848 kl=0.00239 rollout_s=9.92 update_s=0.95
E3 aux_paired_e0 step=148/300 raw_win=0.5045 keep_win=0.6562 kl=0.00240 rollout_s=9.86 update_s=1.00
E3 aux_paired_e0 step=149/300 raw_win=0.5848 keep_win=0.5536 kl=0.00370 rollout_s=9.88 update_s=0.91
E3 aux_paired_e0 step=150/300 raw_win=0.5759 keep_win=0.6027 kl=0.00160 rollout_s=9.89 update_s=0.99
E3 aux_paired_e0 step=151/300 raw_win=0.5670 keep_win=0.6562 kl=0.00224 rollout_s=9.86 update_s=0.96
E3 aux_paired_e0 step=152/300 raw_win=0.5491 keep_win=0.5670 kl=0.00303 rollout_s=9.67 update_s=0.90
E3 aux_paired_e0 step=153/300 raw_win=0.5357 keep_win=0.5580 kl=0.00315 rollout_s=9.96 update_s=0.88
E3 aux_paired_e0 step=154/300 raw_win=0.6027 keep_win=0.6384 kl=0.00167 rollout_s=9.80 update_s=0.91
E3 aux_paired_e0 step=155/300 raw_win=0.5491 keep_win=0.5580 kl=0.00299 rollout_s=9.93 update_s=0.94
E3 aux_paired_e0 step=156/300 raw_win=0.5670 keep_win=0.5759 kl=0.00267 rollout_s=10.91 update_s=0.91
E3 aux_paired_e0 step=157/300 raw_win=0.5268 keep_win=0.6339 kl=0.00271 rollout_s=10.38 update_s=0.98
E3 aux_paired_e0 step=158/300 raw_win=0.5625 keep_win=0.6429 kl=0.00333 rollout_s=10.45 update_s=0.90
E3 aux_paired_e0 step=159/300 raw_win=0.6518 keep_win=0.5938 kl=0.00316 rollout_s=10.71 update_s=0.81
E3 aux_paired_e0 step=160/300 raw_win=0.5268 keep_win=0.6161 kl=0.00255 rollout_s=10.40 update_s=0.84
E3 aux_paired_e0 step=161/300 raw_win=0.5268 keep_win=0.6607 kl=0.00354 rollout_s=10.01 update_s=0.95
E3 aux_paired_e0 step=162/300 raw_win=0.6116 keep_win=0.6562 kl=0.00232 rollout_s=10.07 update_s=1.01
E3 aux_paired_e0 step=163/300 raw_win=0.5580 keep_win=0.6161 kl=0.00236 rollout_s=9.70 update_s=1.01
E3 aux_paired_e0 step=164/300 raw_win=0.4955 keep_win=0.6295 kl=0.00231 rollout_s=9.90 update_s=1.01
E3 aux_paired_e0 step=165/300 raw_win=0.5714 keep_win=0.6295 kl=0.00299 rollout_s=10.16 update_s=1.01
E3 aux_paired_e0 step=166/300 raw_win=0.5938 keep_win=0.6116 kl=0.00167 rollout_s=9.75 update_s=1.03
E3 aux_paired_e0 step=167/300 raw_win=0.5804 keep_win=0.5714 kl=0.00253 rollout_s=9.77 update_s=0.91
E3 aux_paired_e0 step=168/300 raw_win=0.5848 keep_win=0.6339 kl=0.00209 rollout_s=10.04 update_s=0.93
E3 aux_paired_e0 step=169/300 raw_win=0.5580 keep_win=0.6116 kl=0.00337 rollout_s=9.76 update_s=1.18
E3 aux_paired_e0 step=170/300 raw_win=0.5714 keep_win=0.6964 kl=0.00283 rollout_s=9.79 update_s=1.01
E3 aux_paired_e0 step=171/300 raw_win=0.5804 keep_win=0.6071 kl=0.00219 rollout_s=9.93 update_s=1.05
E3 aux_paired_e0 step=172/300 raw_win=0.5982 keep_win=0.6027 kl=0.00330 rollout_s=9.79 update_s=1.04
E3 aux_paired_e0 step=173/300 raw_win=0.5268 keep_win=0.6607 kl=0.00307 rollout_s=9.80 update_s=1.01
E3 aux_paired_e0 step=174/300 raw_win=0.5759 keep_win=0.6027 kl=0.00465 rollout_s=10.04 update_s=0.97
E3 aux_paired_e0 step=175/300 raw_win=0.6518 keep_win=0.5268 kl=0.00310 rollout_s=9.79 update_s=1.04
E3 aux_paired_e0 step=176/300 raw_win=0.5848 keep_win=0.6696 kl=0.00251 rollout_s=9.70 update_s=0.95
E3 aux_paired_e0 step=177/300 raw_win=0.6027 keep_win=0.6071 kl=0.00347 rollout_s=9.89 update_s=1.00
E3 aux_paired_e0 step=178/300 raw_win=0.6250 keep_win=0.5759 kl=0.00250 rollout_s=9.78 update_s=1.01
E3 aux_paired_e0 step=179/300 raw_win=0.6116 keep_win=0.6652 kl=0.00301 rollout_s=9.69 update_s=0.97
E3 aux_paired_e0 step=180/300 raw_win=0.5625 keep_win=0.5938 kl=0.00226 rollout_s=9.94 update_s=0.80
E3 aux_paired_e0 step=181/300 raw_win=0.6161 keep_win=0.6384 kl=0.00227 rollout_s=9.71 update_s=0.87
E3 aux_paired_e0 step=182/300 raw_win=0.6071 keep_win=0.6696 kl=0.00298 rollout_s=9.77 update_s=1.05
E3 aux_paired_e0 step=183/300 raw_win=0.5134 keep_win=0.7054 kl=0.00177 rollout_s=9.78 update_s=0.86
E3 aux_paired_e0 step=184/300 raw_win=0.5670 keep_win=0.6518 kl=0.00213 rollout_s=10.00 update_s=1.07
E3 aux_paired_e0 step=185/300 raw_win=0.5848 keep_win=0.7009 kl=0.00263 rollout_s=9.77 update_s=1.00
E3 aux_paired_e0 step=186/300 raw_win=0.5357 keep_win=0.5714 kl=0.00267 rollout_s=9.98 update_s=0.84
E3 aux_paired_e0 step=187/300 raw_win=0.6562 keep_win=0.6562 kl=0.00277 rollout_s=10.00 update_s=0.96
E3 aux_paired_e0 step=188/300 raw_win=0.5759 keep_win=0.5982 kl=0.00341 rollout_s=9.78 update_s=1.03
E3 aux_paired_e0 step=189/300 raw_win=0.5848 keep_win=0.6071 kl=0.00278 rollout_s=9.78 update_s=0.99
E3 aux_paired_e0 step=190/300 raw_win=0.6518 keep_win=0.6652 kl=0.00142 rollout_s=10.09 update_s=1.04
E3 aux_paired_e0 step=191/300 raw_win=0.5982 keep_win=0.5848 kl=0.00232 rollout_s=9.82 update_s=1.03
E3 aux_paired_e0 step=192/300 raw_win=0.6429 keep_win=0.6429 kl=0.00322 rollout_s=10.43 update_s=1.08
E3 aux_paired_e0 step=193/300 raw_win=0.5938 keep_win=0.5402 kl=0.00301 rollout_s=10.08 update_s=1.08
E3 aux_paired_e0 step=194/300 raw_win=0.5938 keep_win=0.6027 kl=0.00196 rollout_s=9.69 update_s=1.06
E3 aux_paired_e0 step=195/300 raw_win=0.5714 keep_win=0.5982 kl=0.00128 rollout_s=9.72 update_s=1.07
E3 aux_paired_e0 step=196/300 raw_win=0.5759 keep_win=0.5580 kl=0.00193 rollout_s=9.95 update_s=0.98
E3 aux_paired_e0 step=197/300 raw_win=0.6205 keep_win=0.6071 kl=0.00201 rollout_s=9.79 update_s=0.97
E3 aux_paired_e0 step=198/300 raw_win=0.6384 keep_win=0.6250 kl=0.00205 rollout_s=9.90 update_s=0.92
E3 aux_paired_e0 step=199/300 raw_win=0.5714 keep_win=0.5670 kl=0.00243 rollout_s=10.06 update_s=0.94
E3 aux_paired_e0 step=200/300 raw_win=0.5804 keep_win=0.6964 kl=0.00192 rollout_s=9.69 update_s=0.94
E3 aux_paired_e0 step=201/300 raw_win=0.5982 keep_win=0.5893 kl=0.00230 rollout_s=9.82 update_s=0.97
E3 aux_paired_e0 step=202/300 raw_win=0.5848 keep_win=0.6071 kl=0.00167 rollout_s=10.11 update_s=1.03
E3 aux_paired_e0 step=203/300 raw_win=0.5402 keep_win=0.5491 kl=0.00144 rollout_s=9.83 update_s=1.00
E3 aux_paired_e0 step=204/300 raw_win=0.5536 keep_win=0.5580 kl=0.00198 rollout_s=9.78 update_s=0.95
E3 aux_paired_e0 step=205/300 raw_win=0.5625 keep_win=0.6964 kl=0.00135 rollout_s=10.11 update_s=0.88
E3 aux_paired_e0 step=206/300 raw_win=0.5536 keep_win=0.6116 kl=0.00159 rollout_s=9.82 update_s=0.92
E3 aux_paired_e0 step=207/300 raw_win=0.5714 keep_win=0.6473 kl=0.00175 rollout_s=9.69 update_s=0.89
E3 aux_paired_e0 step=208/300 raw_win=0.6205 keep_win=0.6161 kl=0.00190 rollout_s=10.08 update_s=0.89
E3 aux_paired_e0 step=209/300 raw_win=0.6205 keep_win=0.5714 kl=0.00159 rollout_s=9.82 update_s=1.04
E3 aux_paired_e0 step=210/300 raw_win=0.5848 keep_win=0.5848 kl=0.00108 rollout_s=9.81 update_s=0.99
E3 aux_paired_e0 step=211/300 raw_win=0.5714 keep_win=0.5268 kl=0.00156 rollout_s=9.96 update_s=0.83
E3 aux_paired_e0 step=212/300 raw_win=0.5848 keep_win=0.7054 kl=0.00235 rollout_s=9.77 update_s=1.13
E3 aux_paired_e0 step=213/300 raw_win=0.5982 keep_win=0.6339 kl=0.00142 rollout_s=9.83 update_s=0.91
E3 aux_paired_e0 step=214/300 raw_win=0.6652 keep_win=0.6786 kl=0.00132 rollout_s=9.87 update_s=0.81
E3 aux_paired_e0 step=215/300 raw_win=0.6071 keep_win=0.5938 kl=0.00193 rollout_s=9.88 update_s=0.85
E3 aux_paired_e0 step=216/300 raw_win=0.5714 keep_win=0.6607 kl=0.00276 rollout_s=9.97 update_s=0.91
E3 aux_paired_e0 step=217/300 raw_win=0.5982 keep_win=0.6205 kl=0.00124 rollout_s=9.84 update_s=0.81
E3 aux_paired_e0 step=218/300 raw_win=0.5670 keep_win=0.5893 kl=0.00195 rollout_s=9.97 update_s=1.03
E3 aux_paired_e0 step=219/300 raw_win=0.5848 keep_win=0.6250 kl=0.00271 rollout_s=9.78 update_s=0.99
E3 aux_paired_e0 step=220/300 raw_win=0.5804 keep_win=0.6027 kl=0.00181 rollout_s=9.86 update_s=0.94
E3 aux_paired_e0 step=221/300 raw_win=0.5714 keep_win=0.5491 kl=0.00217 rollout_s=10.05 update_s=1.02
E3 aux_paired_e0 step=222/300 raw_win=0.5625 keep_win=0.6696 kl=0.00160 rollout_s=9.77 update_s=0.86
E3 aux_paired_e0 step=223/300 raw_win=0.5848 keep_win=0.5625 kl=0.00260 rollout_s=9.84 update_s=0.96
E3 aux_paired_e0 step=224/300 raw_win=0.5848 keep_win=0.5089 kl=0.00249 rollout_s=10.18 update_s=0.93
E3 aux_paired_e0 step=225/300 raw_win=0.5848 keep_win=0.6071 kl=0.00141 rollout_s=10.02 update_s=0.95
E3 aux_paired_e0 step=226/300 raw_win=0.5848 keep_win=0.5759 kl=0.00163 rollout_s=9.77 update_s=0.91
E3 aux_paired_e0 step=227/300 raw_win=0.5714 keep_win=0.5625 kl=0.00229 rollout_s=9.96 update_s=0.90
E3 aux_paired_e0 step=228/300 raw_win=0.5446 keep_win=0.5982 kl=0.00157 rollout_s=9.93 update_s=1.04
E3 aux_paired_e0 step=229/300 raw_win=0.5893 keep_win=0.6473 kl=0.00138 rollout_s=9.76 update_s=0.94
E3 aux_paired_e0 step=230/300 raw_win=0.5625 keep_win=0.5357 kl=0.00128 rollout_s=9.97 update_s=1.13
E3 aux_paired_e0 step=231/300 raw_win=0.5491 keep_win=0.6339 kl=0.00177 rollout_s=9.80 update_s=0.97
E3 aux_paired_e0 step=232/300 raw_win=0.6295 keep_win=0.6473 kl=0.00195 rollout_s=9.77 update_s=0.98
E3 aux_paired_e0 step=233/300 raw_win=0.5804 keep_win=0.6161 kl=0.00219 rollout_s=10.04 update_s=0.84
E3 aux_paired_e0 step=234/300 raw_win=0.5759 keep_win=0.6116 kl=0.00229 rollout_s=9.78 update_s=0.92
E3 aux_paired_e0 step=235/300 raw_win=0.6250 keep_win=0.6250 kl=0.00287 rollout_s=9.80 update_s=0.83
E3 aux_paired_e0 step=236/300 raw_win=0.5536 keep_win=0.6250 kl=0.00169 rollout_s=10.09 update_s=0.88
E3 aux_paired_e0 step=237/300 raw_win=0.6339 keep_win=0.6205 kl=0.00190 rollout_s=9.83 update_s=0.93
E3 aux_paired_e0 step=238/300 raw_win=0.5848 keep_win=0.6429 kl=0.00227 rollout_s=9.82 update_s=0.91
E3 aux_paired_e0 step=239/300 raw_win=0.5759 keep_win=0.5714 kl=0.00203 rollout_s=9.96 update_s=0.84
E3 aux_paired_e0 step=240/300 raw_win=0.5893 keep_win=0.6071 kl=0.00246 rollout_s=9.79 update_s=0.89
E3 aux_paired_e0 step=241/300 raw_win=0.6027 keep_win=0.6518 kl=0.00330 rollout_s=9.79 update_s=1.01
E3 aux_paired_e0 step=242/300 raw_win=0.6071 keep_win=0.5982 kl=0.00165 rollout_s=9.98 update_s=0.80
E3 aux_paired_e0 step=243/300 raw_win=0.5982 keep_win=0.5893 kl=0.00212 rollout_s=9.80 update_s=0.99
E3 aux_paired_e0 step=244/300 raw_win=0.6027 keep_win=0.5357 kl=0.00216 rollout_s=9.82 update_s=0.94
E3 aux_paired_e0 step=245/300 raw_win=0.6071 keep_win=0.6027 kl=0.00166 rollout_s=9.73 update_s=0.90
E3 aux_paired_e0 step=246/300 raw_win=0.6786 keep_win=0.6429 kl=0.00231 rollout_s=9.98 update_s=1.05
E3 aux_paired_e0 step=247/300 raw_win=0.5670 keep_win=0.6339 kl=0.00260 rollout_s=9.73 update_s=1.01
E3 aux_paired_e0 step=248/300 raw_win=0.5804 keep_win=0.5848 kl=0.00225 rollout_s=10.01 update_s=1.00
E3 aux_paired_e0 step=249/300 raw_win=0.5982 keep_win=0.6250 kl=0.00377 rollout_s=9.99 update_s=1.03
E3 aux_paired_e0 step=250/300 raw_win=0.6205 keep_win=0.5938 kl=0.00249 rollout_s=9.82 update_s=1.08
E3 aux_paired_e0 step=251/300 raw_win=0.6295 keep_win=0.6920 kl=0.00263 rollout_s=9.88 update_s=0.93
E3 aux_paired_e0 step=252/300 raw_win=0.6429 keep_win=0.6339 kl=0.00136 rollout_s=10.24 update_s=0.92
E3 aux_paired_e0 step=253/300 raw_win=0.5446 keep_win=0.5536 kl=0.00177 rollout_s=9.86 update_s=0.88
E3 aux_paired_e0 step=254/300 raw_win=0.6116 keep_win=0.5536 kl=0.00263 rollout_s=9.86 update_s=0.89
E3 aux_paired_e0 step=255/300 raw_win=0.5938 keep_win=0.6339 kl=0.00252 rollout_s=10.10 update_s=1.01
E3 aux_paired_e0 step=256/300 raw_win=0.5402 keep_win=0.5402 kl=0.00119 rollout_s=9.92 update_s=1.02
E3 aux_paired_e0 step=257/300 raw_win=0.5312 keep_win=0.6875 kl=0.00289 rollout_s=9.78 update_s=0.92
E3 aux_paired_e0 step=258/300 raw_win=0.5625 keep_win=0.5804 kl=0.00183 rollout_s=10.07 update_s=0.96
E3 aux_paired_e0 step=259/300 raw_win=0.6071 keep_win=0.6696 kl=0.00336 rollout_s=9.80 update_s=0.94
E3 aux_paired_e0 step=260/300 raw_win=0.5179 keep_win=0.5804 kl=0.00223 rollout_s=9.77 update_s=0.94
E3 aux_paired_e0 step=261/300 raw_win=0.5893 keep_win=0.6473 kl=0.00159 rollout_s=10.00 update_s=0.96
E3 aux_paired_e0 step=262/300 raw_win=0.5759 keep_win=0.5536 kl=0.00303 rollout_s=9.73 update_s=0.92
E3 aux_paired_e0 step=263/300 raw_win=0.5446 keep_win=0.5625 kl=0.00252 rollout_s=9.95 update_s=0.89
E3 aux_paired_e0 step=264/300 raw_win=0.5670 keep_win=0.6295 kl=0.00205 rollout_s=10.03 update_s=1.01
E3 aux_paired_e0 step=265/300 raw_win=0.5804 keep_win=0.6027 kl=0.00325 rollout_s=9.90 update_s=0.98
E3 aux_paired_e0 step=266/300 raw_win=0.5580 keep_win=0.5938 kl=0.00190 rollout_s=9.79 update_s=1.05
E3 aux_paired_e0 step=267/300 raw_win=0.5580 keep_win=0.6607 kl=0.00197 rollout_s=9.96 update_s=1.06
E3 aux_paired_e0 step=268/300 raw_win=0.5312 keep_win=0.5670 kl=0.00225 rollout_s=9.87 update_s=1.03
E3 aux_paired_e0 step=269/300 raw_win=0.5670 keep_win=0.5804 kl=0.00281 rollout_s=9.70 update_s=1.03
E3 aux_paired_e0 step=270/300 raw_win=0.6250 keep_win=0.5938 kl=0.00269 rollout_s=9.94 update_s=0.93
E3 aux_paired_e0 step=271/300 raw_win=0.5759 keep_win=0.6205 kl=0.00363 rollout_s=9.87 update_s=0.84
E3 aux_paired_e0 step=272/300 raw_win=0.5402 keep_win=0.5625 kl=0.00351 rollout_s=9.91 update_s=0.86
E3 aux_paired_e0 step=273/300 raw_win=0.5446 keep_win=0.6027 kl=0.00233 rollout_s=10.19 update_s=0.88
E3 aux_paired_e0 step=274/300 raw_win=0.5536 keep_win=0.6161 kl=0.00304 rollout_s=10.07 update_s=1.08
E3 aux_paired_e0 step=275/300 raw_win=0.5045 keep_win=0.6786 kl=0.00387 rollout_s=10.11 update_s=0.92
E3 aux_paired_e0 step=276/300 raw_win=0.5714 keep_win=0.6161 kl=0.00314 rollout_s=9.80 update_s=0.91
E3 aux_paired_e0 step=277/300 raw_win=0.5223 keep_win=0.5491 kl=0.00175 rollout_s=9.96 update_s=0.87
E3 aux_paired_e0 step=278/300 raw_win=0.5357 keep_win=0.5982 kl=0.00210 rollout_s=9.74 update_s=0.92
E3 aux_paired_e0 step=279/300 raw_win=0.5893 keep_win=0.6295 kl=0.00249 rollout_s=9.87 update_s=0.87
E3 aux_paired_e0 step=280/300 raw_win=0.6161 keep_win=0.6205 kl=0.00256 rollout_s=11.06 update_s=0.87
E3 aux_paired_e0 step=281/300 raw_win=0.5357 keep_win=0.6339 kl=0.00261 rollout_s=10.61 update_s=0.90
E3 aux_paired_e0 step=282/300 raw_win=0.5446 keep_win=0.5848 kl=0.00189 rollout_s=10.44 update_s=0.90
E3 aux_paired_e0 step=283/300 raw_win=0.5893 keep_win=0.6607 kl=0.00341 rollout_s=10.55 update_s=0.92
E3 aux_paired_e0 step=284/300 raw_win=0.5491 keep_win=0.5580 kl=0.00273 rollout_s=10.51 update_s=0.95
E3 aux_paired_e0 step=285/300 raw_win=0.5045 keep_win=0.5893 kl=0.00237 rollout_s=10.53 update_s=0.92
E3 aux_paired_e0 step=286/300 raw_win=0.5446 keep_win=0.6250 kl=0.00279 rollout_s=10.72 update_s=0.88
E3 aux_paired_e0 step=287/300 raw_win=0.5491 keep_win=0.6295 kl=0.00262 rollout_s=10.43 update_s=0.87
E3 aux_paired_e0 step=288/300 raw_win=0.4955 keep_win=0.6786 kl=0.00253 rollout_s=10.58 update_s=0.81
E3 aux_paired_e0 step=289/300 raw_win=0.5580 keep_win=0.5714 kl=0.00201 rollout_s=10.44 update_s=0.87
E3 aux_paired_e0 step=290/300 raw_win=0.6339 keep_win=0.6964 kl=0.00127 rollout_s=10.43 update_s=0.80
E3 aux_paired_e0 step=291/300 raw_win=0.5759 keep_win=0.6562 kl=0.00288 rollout_s=10.59 update_s=0.86
E3 aux_paired_e0 step=292/300 raw_win=0.5625 keep_win=0.5804 kl=0.00237 rollout_s=9.85 update_s=0.89
E3 aux_paired_e0 step=293/300 raw_win=0.5580 keep_win=0.6250 kl=0.00273 rollout_s=9.76 update_s=0.92
E3 aux_paired_e0 step=294/300 raw_win=0.5491 keep_win=0.6518 kl=0.00354 rollout_s=9.84 update_s=0.85
E3 aux_paired_e0 step=295/300 raw_win=0.5491 keep_win=0.6250 kl=0.00407 rollout_s=9.84 update_s=0.88
E3 aux_paired_e0 step=296/300 raw_win=0.6116 keep_win=0.6339 kl=0.00187 rollout_s=9.84 update_s=0.91
E3 aux_paired_e0 step=297/300 raw_win=0.5312 keep_win=0.6562 kl=0.00298 rollout_s=9.79 update_s=1.00
E3 aux_paired_e0 step=298/300 raw_win=0.5893 keep_win=0.5759 kl=0.00302 rollout_s=10.10 update_s=1.02
E3 aux_paired_e0 step=299/300 raw_win=0.5625 keep_win=0.6205 kl=0.00299 rollout_s=10.58 update_s=0.88
E3 aux_paired_e0 step=300/300 raw_win=0.5625 keep_win=0.5848 kl=0.00350 rollout_s=10.50 update_s=0.84
EVAL final_test {'games': 1400, 'wins': 842, 'win_rate': 0.6014285714285714, 'mean_margin': 7329.015}
E3_REPEAT_COMPLETE aux_paired_e0 final_test_win_rate=0.6014
E3 aux_paired_e1 step=1/300 raw_win=0.4420 keep_win=0.6339 kl=0.00008 rollout_s=10.56 update_s=0.83
E3 aux_paired_e1 step=2/300 raw_win=0.5312 keep_win=0.6786 kl=0.00302 rollout_s=10.43 update_s=0.85
E3 aux_paired_e1 step=3/300 raw_win=0.4732 keep_win=0.6116 kl=0.00031 rollout_s=10.46 update_s=0.85
E3 aux_paired_e1 step=4/300 raw_win=0.4643 keep_win=0.6518 kl=0.00121 rollout_s=10.68 update_s=0.95
E3 aux_paired_e1 step=5/300 raw_win=0.4420 keep_win=0.6518 kl=0.00103 rollout_s=10.55 update_s=0.82
E3 aux_paired_e1 step=6/300 raw_win=0.4732 keep_win=0.6741 kl=0.00122 rollout_s=10.90 update_s=0.89
E3 aux_paired_e1 step=7/300 raw_win=0.3929 keep_win=0.5804 kl=0.00423 rollout_s=10.69 update_s=0.92
E3 aux_paired_e1 step=8/300 raw_win=0.4509 keep_win=0.6250 kl=0.00183 rollout_s=9.79 update_s=0.94
E3 aux_paired_e1 step=9/300 raw_win=0.4643 keep_win=0.6652 kl=0.00098 rollout_s=9.87 update_s=0.88
E3 aux_paired_e1 step=10/300 raw_win=0.5312 keep_win=0.7009 kl=0.00154 rollout_s=10.43 update_s=0.97
E3 aux_paired_e1 step=11/300 raw_win=0.4554 keep_win=0.7143 kl=0.00093 rollout_s=9.80 update_s=0.92
E3 aux_paired_e1 step=12/300 raw_win=0.4732 keep_win=0.6607 kl=0.00105 rollout_s=9.97 update_s=0.84
E3 aux_paired_e1 step=13/300 raw_win=0.5000 keep_win=0.7054 kl=0.00261 rollout_s=9.93 update_s=0.91
E3 aux_paired_e1 step=14/300 raw_win=0.4866 keep_win=0.6071 kl=0.00038 rollout_s=9.78 update_s=0.97
E3 aux_paired_e1 step=15/300 raw_win=0.4241 keep_win=0.5536 kl=0.00007 rollout_s=9.81 update_s=0.86
E3 aux_paired_e1 step=16/300 raw_win=0.3750 keep_win=0.5446 kl=0.00024 rollout_s=10.01 update_s=0.97
E3 aux_paired_e1 step=17/300 raw_win=0.5000 keep_win=0.6027 kl=0.00080 rollout_s=9.73 update_s=0.99
E3 aux_paired_e1 step=18/300 raw_win=0.4420 keep_win=0.5536 kl=0.00038 rollout_s=9.77 update_s=0.98
E3 aux_paired_e1 step=19/300 raw_win=0.5134 keep_win=0.6518 kl=0.00043 rollout_s=10.05 update_s=1.00
E3 aux_paired_e1 step=20/300 raw_win=0.4688 keep_win=0.6384 kl=0.00046 rollout_s=9.80 update_s=0.97
E3 aux_paired_e1 step=21/300 raw_win=0.4911 keep_win=0.6696 kl=0.00047 rollout_s=9.82 update_s=0.92
E3 aux_paired_e1 step=22/300 raw_win=0.4330 keep_win=0.6295 kl=0.00304 rollout_s=10.00 update_s=0.91
E3 aux_paired_e1 step=23/300 raw_win=0.4554 keep_win=0.6027 kl=0.00172 rollout_s=9.76 update_s=0.87
E3 aux_paired_e1 step=24/300 raw_win=0.5357 keep_win=0.6830 kl=0.00023 rollout_s=9.87 update_s=0.87
E3 aux_paired_e1 step=25/300 raw_win=0.5714 keep_win=0.6295 kl=0.00098 rollout_s=10.03 update_s=0.90
E3 aux_paired_e1 step=26/300 raw_win=0.5402 keep_win=0.6741 kl=0.00026 rollout_s=10.23 update_s=0.85
E3 aux_paired_e1 step=27/300 raw_win=0.5000 keep_win=0.5670 kl=0.00022 rollout_s=10.50 update_s=0.97
E3 aux_paired_e1 step=28/300 raw_win=0.4598 keep_win=0.6741 kl=0.00060 rollout_s=10.93 update_s=0.91
E3 aux_paired_e1 step=29/300 raw_win=0.4375 keep_win=0.6384 kl=0.00079 rollout_s=10.51 update_s=0.89
E3 aux_paired_e1 step=30/300 raw_win=0.4464 keep_win=0.5938 kl=0.00081 rollout_s=10.49 update_s=0.83
E3 aux_paired_e1 step=31/300 raw_win=0.4955 keep_win=0.6384 kl=0.00009 rollout_s=11.13 update_s=0.88
E3 aux_paired_e1 step=32/300 raw_win=0.4554 keep_win=0.5179 kl=0.00022 rollout_s=10.75 update_s=0.81
E3 aux_paired_e1 step=33/300 raw_win=0.5312 keep_win=0.6920 kl=0.00057 rollout_s=10.48 update_s=0.89
E3 aux_paired_e1 step=34/300 raw_win=0.4420 keep_win=0.5759 kl=0.00289 rollout_s=11.10 update_s=0.98
E3 aux_paired_e1 step=35/300 raw_win=0.5402 keep_win=0.6473 kl=0.00273 rollout_s=10.51 update_s=0.91
E3 aux_paired_e1 step=36/300 raw_win=0.5536 keep_win=0.6741 kl=0.00114 rollout_s=10.49 update_s=0.97
E3 aux_paired_e1 step=37/300 raw_win=0.5223 keep_win=0.6205 kl=0.00168 rollout_s=10.76 update_s=0.93
E3 aux_paired_e1 step=38/300 raw_win=0.4688 keep_win=0.5625 kl=0.00155 rollout_s=10.17 update_s=0.95
E3 aux_paired_e1 step=39/300 raw_win=0.5268 keep_win=0.5714 kl=0.00201 rollout_s=9.74 update_s=0.90
E3 aux_paired_e1 step=40/300 raw_win=0.5714 keep_win=0.5714 kl=0.00102 rollout_s=9.96 update_s=0.94
E3 aux_paired_e1 step=41/300 raw_win=0.5759 keep_win=0.6429 kl=0.00119 rollout_s=9.83 update_s=0.99
E3 aux_paired_e1 step=42/300 raw_win=0.5714 keep_win=0.6205 kl=0.00235 rollout_s=9.71 update_s=0.99
E3 aux_paired_e1 step=43/300 raw_win=0.4286 keep_win=0.4821 kl=0.00231 rollout_s=10.03 update_s=0.98
E3 aux_paired_e1 step=44/300 raw_win=0.5134 keep_win=0.6562 kl=0.00332 rollout_s=9.83 update_s=1.03
E3 aux_paired_e1 step=45/300 raw_win=0.4464 keep_win=0.5580 kl=0.00089 rollout_s=9.83 update_s=1.01
E3 aux_paired_e1 step=46/300 raw_win=0.4732 keep_win=0.5491 kl=0.00219 rollout_s=9.98 update_s=1.04
E3 aux_paired_e1 step=47/300 raw_win=0.5402 keep_win=0.6830 kl=0.00085 rollout_s=9.77 update_s=0.92
E3 aux_paired_e1 step=48/300 raw_win=0.5134 keep_win=0.5491 kl=0.00128 rollout_s=9.83 update_s=0.93
E3 aux_paired_e1 step=49/300 raw_win=0.4866 keep_win=0.6027 kl=0.00104 rollout_s=9.99 update_s=0.90
E3 aux_paired_e1 step=50/300 raw_win=0.4911 keep_win=0.6384 kl=0.00045 rollout_s=9.72 update_s=0.88
E3 aux_paired_e1 step=51/300 raw_win=0.5357 keep_win=0.6562 kl=0.00078 rollout_s=9.98 update_s=0.78
E3 aux_paired_e1 step=52/300 raw_win=0.5491 keep_win=0.6384 kl=0.00121 rollout_s=10.58 update_s=0.93
E3 aux_paired_e1 step=53/300 raw_win=0.5268 keep_win=0.5491 kl=0.00081 rollout_s=10.46 update_s=0.89
E3 aux_paired_e1 step=54/300 raw_win=0.4464 keep_win=0.5848 kl=0.00242 rollout_s=11.04 update_s=0.93
E3 aux_paired_e1 step=55/300 raw_win=0.4688 keep_win=0.6518 kl=0.00086 rollout_s=10.75 update_s=0.86
E3 aux_paired_e1 step=56/300 raw_win=0.4821 keep_win=0.5938 kl=0.00102 rollout_s=10.49 update_s=0.78
E3 aux_paired_e1 step=57/300 raw_win=0.5714 keep_win=0.6518 kl=0.00150 rollout_s=10.61 update_s=0.85
E3 aux_paired_e1 step=58/300 raw_win=0.5491 keep_win=0.6250 kl=0.00309 rollout_s=10.86 update_s=0.79
E3 aux_paired_e1 step=59/300 raw_win=0.5268 keep_win=0.5491 kl=0.00232 rollout_s=10.54 update_s=0.94
E3 aux_paired_e1 step=60/300 raw_win=0.5625 keep_win=0.6607 kl=0.00457 rollout_s=10.48 update_s=0.90
E3 aux_paired_e1 step=61/300 raw_win=0.5134 keep_win=0.6562 kl=0.00385 rollout_s=10.84 update_s=0.91
E3 aux_paired_e1 step=62/300 raw_win=0.5134 keep_win=0.6071 kl=0.00130 rollout_s=10.43 update_s=0.82
E3 aux_paired_e1 step=63/300 raw_win=0.5134 keep_win=0.6027 kl=0.00152 rollout_s=10.71 update_s=0.89
E3 aux_paired_e1 step=64/300 raw_win=0.4777 keep_win=0.5446 kl=0.00245 rollout_s=10.81 update_s=0.82
E3 aux_paired_e1 step=65/300 raw_win=0.5580 keep_win=0.7232 kl=0.00186 rollout_s=10.55 update_s=0.90
E3 aux_paired_e1 step=66/300 raw_win=0.5312 keep_win=0.5714 kl=0.00270 rollout_s=10.44 update_s=0.84
E3 aux_paired_e1 step=67/300 raw_win=0.4911 keep_win=0.6027 kl=0.00225 rollout_s=10.76 update_s=0.90
E3 aux_paired_e1 step=68/300 raw_win=0.5000 keep_win=0.6339 kl=0.00220 rollout_s=10.41 update_s=0.92
E3 aux_paired_e1 step=69/300 raw_win=0.5000 keep_win=0.6027 kl=0.00150 rollout_s=10.70 update_s=0.96
E3 aux_paired_e1 step=70/300 raw_win=0.5268 keep_win=0.6295 kl=0.00115 rollout_s=10.78 update_s=0.93
E3 aux_paired_e1 step=71/300 raw_win=0.5804 keep_win=0.6429 kl=0.00144 rollout_s=10.52 update_s=0.80
E3 aux_paired_e1 step=72/300 raw_win=0.5312 keep_win=0.6964 kl=0.00143 rollout_s=10.44 update_s=0.88
E3 aux_paired_e1 step=73/300 raw_win=0.5179 keep_win=0.6116 kl=0.00136 rollout_s=10.83 update_s=0.94
E3 aux_paired_e1 step=74/300 raw_win=0.5670 keep_win=0.5804 kl=0.00208 rollout_s=10.71 update_s=0.99
E3 aux_paired_e1 step=75/300 raw_win=0.4911 keep_win=0.6161 kl=0.00220 rollout_s=10.57 update_s=0.93
E3 aux_paired_e1 step=76/300 raw_win=0.5134 keep_win=0.6250 kl=0.00268 rollout_s=11.01 update_s=0.91
E3 aux_paired_e1 step=77/300 raw_win=0.6161 keep_win=0.7054 kl=0.00227 rollout_s=10.40 update_s=0.95
E3 aux_paired_e1 step=78/300 raw_win=0.5536 keep_win=0.5714 kl=0.00233 rollout_s=10.52 update_s=0.85
E3 aux_paired_e1 step=79/300 raw_win=0.5848 keep_win=0.7098 kl=0.00150 rollout_s=10.96 update_s=0.90
E3 aux_paired_e1 step=80/300 raw_win=0.5491 keep_win=0.6518 kl=0.00380 rollout_s=10.59 update_s=0.91
E3 aux_paired_e1 step=81/300 raw_win=0.5223 keep_win=0.6339 kl=0.00186 rollout_s=11.61 update_s=1.78
E3 aux_paired_e1 step=82/300 raw_win=0.5625 keep_win=0.6205 kl=0.00301 rollout_s=13.28 update_s=1.33
E3 aux_paired_e1 step=83/300 raw_win=0.5759 keep_win=0.6071 kl=0.00393 rollout_s=12.80 update_s=0.91
E3 aux_paired_e1 step=84/300 raw_win=0.5179 keep_win=0.5759 kl=0.00419 rollout_s=13.23 update_s=1.13
E3 aux_paired_e1 step=85/300 raw_win=0.4955 keep_win=0.5536 kl=0.00382 rollout_s=12.91 update_s=1.03
E3 aux_paired_e1 step=86/300 raw_win=0.5536 keep_win=0.6741 kl=0.00188 rollout_s=12.25 update_s=1.02
E3 aux_paired_e1 step=87/300 raw_win=0.5580 keep_win=0.6205 kl=0.00156 rollout_s=11.26 update_s=0.88
E3 aux_paired_e1 step=88/300 raw_win=0.5134 keep_win=0.5491 kl=0.00175 rollout_s=11.07 update_s=0.87
E3 aux_paired_e1 step=89/300 raw_win=0.4330 keep_win=0.5848 kl=0.00174 rollout_s=11.47 update_s=0.93
E3 aux_paired_e1 step=90/300 raw_win=0.4821 keep_win=0.5759 kl=0.00486 rollout_s=11.19 update_s=0.91
E3 aux_paired_e1 step=91/300 raw_win=0.5134 keep_win=0.6652 kl=0.00326 rollout_s=11.36 update_s=1.01
E3 aux_paired_e1 step=92/300 raw_win=0.5536 keep_win=0.6920 kl=0.00298 rollout_s=12.07 update_s=1.05
E3 aux_paired_e1 step=93/300 raw_win=0.5179 keep_win=0.5491 kl=0.00169 rollout_s=11.13 update_s=0.95
E3 aux_paired_e1 step=94/300 raw_win=0.5536 keep_win=0.6250 kl=0.00199 rollout_s=11.56 update_s=0.97
E3 aux_paired_e1 step=95/300 raw_win=0.5670 keep_win=0.6071 kl=0.00356 rollout_s=11.27 update_s=1.03
E3 aux_paired_e1 step=96/300 raw_win=0.5134 keep_win=0.5804 kl=0.00204 rollout_s=11.13 update_s=0.95
E3 aux_paired_e1 step=97/300 raw_win=0.5268 keep_win=0.6071 kl=0.00268 rollout_s=11.59 update_s=1.18
E3 aux_paired_e1 step=98/300 raw_win=0.5446 keep_win=0.6205 kl=0.00463 rollout_s=11.94 update_s=1.01
E3 aux_paired_e1 step=99/300 raw_win=0.6027 keep_win=0.6071 kl=0.00489 rollout_s=15.64 update_s=1.33
E3 aux_paired_e1 step=100/300 raw_win=0.5089 keep_win=0.6295 kl=0.00183 rollout_s=15.14 update_s=1.10
E3 aux_paired_e1 step=101/300 raw_win=0.4955 keep_win=0.5670 kl=0.00522 rollout_s=15.19 update_s=1.04
E3 aux_paired_e1 step=102/300 raw_win=0.4598 keep_win=0.7232 kl=0.00206 rollout_s=12.51 update_s=1.13
E3 aux_paired_e1 step=103/300 raw_win=0.5223 keep_win=0.6607 kl=0.00452 rollout_s=12.16 update_s=1.00
E3 aux_paired_e1 step=104/300 raw_win=0.5759 keep_win=0.6205 kl=0.00328 rollout_s=12.60 update_s=0.96
E3 aux_paired_e1 step=105/300 raw_win=0.5134 keep_win=0.5536 kl=0.00258 rollout_s=12.31 update_s=1.07
E3 aux_paired_e1 step=106/300 raw_win=0.5179 keep_win=0.6875 kl=0.00157 rollout_s=11.13 update_s=0.97
E3 aux_paired_e1 step=107/300 raw_win=0.4286 keep_win=0.6161 kl=0.00337 rollout_s=11.30 update_s=1.07
E3 aux_paired_e1 step=108/300 raw_win=0.5536 keep_win=0.6339 kl=0.00420 rollout_s=11.25 update_s=0.94
E3 aux_paired_e1 step=109/300 raw_win=0.5580 keep_win=0.6696 kl=0.00326 rollout_s=11.28 update_s=1.04
E3 aux_paired_e1 step=110/300 raw_win=0.6384 keep_win=0.5491 kl=0.00222 rollout_s=11.04 update_s=0.92
E3 aux_paired_e1 step=111/300 raw_win=0.5759 keep_win=0.5982 kl=0.00420 rollout_s=11.08 update_s=0.90
E3 aux_paired_e1 step=112/300 raw_win=0.5402 keep_win=0.6071 kl=0.00357 rollout_s=11.02 update_s=0.92
E3 aux_paired_e1 step=113/300 raw_win=0.5402 keep_win=0.6071 kl=0.00399 rollout_s=11.19 update_s=0.93
E3 aux_paired_e1 step=114/300 raw_win=0.5089 keep_win=0.6161 kl=0.00273 rollout_s=10.64 update_s=0.89
E3 aux_paired_e1 step=115/300 raw_win=0.4777 keep_win=0.5625 kl=0.00367 rollout_s=10.54 update_s=0.88
E3 aux_paired_e1 step=116/300 raw_win=0.5580 keep_win=0.6295 kl=0.00212 rollout_s=10.94 update_s=0.94
E3 aux_paired_e1 step=117/300 raw_win=0.5580 keep_win=0.6071 kl=0.00251 rollout_s=10.61 update_s=0.89
E3 aux_paired_e1 step=118/300 raw_win=0.5804 keep_win=0.5848 kl=0.00324 rollout_s=10.78 update_s=0.84
E3 aux_paired_e1 step=119/300 raw_win=0.5536 keep_win=0.6071 kl=0.00280 rollout_s=10.91 update_s=0.88
E3 aux_paired_e1 step=120/300 raw_win=0.5625 keep_win=0.5804 kl=0.00359 rollout_s=10.65 update_s=0.88
E3 aux_paired_e1 step=121/300 raw_win=0.5625 keep_win=0.6116 kl=0.00358 rollout_s=10.65 update_s=0.84
E3 aux_paired_e1 step=122/300 raw_win=0.4821 keep_win=0.6384 kl=0.00414 rollout_s=10.80 update_s=0.89
E3 aux_paired_e1 step=123/300 raw_win=0.5670 keep_win=0.6384 kl=0.00415 rollout_s=10.52 update_s=0.88
E3 aux_paired_e1 step=124/300 raw_win=0.5670 keep_win=0.5848 kl=0.00345 rollout_s=10.79 update_s=0.83
E3 aux_paired_e1 step=125/300 raw_win=0.5402 keep_win=0.7277 kl=0.00329 rollout_s=10.73 update_s=0.86
E3 aux_paired_e1 step=126/300 raw_win=0.5714 keep_win=0.6205 kl=0.00256 rollout_s=11.12 update_s=0.91
E3 aux_paired_e1 step=127/300 raw_win=0.5134 keep_win=0.7054 kl=0.00379 rollout_s=10.98 update_s=0.83
E3 aux_paired_e1 step=128/300 raw_win=0.5491 keep_win=0.5893 kl=0.00237 rollout_s=10.85 update_s=0.93
E3 aux_paired_e1 step=129/300 raw_win=0.5357 keep_win=0.5938 kl=0.00327 rollout_s=11.01 update_s=0.99
E3 aux_paired_e1 step=130/300 raw_win=0.5134 keep_win=0.6518 kl=0.00415 rollout_s=12.29 update_s=1.15
E3 aux_paired_e1 step=131/300 raw_win=0.5000 keep_win=0.5134 kl=0.00386 rollout_s=11.78 update_s=0.95
E3 aux_paired_e1 step=132/300 raw_win=0.5179 keep_win=0.5848 kl=0.00248 rollout_s=11.11 update_s=0.85
E3 aux_paired_e1 step=133/300 raw_win=0.5580 keep_win=0.6071 kl=0.00406 rollout_s=11.35 update_s=1.00
E3 aux_paired_e1 step=134/300 raw_win=0.5938 keep_win=0.5357 kl=0.00501 rollout_s=12.61 update_s=0.90
E3 aux_paired_e1 step=135/300 raw_win=0.5580 keep_win=0.5982 kl=0.00271 rollout_s=11.63 update_s=0.90
E3 aux_paired_e1 step=136/300 raw_win=0.5223 keep_win=0.6027 kl=0.00337 rollout_s=11.56 update_s=1.09
E3 aux_paired_e1 step=137/300 raw_win=0.5759 keep_win=0.6116 kl=0.00376 rollout_s=11.34 update_s=0.87
E3 aux_paired_e1 step=138/300 raw_win=0.5179 keep_win=0.6696 kl=0.00432 rollout_s=11.74 update_s=0.95
E3 aux_paired_e1 step=139/300 raw_win=0.5223 keep_win=0.5312 kl=0.00305 rollout_s=11.78 update_s=0.87
E3 aux_paired_e1 step=140/300 raw_win=0.6116 keep_win=0.6964 kl=0.00269 rollout_s=11.22 update_s=0.93
E3 aux_paired_e1 step=141/300 raw_win=0.6161 keep_win=0.6652 kl=0.00327 rollout_s=12.01 update_s=0.90
E3 aux_paired_e1 step=142/300 raw_win=0.5804 keep_win=0.5536 kl=0.00258 rollout_s=12.03 update_s=0.88
E3 aux_paired_e1 step=143/300 raw_win=0.5893 keep_win=0.6339 kl=0.00327 rollout_s=11.71 update_s=0.93
E3 aux_paired_e1 step=144/300 raw_win=0.5491 keep_win=0.6875 kl=0.00271 rollout_s=13.05 update_s=0.93
E3 aux_paired_e1 step=145/300 raw_win=0.5982 keep_win=0.6161 kl=0.00552 rollout_s=12.15 update_s=1.06
E3 aux_paired_e1 step=146/300 raw_win=0.5179 keep_win=0.5982 kl=0.00285 rollout_s=11.73 update_s=0.95
E3 aux_paired_e1 step=147/300 raw_win=0.5446 keep_win=0.6071 kl=0.00241 rollout_s=11.28 update_s=1.05
E3 aux_paired_e1 step=148/300 raw_win=0.5804 keep_win=0.6562 kl=0.00352 rollout_s=11.73 update_s=1.03
E3 aux_paired_e1 step=149/300 raw_win=0.5312 keep_win=0.5848 kl=0.00238 rollout_s=13.00 update_s=0.95
E3 aux_paired_e1 step=150/300 raw_win=0.5848 keep_win=0.5848 kl=0.00232 rollout_s=11.76 update_s=0.96
E3 aux_paired_e1 step=151/300 raw_win=0.6116 keep_win=0.5491 kl=0.00450 rollout_s=11.23 update_s=0.94
E3 aux_paired_e1 step=152/300 raw_win=0.5446 keep_win=0.6518 kl=0.00334 rollout_s=11.89 update_s=1.01
E3 aux_paired_e1 step=153/300 raw_win=0.6027 keep_win=0.6071 kl=0.00328 rollout_s=11.80 update_s=0.97
E3 aux_paired_e1 step=154/300 raw_win=0.5804 keep_win=0.6920 kl=0.00337 rollout_s=10.48 update_s=0.86
E3 aux_paired_e1 step=155/300 raw_win=0.6027 keep_win=0.6250 kl=0.00326 rollout_s=11.24 update_s=1.06
E3 aux_paired_e1 step=156/300 raw_win=0.5446 keep_win=0.6250 kl=0.00356 rollout_s=12.01 update_s=0.99
E3 aux_paired_e1 step=157/300 raw_win=0.5625 keep_win=0.6920 kl=0.00314 rollout_s=13.39 update_s=1.07
E3 aux_paired_e1 step=158/300 raw_win=0.5536 keep_win=0.6741 kl=0.00190 rollout_s=12.47 update_s=1.06
E3 aux_paired_e1 step=159/300 raw_win=0.5357 keep_win=0.6250 kl=0.00160 rollout_s=11.55 update_s=0.90
E3 aux_paired_e1 step=160/300 raw_win=0.5357 keep_win=0.6339 kl=0.00266 rollout_s=12.52 update_s=0.94
E3 aux_paired_e1 step=161/300 raw_win=0.5402 keep_win=0.6161 kl=0.00381 rollout_s=12.78 update_s=0.93
E3 aux_paired_e1 step=162/300 raw_win=0.5134 keep_win=0.5982 kl=0.00289 rollout_s=13.09 update_s=0.95
E3 aux_paired_e1 step=163/300 raw_win=0.6473 keep_win=0.6696 kl=0.00339 rollout_s=12.74 update_s=1.13
E3 aux_paired_e1 step=164/300 raw_win=0.5938 keep_win=0.5893 kl=0.00298 rollout_s=13.14 update_s=1.18
E3 aux_paired_e1 step=165/300 raw_win=0.5670 keep_win=0.5848 kl=0.00247 rollout_s=14.06 update_s=1.03
E3 aux_paired_e1 step=166/300 raw_win=0.6518 keep_win=0.6518 kl=0.00343 rollout_s=12.17 update_s=1.36
E3 aux_paired_e1 step=167/300 raw_win=0.5491 keep_win=0.6339 kl=0.00238 rollout_s=13.08 update_s=1.16
E3 aux_paired_e1 step=168/300 raw_win=0.5536 keep_win=0.6116 kl=0.00318 rollout_s=13.32 update_s=0.99
E3 aux_paired_e1 step=169/300 raw_win=0.5804 keep_win=0.6161 kl=0.00242 rollout_s=12.12 update_s=0.88
E3 aux_paired_e1 step=170/300 raw_win=0.6116 keep_win=0.6429 kl=0.00195 rollout_s=11.92 update_s=0.95
E3 aux_paired_e1 step=171/300 raw_win=0.6518 keep_win=0.7054 kl=0.00383 rollout_s=12.07 update_s=0.97
E3 aux_paired_e1 step=172/300 raw_win=0.5536 keep_win=0.6384 kl=0.00297 rollout_s=12.10 update_s=1.06
E3 aux_paired_e1 step=173/300 raw_win=0.6071 keep_win=0.6161 kl=0.00272 rollout_s=13.46 update_s=0.97
E3 aux_paired_e1 step=174/300 raw_win=0.5402 keep_win=0.5938 kl=0.00335 rollout_s=12.37 update_s=0.94
E3 aux_paired_e1 step=175/300 raw_win=0.6027 keep_win=0.6607 kl=0.00231 rollout_s=11.59 update_s=0.98
E3 aux_paired_e1 step=176/300 raw_win=0.5670 keep_win=0.5670 kl=0.00472 rollout_s=12.14 update_s=0.91
E3 aux_paired_e1 step=177/300 raw_win=0.5491 keep_win=0.6250 kl=0.00228 rollout_s=11.01 update_s=0.91
E3 aux_paired_e1 step=178/300 raw_win=0.5357 keep_win=0.6339 kl=0.00299 rollout_s=11.14 update_s=0.93
E3 aux_paired_e1 step=179/300 raw_win=0.5804 keep_win=0.6161 kl=0.00353 rollout_s=11.12 update_s=1.03
E3 aux_paired_e1 step=180/300 raw_win=0.6161 keep_win=0.5670 kl=0.00363 rollout_s=11.41 update_s=0.90
E3 aux_paired_e1 step=181/300 raw_win=0.5402 keep_win=0.6295 kl=0.00168 rollout_s=11.13 update_s=0.97
E3 aux_paired_e1 step=182/300 raw_win=0.6205 keep_win=0.5893 kl=0.00373 rollout_s=10.88 update_s=0.90
E3 aux_paired_e1 step=183/300 raw_win=0.6741 keep_win=0.6161 kl=0.00281 rollout_s=11.18 update_s=0.91
E3 aux_paired_e1 step=184/300 raw_win=0.6473 keep_win=0.6473 kl=0.00240 rollout_s=10.97 update_s=0.89
E3 aux_paired_e1 step=185/300 raw_win=0.6027 keep_win=0.5804 kl=0.00305 rollout_s=10.78 update_s=0.92
E3 aux_paired_e1 step=186/300 raw_win=0.5893 keep_win=0.6607 kl=0.00220 rollout_s=10.59 update_s=1.03
E3 aux_paired_e1 step=187/300 raw_win=0.6339 keep_win=0.6473 kl=0.00312 rollout_s=10.16 update_s=0.97
E3 aux_paired_e1 step=188/300 raw_win=0.5625 keep_win=0.4911 kl=0.00243 rollout_s=10.22 update_s=1.06
E3 aux_paired_e1 step=189/300 raw_win=0.6295 keep_win=0.5804 kl=0.00309 rollout_s=10.58 update_s=0.95
E3 aux_paired_e1 step=190/300 raw_win=0.6384 keep_win=0.5848 kl=0.00211 rollout_s=10.23 update_s=0.95
E3 aux_paired_e1 step=191/300 raw_win=0.5759 keep_win=0.6429 kl=0.00306 rollout_s=10.16 update_s=0.91
E3 aux_paired_e1 step=192/300 raw_win=0.5982 keep_win=0.5625 kl=0.00266 rollout_s=10.51 update_s=0.88
E3 aux_paired_e1 step=193/300 raw_win=0.6205 keep_win=0.7098 kl=0.00296 rollout_s=10.21 update_s=0.98
E3 aux_paired_e1 step=194/300 raw_win=0.5491 keep_win=0.5982 kl=0.00270 rollout_s=10.38 update_s=0.99
E3 aux_paired_e1 step=195/300 raw_win=0.6116 keep_win=0.5580 kl=0.00383 rollout_s=10.58 update_s=0.95
E3 aux_paired_e1 step=196/300 raw_win=0.5759 keep_win=0.6786 kl=0.00354 rollout_s=10.22 update_s=1.07
E3 aux_paired_e1 step=197/300 raw_win=0.5893 keep_win=0.6250 kl=0.00232 rollout_s=10.39 update_s=1.05
E3 aux_paired_e1 step=198/300 raw_win=0.6429 keep_win=0.6473 kl=0.00277 rollout_s=10.60 update_s=1.02
E3 aux_paired_e1 step=199/300 raw_win=0.5848 keep_win=0.5938 kl=0.00310 rollout_s=10.16 update_s=0.87
E3 aux_paired_e1 step=200/300 raw_win=0.5536 keep_win=0.5804 kl=0.00319 rollout_s=10.71 update_s=0.88
E3 aux_paired_e1 step=201/300 raw_win=0.6384 keep_win=0.6696 kl=0.00282 rollout_s=10.65 update_s=0.99
E3 aux_paired_e1 step=202/300 raw_win=0.6384 keep_win=0.6473 kl=0.00240 rollout_s=10.16 update_s=0.93
E3 aux_paired_e1 step=203/300 raw_win=0.5982 keep_win=0.5759 kl=0.00482 rollout_s=10.18 update_s=0.96
E3 aux_paired_e1 step=204/300 raw_win=0.5625 keep_win=0.6473 kl=0.00304 rollout_s=10.60 update_s=0.95
E3 aux_paired_e1 step=205/300 raw_win=0.5982 keep_win=0.6027 kl=0.00211 rollout_s=10.57 update_s=0.99
E3 aux_paired_e1 step=206/300 raw_win=0.5848 keep_win=0.5580 kl=0.00287 rollout_s=10.28 update_s=1.02
E3 aux_paired_e1 step=207/300 raw_win=0.5848 keep_win=0.5625 kl=0.00323 rollout_s=10.70 update_s=1.08
E3 aux_paired_e1 step=208/300 raw_win=0.6161 keep_win=0.5893 kl=0.00342 rollout_s=11.23 update_s=1.02
E3 aux_paired_e1 step=209/300 raw_win=0.6652 keep_win=0.6295 kl=0.00293 rollout_s=10.87 update_s=1.17
E3 aux_paired_e1 step=210/300 raw_win=0.6161 keep_win=0.5982 kl=0.00253 rollout_s=11.14 update_s=1.01
E3 aux_paired_e1 step=211/300 raw_win=0.5893 keep_win=0.6116 kl=0.00308 rollout_s=10.11 update_s=1.01
E3 aux_paired_e1 step=212/300 raw_win=0.5580 keep_win=0.6250 kl=0.00218 rollout_s=10.40 update_s=0.91
E3 aux_paired_e1 step=213/300 raw_win=0.6384 keep_win=0.6696 kl=0.00282 rollout_s=10.54 update_s=0.92
E3 aux_paired_e1 step=214/300 raw_win=0.6339 keep_win=0.5446 kl=0.00398 rollout_s=10.14 update_s=0.97
E3 aux_paired_e1 step=215/300 raw_win=0.5938 keep_win=0.6295 kl=0.00258 rollout_s=10.33 update_s=0.97
E3 aux_paired_e1 step=216/300 raw_win=0.6518 keep_win=0.6830 kl=0.00267 rollout_s=10.47 update_s=0.95
E3 aux_paired_e1 step=217/300 raw_win=0.6161 keep_win=0.5938 kl=0.00246 rollout_s=10.29 update_s=1.00
E3 aux_paired_e1 step=218/300 raw_win=0.6027 keep_win=0.5759 kl=0.00217 rollout_s=10.46 update_s=1.00
E3 aux_paired_e1 step=219/300 raw_win=0.6339 keep_win=0.6384 kl=0.00234 rollout_s=10.41 update_s=1.04
E3 aux_paired_e1 step=220/300 raw_win=0.6295 keep_win=0.6161 kl=0.00244 rollout_s=10.60 update_s=0.97
E3 aux_paired_e1 step=221/300 raw_win=0.6027 keep_win=0.6205 kl=0.00238 rollout_s=10.27 update_s=0.95
E3 aux_paired_e1 step=222/300 raw_win=0.6027 keep_win=0.5938 kl=0.00289 rollout_s=10.55 update_s=0.97
E3 aux_paired_e1 step=223/300 raw_win=0.6696 keep_win=0.6161 kl=0.00358 rollout_s=10.51 update_s=1.06
E3 aux_paired_e1 step=224/300 raw_win=0.5982 keep_win=0.6071 kl=0.00220 rollout_s=10.27 update_s=0.91
E3 aux_paired_e1 step=225/300 raw_win=0.6339 keep_win=0.6473 kl=0.00323 rollout_s=10.39 update_s=1.06
E3 aux_paired_e1 step=226/300 raw_win=0.6607 keep_win=0.6562 kl=0.00385 rollout_s=10.17 update_s=1.07
E3 aux_paired_e1 step=227/300 raw_win=0.6518 keep_win=0.6384 kl=0.00246 rollout_s=10.36 update_s=1.01
E3 aux_paired_e1 step=228/300 raw_win=0.6250 keep_win=0.6607 kl=0.00205 rollout_s=10.83 update_s=1.02
E3 aux_paired_e1 step=229/300 raw_win=0.6429 keep_win=0.6741 kl=0.00205 rollout_s=10.37 update_s=1.08
E3 aux_paired_e1 step=230/300 raw_win=0.6473 keep_win=0.6205 kl=0.00243 rollout_s=10.41 update_s=0.86
E3 aux_paired_e1 step=231/300 raw_win=0.6116 keep_win=0.5804 kl=0.00273 rollout_s=10.54 update_s=0.91
E3 aux_paired_e1 step=232/300 raw_win=0.6429 keep_win=0.6339 kl=0.00280 rollout_s=10.17 update_s=1.04
E3 aux_paired_e1 step=233/300 raw_win=0.6205 keep_win=0.6250 kl=0.00370 rollout_s=10.34 update_s=0.84
E3 aux_paired_e1 step=234/300 raw_win=0.6607 keep_win=0.6473 kl=0.00279 rollout_s=10.36 update_s=1.01
E3 aux_paired_e1 step=235/300 raw_win=0.6027 keep_win=0.5848 kl=0.00216 rollout_s=10.12 update_s=0.96
E3 aux_paired_e1 step=236/300 raw_win=0.5982 keep_win=0.6429 kl=0.00176 rollout_s=10.22 update_s=0.89
E3 aux_paired_e1 step=237/300 raw_win=0.6205 keep_win=0.6339 kl=0.00312 rollout_s=10.56 update_s=0.98
E3 aux_paired_e1 step=238/300 raw_win=0.6027 keep_win=0.6071 kl=0.00284 rollout_s=10.61 update_s=0.82
E3 aux_paired_e1 step=239/300 raw_win=0.5223 keep_win=0.5848 kl=0.00273 rollout_s=12.85 update_s=0.95
E3 aux_paired_e1 step=240/300 raw_win=0.5848 keep_win=0.6295 kl=0.00250 rollout_s=11.17 update_s=0.90
E3 aux_paired_e1 step=241/300 raw_win=0.6473 keep_win=0.5982 kl=0.00300 rollout_s=10.90 update_s=0.84
E3 aux_paired_e1 step=242/300 raw_win=0.6250 keep_win=0.5804 kl=0.00320 rollout_s=11.07 update_s=0.90
E3 aux_paired_e1 step=243/300 raw_win=0.6295 keep_win=0.6295 kl=0.00307 rollout_s=10.94 update_s=0.85
E3 aux_paired_e1 step=244/300 raw_win=0.6339 keep_win=0.6786 kl=0.00227 rollout_s=10.96 update_s=0.90
E3 aux_paired_e1 step=245/300 raw_win=0.6518 keep_win=0.6205 kl=0.00255 rollout_s=11.61 update_s=0.86
E3 aux_paired_e1 step=246/300 raw_win=0.6607 keep_win=0.5402 kl=0.00222 rollout_s=10.91 update_s=0.87
E3 aux_paired_e1 step=247/300 raw_win=0.6384 keep_win=0.6250 kl=0.00192 rollout_s=11.08 update_s=0.96
E3 aux_paired_e1 step=248/300 raw_win=0.6250 keep_win=0.5536 kl=0.00371 rollout_s=11.08 update_s=0.89
E3 aux_paired_e1 step=249/300 raw_win=0.6295 keep_win=0.6295 kl=0.00303 rollout_s=10.86 update_s=0.88
E3 aux_paired_e1 step=250/300 raw_win=0.5938 keep_win=0.5714 kl=0.00167 rollout_s=11.35 update_s=0.98
E3 aux_paired_e1 step=251/300 raw_win=0.6652 keep_win=0.6607 kl=0.00181 rollout_s=11.26 update_s=0.87
E3 aux_paired_e1 step=252/300 raw_win=0.6429 keep_win=0.7054 kl=0.00266 rollout_s=10.97 update_s=0.95
E3 aux_paired_e1 step=253/300 raw_win=0.6116 keep_win=0.5893 kl=0.00219 rollout_s=11.22 update_s=0.82
E3 aux_paired_e1 step=254/300 raw_win=0.6339 keep_win=0.6875 kl=0.00265 rollout_s=11.17 update_s=0.86
E3 aux_paired_e1 step=255/300 raw_win=0.6295 keep_win=0.6741 kl=0.00262 rollout_s=10.92 update_s=0.88
E3 aux_paired_e1 step=256/300 raw_win=0.6696 keep_win=0.6786 kl=0.00268 rollout_s=11.09 update_s=0.90
E3 aux_paired_e1 step=257/300 raw_win=0.6652 keep_win=0.7009 kl=0.00204 rollout_s=10.91 update_s=0.93
E3 aux_paired_e1 step=258/300 raw_win=0.6161 keep_win=0.5938 kl=0.00337 rollout_s=11.01 update_s=0.79
E3 aux_paired_e1 step=259/300 raw_win=0.5804 keep_win=0.5759 kl=0.00259 rollout_s=11.13 update_s=0.91
E3 aux_paired_e1 step=260/300 raw_win=0.5804 keep_win=0.6161 kl=0.00215 rollout_s=10.93 update_s=0.83
E3 aux_paired_e1 step=261/300 raw_win=0.5759 keep_win=0.6116 kl=0.00174 rollout_s=10.81 update_s=0.94
E3 aux_paired_e1 step=262/300 raw_win=0.6116 keep_win=0.6429 kl=0.00208 rollout_s=10.50 update_s=0.87
E3 aux_paired_e1 step=263/300 raw_win=0.5982 keep_win=0.5536 kl=0.00330 rollout_s=10.15 update_s=0.98
E3 aux_paired_e1 step=264/300 raw_win=0.6027 keep_win=0.6116 kl=0.00311 rollout_s=10.23 update_s=0.96
E3 aux_paired_e1 step=265/300 raw_win=0.6518 keep_win=0.6518 kl=0.00289 rollout_s=10.46 update_s=0.98
E3 aux_paired_e1 step=266/300 raw_win=0.6071 keep_win=0.6161 kl=0.00377 rollout_s=10.16 update_s=0.95
E3 aux_paired_e1 step=267/300 raw_win=0.5982 keep_win=0.5893 kl=0.00373 rollout_s=10.12 update_s=1.03
E3 aux_paired_e1 step=268/300 raw_win=0.6161 keep_win=0.6830 kl=0.00237 rollout_s=10.53 update_s=0.98
E3 aux_paired_e1 step=269/300 raw_win=0.7054 keep_win=0.5938 kl=0.00175 rollout_s=10.86 update_s=0.92
E3 aux_paired_e1 step=270/300 raw_win=0.5625 keep_win=0.5670 kl=0.00303 rollout_s=10.14 update_s=1.10
E3 aux_paired_e1 step=271/300 raw_win=0.6473 keep_win=0.5848 kl=0.00170 rollout_s=10.44 update_s=1.00
E3 aux_paired_e1 step=272/300 raw_win=0.6250 keep_win=0.5446 kl=0.00202 rollout_s=10.07 update_s=0.96
E3 aux_paired_e1 step=273/300 raw_win=0.5804 keep_win=0.6071 kl=0.00270 rollout_s=10.17 update_s=0.92
E3 aux_paired_e1 step=274/300 raw_win=0.6384 keep_win=0.5848 kl=0.00196 rollout_s=10.61 update_s=0.92
E3 aux_paired_e1 step=275/300 raw_win=0.6607 keep_win=0.5714 kl=0.00259 rollout_s=10.59 update_s=0.96
E3 aux_paired_e1 step=276/300 raw_win=0.6027 keep_win=0.6429 kl=0.00244 rollout_s=10.21 update_s=0.98
E3 aux_paired_e1 step=277/300 raw_win=0.6161 keep_win=0.6429 kl=0.00252 rollout_s=10.56 update_s=1.01
E3 aux_paired_e1 step=278/300 raw_win=0.5938 keep_win=0.6741 kl=0.00339 rollout_s=10.20 update_s=1.04
E3 aux_paired_e1 step=279/300 raw_win=0.5982 keep_win=0.5938 kl=0.00200 rollout_s=10.42 update_s=1.06
E3 aux_paired_e1 step=280/300 raw_win=0.6116 keep_win=0.5446 kl=0.00212 rollout_s=10.53 update_s=1.00
E3 aux_paired_e1 step=281/300 raw_win=0.5848 keep_win=0.5893 kl=0.00302 rollout_s=10.30 update_s=0.89
E3 aux_paired_e1 step=282/300 raw_win=0.6429 keep_win=0.6116 kl=0.00252 rollout_s=10.94 update_s=0.90
E3 aux_paired_e1 step=283/300 raw_win=0.6652 keep_win=0.6607 kl=0.00244 rollout_s=11.18 update_s=0.95
E3 aux_paired_e1 step=284/300 raw_win=0.6518 keep_win=0.6071 kl=0.00329 rollout_s=10.87 update_s=0.98
E3 aux_paired_e1 step=285/300 raw_win=0.6116 keep_win=0.5536 kl=0.00265 rollout_s=10.97 update_s=0.99
E3 aux_paired_e1 step=286/300 raw_win=0.6250 keep_win=0.6562 kl=0.00285 rollout_s=11.59 update_s=0.92
E3 aux_paired_e1 step=287/300 raw_win=0.5893 keep_win=0.6741 kl=0.00245 rollout_s=12.55 update_s=0.97
E3 aux_paired_e1 step=288/300 raw_win=0.6429 keep_win=0.6652 kl=0.00254 rollout_s=11.62 update_s=1.05
E3 aux_paired_e1 step=289/300 raw_win=0.5580 keep_win=0.5536 kl=0.00176 rollout_s=12.60 update_s=1.01
E3 aux_paired_e1 step=290/300 raw_win=0.5893 keep_win=0.5179 kl=0.00300 rollout_s=12.50 update_s=0.97
E3 aux_paired_e1 step=291/300 raw_win=0.6473 keep_win=0.6339 kl=0.00164 rollout_s=12.65 update_s=1.06
E3 aux_paired_e1 step=292/300 raw_win=0.6473 keep_win=0.6250 kl=0.00241 rollout_s=12.04 update_s=0.96
E3 aux_paired_e1 step=293/300 raw_win=0.5938 keep_win=0.5938 kl=0.00338 rollout_s=11.48 update_s=0.98
E3 aux_paired_e1 step=294/300 raw_win=0.6116 keep_win=0.6920 kl=0.00264 rollout_s=11.40 update_s=0.94
E3 aux_paired_e1 step=295/300 raw_win=0.6741 keep_win=0.5312 kl=0.00225 rollout_s=11.45 update_s=0.98
E3 aux_paired_e1 step=296/300 raw_win=0.6786 keep_win=0.5938 kl=0.00256 rollout_s=11.60 update_s=0.95
E3 aux_paired_e1 step=297/300 raw_win=0.5982 keep_win=0.6696 kl=0.00220 rollout_s=11.61 update_s=1.01
E3 aux_paired_e1 step=298/300 raw_win=0.6562 keep_win=0.6027 kl=0.00219 rollout_s=11.46 update_s=0.88
E3 aux_paired_e1 step=299/300 raw_win=0.6562 keep_win=0.6339 kl=0.00208 rollout_s=11.90 update_s=0.97
E3 aux_paired_e1 step=300/300 raw_win=0.6562 keep_win=0.6518 kl=0.00296 rollout_s=11.81 update_s=0.87
EVAL final_test {'games': 1400, 'wins': 911, 'win_rate': 0.6507142857142857, 'mean_margin': 7009.0257142857145}
E3_REPEAT_COMPLETE aux_paired_e1 final_test_win_rate=0.6507
E3 aux_paired_e2 step=1/300 raw_win=0.5089 keep_win=0.6295 kl=0.00003 rollout_s=11.57 update_s=0.95
E3 aux_paired_e2 step=2/300 raw_win=0.4911 keep_win=0.5893 kl=0.00005 rollout_s=11.78 update_s=0.88
E3 aux_paired_e2 step=3/300 raw_win=0.4777 keep_win=0.5268 kl=0.00092 rollout_s=11.96 update_s=1.02
E3 aux_paired_e2 step=4/300 raw_win=0.5089 keep_win=0.6518 kl=0.00185 rollout_s=12.26 update_s=1.28
E3 aux_paired_e2 step=5/300 raw_win=0.4062 keep_win=0.5357 kl=0.00010 rollout_s=11.43 update_s=0.96
E3 aux_paired_e2 step=6/300 raw_win=0.4732 keep_win=0.5580 kl=0.00022 rollout_s=13.26 update_s=1.03
E3 aux_paired_e2 step=7/300 raw_win=0.4955 keep_win=0.5982 kl=0.00019 rollout_s=13.81 update_s=0.92
E3 aux_paired_e2 step=8/300 raw_win=0.4821 keep_win=0.6607 kl=0.00147 rollout_s=12.37 update_s=1.01
E3 aux_paired_e2 step=9/300 raw_win=0.5089 keep_win=0.6384 kl=0.00139 rollout_s=12.62 update_s=1.00
E3 aux_paired_e2 step=10/300 raw_win=0.5223 keep_win=0.6696 kl=0.00080 rollout_s=13.87 update_s=1.20
E3 aux_paired_e2 step=11/300 raw_win=0.5312 keep_win=0.5982 kl=0.00120 rollout_s=13.37 update_s=1.14
E3 aux_paired_e2 step=12/300 raw_win=0.5536 keep_win=0.6429 kl=0.00309 rollout_s=12.32 update_s=1.02
E3 aux_paired_e2 step=13/300 raw_win=0.4955 keep_win=0.5402 kl=0.00101 rollout_s=12.00 update_s=0.98
E3 aux_paired_e2 step=14/300 raw_win=0.5134 keep_win=0.6384 kl=0.00067 rollout_s=13.21 update_s=0.95
E3 aux_paired_e2 step=15/300 raw_win=0.5357 keep_win=0.6429 kl=0.00131 rollout_s=13.13 update_s=0.96
E3 aux_paired_e2 step=16/300 raw_win=0.4330 keep_win=0.5848 kl=0.00354 rollout_s=12.75 update_s=0.96
E3 aux_paired_e2 step=17/300 raw_win=0.5268 keep_win=0.5357 kl=0.00046 rollout_s=13.14 update_s=0.99
E3 aux_paired_e2 step=18/300 raw_win=0.5000 keep_win=0.6116 kl=0.00057 rollout_s=12.59 update_s=0.97
E3 aux_paired_e2 step=19/300 raw_win=0.5045 keep_win=0.6384 kl=0.00075 rollout_s=14.03 update_s=1.00
E3 aux_paired_e2 step=20/300 raw_win=0.4196 keep_win=0.5759 kl=0.00038 rollout_s=12.37 update_s=0.99
E3 aux_paired_e2 step=21/300 raw_win=0.5089 keep_win=0.5938 kl=0.00142 rollout_s=12.91 update_s=1.09
E3 aux_paired_e2 step=22/300 raw_win=0.5045 keep_win=0.5804 kl=0.00106 rollout_s=13.32 update_s=0.98
E3 aux_paired_e2 step=23/300 raw_win=0.5045 keep_win=0.6830 kl=0.00212 rollout_s=12.79 update_s=0.97
E3 aux_paired_e2 step=24/300 raw_win=0.5804 keep_win=0.6116 kl=0.00066 rollout_s=14.65 update_s=0.92
E3 aux_paired_e2 step=25/300 raw_win=0.5357 keep_win=0.5714 kl=0.00150 rollout_s=12.77 update_s=0.96
E3 aux_paired_e2 step=26/300 raw_win=0.5223 keep_win=0.6250 kl=0.00065 rollout_s=12.52 update_s=0.95
E3 aux_paired_e2 step=27/300 raw_win=0.5179 keep_win=0.5223 kl=0.00050 rollout_s=12.58 update_s=1.00
E3 aux_paired_e2 step=28/300 raw_win=0.5580 keep_win=0.6295 kl=0.00072 rollout_s=12.80 update_s=0.95
E3 aux_paired_e2 step=29/300 raw_win=0.5089 keep_win=0.5804 kl=0.00185 rollout_s=13.13 update_s=1.00
E3 aux_paired_e2 step=30/300 raw_win=0.5580 keep_win=0.5893 kl=0.00399 rollout_s=13.04 update_s=0.98
E3 aux_paired_e2 step=31/300 raw_win=0.5223 keep_win=0.6161 kl=0.00185 rollout_s=13.02 update_s=1.06
E3 aux_paired_e2 step=32/300 raw_win=0.4821 keep_win=0.5938 kl=0.00433 rollout_s=12.77 update_s=0.87
E3 aux_paired_e2 step=33/300 raw_win=0.4688 keep_win=0.5938 kl=0.00528 rollout_s=11.77 update_s=0.89
E3 aux_paired_e2 step=34/300 raw_win=0.4420 keep_win=0.6071 kl=0.00207 rollout_s=12.28 update_s=0.89
E3 aux_paired_e2 step=35/300 raw_win=0.4732 keep_win=0.6607 kl=0.00397 rollout_s=11.91 update_s=0.96
E3 aux_paired_e2 step=36/300 raw_win=0.4420 keep_win=0.6339 kl=0.00189 rollout_s=11.98 update_s=1.03
E3 aux_paired_e2 step=37/300 raw_win=0.4911 keep_win=0.7455 kl=0.00343 rollout_s=14.08 update_s=1.15
E3 aux_paired_e2 step=38/300 raw_win=0.4955 keep_win=0.6339 kl=0.00312 rollout_s=12.92 update_s=1.02
E3 aux_paired_e2 step=39/300 raw_win=0.4955 keep_win=0.5670 kl=0.00270 rollout_s=13.05 update_s=1.02
E3 aux_paired_e2 step=40/300 raw_win=0.5357 keep_win=0.5223 kl=0.00372 rollout_s=12.24 update_s=1.01
E3 aux_paired_e2 step=41/300 raw_win=0.4821 keep_win=0.6384 kl=0.00230 rollout_s=12.58 update_s=0.95
E3 aux_paired_e2 step=42/300 raw_win=0.5179 keep_win=0.6964 kl=0.00290 rollout_s=12.69 update_s=0.98
E3 aux_paired_e2 step=43/300 raw_win=0.4732 keep_win=0.5491 kl=0.00423 rollout_s=13.28 update_s=1.06
E3 aux_paired_e2 step=44/300 raw_win=0.5000 keep_win=0.6607 kl=0.00246 rollout_s=13.26 update_s=1.12
E3 aux_paired_e2 step=45/300 raw_win=0.5000 keep_win=0.6161 kl=0.00059 rollout_s=13.40 update_s=1.03
E3 aux_paired_e2 step=46/300 raw_win=0.4464 keep_win=0.6384 kl=0.00359 rollout_s=12.86 update_s=0.92
E3 aux_paired_e2 step=47/300 raw_win=0.5045 keep_win=0.6205 kl=0.00386 rollout_s=12.79 update_s=0.94
E3 aux_paired_e2 step=48/300 raw_win=0.5179 keep_win=0.6429 kl=0.00251 rollout_s=12.99 update_s=1.03
E3 aux_paired_e2 step=49/300 raw_win=0.5089 keep_win=0.5625 kl=0.00310 rollout_s=13.79 update_s=0.96
E3 aux_paired_e2 step=50/300 raw_win=0.4911 keep_win=0.6473 kl=0.00358 rollout_s=13.44 update_s=0.96
E3 aux_paired_e2 step=51/300 raw_win=0.5714 keep_win=0.5759 kl=0.00259 rollout_s=13.21 update_s=0.91
E3 aux_paired_e2 step=52/300 raw_win=0.4955 keep_win=0.6696 kl=0.00204 rollout_s=12.64 update_s=1.06
E3 aux_paired_e2 step=53/300 raw_win=0.5446 keep_win=0.6116 kl=0.00378 rollout_s=13.76 update_s=0.98
E3 aux_paired_e2 step=54/300 raw_win=0.5268 keep_win=0.5982 kl=0.00446 rollout_s=13.38 update_s=0.92
E3 aux_paired_e2 step=55/300 raw_win=0.5268 keep_win=0.6027 kl=0.00166 rollout_s=13.21 update_s=1.10
E3 aux_paired_e2 step=56/300 raw_win=0.4911 keep_win=0.6116 kl=0.00364 rollout_s=13.27 update_s=1.17
E3 aux_paired_e2 step=57/300 raw_win=0.4688 keep_win=0.5045 kl=0.00203 rollout_s=12.57 update_s=0.94
E3 aux_paired_e2 step=58/300 raw_win=0.4821 keep_win=0.5848 kl=0.00461 rollout_s=12.63 update_s=1.02
E3 aux_paired_e2 step=59/300 raw_win=0.4509 keep_win=0.5759 kl=0.00338 rollout_s=13.71 update_s=1.05
E3 aux_paired_e2 step=60/300 raw_win=0.5670 keep_win=0.7277 kl=0.00303 rollout_s=13.95 update_s=1.06
E3 aux_paired_e2 step=61/300 raw_win=0.5402 keep_win=0.6339 kl=0.00364 rollout_s=14.16 update_s=1.09
E3 aux_paired_e2 step=62/300 raw_win=0.5179 keep_win=0.4330 kl=0.00322 rollout_s=13.45 update_s=1.16
E3 aux_paired_e2 step=63/300 raw_win=0.4821 keep_win=0.6384 kl=0.00406 rollout_s=13.35 update_s=1.16
E3 aux_paired_e2 step=64/300 raw_win=0.4688 keep_win=0.6295 kl=0.00247 rollout_s=13.32 update_s=1.21
E3 aux_paired_e2 step=65/300 raw_win=0.5223 keep_win=0.6295 kl=0.00249 rollout_s=13.01 update_s=1.06
E3 aux_paired_e2 step=66/300 raw_win=0.4955 keep_win=0.6473 kl=0.00302 rollout_s=12.90 update_s=1.18
E3 aux_paired_e2 step=67/300 raw_win=0.5536 keep_win=0.6741 kl=0.00280 rollout_s=13.35 update_s=1.20
E3 aux_paired_e2 step=68/300 raw_win=0.4732 keep_win=0.6875 kl=0.00275 rollout_s=13.92 update_s=1.15
E3 aux_paired_e2 step=69/300 raw_win=0.4732 keep_win=0.6384 kl=0.00482 rollout_s=12.93 update_s=0.99
E3 aux_paired_e2 step=70/300 raw_win=0.5312 keep_win=0.6027 kl=0.00273 rollout_s=13.58 update_s=1.06
E3 aux_paired_e2 step=71/300 raw_win=0.5223 keep_win=0.6786 kl=0.00204 rollout_s=13.23 update_s=1.12
E3 aux_paired_e2 step=72/300 raw_win=0.4554 keep_win=0.5893 kl=0.00226 rollout_s=12.99 update_s=1.06
E3 aux_paired_e2 step=73/300 raw_win=0.5045 keep_win=0.6607 kl=0.00144 rollout_s=13.62 update_s=1.05
E3 aux_paired_e2 step=74/300 raw_win=0.5446 keep_win=0.6875 kl=0.00314 rollout_s=14.00 update_s=1.15
E3 aux_paired_e2 step=75/300 raw_win=0.5804 keep_win=0.5848 kl=0.00258 rollout_s=13.51 update_s=1.04
E3 aux_paired_e2 step=76/300 raw_win=0.6027 keep_win=0.6652 kl=0.00337 rollout_s=13.31 update_s=1.03
E3 aux_paired_e2 step=77/300 raw_win=0.5759 keep_win=0.5893 kl=0.00108 rollout_s=13.65 update_s=1.05
E3 aux_paired_e2 step=78/300 raw_win=0.6071 keep_win=0.6741 kl=0.00216 rollout_s=12.56 update_s=0.91
E3 aux_paired_e2 step=79/300 raw_win=0.5491 keep_win=0.6562 kl=0.00251 rollout_s=12.59 update_s=0.90
E3 aux_paired_e2 step=80/300 raw_win=0.5134 keep_win=0.5268 kl=0.00293 rollout_s=13.60 update_s=1.08
E3 aux_paired_e2 step=81/300 raw_win=0.5268 keep_win=0.5804 kl=0.00163 rollout_s=12.69 update_s=0.95
E3 aux_paired_e2 step=82/300 raw_win=0.5446 keep_win=0.5759 kl=0.00283 rollout_s=13.30 update_s=0.97
E3 aux_paired_e2 step=83/300 raw_win=0.5536 keep_win=0.6607 kl=0.00159 rollout_s=12.86 update_s=0.95
E3 aux_paired_e2 step=84/300 raw_win=0.5625 keep_win=0.5714 kl=0.00359 rollout_s=12.78 update_s=1.12
E3 aux_paired_e2 step=85/300 raw_win=0.5491 keep_win=0.6786 kl=0.00260 rollout_s=13.31 update_s=1.12
E3 aux_paired_e2 step=86/300 raw_win=0.5312 keep_win=0.7054 kl=0.00215 rollout_s=13.23 update_s=0.95
E3 aux_paired_e2 step=87/300 raw_win=0.5848 keep_win=0.6429 kl=0.00264 rollout_s=13.26 update_s=1.09
E3 aux_paired_e2 step=88/300 raw_win=0.5134 keep_win=0.7232 kl=0.00285 rollout_s=13.75 update_s=1.14
E3 aux_paired_e2 step=89/300 raw_win=0.5670 keep_win=0.6696 kl=0.00276 rollout_s=13.68 update_s=1.06
E3 aux_paired_e2 step=90/300 raw_win=0.5580 keep_win=0.6384 kl=0.00326 rollout_s=13.33 update_s=1.02
E3 aux_paired_e2 step=91/300 raw_win=0.5804 keep_win=0.5670 kl=0.00397 rollout_s=12.91 update_s=0.98
E3 aux_paired_e2 step=92/300 raw_win=0.5536 keep_win=0.6384 kl=0.00294 rollout_s=13.33 update_s=0.95
E3 aux_paired_e2 step=93/300 raw_win=0.5357 keep_win=0.6562 kl=0.00333 rollout_s=12.58 update_s=1.11
E3 aux_paired_e2 step=94/300 raw_win=0.5312 keep_win=0.6786 kl=0.00336 rollout_s=13.19 update_s=1.00
E3 aux_paired_e2 step=95/300 raw_win=0.5446 keep_win=0.6205 kl=0.00284 rollout_s=14.37 update_s=1.20
E3 aux_paired_e2 step=96/300 raw_win=0.5446 keep_win=0.6741 kl=0.00177 rollout_s=12.90 update_s=0.98
E3 aux_paired_e2 step=97/300 raw_win=0.5491 keep_win=0.5848 kl=0.00181 rollout_s=13.94 update_s=0.95
E3 aux_paired_e2 step=98/300 raw_win=0.5045 keep_win=0.6161 kl=0.00325 rollout_s=12.63 update_s=1.06
E3 aux_paired_e2 step=99/300 raw_win=0.5580 keep_win=0.6429 kl=0.00275 rollout_s=13.19 update_s=1.15
E3 aux_paired_e2 step=100/300 raw_win=0.5714 keep_win=0.6741 kl=0.00296 rollout_s=13.60 update_s=1.13
E3 aux_paired_e2 step=101/300 raw_win=0.5268 keep_win=0.6205 kl=0.00399 rollout_s=15.69 update_s=1.10
E3 aux_paired_e2 step=102/300 raw_win=0.5268 keep_win=0.6562 kl=0.00355 rollout_s=14.10 update_s=1.18
E3 aux_paired_e2 step=103/300 raw_win=0.5804 keep_win=0.6652 kl=0.00198 rollout_s=15.77 update_s=1.11
E3 aux_paired_e2 step=104/300 raw_win=0.5179 keep_win=0.6027 kl=0.00232 rollout_s=16.11 update_s=1.21
E3 aux_paired_e2 step=105/300 raw_win=0.5536 keep_win=0.6295 kl=0.00391 rollout_s=16.75 update_s=1.36
E3 aux_paired_e2 step=106/300 raw_win=0.5402 keep_win=0.6339 kl=0.00380 rollout_s=15.29 update_s=1.00
E3 aux_paired_e2 step=107/300 raw_win=0.5268 keep_win=0.6161 kl=0.00303 rollout_s=17.39 update_s=1.58
E3 aux_paired_e2 step=108/300 raw_win=0.5179 keep_win=0.6652 kl=0.00244 rollout_s=14.77 update_s=1.14
E3 aux_paired_e2 step=109/300 raw_win=0.5848 keep_win=0.6295 kl=0.00343 rollout_s=16.28 update_s=1.31
E3 aux_paired_e2 step=110/300 raw_win=0.5268 keep_win=0.5536 kl=0.00390 rollout_s=15.57 update_s=1.43
E3 aux_paired_e2 step=111/300 raw_win=0.4866 keep_win=0.6071 kl=0.00226 rollout_s=16.61 update_s=1.26
E3 aux_paired_e2 step=112/300 raw_win=0.5491 keep_win=0.6429 kl=0.00374 rollout_s=16.07 update_s=1.30
E3 aux_paired_e2 step=113/300 raw_win=0.5402 keep_win=0.5804 kl=0.00235 rollout_s=15.75 update_s=1.10
E3 aux_paired_e2 step=114/300 raw_win=0.5625 keep_win=0.6027 kl=0.00247 rollout_s=15.25 update_s=1.16
E3 aux_paired_e2 step=115/300 raw_win=0.5134 keep_win=0.5893 kl=0.00302 rollout_s=14.52 update_s=1.10
E3 aux_paired_e2 step=116/300 raw_win=0.5491 keep_win=0.5848 kl=0.00274 rollout_s=14.92 update_s=1.47
E3 aux_paired_e2 step=117/300 raw_win=0.5268 keep_win=0.5223 kl=0.00331 rollout_s=15.73 update_s=1.52
E3 aux_paired_e2 step=118/300 raw_win=0.4732 keep_win=0.5312 kl=0.00297 rollout_s=15.27 update_s=1.26
E3 aux_paired_e2 step=119/300 raw_win=0.5625 keep_win=0.6652 kl=0.00242 rollout_s=13.27 update_s=1.08
E3 aux_paired_e2 step=120/300 raw_win=0.6161 keep_win=0.6250 kl=0.00254 rollout_s=13.26 update_s=1.09
E3 aux_paired_e2 step=121/300 raw_win=0.5804 keep_win=0.5848 kl=0.00356 rollout_s=13.34 update_s=1.16
E3 aux_paired_e2 step=122/300 raw_win=0.5804 keep_win=0.6920 kl=0.00391 rollout_s=14.82 update_s=1.28
E3 aux_paired_e2 step=123/300 raw_win=0.6116 keep_win=0.6964 kl=0.00350 rollout_s=14.33 update_s=1.09
E3 aux_paired_e2 step=124/300 raw_win=0.5580 keep_win=0.6518 kl=0.00364 rollout_s=14.15 update_s=1.11
E3 aux_paired_e2 step=125/300 raw_win=0.6161 keep_win=0.6562 kl=0.00308 rollout_s=13.58 update_s=1.21
E3 aux_paired_e2 step=126/300 raw_win=0.5580 keep_win=0.6071 kl=0.00350 rollout_s=16.58 update_s=1.37
E3 aux_paired_e2 step=127/300 raw_win=0.5402 keep_win=0.6607 kl=0.00407 rollout_s=14.95 update_s=1.11
E3 aux_paired_e2 step=128/300 raw_win=0.5402 keep_win=0.6295 kl=0.00153 rollout_s=14.79 update_s=1.42
E3 aux_paired_e2 step=129/300 raw_win=0.5268 keep_win=0.6161 kl=0.00301 rollout_s=15.65 update_s=1.19
E3 aux_paired_e2 step=130/300 raw_win=0.5759 keep_win=0.6027 kl=0.00326 rollout_s=14.68 update_s=1.23
