id,variant,panel,seed,seat,status,terminal_cash,steps,terminal_status,cash,rewards,source_id,source_manifest,native_sha256,started_utc,completed_utc,wall_seconds,policy_seconds,engine_seconds,max_action_seconds,max_rss_kib,replay_bytes,replay_sha256,error
baseline_development_000,baseline,development,1652205610,0,completed,181669.0,719,"[""DONE"", ""DONE""]","[181669.0, 3000.0]","[181669.0, 3000.0]",a6a45ee3738b79ce7982ef1fe07059754da714ab50ec3593f93f6fb8604c90b2,records/baseline_development.source_manifest.json,174ba2ad749cb3213a72a03302ef50b08a37a579848ba922bde132a19b8b6c23,2026-09-13T20:36:42.689792+00:00,2026-09-13T20:36:47.170557+00:00,4.4807202190000055,3.1210127790002673,0.07422605200005705,0.17724277200001382,94964,2143302,187b9ee61ce7ad0d200c55fd78dc6d2cde3a96c658dcc4c6c927a1170e471849,
baseline_development_001,baseline,development,1652205610,1,completed,187918.0,719,"[""DONE"", ""DONE""]","[3000.0, 187918.0]","[3000.0, 187918.0]",a6a45ee3738b79ce7982ef1fe07059754da714ab50ec3593f93f6fb8604c90b2,records/baseline_development.source_manifest.json,174ba2ad749cb3213a72a03302ef50b08a37a579848ba922bde132a19b8b6c23,2026-09-13T20:36:42.689884+00:00,2026-09-13T20:36:47.308554+00:00,4.618644685999996,3.2327249459999194,0.07518479800006617,0.16947660200000314,94988,2162515,035c34b6b5f83c3aaba0df1c783418c78dc0e4dde4c7c956336ff04cac511441,
baseline_development_002,baseline,development,979746784,0,completed,190540.0,719,"[""DONE"", ""DONE""]","[190540.0, 3000.0]","[190540.0, 3000.0]",a6a45ee3738b79ce7982ef1fe07059754da714ab50ec3593f93f6fb8604c90b2,records/baseline_development.source_manifest.json,174ba2ad749cb3213a72a03302ef50b08a37a579848ba922bde132a19b8b6c23,2026-09-13T20:36:47.172793+00:00,2026-09-13T20:36:51.389062+00:00,4.216274870999996,2.90265093900004,0.07116607800000452,0.15321950299998832,95832,2123470,29909c26ec652b29e548e3bf3b135c16b5e4b2a2d782930bf13cf8ae50ccec57,
baseline_development_003,baseline,development,979746784,1,completed,190540.0,719,"[""DONE"", ""DONE""]","[3000.0, 190540.0]","[3000.0, 190540.0]",a6a45ee3738b79ce7982ef1fe07059754da714ab50ec3593f93f6fb8604c90b2,records/baseline_development.source_manifest.json,174ba2ad749cb3213a72a03302ef50b08a37a579848ba922bde132a19b8b6c23,2026-09-13T20:36:47.310847+00:00,2026-09-13T20:36:51.481207+00:00,4.170389199000013,2.8685619099999116,0.07001859999982685,0.1532120229999947,95728,2135054,495d977630746ae93069c7af9ca88eaf6e99f873e3f61d24e6e8c1b3afd6da8b,
baseline_development_004,baseline,development,1948729637,0,completed,228394.0,719,"[""DONE"", ""DONE""]","[228394.0, 3000.0]","[228394.0, 3000.0]",a6a45ee3738b79ce7982ef1fe07059754da714ab50ec3593f93f6fb8604c90b2,records/baseline_development.source_manifest.json,174ba2ad749cb3213a72a03302ef50b08a37a579848ba922bde132a19b8b6c23,2026-09-13T20:36:51.391369+00:00,2026-09-13T20:36:55.845693+00:00,4.4543303589999965,3.069223415000181,0.07594609400015884,0.17314420899998595,96344,2106153,b005763c7c246dce2c067dc8f3685e3c74e1a9b45731eafdc6e2862b5441d8f5,
baseline_development_005,baseline,development,1948729637,1,completed,214580.0,719,"[""DONE"", ""DONE""]","[3000.0, 214580.0]","[3000.0, 214580.0]",a6a45ee3738b79ce7982ef1fe07059754da714ab50ec3593f93f6fb8604c90b2,records/baseline_development.source_manifest.json,174ba2ad749cb3213a72a03302ef50b08a37a579848ba922bde132a19b8b6c23,2026-09-13T20:36:51.483363+00:00,2026-09-13T20:36:55.907888+00:00,4.424530355999991,3.0853126319998694,0.07212182699973368,0.2002771439999833,96332,2081522,b1f70351b999598e40e65fef1e879a0d3bd2dfecb784870ee4d50cb8cc60b597,
baseline_development_006,baseline,development,1514191294,0,completed,166344.0,719,"[""DONE"", ""DONE""]","[166344.0, 3000.0]","[166344.0, 3000.0]",a6a45ee3738b79ce7982ef1fe07059754da714ab50ec3593f93f6fb8604c90b2,records/baseline_development.source_manifest.json,174ba2ad749cb3213a72a03302ef50b08a37a579848ba922bde132a19b8b6c23,2026-09-13T20:36:55.849593+00:00,2026-09-13T20:37:00.089597+00:00,4.240005947000014,2.891870631000046,0.07425794800016661,0.1638283000000058,96520,2034065,37cff3828200204695c0724ef3bbb8e2b5f244c5f356db92eba16e5db7b29858,
baseline_development_007,baseline,development,1514191294,1,completed,166344.0,719,"[""DONE"", ""DONE""]","[3000.0, 166344.0]","[3000.0, 166344.0]",a6a45ee3738b79ce7982ef1fe07059754da714ab50ec3593f93f6fb8604c90b2,records/baseline_development.source_manifest.json,174ba2ad749cb3213a72a03302ef50b08a37a579848ba922bde132a19b8b6c23,2026-09-13T20:36:55.910150+00:00,2026-09-13T20:37:00.087303+00:00,4.1771593399999745,2.8400046520002604,0.07217430600053376,0.14848901199999887,96404,2026971,df637004e15f777d748349932ce609565feb3f0ac80a1d43664b196463f3265d,
baseline_development_008,baseline,development,833126169,0,completed,180725.0,719,"[""DONE"", ""DONE""]","[180725.0, 3000.0]","[180725.0, 3000.0]",a6a45ee3738b79ce7982ef1fe07059754da714ab50ec3593f93f6fb8604c90b2,records/baseline_development.source_manifest.json,174ba2ad749cb3213a72a03302ef50b08a37a579848ba922bde132a19b8b6c23,2026-09-13T20:37:00.089395+00:00,2026-09-13T20:37:04.376658+00:00,4.287269137999999,2.946125432999196,0.07192059599975664,0.17337435700000015,96732,2145233,c04073806b7e3f8b9fa50505f923fdaae741e5b082592bbb13f7836d1b509356,
baseline_development_009,baseline,development,833126169,1,completed,180725.0,719,"[""DONE"", ""DONE""]","[3000.0, 180725.0]","[3000.0, 180725.0]",a6a45ee3738b79ce7982ef1fe07059754da714ab50ec3593f93f6fb8604c90b2,records/baseline_development.source_manifest.json,174ba2ad749cb3213a72a03302ef50b08a37a579848ba922bde132a19b8b6c23,2026-09-13T20:37:00.092752+00:00,2026-09-13T20:37:04.451907+00:00,4.359160406000001,2.991805622000186,0.07344631099959997,0.1778997840000045,96896,2150366,5e08c6832bca19ffe132c97234dbd8d30de645b02f9999ba5ba8ff478ba25975,
baseline_development_010,baseline,development,1715028217,0,completed,180634.0,719,"[""DONE"", ""DONE""]","[180634.0, 3000.0]","[180634.0, 3000.0]",a6a45ee3738b79ce7982ef1fe07059754da714ab50ec3593f93f6fb8604c90b2,records/baseline_development.source_manifest.json,174ba2ad749cb3213a72a03302ef50b08a37a579848ba922bde132a19b8b6c23,2026-09-13T20:37:04.378860+00:00,2026-09-13T20:37:08.430243+00:00,4.0513913990000106,2.7529518729999154,0.07149184600004332,0.12014415199999462,96976,2114079,88c68a36803ed35f1167975ee03749095200ccc93a978131f7c9ded9f044645f,
baseline_development_011,baseline,development,1715028217,1,completed,153960.0,719,"[""DONE"", ""DONE""]","[3000.0, 153960.0]","[3000.0, 153960.0]",a6a45ee3738b79ce7982ef1fe07059754da714ab50ec3593f93f6fb8604c90b2,records/baseline_development.source_manifest.json,174ba2ad749cb3213a72a03302ef50b08a37a579848ba922bde132a19b8b6c23,2026-09-13T20:37:04.454376+00:00,2026-09-13T20:37:08.388521+00:00,3.9341509459999884,2.6384358539999084,0.07198624899990591,0.12542078399999923,97160,2062414,51c35dfa2d0458652d86c54c3878737af2e0e635130fb1f821ce12385ef63f05,
baseline_development_012,baseline,development,766857369,0,completed,167397.0,719,"[""DONE"", ""DONE""]","[167397.0, 3000.0]","[167397.0, 3000.0]",a6a45ee3738b79ce7982ef1fe07059754da714ab50ec3593f93f6fb8604c90b2,records/baseline_development.source_manifest.json,174ba2ad749cb3213a72a03302ef50b08a37a579848ba922bde132a19b8b6c23,2026-09-13T20:37:08.390883+00:00,2026-09-13T20:37:12.386688+00:00,3.995813541000018,2.6666036089997647,0.07356527799993273,0.1403950719999898,97160,2048659,b6c3608dc230212e2973635598154fe6155adc6f7474293917ed965e54fce060,
baseline_development_013,baseline,development,766857369,1,completed,167397.0,719,"[""DONE"", ""DONE""]","[3000.0, 167397.0]","[3000.0, 167397.0]",a6a45ee3738b79ce7982ef1fe07059754da714ab50ec3593f93f6fb8604c90b2,records/baseline_development.source_manifest.json,174ba2ad749cb3213a72a03302ef50b08a37a579848ba922bde132a19b8b6c23,2026-09-13T20:37:08.432560+00:00,2026-09-13T20:37:12.515598+00:00,4.083044297000015,2.7364370039997823,0.0771457000003295,0.1302381739999987,97432,2063668,5d26a011c3a7c39ff82452cce4ad13491e9055dd741f2e69929cf4a0ff560bbc,
baseline_development_014,baseline,development,1387052231,0,completed,188506.0,719,"[""DONE"", ""DONE""]","[188506.0, 3000.0]","[188506.0, 3000.0]",a6a45ee3738b79ce7982ef1fe07059754da714ab50ec3593f93f6fb8604c90b2,records/baseline_development.source_manifest.json,174ba2ad749cb3213a72a03302ef50b08a37a579848ba922bde132a19b8b6c23,2026-09-13T20:37:12.389184+00:00,2026-09-13T20:37:16.494509+00:00,4.105368721000019,2.7630178949997344,0.07137035299987815,0.15134862299998986,97436,2105443,d77a76ebc8a9efba87dc8e8f3fdad293b074a44781c6bebe34ebaaaac9bafa3b,
baseline_development_015,baseline,development,1387052231,1,completed,193596.0,719,"[""DONE"", ""DONE""]","[3000.0, 193596.0]","[3000.0, 193596.0]",a6a45ee3738b79ce7982ef1fe07059754da714ab50ec3593f93f6fb8604c90b2,records/baseline_development.source_manifest.json,174ba2ad749cb3213a72a03302ef50b08a37a579848ba922bde132a19b8b6c23,2026-09-13T20:37:12.517820+00:00,2026-09-13T20:37:16.653078+00:00,4.135267026000008,2.788354398000024,0.07177018100037458,0.15266909199999645,97444,2102088,3c20996ce1f96cd8de91e00c3d07a708bb05696cb0b6c92a1f4db4c0e6010e30,
baseline_development_016,baseline,development,1459327281,0,completed,197656.0,719,"[""DONE"", ""DONE""]","[197656.0, 3000.0]","[197656.0, 3000.0]",a6a45ee3738b79ce7982ef1fe07059754da714ab50ec3593f93f6fb8604c90b2,records/baseline_development.source_manifest.json,174ba2ad749cb3213a72a03302ef50b08a37a579848ba922bde132a19b8b6c23,2026-09-13T20:37:16.497206+00:00,2026-09-13T20:37:20.470473+00:00,3.9732773940000072,2.7079874680001694,0.07168005799965727,0.16138762200000656,97436,1995983,ca38861fb15dfa30b09a97bf9aa9089442224f5fa8440160bd9afcf43b3f7da5,
baseline_development_017,baseline,development,1459327281,1,completed,197652.0,719,"[""DONE"", ""DONE""]","[3000.0, 197652.0]","[3000.0, 197652.0]",a6a45ee3738b79ce7982ef1fe07059754da714ab50ec3593f93f6fb8604c90b2,records/baseline_development.source_manifest.json,174ba2ad749cb3213a72a03302ef50b08a37a579848ba922bde132a19b8b6c23,2026-09-13T20:37:16.655342+00:00,2026-09-13T20:37:20.638738+00:00,3.9834036899999887,2.7075380360005568,0.07243982099947743,0.16383969199998205,97444,1992191,32acb497793260bd6a065c94ebc76b890d7be1693d7bff4443847f4f9ef86d6c,
baseline_development_018,baseline,development,1175089851,0,completed,169365.0,719,"[""DONE"", ""DONE""]","[169365.0, 3000.0]","[169365.0, 3000.0]",a6a45ee3738b79ce7982ef1fe07059754da714ab50ec3593f93f6fb8604c90b2,records/baseline_development.source_manifest.json,174ba2ad749cb3213a72a03302ef50b08a37a579848ba922bde132a19b8b6c23,2026-09-13T20:37:20.472857+00:00,2026-09-13T20:37:24.541452+00:00,4.0686019999999985,2.7863129880003044,0.07074563200001194,0.15735292699997672,97460,2113801,80d9d77d8c984921df29130d19e1070a3b6c5daa58a371f7e7865f77355d0a25,
baseline_development_019,baseline,development,1175089851,1,completed,157377.0,719,"[""DONE"", ""DONE""]","[3000.0, 157377.0]","[3000.0, 157377.0]",a6a45ee3738b79ce7982ef1fe07059754da714ab50ec3593f93f6fb8604c90b2,records/baseline_development.source_manifest.json,174ba2ad749cb3213a72a03302ef50b08a37a579848ba922bde132a19b8b6c23,2026-09-13T20:37:20.640888+00:00,2026-09-13T20:37:24.541807+00:00,3.9009260600000175,2.6496847049999985,0.07160011700034374,0.15045662399998605,97500,1992766,81911330f493fd8cfdec95766004ce9b9ce67df615641b7eb03f49d921d9d56d,
baseline_development_020,baseline,development,1138364143,0,completed,169570.0,719,"[""DONE"", ""DONE""]","[169570.0, 3000.0]","[169570.0, 3000.0]",a6a45ee3738b79ce7982ef1fe07059754da714ab50ec3593f93f6fb8604c90b2,records/baseline_development.source_manifest.json,174ba2ad749cb3213a72a03302ef50b08a37a579848ba922bde132a19b8b6c23,2026-09-13T20:37:24.544031+00:00,2026-09-13T20:37:28.446413+00:00,3.90238822500001,2.6810302089997435,0.07158918600043762,0.18301722499998618,97640,1913547,8b7e3dcf26aade200b662ea5e597a63f6454a1289945e89cf5a383a63d3ad0d2,
baseline_development_021,baseline,development,1138364143,1,completed,169570.0,719,"[""DONE"", ""DONE""]","[3000.0, 169570.0]","[3000.0, 169570.0]",a6a45ee3738b79ce7982ef1fe07059754da714ab50ec3593f93f6fb8604c90b2,records/baseline_development.source_manifest.json,174ba2ad749cb3213a72a03302ef50b08a37a579848ba922bde132a19b8b6c23,2026-09-13T20:37:24.543916+00:00,2026-09-13T20:37:28.549649+00:00,4.005741088000008,2.7501394390002645,0.0734836469999891,0.1716430210000226,97676,1908955,32cd8e04de41022eb65ea52d8f8d027f40aa3d6f6426da9e1d85383fec7543c3,
baseline_development_022,baseline,development,1722159489,0,completed,212097.0,719,"[""DONE"", ""DONE""]","[212097.0, 3000.0]","[212097.0, 3000.0]",a6a45ee3738b79ce7982ef1fe07059754da714ab50ec3593f93f6fb8604c90b2,records/baseline_development.source_manifest.json,174ba2ad749cb3213a72a03302ef50b08a37a579848ba922bde132a19b8b6c23,2026-09-13T20:37:28.449111+00:00,2026-09-13T20:37:32.859306+00:00,4.4102022790000035,3.0522197640006254,0.07583615000012855,0.1563042790000111,97776,2099767,afda83a49bc87266a27919bc9e96545254bcabce2d16794b120baaf6d700cfbe,
baseline_development_023,baseline,development,1722159489,1,completed,197322.0,719,"[""DONE"", ""DONE""]","[3000.0, 197322.0]","[3000.0, 197322.0]",a6a45ee3738b79ce7982ef1fe07059754da714ab50ec3593f93f6fb8604c90b2,records/baseline_development.source_manifest.json,174ba2ad749cb3213a72a03302ef50b08a37a579848ba922bde132a19b8b6c23,2026-09-13T20:37:28.551749+00:00,2026-09-13T20:37:32.691264+00:00,4.139524186000017,2.8426373119996526,0.07448464400007992,0.15937668800000893,97908,1984462,e75fc51e7e5307ebcc8a6a37896e19f173b569a43dd6c67bb1e50f89710322bb,
baseline_development_024,baseline,development,979914492,0,completed,250934.0,719,"[""DONE"", ""DONE""]","[250934.0, 3000.0]","[250934.0, 3000.0]",a6a45ee3738b79ce7982ef1fe07059754da714ab50ec3593f93f6fb8604c90b2,records/baseline_development.source_manifest.json,174ba2ad749cb3213a72a03302ef50b08a37a579848ba922bde132a19b8b6c23,2026-09-13T20:37:32.693423+00:00,2026-09-13T20:37:36.891677+00:00,4.19826435600001,2.8644814299998416,0.07340620500008299,0.15117649200001892,98036,2122569,143d5ea338377e281fc9dacc2b9bb8ab1d354a02a69c815683b2027de9d85774,
baseline_development_025,baseline,development,979914492,1,completed,250934.0,719,"[""DONE"", ""DONE""]","[3000.0, 250934.0]","[3000.0, 250934.0]",a6a45ee3738b79ce7982ef1fe07059754da714ab50ec3593f93f6fb8604c90b2,records/baseline_development.source_manifest.json,174ba2ad749cb3213a72a03302ef50b08a37a579848ba922bde132a19b8b6c23,2026-09-13T20:37:32.861718+00:00,2026-09-13T20:37:37.078213+00:00,4.216520785,2.8801545910000073,0.07291202199999702,0.15051012500001093,97784,2137349,6d0da4107f8fb9e0e6140dd1a33d662e024ed1d8b707d4310aa924af1bc8f65c,
baseline_development_026,baseline,development,1421711696,0,completed,254718.0,719,"[""DONE"", ""DONE""]","[254718.0, 3000.0]","[254718.0, 3000.0]",a6a45ee3738b79ce7982ef1fe07059754da714ab50ec3593f93f6fb8604c90b2,records/baseline_development.source_manifest.json,174ba2ad749cb3213a72a03302ef50b08a37a579848ba922bde132a19b8b6c23,2026-09-13T20:37:36.893858+00:00,2026-09-13T20:37:41.291463+00:00,4.397610630999992,3.0417543999994336,0.07355665099993303,0.14733493599999292,98128,2113444,3acc7848b3f3be731929fdf3f4f1a0d878209f7ceed6097aeeeb14f3cf56ec11,
baseline_development_027,baseline,development,1421711696,1,completed,182567.0,719,"[""DONE"", ""DONE""]","[3000.0, 182567.0]","[3000.0, 182567.0]",a6a45ee3738b79ce7982ef1fe07059754da714ab50ec3593f93f6fb8604c90b2,records/baseline_development.source_manifest.json,174ba2ad749cb3213a72a03302ef50b08a37a579848ba922bde132a19b8b6c23,2026-09-13T20:37:37.080503+00:00,2026-09-13T20:37:40.970081+00:00,3.889586038999994,2.633257262000143,0.07059086000006687,0.13635929599999486,97784,1928330,adbe8e49c8d6587d31c78ca7561be90edef591bae4169159f61e9e970b3daecb,
baseline_development_028,baseline,development,28576209,0,completed,157844.0,719,"[""DONE"", ""DONE""]","[157844.0, 3000.0]","[157844.0, 3000.0]",a6a45ee3738b79ce7982ef1fe07059754da714ab50ec3593f93f6fb8604c90b2,records/baseline_development.source_manifest.json,174ba2ad749cb3213a72a03302ef50b08a37a579848ba922bde132a19b8b6c23,2026-09-13T20:37:40.972206+00:00,2026-09-13T20:37:44.994818+00:00,4.022620846000024,2.764406230999697,0.07152034999947432,0.13420006699999476,97988,2024441,b2feb8d76b55b1737b53bef48c99c9d0040c10a23823a430652aec86ec86d753,
baseline_development_029,baseline,development,28576209,1,completed,157689.0,719,"[""DONE"", ""DONE""]","[3000.0, 157689.0]","[3000.0, 157689.0]",a6a45ee3738b79ce7982ef1fe07059754da714ab50ec3593f93f6fb8604c90b2,records/baseline_development.source_manifest.json,174ba2ad749cb3213a72a03302ef50b08a37a579848ba922bde132a19b8b6c23,2026-09-13T20:37:41.293586+00:00,2026-09-13T20:37:45.510479+00:00,4.2169017520000125,2.900392074000081,0.07599927999987699,0.16498007599997777,98128,2016783,052a72be12e4b54ffaef6b498a467ff881117cc1a89fd197408addec0274060b,
baseline_development_030,baseline,development,394509745,0,completed,216217.0,719,"[""DONE"", ""DONE""]","[216217.0, 3000.0]","[216217.0, 3000.0]",a6a45ee3738b79ce7982ef1fe07059754da714ab50ec3593f93f6fb8604c90b2,records/baseline_development.source_manifest.json,174ba2ad749cb3213a72a03302ef50b08a37a579848ba922bde132a19b8b6c23,2026-09-13T20:37:44.997067+00:00,2026-09-13T20:37:49.339030+00:00,4.341969566000017,2.9152116259998593,0.07200179199978152,0.1785454090000087,97988,2147825,d2e4b98ffc647ad4d42606398980ba9deb2a05abb3d5e035c8741843a40ad9ff,
baseline_development_031,baseline,development,394509745,1,completed,245211.0,719,"[""DONE"", ""DONE""]","[3000.0, 245211.0]","[3000.0, 245211.0]",a6a45ee3738b79ce7982ef1fe07059754da714ab50ec3593f93f6fb8604c90b2,records/baseline_development.source_manifest.json,174ba2ad749cb3213a72a03302ef50b08a37a579848ba922bde132a19b8b6c23,2026-09-13T20:37:45.512846+00:00,2026-09-13T20:37:49.749449+00:00,4.236607976000016,2.771759999999972,0.07198145200024442,0.143673519999993,98128,2165575,dee3c9147a29b72ecff07327106f1bb10a3ff683e4f1890c8b4cdf5991f9402e,
baseline_validation_control_000,baseline,validation,237629169,0,completed,190384.0,719,"[""DONE"", ""DONE""]","[190384.0, 3000.0]","[190384.0, 3000.0]",a6a45ee3738b79ce7982ef1fe07059754da714ab50ec3593f93f6fb8604c90b2,records/baseline_validation_control.source_manifest.json,174ba2ad749cb3213a72a03302ef50b08a37a579848ba922bde132a19b8b6c23,2026-09-13T20:49:47.915426+00:00,2026-09-13T20:49:52.055457+00:00,4.139978133,2.7585207059977392,0.07467616299811652,0.15849884500005373,94684,2061046,1105c49e67081ccf083dd59701a53ef71465257b355daceab6a0b22b75b09401,
baseline_validation_control_001,baseline,validation,237629169,1,completed,190744.0,719,"[""DONE"", ""DONE""]","[3000.0, 190744.0]","[3000.0, 190744.0]",a6a45ee3738b79ce7982ef1fe07059754da714ab50ec3593f93f6fb8604c90b2,records/baseline_validation_control.source_manifest.json,174ba2ad749cb3213a72a03302ef50b08a37a579848ba922bde132a19b8b6c23,2026-09-13T20:49:47.915507+00:00,2026-09-13T20:49:52.003382+00:00,4.0878202540000075,2.737416425000333,0.07321713699855081,0.142842873999939,94684,2076780,2767e632d088d8bd21f5da129b4b58d56d44c3d866a883a77ca1b26dcf077ee8,
baseline_validation_control_002,baseline,validation,598471694,0,completed,218183.0,719,"[""DONE"", ""DONE""]","[218183.0, 3000.0]","[218183.0, 3000.0]",a6a45ee3738b79ce7982ef1fe07059754da714ab50ec3593f93f6fb8604c90b2,records/baseline_validation_control.source_manifest.json,174ba2ad749cb3213a72a03302ef50b08a37a579848ba922bde132a19b8b6c23,2026-09-13T20:49:52.007013+00:00,2026-09-13T20:49:56.068125+00:00,4.061123553000016,2.7843882739997525,0.07081799399838928,0.15657926599999428,95824,2052671,a6e746da9f9a67c676f2a33e033e20498dd0c82ecb3efc6f3913e32d8910091b,
baseline_validation_control_003,baseline,validation,598471694,1,completed,219035.0,719,"[""DONE"", ""DONE""]","[3000.0, 219035.0]","[3000.0, 219035.0]",a6a45ee3738b79ce7982ef1fe07059754da714ab50ec3593f93f6fb8604c90b2,records/baseline_validation_control.source_manifest.json,174ba2ad749cb3213a72a03302ef50b08a37a579848ba922bde132a19b8b6c23,2026-09-13T20:49:52.057863+00:00,2026-09-13T20:49:56.220888+00:00,4.163030961000004,2.8215318180003806,0.07737946700149223,0.14952415200002633,95956,2103881,54f057df9795f27812c89363d97a684928de8fa773f5dea53d752224e9c97a59,
baseline_validation_control_004,baseline,validation,747304733,0,completed,156848.0,719,"[""DONE"", ""DONE""]","[156848.0, 3000.0]","[156848.0, 3000.0]",a6a45ee3738b79ce7982ef1fe07059754da714ab50ec3593f93f6fb8604c90b2,records/baseline_validation_control.source_manifest.json,174ba2ad749cb3213a72a03302ef50b08a37a579848ba922bde132a19b8b6c23,2026-09-13T20:49:56.070400+00:00,2026-09-13T20:50:00.267342+00:00,4.196948451000026,2.811966048002091,0.07221109799877468,0.13831463199994687,95824,2093785,02462e2fe22a6462c7d001ae609e089df8a04acd19c55e7868c5cfcb9572fd86,
baseline_validation_control_005,baseline,validation,747304733,1,completed,157035.0,719,"[""DONE"", ""DONE""]","[3000.0, 157035.0]","[3000.0, 157035.0]",a6a45ee3738b79ce7982ef1fe07059754da714ab50ec3593f93f6fb8604c90b2,records/baseline_validation_control.source_manifest.json,174ba2ad749cb3213a72a03302ef50b08a37a579848ba922bde132a19b8b6c23,2026-09-13T20:49:56.223102+00:00,2026-09-13T20:50:00.591663+00:00,4.368567806999977,2.931989709999698,0.07526032600014787,0.13372425700003987,95956,2088791,7a8fd42f9c6253fd9c282ed08bd3c740768c5d6f1ec34427360acf844a6d11b4,
baseline_validation_control_006,baseline,validation,1871453920,0,completed,218030.0,719,"[""DONE"", ""DONE""]","[218030.0, 3000.0]","[218030.0, 3000.0]",a6a45ee3738b79ce7982ef1fe07059754da714ab50ec3593f93f6fb8604c90b2,records/baseline_validation_control.source_manifest.json,174ba2ad749cb3213a72a03302ef50b08a37a579848ba922bde132a19b8b6c23,2026-09-13T20:50:00.269483+00:00,2026-09-13T20:50:04.392668+00:00,4.123191240999972,2.8292122819985934,0.07163562500113585,0.14883275099998627,96468,2078639,ef742ebfa30ecfd7a3b8232fba357ba0f876628e4e68c9dbbf8eb1c20ea464b9,
baseline_validation_control_007,baseline,validation,1871453920,1,completed,219952.0,719,"[""DONE"", ""DONE""]","[3000.0, 219952.0]","[3000.0, 219952.0]",a6a45ee3738b79ce7982ef1fe07059754da714ab50ec3593f93f6fb8604c90b2,records/baseline_validation_control.source_manifest.json,174ba2ad749cb3213a72a03302ef50b08a37a579848ba922bde132a19b8b6c23,2026-09-13T20:50:00.594110+00:00,2026-09-13T20:50:05.079193+00:00,4.48508778300004,3.096665639000207,0.07444174300144368,0.16603069899997536,96728,2136869,0857f974e49ed2f01b06aeee603d447f799109257c3f701e865a7dc748718210,
baseline_validation_control_008,baseline,validation,1711408325,0,completed,210706.0,719,"[""DONE"", ""DONE""]","[210706.0, 3000.0]","[210706.0, 3000.0]",a6a45ee3738b79ce7982ef1fe07059754da714ab50ec3593f93f6fb8604c90b2,records/baseline_validation_control.source_manifest.json,174ba2ad749cb3213a72a03302ef50b08a37a579848ba922bde132a19b8b6c23,2026-09-13T20:50:04.395431+00:00,2026-09-13T20:50:08.871191+00:00,4.475761990000024,3.094908191998911,0.07689164299961249,0.15999486700002308,96512,2068984,298bd7d41713b36fe7bde8986f5cab2ab011cf7ac9c2530625d9bdb7aebdd9b7,
baseline_validation_control_009,baseline,validation,1711408325,1,completed,210857.0,719,"[""DONE"", ""DONE""]","[3000.0, 210857.0]","[3000.0, 210857.0]",a6a45ee3738b79ce7982ef1fe07059754da714ab50ec3593f93f6fb8604c90b2,records/baseline_validation_control.source_manifest.json,174ba2ad749cb3213a72a03302ef50b08a37a579848ba922bde132a19b8b6c23,2026-09-13T20:50:05.081667+00:00,2026-09-13T20:50:09.514784+00:00,4.433123498999976,3.03683496699864,0.07689386999868475,0.1669809360000727,96888,2069312,9896dc17a85af799066fa982bb447645f754099f7b9726082316184e18db40de,
baseline_validation_control_010,baseline,validation,2045429545,0,completed,207731.0,719,"[""DONE"", ""DONE""]","[207731.0, 3000.0]","[207731.0, 3000.0]",a6a45ee3738b79ce7982ef1fe07059754da714ab50ec3593f93f6fb8604c90b2,records/baseline_validation_control.source_manifest.json,174ba2ad749cb3213a72a03302ef50b08a37a579848ba922bde132a19b8b6c23,2026-09-13T20:50:08.873443+00:00,2026-09-13T20:50:13.317922+00:00,4.44448579699997,3.028451175000214,0.07786728599876369,0.14659546300003967,96620,2136208,12d683626d64aca09ac041b99e16de3677f056053586a39ae48aee511c06ceec,
baseline_validation_control_011,baseline,validation,2045429545,1,completed,250811.0,719,"[""DONE"", ""DONE""]","[3000.0, 250811.0]","[3000.0, 250811.0]",a6a45ee3738b79ce7982ef1fe07059754da714ab50ec3593f93f6fb8604c90b2,records/baseline_validation_control.source_manifest.json,174ba2ad749cb3213a72a03302ef50b08a37a579848ba922bde132a19b8b6c23,2026-09-13T20:50:09.516944+00:00,2026-09-13T20:50:14.144876+00:00,4.627939799000046,3.1751302549990896,0.07464556600211836,0.16848816999993232,97000,2212799,38fe5d93d349121ce70d45512602b5221ee01425a9f7700817f59ed751c37df8,
baseline_validation_control_012,baseline,validation,485176734,0,completed,227789.0,719,"[""DONE"", ""DONE""]","[227789.0, 3000.0]","[227789.0, 3000.0]",a6a45ee3738b79ce7982ef1fe07059754da714ab50ec3593f93f6fb8604c90b2,records/baseline_validation_control.source_manifest.json,174ba2ad749cb3213a72a03302ef50b08a37a579848ba922bde132a19b8b6c23,2026-09-13T20:50:13.320489+00:00,2026-09-13T20:50:17.863139+00:00,4.5426563270000315,3.1122532900011493,0.07708346299887125,0.17366147100005946,96988,2165960,fdd0ee17edc2fcc559222cbb2f2efe689647f656ef1c2cb4247d986a13af5a16,
baseline_validation_control_013,baseline,validation,485176734,1,completed,175385.0,719,"[""DONE"", ""DONE""]","[3000.0, 175385.0]","[3000.0, 175385.0]",a6a45ee3738b79ce7982ef1fe07059754da714ab50ec3593f93f6fb8604c90b2,records/baseline_validation_control.source_manifest.json,174ba2ad749cb3213a72a03302ef50b08a37a579848ba922bde132a19b8b6c23,2026-09-13T20:50:14.147158+00:00,2026-09-13T20:50:18.231071+00:00,4.083918224000058,2.6944678990008697,0.0736048500010611,0.12804251500006103,97244,2163766,73615d1c8d785e3b02dfa9f3b5609a93511db1d837ea7f2a5eb4d4ae297a4956,
baseline_validation_control_014,baseline,validation,1779781600,0,completed,245890.0,719,"[""DONE"", ""DONE""]","[245890.0, 3000.0]","[245890.0, 3000.0]",a6a45ee3738b79ce7982ef1fe07059754da714ab50ec3593f93f6fb8604c90b2,records/baseline_validation_control.source_manifest.json,174ba2ad749cb3213a72a03302ef50b08a37a579848ba922bde132a19b8b6c23,2026-09-13T20:50:17.865491+00:00,2026-09-13T20:50:22.463536+00:00,4.5980512670000735,3.137537372001475,0.08033367000052749,0.1765800879999233,97024,2151799,6fc09ce907f30a764fe6cfd2fa486a62d179644f1f8a39904492eb121b73502b,
baseline_validation_control_015,baseline,validation,1779781600,1,completed,245104.0,719,"[""DONE"", ""DONE""]","[3000.0, 245104.0]","[3000.0, 245104.0]",a6a45ee3738b79ce7982ef1fe07059754da714ab50ec3593f93f6fb8604c90b2,records/baseline_validation_control.source_manifest.json,174ba2ad749cb3213a72a03302ef50b08a37a579848ba922bde132a19b8b6c23,2026-09-13T20:50:18.233265+00:00,2026-09-13T20:50:22.535666+00:00,4.302407754000001,2.926014342001281,0.07177111299904482,0.15912094400005117,97244,2168596,6fcb61bb73e558be9e3f186c098e180166d6017fcc61ddd820d883dbdbd3b8bd,
baseline_validation_control_016,baseline,validation,448775766,0,completed,191546.0,719,"[""DONE"", ""DONE""]","[191546.0, 3000.0]","[191546.0, 3000.0]",a6a45ee3738b79ce7982ef1fe07059754da714ab50ec3593f93f6fb8604c90b2,records/baseline_validation_control.source_manifest.json,174ba2ad749cb3213a72a03302ef50b08a37a579848ba922bde132a19b8b6c23,2026-09-13T20:50:22.465747+00:00,2026-09-13T20:50:26.892569+00:00,4.426829648999956,3.0179064279985823,0.0742854119984031,0.18321816700006366,97024,2166169,f928eb599737679ff8b0db3ff6666b9e5ecc46f49781e68f887131dfdc958d03,
baseline_validation_control_017,baseline,validation,448775766,1,completed,191546.0,719,"[""DONE"", ""DONE""]","[3000.0, 191546.0]","[3000.0, 191546.0]",a6a45ee3738b79ce7982ef1fe07059754da714ab50ec3593f93f6fb8604c90b2,records/baseline_validation_control.source_manifest.json,174ba2ad749cb3213a72a03302ef50b08a37a579848ba922bde132a19b8b6c23,2026-09-13T20:50:22.538052+00:00,2026-09-13T20:50:27.089776+00:00,4.551730076999888,3.0987002280002116,0.08165634199929173,0.18278365100002247,97532,2174883,1808fa219ab15c4c79cf8d0a5ce469f277727089ff32d439d6d69db5479adba6,
baseline_validation_control_018,baseline,validation,152444530,0,completed,191745.0,719,"[""DONE"", ""DONE""]","[191745.0, 3000.0]","[191745.0, 3000.0]",a6a45ee3738b79ce7982ef1fe07059754da714ab50ec3593f93f6fb8604c90b2,records/baseline_validation_control.source_manifest.json,174ba2ad749cb3213a72a03302ef50b08a37a579848ba922bde132a19b8b6c23,2026-09-13T20:50:26.894929+00:00,2026-09-13T20:50:30.685279+00:00,3.790353808999953,2.5798847180011535,0.07208839699978853,0.13384533499993267,97024,1805710,aee882b73d655acfcd24639350da285a95ae5bcea2c56092996a7720d8c9041f,
baseline_validation_control_019,baseline,validation,152444530,1,completed,188782.0,719,"[""DONE"", ""DONE""]","[3000.0, 188782.0]","[3000.0, 188782.0]",a6a45ee3738b79ce7982ef1fe07059754da714ab50ec3593f93f6fb8604c90b2,records/baseline_validation_control.source_manifest.json,174ba2ad749cb3213a72a03302ef50b08a37a579848ba922bde132a19b8b6c23,2026-09-13T20:50:27.092175+00:00,2026-09-13T20:50:30.833877+00:00,3.741708944000038,2.545545019001338,0.07127897400107486,0.12375248500006819,97532,1791972,696dba7c75e42636edb93909c7b7bc87d2859f6cedb98cb91466dd4e8ec36326,
baseline_validation_control_020,baseline,validation,27203150,0,completed,168837.0,719,"[""DONE"", ""DONE""]","[168837.0, 3000.0]","[168837.0, 3000.0]",a6a45ee3738b79ce7982ef1fe07059754da714ab50ec3593f93f6fb8604c90b2,records/baseline_validation_control.source_manifest.json,174ba2ad749cb3213a72a03302ef50b08a37a579848ba922bde132a19b8b6c23,2026-09-13T20:50:30.687197+00:00,2026-09-13T20:50:34.869665+00:00,4.182474304999914,2.822220058000198,0.07403158999932202,0.16622686999994585,97280,2109530,c55910cb5877109ee24169e50188ecb8da275d1e68e972cca970c00f43fdd412,
baseline_validation_control_021,baseline,validation,27203150,1,completed,168837.0,719,"[""DONE"", ""DONE""]","[3000.0, 168837.0]","[3000.0, 168837.0]",a6a45ee3738b79ce7982ef1fe07059754da714ab50ec3593f93f6fb8604c90b2,records/baseline_validation_control.source_manifest.json,174ba2ad749cb3213a72a03302ef50b08a37a579848ba922bde132a19b8b6c23,2026-09-13T20:50:30.835842+00:00,2026-09-13T20:50:34.894943+00:00,4.059108167999966,2.73926437900127,0.07146761699982562,0.16336803499996222,97600,2116346,8381a78fb3e41ef391f5e32046ca29143e42fb040f801093a67934ba4ebb0e25,
baseline_validation_control_022,baseline,validation,1134495508,0,completed,188609.0,719,"[""DONE"", ""DONE""]","[188609.0, 3000.0]","[188609.0, 3000.0]",a6a45ee3738b79ce7982ef1fe07059754da714ab50ec3593f93f6fb8604c90b2,records/baseline_validation_control.source_manifest.json,174ba2ad749cb3213a72a03302ef50b08a37a579848ba922bde132a19b8b6c23,2026-09-13T20:50:34.871837+00:00,2026-09-13T20:50:39.043829+00:00,4.171995082999956,2.7929907170002934,0.07467690300165941,0.15850815200008128,97364,2127271,e425a03ec760482d63f58a9820a5948ff31e45a05908275abb02163f24056cb7,
baseline_validation_control_023,baseline,validation,1134495508,1,completed,188609.0,719,"[""DONE"", ""DONE""]","[3000.0, 188609.0]","[3000.0, 188609.0]",a6a45ee3738b79ce7982ef1fe07059754da714ab50ec3593f93f6fb8604c90b2,records/baseline_validation_control.source_manifest.json,174ba2ad749cb3213a72a03302ef50b08a37a579848ba922bde132a19b8b6c23,2026-09-13T20:50:34.897116+00:00,2026-09-13T20:50:39.132393+00:00,4.235284389999947,2.816769512999713,0.074198161999675,0.1483864330000415,98040,2147888,1b3527e12885fb1cb5f35d4dd9e0a4e37e4a0c8f5c296d0b898bfe128ea4280f,
baseline_validation_control_024,baseline,validation,1646840257,0,completed,173129.0,719,"[""DONE"", ""DONE""]","[173129.0, 3000.0]","[173129.0, 3000.0]",a6a45ee3738b79ce7982ef1fe07059754da714ab50ec3593f93f6fb8604c90b2,records/baseline_validation_control.source_manifest.json,174ba2ad749cb3213a72a03302ef50b08a37a579848ba922bde132a19b8b6c23,2026-09-13T20:50:39.046088+00:00,2026-09-13T20:50:43.506473+00:00,4.460396922999962,3.1114059520014052,0.0747090990015522,0.1665623860000096,97376,2086360,a281e9db4ee9ac5f6433efd704ecce3246de883bb7b4c7847c301a20ca586e5a,
baseline_validation_control_025,baseline,validation,1646840257,1,completed,190285.0,719,"[""DONE"", ""DONE""]","[3000.0, 190285.0]","[3000.0, 190285.0]",a6a45ee3738b79ce7982ef1fe07059754da714ab50ec3593f93f6fb8604c90b2,records/baseline_validation_control.source_manifest.json,174ba2ad749cb3213a72a03302ef50b08a37a579848ba922bde132a19b8b6c23,2026-09-13T20:50:39.135017+00:00,2026-09-13T20:50:43.743038+00:00,4.608024930999932,3.1575825889997304,0.07758504500168328,0.16047761000004357,98040,2130510,6c1f9da8b7842c5d3ac160f32f20082b600e830fd1c565c909c9909e28f04a60,
baseline_validation_control_026,baseline,validation,1596197925,0,completed,143330.0,719,"[""DONE"", ""DONE""]","[143330.0, 3000.0]","[143330.0, 3000.0]",a6a45ee3738b79ce7982ef1fe07059754da714ab50ec3593f93f6fb8604c90b2,records/baseline_validation_control.source_manifest.json,174ba2ad749cb3213a72a03302ef50b08a37a579848ba922bde132a19b8b6c23,2026-09-13T20:50:43.511406+00:00,2026-09-13T20:50:47.802565+00:00,4.291164184999957,2.898254309999402,0.0740645019988051,0.12757719599994743,97472,2154603,e7b32a9f9814346299efd40d2f922eeaf89cf3069311088baa4b37dddbc88a7e,
baseline_validation_control_027,baseline,validation,1596197925,1,completed,187364.0,719,"[""DONE"", ""DONE""]","[3000.0, 187364.0]","[3000.0, 187364.0]",a6a45ee3738b79ce7982ef1fe07059754da714ab50ec3593f93f6fb8604c90b2,records/baseline_validation_control.source_manifest.json,174ba2ad749cb3213a72a03302ef50b08a37a579848ba922bde132a19b8b6c23,2026-09-13T20:50:43.745627+00:00,2026-09-13T20:50:47.859670+00:00,4.1140496670000175,2.7943116250003186,0.07314129399958347,0.17246441999998297,98068,2028817,b664b495c76ebf7d58f6a232a964c912d6949ae7e6fde5bc8ac46a1c25971bb8,
baseline_validation_control_028,baseline,validation,541654222,0,completed,237462.0,719,"[""DONE"", ""DONE""]","[237462.0, 3000.0]","[237462.0, 3000.0]",a6a45ee3738b79ce7982ef1fe07059754da714ab50ec3593f93f6fb8604c90b2,records/baseline_validation_control.source_manifest.json,174ba2ad749cb3213a72a03302ef50b08a37a579848ba922bde132a19b8b6c23,2026-09-13T20:50:47.804872+00:00,2026-09-13T20:50:51.825857+00:00,4.020992363999994,2.696423782999773,0.07397115700030099,0.13066487899993717,97472,2096640,c6dd997cc58207b4845cdeb1a6c7f196587142e74de895846b6edb3af6727b87,
baseline_validation_control_029,baseline,validation,541654222,1,completed,182038.0,719,"[""DONE"", ""DONE""]","[3000.0, 182038.0]","[3000.0, 182038.0]",a6a45ee3738b79ce7982ef1fe07059754da714ab50ec3593f93f6fb8604c90b2,records/baseline_validation_control.source_manifest.json,174ba2ad749cb3213a72a03302ef50b08a37a579848ba922bde132a19b8b6c23,2026-09-13T20:50:47.862089+00:00,2026-09-13T20:50:52.069429+00:00,4.207344901000056,2.8197373109998125,0.07292570299966883,0.164978180999924,98068,2188082,7fb53f809d5130776fd3205b9afc5868f28e7e3a1d5e5e13c4cdfe1abc1a0972,
baseline_validation_control_030,baseline,validation,2078381254,0,completed,210073.0,719,"[""DONE"", ""DONE""]","[210073.0, 3000.0]","[210073.0, 3000.0]",a6a45ee3738b79ce7982ef1fe07059754da714ab50ec3593f93f6fb8604c90b2,records/baseline_validation_control.source_manifest.json,174ba2ad749cb3213a72a03302ef50b08a37a579848ba922bde132a19b8b6c23,2026-09-13T20:50:51.828023+00:00,2026-09-13T20:50:55.968361+00:00,4.140345496000009,2.7957209730008117,0.07203056300045318,0.15927253199993174,97792,1986803,49b614606c07da5bad5a8ab4cecf9b6fde0e719db0436fc17b584fd0b0984350,
baseline_validation_control_031,baseline,validation,2078381254,1,completed,220321.0,719,"[""DONE"", ""DONE""]","[3000.0, 220321.0]","[3000.0, 220321.0]",a6a45ee3738b79ce7982ef1fe07059754da714ab50ec3593f93f6fb8604c90b2,records/baseline_validation_control.source_manifest.json,174ba2ad749cb3213a72a03302ef50b08a37a579848ba922bde132a19b8b6c23,2026-09-13T20:50:52.071674+00:00,2026-09-13T20:50:56.531367+00:00,4.4596999979999055,2.99758230600321,0.07245610299764849,0.15703608800004076,98068,2179295,5d588463647141ac80bb7bf783b756d3e130026c7d37b4d33d20374c7fdc5799,
batch_cashflow_development_000,batch_cashflow,development,1652205610,0,completed,224660.0,719,"[""DONE"", ""DONE""]","[224660.0, 3000.0]","[224660.0, 3000.0]",d6faa5e87590f10301ad76c79547facd797dcd48e1bae37e5aa0ef5f55a9c1ee,records/batch_cashflow_development.source_manifest.json,100d7bf4e8811a2460a7bff2b4b0d4d38b11b3c5b27ef57cb9af51bab6abb14d,2026-09-13T20:44:13.143879+00:00,2026-09-13T20:44:17.317524+00:00,4.1736026689999335,2.7396308709995765,0.07559676899995793,0.1442508090000274,94944,2146017,e8012976d959e32cbc235c70060a561df1825885acf1f566515744e162c1a3ea,
batch_cashflow_development_001,batch_cashflow,development,1652205610,1,completed,224660.0,719,"[""DONE"", ""DONE""]","[3000.0, 224660.0]","[3000.0, 224660.0]",d6faa5e87590f10301ad76c79547facd797dcd48e1bae37e5aa0ef5f55a9c1ee,records/batch_cashflow_development.source_manifest.json,100d7bf4e8811a2460a7bff2b4b0d4d38b11b3c5b27ef57cb9af51bab6abb14d,2026-09-13T20:44:13.143913+00:00,2026-09-13T20:44:17.231130+00:00,4.087194228000044,2.6676563369999258,0.08265252300031989,0.14478509599996414,94924,2165321,1fdc463af05be65805977fa3e4ac38c684452efa31a52f0c39842481306ecc54,
batch_cashflow_development_002,batch_cashflow,development,979746784,0,completed,177506.0,719,"[""DONE"", ""DONE""]","[177506.0, 3000.0]","[177506.0, 3000.0]",d6faa5e87590f10301ad76c79547facd797dcd48e1bae37e5aa0ef5f55a9c1ee,records/batch_cashflow_development.source_manifest.json,100d7bf4e8811a2460a7bff2b4b0d4d38b11b3c5b27ef57cb9af51bab6abb14d,2026-09-13T20:44:17.233526+00:00,2026-09-13T20:44:21.409055+00:00,4.175529804000007,2.7688132489977306,0.07400023799959854,0.168365730000005,95660,2188504,48167387c4b96378b96239fb7933b429a7be50daf8674ea4eec3a7433b47b4ed,
batch_cashflow_development_003,batch_cashflow,development,979746784,1,completed,177506.0,719,"[""DONE"", ""DONE""]","[3000.0, 177506.0]","[3000.0, 177506.0]",d6faa5e87590f10301ad76c79547facd797dcd48e1bae37e5aa0ef5f55a9c1ee,records/batch_cashflow_development.source_manifest.json,100d7bf4e8811a2460a7bff2b4b0d4d38b11b3c5b27ef57cb9af51bab6abb14d,2026-09-13T20:44:17.319862+00:00,2026-09-13T20:44:21.474428+00:00,4.154579319999925,2.761767637999924,0.07265041300024677,0.1684729730000072,95808,2204638,36d78bf71686f9caeabbfec810ce1d0bb9fb548f6cbbdb65163af994c707423d,
batch_cashflow_development_004,batch_cashflow,development,1948729637,0,completed,226009.0,719,"[""DONE"", ""DONE""]","[226009.0, 3000.0]","[226009.0, 3000.0]",d6faa5e87590f10301ad76c79547facd797dcd48e1bae37e5aa0ef5f55a9c1ee,records/batch_cashflow_development.source_manifest.json,100d7bf4e8811a2460a7bff2b4b0d4d38b11b3c5b27ef57cb9af51bab6abb14d,2026-09-13T20:44:21.411546+00:00,2026-09-13T20:44:25.424914+00:00,4.013365404000069,2.6573683740028855,0.07562510099762676,0.1439994630000001,95724,2126031,556a6882ff4ecf8e934c26f9078dd6f3a3da287937871b3634d6a0b4c42aacc0,
batch_cashflow_development_005,batch_cashflow,development,1948729637,1,completed,201100.0,719,"[""DONE"", ""DONE""]","[3000.0, 201100.0]","[3000.0, 201100.0]",d6faa5e87590f10301ad76c79547facd797dcd48e1bae37e5aa0ef5f55a9c1ee,records/batch_cashflow_development.source_manifest.json,100d7bf4e8811a2460a7bff2b4b0d4d38b11b3c5b27ef57cb9af51bab6abb14d,2026-09-13T20:44:21.476782+00:00,2026-09-13T20:44:25.356600+00:00,3.879824998999993,2.5533229050009822,0.07051524999894809,0.143016940999928,95872,2166344,f84c646c5eb39923869306cd3d874377524cf1ee9eca8fd5a2cafd7bd5881869,
batch_cashflow_development_006,batch_cashflow,development,1514191294,0,completed,250161.0,719,"[""DONE"", ""DONE""]","[250161.0, 3000.0]","[250161.0, 3000.0]",d6faa5e87590f10301ad76c79547facd797dcd48e1bae37e5aa0ef5f55a9c1ee,records/batch_cashflow_development.source_manifest.json,100d7bf4e8811a2460a7bff2b4b0d4d38b11b3c5b27ef57cb9af51bab6abb14d,2026-09-13T20:44:25.358902+00:00,2026-09-13T20:44:29.421609+00:00,4.062706600999945,2.665639261998649,0.07594274900043274,0.1455999789999396,96244,2074445,f364c444ae7ee5a8ca6147a66e8eee1de0c2523a2c8ab0b4a7cf0bead0ea29c8,
batch_cashflow_development_007,batch_cashflow,development,1514191294,1,completed,250161.0,719,"[""DONE"", ""DONE""]","[3000.0, 250161.0]","[3000.0, 250161.0]",d6faa5e87590f10301ad76c79547facd797dcd48e1bae37e5aa0ef5f55a9c1ee,records/batch_cashflow_development.source_manifest.json,100d7bf4e8811a2460a7bff2b4b0d4d38b11b3c5b27ef57cb9af51bab6abb14d,2026-09-13T20:44:25.427335+00:00,2026-09-13T20:44:29.502751+00:00,4.075421103000053,2.7112529239991545,0.07650182200040945,0.1539450030001035,95980,2089988,383a0a62ba1c4d981a9d2c1f55981e0a2baf6ce4ef7ffc9128ce0a1b9ebdd211,
batch_cashflow_development_008,batch_cashflow,development,833126169,0,completed,195929.0,719,"[""DONE"", ""DONE""]","[195929.0, 3000.0]","[195929.0, 3000.0]",d6faa5e87590f10301ad76c79547facd797dcd48e1bae37e5aa0ef5f55a9c1ee,records/batch_cashflow_development.source_manifest.json,100d7bf4e8811a2460a7bff2b4b0d4d38b11b3c5b27ef57cb9af51bab6abb14d,2026-09-13T20:44:29.423909+00:00,2026-09-13T20:44:33.495821+00:00,4.071916861999966,2.745950084000924,0.07411788900083138,0.19668443300008676,96560,2049529,f33e972ff2073359a9ba8fa095bec40c3267acf9b04b7017bbc2e5eda23e1124,
batch_cashflow_development_009,batch_cashflow,development,833126169,1,completed,195929.0,719,"[""DONE"", ""DONE""]","[3000.0, 195929.0]","[3000.0, 195929.0]",d6faa5e87590f10301ad76c79547facd797dcd48e1bae37e5aa0ef5f55a9c1ee,records/batch_cashflow_development.source_manifest.json,100d7bf4e8811a2460a7bff2b4b0d4d38b11b3c5b27ef57cb9af51bab6abb14d,2026-09-13T20:44:29.505308+00:00,2026-09-13T20:44:33.537063+00:00,4.0317619240000795,2.70153008699765,0.07480888700035848,0.20288536399993973,96020,2055721,99bfd3f9178ccaa6953508b2c3a9a619fb9da84739a94e67be20d8c4a9cb9048,
batch_cashflow_development_010,batch_cashflow,development,1715028217,0,completed,205614.0,719,"[""DONE"", ""DONE""]","[205614.0, 3000.0]","[205614.0, 3000.0]",d6faa5e87590f10301ad76c79547facd797dcd48e1bae37e5aa0ef5f55a9c1ee,records/batch_cashflow_development.source_manifest.json,100d7bf4e8811a2460a7bff2b4b0d4d38b11b3c5b27ef57cb9af51bab6abb14d,2026-09-13T20:44:33.498073+00:00,2026-09-13T20:44:37.259378+00:00,3.7613121699999965,2.4228748339971844,0.07412987399970916,0.15940634700007195,96560,2069093,a8e386c367fc529c4eaedc828427d4dde164cfc4f3679f542be6795472cf2b7d,
batch_cashflow_development_011,batch_cashflow,development,1715028217,1,completed,205614.0,719,"[""DONE"", ""DONE""]","[3000.0, 205614.0]","[3000.0, 205614.0]",d6faa5e87590f10301ad76c79547facd797dcd48e1bae37e5aa0ef5f55a9c1ee,records/batch_cashflow_development.source_manifest.json,100d7bf4e8811a2460a7bff2b4b0d4d38b11b3c5b27ef57cb9af51bab6abb14d,2026-09-13T20:44:33.539323+00:00,2026-09-13T20:44:37.290771+00:00,3.751454727999999,2.4235217979970685,0.07443010600161415,0.16132029300001705,96332,2077397,3ca29b9a3e1ab7b40c2eacf4385ebc3fd3c97d7949a5c4131188327e428cff37,
batch_cashflow_development_012,batch_cashflow,development,766857369,0,completed,206234.0,719,"[""DONE"", ""DONE""]","[206234.0, 3000.0]","[206234.0, 3000.0]",d6faa5e87590f10301ad76c79547facd797dcd48e1bae37e5aa0ef5f55a9c1ee,records/batch_cashflow_development.source_manifest.json,100d7bf4e8811a2460a7bff2b4b0d4d38b11b3c5b27ef57cb9af51bab6abb14d,2026-09-13T20:44:37.261622+00:00,2026-09-13T20:44:41.418112+00:00,4.156496019999963,2.7837677719991234,0.0711059410003827,0.16884483199999067,96704,2194024,c882a04821dd1367d02e2fc872aac60e413a5673eecf73149d1371fa934ebcc0,
batch_cashflow_development_013,batch_cashflow,development,766857369,1,completed,206234.0,719,"[""DONE"", ""DONE""]","[3000.0, 206234.0]","[3000.0, 206234.0]",d6faa5e87590f10301ad76c79547facd797dcd48e1bae37e5aa0ef5f55a9c1ee,records/batch_cashflow_development.source_manifest.json,100d7bf4e8811a2460a7bff2b4b0d4d38b11b3c5b27ef57cb9af51bab6abb14d,2026-09-13T20:44:37.293009+00:00,2026-09-13T20:44:41.394924+00:00,4.101921817999937,2.740400687000374,0.06954401000041344,0.159944241000062,96372,2209552,49a1ff259f19311f0bc75886404c849887d028a7ad64b942cc5f02c98f5e2d62,
batch_cashflow_development_014,batch_cashflow,development,1387052231,0,completed,242448.0,719,"[""DONE"", ""DONE""]","[242448.0, 3000.0]","[242448.0, 3000.0]",d6faa5e87590f10301ad76c79547facd797dcd48e1bae37e5aa0ef5f55a9c1ee,records/batch_cashflow_development.source_manifest.json,100d7bf4e8811a2460a7bff2b4b0d4d38b11b3c5b27ef57cb9af51bab6abb14d,2026-09-13T20:44:41.397327+00:00,2026-09-13T20:44:45.417116+00:00,4.019795999000053,2.6622964250018413,0.07242834399653475,0.12715561699997124,96372,2107012,d33abd48981ad33bf9df2b69538ad190f4c031ae9d85bd2bf14c92e985391e69,
batch_cashflow_development_015,batch_cashflow,development,1387052231,1,completed,235558.0,719,"[""DONE"", ""DONE""]","[3000.0, 235558.0]","[3000.0, 235558.0]",d6faa5e87590f10301ad76c79547facd797dcd48e1bae37e5aa0ef5f55a9c1ee,records/batch_cashflow_development.source_manifest.json,100d7bf4e8811a2460a7bff2b4b0d4d38b11b3c5b27ef57cb9af51bab6abb14d,2026-09-13T20:44:41.420582+00:00,2026-09-13T20:44:45.459010+00:00,4.038436264999973,2.67163985499883,0.07224700600045253,0.12900067800001125,96704,2123717,51ea3dc1f41e9f558f657a8b995225b9833e5176066e8723d6ecacd9452c54e4,
batch_cashflow_development_016,batch_cashflow,development,1459327281,0,completed,264537.0,719,"[""DONE"", ""DONE""]","[264537.0, 3000.0]","[264537.0, 3000.0]",d6faa5e87590f10301ad76c79547facd797dcd48e1bae37e5aa0ef5f55a9c1ee,records/batch_cashflow_development.source_manifest.json,100d7bf4e8811a2460a7bff2b4b0d4d38b11b3c5b27ef57cb9af51bab6abb14d,2026-09-13T20:44:45.419464+00:00,2026-09-13T20:44:49.523480+00:00,4.104024072000016,2.7412657430011222,0.07322746499903587,0.17090285099993707,96832,2158569,30fd54b30ca722a0ca81261219dde8a41c815f61df0ddf9700723659a7fb48a7,
batch_cashflow_development_017,batch_cashflow,development,1459327281,1,completed,264537.0,719,"[""DONE"", ""DONE""]","[3000.0, 264537.0]","[3000.0, 264537.0]",d6faa5e87590f10301ad76c79547facd797dcd48e1bae37e5aa0ef5f55a9c1ee,records/batch_cashflow_development.source_manifest.json,100d7bf4e8811a2460a7bff2b4b0d4d38b11b3c5b27ef57cb9af51bab6abb14d,2026-09-13T20:44:45.461388+00:00,2026-09-13T20:44:49.643360+00:00,4.1819794200000615,2.800222831000042,0.0741150880008945,0.175574058000052,96704,2170600,6b5d3f635f2637cab319d48904d8d67c083b069fc27262b364b8d08ae7ac9e7f,
batch_cashflow_development_018,batch_cashflow,development,1175089851,0,completed,164265.0,719,"[""DONE"", ""DONE""]","[164265.0, 3000.0]","[164265.0, 3000.0]",d6faa5e87590f10301ad76c79547facd797dcd48e1bae37e5aa0ef5f55a9c1ee,records/batch_cashflow_development.source_manifest.json,100d7bf4e8811a2460a7bff2b4b0d4d38b11b3c5b27ef57cb9af51bab6abb14d,2026-09-13T20:44:49.525945+00:00,2026-09-13T20:44:53.580186+00:00,4.054245698999921,2.7167079030009518,0.07337882100057413,0.15400361499996507,96960,2086170,7b8cdc49b788f35f9847ec825aa45beb218827980ee0e17df098d88a4723b95f,
batch_cashflow_development_019,batch_cashflow,development,1175089851,1,completed,164725.0,719,"[""DONE"", ""DONE""]","[3000.0, 164725.0]","[3000.0, 164725.0]",d6faa5e87590f10301ad76c79547facd797dcd48e1bae37e5aa0ef5f55a9c1ee,records/batch_cashflow_development.source_manifest.json,100d7bf4e8811a2460a7bff2b4b0d4d38b11b3c5b27ef57cb9af51bab6abb14d,2026-09-13T20:44:49.645755+00:00,2026-09-13T20:44:53.779272+00:00,4.133524761999979,2.7346564709972654,0.07556459399972937,0.13795615699996233,96912,2071298,63160427eb2f3fd173d2e452bafe63aa4eeef573dbaa7c5b8bb2c6d7e7b7e8f9,
batch_cashflow_development_020,batch_cashflow,development,1138364143,0,completed,149015.0,719,"[""DONE"", ""DONE""]","[149015.0, 3000.0]","[149015.0, 3000.0]",d6faa5e87590f10301ad76c79547facd797dcd48e1bae37e5aa0ef5f55a9c1ee,records/batch_cashflow_development.source_manifest.json,100d7bf4e8811a2460a7bff2b4b0d4d38b11b3c5b27ef57cb9af51bab6abb14d,2026-09-13T20:44:53.582481+00:00,2026-09-13T20:44:57.813846+00:00,4.23137146800002,2.8372899380000263,0.07529804799935391,0.1673760639999955,97156,2183317,b4a757e0081eb0cb6072b7895db3e753a8a83b1da683d1686cae4ec994e642d7,
batch_cashflow_development_021,batch_cashflow,development,1138364143,1,completed,147725.0,719,"[""DONE"", ""DONE""]","[3000.0, 147725.0]","[3000.0, 147725.0]",d6faa5e87590f10301ad76c79547facd797dcd48e1bae37e5aa0ef5f55a9c1ee,records/batch_cashflow_development.source_manifest.json,100d7bf4e8811a2460a7bff2b4b0d4d38b11b3c5b27ef57cb9af51bab6abb14d,2026-09-13T20:44:53.781576+00:00,2026-09-13T20:44:58.083499+00:00,4.301930268999968,2.8339325810010223,0.07965151099949708,0.16139572699989913,97216,2202587,0bf7367b5ed8c03c7731bb43b8ba6750113ebc3e6a09753889a1ef8c2a646197,
batch_cashflow_development_022,batch_cashflow,development,1722159489,0,completed,157180.0,719,"[""DONE"", ""DONE""]","[157180.0, 3000.0]","[157180.0, 3000.0]",d6faa5e87590f10301ad76c79547facd797dcd48e1bae37e5aa0ef5f55a9c1ee,records/batch_cashflow_development.source_manifest.json,100d7bf4e8811a2460a7bff2b4b0d4d38b11b3c5b27ef57cb9af51bab6abb14d,2026-09-13T20:44:57.816286+00:00,2026-09-13T20:45:01.988436+00:00,4.172156604000065,2.814837784999554,0.07883772599871008,0.16752284699998654,97156,2134461,289b7f392475a1d80db1d7d3401ee209bd21d597ae08af986d049c7491569428,
batch_cashflow_development_023,batch_cashflow,development,1722159489,1,completed,154189.0,719,"[""DONE"", ""DONE""]","[3000.0, 154189.0]","[3000.0, 154189.0]",d6faa5e87590f10301ad76c79547facd797dcd48e1bae37e5aa0ef5f55a9c1ee,records/batch_cashflow_development.source_manifest.json,100d7bf4e8811a2460a7bff2b4b0d4d38b11b3c5b27ef57cb9af51bab6abb14d,2026-09-13T20:44:58.085842+00:00,2026-09-13T20:45:02.327928+00:00,4.242092674999981,2.8332232869994414,0.07537478900019323,0.1807841400000143,97216,2169235,798f188fc9d39d5cc6fe1f8eb272ea1227d39260452d36ebb2b0512bfc2bf2ac,
batch_cashflow_development_024,batch_cashflow,development,979914492,0,completed,215466.0,719,"[""DONE"", ""DONE""]","[215466.0, 3000.0]","[215466.0, 3000.0]",d6faa5e87590f10301ad76c79547facd797dcd48e1bae37e5aa0ef5f55a9c1ee,records/batch_cashflow_development.source_manifest.json,100d7bf4e8811a2460a7bff2b4b0d4d38b11b3c5b27ef57cb9af51bab6abb14d,2026-09-13T20:45:01.990803+00:00,2026-09-13T20:45:06.402909+00:00,4.412112962000037,2.916201912999668,0.08020518700095636,0.17026831100008621,97308,2197336,72ca06163538586d77295bc2d70f26c406d785c113135bfdf100c5fc76d1c479,
batch_cashflow_development_025,batch_cashflow,development,979914492,1,completed,215466.0,719,"[""DONE"", ""DONE""]","[3000.0, 215466.0]","[3000.0, 215466.0]",d6faa5e87590f10301ad76c79547facd797dcd48e1bae37e5aa0ef5f55a9c1ee,records/batch_cashflow_development.source_manifest.json,100d7bf4e8811a2460a7bff2b4b0d4d38b11b3c5b27ef57cb9af51bab6abb14d,2026-09-13T20:45:02.330259+00:00,2026-09-13T20:45:06.803754+00:00,4.473501696000085,2.909985940999263,0.08131585000103314,0.1538591160000351,97272,2209525,71e92f219dbc07bede6fb45a6c8400801a3cd2b2e4ede8d0d70348c51264bc8f,
batch_cashflow_development_026,batch_cashflow,development,1421711696,0,completed,197379.0,719,"[""DONE"", ""DONE""]","[197379.0, 3000.0]","[197379.0, 3000.0]",d6faa5e87590f10301ad76c79547facd797dcd48e1bae37e5aa0ef5f55a9c1ee,records/batch_cashflow_development.source_manifest.json,100d7bf4e8811a2460a7bff2b4b0d4d38b11b3c5b27ef57cb9af51bab6abb14d,2026-09-13T20:45:06.405832+00:00,2026-09-13T20:45:10.717195+00:00,4.311365698000031,2.889347615001384,0.07598946299970066,0.15216252900006566,97428,2197775,8c2a8eeefa4bcf1d9392039ca3e4e7e8e257fe59fb85c133c7276221313b2ac1,
batch_cashflow_development_027,batch_cashflow,development,1421711696,1,completed,197379.0,719,"[""DONE"", ""DONE""]","[3000.0, 197379.0]","[3000.0, 197379.0]",d6faa5e87590f10301ad76c79547facd797dcd48e1bae37e5aa0ef5f55a9c1ee,records/batch_cashflow_development.source_manifest.json,100d7bf4e8811a2460a7bff2b4b0d4d38b11b3c5b27ef57cb9af51bab6abb14d,2026-09-13T20:45:06.806100+00:00,2026-09-13T20:45:11.114764+00:00,4.308671973999935,2.8963278839991062,0.0743499170018822,0.1563644469999872,97344,2207686,044b3612186e58adacbb8b7dfbddc1e00a1f38feedb4155febc2364f8c466cc6,
batch_cashflow_development_028,batch_cashflow,development,28576209,0,completed,177658.0,719,"[""DONE"", ""DONE""]","[177658.0, 3000.0]","[177658.0, 3000.0]",d6faa5e87590f10301ad76c79547facd797dcd48e1bae37e5aa0ef5f55a9c1ee,records/batch_cashflow_development.source_manifest.json,100d7bf4e8811a2460a7bff2b4b0d4d38b11b3c5b27ef57cb9af51bab6abb14d,2026-09-13T20:45:10.719522+00:00,2026-09-13T20:45:15.045341+00:00,4.325825714000075,2.9444569399998954,0.07723099400095634,0.17787966999992477,97568,2074934,ccf37f71d4557e9a9174a0e726f4710de56bb8d3047877fee028387ec91e10a8,
batch_cashflow_development_029,batch_cashflow,development,28576209,1,completed,180778.0,719,"[""DONE"", ""DONE""]","[3000.0, 180778.0]","[3000.0, 180778.0]",d6faa5e87590f10301ad76c79547facd797dcd48e1bae37e5aa0ef5f55a9c1ee,records/batch_cashflow_development.source_manifest.json,100d7bf4e8811a2460a7bff2b4b0d4d38b11b3c5b27ef57cb9af51bab6abb14d,2026-09-13T20:45:11.117345+00:00,2026-09-13T20:45:15.252258+00:00,4.13491752799996,2.8095172970007525,0.07331469700284288,0.16378090700004577,97836,2061712,8b19c6dba25bb31bc8b60b8d3f11590ec312ef3a31e9eff6b46a690b3c2f8462,
batch_cashflow_development_030,batch_cashflow,development,394509745,0,completed,202875.0,719,"[""DONE"", ""DONE""]","[202875.0, 3000.0]","[202875.0, 3000.0]",d6faa5e87590f10301ad76c79547facd797dcd48e1bae37e5aa0ef5f55a9c1ee,records/batch_cashflow_development.source_manifest.json,100d7bf4e8811a2460a7bff2b4b0d4d38b11b3c5b27ef57cb9af51bab6abb14d,2026-09-13T20:45:15.047683+00:00,2026-09-13T20:45:19.120458+00:00,4.072780769000019,2.63008823999985,0.07495660500171653,0.15279162100000576,97568,2155030,ea6a5377dbe58a897c9beea8999cae60fefe12e3424e8e21939c74faeb3416bd,
batch_cashflow_development_031,batch_cashflow,development,394509745,1,completed,222418.0,719,"[""DONE"", ""DONE""]","[3000.0, 222418.0]","[3000.0, 222418.0]",d6faa5e87590f10301ad76c79547facd797dcd48e1bae37e5aa0ef5f55a9c1ee,records/batch_cashflow_development.source_manifest.json,100d7bf4e8811a2460a7bff2b4b0d4d38b11b3c5b27ef57cb9af51bab6abb14d,2026-09-13T20:45:15.254493+00:00,2026-09-13T20:45:19.530955+00:00,4.276469210999949,2.8361455960007333,0.07619024499842908,0.16133446499998172,97912,2203401,1eb97a3d200877db2690ac06cd212e9241d58b9d8144d201d88b01750aea392a,
batch_cashflow_secondary_000,batch_cashflow,secondary_disclosed_development,1781448506,0,completed,216152.0,719,"[""DONE"", ""DONE""]","[216152.0, 3000.0]","[216152.0, 3000.0]",d6faa5e87590f10301ad76c79547facd797dcd48e1bae37e5aa0ef5f55a9c1ee,records/batch_cashflow_secondary.source_manifest.json,100d7bf4e8811a2460a7bff2b4b0d4d38b11b3c5b27ef57cb9af51bab6abb14d,2026-09-13T20:46:26.749027+00:00,2026-09-13T20:46:31.036630+00:00,4.287564300999975,2.867556039999613,0.07642970400149807,0.1782208139999284,97416,2126080,6fa2109f503cb8d9c642170628c7cfd66c2be51224212899c0c78a8e14081297,
batch_cashflow_secondary_001,batch_cashflow,secondary_disclosed_development,1781448506,1,completed,224892.0,719,"[""DONE"", ""DONE""]","[3000.0, 224892.0]","[3000.0, 224892.0]",d6faa5e87590f10301ad76c79547facd797dcd48e1bae37e5aa0ef5f55a9c1ee,records/batch_cashflow_secondary.source_manifest.json,100d7bf4e8811a2460a7bff2b4b0d4d38b11b3c5b27ef57cb9af51bab6abb14d,2026-09-13T20:46:26.749064+00:00,2026-09-13T20:46:30.963516+00:00,4.214428607999935,2.8512216340000123,0.07527743099774398,0.16466849099992942,95016,2111046,7b3ca9b36eb2e25a34e183104ce8919899d3571865e9a2501031721c96a52b95,
batch_cashflow_secondary_002,batch_cashflow,secondary_disclosed_development,1681080428,0,completed,157055.0,719,"[""DONE"", ""DONE""]","[157055.0, 3000.0]","[157055.0, 3000.0]",d6faa5e87590f10301ad76c79547facd797dcd48e1bae37e5aa0ef5f55a9c1ee,records/batch_cashflow_secondary.source_manifest.json,100d7bf4e8811a2460a7bff2b4b0d4d38b11b3c5b27ef57cb9af51bab6abb14d,2026-09-13T20:46:30.965915+00:00,2026-09-13T20:46:35.105806+00:00,4.139896033000014,2.7353711989977683,0.07422272900066673,0.14446314999997867,95116,2159011,e4e2f19927b15d288cc7e711605bb596409ce01e29b62b958b41fc27a006b8ea,
batch_cashflow_secondary_003,batch_cashflow,secondary_disclosed_development,1681080428,1,completed,141919.0,719,"[""DONE"", ""DONE""]","[3000.0, 141919.0]","[3000.0, 141919.0]",d6faa5e87590f10301ad76c79547facd797dcd48e1bae37e5aa0ef5f55a9c1ee,records/batch_cashflow_secondary.source_manifest.json,100d7bf4e8811a2460a7bff2b4b0d4d38b11b3c5b27ef57cb9af51bab6abb14d,2026-09-13T20:46:31.039038+00:00,2026-09-13T20:46:35.406781+00:00,4.367748616999961,2.9620984030000272,0.07778336500030036,0.13426578899998276,97416,2197748,c5dfad0e350ac2431ea4ba14650ee643b4af2375d7d768daabe1927d6199cd4c,
batch_cashflow_secondary_004,batch_cashflow,secondary_disclosed_development,967718147,0,completed,220361.0,719,"[""DONE"", ""DONE""]","[220361.0, 3000.0]","[220361.0, 3000.0]",d6faa5e87590f10301ad76c79547facd797dcd48e1bae37e5aa0ef5f55a9c1ee,records/batch_cashflow_secondary.source_manifest.json,100d7bf4e8811a2460a7bff2b4b0d4d38b11b3c5b27ef57cb9af51bab6abb14d,2026-09-13T20:46:35.108016+00:00,2026-09-13T20:46:39.079278+00:00,3.971268118000012,2.6812534470006995,0.07098912100093457,0.15785946100004367,95884,2030172,154d65f61a298aebd5d36e2fd8519b653aed8e9367a25e7c1c1502ccf6cac14b,
batch_cashflow_secondary_005,batch_cashflow,secondary_disclosed_development,967718147,1,completed,210436.0,719,"[""DONE"", ""DONE""]","[3000.0, 210436.0]","[3000.0, 210436.0]",d6faa5e87590f10301ad76c79547facd797dcd48e1bae37e5aa0ef5f55a9c1ee,records/batch_cashflow_secondary.source_manifest.json,100d7bf4e8811a2460a7bff2b4b0d4d38b11b3c5b27ef57cb9af51bab6abb14d,2026-09-13T20:46:35.409206+00:00,2026-09-13T20:46:39.549635+00:00,4.140401983000061,2.795866968000837,0.07420869399845742,0.16205713199997263,97416,2064378,8f06de2bd855b7490a225345abbd9e9da73191b83cc83bb70766aedd433780e0,
batch_cashflow_secondary_006,batch_cashflow,secondary_disclosed_development,1856155813,0,completed,199437.0,719,"[""DONE"", ""DONE""]","[199437.0, 3000.0]","[199437.0, 3000.0]",d6faa5e87590f10301ad76c79547facd797dcd48e1bae37e5aa0ef5f55a9c1ee,records/batch_cashflow_secondary.source_manifest.json,100d7bf4e8811a2460a7bff2b4b0d4d38b11b3c5b27ef57cb9af51bab6abb14d,2026-09-13T20:46:39.081405+00:00,2026-09-13T20:46:42.958102+00:00,3.8767024789999596,2.5539107170002353,0.07082875099922603,0.14135646099998667,96328,2135468,b74ed9a25c6e598d7e93604f02f20f4ff22ed6dc4c568b9710d176aaf4c942ea,
batch_cashflow_secondary_007,batch_cashflow,secondary_disclosed_development,1856155813,1,completed,205602.0,719,"[""DONE"", ""DONE""]","[3000.0, 205602.0]","[3000.0, 205602.0]",d6faa5e87590f10301ad76c79547facd797dcd48e1bae37e5aa0ef5f55a9c1ee,records/batch_cashflow_secondary.source_manifest.json,100d7bf4e8811a2460a7bff2b4b0d4d38b11b3c5b27ef57cb9af51bab6abb14d,2026-09-13T20:46:39.551964+00:00,2026-09-13T20:46:43.724377+00:00,4.172416125000041,2.742184420998342,0.07918840099921454,0.1447940219999282,97416,2184250,959dc43ce3898db09d8c7d679969fa161cad5111039dfe7dc8abce475a3ee9b3,
batch_cashflow_secondary_008,batch_cashflow,secondary_disclosed_development,148094548,0,completed,179402.0,719,"[""DONE"", ""DONE""]","[179402.0, 3000.0]","[179402.0, 3000.0]",d6faa5e87590f10301ad76c79547facd797dcd48e1bae37e5aa0ef5f55a9c1ee,records/batch_cashflow_secondary.source_manifest.json,100d7bf4e8811a2460a7bff2b4b0d4d38b11b3c5b27ef57cb9af51bab6abb14d,2026-09-13T20:46:42.960366+00:00,2026-09-13T20:46:47.039686+00:00,4.079325691999998,2.7302404179994255,0.07387746000108564,0.17939103700007308,96444,2138702,2f9be13b9870a61a174e5c1bcd9c6ee0d73f5223476ab6a6ab7ccb2d42082ca4,
batch_cashflow_secondary_009,batch_cashflow,secondary_disclosed_development,148094548,1,completed,220227.0,719,"[""DONE"", ""DONE""]","[3000.0, 220227.0]","[3000.0, 220227.0]",d6faa5e87590f10301ad76c79547facd797dcd48e1bae37e5aa0ef5f55a9c1ee,records/batch_cashflow_secondary.source_manifest.json,100d7bf4e8811a2460a7bff2b4b0d4d38b11b3c5b27ef57cb9af51bab6abb14d,2026-09-13T20:46:43.726584+00:00,2026-09-13T20:46:47.925291+00:00,4.198713062000024,2.850485755002296,0.0724195800007692,0.19562526699996852,97416,2136766,ca8be7cf35a6a468cecf6cecfc69991d307bf49adf802f6b56771a8f075fd56a,
batch_cashflow_secondary_010,batch_cashflow,secondary_disclosed_development,180752382,0,completed,175131.0,719,"[""DONE"", ""DONE""]","[175131.0, 3000.0]","[175131.0, 3000.0]",d6faa5e87590f10301ad76c79547facd797dcd48e1bae37e5aa0ef5f55a9c1ee,records/batch_cashflow_secondary.source_manifest.json,100d7bf4e8811a2460a7bff2b4b0d4d38b11b3c5b27ef57cb9af51bab6abb14d,2026-09-13T20:46:47.042005+00:00,2026-09-13T20:46:51.184169+00:00,4.142166428999985,2.7241035879995934,0.07578813500003889,0.17542353099997854,96528,2142678,9d392b6ede4401485740951a2685e74d999e150c4fd771948da26ca9003f5d63,
batch_cashflow_secondary_011,batch_cashflow,secondary_disclosed_development,180752382,1,completed,191283.0,719,"[""DONE"", ""DONE""]","[3000.0, 191283.0]","[3000.0, 191283.0]",d6faa5e87590f10301ad76c79547facd797dcd48e1bae37e5aa0ef5f55a9c1ee,records/batch_cashflow_secondary.source_manifest.json,100d7bf4e8811a2460a7bff2b4b0d4d38b11b3c5b27ef57cb9af51bab6abb14d,2026-09-13T20:46:47.927527+00:00,2026-09-13T20:46:52.125735+00:00,4.198214886999949,2.814482672002441,0.07269564400155559,0.1526177949999692,97416,2216497,929b617eeb14ca49039ba688caf10a491ab53f88a36b5ee27c7c5ec01b8fb750,
batch_cashflow_secondary_012,batch_cashflow,secondary_disclosed_development,370413548,0,completed,249393.0,719,"[""DONE"", ""DONE""]","[249393.0, 3000.0]","[249393.0, 3000.0]",d6faa5e87590f10301ad76c79547facd797dcd48e1bae37e5aa0ef5f55a9c1ee,records/batch_cashflow_secondary.source_manifest.json,100d7bf4e8811a2460a7bff2b4b0d4d38b11b3c5b27ef57cb9af51bab6abb14d,2026-09-13T20:46:51.186565+00:00,2026-09-13T20:46:55.536142+00:00,4.3495817629999465,2.9430918199997222,0.074391630003106,0.21894821900002626,96872,2181104,646a7906c8e1641356a0393e1ed30a48acb717ac4e63852a3e8144f403fdba2c,
batch_cashflow_secondary_013,batch_cashflow,secondary_disclosed_development,370413548,1,completed,249393.0,719,"[""DONE"", ""DONE""]","[3000.0, 249393.0]","[3000.0, 249393.0]",d6faa5e87590f10301ad76c79547facd797dcd48e1bae37e5aa0ef5f55a9c1ee,records/batch_cashflow_secondary.source_manifest.json,100d7bf4e8811a2460a7bff2b4b0d4d38b11b3c5b27ef57cb9af51bab6abb14d,2026-09-13T20:46:52.128057+00:00,2026-09-13T20:46:56.358596+00:00,4.230543116000035,2.8699472880011854,0.07198711899980026,0.1654915210000354,97416,2196234,c2b8f85c446b46f586630e3407b78412a02963a7113b826dec7353fe045f93af,
batch_cashflow_secondary_014,batch_cashflow,secondary_disclosed_development,383365175,0,completed,243292.0,719,"[""DONE"", ""DONE""]","[243292.0, 3000.0]","[243292.0, 3000.0]",d6faa5e87590f10301ad76c79547facd797dcd48e1bae37e5aa0ef5f55a9c1ee,records/batch_cashflow_secondary.source_manifest.json,100d7bf4e8811a2460a7bff2b4b0d4d38b11b3c5b27ef57cb9af51bab6abb14d,2026-09-13T20:46:55.538491+00:00,2026-09-13T20:46:59.578872+00:00,4.040388159000031,2.6557004119988505,0.07123071799901481,0.1720124969999688,96892,2130024,9afd991ab7bdb4a940aab40d92b42cd4837755d5c4850e3a1b75bd2f7edff65a,
batch_cashflow_secondary_015,batch_cashflow,secondary_disclosed_development,383365175,1,completed,249331.0,719,"[""DONE"", ""DONE""]","[3000.0, 249331.0]","[3000.0, 249331.0]",d6faa5e87590f10301ad76c79547facd797dcd48e1bae37e5aa0ef5f55a9c1ee,records/batch_cashflow_secondary.source_manifest.json,100d7bf4e8811a2460a7bff2b4b0d4d38b11b3c5b27ef57cb9af51bab6abb14d,2026-09-13T20:46:56.361050+00:00,2026-09-13T20:47:00.283943+00:00,3.9228985769999554,2.5628165490012407,0.07206844099960108,0.15568429300003572,97416,2155962,905d9a5bdba116106e1a79b69defbd6e6f129b3b19ec0f0346d807fd85652664,
batch_cashflow_secondary_016,batch_cashflow,secondary_disclosed_development,337943030,0,completed,199576.0,719,"[""DONE"", ""DONE""]","[199576.0, 3000.0]","[199576.0, 3000.0]",d6faa5e87590f10301ad76c79547facd797dcd48e1bae37e5aa0ef5f55a9c1ee,records/batch_cashflow_secondary.source_manifest.json,100d7bf4e8811a2460a7bff2b4b0d4d38b11b3c5b27ef57cb9af51bab6abb14d,2026-09-13T20:46:59.581081+00:00,2026-09-13T20:47:03.738951+00:00,4.157877869000004,2.80302241800257,0.07444976900012534,0.18254121400002532,97056,2082750,7f7c1ffbe47a0338a1cf64e311e701af164aa71aa1c53035d5ae2b876ef5e217,
batch_cashflow_secondary_017,batch_cashflow,secondary_disclosed_development,337943030,1,completed,222430.0,719,"[""DONE"", ""DONE""]","[3000.0, 222430.0]","[3000.0, 222430.0]",d6faa5e87590f10301ad76c79547facd797dcd48e1bae37e5aa0ef5f55a9c1ee,records/batch_cashflow_secondary.source_manifest.json,100d7bf4e8811a2460a7bff2b4b0d4d38b11b3c5b27ef57cb9af51bab6abb14d,2026-09-13T20:47:00.286150+00:00,2026-09-13T20:47:04.324022+00:00,4.0378794629999675,2.696727205000343,0.07144967399892721,0.12668241300002592,97416,2115618,101cd7c16a06eceafddf6a7675fd5b3b567e80a260a5becfff49ae3ac4cbff49,
batch_cashflow_secondary_018,batch_cashflow,secondary_disclosed_development,702093297,0,completed,203015.0,719,"[""DONE"", ""DONE""]","[203015.0, 3000.0]","[203015.0, 3000.0]",d6faa5e87590f10301ad76c79547facd797dcd48e1bae37e5aa0ef5f55a9c1ee,records/batch_cashflow_secondary.source_manifest.json,100d7bf4e8811a2460a7bff2b4b0d4d38b11b3c5b27ef57cb9af51bab6abb14d,2026-09-13T20:47:03.741193+00:00,2026-09-13T20:47:07.804473+00:00,4.063287216000049,2.6564724639999895,0.07476878199724979,0.1687313909999375,97336,2142032,66e26ecbaafb3696c0e499c57e0b02922be4bd7358e163e326b47b20c7e36d19,
batch_cashflow_secondary_019,batch_cashflow,secondary_disclosed_development,702093297,1,completed,199753.0,719,"[""DONE"", ""DONE""]","[3000.0, 199753.0]","[3000.0, 199753.0]",d6faa5e87590f10301ad76c79547facd797dcd48e1bae37e5aa0ef5f55a9c1ee,records/batch_cashflow_secondary.source_manifest.json,100d7bf4e8811a2460a7bff2b4b0d4d38b11b3c5b27ef57cb9af51bab6abb14d,2026-09-13T20:47:04.326286+00:00,2026-09-13T20:47:08.352441+00:00,4.026161106000018,2.65267192099941,0.07154843099817754,0.16253703300003508,97416,2123618,fb12dfbbcee1039ba63337f1e22b15a4c130290d5b958c8b8f9ec7e9925e3569,
batch_cashflow_secondary_020,batch_cashflow,secondary_disclosed_development,320211102,0,completed,216363.0,719,"[""DONE"", ""DONE""]","[216363.0, 3000.0]","[216363.0, 3000.0]",d6faa5e87590f10301ad76c79547facd797dcd48e1bae37e5aa0ef5f55a9c1ee,records/batch_cashflow_secondary.source_manifest.json,100d7bf4e8811a2460a7bff2b4b0d4d38b11b3c5b27ef57cb9af51bab6abb14d,2026-09-13T20:47:07.806762+00:00,2026-09-13T20:47:11.699962+00:00,3.8932082899999614,2.499966431998928,0.0725508689996559,0.14755219199992098,97508,2126838,14b0a1b88fb32b10ba9902cac0fc5bfb65901994d53f31a4e316435e0fa873b4,
batch_cashflow_secondary_021,batch_cashflow,secondary_disclosed_development,320211102,1,completed,205244.0,719,"[""DONE"", ""DONE""]","[3000.0, 205244.0]","[3000.0, 205244.0]",d6faa5e87590f10301ad76c79547facd797dcd48e1bae37e5aa0ef5f55a9c1ee,records/batch_cashflow_secondary.source_manifest.json,100d7bf4e8811a2460a7bff2b4b0d4d38b11b3c5b27ef57cb9af51bab6abb14d,2026-09-13T20:47:08.354611+00:00,2026-09-13T20:47:12.179795+00:00,3.8251901159999306,2.4125005199985026,0.07389844499948595,0.1531290990000116,97416,2134435,5e513033e9d08b8dbfc88f45b49a60987c53df5f7bad30f7120e412195b0de7d,
batch_cashflow_secondary_022,batch_cashflow,secondary_disclosed_development,140008426,0,completed,217781.0,719,"[""DONE"", ""DONE""]","[217781.0, 3000.0]","[217781.0, 3000.0]",d6faa5e87590f10301ad76c79547facd797dcd48e1bae37e5aa0ef5f55a9c1ee,records/batch_cashflow_secondary.source_manifest.json,100d7bf4e8811a2460a7bff2b4b0d4d38b11b3c5b27ef57cb9af51bab6abb14d,2026-09-13T20:47:11.702202+00:00,2026-09-13T20:47:16.043405+00:00,4.341206518000035,2.911813146000327,0.07882055900245177,0.15078207299995938,97732,2172904,af8f7781a17d1469ebf5c61c31d5c8fa570c79383f2c9cbdffbeb6cc7d49f966,
batch_cashflow_secondary_023,batch_cashflow,secondary_disclosed_development,140008426,1,completed,216820.0,719,"[""DONE"", ""DONE""]","[3000.0, 216820.0]","[3000.0, 216820.0]",d6faa5e87590f10301ad76c79547facd797dcd48e1bae37e5aa0ef5f55a9c1ee,records/batch_cashflow_secondary.source_manifest.json,100d7bf4e8811a2460a7bff2b4b0d4d38b11b3c5b27ef57cb9af51bab6abb14d,2026-09-13T20:47:12.181998+00:00,2026-09-13T20:47:16.446169+00:00,4.264175433999981,2.871342415001095,0.07556979899891303,0.1601942049999252,97556,2170318,19e76327413353e2f2ed102d8bcd674a9ca20c4986dd5974771e3beab16c44bb,
batch_cashflow_secondary_024,batch_cashflow,secondary_disclosed_development,219026998,0,completed,195947.0,719,"[""DONE"", ""DONE""]","[195947.0, 3000.0]","[195947.0, 3000.0]",d6faa5e87590f10301ad76c79547facd797dcd48e1bae37e5aa0ef5f55a9c1ee,records/batch_cashflow_secondary.source_manifest.json,100d7bf4e8811a2460a7bff2b4b0d4d38b11b3c5b27ef57cb9af51bab6abb14d,2026-09-13T20:47:16.045663+00:00,2026-09-13T20:47:20.310567+00:00,4.264910955999994,2.879151195999725,0.07390568700225231,0.17817130999992514,97764,2194925,e805d12d3c138e56d4fd1abed825478d5824facb2d80f2cca7a53656bc238509,
batch_cashflow_secondary_025,batch_cashflow,secondary_disclosed_development,219026998,1,completed,200225.0,719,"[""DONE"", ""DONE""]","[3000.0, 200225.0]","[3000.0, 200225.0]",d6faa5e87590f10301ad76c79547facd797dcd48e1bae37e5aa0ef5f55a9c1ee,records/batch_cashflow_secondary.source_manifest.json,100d7bf4e8811a2460a7bff2b4b0d4d38b11b3c5b27ef57cb9af51bab6abb14d,2026-09-13T20:47:16.448414+00:00,2026-09-13T20:47:20.717285+00:00,4.268878573000052,2.875032733000353,0.07440114200130665,0.16771145400002752,97768,2151064,2c6bc9a13d8d9b614a81ec8dad18fc0b4364cd4c94c4e486daee75837d3f4a14,
batch_cashflow_secondary_026,batch_cashflow,secondary_disclosed_development,1501860085,0,completed,202857.0,719,"[""DONE"", ""DONE""]","[202857.0, 3000.0]","[202857.0, 3000.0]",d6faa5e87590f10301ad76c79547facd797dcd48e1bae37e5aa0ef5f55a9c1ee,records/batch_cashflow_secondary.source_manifest.json,100d7bf4e8811a2460a7bff2b4b0d4d38b11b3c5b27ef57cb9af51bab6abb14d,2026-09-13T20:47:20.312873+00:00,2026-09-13T20:47:24.406654+00:00,4.093788235000034,2.7011142969975026,0.07395956800121439,0.15718828000001395,97796,2109566,79ba9acfacb36c309ac8644572f7149e3662c0fe8c3995848143961701503521,
batch_cashflow_secondary_027,batch_cashflow,secondary_disclosed_development,1501860085,1,completed,202857.0,719,"[""DONE"", ""DONE""]","[3000.0, 202857.0]","[3000.0, 202857.0]",d6faa5e87590f10301ad76c79547facd797dcd48e1bae37e5aa0ef5f55a9c1ee,records/batch_cashflow_secondary.source_manifest.json,100d7bf4e8811a2460a7bff2b4b0d4d38b11b3c5b27ef57cb9af51bab6abb14d,2026-09-13T20:47:20.719736+00:00,2026-09-13T20:47:24.745814+00:00,4.026083179000011,2.648384058999227,0.07370802399884724,0.14468247699994663,97768,2126361,702066db79adbb15064115e0c84d4febb6897b4213af3e4580aaeed6c4943d93,
batch_cashflow_secondary_028,batch_cashflow,secondary_disclosed_development,2027896586,0,completed,161106.0,719,"[""DONE"", ""DONE""]","[161106.0, 3000.0]","[161106.0, 3000.0]",d6faa5e87590f10301ad76c79547facd797dcd48e1bae37e5aa0ef5f55a9c1ee,records/batch_cashflow_secondary.source_manifest.json,100d7bf4e8811a2460a7bff2b4b0d4d38b11b3c5b27ef57cb9af51bab6abb14d,2026-09-13T20:47:24.408837+00:00,2026-09-13T20:47:28.453664+00:00,4.044835487,2.706462895999948,0.07401218800032439,0.15636540200000582,98120,2108209,4bd897577a03a051d0bfa9e5396d8ff9061e0601ae6510279384f7599e59aa1c,
batch_cashflow_secondary_029,batch_cashflow,secondary_disclosed_development,2027896586,1,completed,132946.0,719,"[""DONE"", ""DONE""]","[3000.0, 132946.0]","[3000.0, 132946.0]",d6faa5e87590f10301ad76c79547facd797dcd48e1bae37e5aa0ef5f55a9c1ee,records/batch_cashflow_secondary.source_manifest.json,100d7bf4e8811a2460a7bff2b4b0d4d38b11b3c5b27ef57cb9af51bab6abb14d,2026-09-13T20:47:24.748061+00:00,2026-09-13T20:47:28.854526+00:00,4.10647300200003,2.734328604001689,0.07639844399989215,0.14537278900002093,97796,2123691,35d59a39c51f4c96fe299d0f4c3687caccc71013f18962b5ef971dfc458910a0,
batch_cashflow_secondary_030,batch_cashflow,secondary_disclosed_development,1658182076,0,completed,232892.0,719,"[""DONE"", ""DONE""]","[232892.0, 3000.0]","[232892.0, 3000.0]",d6faa5e87590f10301ad76c79547facd797dcd48e1bae37e5aa0ef5f55a9c1ee,records/batch_cashflow_secondary.source_manifest.json,100d7bf4e8811a2460a7bff2b4b0d4d38b11b3c5b27ef57cb9af51bab6abb14d,2026-09-13T20:47:28.455839+00:00,2026-09-13T20:47:32.601825+00:00,4.14599255600001,2.7448292150000952,0.07538706100001491,0.17427731699990545,98120,2092119,e688abc201a17a90e94733c215b10a546a9ace940e9d382742ad0ad50b4335fd,
batch_cashflow_secondary_031,batch_cashflow,secondary_disclosed_development,1658182076,1,completed,232892.0,719,"[""DONE"", ""DONE""]","[3000.0, 232892.0]","[3000.0, 232892.0]",d6faa5e87590f10301ad76c79547facd797dcd48e1bae37e5aa0ef5f55a9c1ee,records/batch_cashflow_secondary.source_manifest.json,100d7bf4e8811a2460a7bff2b4b0d4d38b11b3c5b27ef57cb9af51bab6abb14d,2026-09-13T20:47:28.856760+00:00,2026-09-13T20:47:33.000351+00:00,4.143598632000021,2.745798011000261,0.07391579900047418,0.1709421599999814,97984,2102570,8f4a6c9844cc99bf5b67058093c7cd874fde30b6c46c1a66af5fbf4397d1ff48,
competition05_development_000,competition05,development,1652205610,0,completed,155897.0,719,"[""DONE"", ""DONE""]","[155897.0, 3000.0]","[155897.0, 3000.0]",7dec924b8b1cc044af1aa3746539214c7cf955dc988d40a218f90886d0fb27c4,records/competition05_development.source_manifest.json,174ba2ad749cb3213a72a03302ef50b08a37a579848ba922bde132a19b8b6c23,2026-09-13T20:41:20.039391+00:00,2026-09-13T20:41:24.188955+00:00,4.149514615999976,2.823266239000816,0.07438645399952293,0.14023634599999468,94836,2062872,c60b8b513eedf8acfa2cd706e985937c64fbffd136b7dbd8510d24cea2e67ccf,
competition05_development_001,competition05,development,1652205610,1,completed,155854.0,719,"[""DONE"", ""DONE""]","[3000.0, 155854.0]","[3000.0, 155854.0]",7dec924b8b1cc044af1aa3746539214c7cf955dc988d40a218f90886d0fb27c4,records/competition05_development.source_manifest.json,174ba2ad749cb3213a72a03302ef50b08a37a579848ba922bde132a19b8b6c23,2026-09-13T20:41:20.039480+00:00,2026-09-13T20:41:24.139320+00:00,4.099797024999987,2.807976794999263,0.07346000899991623,0.13925130500001615,94856,2054508,193e6da342420d9eb14c46c87928d497715483aedd7efa5dca22979feedb7653,
competition05_development_002,competition05,development,979746784,0,completed,170121.0,719,"[""DONE"", ""DONE""]","[170121.0, 3000.0]","[170121.0, 3000.0]",7dec924b8b1cc044af1aa3746539214c7cf955dc988d40a218f90886d0fb27c4,records/competition05_development.source_manifest.json,174ba2ad749cb3213a72a03302ef50b08a37a579848ba922bde132a19b8b6c23,2026-09-13T20:41:24.143774+00:00,2026-09-13T20:41:28.514788+00:00,4.371020095999995,2.929740229000174,0.07944677200106298,0.20612767399995846,95200,2041655,dd395323e70b535dd398cd00b4168f8be3d21b962b4daebbb36a3b85ddf25c2a,
competition05_development_003,competition05,development,979746784,1,completed,170121.0,719,"[""DONE"", ""DONE""]","[3000.0, 170121.0]","[3000.0, 170121.0]",7dec924b8b1cc044af1aa3746539214c7cf955dc988d40a218f90886d0fb27c4,records/competition05_development.source_manifest.json,174ba2ad749cb3213a72a03302ef50b08a37a579848ba922bde132a19b8b6c23,2026-09-13T20:41:24.191492+00:00,2026-09-13T20:41:28.455514+00:00,4.264026704999992,2.883456214999171,0.07802454399990211,0.19243517799998244,96000,2033955,d892e19440f30f4cd38b0ea0e1659e052429faa210cf2be6752842505934aae0,
competition05_development_004,competition05,development,1948729637,0,completed,243243.0,719,"[""DONE"", ""DONE""]","[243243.0, 3000.0]","[243243.0, 3000.0]",7dec924b8b1cc044af1aa3746539214c7cf955dc988d40a218f90886d0fb27c4,records/competition05_development.source_manifest.json,174ba2ad749cb3213a72a03302ef50b08a37a579848ba922bde132a19b8b6c23,2026-09-13T20:41:28.457956+00:00,2026-09-13T20:41:32.550824+00:00,4.092874846999962,2.794327065999994,0.07211853399991242,0.15851985000000468,96092,2063236,41281b067111ff716b947ea72e84882a901cd353654410a53ce3d135992a4de3,
competition05_development_005,competition05,development,1948729637,1,completed,228112.0,719,"[""DONE"", ""DONE""]","[3000.0, 228112.0]","[3000.0, 228112.0]",7dec924b8b1cc044af1aa3746539214c7cf955dc988d40a218f90886d0fb27c4,records/competition05_development.source_manifest.json,174ba2ad749cb3213a72a03302ef50b08a37a579848ba922bde132a19b8b6c23,2026-09-13T20:41:28.517077+00:00,2026-09-13T20:41:32.780704+00:00,4.2636318430000415,2.9193575739982975,0.0752829349992794,0.15480239600003642,95856,2081298,f4336559e500b1ba659abb31b835e44fc9304124c33a5364c34a410875cf1470,
competition05_development_006,competition05,development,1514191294,0,completed,223452.0,719,"[""DONE"", ""DONE""]","[223452.0, 3000.0]","[223452.0, 3000.0]",7dec924b8b1cc044af1aa3746539214c7cf955dc988d40a218f90886d0fb27c4,records/competition05_development.source_manifest.json,174ba2ad749cb3213a72a03302ef50b08a37a579848ba922bde132a19b8b6c23,2026-09-13T20:41:32.553031+00:00,2026-09-13T20:41:36.720453+00:00,4.167429127000048,2.8532714610001335,0.07046100799954047,0.16148498299997982,96500,2092352,01948c1cbe4f451ff950a4dcaac86d46e5006734c7fc095584893027ec80af5a,
competition05_development_007,competition05,development,1514191294,1,completed,223452.0,719,"[""DONE"", ""DONE""]","[3000.0, 223452.0]","[3000.0, 223452.0]",7dec924b8b1cc044af1aa3746539214c7cf955dc988d40a218f90886d0fb27c4,records/competition05_development.source_manifest.json,174ba2ad749cb3213a72a03302ef50b08a37a579848ba922bde132a19b8b6c23,2026-09-13T20:41:32.783314+00:00,2026-09-13T20:41:37.121380+00:00,4.338071001000003,2.9712789680003198,0.07599415700030931,0.18861553700003242,96368,2106349,123671de9d54e0f42a66bee1b5f7f423e88994ed056f122a7569cf160f47dece,
competition05_development_008,competition05,development,833126169,0,completed,188169.0,719,"[""DONE"", ""DONE""]","[188169.0, 3000.0]","[188169.0, 3000.0]",7dec924b8b1cc044af1aa3746539214c7cf955dc988d40a218f90886d0fb27c4,records/competition05_development.source_manifest.json,174ba2ad749cb3213a72a03302ef50b08a37a579848ba922bde132a19b8b6c23,2026-09-13T20:41:36.722590+00:00,2026-09-13T20:41:40.683442+00:00,3.960860738000008,2.6705549590011515,0.0801872280010798,0.192856852000034,96628,2053674,a48c7996ad9bf2831c5708c2f44337a4a76d526157cd88d224088f1c30ac0856,
competition05_development_009,competition05,development,833126169,1,completed,188169.0,719,"[""DONE"", ""DONE""]","[3000.0, 188169.0]","[3000.0, 188169.0]",7dec924b8b1cc044af1aa3746539214c7cf955dc988d40a218f90886d0fb27c4,records/competition05_development.source_manifest.json,174ba2ad749cb3213a72a03302ef50b08a37a579848ba922bde132a19b8b6c23,2026-09-13T20:41:37.123727+00:00,2026-09-13T20:41:41.151609+00:00,4.027888186999974,2.729721824000478,0.07345984000011185,0.19636173499998222,96452,2057583,f7b1d77644e7fed7d5c9686d46990c91f06a10bcd3110057da2315479352941d,
competition05_development_010,competition05,development,1715028217,0,completed,192384.0,719,"[""DONE"", ""DONE""]","[192384.0, 3000.0]","[192384.0, 3000.0]",7dec924b8b1cc044af1aa3746539214c7cf955dc988d40a218f90886d0fb27c4,records/competition05_development.source_manifest.json,174ba2ad749cb3213a72a03302ef50b08a37a579848ba922bde132a19b8b6c23,2026-09-13T20:41:40.685528+00:00,2026-09-13T20:41:44.698293+00:00,4.012772825000013,2.6987510239998755,0.06939077099929136,0.14428070399998205,96716,2098621,9bbe8a045ea710c42e06e464aa93b38581bdba60644d0dbc63699412614523a7,
competition05_development_011,competition05,development,1715028217,1,completed,187697.0,719,"[""DONE"", ""DONE""]","[3000.0, 187697.0]","[3000.0, 187697.0]",7dec924b8b1cc044af1aa3746539214c7cf955dc988d40a218f90886d0fb27c4,records/competition05_development.source_manifest.json,174ba2ad749cb3213a72a03302ef50b08a37a579848ba922bde132a19b8b6c23,2026-09-13T20:41:41.153844+00:00,2026-09-13T20:41:45.330542+00:00,4.1767036690000054,2.8398345760001575,0.07243198699961795,0.15115360599997985,96836,2071748,d6db60667d60935e60a5315a934d886b3dd3630be9b27951052d82fce2a1b323,
competition05_development_012,competition05,development,766857369,0,completed,149554.0,719,"[""DONE"", ""DONE""]","[149554.0, 3000.0]","[149554.0, 3000.0]",7dec924b8b1cc044af1aa3746539214c7cf955dc988d40a218f90886d0fb27c4,records/competition05_development.source_manifest.json,174ba2ad749cb3213a72a03302ef50b08a37a579848ba922bde132a19b8b6c23,2026-09-13T20:41:44.700489+00:00,2026-09-13T20:41:48.571878+00:00,3.8713941200000477,2.569984430001341,0.07038346400003093,0.1742580730000327,97100,2128174,2bf8c07101d4ae67d6256fc902a0fc1b2385d968d5d7e11a01d404e6d1364db5,
competition05_development_013,competition05,development,766857369,1,completed,149554.0,719,"[""DONE"", ""DONE""]","[3000.0, 149554.0]","[3000.0, 149554.0]",7dec924b8b1cc044af1aa3746539214c7cf955dc988d40a218f90886d0fb27c4,records/competition05_development.source_manifest.json,174ba2ad749cb3213a72a03302ef50b08a37a579848ba922bde132a19b8b6c23,2026-09-13T20:41:45.332678+00:00,2026-09-13T20:41:49.440315+00:00,4.107644035000021,2.7159111700004246,0.07586678099971778,0.1859563410000078,96992,2137770,a23e9da26d21f494d30e8c7cf111af20605dac4077287819d6430d9e2f09f307,
competition05_development_014,competition05,development,1387052231,0,completed,230473.0,719,"[""DONE"", ""DONE""]","[230473.0, 3000.0]","[230473.0, 3000.0]",7dec924b8b1cc044af1aa3746539214c7cf955dc988d40a218f90886d0fb27c4,records/competition05_development.source_manifest.json,174ba2ad749cb3213a72a03302ef50b08a37a579848ba922bde132a19b8b6c23,2026-09-13T20:41:48.574104+00:00,2026-09-13T20:41:52.625616+00:00,4.051518527999974,2.7261532789995613,0.06900167599968654,0.13826890199999298,97220,2127591,a05c56ab6504d18b8eeabb0ec6686f49941ed381df61d5e25c67ad0c53611550,
competition05_development_015,competition05,development,1387052231,1,completed,228568.0,719,"[""DONE"", ""DONE""]","[3000.0, 228568.0]","[3000.0, 228568.0]",7dec924b8b1cc044af1aa3746539214c7cf955dc988d40a218f90886d0fb27c4,records/competition05_development.source_manifest.json,174ba2ad749cb3213a72a03302ef50b08a37a579848ba922bde132a19b8b6c23,2026-09-13T20:41:49.442451+00:00,2026-09-13T20:41:53.791300+00:00,4.348856848999958,2.937236104998874,0.07525883300036185,0.14910606500001222,97136,2139007,a6702fec2c763c64c6643a92d0ef2fce0bcaf2b79d8b9dab3769ad38733d583b,
competition05_development_016,competition05,development,1459327281,0,completed,228601.0,719,"[""DONE"", ""DONE""]","[228601.0, 3000.0]","[228601.0, 3000.0]",7dec924b8b1cc044af1aa3746539214c7cf955dc988d40a218f90886d0fb27c4,records/competition05_development.source_manifest.json,174ba2ad749cb3213a72a03302ef50b08a37a579848ba922bde132a19b8b6c23,2026-09-13T20:41:52.627840+00:00,2026-09-13T20:41:56.796333+00:00,4.168501360999983,2.8458311599993635,0.07065683199994055,0.1669197730000178,97572,2115738,e1cb6ee55b71d16b68adbe7aa88f7d55967f676d64305a6fd279ee08b82f6473,
competition05_development_017,competition05,development,1459327281,1,completed,228601.0,719,"[""DONE"", ""DONE""]","[3000.0, 228601.0]","[3000.0, 228601.0]",7dec924b8b1cc044af1aa3746539214c7cf955dc988d40a218f90886d0fb27c4,records/competition05_development.source_manifest.json,174ba2ad749cb3213a72a03302ef50b08a37a579848ba922bde132a19b8b6c23,2026-09-13T20:41:53.793520+00:00,2026-09-13T20:41:57.993815+00:00,4.200302435000026,2.8592897940018815,0.07244739499935804,0.16365624100001241,97180,2126733,e023652eed343c01c29067a67b1d95de9371e20ff9821382c5066a2ba0f9cbc6,
competition05_development_018,competition05,development,1175089851,0,completed,158349.0,719,"[""DONE"", ""DONE""]","[158349.0, 3000.0]","[158349.0, 3000.0]",7dec924b8b1cc044af1aa3746539214c7cf955dc988d40a218f90886d0fb27c4,records/competition05_development.source_manifest.json,174ba2ad749cb3213a72a03302ef50b08a37a579848ba922bde132a19b8b6c23,2026-09-13T20:41:56.798451+00:00,2026-09-13T20:42:00.880395+00:00,4.081952462999993,2.775092633999236,0.0722054749999188,0.18552686699996457,97688,2097852,4a018be43b1d2762266caf6ccc071770e1c58c89a9e0bf0fb7d3186c1a7ad11c,
competition05_development_019,competition05,development,1175089851,1,completed,165608.0,719,"[""DONE"", ""DONE""]","[3000.0, 165608.0]","[3000.0, 165608.0]",7dec924b8b1cc044af1aa3746539214c7cf955dc988d40a218f90886d0fb27c4,records/competition05_development.source_manifest.json,174ba2ad749cb3213a72a03302ef50b08a37a579848ba922bde132a19b8b6c23,2026-09-13T20:41:57.996298+00:00,2026-09-13T20:42:01.899866+00:00,3.9035719789999916,2.620415250999258,0.07376247200028274,0.1430703659999608,97248,2033449,3509c300d4e90f43de2677d8fd69d3c0c86d4d47714d4128a44be896733025f1,
competition05_development_020,competition05,development,1138364143,0,completed,162892.0,719,"[""DONE"", ""DONE""]","[162892.0, 3000.0]","[162892.0, 3000.0]",7dec924b8b1cc044af1aa3746539214c7cf955dc988d40a218f90886d0fb27c4,records/competition05_development.source_manifest.json,174ba2ad749cb3213a72a03302ef50b08a37a579848ba922bde132a19b8b6c23,2026-09-13T20:42:00.882647+00:00,2026-09-13T20:42:04.970090+00:00,4.087448068999947,2.755067664999615,0.07230457700018178,0.15767237599999362,97816,2119466,d0da317fe67a91656df06cece3cab5ee8061d5558d32aa5c25ffc57690a43a86,
competition05_development_021,competition05,development,1138364143,1,completed,163371.0,719,"[""DONE"", ""DONE""]","[3000.0, 163371.0]","[3000.0, 163371.0]",7dec924b8b1cc044af1aa3746539214c7cf955dc988d40a218f90886d0fb27c4,records/competition05_development.source_manifest.json,174ba2ad749cb3213a72a03302ef50b08a37a579848ba922bde132a19b8b6c23,2026-09-13T20:42:01.902084+00:00,2026-09-13T20:42:05.948366+00:00,4.046287753000001,2.7146826079991797,0.07170618000094464,0.15639834900002825,97640,2132229,91bbf2b329ecb3b9b6a40bd6027db53727537a613c8e0a89554e87e859f6c2be,
competition05_development_022,competition05,development,1722159489,0,completed,125571.0,719,"[""DONE"", ""DONE""]","[125571.0, 3000.0]","[125571.0, 3000.0]",7dec924b8b1cc044af1aa3746539214c7cf955dc988d40a218f90886d0fb27c4,records/competition05_development.source_manifest.json,174ba2ad749cb3213a72a03302ef50b08a37a579848ba922bde132a19b8b6c23,2026-09-13T20:42:04.972283+00:00,2026-09-13T20:42:08.901749+00:00,3.929470883000022,2.6415503230005015,0.07418818900038104,0.14053120299996635,97816,2105200,066124fb0fb3624b17bc9a30aa5b769f008beb13f18a232f5d95d8ea4db4cfd9,
competition05_development_023,competition05,development,1722159489,1,completed,160196.0,719,"[""DONE"", ""DONE""]","[3000.0, 160196.0]","[3000.0, 160196.0]",7dec924b8b1cc044af1aa3746539214c7cf955dc988d40a218f90886d0fb27c4,records/competition05_development.source_manifest.json,174ba2ad749cb3213a72a03302ef50b08a37a579848ba922bde132a19b8b6c23,2026-09-13T20:42:05.950529+00:00,2026-09-13T20:42:10.083714+00:00,4.133191909999994,2.7773853020011074,0.07241313999952581,0.1617574070000387,97664,2197040,cfe9f973d110ae55504f936236e212ec23f39989ae007c30405ab0415d9b0da1,
competition05_development_024,competition05,development,979914492,0,completed,210451.0,719,"[""DONE"", ""DONE""]","[210451.0, 3000.0]","[210451.0, 3000.0]",7dec924b8b1cc044af1aa3746539214c7cf955dc988d40a218f90886d0fb27c4,records/competition05_development.source_manifest.json,174ba2ad749cb3213a72a03302ef50b08a37a579848ba922bde132a19b8b6c23,2026-09-13T20:42:08.903963+00:00,2026-09-13T20:42:12.923037+00:00,4.0190796780000255,2.6731871750007485,0.07038350699934881,0.14426801400003342,97816,2108519,d0b4c9ad3477bfa79133a0755db3ebe69151086e53c2b0fd944698502bb8002b,
competition05_development_025,competition05,development,979914492,1,completed,210451.0,719,"[""DONE"", ""DONE""]","[3000.0, 210451.0]","[3000.0, 210451.0]",7dec924b8b1cc044af1aa3746539214c7cf955dc988d40a218f90886d0fb27c4,records/competition05_development.source_manifest.json,174ba2ad749cb3213a72a03302ef50b08a37a579848ba922bde132a19b8b6c23,2026-09-13T20:42:10.086024+00:00,2026-09-13T20:42:14.192982+00:00,4.106965705999983,2.7140550189993746,0.0735256639995896,0.14677799399999003,97720,2112360,373f8fe76bfe77ec0a9810a52580b64b58bf53ea806041f4fac5936ebf63f2e5,
competition05_development_026,competition05,development,1421711696,0,completed,208638.0,719,"[""DONE"", ""DONE""]","[208638.0, 3000.0]","[208638.0, 3000.0]",7dec924b8b1cc044af1aa3746539214c7cf955dc988d40a218f90886d0fb27c4,records/competition05_development.source_manifest.json,174ba2ad749cb3213a72a03302ef50b08a37a579848ba922bde132a19b8b6c23,2026-09-13T20:42:12.925385+00:00,2026-09-13T20:42:17.089303+00:00,4.16392427400001,2.7932865369999718,0.07285046000060902,0.14435432699997364,98184,2133873,4d2d6eaf0d02fd46dd392333d4caa6ba67d9e12be625ea9917c6869dc5c26827,
competition05_development_027,competition05,development,1421711696,1,completed,208638.0,719,"[""DONE"", ""DONE""]","[3000.0, 208638.0]","[3000.0, 208638.0]",7dec924b8b1cc044af1aa3746539214c7cf955dc988d40a218f90886d0fb27c4,records/competition05_development.source_manifest.json,174ba2ad749cb3213a72a03302ef50b08a37a579848ba922bde132a19b8b6c23,2026-09-13T20:42:14.195199+00:00,2026-09-13T20:42:18.382921+00:00,4.187728012000036,2.8127041320003627,0.07428641500092681,0.14725120899998956,97976,2137981,0122737da19f2a137f21bdcc6fc86f919f110bc6237e61a42e774276e169aa55,
competition05_development_028,competition05,development,28576209,0,completed,191319.0,719,"[""DONE"", ""DONE""]","[191319.0, 3000.0]","[191319.0, 3000.0]",7dec924b8b1cc044af1aa3746539214c7cf955dc988d40a218f90886d0fb27c4,records/competition05_development.source_manifest.json,174ba2ad749cb3213a72a03302ef50b08a37a579848ba922bde132a19b8b6c23,2026-09-13T20:42:17.091618+00:00,2026-09-13T20:42:21.184683+00:00,4.093070852999972,2.783383373000163,0.07614199999989069,0.13127417199996216,98184,1984031,fbf60cdb8458f56bcd548cd57f3b3ee67872313bba33599431f357e3f13b65e6,
competition05_development_029,competition05,development,28576209,1,completed,191319.0,719,"[""DONE"", ""DONE""]","[3000.0, 191319.0]","[3000.0, 191319.0]",7dec924b8b1cc044af1aa3746539214c7cf955dc988d40a218f90886d0fb27c4,records/competition05_development.source_manifest.json,174ba2ad749cb3213a72a03302ef50b08a37a579848ba922bde132a19b8b6c23,2026-09-13T20:42:18.385204+00:00,2026-09-13T20:42:22.367352+00:00,3.98215139499996,2.7042661230008775,0.07719672200084915,0.1317374280000081,97976,1988896,69cd63455e996c7552c49c6b08cfc3ccf7cb0a4351a032e637b23c9b5f49fd42,
competition05_development_030,competition05,development,394509745,0,completed,211875.0,719,"[""DONE"", ""DONE""]","[211875.0, 3000.0]","[211875.0, 3000.0]",7dec924b8b1cc044af1aa3746539214c7cf955dc988d40a218f90886d0fb27c4,records/competition05_development.source_manifest.json,174ba2ad749cb3213a72a03302ef50b08a37a579848ba922bde132a19b8b6c23,2026-09-13T20:42:21.189035+00:00,2026-09-13T20:42:25.389384+00:00,4.200356870999997,2.7466760889999478,0.07539998400011427,0.17608240300000944,98340,2087228,787a2aef362d1df866cf46222ac77813fcf37ea8e8d5f8965d99c6bbb60526c2,
competition05_development_031,competition05,development,394509745,1,completed,227092.0,719,"[""DONE"", ""DONE""]","[3000.0, 227092.0]","[3000.0, 227092.0]",7dec924b8b1cc044af1aa3746539214c7cf955dc988d40a218f90886d0fb27c4,records/competition05_development.source_manifest.json,174ba2ad749cb3213a72a03302ef50b08a37a579848ba922bde132a19b8b6c23,2026-09-13T20:42:22.369682+00:00,2026-09-13T20:42:26.520279+00:00,4.150603161999982,2.7805969319995825,0.07359709999991537,0.16844720400001734,98156,2093754,4870ebd3f786026fa9c8202968b9c88f5ec7c5f6762dd0b01098b32dec8eaca2,
economic_C03_settings_development_000,economic_C03_settings,development,1652205610,0,completed,202440.0,719,"[""DONE"", ""DONE""]","[202440.0, 3000.0]","[202440.0, 3000.0]",395a44f5a78d5112737150794998225905f0fef701f9f35217a494a584d0ef9c,records/economic_C03_settings_development.source_manifest.json,174ba2ad749cb3213a72a03302ef50b08a37a579848ba922bde132a19b8b6c23,2026-09-13T20:42:27.749569+00:00,2026-09-13T20:42:32.096006+00:00,4.346394133000047,2.9084068689999185,0.07836454299956586,0.1560604189999708,95076,2081823,b4ffe9264da3abf67944107b6e07923ce81e5873246ed1332ce2e289d88d5a33,
economic_C03_settings_development_001,economic_C03_settings,development,1652205610,1,completed,196243.0,719,"[""DONE"", ""DONE""]","[3000.0, 196243.0]","[3000.0, 196243.0]",395a44f5a78d5112737150794998225905f0fef701f9f35217a494a584d0ef9c,records/economic_C03_settings_development.source_manifest.json,174ba2ad749cb3213a72a03302ef50b08a37a579848ba922bde132a19b8b6c23,2026-09-13T20:42:27.749492+00:00,2026-09-13T20:42:31.898574+00:00,4.149040474000003,2.7100501569998414,0.07568526200020642,0.14171950600001537,95080,2096539,fdb1b39ba6b3f132b767070e03bb844fc9138c402b043c564768fd391148130a,
economic_C03_settings_development_002,economic_C03_settings,development,979746784,0,completed,176615.0,719,"[""DONE"", ""DONE""]","[176615.0, 3000.0]","[176615.0, 3000.0]",395a44f5a78d5112737150794998225905f0fef701f9f35217a494a584d0ef9c,records/economic_C03_settings_development.source_manifest.json,174ba2ad749cb3213a72a03302ef50b08a37a579848ba922bde132a19b8b6c23,2026-09-13T20:42:31.903948+00:00,2026-09-13T20:42:36.148762+00:00,4.244819781999979,2.763732747000006,0.08837343599924452,0.16044392399999197,95848,2118492,13a8fe784ef6b56561d895859cf5a0566e00e1819e8b3e5eea6201bb8f42edb4,
economic_C03_settings_development_003,economic_C03_settings,development,979746784,1,completed,176615.0,719,"[""DONE"", ""DONE""]","[3000.0, 176615.0]","[3000.0, 176615.0]",395a44f5a78d5112737150794998225905f0fef701f9f35217a494a584d0ef9c,records/economic_C03_settings_development.source_manifest.json,174ba2ad749cb3213a72a03302ef50b08a37a579848ba922bde132a19b8b6c23,2026-09-13T20:42:32.098280+00:00,2026-09-13T20:42:36.065970+00:00,3.967696536999995,2.6103010839999,0.07063564899931407,0.1524702570000045,95588,2120296,8ab2ec70bd7f3eb0ba7cab3f2f6d749ebef49ade6948b4612cc7ad9a96eeb176,
economic_C03_settings_development_004,economic_C03_settings,development,1948729637,0,completed,234119.0,719,"[""DONE"", ""DONE""]","[234119.0, 3000.0]","[234119.0, 3000.0]",395a44f5a78d5112737150794998225905f0fef701f9f35217a494a584d0ef9c,records/economic_C03_settings_development.source_manifest.json,174ba2ad749cb3213a72a03302ef50b08a37a579848ba922bde132a19b8b6c23,2026-09-13T20:42:36.068119+00:00,2026-09-13T20:42:39.978503+00:00,3.910398889000021,2.5978939139999397,0.07156440799934671,0.14345650199999227,96252,2020612,191da6a78b46d4a5503919ff66ea7a2f9bac3713756b9f932627f5ec6717e4fd,
economic_C03_settings_development_005,economic_C03_settings,development,1948729637,1,completed,219087.0,719,"[""DONE"", ""DONE""]","[3000.0, 219087.0]","[3000.0, 219087.0]",395a44f5a78d5112737150794998225905f0fef701f9f35217a494a584d0ef9c,records/economic_C03_settings_development.source_manifest.json,174ba2ad749cb3213a72a03302ef50b08a37a579848ba922bde132a19b8b6c23,2026-09-13T20:42:36.151028+00:00,2026-09-13T20:42:40.189799+00:00,4.038779040999998,2.700328823999996,0.07384486100039567,0.14729324600000382,96096,2041824,60c1d982d69adb9f574afd8c581daefcde1f1c2cb356424d83985e8e769b27af,
economic_C03_settings_development_006,economic_C03_settings,development,1514191294,0,completed,223196.0,719,"[""DONE"", ""DONE""]","[223196.0, 3000.0]","[223196.0, 3000.0]",395a44f5a78d5112737150794998225905f0fef701f9f35217a494a584d0ef9c,records/economic_C03_settings_development.source_manifest.json,174ba2ad749cb3213a72a03302ef50b08a37a579848ba922bde132a19b8b6c23,2026-09-13T20:42:39.980581+00:00,2026-09-13T20:42:44.106009+00:00,4.125435190000019,2.720886356000335,0.07530520599982538,0.12885309799997913,96304,2076864,3d9abe31185f83ef28f77f46c91aeec10978c3bea0a91464eabb351fa939cbe4,
economic_C03_settings_development_007,economic_C03_settings,development,1514191294,1,completed,227529.0,719,"[""DONE"", ""DONE""]","[3000.0, 227529.0]","[3000.0, 227529.0]",395a44f5a78d5112737150794998225905f0fef701f9f35217a494a584d0ef9c,records/economic_C03_settings_development.source_manifest.json,174ba2ad749cb3213a72a03302ef50b08a37a579848ba922bde132a19b8b6c23,2026-09-13T20:42:40.191929+00:00,2026-09-13T20:42:44.167151+00:00,3.975229872,2.6356244659995696,0.07380943099889237,0.12286870400004091,96112,2072419,9a8bf4e8736f8662e4e85a1d30c116d4ce5893e23e06c6e4a04b89cc2b2085ba,
economic_C03_settings_development_008,economic_C03_settings,development,833126169,0,completed,194732.0,719,"[""DONE"", ""DONE""]","[194732.0, 3000.0]","[194732.0, 3000.0]",395a44f5a78d5112737150794998225905f0fef701f9f35217a494a584d0ef9c,records/economic_C03_settings_development.source_manifest.json,174ba2ad749cb3213a72a03302ef50b08a37a579848ba922bde132a19b8b6c23,2026-09-13T20:42:44.108272+00:00,2026-09-13T20:42:48.315523+00:00,4.20725663099995,2.827781896999511,0.07860948499956066,0.26785296900004596,96384,2070823,28a45f1a125030ad77b1858fc0fbb40d2a7c62274a99cc422031ae008498e0e5,
economic_C03_settings_development_009,economic_C03_settings,development,833126169,1,completed,194732.0,719,"[""DONE"", ""DONE""]","[3000.0, 194732.0]","[3000.0, 194732.0]",395a44f5a78d5112737150794998225905f0fef701f9f35217a494a584d0ef9c,records/economic_C03_settings_development.source_manifest.json,174ba2ad749cb3213a72a03302ef50b08a37a579848ba922bde132a19b8b6c23,2026-09-13T20:42:44.169335+00:00,2026-09-13T20:42:48.363388+00:00,4.194061160000047,2.842281046999915,0.07565442300108316,0.28625842799999646,96244,2068443,e155b6e0ecafe038b18f9323c5dfcfcc87c9ed2baa8090136cb88adf1c0ff7ee,
economic_C03_settings_development_010,economic_C03_settings,development,1715028217,0,completed,200364.0,719,"[""DONE"", ""DONE""]","[200364.0, 3000.0]","[200364.0, 3000.0]",395a44f5a78d5112737150794998225905f0fef701f9f35217a494a584d0ef9c,records/economic_C03_settings_development.source_manifest.json,174ba2ad749cb3213a72a03302ef50b08a37a579848ba922bde132a19b8b6c23,2026-09-13T20:42:48.317619+00:00,2026-09-13T20:42:52.376281+00:00,4.058669193000014,2.6141441729993176,0.07384489600099187,0.16393492700001389,96464,2045765,7dc05a6e8a0d4cfc86cd211277090a803d8a6c21377f2f6358a56471c7c70dec,
economic_C03_settings_development_011,economic_C03_settings,development,1715028217,1,completed,200498.0,719,"[""DONE"", ""DONE""]","[3000.0, 200498.0]","[3000.0, 200498.0]",395a44f5a78d5112737150794998225905f0fef701f9f35217a494a584d0ef9c,records/economic_C03_settings_development.source_manifest.json,174ba2ad749cb3213a72a03302ef50b08a37a579848ba922bde132a19b8b6c23,2026-09-13T20:42:48.365514+00:00,2026-09-13T20:42:52.443191+00:00,4.077683385,2.6382417280003096,0.07574255999998059,0.16912071400003015,96856,2059045,c4ca61e75e2259b17b654b222abb4af21ffdc72cdd49df07768ae568a55426f3,
economic_C03_settings_development_012,economic_C03_settings,development,766857369,0,completed,168599.0,719,"[""DONE"", ""DONE""]","[168599.0, 3000.0]","[168599.0, 3000.0]",395a44f5a78d5112737150794998225905f0fef701f9f35217a494a584d0ef9c,records/economic_C03_settings_development.source_manifest.json,174ba2ad749cb3213a72a03302ef50b08a37a579848ba922bde132a19b8b6c23,2026-09-13T20:42:52.378434+00:00,2026-09-13T20:42:56.484809+00:00,4.1063820610000334,2.6593616489996066,0.07404198500091752,0.14468314099997315,96948,2120629,44c10c77a70421f4ce8a8d065b9f8e6b592738beb54af68e3b0de32e1f7f1c85,
economic_C03_settings_development_013,economic_C03_settings,development,766857369,1,completed,168599.0,719,"[""DONE"", ""DONE""]","[3000.0, 168599.0]","[3000.0, 168599.0]",395a44f5a78d5112737150794998225905f0fef701f9f35217a494a584d0ef9c,records/economic_C03_settings_development.source_manifest.json,174ba2ad749cb3213a72a03302ef50b08a37a579848ba922bde132a19b8b6c23,2026-09-13T20:42:52.445353+00:00,2026-09-13T20:42:56.492773+00:00,4.047427459999994,2.613031939999189,0.07593905300080905,0.14774249300000974,96976,2129349,72eb622ebd7e918917deec0403bd5aafafa85d0fa28fdf26297304c67f2f9bf8,
economic_C03_settings_development_014,economic_C03_settings,development,1387052231,0,completed,237450.0,719,"[""DONE"", ""DONE""]","[237450.0, 3000.0]","[237450.0, 3000.0]",395a44f5a78d5112737150794998225905f0fef701f9f35217a494a584d0ef9c,records/economic_C03_settings_development.source_manifest.json,174ba2ad749cb3213a72a03302ef50b08a37a579848ba922bde132a19b8b6c23,2026-09-13T20:42:56.487082+00:00,2026-09-13T20:43:00.686905+00:00,4.199828787000001,2.8008126349989766,0.07487871499955645,0.12924461000000065,96948,2104099,36f7fb67534527638fffa0fdb4292f2a110dabbd4fbe88ee663f6457b2bccac1,
economic_C03_settings_development_015,economic_C03_settings,development,1387052231,1,completed,251712.0,719,"[""DONE"", ""DONE""]","[3000.0, 251712.0]","[3000.0, 251712.0]",395a44f5a78d5112737150794998225905f0fef701f9f35217a494a584d0ef9c,records/economic_C03_settings_development.source_manifest.json,174ba2ad749cb3213a72a03302ef50b08a37a579848ba922bde132a19b8b6c23,2026-09-13T20:42:56.494937+00:00,2026-09-13T20:43:00.666927+00:00,4.171996364999984,2.7947390060004977,0.0802627820000339,0.12326566400003003,96976,2142909,3ef731929b827d63467dd11931b383685a199ae09f0f4f018576b939e0a2df36,
economic_C03_settings_development_016,economic_C03_settings,development,1459327281,0,completed,256016.0,719,"[""DONE"", ""DONE""]","[256016.0, 3000.0]","[256016.0, 3000.0]",395a44f5a78d5112737150794998225905f0fef701f9f35217a494a584d0ef9c,records/economic_C03_settings_development.source_manifest.json,174ba2ad749cb3213a72a03302ef50b08a37a579848ba922bde132a19b8b6c23,2026-09-13T20:43:00.672045+00:00,2026-09-13T20:43:04.795601+00:00,4.123555801000009,2.7354117349986495,0.07457908699825566,0.14848543100004008,97064,2101446,6ee5f9fca47f86f2e126102051c4d93d28ffe0813a23f6148084c356fbf6f885,
economic_C03_settings_development_017,economic_C03_settings,development,1459327281,1,completed,256016.0,719,"[""DONE"", ""DONE""]","[3000.0, 256016.0]","[3000.0, 256016.0]",395a44f5a78d5112737150794998225905f0fef701f9f35217a494a584d0ef9c,records/economic_C03_settings_development.source_manifest.json,174ba2ad749cb3213a72a03302ef50b08a37a579848ba922bde132a19b8b6c23,2026-09-13T20:43:00.689321+00:00,2026-09-13T20:43:04.830085+00:00,4.14077045800002,2.750954279000325,0.07222037300061857,0.1513318870000262,97032,2117359,53df20b068e6c74663d343ec9fc36bc1b28207ada8b44bc9941e940ba347af6d,
economic_C03_settings_development_018,economic_C03_settings,development,1175089851,0,completed,176151.0,719,"[""DONE"", ""DONE""]","[176151.0, 3000.0]","[176151.0, 3000.0]",395a44f5a78d5112737150794998225905f0fef701f9f35217a494a584d0ef9c,records/economic_C03_settings_development.source_manifest.json,174ba2ad749cb3213a72a03302ef50b08a37a579848ba922bde132a19b8b6c23,2026-09-13T20:43:04.799552+00:00,2026-09-13T20:43:08.821257+00:00,4.0217123770000285,2.684688450999488,0.07493581699907281,0.1519990410000105,97208,2094483,761de6b595aafa7ac7f4ab711b78835c3b981181f6c244bec92aff0dd04c7713,
economic_C03_settings_development_019,economic_C03_settings,development,1175089851,1,completed,175255.0,719,"[""DONE"", ""DONE""]","[3000.0, 175255.0]","[3000.0, 175255.0]",395a44f5a78d5112737150794998225905f0fef701f9f35217a494a584d0ef9c,records/economic_C03_settings_development.source_manifest.json,174ba2ad749cb3213a72a03302ef50b08a37a579848ba922bde132a19b8b6c23,2026-09-13T20:43:04.832550+00:00,2026-09-13T20:43:08.772923+00:00,3.94037890300001,2.6071372459991835,0.07218142000152739,0.19978322500003287,97032,2077113,f9f0aeac606b372b93c9ad94d794bd8ebbc82123d80cf269bc926a6e4e09d32e,
economic_C03_settings_development_020,economic_C03_settings,development,1138364143,0,completed,161860.0,719,"[""DONE"", ""DONE""]","[161860.0, 3000.0]","[161860.0, 3000.0]",395a44f5a78d5112737150794998225905f0fef701f9f35217a494a584d0ef9c,records/economic_C03_settings_development.source_manifest.json,174ba2ad749cb3213a72a03302ef50b08a37a579848ba922bde132a19b8b6c23,2026-09-13T20:43:08.775155+00:00,2026-09-13T20:43:12.772656+00:00,3.997507512000027,2.6129742110000507,0.07362952200008976,0.1814540050000346,97044,2135760,10de1f4e2f6b3691e30a1cbf135570f43c828450c40779f8bcfd5f4ef5c585f5,
economic_C03_settings_development_021,economic_C03_settings,development,1138364143,1,completed,161860.0,719,"[""DONE"", ""DONE""]","[3000.0, 161860.0]","[3000.0, 161860.0]",395a44f5a78d5112737150794998225905f0fef701f9f35217a494a584d0ef9c,records/economic_C03_settings_development.source_manifest.json,174ba2ad749cb3213a72a03302ef50b08a37a579848ba922bde132a19b8b6c23,2026-09-13T20:43:08.823737+00:00,2026-09-13T20:43:12.666048+00:00,3.842317537000042,2.5057982460003814,0.07295999700033917,0.1625080630000184,97208,2141064,0d01d33d4d0384b6ac88026315e1ea602c9c72dc0be82c69a659ea58431b4062,
economic_C03_settings_development_022,economic_C03_settings,development,1722159489,0,completed,179057.0,719,"[""DONE"", ""DONE""]","[179057.0, 3000.0]","[179057.0, 3000.0]",395a44f5a78d5112737150794998225905f0fef701f9f35217a494a584d0ef9c,records/economic_C03_settings_development.source_manifest.json,174ba2ad749cb3213a72a03302ef50b08a37a579848ba922bde132a19b8b6c23,2026-09-13T20:43:12.668445+00:00,2026-09-13T20:43:16.750342+00:00,4.081904973000007,2.667428607999682,0.0756473609992554,0.1614427999999748,97344,2154001,8e853cf35729c92364fbdb5bca91afe76c12d04cb7cab54f33c50559da1def43,
economic_C03_settings_development_023,economic_C03_settings,development,1722159489,1,completed,180173.0,719,"[""DONE"", ""DONE""]","[3000.0, 180173.0]","[3000.0, 180173.0]",395a44f5a78d5112737150794998225905f0fef701f9f35217a494a584d0ef9c,records/economic_C03_settings_development.source_manifest.json,174ba2ad749cb3213a72a03302ef50b08a37a579848ba922bde132a19b8b6c23,2026-09-13T20:43:12.775058+00:00,2026-09-13T20:43:16.706753+00:00,3.931702553999969,2.5513862170009816,0.0762217099995155,0.13957748100000344,97124,2126480,0805271a28977ced3d6f3c51d51e12a6f4b9ae128e6ffb55e861b7875cb761f6,
economic_C03_settings_development_024,economic_C03_settings,development,979914492,0,completed,258779.0,719,"[""DONE"", ""DONE""]","[258779.0, 3000.0]","[258779.0, 3000.0]",395a44f5a78d5112737150794998225905f0fef701f9f35217a494a584d0ef9c,records/economic_C03_settings_development.source_manifest.json,174ba2ad749cb3213a72a03302ef50b08a37a579848ba922bde132a19b8b6c23,2026-09-13T20:43:16.710864+00:00,2026-09-13T20:43:20.500931+00:00,3.790069813999935,2.420434859002853,0.07091336200119258,0.14064028800009964,97148,2064065,8a233396f2e1d10e76807cf736914c7060950784382fbb228efe6001c703a8e1,
economic_C03_settings_development_025,economic_C03_settings,development,979914492,1,completed,258779.0,719,"[""DONE"", ""DONE""]","[3000.0, 258779.0]","[3000.0, 258779.0]",395a44f5a78d5112737150794998225905f0fef701f9f35217a494a584d0ef9c,records/economic_C03_settings_development.source_manifest.json,174ba2ad749cb3213a72a03302ef50b08a37a579848ba922bde132a19b8b6c23,2026-09-13T20:43:16.753070+00:00,2026-09-13T20:43:20.569533+00:00,3.816470344000095,2.433528259998184,0.07621544099902167,0.13826792900010787,97352,2074833,a9c65317313745d5ac1fa93387885d8652eb4312565a302e2662e2833c7fa853,
economic_C03_settings_development_026,economic_C03_settings,development,1421711696,0,completed,182795.0,719,"[""DONE"", ""DONE""]","[182795.0, 3000.0]","[182795.0, 3000.0]",395a44f5a78d5112737150794998225905f0fef701f9f35217a494a584d0ef9c,records/economic_C03_settings_development.source_manifest.json,174ba2ad749cb3213a72a03302ef50b08a37a579848ba922bde132a19b8b6c23,2026-09-13T20:43:20.503196+00:00,2026-09-13T20:43:24.470027+00:00,3.9668369910000365,2.6259842279994245,0.07189588900018862,0.15998017599997638,97356,2103555,6b209fd7e29c4d2283300f1bfd3871c74d9292c978ae8e9703ed226b241b6836,
economic_C03_settings_development_027,economic_C03_settings,development,1421711696,1,completed,182795.0,719,"[""DONE"", ""DONE""]","[3000.0, 182795.0]","[3000.0, 182795.0]",395a44f5a78d5112737150794998225905f0fef701f9f35217a494a584d0ef9c,records/economic_C03_settings_development.source_manifest.json,174ba2ad749cb3213a72a03302ef50b08a37a579848ba922bde132a19b8b6c23,2026-09-13T20:43:20.571768+00:00,2026-09-13T20:43:24.546855+00:00,3.975094037999952,2.637987175999797,0.07380142700026227,0.163241419999963,97540,2100740,049b8ae23671977570f91dba48c20e3d4252d7088ac6a07b89bedf1b6a74afda,
economic_C03_settings_development_028,economic_C03_settings,development,28576209,0,completed,175400.0,719,"[""DONE"", ""DONE""]","[175400.0, 3000.0]","[175400.0, 3000.0]",395a44f5a78d5112737150794998225905f0fef701f9f35217a494a584d0ef9c,records/economic_C03_settings_development.source_manifest.json,174ba2ad749cb3213a72a03302ef50b08a37a579848ba922bde132a19b8b6c23,2026-09-13T20:43:24.473000+00:00,2026-09-13T20:43:28.695182+00:00,4.222186956999963,2.8284969070000443,0.07774890300015613,0.17544653000004473,97356,2011054,98f6573391085240c07715596ea525f756ca0b1758ae1be471eda010bb37356f,
economic_C03_settings_development_029,economic_C03_settings,development,28576209,1,completed,174873.0,719,"[""DONE"", ""DONE""]","[3000.0, 174873.0]","[3000.0, 174873.0]",395a44f5a78d5112737150794998225905f0fef701f9f35217a494a584d0ef9c,records/economic_C03_settings_development.source_manifest.json,174ba2ad749cb3213a72a03302ef50b08a37a579848ba922bde132a19b8b6c23,2026-09-13T20:43:24.549104+00:00,2026-09-13T20:43:28.695957+00:00,4.146854235999967,2.7848763299992925,0.07956633900175802,0.16158130799999526,97632,2007373,1280603b49d50c0dc07ffaa18e2ac4cf3ab84db7079c38eb52cbc740d73f171e,
economic_C03_settings_development_030,economic_C03_settings,development,394509745,0,completed,228771.0,719,"[""DONE"", ""DONE""]","[228771.0, 3000.0]","[228771.0, 3000.0]",395a44f5a78d5112737150794998225905f0fef701f9f35217a494a584d0ef9c,records/economic_C03_settings_development.source_manifest.json,174ba2ad749cb3213a72a03302ef50b08a37a579848ba922bde132a19b8b6c23,2026-09-13T20:43:28.697357+00:00,2026-09-13T20:43:32.832680+00:00,4.135330795000073,2.7089871000030143,0.0746342399987725,0.16640453500008334,97708,2132320,41286e97dc19686e842b53076919aca7e4528947cb4eeb455b55f7e0e24f6cfe,
economic_C03_settings_development_031,economic_C03_settings,development,394509745,1,completed,234993.0,719,"[""DONE"", ""DONE""]","[3000.0, 234993.0]","[3000.0, 234993.0]",395a44f5a78d5112737150794998225905f0fef701f9f35217a494a584d0ef9c,records/economic_C03_settings_development.source_manifest.json,174ba2ad749cb3213a72a03302ef50b08a37a579848ba922bde132a19b8b6c23,2026-09-13T20:43:28.697954+00:00,2026-09-13T20:43:32.799043+00:00,4.101096107999979,2.6749307469998485,0.07641136099925916,0.17797245600002043,97892,2103913,4a94bc16f93026b2bce0f700d0230db1cccd1fc6ca6dd7ddbeb6c4b2ed5cb1f2,
economic_C03_settings_secondary_000,economic_C03_settings,secondary_disclosed_development,1781448506,0,completed,245472.0,719,"[""DONE"", ""DONE""]","[245472.0, 3000.0]","[245472.0, 3000.0]",395a44f5a78d5112737150794998225905f0fef701f9f35217a494a584d0ef9c,records/economic_C03_settings_secondary.source_manifest.json,174ba2ad749cb3213a72a03302ef50b08a37a579848ba922bde132a19b8b6c23,2026-09-13T20:45:21.139446+00:00,2026-09-13T20:45:25.433839+00:00,4.2943443660000185,2.8380727629999,0.07748225200043635,0.1754458139999997,94916,2129249,cb45244d37f1185996fcd3f5427e484ab69a6132f9908155f07f80fc43ab1084,
economic_C03_settings_secondary_001,economic_C03_settings,secondary_disclosed_development,1781448506,1,completed,231238.0,719,"[""DONE"", ""DONE""]","[3000.0, 231238.0]","[3000.0, 231238.0]",395a44f5a78d5112737150794998225905f0fef701f9f35217a494a584d0ef9c,records/economic_C03_settings_secondary.source_manifest.json,174ba2ad749cb3213a72a03302ef50b08a37a579848ba922bde132a19b8b6c23,2026-09-13T20:45:21.139510+00:00,2026-09-13T20:45:25.113506+00:00,3.9739515030000803,2.604758965997803,0.07166775499797495,0.13747813800000586,94920,2098128,25497bc2e733a075a4b01286f76b33b362974078bb65b2f4b5b0adfbfc9340c0,
economic_C03_settings_secondary_002,economic_C03_settings,secondary_disclosed_development,1681080428,0,completed,148560.0,719,"[""DONE"", ""DONE""]","[148560.0, 3000.0]","[148560.0, 3000.0]",395a44f5a78d5112737150794998225905f0fef701f9f35217a494a584d0ef9c,records/economic_C03_settings_secondary.source_manifest.json,174ba2ad749cb3213a72a03302ef50b08a37a579848ba922bde132a19b8b6c23,2026-09-13T20:45:25.118891+00:00,2026-09-13T20:45:29.261935+00:00,4.143046933999926,2.74883020599907,0.07739539700105524,0.14088303299990912,95788,2169065,576d8fe71fdeb889ef28f76b24008ac4e3ac25a9acae87ea8b626cfcd0e84afe,
economic_C03_settings_secondary_003,economic_C03_settings,secondary_disclosed_development,1681080428,1,completed,154522.0,719,"[""DONE"", ""DONE""]","[3000.0, 154522.0]","[3000.0, 154522.0]",395a44f5a78d5112737150794998225905f0fef701f9f35217a494a584d0ef9c,records/economic_C03_settings_secondary.source_manifest.json,174ba2ad749cb3213a72a03302ef50b08a37a579848ba922bde132a19b8b6c23,2026-09-13T20:45:25.436309+00:00,2026-09-13T20:45:29.450602+00:00,4.0142990059999875,2.688508329000115,0.0717758629994023,0.16577224399998158,96040,2209265,6ec4770c65b1871a8fbb692f034c2ffac7a514fef927eaa100f726813902f9f0,
economic_C03_settings_secondary_004,economic_C03_settings,secondary_disclosed_development,967718147,0,completed,218501.0,719,"[""DONE"", ""DONE""]","[218501.0, 3000.0]","[218501.0, 3000.0]",395a44f5a78d5112737150794998225905f0fef701f9f35217a494a584d0ef9c,records/economic_C03_settings_secondary.source_manifest.json,174ba2ad749cb3213a72a03302ef50b08a37a579848ba922bde132a19b8b6c23,2026-09-13T20:45:29.264280+00:00,2026-09-13T20:45:33.030027+00:00,3.765752844000076,2.511062648000461,0.0718984890000911,0.14202648499997395,95788,1893642,ab42c9cf07d90f063d5e74d904399ab8f9880140d1a22f0cf5e421e4a0bf375c,
economic_C03_settings_secondary_005,economic_C03_settings,secondary_disclosed_development,967718147,1,completed,216624.0,719,"[""DONE"", ""DONE""]","[3000.0, 216624.0]","[3000.0, 216624.0]",395a44f5a78d5112737150794998225905f0fef701f9f35217a494a584d0ef9c,records/economic_C03_settings_secondary.source_manifest.json,174ba2ad749cb3213a72a03302ef50b08a37a579848ba922bde132a19b8b6c23,2026-09-13T20:45:29.452928+00:00,2026-09-13T20:45:33.115647+00:00,3.662725690000002,2.4510971460002793,0.06925291100083086,0.1335136860000148,96040,1903602,e8a0cfd89afefa028b27bd97784722163bf7787efdb58bd1c0ba190231ebd36b,
economic_C03_settings_secondary_006,economic_C03_settings,secondary_disclosed_development,1856155813,0,completed,216219.0,719,"[""DONE"", ""DONE""]","[216219.0, 3000.0]","[216219.0, 3000.0]",395a44f5a78d5112737150794998225905f0fef701f9f35217a494a584d0ef9c,records/economic_C03_settings_secondary.source_manifest.json,174ba2ad749cb3213a72a03302ef50b08a37a579848ba922bde132a19b8b6c23,2026-09-13T20:45:33.032191+00:00,2026-09-13T20:45:37.160861+00:00,4.128677760999949,2.6907976780012177,0.07380033399999775,0.12501238799995917,96688,2169881,cfbf6e27fb0a52f3849fc7249ddabe2dcf95066bc99540c4f935a38f3ab8d78e,
economic_C03_settings_secondary_007,economic_C03_settings,secondary_disclosed_development,1856155813,1,completed,219693.0,719,"[""DONE"", ""DONE""]","[3000.0, 219693.0]","[3000.0, 219693.0]",395a44f5a78d5112737150794998225905f0fef701f9f35217a494a584d0ef9c,records/economic_C03_settings_secondary.source_manifest.json,174ba2ad749cb3213a72a03302ef50b08a37a579848ba922bde132a19b8b6c23,2026-09-13T20:45:33.117707+00:00,2026-09-13T20:45:36.935379+00:00,3.8176779210000404,2.4943259289995012,0.06946455800016338,0.1105224289999569,96404,2148441,d9426b75d56333c2d206ca941d0e75d976b903013dba02742b18df64b6c39b96,
economic_C03_settings_secondary_008,economic_C03_settings,secondary_disclosed_development,148094548,0,completed,184630.0,719,"[""DONE"", ""DONE""]","[184630.0, 3000.0]","[184630.0, 3000.0]",395a44f5a78d5112737150794998225905f0fef701f9f35217a494a584d0ef9c,records/economic_C03_settings_secondary.source_manifest.json,174ba2ad749cb3213a72a03302ef50b08a37a579848ba922bde132a19b8b6c23,2026-09-13T20:45:36.937693+00:00,2026-09-13T20:45:40.914316+00:00,3.976630603999979,2.6460716430004823,0.07121679699889683,0.1630669859999898,96404,2088063,509fcb17e3ba5fc2aee21a2ab04160e39aac0314012ee3ce3a942c7cd1a6635e,
economic_C03_settings_secondary_009,economic_C03_settings,secondary_disclosed_development,148094548,1,completed,192091.0,719,"[""DONE"", ""DONE""]","[3000.0, 192091.0]","[3000.0, 192091.0]",395a44f5a78d5112737150794998225905f0fef701f9f35217a494a584d0ef9c,records/economic_C03_settings_secondary.source_manifest.json,174ba2ad749cb3213a72a03302ef50b08a37a579848ba922bde132a19b8b6c23,2026-09-13T20:45:37.163283+00:00,2026-09-13T20:45:41.199832+00:00,4.036554469999942,2.659894485998052,0.073767859999748,0.16681714000003467,96688,2094702,dfe4256ca7a9d2dc683614a840cf2d8d896d69ae7817a3945cc98e562ca6dcef,
economic_C03_settings_secondary_010,economic_C03_settings,secondary_disclosed_development,180752382,0,completed,174269.0,719,"[""DONE"", ""DONE""]","[174269.0, 3000.0]","[174269.0, 3000.0]",395a44f5a78d5112737150794998225905f0fef701f9f35217a494a584d0ef9c,records/economic_C03_settings_secondary.source_manifest.json,174ba2ad749cb3213a72a03302ef50b08a37a579848ba922bde132a19b8b6c23,2026-09-13T20:45:40.916533+00:00,2026-09-13T20:45:44.951709+00:00,4.034998960999928,2.693280472000197,0.07299253099938596,0.1940208009999651,96588,2057842,44193f716f29dcd78d951f47a0aceeefa7526a28101d54eb1acf414c8c645786,
economic_C03_settings_secondary_011,economic_C03_settings,secondary_disclosed_development,180752382,1,completed,218784.0,719,"[""DONE"", ""DONE""]","[3000.0, 218784.0]","[3000.0, 218784.0]",395a44f5a78d5112737150794998225905f0fef701f9f35217a494a584d0ef9c,records/economic_C03_settings_secondary.source_manifest.json,174ba2ad749cb3213a72a03302ef50b08a37a579848ba922bde132a19b8b6c23,2026-09-13T20:45:41.202050+00:00,2026-09-13T20:45:45.170050+00:00,3.9680085399999143,2.6053755430000365,0.07364095100047052,0.145204599000067,96688,2119500,3a3510442de9d0d867137ae1ef70548ccff3b0edc545342756e120aba972cada,
economic_C03_settings_secondary_012,economic_C03_settings,secondary_disclosed_development,370413548,0,completed,244283.0,719,"[""DONE"", ""DONE""]","[244283.0, 3000.0]","[244283.0, 3000.0]",395a44f5a78d5112737150794998225905f0fef701f9f35217a494a584d0ef9c,records/economic_C03_settings_secondary.source_manifest.json,174ba2ad749cb3213a72a03302ef50b08a37a579848ba922bde132a19b8b6c23,2026-09-13T20:45:44.953946+00:00,2026-09-13T20:45:49.040159+00:00,4.08621933400002,2.703033009000478,0.07417410700111304,0.16722849799998585,96588,2150796,f79bca71b8c9be4822a99fef5f18f7895f9b4156b95c48a1b82bdf3969e32742,
economic_C03_settings_secondary_013,economic_C03_settings,secondary_disclosed_development,370413548,1,completed,244283.0,719,"[""DONE"", ""DONE""]","[3000.0, 244283.0]","[3000.0, 244283.0]",395a44f5a78d5112737150794998225905f0fef701f9f35217a494a584d0ef9c,records/economic_C03_settings_secondary.source_manifest.json,174ba2ad749cb3213a72a03302ef50b08a37a579848ba922bde132a19b8b6c23,2026-09-13T20:45:45.172312+00:00,2026-09-13T20:45:49.191752+00:00,4.019446773000027,2.6671104500014735,0.07256713799927184,0.1870812519999845,96688,2161582,581a16fa2be7c3024c48c9b4eff3f89c099ee84c7c308626a0e397b5d4abcb2d,
economic_C03_settings_secondary_014,economic_C03_settings,secondary_disclosed_development,383365175,0,completed,201398.0,719,"[""DONE"", ""DONE""]","[201398.0, 3000.0]","[201398.0, 3000.0]",395a44f5a78d5112737150794998225905f0fef701f9f35217a494a584d0ef9c,records/economic_C03_settings_secondary.source_manifest.json,174ba2ad749cb3213a72a03302ef50b08a37a579848ba922bde132a19b8b6c23,2026-09-13T20:45:49.042388+00:00,2026-09-13T20:45:53.126801+00:00,4.084416628999975,2.7547205329994995,0.07674964500154147,0.1350588829999424,96956,2047675,3a4285f5635ca1a9d00f2ebf6863b33cab3bf87e21237ef2b93ec67506b863c7,
economic_C03_settings_secondary_015,economic_C03_settings,secondary_disclosed_development,383365175,1,completed,222511.0,719,"[""DONE"", ""DONE""]","[3000.0, 222511.0]","[3000.0, 222511.0]",395a44f5a78d5112737150794998225905f0fef701f9f35217a494a584d0ef9c,records/economic_C03_settings_secondary.source_manifest.json,174ba2ad749cb3213a72a03302ef50b08a37a579848ba922bde132a19b8b6c23,2026-09-13T20:45:49.194012+00:00,2026-09-13T20:45:53.109787+00:00,3.915778864999993,2.586912537999183,0.07093313200005014,0.13329803999999967,96788,2063381,b43b51e744ce0e08899211a1ca8be17a6369cc86ad608c318becdb556ebb4f39,
economic_C03_settings_secondary_016,economic_C03_settings,secondary_disclosed_development,337943030,0,completed,230197.0,719,"[""DONE"", ""DONE""]","[230197.0, 3000.0]","[230197.0, 3000.0]",395a44f5a78d5112737150794998225905f0fef701f9f35217a494a584d0ef9c,records/economic_C03_settings_secondary.source_manifest.json,174ba2ad749cb3213a72a03302ef50b08a37a579848ba922bde132a19b8b6c23,2026-09-13T20:45:53.111966+00:00,2026-09-13T20:45:57.293426+00:00,4.1814670320000005,2.7914351809984055,0.07266975200172965,0.16619097999989663,96988,2128190,926add74663a79bb4be92f0b6a2a349caa2080b6c1aeb37c181e158d7fa976cc,
economic_C03_settings_secondary_017,economic_C03_settings,secondary_disclosed_development,337943030,1,completed,224747.0,719,"[""DONE"", ""DONE""]","[3000.0, 224747.0]","[3000.0, 224747.0]",395a44f5a78d5112737150794998225905f0fef701f9f35217a494a584d0ef9c,records/economic_C03_settings_secondary.source_manifest.json,174ba2ad749cb3213a72a03302ef50b08a37a579848ba922bde132a19b8b6c23,2026-09-13T20:45:53.128908+00:00,2026-09-13T20:45:57.265820+00:00,4.136917878999952,2.781690030998675,0.07240561099933984,0.15621906999990642,97064,2091365,66e987f52d292db4e17ba95bb66ae3c96898b4ba5f77b4483ba200becbb4b4c7,
economic_C03_settings_secondary_018,economic_C03_settings,secondary_disclosed_development,702093297,0,completed,224535.0,719,"[""DONE"", ""DONE""]","[224535.0, 3000.0]","[224535.0, 3000.0]",395a44f5a78d5112737150794998225905f0fef701f9f35217a494a584d0ef9c,records/economic_C03_settings_secondary.source_manifest.json,174ba2ad749cb3213a72a03302ef50b08a37a579848ba922bde132a19b8b6c23,2026-09-13T20:45:57.268006+00:00,2026-09-13T20:46:01.115915+00:00,3.847918052000068,2.52503649299922,0.07095030400046198,0.1429241020000518,97236,2058869,7891e7ad580f6d12911433284529259167df0b9a3c7b3573fd288d4e6c4f071f,
economic_C03_settings_secondary_019,economic_C03_settings,secondary_disclosed_development,702093297,1,completed,224391.0,719,"[""DONE"", ""DONE""]","[3000.0, 224391.0]","[3000.0, 224391.0]",395a44f5a78d5112737150794998225905f0fef701f9f35217a494a584d0ef9c,records/economic_C03_settings_secondary.source_manifest.json,174ba2ad749cb3213a72a03302ef50b08a37a579848ba922bde132a19b8b6c23,2026-09-13T20:45:57.295916+00:00,2026-09-13T20:46:01.233955+00:00,3.9380452860000332,2.571483803001456,0.07559847899938177,0.14402997499996673,96988,2065373,bfa4200d7fcc12d871813947f1fc5bb37f4db50416e3fe4ccf6657a3a291bb04,
economic_C03_settings_secondary_020,economic_C03_settings,secondary_disclosed_development,320211102,0,completed,236796.0,719,"[""DONE"", ""DONE""]","[236796.0, 3000.0]","[236796.0, 3000.0]",395a44f5a78d5112737150794998225905f0fef701f9f35217a494a584d0ef9c,records/economic_C03_settings_secondary.source_manifest.json,174ba2ad749cb3213a72a03302ef50b08a37a579848ba922bde132a19b8b6c23,2026-09-13T20:46:01.118196+00:00,2026-09-13T20:46:05.020783+00:00,3.9025922309999714,2.4921492909993503,0.07263247700109332,0.14045884699999078,97324,2108231,d5ca430737340de884014dc20be372fe736ee49bb1da9b542b9e859aac57e692,
economic_C03_settings_secondary_021,economic_C03_settings,secondary_disclosed_development,320211102,1,completed,212980.0,719,"[""DONE"", ""DONE""]","[3000.0, 212980.0]","[3000.0, 212980.0]",395a44f5a78d5112737150794998225905f0fef701f9f35217a494a584d0ef9c,records/economic_C03_settings_secondary.source_manifest.json,174ba2ad749cb3213a72a03302ef50b08a37a579848ba922bde132a19b8b6c23,2026-09-13T20:46:01.236159+00:00,2026-09-13T20:46:05.038059+00:00,3.801906322000036,2.4139476240021622,0.071281586000282,0.12848017499993603,97128,2071934,452d02179e35028101c7315e9f670215f3224e3aadaf9173f6996af7a38a23bb,
economic_C03_settings_secondary_022,economic_C03_settings,secondary_disclosed_development,140008426,0,completed,232512.0,719,"[""DONE"", ""DONE""]","[232512.0, 3000.0]","[232512.0, 3000.0]",395a44f5a78d5112737150794998225905f0fef701f9f35217a494a584d0ef9c,records/economic_C03_settings_secondary.source_manifest.json,174ba2ad749cb3213a72a03302ef50b08a37a579848ba922bde132a19b8b6c23,2026-09-13T20:46:05.023032+00:00,2026-09-13T20:46:09.108911+00:00,4.085884093999994,2.74569871199958,0.07194775299819867,0.15348780600004375,97584,2163439,8e0e31a4106150acd5239fc2411f5036290ca54a94c152732cc62fca5eb974e2,
economic_C03_settings_secondary_023,economic_C03_settings,secondary_disclosed_development,140008426,1,completed,224913.0,719,"[""DONE"", ""DONE""]","[3000.0, 224913.0]","[3000.0, 224913.0]",395a44f5a78d5112737150794998225905f0fef701f9f35217a494a584d0ef9c,records/economic_C03_settings_secondary.source_manifest.json,174ba2ad749cb3213a72a03302ef50b08a37a579848ba922bde132a19b8b6c23,2026-09-13T20:46:05.040251+00:00,2026-09-13T20:46:09.013239+00:00,3.972993378999945,2.6244176960009327,0.07356599800095864,0.13326465800003007,97292,2130849,7be285fdea31968ce97dd04fe6db2dd3d3771ef5c06c0cd7a0b1e60940f70978,
economic_C03_settings_secondary_024,economic_C03_settings,secondary_disclosed_development,219026998,0,completed,221055.0,719,"[""DONE"", ""DONE""]","[221055.0, 3000.0]","[221055.0, 3000.0]",395a44f5a78d5112737150794998225905f0fef701f9f35217a494a584d0ef9c,records/economic_C03_settings_secondary.source_manifest.json,174ba2ad749cb3213a72a03302ef50b08a37a579848ba922bde132a19b8b6c23,2026-09-13T20:46:09.015558+00:00,2026-09-13T20:46:13.034034+00:00,4.018482808000044,2.6689683779995903,0.07244535900099436,0.16648330600003192,97524,2083298,e9e6d2099dbca378b1a3ef0a32bfe18022ffd57d5f21a56fa041fa0b3ef18c21,
economic_C03_settings_secondary_025,economic_C03_settings,secondary_disclosed_development,219026998,1,completed,216819.0,719,"[""DONE"", ""DONE""]","[3000.0, 216819.0]","[3000.0, 216819.0]",395a44f5a78d5112737150794998225905f0fef701f9f35217a494a584d0ef9c,records/economic_C03_settings_secondary.source_manifest.json,174ba2ad749cb3213a72a03302ef50b08a37a579848ba922bde132a19b8b6c23,2026-09-13T20:46:09.111145+00:00,2026-09-13T20:46:13.225535+00:00,4.114396701000032,2.737072818003412,0.07511965400124154,0.1495707899999843,97804,2075371,bc07c54ccf6696c072479d604fc3004d8313f5a23009650df849067463e21026,
economic_C03_settings_secondary_026,economic_C03_settings,secondary_disclosed_development,1501860085,0,completed,189349.0,719,"[""DONE"", ""DONE""]","[189349.0, 3000.0]","[189349.0, 3000.0]",395a44f5a78d5112737150794998225905f0fef701f9f35217a494a584d0ef9c,records/economic_C03_settings_secondary.source_manifest.json,174ba2ad749cb3213a72a03302ef50b08a37a579848ba922bde132a19b8b6c23,2026-09-13T20:46:13.036296+00:00,2026-09-13T20:46:16.981838+00:00,3.945549034999999,2.58488724200015,0.07464126899981238,0.1533307209999748,97776,2076164,d7eb24705bfd270c974dcf0998c7513bc6e76c562d273bad4dd17d36a56365d2,
economic_C03_settings_secondary_027,economic_C03_settings,secondary_disclosed_development,1501860085,1,completed,189349.0,719,"[""DONE"", ""DONE""]","[3000.0, 189349.0]","[3000.0, 189349.0]",395a44f5a78d5112737150794998225905f0fef701f9f35217a494a584d0ef9c,records/economic_C03_settings_secondary.source_manifest.json,174ba2ad749cb3213a72a03302ef50b08a37a579848ba922bde132a19b8b6c23,2026-09-13T20:46:13.228181+00:00,2026-09-13T20:46:17.317173+00:00,4.088996855000005,2.683097360000829,0.07711457299785707,0.1596585119999645,97804,2075903,1f253211233860a130b69258ccd93397c23d63737641e3ae81669880d8c8604e,
economic_C03_settings_secondary_028,economic_C03_settings,secondary_disclosed_development,2027896586,0,completed,164685.0,719,"[""DONE"", ""DONE""]","[164685.0, 3000.0]","[164685.0, 3000.0]",395a44f5a78d5112737150794998225905f0fef701f9f35217a494a584d0ef9c,records/economic_C03_settings_secondary.source_manifest.json,174ba2ad749cb3213a72a03302ef50b08a37a579848ba922bde132a19b8b6c23,2026-09-13T20:46:16.984382+00:00,2026-09-13T20:46:20.907203+00:00,3.9228438169999436,2.612397288999091,0.07408069499820158,0.14366802200004258,97868,2015574,1de889ad19160b0a1678ab5ca541a6ab8b6dfa949511cf40f7e337d4760e6f0d,
economic_C03_settings_secondary_029,economic_C03_settings,secondary_disclosed_development,2027896586,1,completed,122067.0,719,"[""DONE"", ""DONE""]","[3000.0, 122067.0]","[3000.0, 122067.0]",395a44f5a78d5112737150794998225905f0fef701f9f35217a494a584d0ef9c,records/economic_C03_settings_secondary.source_manifest.json,174ba2ad749cb3213a72a03302ef50b08a37a579848ba922bde132a19b8b6c23,2026-09-13T20:46:17.319787+00:00,2026-09-13T20:46:21.364304+00:00,4.044522357999995,2.663680574001205,0.07522075400106587,0.1558940380000422,97840,2064791,0cb8315867a65e46e9be110a09d3d5f65a86ba95b72206b54b9caea78af356dd,
economic_C03_settings_secondary_030,economic_C03_settings,secondary_disclosed_development,1658182076,0,completed,232041.0,719,"[""DONE"", ""DONE""]","[232041.0, 3000.0]","[232041.0, 3000.0]",395a44f5a78d5112737150794998225905f0fef701f9f35217a494a584d0ef9c,records/economic_C03_settings_secondary.source_manifest.json,174ba2ad749cb3213a72a03302ef50b08a37a579848ba922bde132a19b8b6c23,2026-09-13T20:46:20.909323+00:00,2026-09-13T20:46:24.916646+00:00,4.007344056999955,2.6909860839999737,0.07147557499922641,0.1764915190000238,97880,2059354,23c7e0d38288d05ef1c414ebb63b95b48c540540e52af40c2704ac6298577936,
economic_C03_settings_secondary_031,economic_C03_settings,secondary_disclosed_development,1658182076,1,completed,231955.0,719,"[""DONE"", ""DONE""]","[3000.0, 231955.0]","[3000.0, 231955.0]",395a44f5a78d5112737150794998225905f0fef701f9f35217a494a584d0ef9c,records/economic_C03_settings_secondary.source_manifest.json,174ba2ad749cb3213a72a03302ef50b08a37a579848ba922bde132a19b8b6c23,2026-09-13T20:46:21.366481+00:00,2026-09-13T20:46:25.516312+00:00,4.149838456999987,2.7914300290010488,0.07857503100171925,0.18192087300008097,98000,2034210,780fbb0e21947b19b03067b1ba09ec3de796956fdc3b32b2aa7f745c98f3cc1e,
entrypoint_reset_000,selected,root_entrypoint_reset,1652205610,0,completed,202440.0,719,"[""DONE"", ""DONE""]","[202440.0, 3000.0]","[202440.0, 3000.0]",ac5fafa770b80c365e7d85786ada264f8d4e9f1bbc3b030d94d440c88e52e640,records/SOURCE_FREEZE.json,174ba2ad749cb3213a72a03302ef50b08a37a579848ba922bde132a19b8b6c23,2026-09-13T20:50:57.209617+00:00,2026-09-13T20:51:01.326715+00:00,4.117109228000004,2.7677792990004946,0.07329839899909985,0.20549853399995754,109140,2086160,bf2739b3358d88c07453b3dee9373412f529d6ecabfb80dbd131ec53f70a8638,
entrypoint_reset_001,selected,root_entrypoint_reset,1652205610,1,completed,196243.0,719,"[""DONE"", ""DONE""]","[3000.0, 196243.0]","[3000.0, 196243.0]",ac5fafa770b80c365e7d85786ada264f8d4e9f1bbc3b030d94d440c88e52e640,records/SOURCE_FREEZE.json,174ba2ad749cb3213a72a03302ef50b08a37a579848ba922bde132a19b8b6c23,2026-09-13T20:51:01.949908+00:00,2026-09-13T20:51:05.905129+00:00,3.955214180999974,2.618778109996697,0.0717684069995812,0.14224708400001873,110468,2097043,3618f909ae5620c2060c7804763a12be51f865c74bb1ccab6e8c86d754681ab2,
entrypoint_reset_002,selected,root_entrypoint_reset,1652205610,0,completed,202440.0,719,"[""DONE"", ""DONE""]","[202440.0, 3000.0]","[202440.0, 3000.0]",ac5fafa770b80c365e7d85786ada264f8d4e9f1bbc3b030d94d440c88e52e640,records/SOURCE_FREEZE.json,174ba2ad749cb3213a72a03302ef50b08a37a579848ba922bde132a19b8b6c23,2026-09-13T20:51:06.533865+00:00,2026-09-13T20:51:10.612101+00:00,4.078231553000023,2.702119780999169,0.07455133599910369,0.1469288470000265,110468,2079549,7f09c7725653c6cf2e4e83edc92c3161bcd5b0911e27dd0430c21ae4bbe637fd,
entrypoint_reset_003,selected,root_entrypoint_reset,1652205610,1,completed,196243.0,719,"[""DONE"", ""DONE""]","[3000.0, 196243.0]","[3000.0, 196243.0]",ac5fafa770b80c365e7d85786ada264f8d4e9f1bbc3b030d94d440c88e52e640,records/SOURCE_FREEZE.json,174ba2ad749cb3213a72a03302ef50b08a37a579848ba922bde132a19b8b6c23,2026-09-13T20:51:11.247057+00:00,2026-09-13T20:51:15.308641+00:00,4.061578175000022,2.6814725800018095,0.07222827899761342,0.14750556899991807,110868,2094960,4018a30b0054616271a20e091318f263878ceb73900d4366afd1c4570721f0aa,
harvest3_development_000,harvest3,development,1652205610,0,completed,193043.0,719,"[""DONE"", ""DONE""]","[193043.0, 3000.0]","[193043.0, 3000.0]",5ed7449014d22199f38ce78066e3a8280268374874eecaed8988f95267e5ef5c,records/harvest3_development.source_manifest.json,174ba2ad749cb3213a72a03302ef50b08a37a579848ba922bde132a19b8b6c23,2026-09-13T20:39:04.665171+00:00,2026-09-13T20:39:09.117942+00:00,4.4526414779999755,3.079055937999442,0.07614453399821741,0.19153560799998104,94968,2134333,88d0d82d9931bf9184d4b4cf4d055f47177010ad8c97dc746b0003a4b2088aa6,
harvest3_development_001,harvest3,development,1652205610,1,completed,184102.0,719,"[""DONE"", ""DONE""]","[3000.0, 184102.0]","[3000.0, 184102.0]",5ed7449014d22199f38ce78066e3a8280268374874eecaed8988f95267e5ef5c,records/harvest3_development.source_manifest.json,174ba2ad749cb3213a72a03302ef50b08a37a579848ba922bde132a19b8b6c23,2026-09-13T20:39:04.665247+00:00,2026-09-13T20:39:09.094253+00:00,4.428957512000011,3.0239372420006134,0.07532464899958313,0.16785143999999264,94920,2089568,fea5c6ec41d678efe66bbd6017638a99a86aa4197299e99f984f99a9c1b253d4,
harvest3_development_002,harvest3,development,979746784,0,completed,198110.0,719,"[""DONE"", ""DONE""]","[198110.0, 3000.0]","[198110.0, 3000.0]",5ed7449014d22199f38ce78066e3a8280268374874eecaed8988f95267e5ef5c,records/harvest3_development.source_manifest.json,174ba2ad749cb3213a72a03302ef50b08a37a579848ba922bde132a19b8b6c23,2026-09-13T20:39:09.098414+00:00,2026-09-13T20:39:13.332190+00:00,4.233764213000029,2.8659978760006766,0.07248586499878229,0.1586244559999841,96044,2135143,e9914502b714da9d3d3e28963fd6732b1e0f4c9ba6aa7cbf041ab50dd802d1b6,
harvest3_development_003,harvest3,development,979746784,1,completed,198110.0,719,"[""DONE"", ""DONE""]","[3000.0, 198110.0]","[3000.0, 198110.0]",5ed7449014d22199f38ce78066e3a8280268374874eecaed8988f95267e5ef5c,records/harvest3_development.source_manifest.json,174ba2ad749cb3213a72a03302ef50b08a37a579848ba922bde132a19b8b6c23,2026-09-13T20:39:09.120288+00:00,2026-09-13T20:39:13.267324+00:00,4.1470431520000375,2.813152252999487,0.07038152400048148,0.1566243000000327,95580,2136675,7bf1dc660869d460149e112b0376eae2085f1ee2e154f714b0aab61464f8e66a,
harvest3_development_004,harvest3,development,1948729637,0,completed,228572.0,719,"[""DONE"", ""DONE""]","[228572.0, 3000.0]","[228572.0, 3000.0]",5ed7449014d22199f38ce78066e3a8280268374874eecaed8988f95267e5ef5c,records/harvest3_development.source_manifest.json,174ba2ad749cb3213a72a03302ef50b08a37a579848ba922bde132a19b8b6c23,2026-09-13T20:39:13.269659+00:00,2026-09-13T20:39:17.367363+00:00,4.097711183999991,2.7910735420002197,0.07313878899975634,0.16744482100000369,95804,2064073,d0f22ce023f9317b93de45e1eaaed0151b3f2c1742b0f23b223178a3f59eafc6,
harvest3_development_005,harvest3,development,1948729637,1,completed,221994.0,719,"[""DONE"", ""DONE""]","[3000.0, 221994.0]","[3000.0, 221994.0]",5ed7449014d22199f38ce78066e3a8280268374874eecaed8988f95267e5ef5c,records/harvest3_development.source_manifest.json,174ba2ad749cb3213a72a03302ef50b08a37a579848ba922bde132a19b8b6c23,2026-09-13T20:39:13.334531+00:00,2026-09-13T20:39:17.613652+00:00,4.279127743999993,2.928765030999841,0.07156092399975478,0.1688712889999806,96168,2086125,4f0d073e6c7b06af23639b1f578b66cafdbc70442e4585746401d29b3f7fe1f7,
harvest3_development_006,harvest3,development,1514191294,0,completed,204750.0,719,"[""DONE"", ""DONE""]","[204750.0, 3000.0]","[204750.0, 3000.0]",5ed7449014d22199f38ce78066e3a8280268374874eecaed8988f95267e5ef5c,records/harvest3_development.source_manifest.json,174ba2ad749cb3213a72a03302ef50b08a37a579848ba922bde132a19b8b6c23,2026-09-13T20:39:17.369536+00:00,2026-09-13T20:39:21.372562+00:00,4.003033862999985,2.68784539699908,0.07082498100095336,0.1496873660000233,96660,2027810,75de171c4621b83a165ff504161918b601be3396ff34a483abd0d4f2f998ac32,
harvest3_development_007,harvest3,development,1514191294,1,completed,204750.0,719,"[""DONE"", ""DONE""]","[3000.0, 204750.0]","[3000.0, 204750.0]",5ed7449014d22199f38ce78066e3a8280268374874eecaed8988f95267e5ef5c,records/harvest3_development.source_manifest.json,174ba2ad749cb3213a72a03302ef50b08a37a579848ba922bde132a19b8b6c23,2026-09-13T20:39:17.615939+00:00,2026-09-13T20:39:21.665528+00:00,4.0495963849999725,2.7017802169997935,0.07098138199870618,0.15075829699998167,96248,2018053,4361e996129eaf8eaf8753203cb34385ca1c4e392413ae4f262d794f5bcb6d38,
harvest3_development_008,harvest3,development,833126169,0,completed,191514.0,719,"[""DONE"", ""DONE""]","[191514.0, 3000.0]","[191514.0, 3000.0]",5ed7449014d22199f38ce78066e3a8280268374874eecaed8988f95267e5ef5c,records/harvest3_development.source_manifest.json,174ba2ad749cb3213a72a03302ef50b08a37a579848ba922bde132a19b8b6c23,2026-09-13T20:39:21.374818+00:00,2026-09-13T20:39:25.452495+00:00,4.077670839000007,2.7302328699998384,0.07271469000005482,0.14625394999995933,96660,2076635,ba84484b6e831b067da3905a0c9df258a39acc1f3e0ad05d2e44162f7db6ef66,
harvest3_development_009,harvest3,development,833126169,1,completed,191514.0,719,"[""DONE"", ""DONE""]","[3000.0, 191514.0]","[3000.0, 191514.0]",5ed7449014d22199f38ce78066e3a8280268374874eecaed8988f95267e5ef5c,records/harvest3_development.source_manifest.json,174ba2ad749cb3213a72a03302ef50b08a37a579848ba922bde132a19b8b6c23,2026-09-13T20:39:21.667670+00:00,2026-09-13T20:39:25.795804+00:00,4.1281430550000096,2.7496384680003416,0.07344796100090889,0.14704427700002043,96476,2082732,a71736e17daaf9dd92632f588cd6e2325774eb3dd03695545212afd1fc28f899,
harvest3_development_010,harvest3,development,1715028217,0,completed,169473.0,719,"[""DONE"", ""DONE""]","[169473.0, 3000.0]","[169473.0, 3000.0]",5ed7449014d22199f38ce78066e3a8280268374874eecaed8988f95267e5ef5c,records/harvest3_development.source_manifest.json,174ba2ad749cb3213a72a03302ef50b08a37a579848ba922bde132a19b8b6c23,2026-09-13T20:39:25.454668+00:00,2026-09-13T20:39:29.613685+00:00,4.159023899999966,2.706168046000414,0.0773280490014372,0.12800005399998327,96660,2072547,03c58e013e76d71592aab1303fe6c369cf97398ba5be0e6b4ad2b5705b18afab,
harvest3_development_011,harvest3,development,1715028217,1,completed,151001.0,719,"[""DONE"", ""DONE""]","[3000.0, 151001.0]","[3000.0, 151001.0]",5ed7449014d22199f38ce78066e3a8280268374874eecaed8988f95267e5ef5c,records/harvest3_development.source_manifest.json,174ba2ad749cb3213a72a03302ef50b08a37a579848ba922bde132a19b8b6c23,2026-09-13T20:39:25.798133+00:00,2026-09-13T20:39:29.896080+00:00,4.097952437000004,2.6608170750000113,0.07650145199949065,0.13141401799998675,96484,2102732,e934d46e504422ee0b4fc62a463dbb978cffba2f72032294309114f9e55f2b27,
harvest3_development_012,harvest3,development,766857369,0,completed,172201.0,719,"[""DONE"", ""DONE""]","[172201.0, 3000.0]","[172201.0, 3000.0]",5ed7449014d22199f38ce78066e3a8280268374874eecaed8988f95267e5ef5c,records/harvest3_development.source_manifest.json,174ba2ad749cb3213a72a03302ef50b08a37a579848ba922bde132a19b8b6c23,2026-09-13T20:39:29.615874+00:00,2026-09-13T20:39:33.486132+00:00,3.870264763000023,2.5187707330004514,0.07137506300063023,0.14597451800000272,96660,2099071,cac2b59b6bb70ce11895675b0d35342edad42204e115ccac1f48beb5dfaaa723,
harvest3_development_013,harvest3,development,766857369,1,completed,172201.0,719,"[""DONE"", ""DONE""]","[3000.0, 172201.0]","[3000.0, 172201.0]",5ed7449014d22199f38ce78066e3a8280268374874eecaed8988f95267e5ef5c,records/harvest3_development.source_manifest.json,174ba2ad749cb3213a72a03302ef50b08a37a579848ba922bde132a19b8b6c23,2026-09-13T20:39:29.898499+00:00,2026-09-13T20:39:33.854441+00:00,3.955950152000014,2.574160611000366,0.07267829099964729,0.13148711900004173,96688,2109692,9d689207221ad3e1df2c01765105fb4db0eadba2e6d219f3d42d93968eee57de,
harvest3_development_014,harvest3,development,1387052231,0,completed,164145.0,719,"[""DONE"", ""DONE""]","[164145.0, 3000.0]","[164145.0, 3000.0]",5ed7449014d22199f38ce78066e3a8280268374874eecaed8988f95267e5ef5c,records/harvest3_development.source_manifest.json,174ba2ad749cb3213a72a03302ef50b08a37a579848ba922bde132a19b8b6c23,2026-09-13T20:39:33.488412+00:00,2026-09-13T20:39:37.276315+00:00,3.7879080730000396,2.44199427399991,0.070466572000214,0.1512337369999841,97280,2065160,db266e7d83a7765a47c7f8d8d36edcfa9e0cfba760b0bbe7d0ab4ab32e2c4038,
harvest3_development_015,harvest3,development,1387052231,1,completed,168817.0,719,"[""DONE"", ""DONE""]","[3000.0, 168817.0]","[3000.0, 168817.0]",5ed7449014d22199f38ce78066e3a8280268374874eecaed8988f95267e5ef5c,records/harvest3_development.source_manifest.json,174ba2ad749cb3213a72a03302ef50b08a37a579848ba922bde132a19b8b6c23,2026-09-13T20:39:33.856973+00:00,2026-09-13T20:39:37.687598+00:00,3.8306324719999907,2.460387668000294,0.07088043799916477,0.15540754100004506,96892,2065529,df22be623917cda51ac72387b502add4b0529596f5dd172e9729718aa3469021,
harvest3_development_016,harvest3,development,1459327281,0,completed,210968.0,719,"[""DONE"", ""DONE""]","[210968.0, 3000.0]","[210968.0, 3000.0]",5ed7449014d22199f38ce78066e3a8280268374874eecaed8988f95267e5ef5c,records/harvest3_development.source_manifest.json,174ba2ad749cb3213a72a03302ef50b08a37a579848ba922bde132a19b8b6c23,2026-09-13T20:39:37.278645+00:00,2026-09-13T20:39:41.551869+00:00,4.273231129999999,2.8504539559997966,0.07415216800029611,0.1876612659999637,97280,1989771,49da2b2b49df4e0725572e307d758755a6f6001e40979cd3feb24ad0a3690887,
harvest3_development_017,harvest3,development,1459327281,1,completed,210968.0,719,"[""DONE"", ""DONE""]","[3000.0, 210968.0]","[3000.0, 210968.0]",5ed7449014d22199f38ce78066e3a8280268374874eecaed8988f95267e5ef5c,records/harvest3_development.source_manifest.json,174ba2ad749cb3213a72a03302ef50b08a37a579848ba922bde132a19b8b6c23,2026-09-13T20:39:37.689864+00:00,2026-09-13T20:39:41.859668+00:00,4.169811842000001,2.791249088000086,0.07383553900115203,0.17248997199999394,96892,1991045,2a0a00e459e925fa18a89e32800ce9f648613631ecaade067aa4573329e323f5,
harvest3_development_018,harvest3,development,1175089851,0,completed,161165.0,719,"[""DONE"", ""DONE""]","[161165.0, 3000.0]","[161165.0, 3000.0]",5ed7449014d22199f38ce78066e3a8280268374874eecaed8988f95267e5ef5c,records/harvest3_development.source_manifest.json,174ba2ad749cb3213a72a03302ef50b08a37a579848ba922bde132a19b8b6c23,2026-09-13T20:39:41.554046+00:00,2026-09-13T20:39:45.677720+00:00,4.123681552999983,2.777594152000063,0.07325421899986395,0.17128159699996104,97280,2134824,82c9b471d2fe08c05a98727ddb7602cc6b9332337b46e9dd5a75ef312c284806,
harvest3_development_019,harvest3,development,1175089851,1,completed,164458.0,719,"[""DONE"", ""DONE""]","[3000.0, 164458.0]","[3000.0, 164458.0]",5ed7449014d22199f38ce78066e3a8280268374874eecaed8988f95267e5ef5c,records/harvest3_development.source_manifest.json,174ba2ad749cb3213a72a03302ef50b08a37a579848ba922bde132a19b8b6c23,2026-09-13T20:39:41.861874+00:00,2026-09-13T20:39:45.925932+00:00,4.064064326999983,2.6853117809997684,0.07626774700082706,0.14773496200001546,96892,1972448,21b8fd6121c6859c054fe0ae096d78690bb830d31b494184af41196695ea0e57,
harvest3_development_020,harvest3,development,1138364143,0,completed,166670.0,719,"[""DONE"", ""DONE""]","[166670.0, 3000.0]","[166670.0, 3000.0]",5ed7449014d22199f38ce78066e3a8280268374874eecaed8988f95267e5ef5c,records/harvest3_development.source_manifest.json,174ba2ad749cb3213a72a03302ef50b08a37a579848ba922bde132a19b8b6c23,2026-09-13T20:39:45.681161+00:00,2026-09-13T20:39:49.621438+00:00,3.940282331999981,2.6920322140002213,0.07218082300045126,0.16343827600002214,97452,1964050,c6dbd223853838f9256d27a086f9eb00c120fbe0b4b570015338f4cb42446bbc,
harvest3_development_021,harvest3,development,1138364143,1,completed,167517.0,719,"[""DONE"", ""DONE""]","[3000.0, 167517.0]","[3000.0, 167517.0]",5ed7449014d22199f38ce78066e3a8280268374874eecaed8988f95267e5ef5c,records/harvest3_development.source_manifest.json,174ba2ad749cb3213a72a03302ef50b08a37a579848ba922bde132a19b8b6c23,2026-09-13T20:39:45.928688+00:00,2026-09-13T20:39:49.996536+00:00,4.067854579000027,2.775968980001096,0.07585119500043902,0.17258653599998297,97416,1963181,00895b58b692a830fa4b55d9aae4e1f6a965bcb9727789dca56a90acd5fa531a,
harvest3_development_022,harvest3,development,1722159489,0,completed,203185.0,719,"[""DONE"", ""DONE""]","[203185.0, 3000.0]","[203185.0, 3000.0]",5ed7449014d22199f38ce78066e3a8280268374874eecaed8988f95267e5ef5c,records/harvest3_development.source_manifest.json,174ba2ad749cb3213a72a03302ef50b08a37a579848ba922bde132a19b8b6c23,2026-09-13T20:39:49.623521+00:00,2026-09-13T20:39:53.711290+00:00,4.0877769030000195,2.7470129789998623,0.0757368859996177,0.14833427499996787,97452,2028275,099bd2d4c009a25cbced9c92fa3e0bbd8844cb9f45f5caf989b98e34446eeb8d,
harvest3_development_023,harvest3,development,1722159489,1,completed,205773.0,719,"[""DONE"", ""DONE""]","[3000.0, 205773.0]","[3000.0, 205773.0]",5ed7449014d22199f38ce78066e3a8280268374874eecaed8988f95267e5ef5c,records/harvest3_development.source_manifest.json,174ba2ad749cb3213a72a03302ef50b08a37a579848ba922bde132a19b8b6c23,2026-09-13T20:39:49.998648+00:00,2026-09-13T20:39:54.032912+00:00,4.034273113999973,2.7144703280000613,0.07628953199969146,0.1489856999999688,97676,1999010,9077a64ae989532fb50406a8abbbe9d22daf5efd05f329ce67b2e5a164abb720,
harvest3_development_024,harvest3,development,979914492,0,completed,253963.0,719,"[""DONE"", ""DONE""]","[253963.0, 3000.0]","[253963.0, 3000.0]",5ed7449014d22199f38ce78066e3a8280268374874eecaed8988f95267e5ef5c,records/harvest3_development.source_manifest.json,174ba2ad749cb3213a72a03302ef50b08a37a579848ba922bde132a19b8b6c23,2026-09-13T20:39:53.713786+00:00,2026-09-13T20:39:58.165472+00:00,4.4516933539999854,3.0285570459994915,0.07510967400014579,0.17732172500001298,97468,2086827,e531a2a7af34a5758a09a6e56275481268d0f4ae9fe8bf4589f6327a7564130d,
harvest3_development_025,harvest3,development,979914492,1,completed,253963.0,719,"[""DONE"", ""DONE""]","[3000.0, 253963.0]","[3000.0, 253963.0]",5ed7449014d22199f38ce78066e3a8280268374874eecaed8988f95267e5ef5c,records/harvest3_development.source_manifest.json,174ba2ad749cb3213a72a03302ef50b08a37a579848ba922bde132a19b8b6c23,2026-09-13T20:39:54.035041+00:00,2026-09-13T20:39:58.444984+00:00,4.409949412000003,3.0029464500007066,0.07541862900126262,0.15231739600000083,97676,2097274,b66264b0cb24b5929c871c18fc498ee2959f93af5dd50e0e1a269b7ce24c787e,
harvest3_development_026,harvest3,development,1421711696,0,completed,259196.0,719,"[""DONE"", ""DONE""]","[259196.0, 3000.0]","[259196.0, 3000.0]",5ed7449014d22199f38ce78066e3a8280268374874eecaed8988f95267e5ef5c,records/harvest3_development.source_manifest.json,174ba2ad749cb3213a72a03302ef50b08a37a579848ba922bde132a19b8b6c23,2026-09-13T20:39:58.167751+00:00,2026-09-13T20:40:02.397059+00:00,4.229314879000015,2.8548684619999563,0.07581725300025255,0.1357497559999956,97920,2077401,5a0559c289bff8f86fc7c5a5f6722e79b103cf2388eefcb631c53e5682bf578e,
harvest3_development_027,harvest3,development,1421711696,1,completed,184380.0,719,"[""DONE"", ""DONE""]","[3000.0, 184380.0]","[3000.0, 184380.0]",5ed7449014d22199f38ce78066e3a8280268374874eecaed8988f95267e5ef5c,records/harvest3_development.source_manifest.json,174ba2ad749cb3213a72a03302ef50b08a37a579848ba922bde132a19b8b6c23,2026-09-13T20:39:58.447762+00:00,2026-09-13T20:40:02.404918+00:00,3.957163314000013,2.6543187440011025,0.07173346999974228,0.1383299999999963,97676,2000304,2bd84ed39d06ac101ab1c571831f6ed7dcb6c6edea8bb5bb93418c0d7223fb10,
harvest3_development_028,harvest3,development,28576209,0,completed,159915.0,719,"[""DONE"", ""DONE""]","[159915.0, 3000.0]","[159915.0, 3000.0]",5ed7449014d22199f38ce78066e3a8280268374874eecaed8988f95267e5ef5c,records/harvest3_development.source_manifest.json,174ba2ad749cb3213a72a03302ef50b08a37a579848ba922bde132a19b8b6c23,2026-09-13T20:40:02.399317+00:00,2026-09-13T20:40:06.748875+00:00,4.349564022999971,2.934767100000613,0.07710530799965909,0.1741488590000131,97920,2000678,bac14bfedf6e24a34ac8f995e33e98cf245ca3dcd9b7f47a3b1e17e46f51e829,
harvest3_development_029,harvest3,development,28576209,1,completed,160594.0,719,"[""DONE"", ""DONE""]","[3000.0, 160594.0]","[3000.0, 160594.0]",5ed7449014d22199f38ce78066e3a8280268374874eecaed8988f95267e5ef5c,records/harvest3_development.source_manifest.json,174ba2ad749cb3213a72a03302ef50b08a37a579848ba922bde132a19b8b6c23,2026-09-13T20:40:02.407049+00:00,2026-09-13T20:40:06.695052+00:00,4.288008579000007,2.859103805999837,0.07814947699887398,0.14852196800001138,97784,2004081,42d4a9a6c32739cb04a38bde148908ed9471090c32ed72652caa338f22ccf485,
harvest3_development_030,harvest3,development,394509745,0,completed,212712.0,719,"[""DONE"", ""DONE""]","[212712.0, 3000.0]","[212712.0, 3000.0]",5ed7449014d22199f38ce78066e3a8280268374874eecaed8988f95267e5ef5c,records/harvest3_development.source_manifest.json,174ba2ad749cb3213a72a03302ef50b08a37a579848ba922bde132a19b8b6c23,2026-09-13T20:40:06.697113+00:00,2026-09-13T20:40:11.028590+00:00,4.33148816299996,2.846807775000457,0.07628188099937461,0.18024930399997174,97784,2092235,c4fae1aa827187ca7842d09dc435a41facc4733e5ed13310b43b558afd6a9137,
harvest3_development_031,harvest3,development,394509745,1,completed,246938.0,719,"[""DONE"", ""DONE""]","[3000.0, 246938.0]","[3000.0, 246938.0]",5ed7449014d22199f38ce78066e3a8280268374874eecaed8988f95267e5ef5c,records/harvest3_development.source_manifest.json,174ba2ad749cb3213a72a03302ef50b08a37a579848ba922bde132a19b8b6c23,2026-09-13T20:40:06.751053+00:00,2026-09-13T20:40:11.239483+00:00,4.488437974000021,3.0007743889995595,0.08138220899843418,0.17351497100003144,98076,2166209,3340bf68ebdbdca189676a3abda1353608051c595cb66816292e5575a19e1b8a,
selected_validation_000,selected,validation,237629169,0,completed,216428.0,719,"[""DONE"", ""DONE""]","[216428.0, 3000.0]","[216428.0, 3000.0]",ac5fafa770b80c365e7d85786ada264f8d4e9f1bbc3b030d94d440c88e52e640,records/selected_validation.source_manifest.json,174ba2ad749cb3213a72a03302ef50b08a37a579848ba922bde132a19b8b6c23,2026-09-13T20:48:42.453120+00:00,2026-09-13T20:48:46.217473+00:00,3.764307436000081,2.4867980009984194,0.07347691899997244,0.12747128500006966,94244,2001686,38cbad0b549bae57110023d35bcd4207e39814d1a0fee205ab8582823424fe67,
selected_validation_001,selected,validation,237629169,1,completed,198891.0,719,"[""DONE"", ""DONE""]","[3000.0, 198891.0]","[3000.0, 198891.0]",ac5fafa770b80c365e7d85786ada264f8d4e9f1bbc3b030d94d440c88e52e640,records/selected_validation.source_manifest.json,174ba2ad749cb3213a72a03302ef50b08a37a579848ba922bde132a19b8b6c23,2026-09-13T20:48:42.453151+00:00,2026-09-13T20:48:46.326354+00:00,3.873175610999965,2.614104047998694,0.0725326119983265,0.13301924999996118,94416,2071916,46faf559780d5997452d50fd177f9eb5d341c1ef01f4c95a260bdd268079e398,
selected_validation_002,selected,validation,598471694,0,completed,187687.0,719,"[""DONE"", ""DONE""]","[187687.0, 3000.0]","[187687.0, 3000.0]",ac5fafa770b80c365e7d85786ada264f8d4e9f1bbc3b030d94d440c88e52e640,records/selected_validation.source_manifest.json,174ba2ad749cb3213a72a03302ef50b08a37a579848ba922bde132a19b8b6c23,2026-09-13T20:48:46.219810+00:00,2026-09-13T20:48:50.295277+00:00,4.075474574000054,2.7268150109998714,0.07145121999894855,0.14276084699997682,95532,2156353,5fbbb8650ff0b40de6b1d81ad24381def2f5ad7929b934826d6bbf6d5aae7cb8,
selected_validation_003,selected,validation,598471694,1,completed,209808.0,719,"[""DONE"", ""DONE""]","[3000.0, 209808.0]","[3000.0, 209808.0]",ac5fafa770b80c365e7d85786ada264f8d4e9f1bbc3b030d94d440c88e52e640,records/selected_validation.source_manifest.json,174ba2ad749cb3213a72a03302ef50b08a37a579848ba922bde132a19b8b6c23,2026-09-13T20:48:46.328596+00:00,2026-09-13T20:48:50.499335+00:00,4.1707457879999765,2.8303020809998998,0.07141812900056266,0.1307576170000857,95600,2128184,cf6cf9f8411756278d368698bd29c33958cb65ab32403b56a5d9bff08d199985,
selected_validation_004,selected,validation,747304733,0,completed,154488.0,719,"[""DONE"", ""DONE""]","[154488.0, 3000.0]","[154488.0, 3000.0]",ac5fafa770b80c365e7d85786ada264f8d4e9f1bbc3b030d94d440c88e52e640,records/selected_validation.source_manifest.json,174ba2ad749cb3213a72a03302ef50b08a37a579848ba922bde132a19b8b6c23,2026-09-13T20:48:50.297592+00:00,2026-09-13T20:48:54.333262+00:00,4.035676536999972,2.7226605589994506,0.0731005989989626,0.14711673700003303,95780,2113574,1d027537e29e77d2a34c39d6460eb511e943d0a3b1d676bf3505d89c4b7119a9,
selected_validation_005,selected,validation,747304733,1,completed,168035.0,719,"[""DONE"", ""DONE""]","[3000.0, 168035.0]","[3000.0, 168035.0]",ac5fafa770b80c365e7d85786ada264f8d4e9f1bbc3b030d94d440c88e52e640,records/selected_validation.source_manifest.json,174ba2ad749cb3213a72a03302ef50b08a37a579848ba922bde132a19b8b6c23,2026-09-13T20:48:50.501533+00:00,2026-09-13T20:48:54.250486+00:00,3.7489592080000875,2.4453531509994946,0.07057601100007105,0.13239145900001859,96124,2079386,6d10c7c31bf868730da741eb2cd25ab9b49d58405c23310992540c3253db46a0,
selected_validation_006,selected,validation,1871453920,0,completed,214151.0,719,"[""DONE"", ""DONE""]","[214151.0, 3000.0]","[214151.0, 3000.0]",ac5fafa770b80c365e7d85786ada264f8d4e9f1bbc3b030d94d440c88e52e640,records/selected_validation.source_manifest.json,174ba2ad749cb3213a72a03302ef50b08a37a579848ba922bde132a19b8b6c23,2026-09-13T20:48:54.252684+00:00,2026-09-13T20:48:58.213856+00:00,3.9611770169999545,2.644666556999823,0.07094624400042449,0.21359691200007092,96288,1989432,7d321466c8db913bde09847a6bda54bf1f03d582cdda9f104c27e82be73b85c0,
selected_validation_007,selected,validation,1871453920,1,completed,231992.0,719,"[""DONE"", ""DONE""]","[3000.0, 231992.0]","[3000.0, 231992.0]",ac5fafa770b80c365e7d85786ada264f8d4e9f1bbc3b030d94d440c88e52e640,records/selected_validation.source_manifest.json,174ba2ad749cb3213a72a03302ef50b08a37a579848ba922bde132a19b8b6c23,2026-09-13T20:48:54.335625+00:00,2026-09-13T20:48:58.350287+00:00,4.014667994999968,2.6530439020001495,0.07259602699991774,0.16173026600006324,95784,2061944,e6261f55fa2caa47e1c06fade4ef7c39585f3622e298a9229f15654174a1063c,
selected_validation_008,selected,validation,1711408325,0,completed,263736.0,719,"[""DONE"", ""DONE""]","[263736.0, 3000.0]","[263736.0, 3000.0]",ac5fafa770b80c365e7d85786ada264f8d4e9f1bbc3b030d94d440c88e52e640,records/selected_validation.source_manifest.json,174ba2ad749cb3213a72a03302ef50b08a37a579848ba922bde132a19b8b6c23,2026-09-13T20:48:58.215955+00:00,2026-09-13T20:49:02.392959+00:00,4.177012830999956,2.783082994997585,0.07427476699854196,0.18480464700007815,96292,2067339,1c7019534cba58ff3144c1aff54d1422964f83ab54c1db47d9eae5703f3f4d9c,
selected_validation_009,selected,validation,1711408325,1,completed,263736.0,719,"[""DONE"", ""DONE""]","[3000.0, 263736.0]","[3000.0, 263736.0]",ac5fafa770b80c365e7d85786ada264f8d4e9f1bbc3b030d94d440c88e52e640,records/selected_validation.source_manifest.json,174ba2ad749cb3213a72a03302ef50b08a37a579848ba922bde132a19b8b6c23,2026-09-13T20:48:58.352547+00:00,2026-09-13T20:49:02.497300+00:00,4.1447597799999585,2.7413907920006295,0.07379549700078769,0.17004481499998292,96320,2069413,7a1ca6bf7440306da0258f8debba3746b9a5b8a2d4417f9b216c164458301e95,
selected_validation_010,selected,validation,2045429545,0,completed,209031.0,719,"[""DONE"", ""DONE""]","[209031.0, 3000.0]","[209031.0, 3000.0]",ac5fafa770b80c365e7d85786ada264f8d4e9f1bbc3b030d94d440c88e52e640,records/selected_validation.source_manifest.json,174ba2ad749cb3213a72a03302ef50b08a37a579848ba922bde132a19b8b6c23,2026-09-13T20:49:02.395129+00:00,2026-09-13T20:49:06.311474+00:00,3.916352135000011,2.524395778001576,0.07524789299907297,0.16460806999998567,96476,2104180,e021d95219ad78f8cd462fd6f4abfff052bc25c493e20d734fe2a5bb337d760c,
selected_validation_011,selected,validation,2045429545,1,completed,209031.0,719,"[""DONE"", ""DONE""]","[3000.0, 209031.0]","[3000.0, 209031.0]",ac5fafa770b80c365e7d85786ada264f8d4e9f1bbc3b030d94d440c88e52e640,records/selected_validation.source_manifest.json,174ba2ad749cb3213a72a03302ef50b08a37a579848ba922bde132a19b8b6c23,2026-09-13T20:49:02.499659+00:00,2026-09-13T20:49:06.496104+00:00,3.9964493330001005,2.610521891000758,0.07382199300070624,0.16148682800007919,96440,2112620,d5e56b08a8460156a1441346ab993c96c8c13f6463c1c871ff16f90ea6ef958e,
selected_validation_012,selected,validation,485176734,0,completed,205885.0,719,"[""DONE"", ""DONE""]","[205885.0, 3000.0]","[205885.0, 3000.0]",ac5fafa770b80c365e7d85786ada264f8d4e9f1bbc3b030d94d440c88e52e640,records/selected_validation.source_manifest.json,174ba2ad749cb3213a72a03302ef50b08a37a579848ba922bde132a19b8b6c23,2026-09-13T20:49:06.314060+00:00,2026-09-13T20:49:10.505776+00:00,4.191720368000006,2.8057626510002365,0.07218607299944324,0.1647940220000237,96560,2091837,de8ce04e6444a54d942bd9a084d099dc6361cb57e9f64cb42d80cd00e628e606,
selected_validation_013,selected,validation,485176734,1,completed,216863.0,719,"[""DONE"", ""DONE""]","[3000.0, 216863.0]","[3000.0, 216863.0]",ac5fafa770b80c365e7d85786ada264f8d4e9f1bbc3b030d94d440c88e52e640,records/selected_validation.source_manifest.json,174ba2ad749cb3213a72a03302ef50b08a37a579848ba922bde132a19b8b6c23,2026-09-13T20:49:06.498317+00:00,2026-09-13T20:49:10.457926+00:00,3.9596181839999645,2.618372703996556,0.0734435729998495,0.1449580359999345,96932,2055534,4c61ddb59c1abb368e2624d7c637197d9018fe0598c51d72f81fa322ae4e82f5,
selected_validation_014,selected,validation,1779781600,0,completed,195043.0,719,"[""DONE"", ""DONE""]","[195043.0, 3000.0]","[195043.0, 3000.0]",ac5fafa770b80c365e7d85786ada264f8d4e9f1bbc3b030d94d440c88e52e640,records/selected_validation.source_manifest.json,174ba2ad749cb3213a72a03302ef50b08a37a579848ba922bde132a19b8b6c23,2026-09-13T20:49:10.460131+00:00,2026-09-13T20:49:14.408799+00:00,3.9486758100000543,2.6020149410005615,0.07129951799970513,0.14480112199998985,97048,2138712,17a2477d590ae21e8d1b3e4ee86e0a21c0bbb81faf449ed26c6a916ab7714bba,
selected_validation_015,selected,validation,1779781600,1,completed,192679.0,719,"[""DONE"", ""DONE""]","[3000.0, 192679.0]","[3000.0, 192679.0]",ac5fafa770b80c365e7d85786ada264f8d4e9f1bbc3b030d94d440c88e52e640,records/selected_validation.source_manifest.json,174ba2ad749cb3213a72a03302ef50b08a37a579848ba922bde132a19b8b6c23,2026-09-13T20:49:10.508004+00:00,2026-09-13T20:49:14.501872+00:00,3.9938734339999655,2.6350933970016968,0.07226472900026693,0.1473150250000117,96876,2151412,c6f3fa6ba732dc84e61172cf6f8b989337f5b390a14c7c62808668f418a7234c,
selected_validation_016,selected,validation,448775766,0,completed,242730.0,719,"[""DONE"", ""DONE""]","[242730.0, 3000.0]","[242730.0, 3000.0]",ac5fafa770b80c365e7d85786ada264f8d4e9f1bbc3b030d94d440c88e52e640,records/selected_validation.source_manifest.json,174ba2ad749cb3213a72a03302ef50b08a37a579848ba922bde132a19b8b6c23,2026-09-13T20:49:14.411173+00:00,2026-09-13T20:49:18.516663+00:00,4.105496924000022,2.7480717500003493,0.07416154400061714,0.15876197399995817,97048,2095518,2692bb57a837845c196479b059f36c905228624a3e80f3f39511a6080a87c49a,
selected_validation_017,selected,validation,448775766,1,completed,242730.0,719,"[""DONE"", ""DONE""]","[3000.0, 242730.0]","[3000.0, 242730.0]",ac5fafa770b80c365e7d85786ada264f8d4e9f1bbc3b030d94d440c88e52e640,records/selected_validation.source_manifest.json,174ba2ad749cb3213a72a03302ef50b08a37a579848ba922bde132a19b8b6c23,2026-09-13T20:49:14.504126+00:00,2026-09-13T20:49:18.533648+00:00,4.029528112999969,2.69499952600097,0.07333103699863841,0.1500021110000489,96920,2112945,d89f3ad546e85884fdc0b46e3a257aa21bd5878a46aedf9272200abbef84d422,
selected_validation_018,selected,validation,152444530,0,completed,177437.0,719,"[""DONE"", ""DONE""]","[177437.0, 3000.0]","[177437.0, 3000.0]",ac5fafa770b80c365e7d85786ada264f8d4e9f1bbc3b030d94d440c88e52e640,records/selected_validation.source_manifest.json,174ba2ad749cb3213a72a03302ef50b08a37a579848ba922bde132a19b8b6c23,2026-09-13T20:49:18.518894+00:00,2026-09-13T20:49:22.343670+00:00,3.824782836000054,2.592917996002143,0.06899595300023975,0.1729504510000197,97444,1947334,f32ada2b53038cd2a2141d312a1d730c2c54d00f4b56bd6f785e62dca6832261,
selected_validation_019,selected,validation,152444530,1,completed,177048.0,719,"[""DONE"", ""DONE""]","[3000.0, 177048.0]","[3000.0, 177048.0]",ac5fafa770b80c365e7d85786ada264f8d4e9f1bbc3b030d94d440c88e52e640,records/selected_validation.source_manifest.json,174ba2ad749cb3213a72a03302ef50b08a37a579848ba922bde132a19b8b6c23,2026-09-13T20:49:18.535958+00:00,2026-09-13T20:49:22.498046+00:00,3.9620926069999314,2.698594453997771,0.07441750900056832,0.18289954199997283,97124,1933965,0bbf077367a893f3cc310823e9453ff0dc0886add01664462b5da87563ea4429,
selected_validation_020,selected,validation,27203150,0,completed,217958.0,719,"[""DONE"", ""DONE""]","[217958.0, 3000.0]","[217958.0, 3000.0]",ac5fafa770b80c365e7d85786ada264f8d4e9f1bbc3b030d94d440c88e52e640,records/selected_validation.source_manifest.json,174ba2ad749cb3213a72a03302ef50b08a37a579848ba922bde132a19b8b6c23,2026-09-13T20:49:22.345777+00:00,2026-09-13T20:49:26.316911+00:00,3.9711402490000864,2.717173997998657,0.07014600299999074,0.15281758100002207,97444,1985683,29f2e9cd2e1412f6ed943ea0ccaa7fbaa23e6818840620dd7d2d6eac5cc94323,
selected_validation_021,selected,validation,27203150,1,completed,217958.0,719,"[""DONE"", ""DONE""]","[3000.0, 217958.0]","[3000.0, 217958.0]",ac5fafa770b80c365e7d85786ada264f8d4e9f1bbc3b030d94d440c88e52e640,records/selected_validation.source_manifest.json,174ba2ad749cb3213a72a03302ef50b08a37a579848ba922bde132a19b8b6c23,2026-09-13T20:49:22.500186+00:00,2026-09-13T20:49:26.599263+00:00,4.099085335000041,2.8032604879994096,0.07309205000080965,0.160582168000019,97124,1999633,8d3357a98d1814e8f829e42cf762336cadadaae7d6c239125aaa2b440c4bd116,
selected_validation_022,selected,validation,1134495508,0,completed,226053.0,719,"[""DONE"", ""DONE""]","[226053.0, 3000.0]","[226053.0, 3000.0]",ac5fafa770b80c365e7d85786ada264f8d4e9f1bbc3b030d94d440c88e52e640,records/selected_validation.source_manifest.json,174ba2ad749cb3213a72a03302ef50b08a37a579848ba922bde132a19b8b6c23,2026-09-13T20:49:26.319140+00:00,2026-09-13T20:49:30.360718+00:00,4.041583923999951,2.7283962980008027,0.07001489899892022,0.1422893279999471,97444,2096088,809449b3976631a52211defb65247a10561049bf7c6aa50496123d27e4ac1da5,
selected_validation_023,selected,validation,1134495508,1,completed,223060.0,719,"[""DONE"", ""DONE""]","[3000.0, 223060.0]","[3000.0, 223060.0]",ac5fafa770b80c365e7d85786ada264f8d4e9f1bbc3b030d94d440c88e52e640,records/selected_validation.source_manifest.json,174ba2ad749cb3213a72a03302ef50b08a37a579848ba922bde132a19b8b6c23,2026-09-13T20:49:26.601480+00:00,2026-09-13T20:49:30.813565+00:00,4.212092028999905,2.85836351199805,0.07373086500058434,0.15114207999999962,97376,2081783,8982f596e7699bad12c7c8ef06368fcad4cb122e71ded74c94207b092407c575,
selected_validation_024,selected,validation,1646840257,0,completed,235692.0,719,"[""DONE"", ""DONE""]","[235692.0, 3000.0]","[235692.0, 3000.0]",ac5fafa770b80c365e7d85786ada264f8d4e9f1bbc3b030d94d440c88e52e640,records/selected_validation.source_manifest.json,174ba2ad749cb3213a72a03302ef50b08a37a579848ba922bde132a19b8b6c23,2026-09-13T20:49:30.363183+00:00,2026-09-13T20:49:34.100612+00:00,3.7374369440000237,2.492164323000452,0.07106657099916447,0.13602647699997306,97696,1973100,9798560e5b3e1a7c34fb7b4484cfcac49df2d0c0aff2a8c46caab2734745c42c,
selected_validation_025,selected,validation,1646840257,1,completed,235692.0,719,"[""DONE"", ""DONE""]","[3000.0, 235692.0]","[3000.0, 235692.0]",ac5fafa770b80c365e7d85786ada264f8d4e9f1bbc3b030d94d440c88e52e640,records/selected_validation.source_manifest.json,174ba2ad749cb3213a72a03302ef50b08a37a579848ba922bde132a19b8b6c23,2026-09-13T20:49:30.816248+00:00,2026-09-13T20:49:34.627709+00:00,3.811466088999964,2.532772069999737,0.07248818200093865,0.13688244100001157,97476,1987374,cb013bf23c32704ca530b081a47fb6dfad4d2a27553cb76a31c6cae1b847fc6c,
selected_validation_026,selected,validation,1596197925,0,completed,183608.0,719,"[""DONE"", ""DONE""]","[183608.0, 3000.0]","[183608.0, 3000.0]",ac5fafa770b80c365e7d85786ada264f8d4e9f1bbc3b030d94d440c88e52e640,records/selected_validation.source_manifest.json,174ba2ad749cb3213a72a03302ef50b08a37a579848ba922bde132a19b8b6c23,2026-09-13T20:49:34.102764+00:00,2026-09-13T20:49:37.993155+00:00,3.8903981029999386,2.5772378739997066,0.06968314999835457,0.18201113600002827,97704,2073148,490bc10186ba4a3cacedcb8a9bf3dff23c272689735ead1d17ed12c97bea37eb,
selected_validation_027,selected,validation,1596197925,1,completed,194390.0,719,"[""DONE"", ""DONE""]","[3000.0, 194390.0]","[3000.0, 194390.0]",ac5fafa770b80c365e7d85786ada264f8d4e9f1bbc3b030d94d440c88e52e640,records/selected_validation.source_manifest.json,174ba2ad749cb3213a72a03302ef50b08a37a579848ba922bde132a19b8b6c23,2026-09-13T20:49:34.629879+00:00,2026-09-13T20:49:38.718155+00:00,4.088283168999965,2.748527982998098,0.07154133599976831,0.18472875800000566,97784,2123974,cdc09e88e3bfec5ef1405a9163e58e2959cb324ba82ca5e89d0461a67d43b086,
selected_validation_028,selected,validation,541654222,0,completed,212186.0,719,"[""DONE"", ""DONE""]","[212186.0, 3000.0]","[212186.0, 3000.0]",ac5fafa770b80c365e7d85786ada264f8d4e9f1bbc3b030d94d440c88e52e640,records/selected_validation.source_manifest.json,174ba2ad749cb3213a72a03302ef50b08a37a579848ba922bde132a19b8b6c23,2026-09-13T20:49:37.995472+00:00,2026-09-13T20:49:41.570674+00:00,3.575208785999962,2.255961107999724,0.06773288900160424,0.14220466200004012,97980,2037536,6f9f7463e2f3e8d39e6750f0d9341aa43ba258107616ecd7f0ccb7b2396c5299,
selected_validation_029,selected,validation,541654222,1,completed,184362.0,719,"[""DONE"", ""DONE""]","[3000.0, 184362.0]","[3000.0, 184362.0]",ac5fafa770b80c365e7d85786ada264f8d4e9f1bbc3b030d94d440c88e52e640,records/selected_validation.source_manifest.json,174ba2ad749cb3213a72a03302ef50b08a37a579848ba922bde132a19b8b6c23,2026-09-13T20:49:38.720425+00:00,2026-09-13T20:49:42.747357+00:00,4.026937697999983,2.6737767600011466,0.07139820100019278,0.13867877799998496,97976,2146357,452f11ab32f7bbf5eb15e9c6c182ee5224a91d29f3772e785ec9dfe7ca49d0e5,
selected_validation_030,selected,validation,2078381254,0,completed,223689.0,719,"[""DONE"", ""DONE""]","[223689.0, 3000.0]","[223689.0, 3000.0]",ac5fafa770b80c365e7d85786ada264f8d4e9f1bbc3b030d94d440c88e52e640,records/selected_validation.source_manifest.json,174ba2ad749cb3213a72a03302ef50b08a37a579848ba922bde132a19b8b6c23,2026-09-13T20:49:41.573174+00:00,2026-09-13T20:49:45.741805+00:00,4.1686371589999,2.80704796500072,0.07389328800024941,0.17401115699999536,98040,2073462,fba82fbe987cfe9a3e74ccdf70e13c095cff9bea32b84f3d0191d32264396fd1,
selected_validation_031,selected,validation,2078381254,1,completed,201019.0,719,"[""DONE"", ""DONE""]","[3000.0, 201019.0]","[3000.0, 201019.0]",ac5fafa770b80c365e7d85786ada264f8d4e9f1bbc3b030d94d440c88e52e640,records/selected_validation.source_manifest.json,174ba2ad749cb3213a72a03302ef50b08a37a579848ba922bde132a19b8b6c23,2026-09-13T20:49:42.749573+00:00,2026-09-13T20:49:46.742034+00:00,3.9924686529999462,2.651279234998583,0.07241861100112601,0.17193411599998853,98056,2066152,a96f0eaec46e42046678e2e98d4d40ddaf9566f77de74822b61080b3d35e269f,
speed_baseline_000,baseline,smoke,1652205610,0,completed,181669.0,719,"[""DONE"", ""DONE""]","[181669.0, 3000.0]","[181669.0, 3000.0]",a6a45ee3738b79ce7982ef1fe07059754da714ab50ec3593f93f6fb8604c90b2,records/speed_baseline.source_manifest.json,174ba2ad749cb3213a72a03302ef50b08a37a579848ba922bde132a19b8b6c23,2026-09-13T20:36:22.924127+00:00,2026-09-13T20:36:27.335489+00:00,4.411329090999999,3.078142722999928,0.07454454199985605,0.16732901199999617,94528,2143026,6ef87ab594f819225bf0df3e1c7ffeed20069698045a1327d4a21c1a14251c9f,
speed_baseline_001,baseline,smoke,1652205610,1,completed,187918.0,719,"[""DONE"", ""DONE""]","[3000.0, 187918.0]","[3000.0, 187918.0]",a6a45ee3738b79ce7982ef1fe07059754da714ab50ec3593f93f6fb8604c90b2,records/speed_baseline.source_manifest.json,174ba2ad749cb3213a72a03302ef50b08a37a579848ba922bde132a19b8b6c23,2026-09-13T20:36:27.339656+00:00,2026-09-13T20:36:31.812954+00:00,4.473306316999995,3.1601819979999703,0.07221429600015483,0.17260389300000156,96036,2166555,2dcd4c0ce34cad355b0781c928fa4a92510a5f960adeb5e66216b1207ecb5a3c,
work1_development_000,work1,development,1652205610,0,completed,158585.0,719,"[""DONE"", ""DONE""]","[158585.0, 3000.0]","[158585.0, 3000.0]",6de6efed93dbdbd7ec4142a7e55fd271faae8b5462b34134084aaa85296ac0f3,records/work1_development.source_manifest.json,174ba2ad749cb3213a72a03302ef50b08a37a579848ba922bde132a19b8b6c23,2026-09-13T20:37:52.734521+00:00,2026-09-13T20:37:57.014833+00:00,4.280274063000007,2.895305357999831,0.07674817299968595,0.14100302999997893,94556,2128145,36efc1bfd54f3334c4837405d29241d841136eba9e2b45e9bd2a24834a107aae,
work1_development_001,work1,development,1652205610,1,completed,158038.0,719,"[""DONE"", ""DONE""]","[3000.0, 158038.0]","[3000.0, 158038.0]",6de6efed93dbdbd7ec4142a7e55fd271faae8b5462b34134084aaa85296ac0f3,records/work1_development.source_manifest.json,174ba2ad749cb3213a72a03302ef50b08a37a579848ba922bde132a19b8b6c23,2026-09-13T20:37:52.734565+00:00,2026-09-13T20:37:57.058611+00:00,4.324022481000014,2.9468020269997908,0.07615728499965257,0.16161937100000046,94568,2142191,2776b3a920cae488a00116ebb2062f645a00537976a695e572af410fbc1b9693,
work1_development_002,work1,development,979746784,0,completed,188952.0,719,"[""DONE"", ""DONE""]","[188952.0, 3000.0]","[188952.0, 3000.0]",6de6efed93dbdbd7ec4142a7e55fd271faae8b5462b34134084aaa85296ac0f3,records/work1_development.source_manifest.json,174ba2ad749cb3213a72a03302ef50b08a37a579848ba922bde132a19b8b6c23,2026-09-13T20:37:57.017162+00:00,2026-09-13T20:38:01.974539+00:00,4.957384816000001,3.426660087000414,0.07989295400011542,0.1985353949999933,96040,2224991,f192877d2ed8f9d4d0c0f03ef4dc60b2ccd3fc1eb333a5c47b7c4d157740ff04,
work1_development_003,work1,development,979746784,1,completed,188952.0,719,"[""DONE"", ""DONE""]","[3000.0, 188952.0]","[3000.0, 188952.0]",6de6efed93dbdbd7ec4142a7e55fd271faae8b5462b34134084aaa85296ac0f3,records/work1_development.source_manifest.json,174ba2ad749cb3213a72a03302ef50b08a37a579848ba922bde132a19b8b6c23,2026-09-13T20:37:57.060997+00:00,2026-09-13T20:38:02.167837+00:00,5.106847101,3.5412166789999446,0.08787676299985492,0.20906191499997817,96052,2231926,9457b1450f8837743a1984bd4812070b9efabb234aee64d339f3fa8f73473937,
work1_development_004,work1,development,1948729637,0,completed,232049.0,719,"[""DONE"", ""DONE""]","[232049.0, 3000.0]","[232049.0, 3000.0]",6de6efed93dbdbd7ec4142a7e55fd271faae8b5462b34134084aaa85296ac0f3,records/work1_development.source_manifest.json,174ba2ad749cb3213a72a03302ef50b08a37a579848ba922bde132a19b8b6c23,2026-09-13T20:38:01.977036+00:00,2026-09-13T20:38:06.563902+00:00,4.58687355699999,3.117885786999665,0.08449399699975402,0.15525553000000514,96112,2095606,80ac8f67703212e31c9339d927f315c0b55058a8ff1d75977ab161ad3ebd904c,
work1_development_005,work1,development,1948729637,1,completed,220259.0,719,"[""DONE"", ""DONE""]","[3000.0, 220259.0]","[3000.0, 220259.0]",6de6efed93dbdbd7ec4142a7e55fd271faae8b5462b34134084aaa85296ac0f3,records/work1_development.source_manifest.json,174ba2ad749cb3213a72a03302ef50b08a37a579848ba922bde132a19b8b6c23,2026-09-13T20:38:02.170339+00:00,2026-09-13T20:38:06.425490+00:00,4.25515184599999,2.8958871989999864,0.07717365499991047,0.1520538960000124,96100,2076715,cc5fdc2fd86bdcb3ef6a99358256dce9db2aae1ba8bc2f4769111a91a30dbf35,
work1_development_006,work1,development,1514191294,0,completed,141317.0,719,"[""DONE"", ""DONE""]","[141317.0, 3000.0]","[141317.0, 3000.0]",6de6efed93dbdbd7ec4142a7e55fd271faae8b5462b34134084aaa85296ac0f3,records/work1_development.source_manifest.json,174ba2ad749cb3213a72a03302ef50b08a37a579848ba922bde132a19b8b6c23,2026-09-13T20:38:06.427782+00:00,2026-09-13T20:38:10.491099+00:00,4.063324848000008,2.7462754149997295,0.07599642899995729,0.13716278699999407,96148,2093443,02dd100af8847c00baea7b6210c6fd0c43f003dc08a6cc076e2d642a9fb5bc5e,
work1_development_007,work1,development,1514191294,1,completed,141317.0,719,"[""DONE"", ""DONE""]","[3000.0, 141317.0]","[3000.0, 141317.0]",6de6efed93dbdbd7ec4142a7e55fd271faae8b5462b34134084aaa85296ac0f3,records/work1_development.source_manifest.json,174ba2ad749cb3213a72a03302ef50b08a37a579848ba922bde132a19b8b6c23,2026-09-13T20:38:06.566657+00:00,2026-09-13T20:38:10.987449+00:00,4.420795636000008,2.970516733000352,0.07847515100013425,0.17159948799999825,96528,2095228,56622f99edc5aff266b1bbbc3e8ce671f2349169556db4e9c27dfed6372650ac,
work1_development_008,work1,development,833126169,0,completed,201374.0,719,"[""DONE"", ""DONE""]","[201374.0, 3000.0]","[201374.0, 3000.0]",6de6efed93dbdbd7ec4142a7e55fd271faae8b5462b34134084aaa85296ac0f3,records/work1_development.source_manifest.json,174ba2ad749cb3213a72a03302ef50b08a37a579848ba922bde132a19b8b6c23,2026-09-13T20:38:10.493883+00:00,2026-09-13T20:38:14.998179+00:00,4.504300343000011,3.08887792500002,0.07711300200051596,0.16341166099999782,96224,2162611,3367126a7646b871b424ce621d914a267d990a9e80bf04a60cfe239993c9a3e3,
work1_development_009,work1,development,833126169,1,completed,201374.0,719,"[""DONE"", ""DONE""]","[3000.0, 201374.0]","[3000.0, 201374.0]",6de6efed93dbdbd7ec4142a7e55fd271faae8b5462b34134084aaa85296ac0f3,records/work1_development.source_manifest.json,174ba2ad749cb3213a72a03302ef50b08a37a579848ba922bde132a19b8b6c23,2026-09-13T20:38:10.989860+00:00,2026-09-13T20:38:15.433146+00:00,4.4432917400000065,3.029457461999698,0.07594165199972736,0.1645590759999891,96620,2176630,747a3c9e5128d5284e7f0d28d2128e68b625e559150636fafaec2299f5288fb8,
work1_development_010,work1,development,1715028217,0,completed,156548.0,719,"[""DONE"", ""DONE""]","[156548.0, 3000.0]","[156548.0, 3000.0]",6de6efed93dbdbd7ec4142a7e55fd271faae8b5462b34134084aaa85296ac0f3,records/work1_development.source_manifest.json,174ba2ad749cb3213a72a03302ef50b08a37a579848ba922bde132a19b8b6c23,2026-09-13T20:38:15.000691+00:00,2026-09-13T20:38:19.246937+00:00,4.246252085000009,2.8826458899997647,0.08068034700033877,0.12553411999999753,96864,2081511,c17548626e8b1804cd1986bc7cb258adc2dc259a0d7d3834114dd8b3ceb777a3,
work1_development_011,work1,development,1715028217,1,completed,158044.0,719,"[""DONE"", ""DONE""]","[3000.0, 158044.0]","[3000.0, 158044.0]",6de6efed93dbdbd7ec4142a7e55fd271faae8b5462b34134084aaa85296ac0f3,records/work1_development.source_manifest.json,174ba2ad749cb3213a72a03302ef50b08a37a579848ba922bde132a19b8b6c23,2026-09-13T20:38:15.435505+00:00,2026-09-13T20:38:19.504903+00:00,4.069404905999988,2.772368391999521,0.07448925799960193,0.1282001849999972,96768,2074487,dc5c88d667865cc47a8fe4418651ae91c132c523e6af4996f91305de92ae2dac,
work1_development_012,work1,development,766857369,0,completed,164184.0,719,"[""DONE"", ""DONE""]","[164184.0, 3000.0]","[164184.0, 3000.0]",6de6efed93dbdbd7ec4142a7e55fd271faae8b5462b34134084aaa85296ac0f3,records/work1_development.source_manifest.json,174ba2ad749cb3213a72a03302ef50b08a37a579848ba922bde132a19b8b6c23,2026-09-13T20:38:19.249345+00:00,2026-09-13T20:38:23.381260+00:00,4.131920742999995,2.779200446000061,0.07499271600050861,0.11820868200001655,96972,2088414,b658883dfc457feeb1d11cca034b03397fba0803bee217223058734eb5955d94,
work1_development_013,work1,development,766857369,1,completed,164184.0,719,"[""DONE"", ""DONE""]","[3000.0, 164184.0]","[3000.0, 164184.0]",6de6efed93dbdbd7ec4142a7e55fd271faae8b5462b34134084aaa85296ac0f3,records/work1_development.source_manifest.json,174ba2ad749cb3213a72a03302ef50b08a37a579848ba922bde132a19b8b6c23,2026-09-13T20:38:19.507238+00:00,2026-09-13T20:38:23.609409+00:00,4.102176036000003,2.754669686000369,0.07526420400077427,0.11788746600001332,96800,2104230,ab85c699154d6e3667c2c0ee8d3b29842fc7173152e19b3107cd30f71a4a358c,
work1_development_014,work1,development,1387052231,0,completed,161218.0,719,"[""DONE"", ""DONE""]","[161218.0, 3000.0]","[161218.0, 3000.0]",6de6efed93dbdbd7ec4142a7e55fd271faae8b5462b34134084aaa85296ac0f3,records/work1_development.source_manifest.json,174ba2ad749cb3213a72a03302ef50b08a37a579848ba922bde132a19b8b6c23,2026-09-13T20:38:23.383484+00:00,2026-09-13T20:38:27.659289+00:00,4.27581232,2.8211903800004734,0.07732207400005109,0.13655948400000284,97116,2082059,fb66ce0f86f0b03a49c0a32a464e19a8c693f08329614e39080c04da708f2ff1,
work1_development_015,work1,development,1387052231,1,completed,172800.0,719,"[""DONE"", ""DONE""]","[3000.0, 172800.0]","[3000.0, 172800.0]",6de6efed93dbdbd7ec4142a7e55fd271faae8b5462b34134084aaa85296ac0f3,records/work1_development.source_manifest.json,174ba2ad749cb3213a72a03302ef50b08a37a579848ba922bde132a19b8b6c23,2026-09-13T20:38:23.611772+00:00,2026-09-13T20:38:27.752006+00:00,4.140238449000009,2.761372078000022,0.07479939900019872,0.13853046600002017,97320,2092853,c9e3fbc59425a1cdb99f69ea20e3dbf9e5be541e599ed69572564e1d77970621,
work1_development_016,work1,development,1459327281,0,completed,220413.0,719,"[""DONE"", ""DONE""]","[220413.0, 3000.0]","[220413.0, 3000.0]",6de6efed93dbdbd7ec4142a7e55fd271faae8b5462b34134084aaa85296ac0f3,records/work1_development.source_manifest.json,174ba2ad749cb3213a72a03302ef50b08a37a579848ba922bde132a19b8b6c23,2026-09-13T20:38:27.661669+00:00,2026-09-13T20:38:32.178879+00:00,4.517216569999988,3.099332553999602,0.08763980000057359,0.16844790900000817,97116,1993366,894336eca4d59872ea71a6c04c228f879e2cbdddd06b5ba0695a029afcdc81de,
work1_development_017,work1,development,1459327281,1,completed,220413.0,719,"[""DONE"", ""DONE""]","[3000.0, 220413.0]","[3000.0, 220413.0]",6de6efed93dbdbd7ec4142a7e55fd271faae8b5462b34134084aaa85296ac0f3,records/work1_development.source_manifest.json,174ba2ad749cb3213a72a03302ef50b08a37a579848ba922bde132a19b8b6c23,2026-09-13T20:38:27.754175+00:00,2026-09-13T20:38:32.159399+00:00,4.405231103999995,3.0158020739996516,0.0757759149998094,0.1464602230000196,97320,1994843,345e79a36e2f8eac62df4970cd7fd13f69fb2ca1de612b53cf6632d218da00db,
work1_development_018,work1,development,1175089851,0,completed,154354.0,719,"[""DONE"", ""DONE""]","[154354.0, 3000.0]","[154354.0, 3000.0]",6de6efed93dbdbd7ec4142a7e55fd271faae8b5462b34134084aaa85296ac0f3,records/work1_development.source_manifest.json,174ba2ad749cb3213a72a03302ef50b08a37a579848ba922bde132a19b8b6c23,2026-09-13T20:38:32.161481+00:00,2026-09-13T20:38:36.313114+00:00,4.15163944599999,2.8364349520001895,0.07896736200001442,0.1517031040000063,97476,2053171,c8f2e3a981d88dc556c934e3b73b077501ac51dc20fddcf7804cb31f2c59e29f,
work1_development_019,work1,development,1175089851,1,completed,150771.0,719,"[""DONE"", ""DONE""]","[3000.0, 150771.0]","[3000.0, 150771.0]",6de6efed93dbdbd7ec4142a7e55fd271faae8b5462b34134084aaa85296ac0f3,records/work1_development.source_manifest.json,174ba2ad749cb3213a72a03302ef50b08a37a579848ba922bde132a19b8b6c23,2026-09-13T20:38:32.181083+00:00,2026-09-13T20:38:36.656390+00:00,4.475314318999978,3.095167596999545,0.07799343600066777,0.16850495399998522,97756,2069710,fe0ed86e7fa0a78ae90943dfc34d361b27aa68e5685e7279f4650491042e9192,
work1_development_020,work1,development,1138364143,0,completed,165739.0,719,"[""DONE"", ""DONE""]","[165739.0, 3000.0]","[165739.0, 3000.0]",6de6efed93dbdbd7ec4142a7e55fd271faae8b5462b34134084aaa85296ac0f3,records/work1_development.source_manifest.json,174ba2ad749cb3213a72a03302ef50b08a37a579848ba922bde132a19b8b6c23,2026-09-13T20:38:36.315295+00:00,2026-09-13T20:38:40.596732+00:00,4.281443585999995,2.9665999170002806,0.07697318300012057,0.19804196499998739,97596,2024560,91fae1ece3605814c64d48e4513c3b4235f717fd53cba7c1cf32207e95fbbdad,
work1_development_021,work1,development,1138364143,1,completed,165739.0,719,"[""DONE"", ""DONE""]","[3000.0, 165739.0]","[3000.0, 165739.0]",6de6efed93dbdbd7ec4142a7e55fd271faae8b5462b34134084aaa85296ac0f3,records/work1_development.source_manifest.json,174ba2ad749cb3213a72a03302ef50b08a37a579848ba922bde132a19b8b6c23,2026-09-13T20:38:36.658632+00:00,2026-09-13T20:38:40.946826+00:00,4.288198921999992,2.9632524919992704,0.0747875699999554,0.20203620699999192,97756,2027285,9eadecb28428d1fbc58d169210fb249d7b44242b72432b44bbd54fc6d2ac8853,
work1_development_022,work1,development,1722159489,0,completed,207645.0,719,"[""DONE"", ""DONE""]","[207645.0, 3000.0]","[207645.0, 3000.0]",6de6efed93dbdbd7ec4142a7e55fd271faae8b5462b34134084aaa85296ac0f3,records/work1_development.source_manifest.json,174ba2ad749cb3213a72a03302ef50b08a37a579848ba922bde132a19b8b6c23,2026-09-13T20:38:40.598899+00:00,2026-09-13T20:38:45.129577+00:00,4.530685707999993,3.1283801080002434,0.07762641799996572,0.16247475299999792,97844,2075331,03e2dc6dda6d4658def04163f3e218361a7c6631f8c9a5bbeceb4370a2b1d76c,
work1_development_023,work1,development,1722159489,1,completed,206063.0,719,"[""DONE"", ""DONE""]","[3000.0, 206063.0]","[3000.0, 206063.0]",6de6efed93dbdbd7ec4142a7e55fd271faae8b5462b34134084aaa85296ac0f3,records/work1_development.source_manifest.json,174ba2ad749cb3213a72a03302ef50b08a37a579848ba922bde132a19b8b6c23,2026-09-13T20:38:40.949258+00:00,2026-09-13T20:38:45.523829+00:00,4.574576549999989,3.158199248000443,0.08121477900016316,0.16880192599998622,97756,2059696,785ea314bd1c3d66fa1851daf140e3f160a9e50068c6b4e1ad656bbe26c63d5d,
work1_development_024,work1,development,979914492,0,completed,257454.0,719,"[""DONE"", ""DONE""]","[257454.0, 3000.0]","[257454.0, 3000.0]",6de6efed93dbdbd7ec4142a7e55fd271faae8b5462b34134084aaa85296ac0f3,records/work1_development.source_manifest.json,174ba2ad749cb3213a72a03302ef50b08a37a579848ba922bde132a19b8b6c23,2026-09-13T20:38:45.132507+00:00,2026-09-13T20:38:49.971864+00:00,4.839364442999994,3.308505598000039,0.08179865599947789,0.1538276910000036,98196,2195823,96b6acb85cb486b216d61aaf60f67cc6b4366445988c50f5d88f153069ecdab1,
work1_development_025,work1,development,979914492,1,completed,257454.0,719,"[""DONE"", ""DONE""]","[3000.0, 257454.0]","[3000.0, 257454.0]",6de6efed93dbdbd7ec4142a7e55fd271faae8b5462b34134084aaa85296ac0f3,records/work1_development.source_manifest.json,174ba2ad749cb3213a72a03302ef50b08a37a579848ba922bde132a19b8b6c23,2026-09-13T20:38:45.526333+00:00,2026-09-13T20:38:50.388626+00:00,4.862301310999982,3.3443635000000427,0.08272216999984039,0.20724306500000012,97756,2208419,08e8dcbf593a5c8e62ef454546b482dce24180f98be687f670ffee12d688eccb,
work1_development_026,work1,development,1421711696,0,completed,249701.0,719,"[""DONE"", ""DONE""]","[249701.0, 3000.0]","[249701.0, 3000.0]",6de6efed93dbdbd7ec4142a7e55fd271faae8b5462b34134084aaa85296ac0f3,records/work1_development.source_manifest.json,174ba2ad749cb3213a72a03302ef50b08a37a579848ba922bde132a19b8b6c23,2026-09-13T20:38:49.976166+00:00,2026-09-13T20:38:54.400714+00:00,4.424553291999985,3.057040661999963,0.07613661399955163,0.15465156700000193,98368,2102554,469e7d6d6a6c665e7f7c12896ac693ec27a70e7db35ab96bf626071523fb4b16,
work1_development_027,work1,development,1421711696,1,completed,179497.0,719,"[""DONE"", ""DONE""]","[3000.0, 179497.0]","[3000.0, 179497.0]",6de6efed93dbdbd7ec4142a7e55fd271faae8b5462b34134084aaa85296ac0f3,records/work1_development.source_manifest.json,174ba2ad749cb3213a72a03302ef50b08a37a579848ba922bde132a19b8b6c23,2026-09-13T20:38:50.391109+00:00,2026-09-13T20:38:54.624644+00:00,4.233541276000011,2.874787551999958,0.0766377320001368,0.1469552230000204,97756,1976717,54ee751db43def2d68796a657e95758965d3f52867cdab9e5266eff385b6f4db,
work1_development_028,work1,development,28576209,0,completed,181335.0,719,"[""DONE"", ""DONE""]","[181335.0, 3000.0]","[181335.0, 3000.0]",6de6efed93dbdbd7ec4142a7e55fd271faae8b5462b34134084aaa85296ac0f3,records/work1_development.source_manifest.json,174ba2ad749cb3213a72a03302ef50b08a37a579848ba922bde132a19b8b6c23,2026-09-13T20:38:54.403082+00:00,2026-09-13T20:38:58.507781+00:00,4.104703594,2.7736921869999946,0.07607521700029451,0.12707571600000733,98368,2048398,badc4e0cbd196027b8ae411fdcd924e5b2c66156efff66c27099ee3aae723a8d,
work1_development_029,work1,development,28576209,1,completed,183571.0,719,"[""DONE"", ""DONE""]","[3000.0, 183571.0]","[3000.0, 183571.0]",6de6efed93dbdbd7ec4142a7e55fd271faae8b5462b34134084aaa85296ac0f3,records/work1_development.source_manifest.json,174ba2ad749cb3213a72a03302ef50b08a37a579848ba922bde132a19b8b6c23,2026-09-13T20:38:54.626852+00:00,2026-09-13T20:38:58.804693+00:00,4.17784679799999,2.8137995959998534,0.07892748900005131,0.14672863000001257,98068,2071233,7d403509896187d10bfb101e478a8c3b0f8f3a026a7d95ae4dd93885c9f3d39f,
work1_development_030,work1,development,394509745,0,completed,218688.0,719,"[""DONE"", ""DONE""]","[218688.0, 3000.0]","[218688.0, 3000.0]",6de6efed93dbdbd7ec4142a7e55fd271faae8b5462b34134084aaa85296ac0f3,records/work1_development.source_manifest.json,174ba2ad749cb3213a72a03302ef50b08a37a579848ba922bde132a19b8b6c23,2026-09-13T20:38:58.510018+00:00,2026-09-13T20:39:03.013562+00:00,4.503552194999969,3.0197857670007693,0.07577643199851991,0.1908803070000431,98368,2155266,849bd592b809ddb191e81fea44cc3db78d31576555f3a25bdeb58342364ba23f,
work1_development_031,work1,development,394509745,1,completed,248206.0,719,"[""DONE"", ""DONE""]","[3000.0, 248206.0]","[3000.0, 248206.0]",6de6efed93dbdbd7ec4142a7e55fd271faae8b5462b34134084aaa85296ac0f3,records/work1_development.source_manifest.json,174ba2ad749cb3213a72a03302ef50b08a37a579848ba922bde132a19b8b6c23,2026-09-13T20:38:58.807019+00:00,2026-09-13T20:39:03.329172+00:00,4.522160797999987,3.036455611000889,0.07348380299967516,0.1561025299999983,98084,2154308,0538360ce15636165396bed16d2b3368ab83476988d4227d77c5e691e9c863ed,
work1_harvest3_development_000,work1_harvest3,development,1652205610,0,completed,136688.0,719,"[""DONE"", ""DONE""]","[136688.0, 3000.0]","[136688.0, 3000.0]",57e778db6c5fe026bd7e81b441a3689475d690cd37b404fd3bdb2fac9b10e3a8,records/work1_harvest3_development.source_manifest.json,174ba2ad749cb3213a72a03302ef50b08a37a579848ba922bde132a19b8b6c23,2026-09-13T20:40:12.430835+00:00,2026-09-13T20:40:16.304137+00:00,3.873266149000017,2.548755235999863,0.07227326700052572,0.12849621500004105,94420,2073837,e15d07f982d0685a289bca3c7506884000bbe3cd8306f8c01371c3314234fd5b,
work1_harvest3_development_001,work1_harvest3,development,1652205610,1,completed,136837.0,719,"[""DONE"", ""DONE""]","[3000.0, 136837.0]","[3000.0, 136837.0]",57e778db6c5fe026bd7e81b441a3689475d690cd37b404fd3bdb2fac9b10e3a8,records/work1_harvest3_development.source_manifest.json,174ba2ad749cb3213a72a03302ef50b08a37a579848ba922bde132a19b8b6c23,2026-09-13T20:40:12.430880+00:00,2026-09-13T20:40:16.461033+00:00,4.030129525999996,2.6707787360014663,0.0756874150006297,0.13436498599998004,94440,2077623,81c6f9ed8a26b9bb424959b1bbce090aa052d6b7e01d3595dc37c75f47d8fcc2,
work1_harvest3_development_002,work1_harvest3,development,979746784,0,completed,195316.0,719,"[""DONE"", ""DONE""]","[195316.0, 3000.0]","[195316.0, 3000.0]",57e778db6c5fe026bd7e81b441a3689475d690cd37b404fd3bdb2fac9b10e3a8,records/work1_harvest3_development.source_manifest.json,174ba2ad749cb3213a72a03302ef50b08a37a579848ba922bde132a19b8b6c23,2026-09-13T20:40:16.306439+00:00,2026-09-13T20:40:20.553850+00:00,4.247419807000028,2.8650082099986207,0.07380244999927754,0.15880336800000805,95648,2116920,6dc43a8439b04e76958c780cb4fba40b956db5171e247ea70183ffd8af30d8bc,
work1_harvest3_development_003,work1_harvest3,development,979746784,1,completed,195316.0,719,"[""DONE"", ""DONE""]","[3000.0, 195316.0]","[3000.0, 195316.0]",57e778db6c5fe026bd7e81b441a3689475d690cd37b404fd3bdb2fac9b10e3a8,records/work1_harvest3_development.source_manifest.json,174ba2ad749cb3213a72a03302ef50b08a37a579848ba922bde132a19b8b6c23,2026-09-13T20:40:16.463319+00:00,2026-09-13T20:40:20.661638+00:00,4.198326463000001,2.856015374999629,0.07129513100034046,0.15283664099996486,95924,2126911,9e4756f256cb16ccdb55381bff981561bf64a1620934b31a952d99f2672672c7,
work1_harvest3_development_004,work1_harvest3,development,1948729637,0,completed,247167.0,719,"[""DONE"", ""DONE""]","[247167.0, 3000.0]","[247167.0, 3000.0]",57e778db6c5fe026bd7e81b441a3689475d690cd37b404fd3bdb2fac9b10e3a8,records/work1_harvest3_development.source_manifest.json,174ba2ad749cb3213a72a03302ef50b08a37a579848ba922bde132a19b8b6c23,2026-09-13T20:40:20.556122+00:00,2026-09-13T20:40:24.628793+00:00,4.0726893869999685,2.6776312000010307,0.07664596600056939,0.14283923300001788,95848,2054240,11696e37ea4b7d17a968c3fad515b4d3aafcab2c42b6fd47ee8eb4a1aec59d6e,
work1_harvest3_development_005,work1_harvest3,development,1948729637,1,completed,225544.0,719,"[""DONE"", ""DONE""]","[3000.0, 225544.0]","[3000.0, 225544.0]",57e778db6c5fe026bd7e81b441a3689475d690cd37b404fd3bdb2fac9b10e3a8,records/work1_harvest3_development.source_manifest.json,174ba2ad749cb3213a72a03302ef50b08a37a579848ba922bde132a19b8b6c23,2026-09-13T20:40:20.664098+00:00,2026-09-13T20:40:24.880783+00:00,4.216694145999952,2.8503792970015525,0.07502994000014951,0.16538958099999945,96108,2055207,220ae8f59ba2736e849766b79939e19b200ab2129738fba3e25dc36015e5f4b8,
work1_harvest3_development_006,work1_harvest3,development,1514191294,0,completed,147620.0,719,"[""DONE"", ""DONE""]","[147620.0, 3000.0]","[147620.0, 3000.0]",57e778db6c5fe026bd7e81b441a3689475d690cd37b404fd3bdb2fac9b10e3a8,records/work1_harvest3_development.source_manifest.json,174ba2ad749cb3213a72a03302ef50b08a37a579848ba922bde132a19b8b6c23,2026-09-13T20:40:24.631091+00:00,2026-09-13T20:40:28.915016+00:00,4.283931664999955,2.812962453000466,0.07966844999896239,0.15429019800001242,96436,2101680,0da6b8ba030d3f8fd8436b79a94b3a09d81cc3ed343bc200eeb0d47918060242,
work1_harvest3_development_007,work1_harvest3,development,1514191294,1,completed,147620.0,719,"[""DONE"", ""DONE""]","[3000.0, 147620.0]","[3000.0, 147620.0]",57e778db6c5fe026bd7e81b441a3689475d690cd37b404fd3bdb2fac9b10e3a8,records/work1_harvest3_development.source_manifest.json,174ba2ad749cb3213a72a03302ef50b08a37a579848ba922bde132a19b8b6c23,2026-09-13T20:40:24.882972+00:00,2026-09-13T20:40:29.187257+00:00,4.304254385000036,2.9079014280000024,0.0757232940003405,0.15432597799997438,96200,2098639,baad376bb38af927ac5aeb19a8659315930b6dc6389d5c83967731f5b50e6e1b,
work1_harvest3_development_008,work1_harvest3,development,833126169,0,completed,198408.0,719,"[""DONE"", ""DONE""]","[198408.0, 3000.0]","[198408.0, 3000.0]",57e778db6c5fe026bd7e81b441a3689475d690cd37b404fd3bdb2fac9b10e3a8,records/work1_harvest3_development.source_manifest.json,174ba2ad749cb3213a72a03302ef50b08a37a579848ba922bde132a19b8b6c23,2026-09-13T20:40:28.917271+00:00,2026-09-13T20:40:33.127116+00:00,4.209851897000021,2.800676148000889,0.07498956400007728,0.15912549799998033,96436,2140926,3bc69c4eeb3b53f2d62f1b3879af76a86de1e4ab316287ee6e44f4f3e9e157ba,
work1_harvest3_development_009,work1_harvest3,development,833126169,1,completed,198408.0,719,"[""DONE"", ""DONE""]","[3000.0, 198408.0]","[3000.0, 198408.0]",57e778db6c5fe026bd7e81b441a3689475d690cd37b404fd3bdb2fac9b10e3a8,records/work1_harvest3_development.source_manifest.json,174ba2ad749cb3213a72a03302ef50b08a37a579848ba922bde132a19b8b6c23,2026-09-13T20:40:29.189488+00:00,2026-09-13T20:40:33.408033+00:00,4.2185520790000055,2.8024482879990273,0.07598157200050082,0.16233925000000227,96408,2150325,392c10474ff5245a9e3b66f051794cd0ff4d2a3e1d1f00c83b2862f2d834e8bc,
work1_harvest3_development_010,work1_harvest3,development,1715028217,0,completed,173254.0,719,"[""DONE"", ""DONE""]","[173254.0, 3000.0]","[173254.0, 3000.0]",57e778db6c5fe026bd7e81b441a3689475d690cd37b404fd3bdb2fac9b10e3a8,records/work1_harvest3_development.source_manifest.json,174ba2ad749cb3213a72a03302ef50b08a37a579848ba922bde132a19b8b6c23,2026-09-13T20:40:33.129463+00:00,2026-09-13T20:40:36.965106+00:00,3.8356498069999816,2.5581670060000192,0.07055444399952648,0.12072536100004072,96672,2055423,856c435afa713cc9ef2145719f087d327497aaee0d58e94a6bb015f237f4a11c,
work1_harvest3_development_011,work1_harvest3,development,1715028217,1,completed,173016.0,719,"[""DONE"", ""DONE""]","[3000.0, 173016.0]","[3000.0, 173016.0]",57e778db6c5fe026bd7e81b441a3689475d690cd37b404fd3bdb2fac9b10e3a8,records/work1_harvest3_development.source_manifest.json,174ba2ad749cb3213a72a03302ef50b08a37a579848ba922bde132a19b8b6c23,2026-09-13T20:40:33.410493+00:00,2026-09-13T20:40:37.579644+00:00,4.169157779000045,2.775472450000052,0.07860798900071586,0.13506741800000555,96612,2030255,f40a6b6868c8aa6288e684c9885ca8403b9c4923d49a2755bc4811ae15d6db4b,
work1_harvest3_development_012,work1_harvest3,development,766857369,0,completed,186517.0,719,"[""DONE"", ""DONE""]","[186517.0, 3000.0]","[186517.0, 3000.0]",57e778db6c5fe026bd7e81b441a3689475d690cd37b404fd3bdb2fac9b10e3a8,records/work1_harvest3_development.source_manifest.json,174ba2ad749cb3213a72a03302ef50b08a37a579848ba922bde132a19b8b6c23,2026-09-13T20:40:36.967330+00:00,2026-09-13T20:40:40.770936+00:00,3.803613166000048,2.467007702000217,0.07105982200039307,0.1071942660000218,96872,2092691,77a9cbeb409203962a5affd487e3c4cbb52ba3ea82f67aa9713f48131a991971,
work1_harvest3_development_013,work1_harvest3,development,766857369,1,completed,186517.0,719,"[""DONE"", ""DONE""]","[3000.0, 186517.0]","[3000.0, 186517.0]",57e778db6c5fe026bd7e81b441a3689475d690cd37b404fd3bdb2fac9b10e3a8,records/work1_harvest3_development.source_manifest.json,174ba2ad749cb3213a72a03302ef50b08a37a579848ba922bde132a19b8b6c23,2026-09-13T20:40:37.581996+00:00,2026-09-13T20:40:41.489960+00:00,3.9079693330000396,2.5372707160002506,0.07418383200018752,0.11008674300001076,96708,2108731,1c9822754061d968d41d262065682275c3c5d64f20ef02a88b719d7c4890c3fe,
work1_harvest3_development_014,work1_harvest3,development,1387052231,0,completed,204171.0,719,"[""DONE"", ""DONE""]","[204171.0, 3000.0]","[204171.0, 3000.0]",57e778db6c5fe026bd7e81b441a3689475d690cd37b404fd3bdb2fac9b10e3a8,records/work1_harvest3_development.source_manifest.json,174ba2ad749cb3213a72a03302ef50b08a37a579848ba922bde132a19b8b6c23,2026-09-13T20:40:40.773329+00:00,2026-09-13T20:40:44.778469+00:00,4.005144361000021,2.622657156998855,0.07355197500038457,0.1683774539999945,96936,2099791,ebf6ecef66c65746ff9c1538c20371ae7142ce8ef83610ec541b291070a806e9,
work1_harvest3_development_015,work1_harvest3,development,1387052231,1,completed,197568.0,719,"[""DONE"", ""DONE""]","[3000.0, 197568.0]","[3000.0, 197568.0]",57e778db6c5fe026bd7e81b441a3689475d690cd37b404fd3bdb2fac9b10e3a8,records/work1_harvest3_development.source_manifest.json,174ba2ad749cb3213a72a03302ef50b08a37a579848ba922bde132a19b8b6c23,2026-09-13T20:40:41.492299+00:00,2026-09-13T20:40:45.564411+00:00,4.072125819000007,2.6793578849997743,0.07702366599858124,0.16313611399999672,97076,2093433,2093c597e1cebe370a215b1f8dfe08e2f1e6a0044b21c95d35835134909c72c5,
work1_harvest3_development_016,work1_harvest3,development,1459327281,0,completed,227251.0,719,"[""DONE"", ""DONE""]","[227251.0, 3000.0]","[227251.0, 3000.0]",57e778db6c5fe026bd7e81b441a3689475d690cd37b404fd3bdb2fac9b10e3a8,records/work1_harvest3_development.source_manifest.json,174ba2ad749cb3213a72a03302ef50b08a37a579848ba922bde132a19b8b6c23,2026-09-13T20:40:44.780774+00:00,2026-09-13T20:40:48.934879+00:00,4.154112262000012,2.7475281979993724,0.07983078399979604,0.14797415399999636,96936,2018531,d6842f52c3329f0d99d2bdbffab8c0351b4df2005a89e314cc095a1dbcfb6c93,
work1_harvest3_development_017,work1_harvest3,development,1459327281,1,completed,227251.0,719,"[""DONE"", ""DONE""]","[3000.0, 227251.0]","[3000.0, 227251.0]",57e778db6c5fe026bd7e81b441a3689475d690cd37b404fd3bdb2fac9b10e3a8,records/work1_harvest3_development.source_manifest.json,174ba2ad749cb3213a72a03302ef50b08a37a579848ba922bde132a19b8b6c23,2026-09-13T20:40:45.567151+00:00,2026-09-13T20:40:49.725611+00:00,4.158463698999981,2.7874148899995816,0.08070007200018381,0.13643848199996,97076,2012861,8b626a7609f510000caf1626761f8c645b818c47e11f7c7b9e9e6ce8bf437ce9,
work1_harvest3_development_018,work1_harvest3,development,1175089851,0,completed,160679.0,719,"[""DONE"", ""DONE""]","[160679.0, 3000.0]","[160679.0, 3000.0]",57e778db6c5fe026bd7e81b441a3689475d690cd37b404fd3bdb2fac9b10e3a8,records/work1_harvest3_development.source_manifest.json,174ba2ad749cb3213a72a03302ef50b08a37a579848ba922bde132a19b8b6c23,2026-09-13T20:40:48.937112+00:00,2026-09-13T20:40:52.818630+00:00,3.881524603999992,2.590223694000599,0.07375868800011176,0.14984252100003914,96936,2022851,b62866bbc2a873680e297b64c81e4b151b4f29fedf69e22058453f23fc652cf8,
work1_harvest3_development_019,work1_harvest3,development,1175089851,1,completed,174663.0,719,"[""DONE"", ""DONE""]","[3000.0, 174663.0]","[3000.0, 174663.0]",57e778db6c5fe026bd7e81b441a3689475d690cd37b404fd3bdb2fac9b10e3a8,records/work1_harvest3_development.source_manifest.json,174ba2ad749cb3213a72a03302ef50b08a37a579848ba922bde132a19b8b6c23,2026-09-13T20:40:49.727964+00:00,2026-09-13T20:40:53.843352+00:00,4.11539344900001,2.7662472089997436,0.0742199640002923,0.1634947339999826,97400,2085821,f216ee9adc926b004280ac0001c05461ffcbb17a9fdc479928c869e505641927,
work1_harvest3_development_020,work1_harvest3,development,1138364143,0,completed,178084.0,719,"[""DONE"", ""DONE""]","[178084.0, 3000.0]","[178084.0, 3000.0]",57e778db6c5fe026bd7e81b441a3689475d690cd37b404fd3bdb2fac9b10e3a8,records/work1_harvest3_development.source_manifest.json,174ba2ad749cb3213a72a03302ef50b08a37a579848ba922bde132a19b8b6c23,2026-09-13T20:40:52.820816+00:00,2026-09-13T20:40:56.926861+00:00,4.106052532000035,2.791131329999814,0.07411205300053325,0.1752204039999583,97300,2076258,38374a2b18bd95db1bc59cf33f93a194ae47878db7d1c3d4f56b59ba4b900303,
work1_harvest3_development_021,work1_harvest3,development,1138364143,1,completed,178084.0,719,"[""DONE"", ""DONE""]","[3000.0, 178084.0]","[3000.0, 178084.0]",57e778db6c5fe026bd7e81b441a3689475d690cd37b404fd3bdb2fac9b10e3a8,records/work1_harvest3_development.source_manifest.json,174ba2ad749cb3213a72a03302ef50b08a37a579848ba922bde132a19b8b6c23,2026-09-13T20:40:53.845579+00:00,2026-09-13T20:40:57.985988+00:00,4.140415269000016,2.8328863750008395,0.07452109199903134,0.180393644999981,97792,2071636,0ca9ff1db1866906f027c334f53e4fa649c949413409fb436e12e53d2cb1707b,
work1_harvest3_development_022,work1_harvest3,development,1722159489,0,completed,210625.0,719,"[""DONE"", ""DONE""]","[210625.0, 3000.0]","[210625.0, 3000.0]",57e778db6c5fe026bd7e81b441a3689475d690cd37b404fd3bdb2fac9b10e3a8,records/work1_harvest3_development.source_manifest.json,174ba2ad749cb3213a72a03302ef50b08a37a579848ba922bde132a19b8b6c23,2026-09-13T20:40:56.929006+00:00,2026-09-13T20:41:00.847688+00:00,3.91868995599998,2.6530547140004614,0.0715311729993573,0.16268060999999534,97368,2013292,e8ffcb04842daa4cdca0c9645da5c99de2fc0d078b21b38a358699c17d631104,
work1_harvest3_development_023,work1_harvest3,development,1722159489,1,completed,206938.0,719,"[""DONE"", ""DONE""]","[3000.0, 206938.0]","[3000.0, 206938.0]",57e778db6c5fe026bd7e81b441a3689475d690cd37b404fd3bdb2fac9b10e3a8,records/work1_harvest3_development.source_manifest.json,174ba2ad749cb3213a72a03302ef50b08a37a579848ba922bde132a19b8b6c23,2026-09-13T20:40:57.988281+00:00,2026-09-13T20:41:01.941005+00:00,3.9527310000000284,2.678380392000463,0.07305029399947216,0.16454705699999295,97812,2001364,0d08484ec5770ef91b4e253ad10b973fefa86baef7cab2e6be4a17a9fda38b71,
work1_harvest3_development_024,work1_harvest3,development,979914492,0,completed,272110.0,719,"[""DONE"", ""DONE""]","[272110.0, 3000.0]","[272110.0, 3000.0]",57e778db6c5fe026bd7e81b441a3689475d690cd37b404fd3bdb2fac9b10e3a8,records/work1_harvest3_development.source_manifest.json,174ba2ad749cb3213a72a03302ef50b08a37a579848ba922bde132a19b8b6c23,2026-09-13T20:41:00.849817+00:00,2026-09-13T20:41:05.146329+00:00,4.296520176000001,2.9070812569989357,0.07408661799979654,0.16315682700002299,97624,2184516,96f8617c1fbd9b3a3495e1e9fedf6746665856c6c7b31ac9eba7584f1f706bbe,
work1_harvest3_development_025,work1_harvest3,development,979914492,1,completed,272110.0,719,"[""DONE"", ""DONE""]","[3000.0, 272110.0]","[3000.0, 272110.0]",57e778db6c5fe026bd7e81b441a3689475d690cd37b404fd3bdb2fac9b10e3a8,records/work1_harvest3_development.source_manifest.json,174ba2ad749cb3213a72a03302ef50b08a37a579848ba922bde132a19b8b6c23,2026-09-13T20:41:01.943168+00:00,2026-09-13T20:41:06.315426+00:00,4.372261334000029,2.954355683999438,0.07671399199989537,0.13583641299999272,97944,2193931,bd3f07993bfa9619d43fde237941b26c22db21b0b64d1c94ede5bdd7a6600c3b,
work1_harvest3_development_026,work1_harvest3,development,1421711696,0,completed,250515.0,719,"[""DONE"", ""DONE""]","[250515.0, 3000.0]","[250515.0, 3000.0]",57e778db6c5fe026bd7e81b441a3689475d690cd37b404fd3bdb2fac9b10e3a8,records/work1_harvest3_development.source_manifest.json,174ba2ad749cb3213a72a03302ef50b08a37a579848ba922bde132a19b8b6c23,2026-09-13T20:41:05.148743+00:00,2026-09-13T20:41:09.332511+00:00,4.183774712999991,2.8465207739995435,0.07365125900008707,0.15582864500004234,97740,2076352,93248bd016b856e735a3f4f4a0d24072863f75feb7597b0adc65d8ca19df90df,
work1_harvest3_development_027,work1_harvest3,development,1421711696,1,completed,180623.0,719,"[""DONE"", ""DONE""]","[3000.0, 180623.0]","[3000.0, 180623.0]",57e778db6c5fe026bd7e81b441a3689475d690cd37b404fd3bdb2fac9b10e3a8,records/work1_harvest3_development.source_manifest.json,174ba2ad749cb3213a72a03302ef50b08a37a579848ba922bde132a19b8b6c23,2026-09-13T20:41:06.317689+00:00,2026-09-13T20:41:10.229570+00:00,3.911887512000021,2.615874875999964,0.07212752300091552,0.1375059359999682,97944,1937071,94e79c6fc52e65e007859317c470adb3135330905ef412129c1798c0e203bda3,
work1_harvest3_development_028,work1_harvest3,development,28576209,0,completed,185661.0,719,"[""DONE"", ""DONE""]","[185661.0, 3000.0]","[185661.0, 3000.0]",57e778db6c5fe026bd7e81b441a3689475d690cd37b404fd3bdb2fac9b10e3a8,records/work1_harvest3_development.source_manifest.json,174ba2ad749cb3213a72a03302ef50b08a37a579848ba922bde132a19b8b6c23,2026-09-13T20:41:09.334652+00:00,2026-09-13T20:41:13.175194+00:00,3.840549383999985,2.506849016999979,0.07344490900010214,0.12523756100000583,97952,2066736,8079e2363e671cd46eb77f25944a8a63d089b649ba10cf36bb68b4806220d1ec,
work1_harvest3_development_029,work1_harvest3,development,28576209,1,completed,187483.0,719,"[""DONE"", ""DONE""]","[3000.0, 187483.0]","[3000.0, 187483.0]",57e778db6c5fe026bd7e81b441a3689475d690cd37b404fd3bdb2fac9b10e3a8,records/work1_harvest3_development.source_manifest.json,174ba2ad749cb3213a72a03302ef50b08a37a579848ba922bde132a19b8b6c23,2026-09-13T20:41:10.231644+00:00,2026-09-13T20:41:14.246172+00:00,4.014535663000004,2.5725628969993295,0.07409932900054628,0.1357780969999567,97960,2072668,2be46bf8109762ffa0c1c6d2caeb91f7c198818a3c5a446c037614df102124ff,
work1_harvest3_development_030,work1_harvest3,development,394509745,0,completed,219662.0,719,"[""DONE"", ""DONE""]","[219662.0, 3000.0]","[219662.0, 3000.0]",57e778db6c5fe026bd7e81b441a3689475d690cd37b404fd3bdb2fac9b10e3a8,records/work1_harvest3_development.source_manifest.json,174ba2ad749cb3213a72a03302ef50b08a37a579848ba922bde132a19b8b6c23,2026-09-13T20:41:13.177478+00:00,2026-09-13T20:41:17.352441+00:00,4.174971335000009,2.7652999699993757,0.07363849800032085,0.22500555200002736,98132,2112026,de9669554f564b69d093406826d850c1f445f28b6b2fa31e1cbd6dde2c4d14f3,
work1_harvest3_development_031,work1_harvest3,development,394509745,1,completed,250783.0,719,"[""DONE"", ""DONE""]","[3000.0, 250783.0]","[3000.0, 250783.0]",57e778db6c5fe026bd7e81b441a3689475d690cd37b404fd3bdb2fac9b10e3a8,records/work1_harvest3_development.source_manifest.json,174ba2ad749cb3213a72a03302ef50b08a37a579848ba922bde132a19b8b6c23,2026-09-13T20:41:14.248416+00:00,2026-09-13T20:41:18.613343+00:00,4.364932001,2.9165635930012286,0.07663820599930204,0.19210435700000517,98088,2122467,39bf061f1efd562c3318a1288ae9c6d4ce5a4c6da358fc72a27486fdde167d56,
