attempt_id,panel,variant,seed,seat,entrypoint,valid,completed,steps,own_cash,terminal_cash_reward_agreement,error,started_utc,ended_utc,wall_seconds,cpu_seconds,max_rss_kib,action_seconds_total,action_seconds_max,action_count,action_sha256,state_sha256,replay_sha256,replay_bytes,record_path,replay_path
entrypoint_reuse__final__28846738__0,entrypoint_reuse,final,28846738,0,True,True,True,719,219232.0,True,,2026-09-13T21:55:07.635234+00:00,2026-09-13T21:55:11.933072+00:00,4.29768546199989,4.297231301,109304,3.4025379289996636,0.21024705500008167,719,95810745bd63ce37b0564c5fbc2d1be23b8e8f131bfb4144e76f0205c6147777,b0d65c3cee1d8933cd8ecaf10ae88576d86c464e02f4c94c1ae15af6344cb47c,c7a6fe2b33353c71ca1f7046ab1cce8180c20509ef47f537334f104edf309082,825476,games/entrypoint_reuse__final__28846738__0/RESULT.json,games/entrypoint_reuse__final__28846738__0/replay.jsonl.gz
entrypoint_reuse__final__28846738__1,entrypoint_reuse,final,28846738,1,True,True,True,719,217077.0,True,,2026-09-13T21:55:21.121639+00:00,2026-09-13T21:55:25.268069+00:00,4.146357144999911,4.146200413000001,110908,3.311487493000641,0.22762394500000482,719,fe8144fd2b1d3c5ed865c580b48d838fc66ab7aaf5227a624d47f93216723ea6,c588497ce752e49f31827a7a3286d6841d291c8079cf5e9c4ee03906d432a35a,0a0051754f4435dfce4753ee54bb38e022bd91906e9ba1a3d631b5aca9c70575,830606,games/entrypoint_reuse__final__28846738__1/RESULT.json,games/entrypoint_reuse__final__28846738__1/replay.jsonl.gz
entrypoint_reuse__final__94002826__0,entrypoint_reuse,final,94002826,0,True,True,True,719,228919.0,True,,2026-09-13T21:55:16.140314+00:00,2026-09-13T21:55:21.119533+00:00,4.979120254999998,4.972034387000001,110652,3.941074292004714,0.23927532499988047,719,fde6e70af8b49dbf35f70d5bf6523ab4297956a9fe7b9966b7be02dd8389b7dc,df560354f5f9b0e83e8fda5961dac619cf417ff35ecc68418f9db7c471d275a6,bae997a4ae27f109313c4337ab97bb3ecc35dee7d828623b1fe943ea037a60e5,896956,games/entrypoint_reuse__final__94002826__0/RESULT.json,games/entrypoint_reuse__final__94002826__0/replay.jsonl.gz
entrypoint_reuse__final__94002826__1,entrypoint_reuse,final,94002826,1,True,True,True,719,228919.0,True,,2026-09-13T21:55:11.935149+00:00,2026-09-13T21:55:16.138315+00:00,4.203075713000089,4.20274367,110216,3.3410316250005963,0.22929957199994533,719,7f567ac63ecbdf41db1c509979689adad614a7380c5ac84160e6223bc454e19c,bb42dd68bbf7123653dd002acdec90683735d37e68939f893bf6eab8773d2f79,e93719a317257745321ae595fea463454e416f2f406f3c7968c2f9d2aea3a13f,893356,games/entrypoint_reuse__final__94002826__1/RESULT.json,games/entrypoint_reuse__final__94002826__1/replay.jsonl.gz
fixed_validation__baseline__1065868278__0,fixed_validation,baseline,1065868278,0,False,True,True,719,161829.0,True,,2026-09-13T21:57:44.202706+00:00,2026-09-13T21:57:49.179987+00:00,4.977283482000075,4.977246413999993,98784,4.078781770001115,0.2215105789998688,719,63a4501890eabc446190d8bcfb224233918aa08c6fcfb4d4fca3bc788fb62c93,0ecace027d0c7da29d1e432cdd3db3339e2f3c6140acaf5d11bcdeacaa27ce90,07cffecf54aba0d92bf67c2930f00f67d829463d22494d332e0772752c5865ca,848755,games/fixed_validation__baseline__1065868278__0/RESULT.json,games/fixed_validation__baseline__1065868278__0/replay.jsonl.gz
fixed_validation__baseline__1065868278__1,fixed_validation,baseline,1065868278,1,False,True,True,719,172385.0,True,,2026-09-13T21:57:45.903760+00:00,2026-09-13T21:57:51.263618+00:00,5.3598601230000895,5.359587215999994,99256,4.388396778001606,0.25294408399986423,719,34383dd51cd5d26c5956ef043bdc9251eadcb75bfb12b9d6ac94cb592151ea41,d6aa77cd6cd41adb357dd48861b25ed40f9dcba96348e664953708a6b98630fa,83258bd648f421da7c8feb46465f4ff6cf737c221f68bf586bed24ebb12bba6a,900169,games/fixed_validation__baseline__1065868278__1/RESULT.json,games/fixed_validation__baseline__1065868278__1/replay.jsonl.gz
fixed_validation__baseline__1169107643__0,fixed_validation,baseline,1169107643,0,False,True,True,719,190168.0,True,,2026-09-13T21:58:18.938038+00:00,2026-09-13T21:58:23.651600+00:00,4.713574322999875,4.703048860999985,99092,3.8237474450018,0.28183437600000616,719,f5443b70ae81e2ed97033d0b013a43d27a435f08c769f3a4cf67ad54c842b656,ab9f29ed5ab742f2925381dfa517580905d39927aa47360be7d909fdeb0f8e27,737e95240957830c26f6d936625c2c7083c5a2da593adceec61512a5d05e7cd7,894633,games/fixed_validation__baseline__1169107643__0/RESULT.json,games/fixed_validation__baseline__1169107643__0/replay.jsonl.gz
fixed_validation__baseline__1169107643__1,fixed_validation,baseline,1169107643,1,False,True,True,719,190168.0,True,,2026-09-13T21:58:20.413923+00:00,2026-09-13T21:58:25.135381+00:00,4.721461749000127,4.721132440000019,99444,3.7350026439985413,0.21659786299983352,719,6132a87276af049484545a7efc134355ad0213b9b43ff070e0decce6496b4b82,e56c7bee6135df2f8ef6a5e6cf1dab5883d9e46e3e115db490a4f22ce8b79bfe,67d883947345d7ff2f30d351efcbdb4b9556fc9b65346fac1580d79ab27dbd41,901029,games/fixed_validation__baseline__1169107643__1/RESULT.json,games/fixed_validation__baseline__1169107643__1/replay.jsonl.gz
fixed_validation__baseline__1296643961__0,fixed_validation,baseline,1296643961,0,False,True,True,719,234018.0,True,,2026-09-13T21:58:04.300915+00:00,2026-09-13T21:58:09.500524+00:00,5.199610022999877,5.199429092000003,98880,4.214833404998217,0.22848870799998622,719,c968de13b01604fd77273cc78e9f4fb9fdf67cabd81989fc3227985c557d4d73,7fac9b20f2b16438a8f5bc0440d946054d8ffb9f85b5b7b069d0647c6dbea37b,30fe8ba4eca4efeee7ca90124d837d17ca542755f5f67c5349b0a2eca0bfb337,898812,games/fixed_validation__baseline__1296643961__0/RESULT.json,games/fixed_validation__baseline__1296643961__0/replay.jsonl.gz
fixed_validation__baseline__1296643961__1,fixed_validation,baseline,1296643961,1,False,True,True,719,234018.0,True,,2026-09-13T21:58:05.656563+00:00,2026-09-13T21:58:10.572513+00:00,4.915953144000014,4.915332696999997,99344,4.009399891997873,0.23857261700004528,719,eb9d7c994aeca046fbc9178ceb3d06524785f709fa2e3b5b0e7ee9fe9c14b110,db112ba9e9429b1e6c439faed01bd1d06126124e95d5d5db72b26704eb775b13,a7a17112508efa7b625ac390d4502ce011c5e8fb45992702b42cdeacc3dea3c0,892846,games/fixed_validation__baseline__1296643961__1/RESULT.json,games/fixed_validation__baseline__1296643961__1/replay.jsonl.gz
fixed_validation__baseline__1360514945__0,fixed_validation,baseline,1360514945,0,False,True,True,719,182153.0,True,,2026-09-13T21:58:14.225623+00:00,2026-09-13T21:58:18.934341+00:00,4.708725912000091,4.708688707000022,99092,3.845361381997236,0.23148414800016326,719,4bda3f339c7f49aebbfd364c6c270b1d1a0cf0892efd957cd24505eaa4cfdfb5,1faf081f51d6fec94501a719610a42750b3ebc4296294b7b605405d38ec9dad1,1c1ccb3adfbab45b870c1ba7f4d3f16595101e12b4ea93020cab9b973c7a7359,905528,games/fixed_validation__baseline__1360514945__0/RESULT.json,games/fixed_validation__baseline__1360514945__0/replay.jsonl.gz
fixed_validation__baseline__1360514945__1,fixed_validation,baseline,1360514945,1,False,True,True,719,182153.0,True,,2026-09-13T21:58:15.640733+00:00,2026-09-13T21:58:20.410308+00:00,4.769577017000074,4.750801539000008,99428,3.8395264180005597,0.24491235200002848,719,382759612c7aace52ebbb403fd694d401bda9e744d6dae1e3c5d2ee1a724ce86,1e634c1e1da2c4da0eac1f8d2a7d4540318d62fde2049b07c8e61bf4608e8623,0628447a77725115fb9098e321b0542b05c225b81b07e2ecc4dbd88bb0734ebc,901448,games/fixed_validation__baseline__1360514945__1/RESULT.json,games/fixed_validation__baseline__1360514945__1/replay.jsonl.gz
fixed_validation__baseline__1580896166__0,fixed_validation,baseline,1580896166,0,False,True,True,719,243771.0,True,,2026-09-13T21:57:11.352403+00:00,2026-09-13T21:57:16.188960+00:00,4.8365596680000635,4.833630206999999,98572,3.948671842001204,0.19923730300001807,719,b9a5e6033a0fbdbceff2b01639736a2753d8174d880d762752333cff99a3245d,bfd4a1086b67260cdfeb625576d0baa3e8f1b68430783296fde490d29c2d386c,1aee63d9a83dd2e942ae5f2cf75d6316ee487619e9ff513a0500b286a29d9049,896478,games/fixed_validation__baseline__1580896166__0/RESULT.json,games/fixed_validation__baseline__1580896166__0/replay.jsonl.gz
fixed_validation__baseline__1580896166__1,fixed_validation,baseline,1580896166,1,False,True,True,719,207569.0,True,,2026-09-13T21:57:14.471154+00:00,2026-09-13T21:57:20.058816+00:00,5.587660238999888,5.560597373999997,98200,4.539968602006184,0.2643900450000274,719,eb2814bdda83d05cbfe1463c04aac3226cc973a77298bd411ee9d49a67bca333,4d05d61efd52186ea47138628b2b76243d8146153e8034a19294a730a8cfe440,26d0e53ae39d139c99c9d006890dfd9aef5f0c3f612e1597582392737fe24d31,872112,games/fixed_validation__baseline__1580896166__1/RESULT.json,games/fixed_validation__baseline__1580896166__1/replay.jsonl.gz
fixed_validation__baseline__1683132896__0,fixed_validation,baseline,1683132896,0,False,True,True,719,209834.0,True,,2026-09-13T21:57:38.923994+00:00,2026-09-13T21:57:44.198704+00:00,5.274711578000051,5.274680974999995,98628,4.271223055997098,0.2935196219998488,719,71e7fc6fea1f2b94028f0b0865e640052c9b8f21863728ce9797c08e83e0a059,98214be56c080c14f41bf421dda65c7f5bd61b6bca3c7537a55f18a4c82817e9,ebbf8e3e1a6a691a4adfd00547a3d1a62dfe40d346f039f8b3148f44b957656d,904606,games/fixed_validation__baseline__1683132896__0/RESULT.json,games/fixed_validation__baseline__1683132896__0/replay.jsonl.gz
fixed_validation__baseline__1683132896__1,fixed_validation,baseline,1683132896,1,False,True,True,719,189313.0,True,,2026-09-13T21:57:41.363472+00:00,2026-09-13T21:57:45.899159+00:00,4.5356895679999525,4.534702035999999,99112,3.6401483789995837,0.23417998100012483,719,ecc1b1bb7488bf66964bddcd540ffcdd8f36a3b9ba792898b45a41a8cd272fe2,e7fbb8f4ae340f5c75d65285228042fe7f159bcb1eac8996be14c5eac13a62a1,da474ce17999d754e84ece62977b14ddbb660977e56e102b31f45bf9be86a63d,953178,games/fixed_validation__baseline__1683132896__1/RESULT.json,games/fixed_validation__baseline__1683132896__1/replay.jsonl.gz
fixed_validation__baseline__1743809225__0,fixed_validation,baseline,1743809225,0,False,True,True,719,215652.0,True,,2026-09-13T21:57:33.017063+00:00,2026-09-13T21:57:38.919824+00:00,5.902761432000034,5.902723473000009,98628,4.759608640996703,0.23492094700009147,719,52a8096030e984f4a0529bce62da331595023bb98f27872ce7b6e0c815ea14e0,24b24eb946db6e3d552a4f90d6da2d6ecd081137a4e76763552db30d03ff8a47,978ada1262aabfb4798463e1b65f8f2aa75f691ba401b4c27e1169e5366fe515,871993,games/fixed_validation__baseline__1743809225__0/RESULT.json,games/fixed_validation__baseline__1743809225__0/replay.jsonl.gz
fixed_validation__baseline__1743809225__1,fixed_validation,baseline,1743809225,1,False,True,True,719,215724.0,True,,2026-09-13T21:57:36.476407+00:00,2026-09-13T21:57:41.359748+00:00,4.883345182000085,4.8830414709999985,99088,4.004522513001575,0.19556125500002963,719,f211e7727afe73da3b274ff963257cfa87a6d1fe8bc92233cd70aab132c75c28,fea978254febf80989986cb812bb897780388bf5ff96386fbe82490f35d95931,eb1f11f52e20047181d4b10b6099368cba9580894e777aa19fd41f3944105749,867535,games/fixed_validation__baseline__1743809225__1/RESULT.json,games/fixed_validation__baseline__1743809225__1/replay.jsonl.gz
fixed_validation__baseline__1807203739__0,fixed_validation,baseline,1807203739,0,False,True,True,719,220467.0,True,,2026-09-13T21:58:28.361882+00:00,2026-09-13T21:58:33.351157+00:00,4.989275492000161,4.98922102100002,99144,4.102311883001448,0.28706000500005757,719,c69204376f491fe7fb898222bcfbd63359032196a3f133a6b9fc8b70d8c25ff5,4ad76c7d98418cca8a6df8adb2531f1fc5389807db26e7112c32de2b297a2dd0,2415ce5666b37cb10b8cd4b4c6028828a0221cd896615d30ddb1c69b9cab9d72,860129,games/fixed_validation__baseline__1807203739__0/RESULT.json,games/fixed_validation__baseline__1807203739__0/replay.jsonl.gz
fixed_validation__baseline__1807203739__1,fixed_validation,baseline,1807203739,1,False,True,True,719,161719.0,True,,2026-09-13T21:58:30.370268+00:00,2026-09-13T21:58:35.272295+00:00,4.902031083000111,4.90182642900001,99500,3.9822990550003396,0.23964375700006713,719,2aba129a64ba7a9dd55c853e748ebc31febfd0b167fec34dc6ec165a4800f7a7,b63f90f4e04d5b1f70f969725ac327d8fbcde8b0d509eb84c2025356ff0a80b7,da8844dad260162789d8686bb4e6e7348f33243651e76a7225eda53477f7f999,906626,games/fixed_validation__baseline__1807203739__1/RESULT.json,games/fixed_validation__baseline__1807203739__1/replay.jsonl.gz
fixed_validation__baseline__1892316652__0,fixed_validation,baseline,1892316652,0,False,True,True,719,194831.0,True,,2026-09-13T21:57:49.184266+00:00,2026-09-13T21:57:54.136146+00:00,4.951880513999868,4.951841135999999,98832,4.016971646998172,0.2512201229999391,719,447bb7f39a059f5e778cd1cbff172f8a64841cbe0e0ccc9bcfb9324428367e74,a6705fc73e9f6789964cc054ad729dd54b71c6dffb797fa2d31be29b097fde76,d2cd7a83547483c8bdd8141ce698067539768cc7220ca73043e62e38497aa3ca,915571,games/fixed_validation__baseline__1892316652__0/RESULT.json,games/fixed_validation__baseline__1892316652__0/replay.jsonl.gz
fixed_validation__baseline__1892316652__1,fixed_validation,baseline,1892316652,1,False,True,True,719,194831.0,True,,2026-09-13T21:57:51.267663+00:00,2026-09-13T21:57:56.272386+00:00,5.00472500900014,5.004569957000001,99276,4.045289457004856,0.28661012600014146,719,1accef502b12d16853b51ed7fa90f54e8f16672b6cafae7b3ef94ccefec3f288,ef98d76b78fd7b085cd5b031e921ba0945dc20df4d9e4cb46888db83ea9a9b64,ce4455c8f529f2cc06614be56bec485c75e1348c1511c96eef71a0a1f62c4075,924204,games/fixed_validation__baseline__1892316652__1/RESULT.json,games/fixed_validation__baseline__1892316652__1/replay.jsonl.gz
fixed_validation__baseline__195845826__0,fixed_validation,baseline,195845826,0,False,True,True,719,176998.0,True,,2026-09-13T21:57:21.276388+00:00,2026-09-13T21:57:26.368515+00:00,5.0921280049999496,5.075128890000002,98608,4.234156166999128,0.24113132299999052,719,7fbb16a654228fe713582196c442eff8e1a2a53f90764c71ad88487175c292cf,efcdef7d719d4479d2c6ea48322b80d8bad7a9ac351265fe9bdefd943ad29fec,a8f530ff118ce7c8a971c2ec41c474bf5ba5ef411a82fdc2e7cbcaf71a8ccece,791665,games/fixed_validation__baseline__195845826__0/RESULT.json,games/fixed_validation__baseline__195845826__0/replay.jsonl.gz
fixed_validation__baseline__195845826__1,fixed_validation,baseline,195845826,1,False,True,True,719,176997.0,True,,2026-09-13T21:57:26.038363+00:00,2026-09-13T21:57:33.012807+00:00,6.974446359000012,6.959691647,98600,5.743368402999067,0.3464623229999688,719,3ad3bc0e69ad64493c801d904e97b7bdda6e80021dad860a1b121f06ced30856,917af93032ac54cf4baf9ee069a69eaef550980210b102b63715ffcf7aa514e1,d16935119eb42a6b13552fc45eff200d8f22ed393bc121afc796e163ca1dfc3a,786490,games/fixed_validation__baseline__195845826__1/RESULT.json,games/fixed_validation__baseline__195845826__1/replay.jsonl.gz
fixed_validation__baseline__2013841467__0,fixed_validation,baseline,2013841467,0,False,True,True,719,199005.0,True,,2026-09-13T21:58:09.504575+00:00,2026-09-13T21:58:14.221246+00:00,4.7166720039999745,4.716629595000001,98932,3.741484556001751,0.27560547199982466,719,46a8e4fbfe8f69aafb0327e8a9fc15a622de7fe6e5b9904a3e1caf9899acd4ea,f6cae40a818189254925705c86da584afe672384cef39ae89a2d8560fcefe8d5,a7781a93dbfe9cb982bc93be44cb326f71d8e79c6eb1c117deaad6212d979f6b,937767,games/fixed_validation__baseline__2013841467__0/RESULT.json,games/fixed_validation__baseline__2013841467__0/replay.jsonl.gz
fixed_validation__baseline__2013841467__1,fixed_validation,baseline,2013841467,1,False,True,True,719,184034.0,True,,2026-09-13T21:58:10.576082+00:00,2026-09-13T21:58:15.636950+00:00,5.060872103000065,5.060723444000018,99384,4.152465894000898,0.2608016870001393,719,aaf2ae57ce40e255ad102d1e296b80b4d54cf9f89acfd44ea54c4d379a13115e,a081f38f01559c24006b08910c17ef0ad432f157aaa8fed551ecdc4c34943f96,417f09298de14018bf9492a5967f1767594af80faee8c6232741385e3a8c8995,871296,games/fixed_validation__baseline__2013841467__1/RESULT.json,games/fixed_validation__baseline__2013841467__1/replay.jsonl.gz
fixed_validation__baseline__412651507__0,fixed_validation,baseline,412651507,0,False,True,True,719,177597.0,True,,2026-09-13T21:58:23.655650+00:00,2026-09-13T21:58:28.357398+00:00,4.701748934999841,4.701560305000015,99100,3.837540257998853,0.2236620280000352,719,9dea1eeaaf4aa6ab230462ceefc155b7a7a11ec05276130bb170f32137e1017d,b92dfea7bf101e9227b95689b6755ff4b7f413e466ebebd1c53fe88191c1f77d,5600d778bf05ba458492fc7a0f9062127299110feb260297df3a4927147266e3,936198,games/fixed_validation__baseline__412651507__0/RESULT.json,games/fixed_validation__baseline__412651507__0/replay.jsonl.gz
fixed_validation__baseline__412651507__1,fixed_validation,baseline,412651507,1,False,True,True,719,157425.0,True,,2026-09-13T21:58:25.138939+00:00,2026-09-13T21:58:30.366559+00:00,5.227624033999973,5.227343011999977,99476,4.316211384996905,0.2984705750000103,719,fb7756c65aa58249441fd8bbf14039b9512e503006f5290f8031617d51ee2e71,8a416d145d5aefc87b33eb98b67e5fe6b641fdb41715ca3d9c81d518a54487de,a7870044faa8676fe0ecf22941cafb84fa5db3f5ce4ff67db5d2258347cba012,836980,games/fixed_validation__baseline__412651507__1/RESULT.json,games/fixed_validation__baseline__412651507__1/replay.jsonl.gz
fixed_validation__baseline__69779086__0,fixed_validation,baseline,69779086,0,False,True,True,719,226941.0,True,,2026-09-13T21:57:26.375785+00:00,2026-09-13T21:57:31.470772+00:00,5.0949888190000365,5.056895936000004,98728,4.140964797000606,0.2596588450001036,719,69b8891df73ad73f0c644ffc84991bbd219481531bcef43b671d2b8d9a2a85a5,41f0b532cd831fc0b2193fb1037ad6f5fa51474aa8eecd54b2f1120eca7973a4,369185fe645277f178efd0c3def97b3cbf59c46453eb5fe76e8561bc41e3cd2a,912971,games/fixed_validation__baseline__69779086__0/RESULT.json,games/fixed_validation__baseline__69779086__0/replay.jsonl.gz
fixed_validation__baseline__69779086__1,fixed_validation,baseline,69779086,1,False,True,True,719,230468.0,True,,2026-09-13T21:57:31.474623+00:00,2026-09-13T21:57:36.468779+00:00,4.9905972439999005,4.983222783000002,99080,4.016610240999171,0.28449938999983715,719,9bbf5f0640ea8ac33b7a443cfbd47ff640704ea0c60d4f89c00bb3809a276408,54dcd1370cc699dea9abe56e9691d15571bd272db6a042867e50ea44269ae6c4,560b18b842657e154ee139a23c9d3ecbabcd933404d00f409d36434a93c65e55,894231,games/fixed_validation__baseline__69779086__1/RESULT.json,games/fixed_validation__baseline__69779086__1/replay.jsonl.gz
fixed_validation__baseline__828453817__0,fixed_validation,baseline,828453817,0,False,True,True,719,212903.0,True,,2026-09-13T21:57:54.144662+00:00,2026-09-13T21:57:58.780853+00:00,4.63619138099989,4.6361507959999955,98832,3.763930316004007,0.22461759599991638,719,72d9543e8b628200cc4ec1d3ceef9fd0650caf6584c553112e0d9d6875ae9419,812957f45c1e532c81d9bd9a8f347deebb8abea50576393475b0ddd30bb85468,948dbc78239b5563b223818bbcfd7e3bac4120a2e4b26ffb465c7f95822cd551,812469,games/fixed_validation__baseline__828453817__0/RESULT.json,games/fixed_validation__baseline__828453817__0/replay.jsonl.gz
fixed_validation__baseline__828453817__1,fixed_validation,baseline,828453817,1,False,True,True,719,212903.0,True,,2026-09-13T21:57:56.276242+00:00,2026-09-13T21:58:00.958299+00:00,4.682061630000135,4.661023713999995,99276,3.7888115149999066,0.2637259370001175,719,e16f401ce71300494d023319916de434e74adeed538348420e59de041e4bc9d4,b1e3fac504c7dcc931e8d0ecd65e3ccfed38cfbb437762a5ddca1e280162b0a6,cd3deb29c0036b5eaeb06d67ee0688087f4e3e9d9ccd9494e0d863009429cef6,811919,games/fixed_validation__baseline__828453817__1/RESULT.json,games/fixed_validation__baseline__828453817__1/replay.jsonl.gz
fixed_validation__baseline__850149531__0,fixed_validation,baseline,850149531,0,False,True,True,719,224955.0,True,,2026-09-13T21:57:16.194014+00:00,2026-09-13T21:57:21.271517+00:00,5.077505053000095,5.067666101,98584,4.176815545001318,0.23107136599992373,719,9b77be639d19c40a8cefae2dadc3ace7760d643acbfb6b48012e25219e529267,c1ed21abd037eb5a0ffb84335344fc4280a4b8786df61f842fe40d63da86c1c7,41622189214b736f65dea01431fa914ac28f0596617cd62a941ed8837da2e914,889631,games/fixed_validation__baseline__850149531__0/RESULT.json,games/fixed_validation__baseline__850149531__0/replay.jsonl.gz
fixed_validation__baseline__850149531__1,fixed_validation,baseline,850149531,1,False,True,True,719,224955.0,True,,2026-09-13T21:57:20.064680+00:00,2026-09-13T21:57:26.032102+00:00,5.967458356000179,5.955956145000002,98532,4.853368179999961,0.28680631800011724,719,9e233b3f097cffce1a09f7934570e492dd5d983260583cd47f547b4a2ffaddb2,0ab831c7d0fd30a15a2a109895f4a0beccf7e65e1a3f4e5ee75cf76c3c2e1590,a3026aac379af983eade0ba1d101846032207e7f7646a44ff9811db9ff7bf37c,889460,games/fixed_validation__baseline__850149531__1/RESULT.json,games/fixed_validation__baseline__850149531__1/replay.jsonl.gz
fixed_validation__baseline__916097168__0,fixed_validation,baseline,916097168,0,False,True,True,719,186262.0,True,,2026-09-13T21:57:58.785163+00:00,2026-09-13T21:58:04.294509+00:00,5.509358109000004,5.506615594999985,98848,4.490023615996051,0.23707820499998888,719,a712866f6ca9bc0fa3b35bb9c6b88282e87619700fe2602fdf3aa58de7a0f05f,5a5c4cdbcbb813bc95d33be2bdba3e78140bc5b83f6e3859abf12d785f8d5f5b,528de96a287c35b2f43933d09e2948a06c4ca717853242a78d116dc7539608ca,833901,games/fixed_validation__baseline__916097168__0/RESULT.json,games/fixed_validation__baseline__916097168__0/replay.jsonl.gz
fixed_validation__baseline__916097168__1,fixed_validation,baseline,916097168,1,False,True,True,719,147581.0,True,,2026-09-13T21:58:00.968201+00:00,2026-09-13T21:58:05.652535+00:00,4.684343516000126,4.684177284000015,99328,3.783875845998182,0.2671163919999344,719,0babb7161245c9362ce88838bfac25c5e06e0777d65f9c9276eefeb55c1ad264,ec24bd4151002c49c53b6b681c91fb7a276a243d63f6dc0f9f3511f5ae01a4b3,03c2497d7148c6ff93e404242c968770dea6af79f49ac0ea34e917a962497228,865247,games/fixed_validation__baseline__916097168__1/RESULT.json,games/fixed_validation__baseline__916097168__1/replay.jsonl.gz
fixed_validation__final__1065868278__0,fixed_validation,final,1065868278,0,False,True,True,719,173998.0,True,,2026-09-13T21:56:23.901506+00:00,2026-09-13T21:56:28.834280+00:00,4.932859028999928,4.928262519000004,97076,4.0244367549953495,0.19457467799998085,719,2d9e08b0c779302ccd7c01d71034c690d0e1c597239d09e4e34c67e08f4502a2,ea4a4ba31b19fc1c9b5309f8aadc1010229a1d7360fa0aa404aa2601f4415672,0ca859153a86dd842ebb0e48337df2c930ffd4d31fac144cfc5c2ada7c333374,736842,games/fixed_validation__final__1065868278__0/RESULT.json,games/fixed_validation__final__1065868278__0/replay.jsonl.gz
fixed_validation__final__1065868278__1,fixed_validation,final,1065868278,1,False,True,True,719,172581.0,True,,2026-09-13T21:56:26.519182+00:00,2026-09-13T21:56:30.768046+00:00,4.248869184999876,4.2471627679999955,97452,3.411417447001213,0.18409612799996466,719,649be0c55fb3ace6711948bdf835ced7429d11e85f64ab7e4119ed9788181266,cb953973a32160f77770b42746e2b263853228843432157fc69459d5fbc707f4,3c8ada69a9b689fd3358b61480af6da1d68edcc619f8a30e65299660859174df,721340,games/fixed_validation__final__1065868278__1/RESULT.json,games/fixed_validation__final__1065868278__1/replay.jsonl.gz
fixed_validation__final__1169107643__0,fixed_validation,final,1169107643,0,False,True,True,719,145194.0,True,,2026-09-13T21:56:57.503221+00:00,2026-09-13T21:57:02.561885+00:00,5.0586648220000825,5.057606574999994,97580,4.028914151999743,0.3196476949999578,719,a15935cafa45af0b2a320cf728ebcab6e86489e390c2befaab97d795eecf358b,e56bef2d9e7ae8a5a450decd2a4f64dd1ae3405d609ff89e8356b13be28d6803,ea0c1d07e89454847f67bae1cd18a6aeefdd051155584c3e2c2ab85cc56aabc2,878432,games/fixed_validation__final__1169107643__0/RESULT.json,games/fixed_validation__final__1169107643__0/replay.jsonl.gz
fixed_validation__final__1169107643__1,fixed_validation,final,1169107643,1,False,True,True,719,145194.0,True,,2026-09-13T21:56:59.456639+00:00,2026-09-13T21:57:04.513037+00:00,5.056394232999992,5.056352634000007,97160,4.00651161200085,0.2808302720000029,719,a22f4510a3878e4b2ccf21c3fcdd0496f0731991a14622d888180b51bab4357a,9c372e98d36ae7e353575a64165b4a29e1db358cfe0e35065abe50213e88a032,a954fa2c152f1e18bae8cc9fe2e9910d97206d9e1822f85b47b8701632d1b2f8,877623,games/fixed_validation__final__1169107643__1/RESULT.json,games/fixed_validation__final__1169107643__1/replay.jsonl.gz
fixed_validation__final__1296643961__0,fixed_validation,final,1296643961,0,False,True,True,719,184547.0,True,,2026-09-13T21:56:43.972684+00:00,2026-09-13T21:56:48.685750+00:00,4.713070894999873,4.712575853000004,97532,3.8159039309982745,0.2066613789997973,719,e73903c25cecfc3f8049553edcd36bfe295c74b549711a888ae1eb3517652802,6bb3b6f9f0d8e56da5bf686686e8deb282d5921d7181998b798691827510e309,5bed32d0482bb07ee8d92c3d36ac29d05a555071a440df91da684c79ad44b537,813768,games/fixed_validation__final__1296643961__0/RESULT.json,games/fixed_validation__final__1296643961__0/replay.jsonl.gz
fixed_validation__final__1296643961__1,fixed_validation,final,1296643961,1,False,True,True,719,184547.0,True,,2026-09-13T21:56:44.194942+00:00,2026-09-13T21:56:49.426840+00:00,5.231900586000165,5.231483875999999,97160,4.222639574997629,0.2604365530000905,719,d4031f491a4c1df2ff7cda64c04adeb0fa725be8e061abc343cd068cd889116c,eb89d4e4f62d6309dc39c8cfb1ef17126338a6e38be82a2343f82f92b6885fa0,89f561c4293f484e9ce37452d588df80c33318477574d5971bea2ddd11753de3,807175,games/fixed_validation__final__1296643961__1/RESULT.json,games/fixed_validation__final__1296643961__1/replay.jsonl.gz
fixed_validation__final__1360514945__0,fixed_validation,final,1360514945,0,False,True,True,719,197977.0,True,,2026-09-13T21:56:53.135522+00:00,2026-09-13T21:56:57.498388+00:00,4.362875455999983,4.362179333999997,97556,3.43865179300019,0.22876249499995538,719,c43a77e0f14562194ca160a9dedd893c64c7519ab483a8c37e8ec04a5e484a5b,e73cd80089711b259faef6ae02a2b2139ef420233329fb28ab9b50b37701d4dc,ea87b82c3817aa6a60c8f8ee40c5a90f8f3ee830ca482bbfc1ecedf929b018a9,855199,games/fixed_validation__final__1360514945__0/RESULT.json,games/fixed_validation__final__1360514945__0/replay.jsonl.gz
fixed_validation__final__1360514945__1,fixed_validation,final,1360514945,1,False,True,True,719,197977.0,True,,2026-09-13T21:56:54.543277+00:00,2026-09-13T21:56:59.445959+00:00,4.902683591999903,4.902651146000004,97160,3.8108145700018667,0.24943812999981674,719,f41712fb4600f3da4a938bfce659018cd7957c86f5d411b625df317c44eedcbc,bb67248b38aa46b37b18636f072df1514ad8ce874d4014948c751546e0e592ff,0e488d55da97c375c93a70ecba6d6a0f60c2175ecb3fc3912137b13b3787e46d,846290,games/fixed_validation__final__1360514945__1/RESULT.json,games/fixed_validation__final__1360514945__1/replay.jsonl.gz
fixed_validation__final__1580896166__0,fixed_validation,final,1580896166,0,False,True,True,719,193656.0,True,,2026-09-13T21:55:52.987594+00:00,2026-09-13T21:55:57.884669+00:00,4.896074595000073,4.894332176000001,95460,3.705971466998335,0.3564930389998153,719,c5360aab909c6b2f62cdb179e28238914159ba73859ebe9d49b1ef5920975928,3ab2926dc6d4b2b48fb3387654f236e9eaca7727ff92dbc30b7b3fc08739f59e,cb469e31fe8da609a0757e16f3e582288b7f32177cab2f8046b6f46dc755b125,868348,games/fixed_validation__final__1580896166__0/RESULT.json,games/fixed_validation__final__1580896166__0/replay.jsonl.gz
fixed_validation__final__1580896166__1,fixed_validation,final,1580896166,1,False,True,True,719,185313.0,True,,2026-09-13T21:55:53.011857+00:00,2026-09-13T21:55:59.860154+00:00,6.846995687000117,6.83503075,95228,5.322257355996953,0.3953473750000285,719,cfd6fdd427597c4213372c2b604c1cf954aea4ee7d9528a502bd14918505578a,3f43494375d06a85a1c43982a337ea45113368620acd5975a6bfafe22dfa4fe6,c40311fd0c8fac65c20047eab7d69fd5cd92a2e7f3fa86712796c390037d3205,809212,games/fixed_validation__final__1580896166__1/RESULT.json,games/fixed_validation__final__1580896166__1/replay.jsonl.gz
fixed_validation__final__1683132896__0,fixed_validation,final,1683132896,0,False,True,True,719,254420.0,True,,2026-09-13T21:56:18.100474+00:00,2026-09-13T21:56:23.897704+00:00,5.797235690000207,5.788915007,97044,4.238895090997175,0.30145765899987964,719,16782e1edd3ca968f840f6a786c9e26938ea25e76005467f6ff21768ff4c1e87,34e5fd88a87be53d35b924d6fccf7e21599885e03753bc9dd8d4caa3cd960021,c52f31dc8f3458e13347d2e31e44accc0583acb246e669b8fd13f9ba157c8a70,874572,games/fixed_validation__final__1683132896__0/RESULT.json,games/fixed_validation__final__1683132896__0/replay.jsonl.gz
fixed_validation__final__1683132896__1,fixed_validation,final,1683132896,1,False,True,True,719,253462.0,True,,2026-09-13T21:56:21.952562+00:00,2026-09-13T21:56:26.515350+00:00,4.562805393999952,4.562424651000004,97452,3.6298228050006855,0.2355770859999211,719,dcd839f724383e89431432dcd349fb2811bca00651af446560c16440a68ae3e5,2d809b5e4487425391f91af33d127f68a7e4bbc0badf7743c5293480fddd24b8,bd6545c9a3c94529b57f257022bceaba91394b128498467e87b1e21002a4e274,870807,games/fixed_validation__final__1683132896__1/RESULT.json,games/fixed_validation__final__1683132896__1/replay.jsonl.gz
fixed_validation__final__1743809225__0,fixed_validation,final,1743809225,0,False,True,True,719,170341.0,True,,2026-09-13T21:56:12.471395+00:00,2026-09-13T21:56:18.093475+00:00,5.622088369000039,5.613353375999999,96916,4.486423669004125,0.45823385499988945,719,36ba2edd74fddc4bbc2869c452f5ed220632d213ff36678950f506d30d7c40f4,65b56123f683832c845d05377bf267b1c6c9375e08dde80d6386e31c1ab20b2f,54d33d0dfb0b8e101ff4e30a1b42daac3062c8b56b3c110cdc0602a04347743d,822039,games/fixed_validation__final__1743809225__0/RESULT.json,games/fixed_validation__final__1743809225__0/replay.jsonl.gz
fixed_validation__final__1743809225__1,fixed_validation,final,1743809225,1,False,True,True,719,162627.0,True,,2026-09-13T21:56:17.213016+00:00,2026-09-13T21:56:21.943662+00:00,4.730729445999941,4.730027488000001,97324,3.711995516001707,0.24362447299995438,719,283cc2415c269de9b0c49de5b09cb0078a099d89eea60c0999c61f7beb46fa2c,239a3b6628af78e9123cfae6f2478d01fad8a58fd016e9b38dbfa3be40b5bb18,1532a875944782abef2b8fc39d853ae3d447db424ed8baec1498cd91bbf0585e,807973,games/fixed_validation__final__1743809225__1/RESULT.json,games/fixed_validation__final__1743809225__1/replay.jsonl.gz
fixed_validation__final__1807203739__0,fixed_validation,final,1807203739,0,False,True,True,719,216750.0,True,,2026-09-13T21:57:06.945836+00:00,2026-09-13T21:57:11.347844+00:00,4.402017353000019,4.401454209999997,97636,3.496972383999264,0.2294434390000788,719,f4438367d5cf60e442f5b0d9eebd45b5721e9136e9028f5f5daed7bc9dd6e8ba,27f6cf80ea907732e7b1fe4be0c7df16dde72494338e77f44dd9401057130cb1,7bf24a3e71572461962beb760fbcc5c5306b758d4469aa407d1fdd813c6de20f,782227,games/fixed_validation__final__1807203739__0/RESULT.json,games/fixed_validation__final__1807203739__0/replay.jsonl.gz
fixed_validation__final__1807203739__1,fixed_validation,final,1807203739,1,False,True,True,719,216750.0,True,,2026-09-13T21:57:09.401528+00:00,2026-09-13T21:57:14.466520+00:00,5.0651511839998875,5.065107990000001,97204,4.086569316999203,0.3075105419998181,719,83807450f3f9df6566dd74ec3b3acf54f189a15a2f996eccffc888e9b1b90ee4,76e4d109955ebd7fbf6a1a1a869eda5ad299bec252fa200ea6d319eb2c62fc58,765e9b92532b822b182182e4067a4ad98f52408ef3592b9c30044f5c64702b8e,783485,games/fixed_validation__final__1807203739__1/RESULT.json,games/fixed_validation__final__1807203739__1/replay.jsonl.gz
fixed_validation__final__1892316652__0,fixed_validation,final,1892316652,0,False,True,True,719,178248.0,True,,2026-09-13T21:56:28.839277+00:00,2026-09-13T21:56:33.648722+00:00,4.809454172999949,4.807751058999997,97076,3.812037128001748,0.25937692100001186,719,660a9bcfc27a4437a15f4c6c359ae703d275195d591824d56789e747bfc49c68,8c1a7feae5b6a0d6b4d5d1a093bb32787e0a1e5b33b35d39a4f69c5ed8eea6d9,9f677546cfc634eb5aab691949937acd35ae5d3de7588abe5c2b68cbef5f6880,769290,games/fixed_validation__final__1892316652__0/RESULT.json,games/fixed_validation__final__1892316652__0/replay.jsonl.gz
fixed_validation__final__1892316652__1,fixed_validation,final,1892316652,1,False,True,True,719,187830.0,True,,2026-09-13T21:56:30.773797+00:00,2026-09-13T21:56:35.028437+00:00,4.2546456970001145,4.254134904000004,97452,3.375677201002418,0.21106277300009424,719,af77674578e04e86cc8fbf11cf409cb0a587a8c3fd7f2382f68ad13c6ad0f3f8,e5229c685cd1b47e72401143880055ca345327595aea6ceaf8e469912cf63596,1d226ed98070113c10a5b39312bdc6ba2692a37558eb84a0dc93a698dcc58038,764373,games/fixed_validation__final__1892316652__1/RESULT.json,games/fixed_validation__final__1892316652__1/replay.jsonl.gz
fixed_validation__final__195845826__0,fixed_validation,final,195845826,0,False,True,True,719,237771.0,True,,2026-09-13T21:56:02.405286+00:00,2026-09-13T21:56:06.890331+00:00,4.485009749000028,4.484497100999999,97144,3.542210832005594,0.20781585199983965,719,507b7a6c62e388aee10c38dbe07a68b95db24e317acfebedd15a67ecbae10fe1,36acca037a7ab219642c1eb73d39a1ddc3b3b5c4c5afcafcd2dea028ee3c827e,0465ff8fbb39800316dbed7138d96f35c8490438d0fb36f16369be3aa1c9c089,897683,games/fixed_validation__final__195845826__0/RESULT.json,games/fixed_validation__final__195845826__0/replay.jsonl.gz
fixed_validation__final__195845826__1,fixed_validation,final,195845826,1,False,True,True,719,236634.0,True,,2026-09-13T21:56:06.047545+00:00,2026-09-13T21:56:12.467002+00:00,6.419470559999809,6.412057181,96704,5.105530092002027,0.44809028400004536,719,23a90de73cd9c0979a9b4d4e6b7edc0138703b52d5476b864db8f7ef4c71a6dc,62c2bbb7fba3a660b040b9c6cfe311a308cd2f5b12dfd1d5d5c0c2574540b7f4,94d1ffe086773134360a8897f7c21182818560b07fba404d719423cc49e7cd62,901185,games/fixed_validation__final__195845826__1/RESULT.json,games/fixed_validation__final__195845826__1/replay.jsonl.gz
fixed_validation__final__2013841467__0,fixed_validation,final,2013841467,0,False,True,True,719,162611.0,True,,2026-09-13T21:56:48.690482+00:00,2026-09-13T21:56:53.131490+00:00,4.441010430000006,4.440487230999999,97532,3.661980981994475,0.2360755589998007,719,987ec3d2f26f31cff3866bcef49a25da8bcbcb8e213e017021f5387a45f216d9,aaee94ac85daebddc4f7e4aea96044dfc45d658fc8aea6bdbea3b8911b8b3ac1,b175f48fa32f25ff07a54d2ae1372ef0b2ae3d32cedf93e61c8ef5c8e69163b2,740157,games/fixed_validation__final__2013841467__0/RESULT.json,games/fixed_validation__final__2013841467__0/replay.jsonl.gz
fixed_validation__final__2013841467__1,fixed_validation,final,2013841467,1,False,True,True,719,162730.0,True,,2026-09-13T21:56:49.432186+00:00,2026-09-13T21:56:54.538289+00:00,5.106099768999911,5.106047688000004,97160,4.154931381001916,0.20970872900011273,719,9f251084b519f36c7301ffbe9ffb60148bccc78b09892c88a2ca249bc13a1149,82aaa0f59ed59d40d02f1f2f2d3a1d6700712c344c8eddae424c8df6fdbf2ad1,3ec10d4b26f507d3a8ed342820bcbf6e2f97bc748a664a0d723e8d9ae3128f7f,743374,games/fixed_validation__final__2013841467__1/RESULT.json,games/fixed_validation__final__2013841467__1/replay.jsonl.gz
fixed_validation__final__412651507__0,fixed_validation,final,412651507,0,False,True,True,719,155774.0,True,,2026-09-13T21:57:02.566725+00:00,2026-09-13T21:57:06.941442+00:00,4.374720074999914,4.374150502999996,97580,3.5293849259960552,0.20986331400013114,719,d069932cd9df626edbe25fa49b13d9d0d6f280e7b3122538fc5771703d64800e,e26d58bfb8c7cf2d5f100e13aec2875349842a5951e460fcaf7793a950b78654,44e5f7a13aa1237138f5711d7d86b2bbe44c8f2302265912d3938906e86646dc,780049,games/fixed_validation__final__412651507__0/RESULT.json,games/fixed_validation__final__412651507__0/replay.jsonl.gz
fixed_validation__final__412651507__1,fixed_validation,final,412651507,1,False,True,True,719,166522.0,True,,2026-09-13T21:57:04.518070+00:00,2026-09-13T21:57:09.397018+00:00,4.87895451899999,4.878918333000001,97160,3.8579540389998783,0.2325376270000561,719,6d902f7b3b61d40b896511e6f431956986e2a96d07cd2ad1072b469205cbdb68,009567f2c4d3d866f092b8c997741cb15beab391944cebd35a7e1f89bac1f02a,b1258d0796eaefb1ea6ea740cce7de6b8494c8f07a12ee1d218c883905cdee18,784701,games/fixed_validation__final__412651507__1/RESULT.json,games/fixed_validation__final__412651507__1/replay.jsonl.gz
fixed_validation__final__69779086__0,fixed_validation,final,69779086,0,False,True,True,719,216818.0,True,,2026-09-13T21:56:06.893703+00:00,2026-09-13T21:56:11.475826+00:00,4.582133387000113,4.581475442,97144,3.658708153001271,0.26631859500002975,719,cb48b5e2116bd4d5bae5f9ca3977f98e8de0d1301022f04e59f941e58dd3823a,903e642c924617a03b288ac1e5adc3152f4ab437422bd39d9ee01633ede8eb6f,baf0fe3c95c3e1c65950d3ee3445aa0decf2d329ce8780780e3f2e17579b05cd,835304,games/fixed_validation__final__69779086__0/RESULT.json,games/fixed_validation__final__69779086__0/replay.jsonl.gz
fixed_validation__final__69779086__1,fixed_validation,final,69779086,1,False,True,True,719,208111.0,True,,2026-09-13T21:56:11.479551+00:00,2026-09-13T21:56:17.205670+00:00,5.726121377000027,5.725202373999998,97144,4.223962097001504,0.3030274459999873,719,10cc6be8fb4d95a9d8aa8d3cce19bcc6f1c9c5e6c11bb2abf95b6df1a1eecdc6,846c42df8fb04a87dccd24b3f17d664ccb70eb4317915ae86f0063f13991f208,fc8b7bde533610016c89ac451257ff8e3cb74709602bb0e72681c0976b607358,863459,games/fixed_validation__final__69779086__1/RESULT.json,games/fixed_validation__final__69779086__1/replay.jsonl.gz
fixed_validation__final__828453817__0,fixed_validation,final,828453817,0,False,True,True,719,206176.0,True,,2026-09-13T21:56:33.652377+00:00,2026-09-13T21:56:38.689595+00:00,5.037222008000072,5.036580762,97160,4.063157032994923,0.27762400500000695,719,824e3c651cb7378d2b7b99e91d388525f1674f9fccd303525933d234cbcaee83,051e4e12c9b62e94bd5f84648c77f90925958018321b391a5831b5902cee2e70,9249f94c21d3cc528d149fec9692af72cc24695682a6b39690422ff3ce013f0b,760951,games/fixed_validation__final__828453817__0/RESULT.json,games/fixed_validation__final__828453817__0/replay.jsonl.gz
fixed_validation__final__828453817__1,fixed_validation,final,828453817,1,False,True,True,719,204312.0,True,,2026-09-13T21:56:35.033447+00:00,2026-09-13T21:56:39.420872+00:00,4.387428348999947,4.386795636999999,97452,3.530498024001872,0.19717442399996798,719,653e8eaf30b6806a882f4dd28a0d34da7e812cf36ea665220135917f4836f29f,ef5450610bb9f82e65ec0e580f090003319c029060715401eea0a3cd098ccb46,f5bc83e99498d2e6645f3f20fdda556aab92be9b65ba8d8c429addce5797f5ae,762066,games/fixed_validation__final__828453817__1/RESULT.json,games/fixed_validation__final__828453817__1/replay.jsonl.gz
fixed_validation__final__850149531__0,fixed_validation,final,850149531,0,False,True,True,719,197309.0,True,,2026-09-13T21:55:57.889635+00:00,2026-09-13T21:56:02.401485+00:00,4.511930664000147,4.50752895,96436,3.6587852030013437,0.20194090099994355,719,719275b0572b73a82978d278e4a97accc7ebf5e9d603ebbd4b72ef4dfbd0c89a,5c5b1c2150dea01170fe6e7cfcda2b3c9926cd0192b6290211726be07ef02f1d,631345d755ff255d4a4550628a0fadf7ee8d61aa6c63fe47343f93a231dc1837,742247,games/fixed_validation__final__850149531__0/RESULT.json,games/fixed_validation__final__850149531__0/replay.jsonl.gz
fixed_validation__final__850149531__1,fixed_validation,final,850149531,1,False,True,True,719,194091.0,True,,2026-09-13T21:55:59.865305+00:00,2026-09-13T21:56:06.040155+00:00,6.174932631000047,6.169121357999999,96192,4.898496872993974,0.27313499399997454,719,b526a53b98d972885ccdbcf7290c5aab539585d39f23abb46696164eeeeda93e,ccf5df35331c2492b2ef324fcc495f345701dd679bbb74162b7ccdffaba18079,8d80cb4932eef05a432b98bb24bfae71470108344119be2e99e34feaff7a15d0,750061,games/fixed_validation__final__850149531__1/RESULT.json,games/fixed_validation__final__850149531__1/replay.jsonl.gz
fixed_validation__final__916097168__0,fixed_validation,final,916097168,0,False,True,True,719,220462.0,True,,2026-09-13T21:56:38.693186+00:00,2026-09-13T21:56:44.190756+00:00,5.4975679460001174,5.495834402999996,97160,4.43199848499853,0.28351750699994227,719,8a8ed8a7cb2136823cae4ba69feb84bc88617782b1362f51a282cef03cb9cd83,e42542da7da86fa3f87bd273c59b35d96c7e187d1b8484564b23c63fb2f4ec63,712e056b14abdf5e293fd6ebb47b8f78029ae789966c37a930ee01c8559566b7,832865,games/fixed_validation__final__916097168__0/RESULT.json,games/fixed_validation__final__916097168__0/replay.jsonl.gz
fixed_validation__final__916097168__1,fixed_validation,final,916097168,1,False,True,True,719,213077.0,True,,2026-09-13T21:56:39.424328+00:00,2026-09-13T21:56:43.968296+00:00,4.543969938999908,4.543168612999999,97532,3.6377740550019553,0.1844428469999002,719,612bcf7f729243ada461fbffed6118f7933b4dcdd06b125814f9491cd8759d01,f904a565226cababdc02414ff309bdd51eef3e1eb2c98bdf889a2f18b939ffd0,47fa04428dc860d8cc57e30b08c51dfabd7e978beb4f1bad13f5781c0db236e9,806332,games/fixed_validation__final__916097168__1/RESULT.json,games/fixed_validation__final__916097168__1/replay.jsonl.gz
h1_direct_current__direct__1021451513__0,h1_direct_current,direct,1021451513,0,False,True,True,719,183296.0,True,,2026-09-13T21:39:11.137710+00:00,2026-09-13T21:39:12.971280+00:00,1.8335694040000021,1.8334025890000003,88428,0.9372743610002487,0.010373358000009603,719,b34ca4e0c9cf62b5ce4c82892b6ff5dae02ae9a05389a09b70806ef189824b9c,0516e2f410311163efa8d4156e593d930b99d7daa144e4c0bd8e0269dffe6e02,d1698863182b4eb5d32db7af928ef90673520fcf72a558e6684c594b9b1f11b7,906503,games/h1_direct_current__direct__1021451513__0/RESULT.json,games/h1_direct_current__direct__1021451513__0/replay.jsonl.gz
h1_direct_current__direct__1021451513__1,h1_direct_current,direct,1021451513,1,False,True,True,719,183296.0,True,,2026-09-13T21:39:11.327502+00:00,2026-09-13T21:39:13.461883+00:00,2.1343849220000095,2.134372634,88552,0.9127441130000875,0.007569681000006767,719,564939225091feb9792ce41d50ac734fe7e5820e9ab5898b6991b69f25dc93ca,a1eb9ef23275454a05354755ba3af092f544c854c942788001e8dac63859ea4b,3dc883916ef05fe6a3d5efd0414fac043f0a2a3547e82d2aa12d230b8913ff34,911159,games/h1_direct_current__direct__1021451513__1/RESULT.json,games/h1_direct_current__direct__1021451513__1/replay.jsonl.gz
h1_direct_current__direct__1040165653__0,h1_direct_current,direct,1040165653,0,False,True,True,719,220944.0,True,,2026-09-13T21:39:12.974244+00:00,2026-09-13T21:39:15.068090+00:00,2.0938359749999904,2.093648677999999,88684,0.8893321319995948,0.007447339999998803,719,63f3f95172226f5e076bb112f955141609e648aa25b0d7059e817bc2bd9ddb99,cea5fe1e06634188869c7a76963481c8b9c634c215987523b69f58daedb3374c,1f31c544ac73b68a3be314e408cb6744f8f6a51ed6bc566ba950f61859b2c6c1,932044,games/h1_direct_current__direct__1040165653__0/RESULT.json,games/h1_direct_current__direct__1040165653__0/replay.jsonl.gz
h1_direct_current__direct__1040165653__1,h1_direct_current,direct,1040165653,1,False,True,True,719,177479.0,True,,2026-09-13T21:39:13.464466+00:00,2026-09-13T21:39:15.317009+00:00,1.852546406000016,1.8525274960000004,88552,0.9391849340002238,0.009387297000017725,719,478bbb537a930bb2ea3dd3975bed9c559a4db8b630f71ae3c3be2bbc010e823f,9fc1767f42aa552d25cbbfed52fca17628e12ec5e6311c9e18878afb4f81f774,88f309595f2c760ea4be2eddd168349ec7d49bc7ece66b93a314ec5bdf1b7c24,924567,games/h1_direct_current__direct__1040165653__1/RESULT.json,games/h1_direct_current__direct__1040165653__1/replay.jsonl.gz
h1_direct_current__direct__1047284227__0,h1_direct_current,direct,1047284227,0,False,True,True,719,154088.0,True,,2026-09-13T21:39:15.070664+00:00,2026-09-13T21:39:16.829539+00:00,1.758875009999997,1.758494434000001,88684,0.8903283209996857,0.012938874000013811,719,92829ed3d7a0c759cdb062bc6fd8108c1ec7a11d09b81d8ea19725f604ab9990,e2e42ce3a997c4badca1eef92d1bf0af38347d884aecea892179e8750357664a,19ae122d8d444fad73212d21908f00fd05c0036188a0b5dc8e8de561bd8fd139,927259,games/h1_direct_current__direct__1047284227__0/RESULT.json,games/h1_direct_current__direct__1047284227__0/replay.jsonl.gz
h1_direct_current__direct__1047284227__1,h1_direct_current,direct,1047284227,1,False,True,True,719,147689.0,True,,2026-09-13T21:39:15.319103+00:00,2026-09-13T21:39:17.085363+00:00,1.7662445500000103,1.7662261609999987,88552,0.9034780690003572,0.014426748000005318,719,e9c436923db1a6c2d4e75a329458c805857d8c593f08921fb0080e6c23623cc3,ee827375c067106bf21129a75991bffe733e074074260b7385c28698dac93acd,f85a35fd95c59e5ddf6b1559f305aee2501be3f158010e0eb4647a7bd4c679fe,925329,games/h1_direct_current__direct__1047284227__1/RESULT.json,games/h1_direct_current__direct__1047284227__1/replay.jsonl.gz
h1_direct_current__direct__1338192299__0,h1_direct_current,direct,1338192299,0,False,True,True,719,191219.0,True,,2026-09-13T21:39:16.832151+00:00,2026-09-13T21:39:18.645973+00:00,1.8138229109999884,1.8136781080000013,88684,0.9503557099999966,0.013418567000002213,719,577883f7f3b78469ead4b46f99405833b0ea392116b2ec3afb6917d55badab6f,c009df255ed3713413fa0a033454d4f9fe67ea3bd7ab2c43f3258963ef885517,90b326d70686e5f6b5df75cf13df6613058370151fb4c8489f1a7fb5a03bc0af,853438,games/h1_direct_current__direct__1338192299__0/RESULT.json,games/h1_direct_current__direct__1338192299__0/replay.jsonl.gz
h1_direct_current__direct__1338192299__1,h1_direct_current,direct,1338192299,1,False,True,True,719,211958.0,True,,2026-09-13T21:39:17.087719+00:00,2026-09-13T21:39:18.832228+00:00,1.7445125950000033,1.7444932430000009,88552,0.9270680009997818,0.013428677000007383,719,ad015187f2c81194a92c6d8b06b5e5d00edb1364e2ccd40e80179d9a1b95a132,cc1f66ecc6bd2cb04bc6e1cd72c4798313e5adf5fa1cb777392f4f159e72f917,4f7ab80552642b75882b4e7758d756a4000c2ee764593eed90371050afeac7fe,821583,games/h1_direct_current__direct__1338192299__1/RESULT.json,games/h1_direct_current__direct__1338192299__1/replay.jsonl.gz
h1_direct_current__direct__1662960166__0,h1_direct_current,direct,1662960166,0,False,True,True,719,249635.0,True,,2026-09-13T21:39:18.653666+00:00,2026-09-13T21:39:20.509493+00:00,1.8558269650000057,1.8545455700000026,88684,0.9621233469996753,0.013796428999995669,719,c60b39b79d7019ee57f90cac5e6184ccf51e24207c3fc06d059442b98442b325,e955a20a44ca24fe6eda7dc04fcc77bf6f5b01ee03772ef5e12e08b4f2e9a419,40c82ff939ccc9a2146b017e58bc8ac7d5e6b9c46449d56b42a3038bb6ab1010,952119,games/h1_direct_current__direct__1662960166__0/RESULT.json,games/h1_direct_current__direct__1662960166__0/replay.jsonl.gz
h1_direct_current__direct__1662960166__1,h1_direct_current,direct,1662960166,1,False,True,True,719,279980.0,True,,2026-09-13T21:39:18.835830+00:00,2026-09-13T21:39:20.667977+00:00,1.8321490820000008,1.8321451939999989,88552,0.9305138669997746,0.010899311000002854,719,a91e3cddd36aa25915d55ef03bae7048dc268674f87da21c45f6cd34fb279051,cb8488ccb1ec4d7f675b9d8283196fb0aff3f5a52655caa3b76f21a49c8058c0,467b6095ac9a819a0a80d208eb79b4426d7feb4d521468cea05c4bb2e1caf5d7,873428,games/h1_direct_current__direct__1662960166__1/RESULT.json,games/h1_direct_current__direct__1662960166__1/replay.jsonl.gz
h1_direct_current__direct__1672479867__0,h1_direct_current,direct,1672479867,0,False,True,True,719,155694.0,True,,2026-09-13T21:39:20.512229+00:00,2026-09-13T21:39:22.332966+00:00,1.820736413999981,1.8205826090000023,88684,0.9504893900001719,0.011645225999984632,719,0f67d4f12d46124aa9d774626a3d505cc693369916d633eacd1e0388f9dea64f,648278139b2d771173505a4aef402261bb0bf762f4c9c2539d74e37f11662477,c867b99fd7b939403f5e83e1997e06b61dd0d8d0b94484fc175689ee77787dd0,866652,games/h1_direct_current__direct__1672479867__0/RESULT.json,games/h1_direct_current__direct__1672479867__0/replay.jsonl.gz
h1_direct_current__direct__1672479867__1,h1_direct_current,direct,1672479867,1,False,True,True,719,161783.0,True,,2026-09-13T21:39:20.670394+00:00,2026-09-13T21:39:22.471787+00:00,1.8013967719999755,1.8013804980000003,88552,0.9490165739996144,0.012086863000007497,719,486b75f08789d8bbbc86b56150c7eef3792ad1f2e88fa66866034a39363b753c,4216628240c3a1451a5d87cc1853a74a8f9f0d6786cac10c12be065448fca701,0acf65c35ffe7c3065cb5a5ce758c3c3ad5b8e08637f2eb5f5e7f80035e4ed46,950374,games/h1_direct_current__direct__1672479867__1/RESULT.json,games/h1_direct_current__direct__1672479867__1/replay.jsonl.gz
h1_direct_current__direct__1674798194__0,h1_direct_current,direct,1674798194,0,False,True,True,719,196722.0,True,,2026-09-13T21:39:22.335245+00:00,2026-09-13T21:39:24.138253+00:00,1.803009707000001,1.802859111,88684,0.9276078339999856,0.012971021999987897,719,2f3a871fde53d64722812dcbee91742706c30fcdd135c190111e1319aafc7c3a,e57f2a898e02639e48c391b57e6d66743ecfc38d984d22f979e91e0aaa5e02bd,1a8e3de360e207bad3539a46f1b7c008d3b3e1559b3dd375253c7ffe7fa0ee7c,926772,games/h1_direct_current__direct__1674798194__0/RESULT.json,games/h1_direct_current__direct__1674798194__0/replay.jsonl.gz
h1_direct_current__direct__1674798194__1,h1_direct_current,direct,1674798194,1,False,True,True,719,201228.0,True,,2026-09-13T21:39:22.474107+00:00,2026-09-13T21:39:24.229716+00:00,1.7555822799999987,1.7555684489999983,88552,0.8690201580004668,0.009992926999984775,719,dac413b9d0bc65f885790c729c172eb75ed569216e6e804a208263719d4e782a,d63cf7297977eef4d5c85c0c12e8ba1cd1e1be907d0e21597d54613517155720,912dd2c34285e47b768a085383c0fd515f8c424ee34faba903ced6dceaa87820,921762,games/h1_direct_current__direct__1674798194__1/RESULT.json,games/h1_direct_current__direct__1674798194__1/replay.jsonl.gz
h1_direct_current__direct__2020048658__0,h1_direct_current,direct,2020048658,0,False,True,True,719,185845.0,True,,2026-09-13T21:39:24.140569+00:00,2026-09-13T21:39:25.965451+00:00,1.824882720000005,1.8247485009999984,88684,0.9033242280003151,0.007762141000000611,719,89aff3e91637a4372eafa1547b313081484e2e629b885d7eb5685878e5215c2c,80af102a92822a35863e6ecc3b4c27b3e36d0ce2787bf4363fe8a913c06fc478,00d648740b0aa614e9b526a0247d5e75c6fe22febe41fa3111de41badb1001c0,893918,games/h1_direct_current__direct__2020048658__0/RESULT.json,games/h1_direct_current__direct__2020048658__0/replay.jsonl.gz
h1_direct_current__direct__2020048658__1,h1_direct_current,direct,2020048658,1,False,True,True,719,185845.0,True,,2026-09-13T21:39:24.233069+00:00,2026-09-13T21:39:26.014331+00:00,1.7812647509999806,1.7812518749999988,88808,0.8936906310004531,0.011220336999997471,719,eec0f67302801a6b10be9a1b4a77b1dc809f32ea439f74a5d0cd26355213811f,09a786ee94b2cc7bce4f45066908d71ef2c25ba0a31f500f119f7582bc4dc4c8,7d8b7146c45a88e7c3d095854b7c0933c62088d1fe806ef490e1c85f789600b6,896940,games/h1_direct_current__direct__2020048658__1/RESULT.json,games/h1_direct_current__direct__2020048658__1/replay.jsonl.gz
h1_direct_current__direct__2052836158__0,h1_direct_current,direct,2052836158,0,False,True,True,719,197933.0,True,,2026-09-13T21:39:25.967790+00:00,2026-09-13T21:39:27.754468+00:00,1.7866792020000162,1.786550781999999,88684,0.9242140710000513,0.010291472000005797,719,449f287fe16a30140fa9d13376808df6f9af50ae8ad74959096f601aa687f12a,8c6f22ed35bbd7bc8d33134934571e6c90b6d7dceddf0e6ddb58bdb9d35fd13e,be6b546c15bc2e2aeb792a0d8e0efd728e9fd5784b37698f8b0c2d4e9f37cf4f,887321,games/h1_direct_current__direct__2052836158__0/RESULT.json,games/h1_direct_current__direct__2052836158__0/replay.jsonl.gz
h1_direct_current__direct__2052836158__1,h1_direct_current,direct,2052836158,1,False,True,True,719,215884.0,True,,2026-09-13T21:39:26.016733+00:00,2026-09-13T21:39:28.015634+00:00,1.9989060149999887,1.9988663660000014,88808,1.0338674280000362,0.012860615999983338,719,198dcae570cd9c802524485fcdf0d1463e785ed99f9c6b8ac5734f9ff038c492,e9b309208315661ee81394b13cce9f1f8d6f7dfe4058eb5a6a947905360b1c49,43a644ef2ab031c1523bb57f8d635632c970073c96babfc9feab764d8c2e0cee,861838,games/h1_direct_current__direct__2052836158__1/RESULT.json,games/h1_direct_current__direct__2052836158__1/replay.jsonl.gz
h1_direct_current__direct__2110715130__0,h1_direct_current,direct,2110715130,0,False,True,True,719,226953.0,True,,2026-09-13T21:39:27.757073+00:00,2026-09-13T21:39:29.557384+00:00,1.8003155349999815,1.8002083559999988,88684,0.9450291249996212,0.009401035999985652,719,13d585e454a491649020d4e835994b918265414d63309238af735bd4e2d04cba,de6756f0fa725b25da146a4e32c6e0ca9f2a43fd9c774651ae93952b0d7e3172,fe717d550f3a7e01510bc37910bec4f2fe73196a0a1873397177cdfd29ab2596,864639,games/h1_direct_current__direct__2110715130__0/RESULT.json,games/h1_direct_current__direct__2110715130__0/replay.jsonl.gz
h1_direct_current__direct__2110715130__1,h1_direct_current,direct,2110715130,1,False,True,True,719,226953.0,True,,2026-09-13T21:39:28.018098+00:00,2026-09-13T21:39:29.940760+00:00,1.9226689609999994,1.9226200599999999,88808,1.0277944999995157,0.017860712999947737,719,d0edd8625260f81f54473139480caf4b6b75ac0c5d359f96588da6729e73bb6d,035c36e067e1b70f97f6dec1dee5ca397af03155b41ada00c8408571727af7e5,2d8dbdc7fe0c9ee791d83d42327b28fd371f6806d0ea21d25e404c8a13e75412,863518,games/h1_direct_current__direct__2110715130__1/RESULT.json,games/h1_direct_current__direct__2110715130__1/replay.jsonl.gz
h1_direct_current__direct__28846738__0,h1_direct_current,direct,28846738,0,False,True,True,719,202143.0,True,,2026-09-13T21:39:00.214636+00:00,2026-09-13T21:39:02.130290+00:00,1.9148956209999994,1.914529222,86508,0.9465054149994785,0.01669916000000171,719,d66688633dcdda6cf26b17ac4a4f48f53d079b0442c16c23620fdc1dfd87a684,23f343ef755bc063f44203180188962a4dfdc7b6fca94c3a65be2dffd7663143,fb4f0ee6e9434d95a2ddf6f517d515242a11c892c3b0cc0ff10cda9e67cf84d4,863052,games/h1_direct_current__direct__28846738__0/RESULT.json,games/h1_direct_current__direct__28846738__0/replay.jsonl.gz
h1_direct_current__direct__28846738__1,h1_direct_current,direct,28846738,1,False,True,True,719,222037.0,True,,2026-09-13T21:39:00.214534+00:00,2026-09-13T21:39:02.231315+00:00,2.0159029620000126,2.015346216,86504,1.056419879999936,0.01965555799998242,719,8257c8fef421bc5407c1114630bc039dda1cd64768599db2dca40ff43a0824e0,63e7bc57f54e68b7c297243a54254f5292f6ffb2fb49576d9603d6071f256e49,de116147de79916ecaa1a40f91fef0113676ba7d019b527f57cabc55d0b4634e,856341,games/h1_direct_current__direct__28846738__1/RESULT.json,games/h1_direct_current__direct__28846738__1/replay.jsonl.gz
h1_direct_current__direct__420997839__0,h1_direct_current,direct,420997839,0,False,True,True,719,228346.0,True,,2026-09-13T21:39:03.957390+00:00,2026-09-13T21:39:05.741041+00:00,1.7836499720000063,1.783551241,87660,0.9236807619992646,0.009503527000020995,719,6df3cb54e21a3c712cca3b2e40b10ea494f840fd14e9e820c3cbec12b183f919,01109d2a42290c7463802afa1e7785d642999bc44a6b5316b98ea388a62724c4,82f004db0dfd1fe433d114ab37ef128d6399f8a2fa667dd68f169d7d2e022af9,890736,games/h1_direct_current__direct__420997839__0/RESULT.json,games/h1_direct_current__direct__420997839__0/replay.jsonl.gz
h1_direct_current__direct__420997839__1,h1_direct_current,direct,420997839,1,False,True,True,719,192337.0,True,,2026-09-13T21:39:04.068310+00:00,2026-09-13T21:39:05.847350+00:00,1.779043291999983,1.7786405050000003,87656,0.9469869479999602,0.013321988000001284,719,12b2988e8e489ba1340af93694e17998ed323c0bde7520c8beb4e6437ef5f44e,6f617385c91ee579cdf9cc5e6fb943f8da948aa077965c8f2180a5806966771d,81f69cf39aea69be0d2cad343851dac282d10484c890a26a977348ea2f95996b,823993,games/h1_direct_current__direct__420997839__1/RESULT.json,games/h1_direct_current__direct__420997839__1/replay.jsonl.gz
h1_direct_current__direct__450201982__0,h1_direct_current,direct,450201982,0,False,True,True,719,207693.0,True,,2026-09-13T21:39:05.744270+00:00,2026-09-13T21:39:07.578962+00:00,1.8346921450000195,1.8246568390000002,88044,0.9712761080001826,0.011794786999985263,719,6aa82f3310ae73e15ebbdbc06e4004ab6e8f0deb9cf284a7ac11e0a91998bc3d,9d2082323f9fe4901c215241eee0606b7296cd91658347cba4df19aead01b24b,37b3b744424a99b91e0afb5b1c773cbbfe2bb73250f290801212d19055b88391,793741,games/h1_direct_current__direct__450201982__0/RESULT.json,games/h1_direct_current__direct__450201982__0/replay.jsonl.gz
h1_direct_current__direct__450201982__1,h1_direct_current,direct,450201982,1,False,True,True,719,199370.0,True,,2026-09-13T21:39:05.852261+00:00,2026-09-13T21:39:07.657193+00:00,1.8049357909999912,1.7920028950000004,87784,0.9814294640002004,0.012054088000013508,719,1101643a6aa92a84c244c3b7c3d79090281c750ff70539417c43ed4b04a7ddf6,45d3dcbb268767ecaef293aaae2641ed50802fe1f1bdb215d1eba30cd973b701,68a3cefdac5738349de9414bcb523036bb121bf562287510ad7b6ba276bc3c08,747847,games/h1_direct_current__direct__450201982__1/RESULT.json,games/h1_direct_current__direct__450201982__1/replay.jsonl.gz
h1_direct_current__direct__742425277__0,h1_direct_current,direct,742425277,0,False,True,True,719,211850.0,True,,2026-09-13T21:39:07.581165+00:00,2026-09-13T21:39:09.384614+00:00,1.8034501649999868,1.8033166080000003,88044,0.9105563569995923,0.01295573999999533,719,b6aba42e150215380a9bdd7127bcb16bb76297599b4ea2fdf14d37e784dccba2,a7d884066059d0985343668d0928ce66ca64f5c462061f7183002004a483079b,1483db92adeb71b1132edf9d95eaeac84bc7551d218f6449253f2e1dbdb191d9,918338,games/h1_direct_current__direct__742425277__0/RESULT.json,games/h1_direct_current__direct__742425277__0/replay.jsonl.gz
h1_direct_current__direct__742425277__1,h1_direct_current,direct,742425277,1,False,True,True,719,201291.0,True,,2026-09-13T21:39:07.659750+00:00,2026-09-13T21:39:09.535523+00:00,1.875776019,1.8757601919999995,87912,0.9666988139995567,0.01336094900000262,719,b13b918034a3a14d135a5461a343bd33c8c189f96c96e1c15732fc1aacdd6c0d,72308113c43160a168965ecf75425368fb476955dae2c033db1a4319426708f5,76fd14e928ba18a0a3376f06bcd0d5dc7265e6423e9c0a4a41d6f3cd195bca1f,941718,games/h1_direct_current__direct__742425277__1/RESULT.json,games/h1_direct_current__direct__742425277__1/replay.jsonl.gz
h1_direct_current__direct__810644906__0,h1_direct_current,direct,810644906,0,False,True,True,719,236521.0,True,,2026-09-13T21:39:09.387454+00:00,2026-09-13T21:39:11.135385+00:00,1.7479240670000138,1.7477263379999997,88300,0.9077373879998731,0.007282035000002907,719,f374b0e2fa0a480bce67bf848c73d8bed75019e6e414b99acfecf0ba1a001d8f,e749dfe40d2b9e74c1d96205482f412fb6e9350579e0e95f562f64702a02db9a,24b7400a3451572e294784b101bc4f9e0023908a78c45286e344b1a0744b4be5,843429,games/h1_direct_current__direct__810644906__0/RESULT.json,games/h1_direct_current__direct__810644906__0/replay.jsonl.gz
h1_direct_current__direct__810644906__1,h1_direct_current,direct,810644906,1,False,True,True,719,236521.0,True,,2026-09-13T21:39:09.538652+00:00,2026-09-13T21:39:11.325305+00:00,1.7866558440000233,1.786630014,88168,0.9503855600000577,0.017578477000000703,719,140120c291fe2c5384b29b01f55fe978ee24d79802e9923027be0638d15d6ac3,2e768afc0045a3e7c150cb9d607e3ef2012a6730c7df0d5f00a965afb8e0cf0f,fdc86d5c7d3e072d63e576d606c0ac378bab5246f7d7dddeacbea90f3223970d,842962,games/h1_direct_current__direct__810644906__1/RESULT.json,games/h1_direct_current__direct__810644906__1/replay.jsonl.gz
h1_direct_current__direct__94002826__0,h1_direct_current,direct,94002826,0,False,True,True,719,251054.0,True,,2026-09-13T21:39:02.134921+00:00,2026-09-13T21:39:03.954496+00:00,1.8195767349999983,1.81920044,87404,0.9362165749999463,0.011726697000000286,719,ce7b16c4de012e8ed3734c84f84d013a274ca08a177ed73972551507c5ab2e63,074398cbe741475cba2b15a352e5a81f3ed549e51fb468e0d4bb632a6c315006,cafe0ac517c569ece69606ea43c0a355d4ad7f4d290d33ccc60f021dc1c32a84,936130,games/h1_direct_current__direct__94002826__0/RESULT.json,games/h1_direct_current__direct__94002826__0/replay.jsonl.gz
h1_direct_current__direct__94002826__1,h1_direct_current,direct,94002826,1,False,True,True,719,251054.0,True,,2026-09-13T21:39:02.234641+00:00,2026-09-13T21:39:04.065187+00:00,1.8305481959999952,1.8302823730000002,87144,0.9580102780009838,0.008196852999986959,719,09b546e6674a72e232b54f2b241ae4437801d5a173f2e63c358ecb0e4e6cad11,d26af7d0c5720092946a9761c5fd0a232edda78997293b683570b21de9b47441,05fd3bf19d94583204c17ddd8168fdbf5f1d891555e3be2dac55ec99d799d5ef,939470,games/h1_direct_current__direct__94002826__1/RESULT.json,games/h1_direct_current__direct__94002826__1/replay.jsonl.gz
h1_prior_panels__baseline__1138364143__0,h1_prior_panels,baseline,1138364143,0,False,True,True,719,161860.0,True,,2026-09-13T21:42:21.616017+00:00,2026-09-13T21:42:26.566506+00:00,4.9504953819999855,4.950446486999994,97428,4.065369425999336,0.27361347400000113,719,88cf4597f30cb129ab9d978d08c8ae946f4bb2d8ece27253af1234f10cf76a5d,808966cf0079bba7fae875de643e697e36f8c5e77c9b2b553d050350fb44ddc1,f2c1b07bfb392f5ed10164750ea8fefeea31781a0664e213d2f3d57db4c4fe20,925931,games/h1_prior_panels__baseline__1138364143__0/RESULT.json,games/h1_prior_panels__baseline__1138364143__0/replay.jsonl.gz
h1_prior_panels__baseline__1138364143__1,h1_prior_panels,baseline,1138364143,1,False,True,True,719,161860.0,True,,2026-09-13T21:42:25.861336+00:00,2026-09-13T21:42:31.149483+00:00,5.288143794000007,5.2877601579999975,97488,4.2470773289995805,0.2354940719999945,719,6b4c33238fccc5076356b3da8a40137f83059590ad4489c4e8249726eb518900,f27dfef6689c34a3ba1a75a7e6a142ac8a6c66e3251aaa984d03b9063e8ea1c2,7648f2c75af3649f8e9766a9a4220f9caa8ac79907eb281dc9103b9721ac9331,924841,games/h1_prior_panels__baseline__1138364143__1/RESULT.json,games/h1_prior_panels__baseline__1138364143__1/replay.jsonl.gz
h1_prior_panels__baseline__1175089851__0,h1_prior_panels,baseline,1175089851,0,False,True,True,719,176151.0,True,,2026-09-13T21:42:26.570442+00:00,2026-09-13T21:42:31.490526+00:00,4.920085244000006,4.919946068000002,97428,4.063733850999483,0.31118270299998585,719,b019cbd93adb6c5cd7be16bc8a80f289a977dfcb2eb56c21ba2d7d6c9bc9159b,8d6268eb235a78da52ee903af12fc6a416a351672f9d9ed3c9800e78aeba6f0c,0f74f2211130406ccf7501df9f9f29096555f57b3a98f7dbd115590b35789c73,817382,games/h1_prior_panels__baseline__1175089851__0/RESULT.json,games/h1_prior_panels__baseline__1175089851__0/replay.jsonl.gz
h1_prior_panels__baseline__1175089851__1,h1_prior_panels,baseline,1175089851,1,False,True,True,719,175255.0,True,,2026-09-13T21:42:31.153280+00:00,2026-09-13T21:42:35.778436+00:00,4.625157416000036,4.62475927700001,97488,3.814768143999231,0.27458056000000397,719,a890316dcae10f36af4e4b6908f788a9207cfd1bfd67fa63c1d54a64e89172cf,2bbbaf94c38fef10868dd8544a72ffb805fa03e0b363695d54e9fc24074ac717,fedf7c98b6d0dc945b4cb8f7b18356d411421186e67b98bdbfcbdfdecffb3d85,849712,games/h1_prior_panels__baseline__1175089851__1/RESULT.json,games/h1_prior_panels__baseline__1175089851__1/replay.jsonl.gz
h1_prior_panels__baseline__1387052231__0,h1_prior_panels,baseline,1387052231,0,False,True,True,719,237450.0,True,,2026-09-13T21:42:31.493904+00:00,2026-09-13T21:42:36.411720+00:00,4.917820763999998,4.917777242999989,97428,4.024444304000951,0.19221697000000404,719,9581ebded0a813a460ecfe0eeb29db518d443e6adcb94c2b38ea97d09397704e,6b712c01bcd265182066dcfea24e45920c98ac58869e3b71718279fcb969ee53,d43b9e3fae08e7db63e7b3f7843493eb3cdef391a38532b9a1b0ad4ee6cf6059,870367,games/h1_prior_panels__baseline__1387052231__0/RESULT.json,games/h1_prior_panels__baseline__1387052231__0/replay.jsonl.gz
h1_prior_panels__baseline__1387052231__1,h1_prior_panels,baseline,1387052231,1,False,True,True,719,251712.0,True,,2026-09-13T21:42:35.782947+00:00,2026-09-13T21:42:40.704764+00:00,4.921818524999992,4.9136029649999955,97488,4.020103635998851,0.19552888399999802,719,1206682f5575043aa4867f6a5551d977bc9246c813516eb34f19eaf495f2100c,53f8b5827f2470a93d9124d810c213c5ce256d553958fd523a37bc18cb0b3bb8,c2155928421480dc4c90b0f03e83ae9394c185986f4fe0e55368b27d10a3c3a7,944804,games/h1_prior_panels__baseline__1387052231__1/RESULT.json,games/h1_prior_panels__baseline__1387052231__1/replay.jsonl.gz
h1_prior_panels__baseline__140008426__0,h1_prior_panels,baseline,140008426,0,False,True,True,719,232512.0,True,,2026-09-13T21:40:36.272606+00:00,2026-09-13T21:40:47.712371+00:00,11.439890702000014,11.436434583,96016,9.392059738000228,0.8298457299999882,719,3f176ce613e0305e49f10a94b3b37dd683e39f2ee50c4d689ff55e95ccb94dc6,6a4402fa2802ea5c7f9ecd8b653def617211a25635ed0a7e4699d21a29541146,a74a161693d837118e68e717b6a1a50d70ffe8863ea001ac1055c266e1fdf6d9,885716,games/h1_prior_panels__baseline__140008426__0/RESULT.json,games/h1_prior_panels__baseline__140008426__0/replay.jsonl.gz
h1_prior_panels__baseline__140008426__1,h1_prior_panels,baseline,140008426,1,False,True,True,719,224913.0,True,,2026-09-13T21:40:37.053917+00:00,2026-09-13T21:40:47.771791+00:00,10.717977758000018,10.715177642,96148,8.785458944000311,0.7650041039999564,719,8df6ccfc14f0fc152c9743d53f274424fefe0dcb1ed330a5f689361f0dbd431a,a22bd9ba12f2a4b3a89d3096fc354738888b832ebf39c664f79c79e4e39cc2b4,79fedefed73c7d41ec5bab01e5807ba001ef0415686067666587f1a02da98207,832820,games/h1_prior_panels__baseline__140008426__1/RESULT.json,games/h1_prior_panels__baseline__140008426__1/replay.jsonl.gz
h1_prior_panels__baseline__1421711696__0,h1_prior_panels,baseline,1421711696,0,False,True,True,719,182795.0,True,,2026-09-13T21:42:36.415864+00:00,2026-09-13T21:42:41.237407+00:00,4.8215506079999955,4.821407545999989,97436,3.949757483999747,0.23112652800000433,719,4f1a5607c8ec4e1f30c80eeb0139a53651d0281241216afd07fb6c47798d7cbb,6b2c33df2b59f8e09c780193fb6306374465e428c9f0b65d5064aa4af509032c,6ea665b947dff176a1af9b046de91887a857b6130fd816b3b34b66efa98e26b7,848609,games/h1_prior_panels__baseline__1421711696__0/RESULT.json,games/h1_prior_panels__baseline__1421711696__0/replay.jsonl.gz
h1_prior_panels__baseline__1421711696__1,h1_prior_panels,baseline,1421711696,1,False,True,True,719,182795.0,True,,2026-09-13T21:42:40.708977+00:00,2026-09-13T21:42:45.794819+00:00,5.08584932399998,5.085444432000003,97536,4.208784453000021,0.3082708469999602,719,a06c7af5fd2983e8e4f05844d8e6ef90c39157503c7051d312859f2a4aa94e92,bb93825b6bd64cf78f4d05d5e553ae1c4177ceb22488f1e70549a575cfb7c465,849ffd766541ddd7e4bab39b9e3a24892960b2ee730cc6bc72f28d2bb57700a2,843269,games/h1_prior_panels__baseline__1421711696__1/RESULT.json,games/h1_prior_panels__baseline__1421711696__1/replay.jsonl.gz
h1_prior_panels__baseline__1459327281__0,h1_prior_panels,baseline,1459327281,0,False,True,True,719,256016.0,True,,2026-09-13T21:42:41.241314+00:00,2026-09-13T21:42:46.952157+00:00,5.710857583000006,5.710749822000025,97436,4.693604324999569,0.28468055899998035,719,38620662e192c445a9a938fb69624c6696b026d3a9868370962ae90eff33d5f0,4d7d0eea79191cb56fbf86debb5a6db7fcd6141691eaa82f5bf88e8a29e8d834,8802020e356bf7cd2eeb00e45496f02092f7035e357681b013a19d44e070aade,889978,games/h1_prior_panels__baseline__1459327281__0/RESULT.json,games/h1_prior_panels__baseline__1459327281__0/replay.jsonl.gz
h1_prior_panels__baseline__1459327281__1,h1_prior_panels,baseline,1459327281,1,False,True,True,719,256016.0,True,,2026-09-13T21:42:45.799405+00:00,2026-09-13T21:42:51.197766+00:00,5.398359821999975,5.398006073000005,97616,4.37710073099953,0.22748903500001916,719,60058592bb43a9748e3e89678ddfbdc7fac2fe5488b1083abd8b6b5393efd18f,19a2f1883740cbf5f75cf16c093793236c2150d51f524d515dfa911d0667165c,38699e5d3929d88c746e3bba5f415fc63261eddaa28518c1e076f325a0987350,893607,games/h1_prior_panels__baseline__1459327281__1/RESULT.json,games/h1_prior_panels__baseline__1459327281__1/replay.jsonl.gz
h1_prior_panels__baseline__148094548__0,h1_prior_panels,baseline,148094548,0,False,True,True,719,184630.0,True,,2026-09-13T21:40:47.718706+00:00,2026-09-13T21:40:56.530848+00:00,8.812163016,8.809167144,96340,7.180198560000008,0.4263054410000109,719,ddf239b7876c369c8e04c96b4a76d34665d28697990111c1f0a5b1fc8c12c4da,242d6e5c6248eb482e7076c009d616b98e40fc398c8317b5cc5b3e133a6deeb7,548eb69ef4f76edd21305edc344f1c9362e533393556a81595a151aa40ef6d25,841997,games/h1_prior_panels__baseline__148094548__0/RESULT.json,games/h1_prior_panels__baseline__148094548__0/replay.jsonl.gz
h1_prior_panels__baseline__148094548__1,h1_prior_panels,baseline,148094548,1,False,True,True,719,192091.0,True,,2026-09-13T21:40:47.778094+00:00,2026-09-13T21:40:56.570527+00:00,8.792449936999958,8.792330018000001,96388,7.113889845998983,0.4656498759999863,719,f4249838f95ada03da803de0cbb787ce6ee6ff48f55a61ecd17cfdcb0684d87c,3e1ac84e4a065b6976e937ef9c5705afeb3452899dacd0a8dada83a8327baa61,3639abcc17843465b586e9a39a2f387044539ce11e2c604643082356727ba2a3,844590,games/h1_prior_panels__baseline__148094548__1/RESULT.json,games/h1_prior_panels__baseline__148094548__1/replay.jsonl.gz
h1_prior_panels__baseline__1501860085__0,h1_prior_panels,baseline,1501860085,0,False,True,True,719,189349.0,True,,2026-09-13T21:42:46.955975+00:00,2026-09-13T21:42:59.031018+00:00,12.075049072000013,12.074925162999989,97436,9.830388202000165,0.8135875980000264,719,aa1993c80a13c6e7cff44f4a57d6da85c9cfe17ac0daa635821ec32e99231b93,db4bb2465920e5e6b491f7044a84aaa5b4f39c3926e09429bb19f43496a27e7a,3eb5730a7b6c0fa5d020b5ec81fb48d298e44f45064c57bec5ce520e5094f2cf,890741,games/h1_prior_panels__baseline__1501860085__0/RESULT.json,games/h1_prior_panels__baseline__1501860085__0/replay.jsonl.gz
h1_prior_panels__baseline__1501860085__1,h1_prior_panels,baseline,1501860085,1,False,True,True,719,189349.0,True,,2026-09-13T21:42:51.202624+00:00,2026-09-13T21:42:55.904815+00:00,4.702195474999996,4.701862041999988,97616,3.8081605970000396,0.25199740800002246,719,794f7b2d8cce43e3adf4d41b84c6be005c088b87f2851ac22d9ff16ae28b9fe3,24bb5da69fcb7b7eceee22591b6d792985e1172a982680b5a874c7594cfe6aae,747d718beb77d0ae76fc967e0b30ca9ad7a74dd27d5744901cba52863e1f77cb,887351,games/h1_prior_panels__baseline__1501860085__1/RESULT.json,games/h1_prior_panels__baseline__1501860085__1/replay.jsonl.gz
h1_prior_panels__baseline__1514191294__0,h1_prior_panels,baseline,1514191294,0,False,True,True,719,223196.0,True,,2026-09-13T21:42:55.909543+00:00,2026-09-13T21:43:00.915311+00:00,5.005768884999952,5.0054627109999785,97668,4.053801110000791,0.2062115950000134,719,e0369b7852c2ff2d52de1236389bf64b2712789e771f21c74af70d7a9a6d6481,182242a1b40cdcbdab3168788d8c96f8e35d82c70a4d2ab77b0f566cb573711e,b33af2a7ba10293a7e48c25c333d448d95c7f3cdb235b202cfb2dccb7446a993,900407,games/h1_prior_panels__baseline__1514191294__0/RESULT.json,games/h1_prior_panels__baseline__1514191294__0/replay.jsonl.gz
h1_prior_panels__baseline__1514191294__1,h1_prior_panels,baseline,1514191294,1,False,True,True,719,227529.0,True,,2026-09-13T21:42:59.039035+00:00,2026-09-13T21:43:08.476424+00:00,9.437389445999997,9.437304587,97436,7.74430335199952,0.679172426999969,719,e908162b2ff9cdb60ef310694c506979e1728d002bda603bddb26d110fe3a0f7,49a465a6ab884991aa0b9c12612c3e0ac506182eb967840c378f40b6e05d6ca9,b14b721bea4f83409d2e6d333ea3f7d2e1baac2abcd4f99568502d29a115ab60,894947,games/h1_prior_panels__baseline__1514191294__1/RESULT.json,games/h1_prior_panels__baseline__1514191294__1/replay.jsonl.gz
h1_prior_panels__baseline__1652205610__0,h1_prior_panels,baseline,1652205610,0,False,True,True,719,202440.0,True,,2026-09-13T21:43:00.921647+00:00,2026-09-13T21:43:06.058052+00:00,5.1364063999999985,5.136088927000003,97876,4.1660410630005345,0.22477880100001357,719,8f720d74e2a8ab9e7d943f78f64b9a8e26ff093caca9d0f52d9ea1c519c14ab4,20deea34874f5983f60cdf46c9e4b3466f70ec253f470c5eebbb49f59006f9d6,01b1628b0d07808d7983d182badb174369fe75351badb3568e5b467eac6f5301,949476,games/h1_prior_panels__baseline__1652205610__0/RESULT.json,games/h1_prior_panels__baseline__1652205610__0/replay.jsonl.gz
h1_prior_panels__baseline__1652205610__1,h1_prior_panels,baseline,1652205610,1,False,True,True,719,196243.0,True,,2026-09-13T21:43:06.062165+00:00,2026-09-13T21:43:11.017958+00:00,4.955795015999968,4.955465301000004,98060,3.98947279700036,0.33364871399999174,719,adfc65818c0a3d928f1b3c07e7b4a91ad1503eaf70a83db4ac3777b447f3a6d2,9a6df8741d8700ca15592827788e8646e0ba223937b5bd66100f9e493c1cc2b9,4205d48ad39f94adf1abcc73c5e57868677bb5b772c1611bbf4b10be5a4aca51,955556,games/h1_prior_panels__baseline__1652205610__1/RESULT.json,games/h1_prior_panels__baseline__1652205610__1/replay.jsonl.gz
h1_prior_panels__baseline__1658182076__0,h1_prior_panels,baseline,1658182076,0,False,True,True,719,232041.0,True,,2026-09-13T21:43:08.484766+00:00,2026-09-13T21:43:15.366767+00:00,6.882002364000016,6.881924633000011,97436,5.595346652000387,0.5923616409999681,719,40526f6c41ac2454816f1c38117e4f93b96f2278a39098c24e506ad23f766fc0,e6105ec02d3dd3ffbe63b50ea74c0e6e8f5365c4872f7fae44ade95fe2d5b471,359279101c85adfa184283f610d2c50518947749ce4d0f69452769e30e9c9553,890059,games/h1_prior_panels__baseline__1658182076__0/RESULT.json,games/h1_prior_panels__baseline__1658182076__0/replay.jsonl.gz
h1_prior_panels__baseline__1658182076__1,h1_prior_panels,baseline,1658182076,1,False,True,True,719,231955.0,True,,2026-09-13T21:43:11.022272+00:00,2026-09-13T21:43:16.134690+00:00,5.11241880099999,5.1120521060000215,98060,4.178507073999413,0.28709582900000896,719,165df193d4352cd32e0c5eea85a5ea62bb522225ccfab69b79ab92f669100d8f,1b2da7f0a67b55688106faa1586353b536675e5b4abff03a514a2a37050087f1,504e0d16a275dd452d98b9755631fe8edc76b7c314c441b20084df1796022376,880863,games/h1_prior_panels__baseline__1658182076__1/RESULT.json,games/h1_prior_panels__baseline__1658182076__1/replay.jsonl.gz
h1_prior_panels__baseline__1681080428__0,h1_prior_panels,baseline,1681080428,0,False,True,True,719,148560.0,True,,2026-09-13T21:43:15.371476+00:00,2026-09-13T21:43:20.707397+00:00,5.335927040000001,5.335874762000003,97436,4.373723138998798,0.28224942999997893,719,3bc34fda0dd0dd8279f5b71d30d20671843daefc460d421de73a89000ae7e0c8,cb4818de78fcf56b0766533ae2f0cd9d4791f0d41e8ab2a39c2f467c58bf8ee0,32816fe4a6a61f360544456eb75d3155eddf01b60e49828fc485ea9e0ba0cfa7,880585,games/h1_prior_panels__baseline__1681080428__0/RESULT.json,games/h1_prior_panels__baseline__1681080428__0/replay.jsonl.gz
h1_prior_panels__baseline__1681080428__1,h1_prior_panels,baseline,1681080428,1,False,True,True,719,154522.0,True,,2026-09-13T21:43:16.138545+00:00,2026-09-13T21:43:21.307774+00:00,5.169228809999993,5.168866761000004,98060,4.219777912999348,0.2645755699999768,719,765991da93d27565bcd5ae25d0c4f1d02f827e0a4e1a7f88d9016bd81e745af4,1922aa01414df52ba70a0a525bc5bcd7f5ac87adbbd1adcdef96b7612e24dcf8,8abd08de96f46fec8dca2a716acab5a38cec7e2480693c72fac453b763e5aba5,928725,games/h1_prior_panels__baseline__1681080428__1/RESULT.json,games/h1_prior_panels__baseline__1681080428__1/replay.jsonl.gz
h1_prior_panels__baseline__1715028217__0,h1_prior_panels,baseline,1715028217,0,False,True,True,719,200364.0,True,,2026-09-13T21:43:20.712356+00:00,2026-09-13T21:43:27.276693+00:00,6.564344094000035,6.564276285999995,97624,5.313494883999283,0.40368702899996833,719,f081ea32d4a2666fb570a7d747683b8093bdc0f8bda9ac7332218f563f4a3444,7e98a4dc1edc8428c042eea58548f9756f049f672475d3ff6aa9f73e6faf8161,591446f8917eacd2701c79f75d9f1dd67be52c39ee8957e45fe939160646bf01,911593,games/h1_prior_panels__baseline__1715028217__0/RESULT.json,games/h1_prior_panels__baseline__1715028217__0/replay.jsonl.gz
h1_prior_panels__baseline__1715028217__1,h1_prior_panels,baseline,1715028217,1,False,True,True,719,200498.0,True,,2026-09-13T21:43:21.323038+00:00,2026-09-13T21:43:26.287312+00:00,4.964269231000003,4.963182450000005,98100,4.0200747120001665,0.2590835760000232,719,bc75e4bc7c8415cb12f9023c1faa8585c65e0025d57e1cb344faa97b9fdd7e74,f73d7bfc28bbfb4c06ec4a4ebaa6008c6ec1e4c6726eea0344596201b9072f68,1d25c1191e955bbb672fdc8bdd30c17e86ce6e24bf1557e65286582fab03b586,912296,games/h1_prior_panels__baseline__1715028217__1/RESULT.json,games/h1_prior_panels__baseline__1715028217__1/replay.jsonl.gz
h1_prior_panels__baseline__1722159489__0,h1_prior_panels,baseline,1722159489,0,False,True,True,719,179057.0,True,,2026-09-13T21:43:26.296882+00:00,2026-09-13T21:43:31.168419+00:00,4.8715349170000195,4.871216247000007,98180,3.9997470919997795,0.2516322829999922,719,ee990c24067209802fa6074fc90372b562fbfc829489ea7679f91150c068952b,437923701eaad045c9eb407acf2a4e275399afd28a4bf2d010e81f7501d14bf4,112eb37b26dcfc8c5233766a5ccba599030ed9d6dca3eef11b44f5b746bf2c1d,967880,games/h1_prior_panels__baseline__1722159489__0/RESULT.json,games/h1_prior_panels__baseline__1722159489__0/replay.jsonl.gz
h1_prior_panels__baseline__1722159489__1,h1_prior_panels,baseline,1722159489,1,False,True,True,719,180173.0,True,,2026-09-13T21:43:27.281749+00:00,2026-09-13T21:43:32.257405+00:00,4.975660403000006,4.975611108999999,97640,3.9294938909996517,0.26794732000001886,719,1b88999bc01bbc12ba578dbb83f59797395abe3e0a30ad77d2e965cb44a237ad,d5857fcdab08f404861ed82267917e2fe24bf0e5135824506c842097412ccaf4,d2742e1a08df70851f1a76a003a4ac5e66b66b3f97c7961ecbdd10d88d6eb14d,901110,games/h1_prior_panels__baseline__1722159489__1/RESULT.json,games/h1_prior_panels__baseline__1722159489__1/replay.jsonl.gz
h1_prior_panels__baseline__1781448506__0,h1_prior_panels,baseline,1781448506,0,False,True,True,719,245472.0,True,,2026-09-13T21:43:31.172828+00:00,2026-09-13T21:43:36.193632+00:00,5.020805526999993,5.02043642000001,98180,4.116783376000626,0.2516992419999724,719,bc0efbcf478706506d3ffdb5a6d93f5684842b876762644ad2fb64156ec6e9f8,e6b64959b6fea09d80fb510609985d10cda6097865e17a63dd521d294a531e19,306014d180a31dc9c1cd0d128966115a3d733db58e231750ee67775b2f772de2,891978,games/h1_prior_panels__baseline__1781448506__0/RESULT.json,games/h1_prior_panels__baseline__1781448506__0/replay.jsonl.gz
h1_prior_panels__baseline__1781448506__1,h1_prior_panels,baseline,1781448506,1,False,True,True,719,231238.0,True,,2026-09-13T21:43:32.264843+00:00,2026-09-13T21:43:38.873713+00:00,6.608896871000013,6.6088071629999945,97812,5.3076592190004135,0.46279382800003077,719,0e5dac1bcbaa048945fa365a6e93ca29f7369f74e3fcf772a680305126976967,32d282357240b268d3045c57bedd9b1ab6eb26547eee819a5df891f413b1f26f,487a1d5ed15f8705731904ebe3fd9c0e46b00988f8fc32da8ffba24cfe32fd55,910221,games/h1_prior_panels__baseline__1781448506__1/RESULT.json,games/h1_prior_panels__baseline__1781448506__1/replay.jsonl.gz
h1_prior_panels__baseline__180752382__0,h1_prior_panels,baseline,180752382,0,False,True,True,719,174269.0,True,,2026-09-13T21:40:56.536295+00:00,2026-09-13T21:41:07.450135+00:00,10.913867423999989,10.908025043999999,96500,8.795858440999837,0.8005369809999934,719,d53424b3b08d6b8ff03cc9c9c1bc73ae215059da5b79eb010295b743f873a477,3d165e5795ebd1619f4c2291cbb9901aab99538bd696efdffa7ac56b8a335088,205c90afc58d7fd9d4e93eb7512162d8b27ea23765c1bfa521ceb8a04bc7a67a,860431,games/h1_prior_panels__baseline__180752382__0/RESULT.json,games/h1_prior_panels__baseline__180752382__0/replay.jsonl.gz
h1_prior_panels__baseline__180752382__1,h1_prior_panels,baseline,180752382,1,False,True,True,719,218784.0,True,,2026-09-13T21:40:56.576232+00:00,2026-09-13T21:41:07.341079+00:00,10.764863186000014,10.764766110999997,96828,8.59563213200147,0.6371427390000122,719,8a78f0b1037d98183896fd6d94180fa1b6eec8cbdcaa442827f6dbaa60122e2b,30c12b54735a2a7fac1035e8d6546b0dbd412d911deb49bf7a5c25651e919562,0206bb8f84299816e4adca41a2d6187144ba8b261f2e9c95788e1ea2039bdfd7,935323,games/h1_prior_panels__baseline__180752382__1/RESULT.json,games/h1_prior_panels__baseline__180752382__1/replay.jsonl.gz
h1_prior_panels__baseline__1856155813__0,h1_prior_panels,baseline,1856155813,0,False,True,True,719,216219.0,True,,2026-09-13T21:43:36.198350+00:00,2026-09-13T21:43:41.396297+00:00,5.1979472790000045,5.167257239999998,98180,4.171359410001344,0.19580523399997674,719,56dd38df9896966404b6cb92e4ec3f2d245a8a4268b061252c40c10c46b6847d,c46ac21c4ba6529c580fb1f5ec79e41b471322317c2af871fa383a223def3bc6,e0cc21aea9214a423843d5f738f2da16ef568ce7b1171eae1c2826babe64e3d5,933526,games/h1_prior_panels__baseline__1856155813__0/RESULT.json,games/h1_prior_panels__baseline__1856155813__0/replay.jsonl.gz
h1_prior_panels__baseline__1856155813__1,h1_prior_panels,baseline,1856155813,1,False,True,True,719,219693.0,True,,2026-09-13T21:43:38.879637+00:00,2026-09-13T21:43:45.558152+00:00,6.678515637999965,6.6494483559999935,97812,5.461776193999469,0.3494649560000198,719,4d42e7edf70225549bfe708b247b5b06ce975f26c152024f8db50a2e2694ba09,a8f08fc107db61096d54f3f084137ea20226cb0a53af534e3449572ec836b526,95a97240f8b84987042e3c1a322ef84a36e7f0a8c510fd4cd0abc2e0b9be4df2,949137,games/h1_prior_panels__baseline__1856155813__1/RESULT.json,games/h1_prior_panels__baseline__1856155813__1/replay.jsonl.gz
h1_prior_panels__baseline__1948729637__0,h1_prior_panels,baseline,1948729637,0,False,True,True,719,234119.0,True,,2026-09-13T21:43:41.401149+00:00,2026-09-13T21:43:49.136833+00:00,7.735683853000012,7.734814152000013,98180,6.356995013998926,0.43759204900004534,719,d240d3aa60a038a6d9348324a7d3b93e95f1da28c7082a9377ae6640fba70018,6e5a8e91eaa6b3cabe3df2b204e8eeff26a60d02d8e52a9609449c54b516bfec,051f9061e5428bc077c20a40d3f432c34daa13a53d70a94c0cd74eafc5bb8d45,890114,games/h1_prior_panels__baseline__1948729637__0/RESULT.json,games/h1_prior_panels__baseline__1948729637__0/replay.jsonl.gz
h1_prior_panels__baseline__1948729637__1,h1_prior_panels,baseline,1948729637,1,False,True,True,719,219087.0,True,,2026-09-13T21:43:45.563050+00:00,2026-09-13T21:43:53.172640+00:00,7.609598435000066,7.60948725099999,97812,6.207640880001463,0.32648452000000816,719,7415c8d7289e7af0a8801e99ff7f8c2dc9675a7a66ae4daeb09a20ca046b3524,db5776f68c6a4b9783ee73c803c768346a1c4ae6909a2aebae2aeda5b5f2ee85,82e6eb75f7745c904d922b5aa94404ba2c246de10757653482b52508735f7d86,843571,games/h1_prior_panels__baseline__1948729637__1/RESULT.json,games/h1_prior_panels__baseline__1948729637__1/replay.jsonl.gz
h1_prior_panels__baseline__2027896586__0,h1_prior_panels,baseline,2027896586,0,False,True,True,719,164685.0,True,,2026-09-13T21:43:49.150025+00:00,2026-09-13T21:43:54.543777+00:00,5.3937505009999995,5.392938743999991,98292,4.397001913999134,0.2555152890000727,719,c66a7959cf86c5772d7121ae7cf08557753ed3c27969cd0ddb38aa5091541ea3,c58ac0b40ba5de2b5505b9d8a4b8e2563af6fee54b44904b43a5207a2e032c99,e44304910162a627c02878fba614d51255d8a520bab0a0d94c539a3f4bb423a6,810778,games/h1_prior_panels__baseline__2027896586__0/RESULT.json,games/h1_prior_panels__baseline__2027896586__0/replay.jsonl.gz
h1_prior_panels__baseline__2027896586__1,h1_prior_panels,baseline,2027896586,1,False,True,True,719,122067.0,True,,2026-09-13T21:43:53.181424+00:00,2026-09-13T21:43:59.446441+00:00,6.26501856699997,6.2649682569999925,97812,5.233874739000498,0.5786428410000326,719,34dce93d4fa141b77e46314595a293b6ae56d7ed89c50a825397e052cfe5d768,160a2a61b9d289dee28d547c1bd1569df862d4cb8af15afbb55df7b3dc3b9edb,853cbfa346d2196aa3a3e26842a6ea484c1b7efa30daf28054b07f6f603a81ac,796705,games/h1_prior_panels__baseline__2027896586__1/RESULT.json,games/h1_prior_panels__baseline__2027896586__1/replay.jsonl.gz
h1_prior_panels__baseline__219026998__0,h1_prior_panels,baseline,219026998,0,False,True,True,719,221055.0,True,,2026-09-13T21:41:07.347408+00:00,2026-09-13T21:41:17.592053+00:00,10.24464246399998,10.175835964999997,96828,8.30174203100023,1.5591123009999706,719,6684bc0560fddc2c15c7e99a6a7949abcee9428394552d9a376617735e7cc454,aff248dedcc2760bbd6b5aab9ea1658526ea7c47c02d04a13a61815589f6a116,f85a4bed9828029c1c7ee15da3933f0af2ca101efbdda5f12ffdd2471d9a8af3,885101,games/h1_prior_panels__baseline__219026998__0/RESULT.json,games/h1_prior_panels__baseline__219026998__0/replay.jsonl.gz
h1_prior_panels__baseline__219026998__1,h1_prior_panels,baseline,219026998,1,False,True,True,719,216819.0,True,,2026-09-13T21:41:07.455535+00:00,2026-09-13T21:41:17.358704+00:00,9.903169119999973,9.804321228,96884,8.051358022000443,1.7417115380000041,719,912d073823b21c8875143a57e2cb214ce6ae37a9e85a16101ef961937054bae7,fd40aabcfe9b75abe0114654f00765b80103188403ce29e34cb62dcf8e41c339,731a159e4de04086329e9733fec53be746cac9fa2847e0c0c0b95a67c3701ca5,863035,games/h1_prior_panels__baseline__219026998__1/RESULT.json,games/h1_prior_panels__baseline__219026998__1/replay.jsonl.gz
h1_prior_panels__baseline__28576209__0,h1_prior_panels,baseline,28576209,0,False,True,True,719,175400.0,True,,2026-09-13T21:40:30.026395+00:00,2026-09-13T21:40:36.261738+00:00,6.234435626999982,6.223457108000001,95380,4.933462404999602,0.2402881400000183,719,2f75e25fce70fc5a1a2fff10677aef30a2b89ec1190298872938fa50696cb1a7,55b7c6a4a2405ec1030a7615ca70e4d1c066a3642fa6f1f869f23bb52a1c75f5,9db672ba796678a8e72731beeb1d67aa1ef95958bdfc7d5b711d3eacc8dfee59,825218,games/h1_prior_panels__baseline__28576209__0/RESULT.json,games/h1_prior_panels__baseline__28576209__0/replay.jsonl.gz
h1_prior_panels__baseline__28576209__1,h1_prior_panels,baseline,28576209,1,False,True,True,719,174873.0,True,,2026-09-13T21:40:30.025559+00:00,2026-09-13T21:40:37.026896+00:00,7.000821986000005,6.990090026,95380,5.492366283000877,0.2696727709999891,719,f5840335a1848d83e868d77daadeab078e4d6226d75c1d27ee83e3916082df30,7a1f22cc832408838ba50b2ee10f90b025a5d55b1d98dcd424e8e4ceac523635,bcc0578d7755bd67b7abd0d65d935d6790e2752c7dcf0d2c102c06b428b00f2e,816583,games/h1_prior_panels__baseline__28576209__1/RESULT.json,games/h1_prior_panels__baseline__28576209__1/replay.jsonl.gz
h1_prior_panels__baseline__320211102__0,h1_prior_panels,baseline,320211102,0,False,True,True,719,236796.0,True,,2026-09-13T21:41:17.362656+00:00,2026-09-13T21:41:22.059179+00:00,4.696721496999999,4.688316688999997,97012,3.734184976000563,0.21064920800000664,719,454b86a79ab9de8e1eed02648191b95e44421ba6f0b95810fbaf88fbc7a8a64f,8d9077050870c2de01aadc9cccd6916ad18ce4189d7a91e907145d3f85eb82b4,52dc4019e5a735ae0cfdaea179ef0e2ccd65c31b69026ce4d7be9d84395e39b1,950662,games/h1_prior_panels__baseline__320211102__0/RESULT.json,games/h1_prior_panels__baseline__320211102__0/replay.jsonl.gz
h1_prior_panels__baseline__320211102__1,h1_prior_panels,baseline,320211102,1,False,True,True,719,212980.0,True,,2026-09-13T21:41:17.595816+00:00,2026-09-13T21:41:22.263346+00:00,4.6676136180000185,4.667506679999995,96948,3.729844596999328,0.22010670999998183,719,8f2c8dbff5c0b3d008a4480b22ed13dcc4dded3ad37a08f430ef68e9c92ad7a0,c767af94ffe96f9c08d9a081a5dea9da71d480970df186bd93638166bd49b342,9c7d4edd1bbd41aa6dbe3e69aa22649b766c5c6e9de12b610a790385bd55b6d1,895258,games/h1_prior_panels__baseline__320211102__1/RESULT.json,games/h1_prior_panels__baseline__320211102__1/replay.jsonl.gz
h1_prior_panels__baseline__337943030__0,h1_prior_panels,baseline,337943030,0,False,True,True,719,230197.0,True,,2026-09-13T21:41:22.064283+00:00,2026-09-13T21:41:27.036283+00:00,4.972007442999995,4.961310985000004,97012,4.110572379999951,0.2801698850000207,719,a36c1f11a6fac5a05cb4c3306ae18bfabcf2248fb21a052df3be42b7a83c889b,a2741857f5f825b6d1baae11babcee60f48c78cf54f55051c285b43397129159,ba5acc2ebac83e1a0c1b495511d9ddf0d2122568b369d978072cbd4c639e2f15,916393,games/h1_prior_panels__baseline__337943030__0/RESULT.json,games/h1_prior_panels__baseline__337943030__0/replay.jsonl.gz
h1_prior_panels__baseline__337943030__1,h1_prior_panels,baseline,337943030,1,False,True,True,719,224747.0,True,,2026-09-13T21:41:22.267877+00:00,2026-09-13T21:41:27.252709+00:00,4.984840776999988,4.984537296999996,96948,4.128533226000059,0.24806716000000506,719,cd20a5eae4e58b5de9f018ddf537c6f2ce82a9c338c8c227611e97e3e3e1bca4,d971c1f841c995d560d0f2b035c757cb7b1022d002a888ba270491ac9ba8580e,c40ed2d871b5e0b1bea225a1dfaf1f8c48fbfd34554121ebef5f19ba2576040e,861662,games/h1_prior_panels__baseline__337943030__1/RESULT.json,games/h1_prior_panels__baseline__337943030__1/replay.jsonl.gz
h1_prior_panels__baseline__370413548__0,h1_prior_panels,baseline,370413548,0,False,True,True,719,244283.0,True,,2026-09-13T21:41:27.040249+00:00,2026-09-13T21:41:32.050098+00:00,5.009848760000011,5.005557316000001,97012,4.122729086000277,0.239901653000004,719,4edb7a8f3d9720fcdc470eb559e3497494a32f107422746f822c15e7c59b46ce,429402dede914031e39be65ec7a17d85c3d3602c2f1d148e600bc302a4695472,9d76b7cc1ece6e934b06c67aae9b8260f815c66f989bc08c7e63c93bbeeac1ef,933410,games/h1_prior_panels__baseline__370413548__0/RESULT.json,games/h1_prior_panels__baseline__370413548__0/replay.jsonl.gz
h1_prior_panels__baseline__370413548__1,h1_prior_panels,baseline,370413548,1,False,True,True,719,244283.0,True,,2026-09-13T21:41:27.256786+00:00,2026-09-13T21:41:32.393440+00:00,5.136656753000011,5.136224890000001,96948,4.211667765999039,0.254777163999961,719,6e489a95ea5049164bdb979468b4537fadf99581c01a9d7bdf787def8dd7e381,bf188db0be16e2bc160f89a18d83b90a42a533edb2031a805abd163a1f20eb52,5d561d2fafe607cb030d4c399f8c8a2d9bfde4dce856dfd03f6484113227a187,922970,games/h1_prior_panels__baseline__370413548__1/RESULT.json,games/h1_prior_panels__baseline__370413548__1/replay.jsonl.gz
h1_prior_panels__baseline__383365175__0,h1_prior_panels,baseline,383365175,0,False,True,True,719,201398.0,True,,2026-09-13T21:41:32.054108+00:00,2026-09-13T21:41:37.052450+00:00,4.998323239000001,4.994798354000004,97012,4.137592964999897,0.2564905369999906,719,d6124b9050635af058538eea6812d9ddfaf69bce0694d49da38019ff8e6ae482,59f48149fd8220c19e871cbd66f1bde22d252eeea93e1bab21799c9526f708b2,c8f02ded85e67c0ed110bc0cb1260f2e56ecf1f34f02547ddb28c5ee36430406,842220,games/h1_prior_panels__baseline__383365175__0/RESULT.json,games/h1_prior_panels__baseline__383365175__0/replay.jsonl.gz
h1_prior_panels__baseline__383365175__1,h1_prior_panels,baseline,383365175,1,False,True,True,719,222511.0,True,,2026-09-13T21:41:32.397977+00:00,2026-09-13T21:41:37.284268+00:00,4.886292867999998,4.886255925,96956,4.006990793998455,0.2375873619999993,719,9c1fda5d6b2ee150df9161f7b455c6eef1936e11e09a064a7c1ffac762a853fa,c18bc46781188493c7c7065be642160f9e95c173c3b338089da47782f7bb32ba,e4f999d930bcab3574000d210e2abb5aa61577528258c69f134a670e06aefdf0,912478,games/h1_prior_panels__baseline__383365175__1/RESULT.json,games/h1_prior_panels__baseline__383365175__1/replay.jsonl.gz
h1_prior_panels__baseline__394509745__0,h1_prior_panels,baseline,394509745,0,False,True,True,719,228771.0,True,,2026-09-13T21:41:37.056281+00:00,2026-09-13T21:41:42.042886+00:00,4.986606199999983,4.982586157,97264,3.9880344539998873,0.24866408200000478,719,c3c89eb13fefe5c4ff07b62ad38b7cab00c6a1d31581e64d621540cde9923fe1,adba9a6db539f0452df652a21da46682a7bd066161d332bae417ee9f1c7deb28,e110a5a44a80718d20892a8eaf67267031aab7dea58f456278f29110234084e9,917830,games/h1_prior_panels__baseline__394509745__0/RESULT.json,games/h1_prior_panels__baseline__394509745__0/replay.jsonl.gz
h1_prior_panels__baseline__394509745__1,h1_prior_panels,baseline,394509745,1,False,True,True,719,234993.0,True,,2026-09-13T21:41:37.287932+00:00,2026-09-13T21:41:42.414357+00:00,5.126429192999979,5.126388728000009,97004,4.124289233000184,0.3435557660000086,719,a50007f4007e4f9de70b424b3a0f2cd000d30c7d92e98983e45ade9e3c308eb4,45aca98dc868d1f2c588bebf5cb482cce31cdeb2b31c9460dd9bf265f2b5eb2e,65f5461e76e3c6edb66e62373b3e99997898f1ffc8539285ac1aaf1496220c51,929209,games/h1_prior_panels__baseline__394509745__1/RESULT.json,games/h1_prior_panels__baseline__394509745__1/replay.jsonl.gz
h1_prior_panels__baseline__702093297__0,h1_prior_panels,baseline,702093297,0,False,True,True,719,224535.0,True,,2026-09-13T21:41:42.048014+00:00,2026-09-13T21:41:47.001180+00:00,4.953167031000021,4.949062256000005,97368,4.041498451999928,0.2741890670000089,719,af7c26729baed907ed733f5c9479d9e202b2fcd2255f6c9952faeecde303db3e,c7961fa5b517e16f6acf5581995da7750de5374f30bfc3724e60cbdc9d562de5,c7499473367f2d1aeb4327c31fa29a18217cdd7b6803f9c3ed58cabef867dd38,864430,games/h1_prior_panels__baseline__702093297__0/RESULT.json,games/h1_prior_panels__baseline__702093297__0/replay.jsonl.gz
h1_prior_panels__baseline__702093297__1,h1_prior_panels,baseline,702093297,1,False,True,True,719,224391.0,True,,2026-09-13T21:41:42.419188+00:00,2026-09-13T21:41:54.558915+00:00,12.139700995999988,12.139599009999998,97284,9.791742593999231,0.49318505399998,719,0e563e73bc01850a7997bbddbdbdfebe0bb87951d54d9021a879d685517e34ef,8caedf6bcabc354e690cf6ae7e7edcd52b3519960353a7f62e419bfa651dd91a,8c6f579c534e0e9b2a4948185643b5a17edd7bde60662e0d2a8f19eb0e4217f6,865127,games/h1_prior_panels__baseline__702093297__1/RESULT.json,games/h1_prior_panels__baseline__702093297__1/replay.jsonl.gz
h1_prior_panels__baseline__766857369__0,h1_prior_panels,baseline,766857369,0,False,True,True,719,168599.0,True,,2026-09-13T21:41:47.005077+00:00,2026-09-13T21:41:51.558547+00:00,4.55347309800004,4.550043865000006,97484,3.683359790000793,0.2308569290000264,719,54313838246cad5fd42a234278c173ef2be229ee997579dd230681062da8c02d,2444db4e197f061189c7e198bc7d5ef0ad3ee2386435937a1c152ab2d7669ab9,de7013c478d244d876a09ef04d949b15704cba9087d8e50985caf9aed0b547b3,877166,games/h1_prior_panels__baseline__766857369__0/RESULT.json,games/h1_prior_panels__baseline__766857369__0/replay.jsonl.gz
h1_prior_panels__baseline__766857369__1,h1_prior_panels,baseline,766857369,1,False,True,True,719,168599.0,True,,2026-09-13T21:41:51.562279+00:00,2026-09-13T21:41:56.131251+00:00,4.568974566999998,4.5650734080000035,97484,3.6592187399999148,0.2213640230000351,719,e1993645246ee83fce829ba2a04d4485691f06d4f44870ea0f647c53d6ac4fbc,b90daac8d54d5511471952d6b1a852691fbf6314854fd56f3d59667dcc635c76,4e66d07281eb78a0524f7cf47c478fb508086cd66837bb5ab72813803d2d84e7,884017,games/h1_prior_panels__baseline__766857369__1/RESULT.json,games/h1_prior_panels__baseline__766857369__1/replay.jsonl.gz
h1_prior_panels__baseline__833126169__0,h1_prior_panels,baseline,833126169,0,False,True,True,719,194732.0,True,,2026-09-13T21:41:54.581664+00:00,2026-09-13T21:42:11.431447+00:00,16.849784089000025,16.849592148,97428,13.870648825001638,1.025544588999992,719,b640de8fe01d66c3a53b21e508ed442c64e9fef2a51c1e65ece5de673e31cdc2,fb78d36368a66fcf54f02a6df839447c675769e2ea47144bcd10184eef3c66f3,f98bb7e9bb80201983422737bd153968980a01d0d9fbc971cbd094b4be9a2690,853021,games/h1_prior_panels__baseline__833126169__0/RESULT.json,games/h1_prior_panels__baseline__833126169__0/replay.jsonl.gz
h1_prior_panels__baseline__833126169__1,h1_prior_panels,baseline,833126169,1,False,True,True,719,194732.0,True,,2026-09-13T21:41:56.134766+00:00,2026-09-13T21:42:01.120294+00:00,4.985537034000004,4.982742597000012,97484,4.1223620650006865,0.32597351299995125,719,dabf5e87d29e31667f1fa0c46c8ccdbf4ef96f8e5bd045887d2212ba5a08ad8d,16632b2f8e0674e9a00cec27f5fc58b6bdb8d6eca4abff0a498a81be51f49d65,7762c7c7a85916de6167ec2556cba92df37389c6a5942505a7ab7dd63c77e498,852705,games/h1_prior_panels__baseline__833126169__1/RESULT.json,games/h1_prior_panels__baseline__833126169__1/replay.jsonl.gz
h1_prior_panels__baseline__967718147__0,h1_prior_panels,baseline,967718147,0,False,True,True,719,218501.0,True,,2026-09-13T21:42:01.124199+00:00,2026-09-13T21:42:05.733515+00:00,4.609315406000007,4.608948272999996,97484,3.7279733440001905,0.19811010299997633,719,792c4ec8fdee2fe1492f69bb50c66e0bc2c3207c3d5414077d8c2839d5ebf852,e0dc1f8c15aa0e38654bad3fa90f4b7a3ae65eddaed35f17016b8f4474266375,b8dd208a38b23c99a7c31fa2b0f4b0bdf8e22a83b9fa9667a245e3bba1c5060b,849345,games/h1_prior_panels__baseline__967718147__0/RESULT.json,games/h1_prior_panels__baseline__967718147__0/replay.jsonl.gz
h1_prior_panels__baseline__967718147__1,h1_prior_panels,baseline,967718147,1,False,True,True,719,216624.0,True,,2026-09-13T21:42:05.736898+00:00,2026-09-13T21:42:10.197007+00:00,4.460109197999998,4.459630791999999,97484,3.656197056000167,0.22060095500000898,719,2ad499d2e5cb5c27cb20f3d770ca076255522985ca67909404c94eecad3a4ccc,b43de05be3d8ffb063dee64312a96179d5a2b347b24ddfef721cb31725f620e5,df638b0f7c862253c24a07979f65bb1ec24313e21406e315bc89118dad2ce225,815008,games/h1_prior_panels__baseline__967718147__1/RESULT.json,games/h1_prior_panels__baseline__967718147__1/replay.jsonl.gz
h1_prior_panels__baseline__979746784__0,h1_prior_panels,baseline,979746784,0,False,True,True,719,176615.0,True,,2026-09-13T21:42:10.200744+00:00,2026-09-13T21:42:14.756302+00:00,4.555566276000036,4.554913232000004,97484,3.7121689860007336,0.2516033210000046,719,fc26c419273f687bfa6436f680675f82f114211a1a8f571326e5d945cb06954f,21c2c23e4f822425c5fbc49bb4fdcb9c2e8bb7d1d661bc4c5052374e567bc503,57ae20f8f370fe3a212031365462c4bd10e1e7418dc2daf536e7a1bfc4fdbc23,863376,games/h1_prior_panels__baseline__979746784__0/RESULT.json,games/h1_prior_panels__baseline__979746784__0/replay.jsonl.gz
h1_prior_panels__baseline__979746784__1,h1_prior_panels,baseline,979746784,1,False,True,True,719,176615.0,True,,2026-09-13T21:42:11.441165+00:00,2026-09-13T21:42:21.610953+00:00,10.169790603000024,10.159170726,97428,8.446056913998973,0.8405583060000481,719,03f780c2c706d35062deadb635dd8166cbc6b5215bb933cc22a79749f3d2f087,627dcd0627003783c0c417e46d136bd65a4d846e7c8d1ec28dc6abef8e829ff7,c32732926d19b18381a8bb53dcb9c5b47480139befcf9badc1da3234d3f0d863,852964,games/h1_prior_panels__baseline__979746784__1/RESULT.json,games/h1_prior_panels__baseline__979746784__1/replay.jsonl.gz
h1_prior_panels__baseline__979914492__0,h1_prior_panels,baseline,979914492,0,False,True,True,719,258779.0,True,,2026-09-13T21:42:14.760322+00:00,2026-09-13T21:42:19.365879+00:00,4.605556690000014,4.605281968,97484,3.6808105940006612,0.24196305499998516,719,dc317baae62929815646c94c7c1b9b34e31ca87abc353717e9268b6608e7cecc,fb0ff718b12667650b7e6a209a1a0b29d2c2cfd8c3d0605d344afcc24bae4706,59febca6b3b5fa9a7ca8fe860ce8f11dd8a9403311995fc2192fdbbd65842926,951291,games/h1_prior_panels__baseline__979914492__0/RESULT.json,games/h1_prior_panels__baseline__979914492__0/replay.jsonl.gz
h1_prior_panels__baseline__979914492__1,h1_prior_panels,baseline,979914492,1,False,True,True,719,258779.0,True,,2026-09-13T21:42:19.370447+00:00,2026-09-13T21:42:25.841438+00:00,6.475697072999992,6.446681111000004,97484,5.068248085999755,0.2747328780000089,719,c246cabf12e3dd3ebb5a6ef469c974669b2f8346945f630e09453822bacb4e28,11b4f59d0231add1e935d2a8b93addb7c8e70f311441a344fda609fdaf55442e,53a3e9937966ac19c2b4afefe6af9f01128aea409ca84e05709954865923b810,952325,games/h1_prior_panels__baseline__979914492__1/RESULT.json,games/h1_prior_panels__baseline__979914492__1/replay.jsonl.gz
h1_prior_panels__direct__1138364143__0,h1_prior_panels,direct,1138364143,0,False,True,True,719,162865.0,True,,2026-09-13T21:44:50.986343+00:00,2026-09-13T21:44:53.593026+00:00,2.6066881429999285,2.6066668369999775,98284,1.4020459369982063,0.0254090680000445,719,828ba6b46d1eebaad7a578b0bbb273031a83f6b1ef9ecfa0806f8249ba8cd08e,c7010359c7e0a9108ecc1d19e81c7b5f758cdc9296ef8b564de3ccb538b76ab2,31f24a0c01272701b7a18a90ce3e171241e0a6c574e56388250b41f4806f55db,873860,games/h1_prior_panels__direct__1138364143__0/RESULT.json,games/h1_prior_panels__direct__1138364143__0/replay.jsonl.gz
h1_prior_panels__direct__1138364143__1,h1_prior_panels,direct,1138364143,1,False,True,True,719,162865.0,True,,2026-09-13T21:44:53.210680+00:00,2026-09-13T21:44:55.692440+00:00,2.4817604180000217,2.481715836000035,98760,1.243982255001015,0.016024727000058192,719,5cc367cbfefe0d4a3322c40fb12a970f6e6580ebfbc46dd02f6246e673f34107,efcf28c816bbb4ef235455aefd2ca1a24c7cd0eeca0f22dbcaddc274952ee2d6,37f9058ba5562c1fa8b80678012592fd3ec3be1c467c3bd0d887fe3cb1395807,866833,games/h1_prior_panels__direct__1138364143__1/RESULT.json,games/h1_prior_panels__direct__1138364143__1/replay.jsonl.gz
h1_prior_panels__direct__1175089851__0,h1_prior_panels,direct,1175089851,0,False,True,True,719,167726.0,True,,2026-09-13T21:44:53.596982+00:00,2026-09-13T21:44:57.549627+00:00,3.9526475419999088,3.952611028999968,98284,2.0376540829996657,0.03625845900000968,719,b2b37f745f67f6de842db2c60b7d365a83c5e23afe471cb8721c4c2f419618fc,7d88105e3ac772465253890c8ba88fbe47c080ab7b85c4f568206b6e771bac8f,d7a44739712b90487d78fd332af50aa7bf144e0240fe2d7c34982ef873234c4b,887258,games/h1_prior_panels__direct__1175089851__0/RESULT.json,games/h1_prior_panels__direct__1175089851__0/replay.jsonl.gz
h1_prior_panels__direct__1175089851__1,h1_prior_panels,direct,1175089851,1,False,True,True,719,170771.0,True,,2026-09-13T21:44:55.695583+00:00,2026-09-13T21:44:58.183802+00:00,2.488218540000048,2.488115993000008,98760,1.3095510649994822,0.022608153000078346,719,9ff6994c88e56a691959023209be00c28c3e7ab307687e82a2f7d1bfbefcfda9,490bdb896406fb8894b895ad8a8af98337a981ad11a45bc57ff59e206035f7a2,774ba2bac627e23f7e61d96a29734275fe5719d8988d2417127a8c8d7e690bff,894549,games/h1_prior_panels__direct__1175089851__1/RESULT.json,games/h1_prior_panels__direct__1175089851__1/replay.jsonl.gz
h1_prior_panels__direct__1387052231__0,h1_prior_panels,direct,1387052231,0,False,True,True,719,190370.0,True,,2026-09-13T21:44:57.552316+00:00,2026-09-13T21:45:00.210297+00:00,2.657982932999971,2.6579517310000256,98284,1.3477793330018812,0.01895614599993678,719,6cb06737fbbc074b6f0388ef295bc0d5b7f4b2b7624edced8cb3bc1a1e5a0342,be76acd687da67ce97f20a57d80ce72bb8eefb1005cac9598f3d3dbedb674def,e07b8c4110e72f03e1a26ae7d775db6a7824169a51578658dabcd51315893caf,907763,games/h1_prior_panels__direct__1387052231__0/RESULT.json,games/h1_prior_panels__direct__1387052231__0/replay.jsonl.gz
h1_prior_panels__direct__1387052231__1,h1_prior_panels,direct,1387052231,1,False,True,True,719,158385.0,True,,2026-09-13T21:44:58.186339+00:00,2026-09-13T21:45:00.697168+00:00,2.5108308420000185,2.5107690670000125,98760,1.31746756599955,0.0216146849999177,719,c4b54775615632b193a27512894e3d516dcc9990ec42e5f26d08ce7d504207f5,403df54df3daa619ffa6247a9d611539ab3ed33997e0babf25df08295cc34021,caad0671e7d3391ef1b15e1e4f6da05dcbdaa12c737c68899139158887e625b8,897612,games/h1_prior_panels__direct__1387052231__1/RESULT.json,games/h1_prior_panels__direct__1387052231__1/replay.jsonl.gz
h1_prior_panels__direct__140008426__0,h1_prior_panels,direct,140008426,0,False,True,True,719,226138.0,True,,2026-09-13T21:44:00.216511+00:00,2026-09-13T21:44:02.842379+00:00,2.625868368000056,2.6257605290000186,98292,1.3681191429998307,0.017135177999989537,719,36040e77fa7d066a9e5a0f6879fb762952e4ab708521bdd6db5605bdc50003fd,3648668337af98759f3c3b8e3b2782402ef084c87462d823e7a7e8c76ec5f390,65b5e07f0ba40ca3be9ef99c8cb62ed918d30091ac444f9604ec879a7cf8c556,941190,games/h1_prior_panels__direct__140008426__0/RESULT.json,games/h1_prior_panels__direct__140008426__0/replay.jsonl.gz
h1_prior_panels__direct__140008426__1,h1_prior_panels,direct,140008426,1,False,True,True,719,222684.0,True,,2026-09-13T21:44:02.844734+00:00,2026-09-13T21:44:04.670655+00:00,1.8259240790000604,1.8258651630000031,98292,0.9639125139987073,0.017973561999951926,719,717e8fc43eea56cb9c6992fcdb931a97f180e3709a2e9f3d6c094f82875ec2e8,7182901c38a0e9e0694f36cc0cf216b35824737188b84b44038791a60c6ca658,3b2d2d9e0941806e94a020c1f4a296cad343060e631094e8c3775045f6dce23e,842419,games/h1_prior_panels__direct__140008426__1/RESULT.json,games/h1_prior_panels__direct__140008426__1/replay.jsonl.gz
h1_prior_panels__direct__1421711696__0,h1_prior_panels,direct,1421711696,0,False,True,True,719,246439.0,True,,2026-09-13T21:45:00.214975+00:00,2026-09-13T21:45:02.751076+00:00,2.536102303000007,2.5314003550000166,98284,1.2901830390001123,0.014951488000065183,719,d5df4b581a369b75ed081baede231418444a40c5fb49e2e3cc6fdd695563d03d,d7081d6804b8853dd546261009099ec2b76312a8c4bb85ddec5dac889b779240,2b3a53789fc748e1980f393b01660acb43f20bae513ed850f9fd07ca39aa048f,947192,games/h1_prior_panels__direct__1421711696__0/RESULT.json,games/h1_prior_panels__direct__1421711696__0/replay.jsonl.gz
h1_prior_panels__direct__1421711696__1,h1_prior_panels,direct,1421711696,1,False,True,True,719,213018.0,True,,2026-09-13T21:45:00.699483+00:00,2026-09-13T21:45:02.991484+00:00,2.29200352700002,2.291905732000032,98760,1.2060572279991675,0.0204943449999746,719,b4af8d84ef666dd836d6339054d85384edc7ae54fed27ccf523298b5e8849c96,a5b2798eb54613662d567db9476e6b4c692504392955c82c82e4d27c4ce96611,fc7ff872f0024c3a1b6bf9440cc80b2b4470dda03994ce3af5bd414c54663a84,862947,games/h1_prior_panels__direct__1421711696__1/RESULT.json,games/h1_prior_panels__direct__1421711696__1/replay.jsonl.gz
h1_prior_panels__direct__1459327281__0,h1_prior_panels,direct,1459327281,0,False,True,True,719,204644.0,True,,2026-09-13T21:45:02.753977+00:00,2026-09-13T21:45:05.117629+00:00,2.3636559340000076,2.363637132000008,98284,1.2396485360009137,0.01583186300001671,719,8fc31c039f9124b0cac3f55bd4a1f58d2b61937a1d492054d605fdbf3cc9de81,036aeaef88c2f30348a9ab39206e1ea26af6162e4b3fe1df51bc3872b21e35c8,4f33f113799ad436e7f454a5572c6baf86a6383a6dd9f816f17aca18eee3743d,844616,games/h1_prior_panels__direct__1459327281__0/RESULT.json,games/h1_prior_panels__direct__1459327281__0/replay.jsonl.gz
h1_prior_panels__direct__1459327281__1,h1_prior_panels,direct,1459327281,1,False,True,True,719,204644.0,True,,2026-09-13T21:45:02.993776+00:00,2026-09-13T21:45:05.176886+00:00,2.1831108500000482,2.1830426610000018,98760,1.159308580001266,0.017969798000081028,719,7e7d705d38c3d98dbdf1411d3b55d26790b77e9ebb6663ae06d4d37fbf41e5ad,6350c8663c5994dd7c8e0fcb48c4a9ee7b703533a4606b6de3fe3a4e5941f440,b6e9d288536f8c6b032426fd7bedb6d8643bb19d5df5555ee895cc954032bc15,833646,games/h1_prior_panels__direct__1459327281__1/RESULT.json,games/h1_prior_panels__direct__1459327281__1/replay.jsonl.gz
h1_prior_panels__direct__148094548__0,h1_prior_panels,direct,148094548,0,False,True,True,719,182722.0,True,,2026-09-13T21:44:02.901264+00:00,2026-09-13T21:44:06.229616+00:00,3.32835563499998,3.328331028000008,98284,1.7832550979994721,0.031240829000012127,719,2103806a884cc4fce85d8d9a551d463f863060c6a7bf23aedeb27d05879ff4c4,59c47e5becc1a40b9b24213ff2cafed64795d408efb098725008883459530ab3,c56672ee47e8b6571f77549db99b4c205ddabda33b0381c412c0cebe88126eec,849382,games/h1_prior_panels__direct__148094548__0/RESULT.json,games/h1_prior_panels__direct__148094548__0/replay.jsonl.gz
h1_prior_panels__direct__148094548__1,h1_prior_panels,direct,148094548,1,False,True,True,719,193039.0,True,,2026-09-13T21:44:04.673036+00:00,2026-09-13T21:44:07.077327+00:00,2.404292178999981,2.404211398000001,98292,1.2603936679992103,0.042426536999983,719,4582c36a85aae06ed017d5b3844334b595bcbf3bcbe22d6b8477ac3935153bb1,67fb393ad7caf5050d3610ed386ef30f1f5ac7f42d08d77d6c5f6ab4b386973e,c40dc117061dd7d6da2e654e1635aa97f7b9ab0d3214d9f87460a868c3dc2da2,828258,games/h1_prior_panels__direct__148094548__1/RESULT.json,games/h1_prior_panels__direct__148094548__1/replay.jsonl.gz
h1_prior_panels__direct__1501860085__0,h1_prior_panels,direct,1501860085,0,False,True,True,719,173972.0,True,,2026-09-13T21:45:05.120097+00:00,2026-09-13T21:45:07.483768+00:00,2.3636733620000996,2.3636324979999586,98284,1.2298730830010527,0.017978765000066232,719,d4f550fe037f04e9523e357d2ceb1407962b1f185d15b4208341f402b7591fb7,bd97d09e36ebafa3eff2fba0a462eab9635760c6e1c0a7ccb0f5ac5fbcbb297a,aa837c09bf393fe8656983a5d80dc417f426a7d26f2672a9d299102c5e057e1b,886874,games/h1_prior_panels__direct__1501860085__0/RESULT.json,games/h1_prior_panels__direct__1501860085__0/replay.jsonl.gz
h1_prior_panels__direct__1501860085__1,h1_prior_panels,direct,1501860085,1,False,True,True,719,170682.0,True,,2026-09-13T21:45:05.184593+00:00,2026-09-13T21:45:07.414890+00:00,2.230294865000019,2.2296943350000333,98760,1.1439135699998815,0.0134076089999553,719,874bdcaf805e6432aca68697999488e656ea5e8ffb46a6fab33f3d37aecf0909,ba9e3c430b944b7fc8e360d78ec6528a5fe611bb2faba2a089fa5879036a9aec,e3adf6c4d3daeee071df82c48570933002bced48f3cc5688a528a2208640f8c4,886222,games/h1_prior_panels__direct__1501860085__1/RESULT.json,games/h1_prior_panels__direct__1501860085__1/replay.jsonl.gz
h1_prior_panels__direct__1514191294__0,h1_prior_panels,direct,1514191294,0,False,True,True,719,209244.0,True,,2026-09-13T21:45:07.417553+00:00,2026-09-13T21:45:09.703311+00:00,2.2857602830000587,2.284158055999967,98760,1.1504602369973327,0.016938460999995186,719,469e198d8575ee3e9c355e32edf917101d44faf01590415601267b57b8501f52,168a5b4ec6ffce7dfd398086299468d49498b03b5329c28e2f774374903855a6,9d4248dd43b197fdb24e50979d0c58c37e753b132fc5565ae1490b4fc5e4e58c,908815,games/h1_prior_panels__direct__1514191294__0/RESULT.json,games/h1_prior_panels__direct__1514191294__0/replay.jsonl.gz
h1_prior_panels__direct__1514191294__1,h1_prior_panels,direct,1514191294,1,False,True,True,719,209244.0,True,,2026-09-13T21:45:07.486999+00:00,2026-09-13T21:45:09.929811+00:00,2.4428173219999962,2.4427910750000024,98284,1.215321104001191,0.012941328000010799,719,d291aae1507c20b49270a482f7f906a79e445c2d4295a1f1e763cd9dc0359b46,6b030d7baba0996c7e08c223f4c5181db4f1fe749a5c6e5ae2ba4b4c0d436373,5258a43d27a6ca8e3e34b067f839d786ded422ab13cd259d1f715c7fe33eb572,911558,games/h1_prior_panels__direct__1514191294__1/RESULT.json,games/h1_prior_panels__direct__1514191294__1/replay.jsonl.gz
h1_prior_panels__direct__1652205610__0,h1_prior_panels,direct,1652205610,0,False,True,True,719,159772.0,True,,2026-09-13T21:45:09.707648+00:00,2026-09-13T21:45:12.130628+00:00,2.4229790309999544,2.4229055509999853,98760,1.2727762900002517,0.015557542000010471,719,433fbc005eeb034962e58b60ad6978e70278df3b8dcce73af93684eefbe30f95,3f80c36131ca7aac149ecdf60a887e4c67951cf43a6965b8e920cbbf39e1d231,200b825d679d0b7eff1d395008087d299b1098b340a2c501bf22f731c0502968,838743,games/h1_prior_panels__direct__1652205610__0/RESULT.json,games/h1_prior_panels__direct__1652205610__0/replay.jsonl.gz
h1_prior_panels__direct__1652205610__1,h1_prior_panels,direct,1652205610,1,False,True,True,719,153261.0,True,,2026-09-13T21:45:09.934800+00:00,2026-09-13T21:45:12.393782+00:00,2.458981864000066,2.4589407699999697,98284,1.2928859540008943,0.022981510000022354,719,19d1ca1223b5eb17525258b040e780210b61874abd696e5022be057e0ff87b4a,a2a181ff1b55c56316646a71680b2b0b79b200ddb1e35aadf92a6abe93215a22,baee267f0fceb06c48a27906a9caaf036283da281fb140c3a7559ea81cbd6e78,821881,games/h1_prior_panels__direct__1652205610__1/RESULT.json,games/h1_prior_panels__direct__1652205610__1/replay.jsonl.gz
h1_prior_panels__direct__1658182076__0,h1_prior_panels,direct,1658182076,0,False,True,True,719,223116.0,True,,2026-09-13T21:45:12.136332+00:00,2026-09-13T21:45:14.565470+00:00,2.4291384890000245,2.428918304999968,98760,1.250392540001826,0.012671788000034212,719,7e8214d528dcbc0f00a21bd7d6e037a3b9cbc382a702cb2ae814ac285d696a7f,c2c8e5ee0a97482739dc2959d40f34614a08f024eea7cd6a24088d23c8077da1,946983b1b3cd931cdb88e4f1418abda50626aa8bc012982b78551d6fba25279c,833959,games/h1_prior_panels__direct__1658182076__0/RESULT.json,games/h1_prior_panels__direct__1658182076__0/replay.jsonl.gz
h1_prior_panels__direct__1658182076__1,h1_prior_panels,direct,1658182076,1,False,True,True,719,222921.0,True,,2026-09-13T21:45:12.397407+00:00,2026-09-13T21:45:14.741484+00:00,2.3440763909999305,2.3440207280000322,98284,1.214378937000106,0.015991364999990765,719,045a484a9cb872706949566e58747616c4729c4c2b1dae9ad9447257a8b39d4f,ab34d2ece3711458c639f232cdd62d60a269b79107ed5acc004bc2c9c7b571fc,d109d8628a8d30d8ffbe1a6e3f8b33efab50482429c04f7153c2d7cae0eab420,835228,games/h1_prior_panels__direct__1658182076__1/RESULT.json,games/h1_prior_panels__direct__1658182076__1/replay.jsonl.gz
h1_prior_panels__direct__1681080428__0,h1_prior_panels,direct,1681080428,0,False,True,True,719,161629.0,True,,2026-09-13T21:45:14.571969+00:00,2026-09-13T21:45:16.814808+00:00,2.242835312000011,2.2427347789999885,98760,1.1536259869986907,0.014548592999972243,719,5c93b566520fd93a02cbf42cafc900df59daf0fd3ed39902fa59d23f9fff6f85,e3fa7614dc6c97a93cb8c800ec2501dbbe81e88ac7392658343ef8e722af6700,cf1189087deba6eb162c2876a4eaf5df89a283d1150477f4d2145331a6e3fba9,871578,games/h1_prior_panels__direct__1681080428__0/RESULT.json,games/h1_prior_panels__direct__1681080428__0/replay.jsonl.gz
h1_prior_panels__direct__1681080428__1,h1_prior_panels,direct,1681080428,1,False,True,True,719,131043.0,True,,2026-09-13T21:45:14.745934+00:00,2026-09-13T21:45:17.156518+00:00,2.410585987000104,2.410565876000021,98284,1.2409825799988994,0.016521480999927007,719,465fbd9d2731c11668a78e9fb0f6147d2de3967f5e6af12b2063976b4c6d2796,7a09a8647712ef8666e8f96940eba5fc4c07b0029c47f1fcbb5f0388a62b9781,66a7379fac69cedac97a4c00d193cfb694b7d5e3d47dd740b9b8482a7df4ce03,906046,games/h1_prior_panels__direct__1681080428__1/RESULT.json,games/h1_prior_panels__direct__1681080428__1/replay.jsonl.gz
h1_prior_panels__direct__1715028217__0,h1_prior_panels,direct,1715028217,0,False,True,True,719,254083.0,True,,2026-09-13T21:45:16.817517+00:00,2026-09-13T21:45:19.210163+00:00,2.392648538000003,2.390115713,98760,1.2180969069993353,0.018258645999935652,719,03dba512add10453458f584aa644df06e4f1a5972cd71b40eafd98a586cff5e4,47b3ae4f31b4e16cc274d528c1d44783d23c752e39dd370511b894bca97419ac,2aaacd2e55aa99f813f6b76b848f0382ef66781ac11ed1eaa9eeea5a9ddc61c2,900266,games/h1_prior_panels__direct__1715028217__0/RESULT.json,games/h1_prior_panels__direct__1715028217__0/replay.jsonl.gz
h1_prior_panels__direct__1715028217__1,h1_prior_panels,direct,1715028217,1,False,True,True,719,238346.0,True,,2026-09-13T21:45:17.160640+00:00,2026-09-13T21:45:19.499175+00:00,2.338537088999942,2.338518491000002,98284,1.2051744629995937,0.015901264000035553,719,a34ea1ccc2bbfb4911e5f8594984782954bac25859443b831abb88fbf3e641e1,330bf53de9dfe2aa05d7cc6320a6c410d95de19c0f5241863a1840061335b035,8df1b8bfcb79d16e4b461cef14acc4db1ccacf141bce0e6bb3e0efd9fe8ee038,861985,games/h1_prior_panels__direct__1715028217__1/RESULT.json,games/h1_prior_panels__direct__1715028217__1/replay.jsonl.gz
h1_prior_panels__direct__1722159489__0,h1_prior_panels,direct,1722159489,0,False,True,True,719,180066.0,True,,2026-09-13T21:45:19.214529+00:00,2026-09-13T21:45:21.622606+00:00,2.4080769869999585,2.408003281000049,98760,1.2452925609995873,0.016481924000004256,719,a01db407961eaf5296079872d0e783cafc11ac28b780869b3a0c61d464c66b1c,95240d20be67497933254c485f8c81fcf795fc9f9e61ab740362dfa7edbcadc4,2e61728a5c5e92edd11f917f57f6dccc428ef96a4f29ef010852afe9bebb0150,841142,games/h1_prior_panels__direct__1722159489__0/RESULT.json,games/h1_prior_panels__direct__1722159489__0/replay.jsonl.gz
h1_prior_panels__direct__1722159489__1,h1_prior_panels,direct,1722159489,1,False,True,True,719,202417.0,True,,2026-09-13T21:45:19.501718+00:00,2026-09-13T21:45:21.926274+00:00,2.424559122000005,2.4245235389999493,98284,1.2427649250001878,0.01815396300003158,719,1e8726a4aac7482259bc3592edf0380926b2af50656fdb8ef7e0b6f43fb9b48a,1c9ccb69db7a95944d66e37d62efb1b747b884b14c71bce5395c15143f5868b5,01a3b7fd8b78a6c79448bcd04e0f54240d771ecebc0493a8de7802048f5c3f0e,810196,games/h1_prior_panels__direct__1722159489__1/RESULT.json,games/h1_prior_panels__direct__1722159489__1/replay.jsonl.gz
h1_prior_panels__direct__1781448506__0,h1_prior_panels,direct,1781448506,0,False,True,True,719,231500.0,True,,2026-09-13T21:45:21.630135+00:00,2026-09-13T21:45:23.982524+00:00,2.35238738999999,2.3497050779999995,98760,1.2620678919985266,0.014233601999990242,719,52ab2ab1e46d8e91cf9a174429e095f0b14f772ed0a1d957790dcaa25d2a5472,dd32b02d91dd7e583b81fcde211bbf6aeb3109fa1cce1eb0b1ef2ca37a38675d,ab0e6b3c3f707811113cfede84eb312fbac854653d41924d7284665c554bf568,814404,games/h1_prior_panels__direct__1781448506__0/RESULT.json,games/h1_prior_panels__direct__1781448506__0/replay.jsonl.gz
h1_prior_panels__direct__1781448506__1,h1_prior_panels,direct,1781448506,1,False,True,True,719,213365.0,True,,2026-09-13T21:45:21.928390+00:00,2026-09-13T21:45:24.358363+00:00,2.429977741999892,2.4299616289999904,98284,1.2766468160007207,0.02067918099999133,719,43c7e3b9a80f96f5a38355f3bba0270a5b67728968119141c5bcb448e6952021,ca855b1d2979ac5ebcc523e134fd06505061a85f3221dfa5bea0d86040dc982d,c1bc1d8bf1d5e5f355ef527806a369b3c7e7a1bf9ac1d0fd1c246ecc35d83910,796132,games/h1_prior_panels__direct__1781448506__1/RESULT.json,games/h1_prior_panels__direct__1781448506__1/replay.jsonl.gz
h1_prior_panels__direct__180752382__0,h1_prior_panels,direct,180752382,0,False,True,True,719,187048.0,True,,2026-09-13T21:44:06.235934+00:00,2026-09-13T21:44:10.796600+00:00,4.560674408999944,4.560467571000004,98284,2.3611638750013526,0.06324226499998531,719,376f043567f816cedaf1f72b66f07f881ebb41be9519ae52cc4231ebdb767a69,6dcde576a19c903d957b2d60b7a703ecbc9174204a706087aa067b3d5aa46ef7,a5830418a2405aeda7bf816bf42c443a619a6e359a46f626d06e437dbd10ac40,886802,games/h1_prior_panels__direct__180752382__0/RESULT.json,games/h1_prior_panels__direct__180752382__0/replay.jsonl.gz
h1_prior_panels__direct__180752382__1,h1_prior_panels,direct,180752382,1,False,True,True,719,187048.0,True,,2026-09-13T21:44:07.082304+00:00,2026-09-13T21:44:10.171540+00:00,3.0892369120000467,3.0891165780000165,98376,1.6280134460006366,0.023085174000016195,719,15a31b937e28de895472cfef935aeb4e118ca658a2b291d0f318d970ff7a0b7d,dff7b1768086db5e177218a45ce6313d0509974867bd29448140168cfc0e334b,9507b9c1f60c6eca9de3df7d113ce8dfeb52214d261f0b3724403325f06f030b,892072,games/h1_prior_panels__direct__180752382__1/RESULT.json,games/h1_prior_panels__direct__180752382__1/replay.jsonl.gz
h1_prior_panels__direct__1856155813__0,h1_prior_panels,direct,1856155813,0,False,True,True,719,192053.0,True,,2026-09-13T21:45:23.984889+00:00,2026-09-13T21:45:26.403100+00:00,2.418241985999998,2.418191508999996,98760,1.2410549670021283,0.0173195880000776,719,c4e1d5f5b089539267619faedeaf38438747e625bb39d7ba5cb414087d6f2f4f,a3ba3ae182e70456d45a90b11a7ce2758d7da1bb0f7c8f3a83159c0863e1a62e,33106c49950dcd49895893c8a3ea85d8108ab071b04b27893037983101f5b707,934034,games/h1_prior_panels__direct__1856155813__0/RESULT.json,games/h1_prior_panels__direct__1856155813__0/replay.jsonl.gz
h1_prior_panels__direct__1856155813__1,h1_prior_panels,direct,1856155813,1,False,True,True,719,179808.0,True,,2026-09-13T21:45:24.360513+00:00,2026-09-13T21:45:26.878909+00:00,2.518400960000008,2.518368377999991,98284,1.2452415559990868,0.01290029599999798,719,aa8a87af7350b2f276b13cb4c010747162599599b443c67be7ea1b7e1422b985,172055fb03d46d68bcbc01a9515e2a8562f30a5fe251a080bafac19aaac79f21,2e7ca0062d338dce8d5078adfef1143bef2f9d5bad464b7298ee20170125c2d7,937273,games/h1_prior_panels__direct__1856155813__1/RESULT.json,games/h1_prior_panels__direct__1856155813__1/replay.jsonl.gz
h1_prior_panels__direct__1948729637__0,h1_prior_panels,direct,1948729637,0,False,True,True,719,231231.0,True,,2026-09-13T21:45:26.405767+00:00,2026-09-13T21:45:28.724621+00:00,2.318856629000038,2.3178723099999843,98760,1.1609970370004703,0.013602279999986422,719,05ea1f7d5db528905f336dd080d989a11b42b949d2e1f912d74872bc8005f2cf,385035c494eacf1df3e82b0564fe201d64eba86cad9a856526a2034b474091d2,9574017c6122e115dd3586ad2e0b0547e2e325420192036c8d147a8d0dae652a,933840,games/h1_prior_panels__direct__1948729637__0/RESULT.json,games/h1_prior_panels__direct__1948729637__0/replay.jsonl.gz
h1_prior_panels__direct__1948729637__1,h1_prior_panels,direct,1948729637,1,False,True,True,719,172000.0,True,,2026-09-13T21:45:26.883553+00:00,2026-09-13T21:45:29.295483+00:00,2.4119315389999656,2.4119149960000072,98284,1.2349699480014351,0.01545176199999787,719,d71fc9786186b3ad30054bc3d37000f8df9f365b4c3ff4989b2fa7b9bc6fe66d,6175e310a034569af0823aedad27fbc3db687c913359a06eb66881be9476e183,3b93777c9c82ba6dcd62fefb25689e19cff613d17fc6614ac315e898e47c987f,925450,games/h1_prior_panels__direct__1948729637__1/RESULT.json,games/h1_prior_panels__direct__1948729637__1/replay.jsonl.gz
h1_prior_panels__direct__2027896586__0,h1_prior_panels,direct,2027896586,0,False,True,True,719,167917.0,True,,2026-09-13T21:45:28.727498+00:00,2026-09-13T21:45:31.030291+00:00,2.3027937870000414,2.302733992999947,98760,1.2108943820006743,0.01436636500000077,719,93bc2492895a3c5f3a3bc6344960ada9203172bff34dce1d68e30c10d70db39d,f22e32f62a68fea652aeb20fee6ac830ea4512fa8ad7d4fc5501e1e47029db5d,222348c83853269026dbd3d83be481baf838241fe27ad6fcf5a84fa422026fd3,908601,games/h1_prior_panels__direct__2027896586__0/RESULT.json,games/h1_prior_panels__direct__2027896586__0/replay.jsonl.gz
h1_prior_panels__direct__2027896586__1,h1_prior_panels,direct,2027896586,1,False,True,True,719,190197.0,True,,2026-09-13T21:45:29.298590+00:00,2026-09-13T21:45:31.745206+00:00,2.4466221249999762,2.4465526259999706,98284,1.2594903559997874,0.016204152999989674,719,26dd7acdd725263255fc24f8f294adf572067a20df887caeefa1bb42cb239ef5,16d89663d07d63b7438ed4e066b384dc42677b659852aafc77f6f032112a80c1,7032e7108b8ab5f3be9d7afc63558a2702c0138f2299c083e3e6f5617ef8a2c0,895185,games/h1_prior_panels__direct__2027896586__1/RESULT.json,games/h1_prior_panels__direct__2027896586__1/replay.jsonl.gz
h1_prior_panels__direct__219026998__0,h1_prior_panels,direct,219026998,0,False,True,True,719,223968.0,True,,2026-09-13T21:44:10.175370+00:00,2026-09-13T21:44:15.448978+00:00,5.273610832000031,5.2689907109999865,98504,2.631983596001078,0.033746995000001334,719,97cbb5a915181db1ddad6d52039766d8fd0cb58ca8cd0f9c71394eed7360d05e,c1eb1a5c58d5545e12975f3a5b3342a1f3392dfec2347998dfce6120af3f7c26,7130d3c417cae2dfff13ba64e2c45184cb8e52bb70c53028b6533efde4b85b78,910425,games/h1_prior_panels__direct__219026998__0/RESULT.json,games/h1_prior_panels__direct__219026998__0/replay.jsonl.gz
h1_prior_panels__direct__219026998__1,h1_prior_panels,direct,219026998,1,False,True,True,719,223968.0,True,,2026-09-13T21:44:10.819399+00:00,2026-09-13T21:44:16.343831+00:00,5.52479250600004,5.52472193700001,98284,2.9295650120016035,0.033434852000027604,719,a1bb1efc56680ff77b4a65356dc0c1e386d1c9f069cdc127b77e94597a87b6b2,e2fb72fa2a1b0fa781e3bc386ea2927ce7b1c3c9715a8014ddc2b25bf217d123,2ded84ea707e29cf9f80367d0daa1ca248060d0dcbb877205bdb10d4158536dd,916774,games/h1_prior_panels__direct__219026998__1/RESULT.json,games/h1_prior_panels__direct__219026998__1/replay.jsonl.gz
h1_prior_panels__direct__28576209__0,h1_prior_panels,direct,28576209,0,False,True,True,719,207171.0,True,,2026-09-13T21:43:54.548061+00:00,2026-09-13T21:44:00.213055+00:00,5.664995435999913,5.664824621999998,98292,2.9525343130001147,0.04967163100002381,719,f164417dac04deae65e345bf1963147752f74ecb38f2ba7735e8e452b045ede5,053aeba9e4bd5724d2880c603021ee0bad74372eafc15a927eea10e3143c3d07,98722e898c04c6ed593f9089b7567ce337bfe447bbc01fa784f06865b788fc69,835798,games/h1_prior_panels__direct__28576209__0/RESULT.json,games/h1_prior_panels__direct__28576209__0/replay.jsonl.gz
h1_prior_panels__direct__28576209__1,h1_prior_panels,direct,28576209,1,False,True,True,719,207171.0,True,,2026-09-13T21:43:59.455058+00:00,2026-09-13T21:44:02.888769+00:00,3.433721711999965,3.4336779489999856,98284,1.8263183969997954,0.0402827249999973,719,ca115d3e59882268c79e17b6598d059bc34b43d48c78e2a5cf14b9ab94a47dd8,ce5b6f45a6242746e56f9e82bf452d658063c32864ace0e0e087949215653257,8f18ab9aebe6f00984ae905fe7b938297af24f40ae57453c84d3e460d7e24fb9,836712,games/h1_prior_panels__direct__28576209__1/RESULT.json,games/h1_prior_panels__direct__28576209__1/replay.jsonl.gz
h1_prior_panels__direct__320211102__0,h1_prior_panels,direct,320211102,0,False,True,True,719,232856.0,True,,2026-09-13T21:44:15.454052+00:00,2026-09-13T21:44:21.859507+00:00,6.405462203999946,6.404766168999998,98504,3.2037319960001014,0.051146004999964134,719,8fbe186ab8ef9c8acd87b3370656903ab8fe434316732f42d9d3419b36841d5b,1574dfac3db169f96ff5ba20270d1c71bc71b981a196e4f673a40bf4b8945c72,2af179ae0913f57a7c7a8b2178ac28f5b29e8e5deac8f25fd047bac794424b44,909233,games/h1_prior_panels__direct__320211102__0/RESULT.json,games/h1_prior_panels__direct__320211102__0/replay.jsonl.gz
h1_prior_panels__direct__320211102__1,h1_prior_panels,direct,320211102,1,False,True,True,719,248606.0,True,,2026-09-13T21:44:16.350200+00:00,2026-09-13T21:44:22.702479+00:00,6.352284685999962,6.352182156000026,98284,3.4243769939988624,0.05937835599991104,719,f1ae3d3a37b28b38a87904d4da1b830c6e3ef6bd969f75b53ec34bdcf81a3288,73e1ca674459914d1e29ddadd16657b3fd302d909841ea77b4df16e86e027bb7,3892354b5843796969c511a14ae77349db34cdb980a76dd12acd751e6e2f7de8,942807,games/h1_prior_panels__direct__320211102__1/RESULT.json,games/h1_prior_panels__direct__320211102__1/replay.jsonl.gz
h1_prior_panels__direct__337943030__0,h1_prior_panels,direct,337943030,0,False,True,True,719,167883.0,True,,2026-09-13T21:44:21.867485+00:00,2026-09-13T21:44:26.816296+00:00,4.948813410000071,4.948105846000004,98504,2.6098896969978114,0.025081130999978996,719,03eb276c63e959dfbc1affe91e43bb793434e836984ebe8555e46640318aa2fa,ea95827c38675474d9b98ae89f9e4ba06d324fb44c1862790babc68fd08c4502,482678376aa9cfcff644a3034e04fe778fd13fe5a4ce51727d7150bc19ea76b0,920965,games/h1_prior_panels__direct__337943030__0/RESULT.json,games/h1_prior_panels__direct__337943030__0/replay.jsonl.gz
h1_prior_panels__direct__337943030__1,h1_prior_panels,direct,337943030,1,False,True,True,719,150142.0,True,,2026-09-13T21:44:22.706984+00:00,2026-09-13T21:44:27.278746+00:00,4.571760153000014,4.571697731,98284,2.4550795719989082,0.032658556000001226,719,8772f93892448ecc9bc3e5e740fd88376e632ecb796c3f1d03396a8e7e35ca51,77de947a57bb8e22c9952bbc1ff3fcb76796a074db481bd4b0c7fa3b3052c678,0a5d9a7facac3d5ecb750588ee2fa9fcc4a494bdf2e5eb47700c3315ece563a4,897991,games/h1_prior_panels__direct__337943030__1/RESULT.json,games/h1_prior_panels__direct__337943030__1/replay.jsonl.gz
h1_prior_panels__direct__370413548__0,h1_prior_panels,direct,370413548,0,False,True,True,719,175538.0,True,,2026-09-13T21:44:26.819754+00:00,2026-09-13T21:44:29.825913+00:00,3.006161190999933,3.001165221000008,98504,1.5498832820013604,0.03975683199996638,719,e025cdd8c68125cd18701b816e30ab1547b8c0d0c19f796a5e8600c6451cb4e8,6fd070956a6b798a9cc835976dd342d79eb95d0565cca9c9012f190da4612806,fc113060b2dfc9034545fd17d416c0a6146fd6771c6bd7f30a31f2213f5f683e,810872,games/h1_prior_panels__direct__370413548__0/RESULT.json,games/h1_prior_panels__direct__370413548__0/replay.jsonl.gz
h1_prior_panels__direct__370413548__1,h1_prior_panels,direct,370413548,1,False,True,True,719,175538.0,True,,2026-09-13T21:44:27.281681+00:00,2026-09-13T21:44:29.939615+00:00,2.6579375799999525,2.657908894000002,98284,1.3702553360009233,0.02421611500005838,719,a878a959fea57c886d355382fb42c5acf9efc135e157c7b4a9def64ce23c01b0,3eb14abc152c2be98b1b5f666546353a7b37af11d9c18494a0643e398dd88468,ba9d122103d022956715b27e4f9ac3eba5dfad445a40fb186e7b494af9f5defd,793172,games/h1_prior_panels__direct__370413548__1/RESULT.json,games/h1_prior_panels__direct__370413548__1/replay.jsonl.gz
h1_prior_panels__direct__383365175__0,h1_prior_panels,direct,383365175,0,False,True,True,719,223613.0,True,,2026-09-13T21:44:29.834245+00:00,2026-09-13T21:44:32.649985+00:00,2.8157388120000633,2.8156535500000075,98504,1.4810445069990692,0.020844655000018975,719,dab2fac521ee7c57825bec06efa032d1bfa680a8a84a89847c596209e066468d,5d9d9f4cbfbd32c221078be8bd62afdf7854232942ddf62bdfca2f2bc291a4a2,1e9a495de9e31459bc1f6f5885ba87b0e1357ecdeb469d0563382f0eebdb2d26,882003,games/h1_prior_panels__direct__383365175__0/RESULT.json,games/h1_prior_panels__direct__383365175__0/replay.jsonl.gz
h1_prior_panels__direct__383365175__1,h1_prior_panels,direct,383365175,1,False,True,True,719,210644.0,True,,2026-09-13T21:44:29.942444+00:00,2026-09-13T21:44:32.391297+00:00,2.448857870999973,2.4488395439999806,98284,1.274423904999935,0.01263664600003267,719,cf844b8a66dc01ead22af5df31c1702d7b8bb7a965472652d750eb6a26c76008,6d9ce20519e62d59c2bba81d524e2373034cb679f400835b5e798c8c65bc5c56,4b52cce3301c382c9795ffb2754e6cd830aaee20af01352366c9869311877c0f,847931,games/h1_prior_panels__direct__383365175__1/RESULT.json,games/h1_prior_panels__direct__383365175__1/replay.jsonl.gz
h1_prior_panels__direct__394509745__0,h1_prior_panels,direct,394509745,0,False,True,True,719,212130.0,True,,2026-09-13T21:44:32.398666+00:00,2026-09-13T21:44:34.728681+00:00,2.3300163479999583,2.3301689319999923,98284,1.1895240449999847,0.012543490999973983,719,5171b413d2c1f14f776c3488a71351ac20416d8ea0032a2920d9c28d7094b2b3,b66eabe80e889fbf7089d88db875e196a341f63a046f7f354a81479b63907d22,a4a9097b10fa7374457ec10b90daa93705177e8624c472f509a68226964918b7,885570,games/h1_prior_panels__direct__394509745__0/RESULT.json,games/h1_prior_panels__direct__394509745__0/replay.jsonl.gz
h1_prior_panels__direct__394509745__1,h1_prior_panels,direct,394509745,1,False,True,True,719,239388.0,True,,2026-09-13T21:44:32.653498+00:00,2026-09-13T21:44:35.109146+00:00,2.455652365999981,2.455501784000006,98504,1.2386458689995834,0.019077997000067626,719,aec1261a3c0e9f1ce0381dfcf8c28e7714076ebb058cb7d6ab40bcafb56275a5,8cf42b7d84b0f8fcf4c9eb7e3920b34f998404371ac3cae4303c699a417a72b8,58659481c63e2c571456716fb5f0197ede17decdfe56d7199c52d5fa6e33f073,892981,games/h1_prior_panels__direct__394509745__1/RESULT.json,games/h1_prior_panels__direct__394509745__1/replay.jsonl.gz
h1_prior_panels__direct__702093297__0,h1_prior_panels,direct,702093297,0,False,True,True,719,218399.0,True,,2026-09-13T21:44:34.731458+00:00,2026-09-13T21:44:38.181846+00:00,3.4503945120000026,3.4424859500000196,98284,1.7514740049991815,0.02073352200000045,719,07690d3ddd000a1199fbd718240dc7f081bb4975db57158ca4a94dcd9ce8478a,b9e434f2e400e7536ee3a750ce648737a2099b10d6ce9f42587bb4ed48e386cd,f35d9df5279f85a045e8af818eaee7c6aaf3beed677b9840e77d9d11d28f29b9,960764,games/h1_prior_panels__direct__702093297__0/RESULT.json,games/h1_prior_panels__direct__702093297__0/replay.jsonl.gz
h1_prior_panels__direct__702093297__1,h1_prior_panels,direct,702093297,1,False,True,True,719,218399.0,True,,2026-09-13T21:44:35.116075+00:00,2026-09-13T21:44:37.971629+00:00,2.8555534260000286,2.850667293999976,98632,1.4259245280012465,0.04125935699994443,719,105859f4832d00b3a1d21a18ff8a4b72cf58c3fe0b82731e4bc1ebd5d40a9839,7ff67326beca038dfea242409df80bc5c95e7c3de69d776406018305d13e146e,f573bc2020d02465898eba45ed60f6c2f9744c521c4d4a0b1268a5884685465a,968013,games/h1_prior_panels__direct__702093297__1/RESULT.json,games/h1_prior_panels__direct__702093297__1/replay.jsonl.gz
h1_prior_panels__direct__766857369__0,h1_prior_panels,direct,766857369,0,False,True,True,719,158359.0,True,,2026-09-13T21:44:37.974098+00:00,2026-09-13T21:44:40.716569+00:00,2.742471145999957,2.7414123070000187,98632,1.4181198990021358,0.0218598800000791,719,f2cf8d38c965e76ce52e049173a2b300f1cfafe6908beb96114f8c35e4d0609a,79ae47e7aad5f021f4a4ba7c2ec0401f3345dc3d4f0139c3d61709f505a94be7,d2e21fd01f562736b07527f68bff40f56f1d0f9737c586e9f50295beffbed89b,900049,games/h1_prior_panels__direct__766857369__0/RESULT.json,games/h1_prior_panels__direct__766857369__0/replay.jsonl.gz
h1_prior_panels__direct__766857369__1,h1_prior_panels,direct,766857369,1,False,True,True,719,158359.0,True,,2026-09-13T21:44:38.185685+00:00,2026-09-13T21:44:40.822322+00:00,2.636638026000014,2.6366139040000007,98284,1.306638153000108,0.014972112000009474,719,b0dfd0381a7132efd3aba32856eaf725c65a2e2e6e3232ce5af355fcdeced8e0,e6cdb6e577c8ee30d58dae4b1115d98a84915e169875f6fa1c35c08a07ee226b,4faf0114074828c707cebe118cf93870ff7703e9c2e57b2fe4640afc342b2318,905854,games/h1_prior_panels__direct__766857369__1/RESULT.json,games/h1_prior_panels__direct__766857369__1/replay.jsonl.gz
h1_prior_panels__direct__833126169__0,h1_prior_panels,direct,833126169,0,False,True,True,719,223735.0,True,,2026-09-13T21:44:40.721013+00:00,2026-09-13T21:44:43.232706+00:00,2.511620255999901,2.5115149209999856,98632,1.2421637060017474,0.017362774000048375,719,70f3be72c1c477b39dacb02524f424a686bf320025a7dd43f6caef19e15eeb5e,2c72f493c4278bb128e7d429977ae378db4a70caf679333f2c8f88aac002e8de,e7c0a47083cc24511ab86497a8c0553cf473af42fa86117ec05fade94233dd1b,911512,games/h1_prior_panels__direct__833126169__0/RESULT.json,games/h1_prior_panels__direct__833126169__0/replay.jsonl.gz
h1_prior_panels__direct__833126169__1,h1_prior_panels,direct,833126169,1,False,True,True,719,223735.0,True,,2026-09-13T21:44:40.826836+00:00,2026-09-13T21:44:45.797620+00:00,4.970786533000023,4.9702931539999895,98284,2.501948743000753,0.03434360099993228,719,6d387863d3ce1dfa7d4c720dbd701f8e3b2549e1416dfe5f89c17626036c8940,2b7e7ef4481198c7dddddb33185bfcdd339db6fcef1adca37a80acc626c49c5c,34116a6a0311df21903fe84491cbad5d977ea4e2b79578e15f512a67315427f8,916304,games/h1_prior_panels__direct__833126169__1/RESULT.json,games/h1_prior_panels__direct__833126169__1/replay.jsonl.gz
h1_prior_panels__direct__967718147__0,h1_prior_panels,direct,967718147,0,False,True,True,719,225664.0,True,,2026-09-13T21:44:43.236389+00:00,2026-09-13T21:44:45.581911+00:00,2.3455242339999813,2.3454096270000093,98632,1.2016120080005521,0.020007456000030288,719,cfd8e7e3e536ef1240cc5830346ab6cbf656c108f21e565b27d5bf46072fc605,693cdb822df30adac8085fd190e51796aade09fe262643f67f34c77dec6ec35a,c8e09ed10cc930d5de22f830910f844c8bb8e4fd6eb0ebcbaa9122acc46cc88d,893089,games/h1_prior_panels__direct__967718147__0/RESULT.json,games/h1_prior_panels__direct__967718147__0/replay.jsonl.gz
h1_prior_panels__direct__967718147__1,h1_prior_panels,direct,967718147,1,False,True,True,719,202950.0,True,,2026-09-13T21:44:45.584698+00:00,2026-09-13T21:44:48.171673+00:00,2.586975614999915,2.586891786999985,98632,1.3459008919996904,0.02843145800000002,719,68a664e8606da578a260bcb4689a4cc6b2809e54f1ac25193f192476b0e6f587,1662998457b96d1a3a35b1aea3053444bd662635c4e2ba8bf13b5d7c83a57933,406f9b79bcb7f63ba1430aa989f63882d49705520b09e9ceace09df033717c80,948114,games/h1_prior_panels__direct__967718147__1/RESULT.json,games/h1_prior_panels__direct__967718147__1/replay.jsonl.gz
h1_prior_panels__direct__979746784__0,h1_prior_panels,direct,979746784,0,False,True,True,719,186412.0,True,,2026-09-13T21:44:45.799799+00:00,2026-09-13T21:44:48.317511+00:00,2.5177176259999214,2.5176985900000375,98284,1.3242312839985289,0.01431736600000022,719,d08d33e1ff124aed7bb13112e198bcb2cf86155fd7995d31099313aa31d34841,3633421dcf7ba345aade9d1029354b543ec04ad570f7c7e69cec3678f08747ea,8c27862fbd48c5dcfee33ff8aaef01155eb550bd1fce0afb7be3305cde3a2ef2,875294,games/h1_prior_panels__direct__979746784__0/RESULT.json,games/h1_prior_panels__direct__979746784__0/replay.jsonl.gz
h1_prior_panels__direct__979746784__1,h1_prior_panels,direct,979746784,1,False,True,True,719,186412.0,True,,2026-09-13T21:44:48.178193+00:00,2026-09-13T21:44:50.810060+00:00,2.631864015000019,2.6297580590000393,98632,1.3706634290016382,0.019611336000025403,719,9cca8225556b99321ed9a3072e385877909ec411f2a75bb3990fc0d9ab668f39,42e055fc1cf67dfae359d1512e0ef0588995bfb1461bde4ab736874fb538303c,36ca1c0c66cc4ed7bb2fd5810229132cfea1d36ccc2027bc4ba327b55c958ea4,866031,games/h1_prior_panels__direct__979746784__1/RESULT.json,games/h1_prior_panels__direct__979746784__1/replay.jsonl.gz
h1_prior_panels__direct__979914492__0,h1_prior_panels,direct,979914492,0,False,True,True,719,164022.0,True,,2026-09-13T21:44:48.320809+00:00,2026-09-13T21:44:50.983816+00:00,2.6630540410000094,2.6630211870000267,98284,1.3929170249998606,0.011551162999921871,719,f6f83a09ea12a52d4f50b8f5f2aedf1abd7f2de08cf807fa1e60ee7e8cc5d293,23113460229c785bce10dd1651d19743eba1cfd146c341304d132ff9c91974c6,59aaf3637b667d17f6d49739f4c878bc3e13b5aa24d8a02ee24be36b11e90a8e,906341,games/h1_prior_panels__direct__979914492__0/RESULT.json,games/h1_prior_panels__direct__979914492__0/replay.jsonl.gz
h1_prior_panels__direct__979914492__1,h1_prior_panels,direct,979914492,1,False,True,True,719,151163.0,True,,2026-09-13T21:44:50.812388+00:00,2026-09-13T21:44:53.205592+00:00,2.3932046769999715,2.3931240489999936,98760,1.2617942529997208,0.022595388000013372,719,bb7e7b7a0f670ec5541b75b848eb646e535e3dbaa6515ef5867be7b04fa76a88,241e855cdf1a2daa2726d412922823dc9b40b53a5708f1c27e9046b14d196d8f,56fe96ba26d5d91763945cb130f80d81433d75a2328d6d923f6eeebb522f495b,899163,games/h1_prior_panels__direct__979914492__1/RESULT.json,games/h1_prior_panels__direct__979914492__1/replay.jsonl.gz
h23_current__capital_reference__1021451513__0,h23_current,capital_reference,1021451513,0,False,True,True,719,209301.0,True,,2026-09-13T21:47:26.234999+00:00,2026-09-13T21:47:29.790544+00:00,3.5555485009999757,3.555100258000003,89640,1.8832923930008292,0.028366019000031883,719,748ac11b7f0aa34c2fdc5f689f85ae4d361b26e2df104174684c7760c6c5c892,008ebe5377f46555b3afdf10901ed3edf289b1232da68b9d6d1318c32f7868cd,fd9d11e198dff0915310d129ed3659b1b1d90cc5746cdf44ad0946547c136f63,908660,games/h23_current__capital_reference__1021451513__0/RESULT.json,games/h23_current__capital_reference__1021451513__0/replay.jsonl.gz
h23_current__capital_reference__1021451513__1,h23_current,capital_reference,1021451513,1,False,True,True,719,209301.0,True,,2026-09-13T21:47:28.781037+00:00,2026-09-13T21:47:32.379243+00:00,3.598211450000008,3.5950318109999984,90060,1.8953827210008285,0.017507236999904308,719,ea95f619b9bfcd2288e8f328419541c9da76bd5546f77d8eee797d06a4c99f16,30646f15dedaaffce9325eeb7ac68f37f9f62687071d7a67111e51ad99be8233,a047c278cab2011c783c885c7034b010e43ebe6af9b7f70db6553bdc878fb911,912663,games/h23_current__capital_reference__1021451513__1/RESULT.json,games/h23_current__capital_reference__1021451513__1/replay.jsonl.gz
h23_current__capital_reference__1040165653__0,h23_current,capital_reference,1040165653,0,False,True,True,719,171853.0,True,,2026-09-13T21:47:29.793935+00:00,2026-09-13T21:47:33.396105+00:00,3.6022071019999657,3.5989906499999975,89640,1.8815982879968942,0.028270245999920007,719,a70e7a2d753a63b66534ee3f717fb1d32459036d33c2c8a1280211ba956b09c8,995516365aaf37f91b8e2c788b7fc7dc2eb07dc50edfa51e26ac3c2674ab592a,a9fb2acb573a6f7347ada09198d62bd0ed1caeb8ee4b0c9732ec1764d9fd65e8,961551,games/h23_current__capital_reference__1040165653__0/RESULT.json,games/h23_current__capital_reference__1040165653__0/replay.jsonl.gz
h23_current__capital_reference__1040165653__1,h23_current,capital_reference,1040165653,1,False,True,True,719,171853.0,True,,2026-09-13T21:47:32.382787+00:00,2026-09-13T21:47:35.993238+00:00,3.610455960999957,3.588628361000005,90060,1.9122297639995622,0.036762705000001006,719,0351ec3acf9cdc80ab2e64e6fe6d777c644c4d654db316c08e7897b6fadf3f35,1fdea05cd4ac4a8b43235099ca7d1af8fd826aa4548d5f0bd369359cb1487e49,cb7a32d3663a7782a42738d28fb6c54ae36557e5907647f418bf58e580afd1b5,968172,games/h23_current__capital_reference__1040165653__1/RESULT.json,games/h23_current__capital_reference__1040165653__1/replay.jsonl.gz
h23_current__capital_reference__1047284227__0,h23_current,capital_reference,1047284227,0,False,True,True,719,151898.0,True,,2026-09-13T21:47:33.400093+00:00,2026-09-13T21:47:36.956708+00:00,3.5566189269999313,3.5361839379999935,89768,1.933845810999287,0.029856369999947674,719,5cc38f67c5fa8c794256b92d19c477142fd639ffd5fd1317cc1e0745195b26c8,cd4f59de7e0331f9db9c35c5a73a46a68d4f679377d668f9822ba2f9ef8c0a95,8433c21bafdef03be74a7eda986dac37aa7277e1a5a5ec413dc18bc30eee14bc,874515,games/h23_current__capital_reference__1047284227__0/RESULT.json,games/h23_current__capital_reference__1047284227__0/replay.jsonl.gz
h23_current__capital_reference__1047284227__1,h23_current,capital_reference,1047284227,1,False,True,True,719,151898.0,True,,2026-09-13T21:47:35.997067+00:00,2026-09-13T21:47:39.460482+00:00,3.4634194149999757,3.463278848999991,90188,1.8803994310015923,0.016362039999989975,719,28722f39d3a2c9bfd3c450047dfc8f103a467a141424714c5c399fd0a653a641,5c438beac1fba76a534367d08f2adb14823a56f5c51a732ed4d38ca7afc8bf91,508ce7c0dbc0e8a0424042c8b2765be7b8c1d85dfcb254121c439a4cff900ffb,850265,games/h23_current__capital_reference__1047284227__1/RESULT.json,games/h23_current__capital_reference__1047284227__1/replay.jsonl.gz
h23_current__capital_reference__1338192299__0,h23_current,capital_reference,1338192299,0,False,True,True,719,231225.0,True,,2026-09-13T21:47:36.960211+00:00,2026-09-13T21:47:40.406750+00:00,3.4465436870000303,3.446122998000007,89768,1.8756820739993145,0.02459381200003463,719,341a1d094142b31ca1b96e966ccbc1d5d93326a54778d7008af549bbc9cdf9ab,ca51d96f161bad85a7928d0800f082dc811f4b1b8405a80b7c98a661e190976c,2296d8d9865236985687c4e43dc8f57e22387b935998713c16f680033c9c5e14,852977,games/h23_current__capital_reference__1338192299__0/RESULT.json,games/h23_current__capital_reference__1338192299__0/replay.jsonl.gz
h23_current__capital_reference__1338192299__1,h23_current,capital_reference,1338192299,1,False,True,True,719,241553.0,True,,2026-09-13T21:47:39.464493+00:00,2026-09-13T21:47:43.254070+00:00,3.7895788710000033,3.789282159999999,90188,2.005890822998026,0.020985090999943168,719,2bbe4ac457c06687d23070a92c1c70d8bd898810db8d2be756efe3bf2cafa279,1daf7a4f453430c6dea2f88fb7953485ac1f9a8c158b80c8721f5aeadc4e5e24,2ffa3eaaf6e9ab4d600e12fac4bde70ad801d71cd4f185e06c7b2be60c39db90,855316,games/h23_current__capital_reference__1338192299__1/RESULT.json,games/h23_current__capital_reference__1338192299__1/replay.jsonl.gz
h23_current__capital_reference__1662960166__0,h23_current,capital_reference,1662960166,0,False,True,True,719,229609.0,True,,2026-09-13T21:47:40.409839+00:00,2026-09-13T21:47:44.211770+00:00,3.8019357360000186,3.8015722479999994,89768,2.014279002997341,0.019341967000059412,719,88bd744cb6d038deecbf62bc5aaea8c4d2cacd57730b7b1e944760f4fb3215b6,04f541affc67c03565fd46931381cb9e44fefdb0086edee9ece283dd75baa89f,74457f4ec0386bc66b5bfd3027beb010255e5e65a0bb98c14c03984663b2d460,864836,games/h23_current__capital_reference__1662960166__0/RESULT.json,games/h23_current__capital_reference__1662960166__0/replay.jsonl.gz
h23_current__capital_reference__1662960166__1,h23_current,capital_reference,1662960166,1,False,True,True,719,235668.0,True,,2026-09-13T21:47:43.258036+00:00,2026-09-13T21:47:46.651644+00:00,3.393525042999954,3.393380508000007,90188,1.8269877100000258,0.015046486000073855,719,e0f4edf18cdaa79248ed85bb2a128f5908d48cf30cadf14976ed53579556c353,747ecadd4df8f4176658b6ad7e6a7dbeb155e0ec801e6af2a08c0f0071234f69,b2200630672b0fe17601ff8a27a469eb8951f988f82affde23a56f3bc52617f8,818936,games/h23_current__capital_reference__1662960166__1/RESULT.json,games/h23_current__capital_reference__1662960166__1/replay.jsonl.gz
h23_current__capital_reference__1672479867__0,h23_current,capital_reference,1672479867,0,False,True,True,719,205592.0,True,,2026-09-13T21:47:44.215497+00:00,2026-09-13T21:47:47.601366+00:00,3.3858753839999736,3.3856913959999986,89768,1.814656733999982,0.012710176000041429,719,3f46ef1d2e6c92e0b9f0a98828c561134aa68fac15c3263988eb446a8df904ff,249618b568f2df95c0cd73db5442560c9c642d6e1a18300297813b6c4684e016,acec52949c05b4f1383a2078b79ce60b3446b4cec1403f9875559bc94b7f05e5,871135,games/h23_current__capital_reference__1672479867__0/RESULT.json,games/h23_current__capital_reference__1672479867__0/replay.jsonl.gz
h23_current__capital_reference__1672479867__1,h23_current,capital_reference,1672479867,1,False,True,True,719,207370.0,True,,2026-09-13T21:47:46.654863+00:00,2026-09-13T21:47:50.075652+00:00,3.42079356499994,3.4204865220000045,90188,1.822458604000417,0.016260665000004337,719,b1a6d36145a7e893fcaaa71ebfea7022c50b8546fc550693cb20d9923babb74b,306360ed1faffa4454303c6fd2e589bee3caf8a2e5a190ffbf19c7e204112716,c16de9668423071c815b2b967ee3d916eae607b54498d1f3287540808109c40a,874578,games/h23_current__capital_reference__1672479867__1/RESULT.json,games/h23_current__capital_reference__1672479867__1/replay.jsonl.gz
h23_current__capital_reference__1674798194__0,h23_current,capital_reference,1674798194,0,False,True,True,719,218696.0,True,,2026-09-13T21:47:47.604808+00:00,2026-09-13T21:47:50.952962+00:00,3.3481559719999723,3.3479153149999945,89768,1.7813020299980735,0.017112404999920727,719,de345dccfcce498b6beb41674df2d26b33537438b33cb076fdccc6558c564ed4,9d0515722e5a7241374b7dfa44629ff04b644b694a1c68f1e31f282f65aa70ee,033880e9f3598a1d1040ef477b3d1e4d6722d6d330079b1a9e6a418e861b7e79,828613,games/h23_current__capital_reference__1674798194__0/RESULT.json,games/h23_current__capital_reference__1674798194__0/replay.jsonl.gz
h23_current__capital_reference__1674798194__1,h23_current,capital_reference,1674798194,1,False,True,True,719,218696.0,True,,2026-09-13T21:47:50.078970+00:00,2026-09-13T21:47:53.455039+00:00,3.3760723929999585,3.375903244,90188,1.7777976769992847,0.018404412999984743,719,3dabea49a0a0b82b49fa632050409dfd393c4030938cacc1df9739d42c4b8d00,576c1ae3768505890a2d717beba290f6998195fc4bb87f2b6317ad1431857e0a,fc35eddb4de9364d786628a570a5bdab8384355ed4d3ae109b079bfb0fd97024,825982,games/h23_current__capital_reference__1674798194__1/RESULT.json,games/h23_current__capital_reference__1674798194__1/replay.jsonl.gz
h23_current__capital_reference__2020048658__0,h23_current,capital_reference,2020048658,0,False,True,True,719,184478.0,True,,2026-09-13T21:47:50.955910+00:00,2026-09-13T21:47:54.358990+00:00,3.403087461000041,3.4030478020000032,89768,1.829494037997847,0.019885520000002543,719,6ccf6d6f27ccd935e7b05d7ed62ea1e7c59e579ebdd3991af185d718238bb2b9,7b92c6b1bf4c32b5305e0f95cf4a8a920e6983946560a9bb9d2c74a6e31add66,861d775658829ae9c3091a85d159835bd15263d16fe073187c8b65aca35f5c8a,843516,games/h23_current__capital_reference__2020048658__0/RESULT.json,games/h23_current__capital_reference__2020048658__0/replay.jsonl.gz
h23_current__capital_reference__2020048658__1,h23_current,capital_reference,2020048658,1,False,True,True,719,186266.0,True,,2026-09-13T21:47:53.458219+00:00,2026-09-13T21:47:56.862577+00:00,3.4043597479999335,3.404069949999993,90316,1.813078808000114,0.015006975000005696,719,ae0b857bcdef1390968ae1ec1cbc6c8b4d5330ce2ff0c0ac1546fc2d6d0a7e83,34d49e07acba0f30a0fcdae22b4438041e8deaeac39ec3ce08b1d355a1c08e89,f2bc782fdde96f88fe4ae8cac1171f14c2faa5cd79cbc3386636cce75ccb6812,849592,games/h23_current__capital_reference__2020048658__1/RESULT.json,games/h23_current__capital_reference__2020048658__1/replay.jsonl.gz
h23_current__capital_reference__2052836158__0,h23_current,capital_reference,2052836158,0,False,True,True,719,197318.0,True,,2026-09-13T21:47:54.362515+00:00,2026-09-13T21:47:57.678608+00:00,3.316096966000032,3.3160617320000085,89768,1.805029982000292,0.01524326900005235,719,18c601c428774a3762c7ca8ef680cc33ced0097f28b63e700d0fee9023e35882,22d919a6cc9ddf38e8e42171530bc39fe1a879d3cd573638777c6f086bfc3f00,8dbeaa8bd51c4b3ccb7df7f2c9626591d6baafd0c31a6a8462036d8623d7865d,774323,games/h23_current__capital_reference__2052836158__0/RESULT.json,games/h23_current__capital_reference__2052836158__0/replay.jsonl.gz
h23_current__capital_reference__2052836158__1,h23_current,capital_reference,2052836158,1,False,True,True,719,197318.0,True,,2026-09-13T21:47:56.866020+00:00,2026-09-13T21:48:00.534804+00:00,3.6687923619999765,3.668604584999997,90316,1.97667585299871,0.043600814000001265,719,58819ae3e2e941a21eda765c839608176504938cba457b91c53d14e55867f140,1d9f4d1ad6ef618fc2b33075e2caee9739f0deda5f675b079c5d61fc98e93baf,64def4ee695552eead26115816f5c78a5a953978a7725be87361a50471388e65,768990,games/h23_current__capital_reference__2052836158__1/RESULT.json,games/h23_current__capital_reference__2052836158__1/replay.jsonl.gz
h23_current__capital_reference__2110715130__0,h23_current,capital_reference,2110715130,0,False,True,True,719,178113.0,True,,2026-09-13T21:47:57.681621+00:00,2026-09-13T21:48:01.501629+00:00,3.820014252999954,3.8199536249999966,89896,1.9231596350018663,0.02327462599998853,719,8f10ad2185a6fbd6326751f6eff7f9c32ac1e1beee0cc02d68410636979379fc,d995778bfbb7b06f344bf94b975868c600c08d74e50cc272f2cb081efc47cd9b,41cb723dda4da4ffbbe9a1d0d0b51fc37ba7037a35e3e8120595895d13573acb,894482,games/h23_current__capital_reference__2110715130__0/RESULT.json,games/h23_current__capital_reference__2110715130__0/replay.jsonl.gz
h23_current__capital_reference__2110715130__1,h23_current,capital_reference,2110715130,1,False,True,True,719,185314.0,True,,2026-09-13T21:48:00.537998+00:00,2026-09-13T21:48:02.740774+00:00,2.202774829999953,2.202652975999996,90316,1.17334965999828,0.010459248999950432,719,6daf383781a63946150cc286869d747b1c0bea20c004c355f902fb767e2a3f93,6bafc1064877d6b6c171908ef05103eb58e9d91f6be014bc29cb0961d3b68852,8c221ec9025ae7cd0bd4d8463624fecd3c0e2695871419bf44734e68bca9d403,890505,games/h23_current__capital_reference__2110715130__1/RESULT.json,games/h23_current__capital_reference__2110715130__1/replay.jsonl.gz
h23_current__capital_reference__28846738__0,h23_current,capital_reference,28846738,0,False,True,True,719,251105.0,True,,2026-09-13T21:47:08.844149+00:00,2026-09-13T21:47:11.210706+00:00,2.366558224999949,2.365878321000004,89640,1.238180449999163,0.01675992299999507,719,f2ce1e14978023b1b77d6a45a3fcdd05cf35846ef0517b5ecc8530b262ffd3db,b5d7d25abbeba1f79d9c81d5eb038daf5094382c123559c80850d7c8a73206b8,ba7fc266c54145d400943e021fd5daba6ec636ab1d4fc910307082acb8348f79,801010,games/h23_current__capital_reference__28846738__0/RESULT.json,games/h23_current__capital_reference__28846738__0/replay.jsonl.gz
h23_current__capital_reference__28846738__1,h23_current,capital_reference,28846738,1,False,True,True,719,251105.0,True,,2026-09-13T21:47:10.754477+00:00,2026-09-13T21:47:13.101147+00:00,2.3466739149999967,2.3462498450000027,89932,1.2252140179983826,0.018493121000005885,719,de8769da17a29e9455e883f39546711abfdb4ecf2b3bc55db2529731ead3a61b,2d1d6b157da9289854c538d1bf5cf767143898af3fcf78f8962d108aee6b48e8,c65fdc7b0617c8ca5d31c9475958d661a2a681560e7a9dddd66418f6ed758dd1,802349,games/h23_current__capital_reference__28846738__1/RESULT.json,games/h23_current__capital_reference__28846738__1/replay.jsonl.gz
h23_current__capital_reference__420997839__0,h23_current,capital_reference,420997839,0,False,True,True,719,224598.0,True,,2026-09-13T21:47:13.597893+00:00,2026-09-13T21:47:15.946342+00:00,2.348449561000052,2.3484147880000066,89640,1.1687209379998649,0.017179814999963128,719,853fe4870f5ff4784dedc53181ac641d6f8ce8a667acecde6b92dcce76e639af,d32443db7f50016937e87c9cfd27a8a3eb18cc1097869f92f15d8cc0eaf17ecc,bd09e87a15f6ed2278ae485eb84b5b7e661200981936792dc771e2e2c8d88a89,784280,games/h23_current__capital_reference__420997839__0/RESULT.json,games/h23_current__capital_reference__420997839__0/replay.jsonl.gz
h23_current__capital_reference__420997839__1,h23_current,capital_reference,420997839,1,False,True,True,719,214431.0,True,,2026-09-13T21:47:15.307390+00:00,2026-09-13T21:47:17.730496+00:00,2.4231067759999405,2.4230097570000027,89932,1.2631568559984316,0.018276661999948374,719,65bb93cdf7c626a4bb94a739a8bb5222361048891ca0988fc70c1ed482607c36,8e4bb552ddde48dc8618bfb7319dc804918528eee771dfddcbea841adb7a57ed,23623730203cdc22fba747a85cb606ead3d8f323d951c2ba9920360fc824eeb3,802955,games/h23_current__capital_reference__420997839__1/RESULT.json,games/h23_current__capital_reference__420997839__1/replay.jsonl.gz
h23_current__capital_reference__450201982__0,h23_current,capital_reference,450201982,0,False,True,True,719,192531.0,True,,2026-09-13T21:47:15.949005+00:00,2026-09-13T21:47:18.369674+00:00,2.4206695469999886,2.420655663000005,89640,1.2108825619997106,0.017365435999977308,719,e8f5f873b76279d1c63cc6ed9dfee72038da882a8012227b3a3343581e1d823c,800731942b6486bc13e705c93691fbd29045702aea02a485398bc17ecc4cf6b8,926cd3a28dba438ce8299ac4022a26dd847c42cfd908b69365e33a4709f9f5a5,882659,games/h23_current__capital_reference__450201982__0/RESULT.json,games/h23_current__capital_reference__450201982__0/replay.jsonl.gz
h23_current__capital_reference__450201982__1,h23_current,capital_reference,450201982,1,False,True,True,719,189166.0,True,,2026-09-13T21:47:17.734071+00:00,2026-09-13T21:47:21.168518+00:00,3.434455944000092,3.4336882080000066,89932,1.8481279300018514,0.041792711999960375,719,5b6ae771d8fb26cf97fe5abf80fc929eacb705deb65329e11ad3e2cb658f7843,3f8eae70079bcb1577d1b578af4a322d824698681e0ae1f8bdde26153e45238c,9baf902b7511fde4205c0dc6c4e4087114b55522c7ead20f203430ca53a0d994,823157,games/h23_current__capital_reference__450201982__1/RESULT.json,games/h23_current__capital_reference__450201982__1/replay.jsonl.gz
h23_current__capital_reference__742425277__0,h23_current,capital_reference,742425277,0,False,True,True,719,237518.0,True,,2026-09-13T21:47:18.372265+00:00,2026-09-13T21:47:22.561738+00:00,4.189478259999987,4.165093386999999,89640,2.169445488000406,0.03214517099991099,719,ecb49081b02dd8cd1101419cb0d963b9bc43189b6d04247f4d658be85414bc5f,3f37adf307b66bbb4b4f2b9754e1f2e58194931f683226ba012d108a96331cdf,97a53fcc14e993e4e8e8c4eb65866c514ba3ebaa22adc4b8c10584ab5677cc02,841289,games/h23_current__capital_reference__742425277__0/RESULT.json,games/h23_current__capital_reference__742425277__0/replay.jsonl.gz
h23_current__capital_reference__742425277__1,h23_current,capital_reference,742425277,1,False,True,True,719,171453.0,True,,2026-09-13T21:47:21.175383+00:00,2026-09-13T21:47:25.276954+00:00,4.101572058999977,4.072152349999996,89932,2.180046958002208,0.01792328799990628,719,ba78d224a649fd304f9f6e9966f345ff5f3fec1d643eb4515b68cfea72761962,a97abd2888ce054622c81a0283c58b7426597b37b7980572f73f8bf2bd7d7eed,cf0d454162fd5fb0f78c37b08e3e6f95601cf147dfcff586e8cebd4c75a9d4e5,890361,games/h23_current__capital_reference__742425277__1/RESULT.json,games/h23_current__capital_reference__742425277__1/replay.jsonl.gz
h23_current__capital_reference__810644906__0,h23_current,capital_reference,810644906,0,False,True,True,719,242009.0,True,,2026-09-13T21:47:22.564794+00:00,2026-09-13T21:47:26.231933+00:00,3.6671469760000264,3.647350215000003,89640,1.987195578999149,0.07221279800000957,719,5f00537fbd444c65717533c72384e96df650046c3e7d930a39e5e8218936b1ae,4cecbf8c2faf6c02d2df965539832b9e0751cabb4796a96944f9ba08f30d2d26,d079a4cdaad1596718b9666ac9777caa9e02ca7c1dac4cf953e3e6557f1344d2,818291,games/h23_current__capital_reference__810644906__0/RESULT.json,games/h23_current__capital_reference__810644906__0/replay.jsonl.gz
h23_current__capital_reference__810644906__1,h23_current,capital_reference,810644906,1,False,True,True,719,240568.0,True,,2026-09-13T21:47:25.280836+00:00,2026-09-13T21:47:28.777837+00:00,3.4970079710000164,3.4965942160000054,89932,1.884870273000388,0.033160527000063666,719,8a59ef7a65ae0f9a2bf9355b3729e125efd6eab6f50f8336b6b1a06bb8581f5e,9bca6c945c2e6223c679342e9216851ab9ac1e5038faf97af8a63bfeb53b4b93,eb760317be57839be243c511154d70c75d709e379faa05fc6bda32405565063d,817972,games/h23_current__capital_reference__810644906__1/RESULT.json,games/h23_current__capital_reference__810644906__1/replay.jsonl.gz
h23_current__capital_reference__94002826__0,h23_current,capital_reference,94002826,0,False,True,True,719,189827.0,True,,2026-09-13T21:47:11.213524+00:00,2026-09-13T21:47:13.593920+00:00,2.380397574999961,2.380380038999995,89640,1.2989702220014578,0.015410065999958533,719,b7ef673b56ef3ac0b079aafc910e2f59f30b38bb501d734bdb2cbff4642fe124,87e7ceb75b997dca3b1464a3d36f2186f0256fb38b33df47457ca74f5af8fd38,f8c79df41c54905e84ee10b229d5163a6536f3cdc7d8444f77707d978efce909,812787,games/h23_current__capital_reference__94002826__0/RESULT.json,games/h23_current__capital_reference__94002826__0/replay.jsonl.gz
h23_current__capital_reference__94002826__1,h23_current,capital_reference,94002826,1,False,True,True,719,190773.0,True,,2026-09-13T21:47:13.103819+00:00,2026-09-13T21:47:15.297989+00:00,2.1941723009999805,2.194044421000001,89932,1.1174526699988974,0.016965299000048617,719,0478c0a25d3401f86ac35eb7f73f3cc2996d38cbea06ca8ff37219e766a3c58b,acc4197e81408494c54d2145b1785b30651e6bb0958f6e822d9d8b113a29ed71,fefb3200c50f792d054239dc23cae59bdbeb519ac435a6deb8cb8e2dd537a416,812219,games/h23_current__capital_reference__94002826__1/RESULT.json,games/h23_current__capital_reference__94002826__1/replay.jsonl.gz
h23_current__exposure__1021451513__0,h23_current,exposure,1021451513,0,False,True,True,719,163102.0,True,,2026-09-13T21:46:43.611788+00:00,2026-09-13T21:46:46.008239+00:00,2.396454546999962,2.3962682190000013,88384,1.2321053609986166,0.022038645000066026,719,84353e1c128947d6c729ea32dcf55d9b4e1ac4a47c4ca96e235c258c4b3a0170,98ac70670f9ca928ae0661ff1877883ef426ffcf355e6932f15f5a7d81478c79,d06aafc9213d7b2883e10042773ff548d0fc404b238bc7e00f0a33d81fc9b657,895984,games/h23_current__exposure__1021451513__0/RESULT.json,games/h23_current__exposure__1021451513__0/replay.jsonl.gz
h23_current__exposure__1021451513__1,h23_current,exposure,1021451513,1,False,True,True,719,163790.0,True,,2026-09-13T21:46:44.999192+00:00,2026-09-13T21:46:48.023706+00:00,3.0244752199999994,3.024384898000001,88384,1.578235178,0.028800596999985828,719,cf0a7daadc13e02f505c6bb283172d5eeb9830f8cfe457f6ee92410c7a135063,d09982e4e90cd65e7256ec7e6db0e8c554126dd78324c107d80612689f754408,657ebbc8e34f1270626c8992a40446010b603b060c0a4269bd74b9a7a231f9c2,909453,games/h23_current__exposure__1021451513__1/RESULT.json,games/h23_current__exposure__1021451513__1/replay.jsonl.gz
h23_current__exposure__1040165653__0,h23_current,exposure,1040165653,0,False,True,True,719,217205.0,True,,2026-09-13T21:46:46.010965+00:00,2026-09-13T21:46:48.822420+00:00,2.8114598470000374,2.8113803360000027,88768,1.2496267890008994,0.01150773200004096,719,fe19e131ab6fcc3b3316abf670a5ff9a233e88c90a417f597bdbe9a28eb233a9,36f5918544ed1b54a8fdb52b9a8f7a28934ab49341dde1057375777d17c4bd33,d34d1164811d791f107fb79a9090ec50cae5574e4d7c9ccbb485b423d1b34191,926440,games/h23_current__exposure__1040165653__0/RESULT.json,games/h23_current__exposure__1040165653__0/replay.jsonl.gz
h23_current__exposure__1040165653__1,h23_current,exposure,1040165653,1,False,True,True,719,172042.0,True,,2026-09-13T21:46:48.028575+00:00,2026-09-13T21:46:51.239722+00:00,3.211149553000041,3.2110584919999994,88640,1.3847425870009147,0.02265851599997859,719,1d9b668e07e134ea9523c2678f76248b918b0547885939653627c0fd04072440,87cc3c306632bb3d9f8632fbd3e99c884047435d93a97e0244d6239cb10d73bd,600d45c19b387a5e09171058f63b5b73dc37ef5d401ddd9c70737a490bfceb35,911437,games/h23_current__exposure__1040165653__1/RESULT.json,games/h23_current__exposure__1040165653__1/replay.jsonl.gz
h23_current__exposure__1047284227__0,h23_current,exposure,1047284227,0,False,True,True,719,156608.0,True,,2026-09-13T21:46:48.825818+00:00,2026-09-13T21:46:51.281716+00:00,2.4559002629999895,2.4558616549999996,88768,1.2890839859998096,0.015327456999898459,719,26d4b59c768c9a151614cedb1984b8caf4aed6387cf1a6bcd4e594fb31f8fe2a,bffa77b160b1821ea8ce32b6f92eb9a6c149a0d7569fc31d5dd1bb46cdd9857f,a54e3a1b62745e782de03725da993c5636a41dc6da31f8b4d91eb75641148ce1,885160,games/h23_current__exposure__1047284227__0/RESULT.json,games/h23_current__exposure__1047284227__0/replay.jsonl.gz
h23_current__exposure__1047284227__1,h23_current,exposure,1047284227,1,False,True,True,719,156164.0,True,,2026-09-13T21:46:51.242280+00:00,2026-09-13T21:46:53.743006+00:00,2.5007263859999966,2.500687971999998,88640,1.2987641729987445,0.01161814299996422,719,a0805a3286dbe898708bcb31600b316d2ea9799f592d0d57f5f21f0491ec3d11,6742bf3661c2bb29f290dca119423c317900928745215897f8805a15a152eb92,d533dbb1d159c9d2211027efdf61c47f460fec52f8c6e442564b4525274ce57f,871995,games/h23_current__exposure__1047284227__1/RESULT.json,games/h23_current__exposure__1047284227__1/replay.jsonl.gz
h23_current__exposure__1338192299__0,h23_current,exposure,1338192299,0,False,True,True,719,214339.0,True,,2026-09-13T21:46:51.285375+00:00,2026-09-13T21:46:53.612816+00:00,2.3274454169999217,2.3273909810000006,88768,1.2285964620010645,0.016043305999914992,719,377edca9303450424896562b442e200cabdf2ddaa3f16db6bb2305e60bff6858,99efebb5fcce44c5636f0005a38be19c2f43c8a912ca8e781e1e854288ddaf32,a9ab7913bc36b43ac3e0331d496ed1e379e3b8de41c267aced6a829f3553ae07,799408,games/h23_current__exposure__1338192299__0/RESULT.json,games/h23_current__exposure__1338192299__0/replay.jsonl.gz
h23_current__exposure__1338192299__1,h23_current,exposure,1338192299,1,False,True,True,719,218413.0,True,,2026-09-13T21:46:53.615303+00:00,2026-09-13T21:46:56.020791+00:00,2.4054948959999365,2.405427273000001,88768,1.244656976999181,0.016925517999993644,719,5b9d654fb98bce66b206309288acaf243e4bd8f7606a01b732dff98a64ee3a1c,959a89af591a352866e1705f9b4d05eeddebf23fa0b3bc6f14f03d383186c6b3,0eb3b5107c3cc848e55e3b6f131fc253b94517fa57b4d9cf2618376546f4caac,882884,games/h23_current__exposure__1338192299__1/RESULT.json,games/h23_current__exposure__1338192299__1/replay.jsonl.gz
h23_current__exposure__1662960166__0,h23_current,exposure,1662960166,0,False,True,True,719,274536.0,True,,2026-09-13T21:46:53.745461+00:00,2026-09-13T21:46:56.168013+00:00,2.4225565100000495,2.4225408060000007,88640,1.2404670660008605,0.0152109030000247,719,77724caec831db3d11d474d024dc60db22178fdc68302f21e7ba5f44c6752f78,34808e6ed6cc6f05d1bf548ed25bb3a51040948282e8462043525f83a03b5e75,b2d801b2e03deaf503b79d79beea089d93daf06dd163e01409604ba8ab7c67d3,823368,games/h23_current__exposure__1662960166__0/RESULT.json,games/h23_current__exposure__1662960166__0/replay.jsonl.gz
h23_current__exposure__1662960166__1,h23_current,exposure,1662960166,1,False,True,True,719,283893.0,True,,2026-09-13T21:46:56.023521+00:00,2026-09-13T21:46:58.489884+00:00,2.4663672379999753,2.466288716000001,88768,1.3050633619996006,0.01619853099998636,719,1a988b3c712374a56e3c2b365a1ca865b44f3dd1e7030c330356dfbc4d2de238,67f15009d85b7bd3a82932b8fdea89058f65b4c5a665253885095c747e9a160e,c683156d01ed0c8bc4529a6cbc1aafb6d8aea66e0ffa347ce5295a24e0c6066e,868353,games/h23_current__exposure__1662960166__1/RESULT.json,games/h23_current__exposure__1662960166__1/replay.jsonl.gz
h23_current__exposure__1672479867__0,h23_current,exposure,1672479867,0,False,True,True,719,141489.0,True,,2026-09-13T21:46:56.170650+00:00,2026-09-13T21:46:58.744406+00:00,2.5737566789999846,2.573732647,88640,1.310894787999132,0.014301166999985071,719,62192f536081cb70af28a3293e74ee29ae9bde36b479229625d955854ee49548,66b2f78c037112e2da7f1edbe8fc4f19c0f86b899ba2c8d8c0f229108595f8b5,41582890e7062bf0f45acb0689b508939e79e964f07c9b3bf05822a9207f1cd3,893067,games/h23_current__exposure__1672479867__0/RESULT.json,games/h23_current__exposure__1672479867__0/replay.jsonl.gz
h23_current__exposure__1672479867__1,h23_current,exposure,1672479867,1,False,True,True,719,185854.0,True,,2026-09-13T21:46:58.493364+00:00,2026-09-13T21:47:01.003537+00:00,2.510177068999951,2.5100560709999975,88768,1.2616066249994446,0.019190103000028103,719,a776085d68d60b893a0c8c3fa68f1535bc815818a8f77a9caa40a0a2ecc19837,b34dcac787b5347a3a8c37ffd2acc5c95d9b168a38c9594fd6a96d0b0ed4ade5,3c2c0820e5830ebceb118772bcecdc0d2e8b61df612feb3c8fd4a57323e66e26,955957,games/h23_current__exposure__1672479867__1/RESULT.json,games/h23_current__exposure__1672479867__1/replay.jsonl.gz
h23_current__exposure__1674798194__0,h23_current,exposure,1674798194,0,False,True,True,719,170486.0,True,,2026-09-13T21:46:58.746660+00:00,2026-09-13T21:47:01.326359+00:00,2.579713097000081,2.579699705000003,88640,1.3072706280008788,0.01969074900000578,719,39547b2a508cb613f975afe679d6c1074809e32b4af38cf4f0518af10bc44f80,f04e641a989d121659a3d799521c008a19da7c7316b2a8256cf6c3f87be2ac1e,a2df82c4560341fdbc5c7507713f0b41e81e0a41ef4814bce6fa6589f725857b,908866,games/h23_current__exposure__1674798194__0/RESULT.json,games/h23_current__exposure__1674798194__0/replay.jsonl.gz
h23_current__exposure__1674798194__1,h23_current,exposure,1674798194,1,False,True,True,719,201657.0,True,,2026-09-13T21:47:01.006467+00:00,2026-09-13T21:47:03.511958+00:00,2.505493908999938,2.505430726,88896,1.2520499400013705,0.04966260499998043,719,2cee0342e803684981dc087d0549e17c38d1742b686ca0e48d2e75fdbf961ff1,70d416727ead4bd65ae7ab95d6e532b814d63a97ae4adebfff96239b097035ce,4cf37b3f41d118f08abcb51943d05759651c30cb100dc92bc3ba13abe3fc48a5,928263,games/h23_current__exposure__1674798194__1/RESULT.json,games/h23_current__exposure__1674798194__1/replay.jsonl.gz
h23_current__exposure__2020048658__0,h23_current,exposure,2020048658,0,False,True,True,719,184743.0,True,,2026-09-13T21:47:01.329401+00:00,2026-09-13T21:47:03.815416+00:00,2.4860154059999786,2.485970793,88640,1.2393248029990218,0.02218850700000985,719,b700bd43ea75a2835ba310a437476a4fe7d2303d1b894c13eabb09f81e3c75cf,6ce3f030d3799236ad0b4f24d1d9151edbf7e765313685d1f5e9a038146d196c,ef75eb1e0d0b393f5f1450aa45540195ce4a67035300cfe3c38598d5bc0f425e,888286,games/h23_current__exposure__2020048658__0/RESULT.json,games/h23_current__exposure__2020048658__0/replay.jsonl.gz
h23_current__exposure__2020048658__1,h23_current,exposure,2020048658,1,False,True,True,719,183553.0,True,,2026-09-13T21:47:03.516695+00:00,2026-09-13T21:47:05.978041+00:00,2.461344521000001,2.460939707999998,88896,1.2556312060006576,0.019773435000047357,719,834e92aecaf6ab699d0b0f53aec22c8d089277dc04528a54c510a2fac358bca6,c3d87a74b63f42563d9cbe005f962c39f62867598fd0a4fa2883efd3afd1f6ea,bb3f6508272dd8cdfac67c426501bcc529df5149dac9e00c1b15591b3ed6ead5,900085,games/h23_current__exposure__2020048658__1/RESULT.json,games/h23_current__exposure__2020048658__1/replay.jsonl.gz
h23_current__exposure__2052836158__0,h23_current,exposure,2052836158,0,False,True,True,719,193238.0,True,,2026-09-13T21:47:03.818150+00:00,2026-09-13T21:47:06.325282+00:00,2.507142798999894,2.5071137080000057,88640,1.3222315220000382,0.018443681999997352,719,3b3cf6e5f110d35caa9b7fbb45ec5e4f8eb5f41bf0a3cf2f234643b9b9b44a03,839cdf7825dd766f3d67ebff6866a0889db439f4fb5371d009f9f8bf4aae204d,bcfe8361f6ebbbf91ebf3a5c15ce21c9e8e810848d58b7a49d769c6257372c55,885523,games/h23_current__exposure__2052836158__0/RESULT.json,games/h23_current__exposure__2052836158__0/replay.jsonl.gz
h23_current__exposure__2052836158__1,h23_current,exposure,2052836158,1,False,True,True,719,194869.0,True,,2026-09-13T21:47:05.980620+00:00,2026-09-13T21:47:08.468236+00:00,2.4876193100000137,2.4874899,88896,1.3928879350006582,0.03048024500003521,719,1e18dbe50f90292b89177683b0177aa38729129845d5501f6615da98fce9f839,f2473c1c0f384870c0c26f4cc0bb7338408d7e0a8e2dc128236bde4607c23f16,7425cddc2a6bcfcf752e0e4adae5a5d0b6a20eecf1f59b21c86a57563ccdf163,809030,games/h23_current__exposure__2052836158__1/RESULT.json,games/h23_current__exposure__2052836158__1/replay.jsonl.gz
h23_current__exposure__2110715130__0,h23_current,exposure,2110715130,0,False,True,True,719,230427.0,True,,2026-09-13T21:47:06.328351+00:00,2026-09-13T21:47:08.841761+00:00,2.513408788999982,2.5133735229999985,88640,1.2888590899979135,0.02373192699997162,719,4f3cfea19e7e1ee232f205df6c138ddb02bedcc5db09aff6ba7378d0dbfff90a,b7f9a19401eda6ed85ff49f0617dc787c2b6407879cc44fa9a7db1f67848de38,c0a3036ff9369a4d7d915a3f88a5c26bddabd8a38d167e4c9526f62886436715,850629,games/h23_current__exposure__2110715130__0/RESULT.json,games/h23_current__exposure__2110715130__0/replay.jsonl.gz
h23_current__exposure__2110715130__1,h23_current,exposure,2110715130,1,False,True,True,719,230531.0,True,,2026-09-13T21:47:08.470547+00:00,2026-09-13T21:47:10.752180+00:00,2.28163628599998,2.281515812000002,88896,1.192657329997246,0.010502847999987353,719,9df3b3b3269798aa50487f5551b01c31e706ac9b2b67ee743df64949caae8036,b68c90381bde8b628875572150db9206c3219807af3f1e42be1f5055a1b6bb29,a842a63f4ca74d0c932ecea67576e189f3a45d37303431066cab899ab71f3df7,858576,games/h23_current__exposure__2110715130__1/RESULT.json,games/h23_current__exposure__2110715130__1/replay.jsonl.gz
h23_current__exposure__28846738__0,h23_current,exposure,28846738,0,False,True,True,719,194354.0,True,,2026-09-13T21:46:29.097230+00:00,2026-09-13T21:46:31.872707+00:00,2.7744480139999723,2.77179236,86592,1.3488520800018478,0.0247649679999995,719,50b34f36ec6904c5c1d2082da63dc89358590227ed3c42d68bfa2fdb1fd42920,48693e8fca80c9fb6f229230df80ff8c6368527d54ce46a55505a5c41ccf31ef,db96b01983417aec5aba5fc11bbe5ab764b41722c32dd71ec10eed711718d5d7,874337,games/h23_current__exposure__28846738__0/RESULT.json,games/h23_current__exposure__28846738__0/replay.jsonl.gz
h23_current__exposure__28846738__1,h23_current,exposure,28846738,1,False,True,True,719,219401.0,True,,2026-09-13T21:46:29.105947+00:00,2026-09-13T21:46:31.722930+00:00,2.616288972999996,2.6138452400000003,86592,1.3236978919994726,0.013384073999986867,719,aadc1da83672b6b607f2224d5bcf10980f0b8a99219b0620c6ffdf7e723e3008,05fec6fd491facd0423758f960f2881da81b4dbb9242c50f719184477c8c67cd,ddfb6ccb0c3471ffa521271bdceb125bebbc3e001919efec20c2a49b6c0a739f,854062,games/h23_current__exposure__28846738__1/RESULT.json,games/h23_current__exposure__28846738__1/replay.jsonl.gz
h23_current__exposure__420997839__0,h23_current,exposure,420997839,0,False,True,True,719,216409.0,True,,2026-09-13T21:46:34.174167+00:00,2026-09-13T21:46:36.481721+00:00,2.3075580019999506,2.3075225440000002,87872,1.2070586349998393,0.011318083999981354,719,a522dc888be82c3c118f79f7670b5c66dc9cb8abf5729cd0c0f0c02af1ce3110,a26e14536b1a97bc9fcbe05d45fe385ba913a386f2d7a14faf4f52be791354d8,efc125af9adab73f416cfe89d9e7ddf436de6107863fb34162b893c4a62f2e84,815797,games/h23_current__exposure__420997839__0/RESULT.json,games/h23_current__exposure__420997839__0/replay.jsonl.gz
h23_current__exposure__420997839__1,h23_current,exposure,420997839,1,False,True,True,719,208969.0,True,,2026-09-13T21:46:34.334013+00:00,2026-09-13T21:46:36.695722+00:00,2.3617099409999582,2.3615526420000004,88000,1.2900971690007736,0.019391866999967533,719,bf2fc220b631eb7512e394462abece4c04fa26be0a4b13e4280a8a9c3caf4a6e,d72da8fb35ca963cca5f9fee22498350f505c536cb8f16d26cc1260cb55deb55,6efea6f6980b51d43d642dcb025d748999d11bee75dd282333023b6f543d543b,772314,games/h23_current__exposure__420997839__1/RESULT.json,games/h23_current__exposure__420997839__1/replay.jsonl.gz
h23_current__exposure__450201982__0,h23_current,exposure,450201982,0,False,True,True,719,214034.0,True,,2026-09-13T21:46:36.484739+00:00,2026-09-13T21:46:38.895752+00:00,2.411016903000018,2.4109662540000008,88000,1.2789958360015135,0.01705141900004037,719,0f28cb695ea75d8b898b989af1bc7e8c6936f04d22dbf0b62b29b5352f2acb74,d24294349fd73e50d42a8ab9525f0862cfc3aeacf4d947a0b7035886f04f42b8,10ad02985ac0ae90f85c0b2afe9311ae3a9287035b34df93f237b257b7d8e97f,843108,games/h23_current__exposure__450201982__0/RESULT.json,games/h23_current__exposure__450201982__0/replay.jsonl.gz
h23_current__exposure__450201982__1,h23_current,exposure,450201982,1,False,True,True,719,207117.0,True,,2026-09-13T21:46:36.700729+00:00,2026-09-13T21:46:39.169304+00:00,2.468574378000085,2.4683874260000005,88000,1.314402786000187,0.019797282000013183,719,8ff489e0bbe1c2d8d14b48b81c1f607892a3f4e0befb48c489cbf66743349fd9,9f900c321dd4db0c6458074f0beff82719e73cd09d9b6b816fa5379d7ef449c1,0d803444b41dcf8026d8e344557624133883a2f8e1c3a4318847ecbe2705a53c,822023,games/h23_current__exposure__450201982__1/RESULT.json,games/h23_current__exposure__450201982__1/replay.jsonl.gz
h23_current__exposure__742425277__0,h23_current,exposure,742425277,0,False,True,True,719,190976.0,True,,2026-09-13T21:46:38.898509+00:00,2026-09-13T21:46:41.233449+00:00,2.3349443619999874,2.3349069690000004,88000,1.1500957190010013,0.01386931399997593,719,6bbb4aafcf8cefd72be98c00250802e96f827f6ac8f17b9f49cba2eee2d67e6f,b2c249805653ee063e67d115c4bc21b2c585a63c7de2f20f07606a32fc7ce7ea,a6808c51bf58f0843578e4df4be59467f63f2740339c9de35326cb7d4343c074,907975,games/h23_current__exposure__742425277__0/RESULT.json,games/h23_current__exposure__742425277__0/replay.jsonl.gz
h23_current__exposure__742425277__1,h23_current,exposure,742425277,1,False,True,True,719,197106.0,True,,2026-09-13T21:46:39.174270+00:00,2026-09-13T21:46:42.099076+00:00,2.9248079010000083,2.924663818000001,88128,1.470103143000415,0.027205988999980946,719,75ae60ca4be1e4b618da62b65bfa0639b2a250f4b466aeaacbe1cff3ddc8c25f,b19a86eebc17ceb712a0635a6374697ea77897a18563ed05e7f7ee43e99ab9ef,6ef12ab0a235d0b2a0ce7355a322012e03f080fa33bc056ab7b34281e2e9d7bc,902890,games/h23_current__exposure__742425277__1/RESULT.json,games/h23_current__exposure__742425277__1/replay.jsonl.gz
h23_current__exposure__810644906__0,h23_current,exposure,810644906,0,False,True,True,719,191293.0,True,,2026-09-13T21:46:41.236671+00:00,2026-09-13T21:46:43.608310+00:00,2.371643709999944,2.3714292839999995,88256,1.2917164589997583,0.019838395999954628,719,79f5f43d7c23ed8519c4c4c45c093ba2f2e2c66e42557d2558b67c8359ab2584,5a49c3f94eb7ea1ca3fd2ffc29b69c0ced149e137043d5e18396634b239ba283,64dc39fa6d8e9e01eed7f1cd56bbcfb06597651487a7eba7f389209dd2d5d113,815254,games/h23_current__exposure__810644906__0/RESULT.json,games/h23_current__exposure__810644906__0/replay.jsonl.gz
h23_current__exposure__810644906__1,h23_current,exposure,810644906,1,False,True,True,719,191293.0,True,,2026-09-13T21:46:42.104709+00:00,2026-09-13T21:46:44.996801+00:00,2.892075827000099,2.8919180989999997,88256,1.5569989149980756,0.04529166899999382,719,37ea5793a4c3ba76e229aa7fb678046c96e615795a155ed9c07d0fd3f3442b7e,c8916529f21fdfd24ac23b3ef5c12cc5863b8dfa761dba5cdce78f6718d0a614,862b14e2f0ca2e6d94bd54e23971b01b3ad1fe224f23d99346d1f05d194f1d37,807753,games/h23_current__exposure__810644906__1/RESULT.json,games/h23_current__exposure__810644906__1/replay.jsonl.gz
h23_current__exposure__94002826__0,h23_current,exposure,94002826,0,False,True,True,719,217406.0,True,,2026-09-13T21:46:31.732702+00:00,2026-09-13T21:46:34.171469+00:00,2.438764828999979,2.4383860609999997,87616,1.293775161999065,0.015592164999929992,719,03a7c4a4d061282833fd60cdb83c471d2b1cda688cb5505cd27745e6f5af0f28,424ab23fbf6ba0aec0dcff85839cf264f03948673d64b9707735937ab1e0cbca,d44d5bab2afdac8033a33f7f1fee53660da0df26c421bcdd4362bbe81ad1c916,924447,games/h23_current__exposure__94002826__0/RESULT.json,games/h23_current__exposure__94002826__0/replay.jsonl.gz
h23_current__exposure__94002826__1,h23_current,exposure,94002826,1,False,True,True,719,217406.0,True,,2026-09-13T21:46:31.877580+00:00,2026-09-13T21:46:34.330640+00:00,2.4530632190000006,2.453005992,87488,1.2797692159989538,0.02089692599997761,719,a79dde19a11760f5b993b8f421c44ecc7e4e16a663e482bc4c4b74db08df85d5,b8b1866c48065cc8b3558a6d71c79763ed1e7c2e6f27ed637c5b354673a7df24,88fb8d4ae25ff8e410187ab4fd89647a0f81eb419df620009861246c163324c0,926953,games/h23_current__exposure__94002826__1/RESULT.json,games/h23_current__exposure__94002826__1/replay.jsonl.gz
h23_prior__capital_reference__1138364143__0,h23_prior,capital_reference,1138364143,0,False,True,True,719,195583.0,True,,2026-09-13T21:49:29.717889+00:00,2026-09-13T21:49:31.505327+00:00,1.787440750000087,1.787395819000011,90400,0.9040940660012211,0.009046584000088842,719,88bb2f236344d4eca2af3e1b168df33738f3e8413d167a718b5df4d9322ac583,72ec133b75f61c97596fa4ded262fbef3c65076b4ac1c32193a908be209b6645,2c616ec7673bbc773d91fddb459cfe779e8c4a3b9fcaf1cbe9d1134d03934d62,896300,games/h23_prior__capital_reference__1138364143__0/RESULT.json,games/h23_prior__capital_reference__1138364143__0/replay.jsonl.gz
h23_prior__capital_reference__1138364143__1,h23_prior,capital_reference,1138364143,1,False,True,True,719,195583.0,True,,2026-09-13T21:49:30.864981+00:00,2026-09-13T21:49:32.681612+00:00,1.8166361130000723,1.8165874919999965,90708,0.946992810001575,0.014049060000047575,719,a34d228eb17b97d37f71bfaa88ddc3ea6f5c92d33de215d1d31e4c958f5d229b,5376ee17227ebdf61adb5a08e369b0293c59a57b5999f6b6a87cb797439ce637,1f5b4d7c8bb8575e066fdafc861937c749a0712710dad8b50d88449fee009fea,901552,games/h23_prior__capital_reference__1138364143__1/RESULT.json,games/h23_prior__capital_reference__1138364143__1/replay.jsonl.gz
h23_prior__capital_reference__1175089851__0,h23_prior,capital_reference,1175089851,0,False,True,True,719,159992.0,True,,2026-09-13T21:49:31.507976+00:00,2026-09-13T21:49:33.383477+00:00,1.875505598000018,1.8754605289999944,90400,0.9872847899983981,0.011769163000053595,719,81f7746a263fe2b021a0c57f8c2fe49025ad4eff46e7aa586c4dfdcc1057f72e,d0add7209a55e9d880c0b4624ed7933e4d93168766f83380ff3addd7677d5016,96909eb1e035fc8aa0ce36e339f677bb09391ffba00ef7a273226b929f07de59,833802,games/h23_prior__capital_reference__1175089851__0/RESULT.json,games/h23_prior__capital_reference__1175089851__0/replay.jsonl.gz
h23_prior__capital_reference__1175089851__1,h23_prior,capital_reference,1175089851,1,False,True,True,719,152937.0,True,,2026-09-13T21:49:32.686265+00:00,2026-09-13T21:49:34.604733+00:00,1.9184705740000254,1.9183663030000133,90708,0.9984016010015466,0.011767474000066613,719,60ecb667f7fe24bca28d3bff98812ef73d24bae4328a4c03ec7beaed0c1d337c,7fa7c920e1925b6bde91c3d071076bacc43f8a8160c515044cc6859d6505ff53,f9e770d8707288bf5e5b995cdb6a929416981ba5e20b9099dfa3ee0158e85a99,816198,games/h23_prior__capital_reference__1175089851__1/RESULT.json,games/h23_prior__capital_reference__1175089851__1/replay.jsonl.gz
h23_prior__capital_reference__1387052231__0,h23_prior,capital_reference,1387052231,0,False,True,True,719,195614.0,True,,2026-09-13T21:49:33.386190+00:00,2026-09-13T21:49:35.402787+00:00,2.016601933000061,2.015755911999989,90528,0.9930368149990727,0.013590398000019377,719,2190fa6fd7720a4b8b9f518425461aa33c40725d2ccbb4d23bbe6e4fa11c7622,525471096f0d1f9f591a98c0247d43ef5868c5d3b8c460328fc5270b33467f3d,3cf52117c5db06c032c09995136bb8e07a1a513eb730fd9b9cc9c3558395b865,896845,games/h23_prior__capital_reference__1387052231__0/RESULT.json,games/h23_prior__capital_reference__1387052231__0/replay.jsonl.gz
h23_prior__capital_reference__1387052231__1,h23_prior,capital_reference,1387052231,1,False,True,True,719,189205.0,True,,2026-09-13T21:49:34.607354+00:00,2026-09-13T21:49:36.636347+00:00,2.0289989700000888,2.0288711359999922,90708,1.0186704229998895,0.011524128000019118,719,d791272265aba19cb59dacb3f6aeed76ad0d8ed221bc7d2849871263bf09cf76,8ea0a7b34b67da8e27264624160e3a32251017bb3da74bc9eb100b3ad18b974b,72c9889f4bc0cb43170d6db7aa824c8b8547c9b23e49c385b7a06f73e58a3f64,906668,games/h23_prior__capital_reference__1387052231__1/RESULT.json,games/h23_prior__capital_reference__1387052231__1/replay.jsonl.gz
h23_prior__capital_reference__140008426__0,h23_prior,capital_reference,140008426,0,False,True,True,719,214727.0,True,,2026-09-13T21:49:02.740019+00:00,2026-09-13T21:49:04.468440+00:00,1.7284262209999497,1.7283294739999988,90272,0.8620970419965488,0.009046719000025405,719,82d3aafc1216703d14f2b24e85cbe3d6af7c21e8dfacd68ae4cf1e8ed1fb0d17,c15a55c792083a4f3349858b80bf89aa487c4d46ef4d48efddab0ab2bca16841,aba89b9e9f2e15295b6d1e6f25f9e217378a97ba77e2e45e40a864da7e7e4407,885787,games/h23_prior__capital_reference__140008426__0/RESULT.json,games/h23_prior__capital_reference__140008426__0/replay.jsonl.gz
h23_prior__capital_reference__140008426__1,h23_prior,capital_reference,140008426,1,False,True,True,719,225839.0,True,,2026-09-13T21:49:04.319955+00:00,2026-09-13T21:49:06.065198+00:00,1.7452481620000526,1.745126079000002,90452,0.8848631989994828,0.009353085000043393,719,42ed154eba98add69b3af0b81c32d0b7aab0d82b18ffe6c7e91610363862d276,bb6f07ef5a94c2762f83b1e442adbe872032cd6b1b5a9a2def15f7e8d527dd91,1d03b776bf86016274434098f9133ca3e4135221417fd26ca61de3e25668c024,902393,games/h23_prior__capital_reference__140008426__1/RESULT.json,games/h23_prior__capital_reference__140008426__1/replay.jsonl.gz
h23_prior__capital_reference__1421711696__0,h23_prior,capital_reference,1421711696,0,False,True,True,719,227587.0,True,,2026-09-13T21:49:35.426149+00:00,2026-09-13T21:49:37.327678+00:00,1.90152883199994,1.9014988179999932,90528,1.0045768660011163,0.024022295999998278,719,498075f4592e558b23434875a0d42386aec5411441d191aee3e7d773cb7fa198,81f2d2520a91588dca93a57f9316a0953359c83f581fc78da3475625f95916db,a81935c461807d0ec172ae72b49599c9392837825e99bae755d4e3b44ce174b1,835348,games/h23_prior__capital_reference__1421711696__0/RESULT.json,games/h23_prior__capital_reference__1421711696__0/replay.jsonl.gz
h23_prior__capital_reference__1421711696__1,h23_prior,capital_reference,1421711696,1,False,True,True,719,227587.0,True,,2026-09-13T21:49:36.639605+00:00,2026-09-13T21:49:38.409214+00:00,1.7696119319999752,1.769459476999998,90708,0.9300451380009918,0.019479240000009668,719,87f19974f0434b648c5b5865e0f45fe6829a14a1e9c13a85ce6cdf871f9ac2fc,ff49b3e9981742cd60bf394446ef0272f497e8b40d04445ee75a257f0d72541a,ad300f7d1d52a84e8b6a31954e589fdbf4bbb8ca57443338f912ef444b76f83a,838665,games/h23_prior__capital_reference__1421711696__1/RESULT.json,games/h23_prior__capital_reference__1421711696__1/replay.jsonl.gz
h23_prior__capital_reference__1459327281__0,h23_prior,capital_reference,1459327281,0,False,True,True,719,227105.0,True,,2026-09-13T21:49:37.329997+00:00,2026-09-13T21:49:39.098718+00:00,1.7687268540000787,1.768682087000002,90528,0.9125599860000193,0.010332653999967079,719,d4d082e3b4e2547b2ff60d6d9f0f2cd85145faba91434803fb72fb0483511935,eafa6786e4d09f770e9d38602d2e719bd11233c93ba8c23b74e334c28d50611c,e3ec69a522945ef5cd4bcee2401b3125ad11a1a7cc24bf1317053efc1ba93d35,859183,games/h23_prior__capital_reference__1459327281__0/RESULT.json,games/h23_prior__capital_reference__1459327281__0/replay.jsonl.gz
h23_prior__capital_reference__1459327281__1,h23_prior,capital_reference,1459327281,1,False,True,True,719,227105.0,True,,2026-09-13T21:49:38.411510+00:00,2026-09-13T21:49:40.218807+00:00,1.807300936000047,1.8071557390000095,90836,0.938472287000991,0.011673515000097723,719,b359e8ce666c37843749d2e62414df8ec93d9462fcdf545a0855e85c455c351a,97b9d2bd1485d4d359bcdd105385fd9d260e5731f2c93b2c763e1f0513ed3852,272e185031f70c4280d7e5ee9cde46436284a96110a451a2a72d1153decd3c22,857576,games/h23_prior__capital_reference__1459327281__1/RESULT.json,games/h23_prior__capital_reference__1459327281__1/replay.jsonl.gz
h23_prior__capital_reference__148094548__0,h23_prior,capital_reference,148094548,0,False,True,True,719,205398.0,True,,2026-09-13T21:49:04.470882+00:00,2026-09-13T21:49:06.187990+00:00,1.7171114200000375,1.717017504999994,90272,0.9189210329980142,0.011094124000010197,719,1dfeb3eaa588d23c676db1cc0d1fbe06757fd663dd3a64d67b5a114fd4909820,662a978651b0cf7366e6a43bccd9ab96bb342897902a3ab6a4d597058396fdae,181ab922d208390f838c5c533fb13e82d3bfef8d89474eac3c80698afa378c1e,814489,games/h23_prior__capital_reference__148094548__0/RESULT.json,games/h23_prior__capital_reference__148094548__0/replay.jsonl.gz
h23_prior__capital_reference__148094548__1,h23_prior,capital_reference,148094548,1,False,True,True,719,216299.0,True,,2026-09-13T21:49:06.067689+00:00,2026-09-13T21:49:07.828755+00:00,1.7610630379999748,1.7609226499999977,90452,0.928133149999212,0.018907872999989195,719,6d40e930c4f68972b313c91ffd0ea5a5878d9fd44570d80619c27d140445f403,eadd56e42a60bf917ace652b4fa578d065128aac1abc01ffd93682781fbc6aae,f3c20b81622cb372e4ce8541449e15afd7c04a09b2f1198f37399230e90396c9,843556,games/h23_prior__capital_reference__148094548__1/RESULT.json,games/h23_prior__capital_reference__148094548__1/replay.jsonl.gz
h23_prior__capital_reference__1501860085__0,h23_prior,capital_reference,1501860085,0,False,True,True,719,233131.0,True,,2026-09-13T21:49:39.101279+00:00,2026-09-13T21:49:40.981818+00:00,1.8805443999999625,1.8804611609999995,90656,0.9798965349999662,0.026251187999946524,719,711a943cad31f2b5ebef45da4a69413b5e83f4e47e20e7c5d584af8d1802001e,c8ec5212b7581bdf1c6f2e06dc7537337481f65f555a31976246b7dcfc25f61f,759726fd2cd5127fb726c6473357d89c64e501da647df812b9872e08d9754202,852341,games/h23_prior__capital_reference__1501860085__0/RESULT.json,games/h23_prior__capital_reference__1501860085__0/replay.jsonl.gz
h23_prior__capital_reference__1501860085__1,h23_prior,capital_reference,1501860085,1,False,True,True,719,233131.0,True,,2026-09-13T21:49:40.221666+00:00,2026-09-13T21:49:42.094418+00:00,1.8727549110000155,1.8725692889999976,90836,0.9849434849988938,0.011549704000003658,719,a429cddfa92b8ba61b4339c85bebde6326a53fc7e94e10f648f1c6d671dda68d,bca26e857619d313c0a21dc1db36a8539ec5df12a56930e141f809d3d5f7f07b,4ba0fad287b30c0f539c5ec329c64edc9e27796e4fcc1804560d0820e0bf03ae,855689,games/h23_prior__capital_reference__1501860085__1/RESULT.json,games/h23_prior__capital_reference__1501860085__1/replay.jsonl.gz
h23_prior__capital_reference__1514191294__0,h23_prior,capital_reference,1514191294,0,False,True,True,719,235184.0,True,,2026-09-13T21:49:40.984276+00:00,2026-09-13T21:49:42.864660+00:00,1.8803886690000127,1.8803377020000056,90656,0.9440524450009207,0.010421986999972432,719,a8ccfe9749b0ee9d60b77b001d2b592dba65bea8bd9dc2ecdfdfd2c2969657db,8686077808ab86f0dbcd29fd49245c8b2780a08d76f75c48130cf29f40c4fe7f,1fb319779f257983903ad9d509ee9853bf6d47150e5774d7fddcad214499fe42,842613,games/h23_prior__capital_reference__1514191294__0/RESULT.json,games/h23_prior__capital_reference__1514191294__0/replay.jsonl.gz
h23_prior__capital_reference__1514191294__1,h23_prior,capital_reference,1514191294,1,False,True,True,719,235184.0,True,,2026-09-13T21:49:42.096865+00:00,2026-09-13T21:49:43.837552+00:00,1.7406908549999116,1.740548148000002,90836,0.8713241429979917,0.009265568000046187,719,8635011776ae88ca95b3dc2dbab6fe2e02702d796e71accf4feaa6d6adeb14c4,2c7dc1f5188fc3b737e9cd07803916f16411cff3c5eb01408035a69610be568c,750bfe7bb7c5d35891b30526b0ed97003e9aecf29d6f542f93c470f0f132a6ff,842980,games/h23_prior__capital_reference__1514191294__1/RESULT.json,games/h23_prior__capital_reference__1514191294__1/replay.jsonl.gz
h23_prior__capital_reference__1652205610__0,h23_prior,capital_reference,1652205610,0,False,True,True,719,193197.0,True,,2026-09-13T21:49:42.867007+00:00,2026-09-13T21:49:44.642428+00:00,1.7754265160000386,1.7750490549999967,90656,0.9484570300002133,0.025257873999976255,719,c6a84e5d2936815630ed47c9cd4e134a9995521cd742a620543af907456a4ed2,2219ee1bc0160cb922c4ab2988a7c2f98eb39d7db21e6ac40f94bbee52631124,5ee3be03cbbb99354637ec74616ce0868b225128814969ccd399854b995020e5,816701,games/h23_prior__capital_reference__1652205610__0/RESULT.json,games/h23_prior__capital_reference__1652205610__0/replay.jsonl.gz
h23_prior__capital_reference__1652205610__1,h23_prior,capital_reference,1652205610,1,False,True,True,719,185550.0,True,,2026-09-13T21:49:43.840174+00:00,2026-09-13T21:49:45.629862+00:00,1.7896870839999792,1.7894785449999944,90836,0.9749908100019411,0.011101476000021648,719,327da21aaf77ca49930f7579d7b000d0c12f7e08404e416ce33cf52ddf748302,f5e54e1276769a4fe70aa44e3f70d8d1ef5894b48e41b9b5076f92e18c8b7a4c,7bf5ec10f2a208ca679c86ead7cbb6fd430640649693eb5443b8ab4a97952fc7,807689,games/h23_prior__capital_reference__1652205610__1/RESULT.json,games/h23_prior__capital_reference__1652205610__1/replay.jsonl.gz
h23_prior__capital_reference__1658182076__0,h23_prior,capital_reference,1658182076,0,False,True,True,719,199392.0,True,,2026-09-13T21:49:44.645433+00:00,2026-09-13T21:49:46.488829+00:00,1.8433991020000349,1.843376273000004,90656,0.9537134130010827,0.01118948599992109,719,d4ec650de5b29310dfab5509a682eea7c09a9fd55a19c95a57eb0b7f2043be6d,b234022e44d237f17edf8e432c264daeaa8b2430493c4eb686a2a2de6bcc5f6d,3565beee5d93fc8edb58224e380f1516a1675477633518a4ff484fd1763f73e0,901059,games/h23_prior__capital_reference__1658182076__0/RESULT.json,games/h23_prior__capital_reference__1658182076__0/replay.jsonl.gz
h23_prior__capital_reference__1658182076__1,h23_prior,capital_reference,1658182076,1,False,True,True,719,150994.0,True,,2026-09-13T21:49:45.632319+00:00,2026-09-13T21:49:47.386402+00:00,1.7540840769999022,1.753927478999998,90836,0.9017905290012322,0.008717143000012584,719,05e3c35028022dfe541f6b0a93983899eaf0f25186a5c7d1a6c94110ddf22e40,9e60e569203cf82b70e4120960a8afc95f748f27e3dc72bce3d53753f0d2f926,0adc0e1e946797af9380986ea0987a94ad3db75401ba62e5a3507dc99b668f78,865462,games/h23_prior__capital_reference__1658182076__1/RESULT.json,games/h23_prior__capital_reference__1658182076__1/replay.jsonl.gz
h23_prior__capital_reference__1681080428__0,h23_prior,capital_reference,1681080428,0,False,True,True,719,132735.0,True,,2026-09-13T21:49:46.491756+00:00,2026-09-13T21:49:48.239280+00:00,1.747527734000073,1.7474765179999991,90656,0.9104918340003678,0.014191857000014352,719,dba19b1a7ab048b82ab9894a18187d08ce4c5982ead9cffc8d29618fd7972229,4f6f7d0cb027841f9cd7ebab422a4df9168ddb29a1be82672b3818201904d3f5,3bbc5d12bc1f2d8e2b79935f3dbee62ef032c1e129c7d7b43fa06d04a3fcc023,829042,games/h23_prior__capital_reference__1681080428__0/RESULT.json,games/h23_prior__capital_reference__1681080428__0/replay.jsonl.gz
h23_prior__capital_reference__1681080428__1,h23_prior,capital_reference,1681080428,1,False,True,True,719,145379.0,True,,2026-09-13T21:49:47.388990+00:00,2026-09-13T21:49:49.122447+00:00,1.7334608959999969,1.7333256100000085,90964,0.9258101990028536,0.013104795999993257,719,cb04b4567e086fb2d1430e97f39f204ff1ba73a327fc1a8891defa169aa9c0b7,2f4eb556a261682805166a595467744897ec7cec49096c53bf8c2e73cf569397,11d41d78397943e2820e111d20f65bf956549aa0654144484bcf3455a96e6177,808559,games/h23_prior__capital_reference__1681080428__1/RESULT.json,games/h23_prior__capital_reference__1681080428__1/replay.jsonl.gz
h23_prior__capital_reference__1715028217__0,h23_prior,capital_reference,1715028217,0,False,True,True,719,157852.0,True,,2026-09-13T21:49:48.241850+00:00,2026-09-13T21:49:50.053481+00:00,1.8116330819999575,1.8115126379999964,90656,0.9469045999999253,0.02118367999992188,719,70e84f9f2d9fb70205a64b83911a6353a9c9ce6f7e9a23de800baa60fd76d8b3,1fa8aa2859a190f01f7eb992cbad09a03cc792d56a01bb26bec99a7bacc6f940,c3a86fd4f0d4cf30975b2d568be624a7aee4802671488e2ffaa9bf3d16fe76b3,905806,games/h23_prior__capital_reference__1715028217__0/RESULT.json,games/h23_prior__capital_reference__1715028217__0/replay.jsonl.gz
h23_prior__capital_reference__1715028217__1,h23_prior,capital_reference,1715028217,1,False,True,True,719,188975.0,True,,2026-09-13T21:49:49.124834+00:00,2026-09-13T21:49:50.866702+00:00,1.7418704599999728,1.7417143159999995,90964,0.8947527329988816,0.011592934999953286,719,626e0feeaa87c8300f83e3c41b35b751a5e3a5179806e1b18184e5b46e8faf09,4e9cffd22a3514f0799b540ffe65706c01c75a2cdc66ffc6b0cd98c307ed2921,f7cadbf9b1e7b6ee8d754ed0c7be1cb4edaff74f74ba13893c73ab35fbdd6d0e,854485,games/h23_prior__capital_reference__1715028217__1/RESULT.json,games/h23_prior__capital_reference__1715028217__1/replay.jsonl.gz
h23_prior__capital_reference__1722159489__0,h23_prior,capital_reference,1722159489,0,False,True,True,719,173107.0,True,,2026-09-13T21:49:50.055856+00:00,2026-09-13T21:49:51.843280+00:00,1.7874282440000115,1.7872798729999886,90656,0.9695209890001024,0.015069417999939105,719,ac75edef34a61ad731ad4a856061a581102c1bcaec6ef6ff25adac57c137e151,10c11af2c54d843d9e6baa19adaced63ba98a9b4bb0e65408331a8f214d5c3a1,440dacbb15cfb28fcbda9677422ed7bcea34c9da8c68a8c2d87444328be6290a,785246,games/h23_prior__capital_reference__1722159489__0/RESULT.json,games/h23_prior__capital_reference__1722159489__0/replay.jsonl.gz
h23_prior__capital_reference__1722159489__1,h23_prior,capital_reference,1722159489,1,False,True,True,719,215807.0,True,,2026-09-13T21:49:50.869033+00:00,2026-09-13T21:49:52.621206+00:00,1.752176707999979,1.7520895369999891,90964,0.9150104209991241,0.011339863000102923,719,9f5748a75091cae479ba7c73912bc1a48061f48d197b0aef5675f1e8928409a7,269384c7fdc134f59abd9f2327e7c44fd8624679ea1c2fcb71769a165dc64885,2bc3c70a8dd590b912f75b881e060d85721a31ab885c23020352f031c3c6150a,780446,games/h23_prior__capital_reference__1722159489__1/RESULT.json,games/h23_prior__capital_reference__1722159489__1/replay.jsonl.gz
h23_prior__capital_reference__1781448506__0,h23_prior,capital_reference,1781448506,0,False,True,True,719,162232.0,True,,2026-09-13T21:49:51.845975+00:00,2026-09-13T21:49:53.576231+00:00,1.7302596009999434,1.7302473639999931,90784,0.925281907999647,0.010614760999942519,719,3014628132b2eaffc27f379b47b43563a15306cf22ef649b0a38c6eec35d4d8b,dac385a86e0e8c63a57ca9541b3291266cd47c760aaf70dff742db10845fe442,6a9019c2df42214fccefc7231eb419400ea123802b0b66aded6847dab951360c,812852,games/h23_prior__capital_reference__1781448506__0/RESULT.json,games/h23_prior__capital_reference__1781448506__0/replay.jsonl.gz
h23_prior__capital_reference__1781448506__1,h23_prior,capital_reference,1781448506,1,False,True,True,719,187405.0,True,,2026-09-13T21:49:52.623474+00:00,2026-09-13T21:49:54.332255+00:00,1.7087843980000343,1.7086475960000058,90964,0.9188899710021587,0.008339231000036307,719,2c0d8b77d604efe1d6d2fc3780a67db72f0e3552b160f2dbd5fc3dd546240f9b,04fa7190dfe165a4d0c3bc0d2dbc3f8d6829da3b159db9c0fb8b6174e7bfac75,0718de8131964d67b3e8974ba9824dbb5332a886e5fc3ff6064095e34415a524,761502,games/h23_prior__capital_reference__1781448506__1/RESULT.json,games/h23_prior__capital_reference__1781448506__1/replay.jsonl.gz
h23_prior__capital_reference__180752382__0,h23_prior,capital_reference,180752382,0,False,True,True,719,210079.0,True,,2026-09-13T21:49:06.190355+00:00,2026-09-13T21:49:07.977915+00:00,1.7875608819999798,1.7874466039999959,90272,0.908059107001236,0.011532543000043916,719,8cb408fc265c6dea1ba3c78db3beab1d5ecc43f536c6b102e09aaabffabd86af,995d988a4d0d9b62543373cd63854be27d98aac00f1aae405e5d3e2f589fc2d2,dcd02e5ee055871e7ab9dfba39842bda2affc80a9baa4466fcebf336da6cf18e,826462,games/h23_prior__capital_reference__180752382__0/RESULT.json,games/h23_prior__capital_reference__180752382__0/replay.jsonl.gz
h23_prior__capital_reference__180752382__1,h23_prior,capital_reference,180752382,1,False,True,True,719,210079.0,True,,2026-09-13T21:49:07.830752+00:00,2026-09-13T21:49:09.581094+00:00,1.7503460020000148,1.750282754000004,90452,0.9111788909992811,0.011928633000025002,719,6ce6b2c08e10208e30f54be98011d235be14cfa1a07ef2c372ddf85cfbf5f47a,a9213c38689a87c67fab8781f163c08bae9293931a4c847ef4a53dbe5a4dc380,2cd6acde9368ce7e3651b927b74182ebfb194abef558f566fb9db66177d64a48,823033,games/h23_prior__capital_reference__180752382__1/RESULT.json,games/h23_prior__capital_reference__180752382__1/replay.jsonl.gz
h23_prior__capital_reference__1856155813__0,h23_prior,capital_reference,1856155813,0,False,True,True,719,160585.0,True,,2026-09-13T21:49:53.579002+00:00,2026-09-13T21:49:55.419269+00:00,1.8402695339999582,1.8402312620000032,90784,0.9587693179996677,0.011728830999913953,719,e44cb73444d5986c03ed9831aaef9634fb3a235816726496f61e1f11a9e1d777,edb8cf0fc7e1a9dca16e319188fa3cfd76de5668e8aa6251f8770c2ebbcb99c4,22e77480193b767700a2627d6a968473d366d793e8e1350bb1c0e817b726a437,881521,games/h23_prior__capital_reference__1856155813__0/RESULT.json,games/h23_prior__capital_reference__1856155813__0/replay.jsonl.gz
h23_prior__capital_reference__1856155813__1,h23_prior,capital_reference,1856155813,1,False,True,True,719,176153.0,True,,2026-09-13T21:49:54.334461+00:00,2026-09-13T21:49:56.147874+00:00,1.8134171880000167,1.8132988849999947,90964,0.9271450760007838,0.011637920999987728,719,4610424dfac296b348628767391ac0360d7896fbb9dd9ba952c1990a67df8124,3041724e3480a85219c620a6490e4e0803820577a380d2eafab8d4a23d703158,dafaed7e5758ab34c162549ee5df6a0f535920d56defebc184eee10a6002963a,879588,games/h23_prior__capital_reference__1856155813__1/RESULT.json,games/h23_prior__capital_reference__1856155813__1/replay.jsonl.gz
h23_prior__capital_reference__1948729637__0,h23_prior,capital_reference,1948729637,0,False,True,True,719,239546.0,True,,2026-09-13T21:49:55.421677+00:00,2026-09-13T21:49:57.163607+00:00,1.7419368309999754,1.741856232999993,90784,0.8963196750021325,0.01322247099994911,719,d5ecd845dc115d32e9ee5918f641af7f17bc84fdcc40036e9d6cc20ed39fb847,500832bb7b79a9d1519b35e5c134e8b78c2636dfa82afbb3f5aa06d9760133b7,21c70ce2dd86ce036129299f4b213a6dec77739040cc1e58963556620f3fe703,841927,games/h23_prior__capital_reference__1948729637__0/RESULT.json,games/h23_prior__capital_reference__1948729637__0/replay.jsonl.gz
h23_prior__capital_reference__1948729637__1,h23_prior,capital_reference,1948729637,1,False,True,True,719,238430.0,True,,2026-09-13T21:49:56.150359+00:00,2026-09-13T21:49:57.932170+00:00,1.7818141919999562,1.7816452129999902,90964,0.9065780710009221,0.011630299999978888,719,cb78a9278a713eaf299343ad5f9e7adce964c0aa42e414aaac5a20286e351292,0289bd9351c0a3880c807b476f8125a4cbaec46a6757099fcd6e97d43a7a6fd6,894bf42e5675c36f1b879dedc8f4196a3128c21bf5d92444e02f3194dafaed0f,860755,games/h23_prior__capital_reference__1948729637__1/RESULT.json,games/h23_prior__capital_reference__1948729637__1/replay.jsonl.gz
h23_prior__capital_reference__2027896586__0,h23_prior,capital_reference,2027896586,0,False,True,True,719,143319.0,True,,2026-09-13T21:49:57.175959+00:00,2026-09-13T21:49:59.027298+00:00,1.8513386979999495,1.8512252799999942,90784,0.9371255199990856,0.012433272999942346,719,313368f38acf29a50dec63724daf1cce3926aeffadbfe4dba8456eeafa966441,fa770570e99fb0525ad19699acbfd7378197e0c0a81eaf7094f633137a255b8b,49e919321574d4b7edbb40ffb0f46f556856b3fb030b96617a80b166bbd72502,859828,games/h23_prior__capital_reference__2027896586__0/RESULT.json,games/h23_prior__capital_reference__2027896586__0/replay.jsonl.gz
h23_prior__capital_reference__2027896586__1,h23_prior,capital_reference,2027896586,1,False,True,True,719,169718.0,True,,2026-09-13T21:49:57.934601+00:00,2026-09-13T21:49:59.704647+00:00,1.770050316000038,1.7699703370000037,90964,0.9217634239996642,0.014381119000063336,719,8768fd1d56d3da376daada6bfc9db94cb165c4f3509fc186170d5116bc01f848,ab4d8c8ed7862ba2cd87e68ef52cd024260e2ad0146501a5706b84650eabc7a4,9ac8a25130fea0659e6f7054629c97fc72aaa0cb0184f81b0cfbbec715c9f7bf,868486,games/h23_prior__capital_reference__2027896586__1/RESULT.json,games/h23_prior__capital_reference__2027896586__1/replay.jsonl.gz
h23_prior__capital_reference__219026998__0,h23_prior,capital_reference,219026998,0,False,True,True,719,197876.0,True,,2026-09-13T21:49:07.980172+00:00,2026-09-13T21:49:09.749553+00:00,1.7693846629999825,1.7692992039999993,90272,0.8675281180022694,0.011742702999981702,719,047c56f27a0bd1bc91e24b902bee813ac2ece74ba0eb1563d6fa3b64e0f5691d,1bd4ee88ca8aaa1f246db73fbf9e09718fe67dc1f16fb0c7c69e60aa405ef4c3,e4ee6a19e1d00ca43e0e943c6a14e2aca560a148fcbba4f3d9821c3408c2b68d,900144,games/h23_prior__capital_reference__219026998__0/RESULT.json,games/h23_prior__capital_reference__219026998__0/replay.jsonl.gz
h23_prior__capital_reference__219026998__1,h23_prior,capital_reference,219026998,1,False,True,True,719,197876.0,True,,2026-09-13T21:49:09.583354+00:00,2026-09-13T21:49:11.412368+00:00,1.8290175600000111,1.8288875190000056,90580,0.8857516339991207,0.010766123000053085,719,09bd8299d10bc2cfdd77ec1f90632cdef55f797faec94ba3639b7ccf9e506db9,0fc5da75b7925a69ee897c32e38c58382485d3d03a5ced44a8ff80824f692f51,955cfc2a0a873e354db96a30a0362b378d172de880acf9b1fe4aaa28d9975ac1,915365,games/h23_prior__capital_reference__219026998__1/RESULT.json,games/h23_prior__capital_reference__219026998__1/replay.jsonl.gz
h23_prior__capital_reference__28576209__0,h23_prior,capital_reference,28576209,0,False,True,True,719,197917.0,True,,2026-09-13T21:49:01.021984+00:00,2026-09-13T21:49:02.737927+00:00,1.7159431370000675,1.7158754270000003,90272,0.8980686040007413,0.009587158000044838,719,ac754afd66c0ce5b1a3ef35442af0bdd9bcac2c2404f9b9559f8311dadad8e40,a355fd56238d76428774e59a94353a6d1b276fb7f89f4ca6b08fe771d4650aea,118d7348f3beb2288ba1a1011b490581e7973fe370560964d33a8d949a638b04,811625,games/h23_prior__capital_reference__28576209__0/RESULT.json,games/h23_prior__capital_reference__28576209__0/replay.jsonl.gz
h23_prior__capital_reference__28576209__1,h23_prior,capital_reference,28576209,1,False,True,True,719,198004.0,True,,2026-09-13T21:49:02.571235+00:00,2026-09-13T21:49:04.317876+00:00,1.7466440829999783,1.7460269270000026,90452,0.9431904319993691,0.01080717199999981,719,adda0271d760498b06159ee1a592c372834a13f3032af1010213771a3df6e669,d4303c536655c13326a339dc7ae01a908c483444840da73aa0efc33b5e8a56a3,c4d37cc5193a20b55c064631e1ddf0bdababc9b166b29f735a65e8715f43f498,812793,games/h23_prior__capital_reference__28576209__1/RESULT.json,games/h23_prior__capital_reference__28576209__1/replay.jsonl.gz
h23_prior__capital_reference__320211102__0,h23_prior,capital_reference,320211102,0,False,True,True,719,194596.0,True,,2026-09-13T21:49:09.752308+00:00,2026-09-13T21:49:11.511053+00:00,1.7587461340000345,1.7587119460000054,90272,0.8836898150001389,0.013144076000003224,719,bc7c0a36bf14872503bd5e93425eb2af6cce27512f364f036d06e7b1d76ba02c,ca099af0b630ca908c21cd9dfcf9babbd90f5e8e710bd554a3c4a24441faca93,65e8e085636f9316de31aff7d4c93041ccf6f80906fa7c74bf7c8cc0351f30ae,879137,games/h23_prior__capital_reference__320211102__0/RESULT.json,games/h23_prior__capital_reference__320211102__0/replay.jsonl.gz
h23_prior__capital_reference__320211102__1,h23_prior,capital_reference,320211102,1,False,True,True,719,160713.0,True,,2026-09-13T21:49:11.415013+00:00,2026-09-13T21:49:13.206964+00:00,1.7919535219999716,1.7918359150000072,90580,0.8826049980001471,0.01060799300000781,719,63528d20ddc1c2199bb8c3ea207091e0d439b9926dd9b13f84f36642b3b9ef31,659985da13b18c1d9c0b34d03428bca3df453f5965144eb1bb9a5f5e7144e5ea,209cd500de5e500fca9e56ce101ed7a36dee8b52e9db105007fe30c8c717f1fa,938010,games/h23_prior__capital_reference__320211102__1/RESULT.json,games/h23_prior__capital_reference__320211102__1/replay.jsonl.gz
h23_prior__capital_reference__337943030__0,h23_prior,capital_reference,337943030,0,False,True,True,719,208614.0,True,,2026-09-13T21:49:11.513569+00:00,2026-09-13T21:49:13.258733+00:00,1.7451678040000616,1.7450896040000003,90272,0.9042857019994699,0.009160703000020476,719,506119712c72e849b5593c471f19cfcbde25d5a5667707fd7c1666793d9d3018,e0c2d17ae505a7f498ebcfe46f6fec88fe564585bba3929d543692653a487d6d,9974fe978f9e7376802799e11b84b8e2c20968ff0f6b2245279630c0b3b347d9,835369,games/h23_prior__capital_reference__337943030__0/RESULT.json,games/h23_prior__capital_reference__337943030__0/replay.jsonl.gz
h23_prior__capital_reference__337943030__1,h23_prior,capital_reference,337943030,1,False,True,True,719,165467.0,True,,2026-09-13T21:49:13.209410+00:00,2026-09-13T21:49:14.944357+00:00,1.7349518859999762,1.7348406949999884,90580,0.8762344610003083,0.011239536999937627,719,92398e36af841e2c0c93e0ad1f0fa0f959fc47a9ae82a175cead1453b880f8c3,13184608a4372f706cc7395b399a1d6ebbff6c61a4108b6b9c47d3d4e31e8cbc,9c14a42a72d96ccbb9d75ccc531550eb3976c0e909eadcdd9fcb7d8d2f428637,894941,games/h23_prior__capital_reference__337943030__1/RESULT.json,games/h23_prior__capital_reference__337943030__1/replay.jsonl.gz
h23_prior__capital_reference__370413548__0,h23_prior,capital_reference,370413548,0,False,True,True,719,239912.0,True,,2026-09-13T21:49:13.261653+00:00,2026-09-13T21:49:14.966587+00:00,1.7049365660000149,1.7048250880000069,90272,0.8835113250020186,0.011507391000009193,719,1c760c4b4e10c5ad10a945e9731d56f6494ab6fe0f7ec21314875f20ef122a55,c1813709523e180a68bac29ede947e0d4204fcc890003b32a4baabf88119f771,e23f8da2844f7afb936aab6c4b228e23b8cbbda822c47d61b4da63b9d221da06,830348,games/h23_prior__capital_reference__370413548__0/RESULT.json,games/h23_prior__capital_reference__370413548__0/replay.jsonl.gz
h23_prior__capital_reference__370413548__1,h23_prior,capital_reference,370413548,1,False,True,True,719,239912.0,True,,2026-09-13T21:49:14.947011+00:00,2026-09-13T21:49:16.664396+00:00,1.717389197999978,1.717330253,90580,0.9064233159979267,0.012027568000007705,719,85a6043b01e9db84ec554be10085b7259cd9fa054bd5eba1944365144a5fd4a6,398d5f47c6553bcca3c18df04a1ddf4140d03873c8d4aef761eba5b59822dc20,82b5e9b15efe36fe840af87b908cdaa114da346d11095d691b4736258165bca2,821754,games/h23_prior__capital_reference__370413548__1/RESULT.json,games/h23_prior__capital_reference__370413548__1/replay.jsonl.gz
h23_prior__capital_reference__383365175__0,h23_prior,capital_reference,383365175,0,False,True,True,719,215567.0,True,,2026-09-13T21:49:14.969169+00:00,2026-09-13T21:49:16.721070+00:00,1.7519038030000047,1.7518440220000002,90272,0.8976562729994839,0.01740534500004287,719,037988130239c6698cee7a8d375076cdd16a963f9a2e44fe90109e220094fd41,8d66085f15cda094b8b7b3b44d4b8bcfb4a17bd3482b9b69f4af1e4a26f23fbf,f5ec4afc0bbeb0e88dc5dac427d37ed628683b625a60557a1337ef14e492beed,855556,games/h23_prior__capital_reference__383365175__0/RESULT.json,games/h23_prior__capital_reference__383365175__0/replay.jsonl.gz
h23_prior__capital_reference__383365175__1,h23_prior,capital_reference,383365175,1,False,True,True,719,244341.0,True,,2026-09-13T21:49:16.666681+00:00,2026-09-13T21:49:18.415091+00:00,1.748414902000036,1.7482648680000068,90580,0.9022849400000723,0.012560765999978685,719,c2c42538c70992c7b67f6d1381cb8e39293aaa7271310c007dda8d7e341c46d4,261e3d5b94ca3b4b2aa0ca1e973241efb67de4eccfcc5e69b20bb9b0d2a75069,a4bf5820c93fa806e65f93c4084576e616953abc7e9f0540858db6ca5506d19a,854548,games/h23_prior__capital_reference__383365175__1/RESULT.json,games/h23_prior__capital_reference__383365175__1/replay.jsonl.gz
h23_prior__capital_reference__394509745__0,h23_prior,capital_reference,394509745,0,False,True,True,719,228720.0,True,,2026-09-13T21:49:16.723728+00:00,2026-09-13T21:49:18.476171+00:00,1.7524422209999102,1.752341716999993,90400,0.9040380930021001,0.011465600000065024,719,c9b5d38bf6ce5a26c26e5275af91d31365feb512d9eb64939918fd35c99affd6,1873f08f6dafb51a89b3368a8d247fb5db902d7fc168191bbf615fbcdbdda6ea,5d34a1abeeb9f55831248fa9f276e85d114ce3441f9f9c389948d0cd9797a478,828551,games/h23_prior__capital_reference__394509745__0/RESULT.json,games/h23_prior__capital_reference__394509745__0/replay.jsonl.gz
h23_prior__capital_reference__394509745__1,h23_prior,capital_reference,394509745,1,False,True,True,719,257441.0,True,,2026-09-13T21:49:18.417680+00:00,2026-09-13T21:49:20.213056+00:00,1.7953789499999857,1.7952555939999968,90580,0.9459035119997452,0.013505231999943135,719,5ead7bdaef555a2a7dabcd52ab8efb66709d5b92915251a872c11aec3e841702,1a922661f037eb77dd17c8264af6484842f7d715b7659829cf3fbce8c4a028f5,fc60003329c6e81ba04a1b1892451689c3035308bd8657fa6d0454ad2cd02474,849782,games/h23_prior__capital_reference__394509745__1/RESULT.json,games/h23_prior__capital_reference__394509745__1/replay.jsonl.gz
h23_prior__capital_reference__702093297__0,h23_prior,capital_reference,702093297,0,False,True,True,719,220510.0,True,,2026-09-13T21:49:18.478527+00:00,2026-09-13T21:49:20.227284+00:00,1.748759765999921,1.7486853260000004,90400,0.878134311998565,0.01149392699994678,719,ba43d600a2ca23b1569cf44d9a6924ac4c6e34c79f006e7a8183667bd80fe0ce,9d1e91dee30c93522924b12d50a0066757c408a33d6fe33efa48aae13ddb774e,a087ebfebb82aec91c81a6dcd92e02ca7aa4b2547fd9c7e555c186fabc689e3a,801310,games/h23_prior__capital_reference__702093297__0/RESULT.json,games/h23_prior__capital_reference__702093297__0/replay.jsonl.gz
h23_prior__capital_reference__702093297__1,h23_prior,capital_reference,702093297,1,False,True,True,719,220510.0,True,,2026-09-13T21:49:20.215462+00:00,2026-09-13T21:49:21.983004+00:00,1.7675470420000465,1.7674339700000132,90708,0.9246731050001245,0.018382859999974244,719,f7fc9d16fa98ff5230a4279709acaae77d7df4efc04c9411abf4f8dcc1fbb78a,9f4b65dfb085fe10e0e13558182158b0fe5e188fd00cd3bc8beae5eee0e45d4c,01051bb145489d5448436fa8f7bd57a28e3b5ebfcaf6cc33b955e638224b9002,807744,games/h23_prior__capital_reference__702093297__1/RESULT.json,games/h23_prior__capital_reference__702093297__1/replay.jsonl.gz
h23_prior__capital_reference__766857369__0,h23_prior,capital_reference,766857369,0,False,True,True,719,215706.0,True,,2026-09-13T21:49:20.229576+00:00,2026-09-13T21:49:22.158195+00:00,1.9286238689999209,1.9215813910000037,90400,0.9944771760016238,0.014976270000033765,719,b3bf6d1f7b92b7cb253b808d9280c8f5b03f648d129e5d4613d692bca9628216,645065f1a0d74d03934f0914d7fec8b436a10bb2a123d79dd4ff0c852e31cc68,1498d1092208459a0e281297a14bfdfdd6ffae53ec674a0c83b8649341a32138,916370,games/h23_prior__capital_reference__766857369__0/RESULT.json,games/h23_prior__capital_reference__766857369__0/replay.jsonl.gz
h23_prior__capital_reference__766857369__1,h23_prior,capital_reference,766857369,1,False,True,True,719,215706.0,True,,2026-09-13T21:49:21.985194+00:00,2026-09-13T21:49:23.801406+00:00,1.816215857999964,1.8161286260000082,90708,0.9141632509985129,0.009380766000049334,719,8261773b7c65753f0db12a1690d597deea35689a6f5ee9c17890e9282fda96f1,a0936960a5eb66f4f96ca2a4792d0355c1251c324cb6728f5a5eb4f8eb0c16ee,36a4ab41d24f3cbfcca4fa26f20585cbe070e08318adceaf649fbce7584d377a,921964,games/h23_prior__capital_reference__766857369__1/RESULT.json,games/h23_prior__capital_reference__766857369__1/replay.jsonl.gz
h23_prior__capital_reference__833126169__0,h23_prior,capital_reference,833126169,0,False,True,True,719,185480.0,True,,2026-09-13T21:49:22.160887+00:00,2026-09-13T21:49:24.291520+00:00,2.130637094000008,2.1279726169999975,90400,1.0404661209995538,0.012838985999906072,719,05781aa937c9d37a286403ccde904ee3ab43c7cf361e6b3ab961c71d2da07134,9f5628802823a664140d844c773f8e76dfa6319589c409132c0295a278145553,96a879b256a4001a73f59b6b22ab4dca28db5daf443c3e5545c0a4b3d62d739f,920983,games/h23_prior__capital_reference__833126169__0/RESULT.json,games/h23_prior__capital_reference__833126169__0/replay.jsonl.gz
h23_prior__capital_reference__833126169__1,h23_prior,capital_reference,833126169,1,False,True,True,719,185480.0,True,,2026-09-13T21:49:23.803852+00:00,2026-09-13T21:49:25.581623+00:00,1.7777745439999535,1.7777262000000036,90708,0.8920605830013528,0.014548501000035685,719,997d8477527d4fc1e8015abf33a941d8fd747f3defcb1bd282ac79b151c191f8,deb5d8a1b954e32b879f4346fef630eb9587efc35da2c1fef39cc33d96b01e21,470a87b377531fb6856206808eb8cacf35b34a08418bb26f78098bcfe850ca8f,929607,games/h23_prior__capital_reference__833126169__1/RESULT.json,games/h23_prior__capital_reference__833126169__1/replay.jsonl.gz
h23_prior__capital_reference__967718147__0,h23_prior,capital_reference,967718147,0,False,True,True,719,212922.0,True,,2026-09-13T21:49:24.295171+00:00,2026-09-13T21:49:26.176701+00:00,1.8815325829999665,1.8788936589999992,90400,0.9836361320005835,0.009681193000005806,719,aef308861ace121ce6db2fa7c104e93bce6a397ba8fef854dcf15e47ca237b44,bb0b8a6279f95e41d217d2e630e44ecb40ffdf4609a9ed5d472eff1c54a0433a,53f16881c6f1e207d89ed661782af4bbc0f16f56ed85c5519bd268f0d77961f6,819705,games/h23_prior__capital_reference__967718147__0/RESULT.json,games/h23_prior__capital_reference__967718147__0/replay.jsonl.gz
h23_prior__capital_reference__967718147__1,h23_prior,capital_reference,967718147,1,False,True,True,719,212922.0,True,,2026-09-13T21:49:25.584103+00:00,2026-09-13T21:49:27.275629+00:00,1.6915302349999592,1.6914183949999995,90708,0.876765092998312,0.01032790900001146,719,2277c2e2262850ab2142e089d9d899f567ca20de63a0299d13ac4093c2c2790a,98d8cf92703e3089cff815c9670ac2926ae20ad01b68f2d4c9b405dad2f1f1ce,76de9e73aed18b93a4b1ea5e4017c0fdbde50125c7e65113a54ed9d792ac8417,810856,games/h23_prior__capital_reference__967718147__1/RESULT.json,games/h23_prior__capital_reference__967718147__1/replay.jsonl.gz
h23_prior__capital_reference__979746784__0,h23_prior,capital_reference,979746784,0,False,True,True,719,173566.0,True,,2026-09-13T21:49:26.179295+00:00,2026-09-13T21:49:27.935084+00:00,1.7557918999999629,1.7557404379999895,90400,0.8865630229996668,0.008109387999979845,719,5d1161da51e9e2808076df76317e559078205fb758cf4109b953ff08af872396,07f0b4612fbc4cbf8cb793c5fad8d4d5a80920a6d98b806d3b3b577e8ebcee5a,f7596a53455ddef89439b7bc936a1fedf85276267305e112f941200d20751bae,832016,games/h23_prior__capital_reference__979746784__0/RESULT.json,games/h23_prior__capital_reference__979746784__0/replay.jsonl.gz
h23_prior__capital_reference__979746784__1,h23_prior,capital_reference,979746784,1,False,True,True,719,173566.0,True,,2026-09-13T21:49:27.278251+00:00,2026-09-13T21:49:29.028450+00:00,1.7502036079999925,1.7501090879999879,90708,0.9179255260003174,0.010070974000086608,719,78eface785b1f09dd925d61fbcc8ad578338f80a0ceca2c6f7d9339d6539598f,3dbd10e30132e226941aee76860bb3df715c037ac75f09fcb7862054131d0edb,227d67c3725fd856bc3e6896aa5bfebd22694b28b5bd22f0d0d3007594baf17a,825239,games/h23_prior__capital_reference__979746784__1/RESULT.json,games/h23_prior__capital_reference__979746784__1/replay.jsonl.gz
h23_prior__capital_reference__979914492__0,h23_prior,capital_reference,979914492,0,False,True,True,719,236003.0,True,,2026-09-13T21:49:27.937357+00:00,2026-09-13T21:49:29.715251+00:00,1.777898266999955,1.7778535260000012,90400,0.9179776489995675,0.011192463000043062,719,80578589c0499b162af23b6759aad9e282f8ebe694ddd51b9dd29f16d23381fd,02ef25b504090882ef596942684fb6ed6f357c382b40ca6d36705a25c5f24bfe,55c6c83aa45849d02d16974d0c2abb43abc212bbb0788939a5d258c33291caea,853653,games/h23_prior__capital_reference__979914492__0/RESULT.json,games/h23_prior__capital_reference__979914492__0/replay.jsonl.gz
h23_prior__capital_reference__979914492__1,h23_prior,capital_reference,979914492,1,False,True,True,719,236003.0,True,,2026-09-13T21:49:29.030964+00:00,2026-09-13T21:49:30.862415+00:00,1.8314551519999895,1.8313558419999936,90708,0.9432512429985991,0.01067916099998456,719,0578d9dbec60f8ea836a5ef0f197357cc43bbb59a32e2514d5a52f192d9fa233,5f5d0aa46cfa752eac45f0e3dab53e970ccdfe7f990923a1df7fdf57f89bf193,813b60a63cb513067f1fb5ff36d0e483b81bfa354426988aebb370e69166c788,853999,games/h23_prior__capital_reference__979914492__1/RESULT.json,games/h23_prior__capital_reference__979914492__1/replay.jsonl.gz
h23_prior__exposure__1138364143__0,h23_prior,exposure,1138364143,0,False,True,True,719,135997.0,True,,2026-09-13T21:48:32.657530+00:00,2026-09-13T21:48:34.384443+00:00,1.7269139369999493,1.726819324000001,88580,0.8960739899996497,0.01078505899999982,719,1f23ada9d0e984bba4b348b35bac5933aad202fd54b739b105672c00582edec4,22ac5960e2959773d59205ef1d8ca4115c98be4a0ac033fafdffd543846a3d28,5ac1c1ce2e3c183309029ef60134441a2b52cd508e04d00a03ed861d5c5498aa,867889,games/h23_prior__exposure__1138364143__0/RESULT.json,games/h23_prior__exposure__1138364143__0/replay.jsonl.gz
h23_prior__exposure__1138364143__1,h23_prior,exposure,1138364143,1,False,True,True,719,135843.0,True,,2026-09-13T21:48:33.454936+00:00,2026-09-13T21:48:35.336583+00:00,1.8816509389999965,1.879257330999998,88708,1.0006479079987685,0.019279780000033497,719,a670c50d7eee5b32996c7452573643bab2cca6a8a0c96af1c2958552acc8e60f,3396eb089f402a1fb9a18880b412ab61cf6deb2f9f3ddf58c11381f7b491b645,2b15fc42a47571df47368c49eff33c5b44302345057d75233ee9a7b6bd24f15d,858842,games/h23_prior__exposure__1138364143__1/RESULT.json,games/h23_prior__exposure__1138364143__1/replay.jsonl.gz
h23_prior__exposure__1175089851__0,h23_prior,exposure,1175089851,0,False,True,True,719,180459.0,True,,2026-09-13T21:48:34.386911+00:00,2026-09-13T21:48:36.094105+00:00,1.7072201920000225,1.7053902010000002,88580,0.8718228659977285,0.011691777999999431,719,9184fda59299a60fb459d8482e7d4f97de36fe4f549c4fc10655997c03dba1d3,75ef8a73d9e137eec14c001e6c0806d22a6eeb7ea9d102248c4096816e2dedf6,90f598ba8a46ce7e971a64c9f7f6cadc73ab712f9a277fd6bfa948e66a6948ee,843617,games/h23_prior__exposure__1175089851__0/RESULT.json,games/h23_prior__exposure__1175089851__0/replay.jsonl.gz
h23_prior__exposure__1175089851__1,h23_prior,exposure,1175089851,1,False,True,True,719,177052.0,True,,2026-09-13T21:48:35.338774+00:00,2026-09-13T21:48:37.177370+00:00,1.8386002140000528,1.8345808969999986,88708,0.9692382429999498,0.014490169000055175,719,509f50e51759e9f5e0c972c8084bf41179b02fb907b5705951b216a90825e9f2,0dbb55afef5d5ecc855f087489a62fecad88e64a148938912044268c9a66f3db,0616daf8e208d2bb4447d0b980112160e87ea78ffe19385c52c95035e3a4e239,820045,games/h23_prior__exposure__1175089851__1/RESULT.json,games/h23_prior__exposure__1175089851__1/replay.jsonl.gz
h23_prior__exposure__1387052231__0,h23_prior,exposure,1387052231,0,False,True,True,719,159169.0,True,,2026-09-13T21:48:36.096311+00:00,2026-09-13T21:48:37.883730+00:00,1.7874220090000108,1.78627101,88708,0.901859470999625,0.01023569899996346,719,b88a30dc3688e6330c32a23bfac700a14bc6decb173abbc50972be46c297987c,e62f8b2e5178c843ba13cbc157ea7019cbdf1b076c9d6f0736b9d8597ad321fb,c03e6d0cfc87f808e808b6632f11b33401136177c608af261ffd63320efaef4e,933459,games/h23_prior__exposure__1387052231__0/RESULT.json,games/h23_prior__exposure__1387052231__0/replay.jsonl.gz
h23_prior__exposure__1387052231__1,h23_prior,exposure,1387052231,1,False,True,True,719,144616.0,True,,2026-09-13T21:48:37.181140+00:00,2026-09-13T21:48:39.147146+00:00,1.9660099410000385,1.9473283799999948,88836,0.982242613998551,0.011842334999982995,719,ba6f3183975b60ff3dde194d64ea82057988b5d85d6d32782cfb6e39ce531491,ea3b28a1108ed7066f511da8e086c3f4950f0e2674b9f8146e7735dc6524d66d,4c80b9cbf0ac5e120edcfd7d4b112f24c45d3ae3225cfe482fb77207d1d9b8c4,929942,games/h23_prior__exposure__1387052231__1/RESULT.json,games/h23_prior__exposure__1387052231__1/replay.jsonl.gz
h23_prior__exposure__140008426__0,h23_prior,exposure,140008426,0,False,True,True,719,223273.0,True,,2026-09-13T21:48:06.164991+00:00,2026-09-13T21:48:07.901626+00:00,1.7366890149999108,1.7366310950000001,87428,0.9216160270028695,0.014413319999903251,719,01cebc82fc02d776248ea12a025bd7e481b265962ccab412ca2e37b1bf659097,2bf3abb045ff4f3b671e295c43c232f4a34c3bb010f315094f6f274b49779128,541f181c56d6c0260fe16238a99203299076ef719a09e19a9c37ab5be8b1cae2,872371,games/h23_prior__exposure__140008426__0/RESULT.json,games/h23_prior__exposure__140008426__0/replay.jsonl.gz
h23_prior__exposure__140008426__1,h23_prior,exposure,140008426,1,False,True,True,719,235954.0,True,,2026-09-13T21:48:06.229545+00:00,2026-09-13T21:48:08.016257+00:00,1.786710683000024,1.7851159209999998,87428,0.9295037520003007,0.020379175000016403,719,03f0a8fcdb56bf83ccf52a7e704db0b1913a030c13194bea8a94dfddcdf3e70a,f7c8dfb20001f60b598eb1ee26d36cddecca0c38087961f6e2f01516f2f79f7c,55a8c0915263b6992c033c811d3337eae355de00bac52979326f05c56e23232a,874211,games/h23_prior__exposure__140008426__1/RESULT.json,games/h23_prior__exposure__140008426__1/replay.jsonl.gz
h23_prior__exposure__1421711696__0,h23_prior,exposure,1421711696,0,False,True,True,719,227957.0,True,,2026-09-13T21:48:37.886607+00:00,2026-09-13T21:48:39.811755+00:00,1.92515237300006,1.9135002100000023,88836,1.002282669001488,0.01079115200002434,719,172476f5a42d921bed26ade29cecfbbcd342dcd82b660837e17deeace48cb828,94534c9b7ce37fbe679fb042baab88b0a17ac96c5d2e274f47bec19ac08e06b1,c1ffbaf53c153df944d67a78d51c56e7b198c8c056b2370a39925d03af0c48fb,882770,games/h23_prior__exposure__1421711696__0/RESULT.json,games/h23_prior__exposure__1421711696__0/replay.jsonl.gz
h23_prior__exposure__1421711696__1,h23_prior,exposure,1421711696,1,False,True,True,719,210660.0,True,,2026-09-13T21:48:39.149606+00:00,2026-09-13T21:48:41.062031+00:00,1.91242765100003,1.911738733,88836,1.0186445190004179,0.01529888800007484,719,f82935ab28478428682074723badfc74b362040cdf2807be3d4080a69b9989b9,20851df43389c454d1997785e649e142b99d405aa3715486eb7ab905f0be21cd,7414447b759bd324757075245093af8894d38e06186dad82a9a00aa5b93e3620,805804,games/h23_prior__exposure__1421711696__1/RESULT.json,games/h23_prior__exposure__1421711696__1/replay.jsonl.gz
h23_prior__exposure__1459327281__0,h23_prior,exposure,1459327281,0,False,True,True,719,219996.0,True,,2026-09-13T21:48:39.814312+00:00,2026-09-13T21:48:41.535383+00:00,1.7210568970000395,1.7207819919999991,88836,0.9106358780009032,0.01407955199999833,719,079dc30b4c84f413810089e4710c7b2969a02a088870bfc2e516df7f3948f30b,a1cdd5ea2a1ce6ebc53922af82c1c2a55c4e3ad002abc8f8d08df3898de85b43,c88d203e647c2cd58e9f5224365c6a7095d9b1521f7fb12c8f0c06d700892c11,820080,games/h23_prior__exposure__1459327281__0/RESULT.json,games/h23_prior__exposure__1459327281__0/replay.jsonl.gz
h23_prior__exposure__1459327281__1,h23_prior,exposure,1459327281,1,False,True,True,719,219996.0,True,,2026-09-13T21:48:41.064095+00:00,2026-09-13T21:48:42.884223+00:00,1.820133498999894,1.8194916709999944,88836,0.9892496410038802,0.011798144000067623,719,c1ee18d0acaf07d46f087bc7e62f72853a61c946ab9854f37cddf8651752bd51,bb8e8c3a1546e4fe257f5b192a1db404b2b2c68cf4853a8e96c6277cf1a4ef90,b7d38ac2b46849842b6d0ab54f7ffa73005875a5088ac3078326f99dc3b2bec4,818210,games/h23_prior__exposure__1459327281__1/RESULT.json,games/h23_prior__exposure__1459327281__1/replay.jsonl.gz
h23_prior__exposure__148094548__0,h23_prior,exposure,148094548,0,False,True,True,719,200340.0,True,,2026-09-13T21:48:07.904847+00:00,2026-09-13T21:48:09.597968+00:00,1.693125600999906,1.6930855849999995,87812,0.8933156569978564,0.014161951000005502,719,8733436e518dedf7946e3ef0915e071ea5013e08ff00203f397477bafa3fa000,ff96135b44c74a369428cdfcfb76e70b30d93559da8b3f75cd01f988d1e46cbc,94a2c424af9cc72caad441e8e0702c573184704fb5f2ee71610c4f709c7dfd87,801063,games/h23_prior__exposure__148094548__0/RESULT.json,games/h23_prior__exposure__148094548__0/replay.jsonl.gz
h23_prior__exposure__148094548__1,h23_prior,exposure,148094548,1,False,True,True,719,214048.0,True,,2026-09-13T21:48:08.019418+00:00,2026-09-13T21:48:09.765309+00:00,1.7458485480000263,1.7441698200000002,87812,0.9150373640015914,0.012013418999913483,719,e472eb198fcc3b814215c78f07f9bdd229f51756497979e69ea9282001a91074,b34063b05f0970978fa2364439c9bbff4726a3c93329f636cf27872c593a9f51,7999e10ad4cbdbbda347edd27867d4bef286a6c95335822f9a65249513bed066,806146,games/h23_prior__exposure__148094548__1/RESULT.json,games/h23_prior__exposure__148094548__1/replay.jsonl.gz
h23_prior__exposure__1501860085__0,h23_prior,exposure,1501860085,0,False,True,True,719,205303.0,True,,2026-09-13T21:48:41.537546+00:00,2026-09-13T21:48:43.273229+00:00,1.7356870689999369,1.7355625049999972,88836,0.8808452770003896,0.01707862800003568,719,14515b1bade80eb93a0d2bef37edfc40c75c79039deab3189b13c8d833105dac,311a31ffbea60d273f010d9de33c1796e30987a7005277a84c8adfa3a948c1bd,e2cdd4446b3df2b2c0423a673e2d34325c47db2797191d39174c9f498057ea65,905224,games/h23_prior__exposure__1501860085__0/RESULT.json,games/h23_prior__exposure__1501860085__0/replay.jsonl.gz
h23_prior__exposure__1501860085__1,h23_prior,exposure,1501860085,1,False,True,True,719,176491.0,True,,2026-09-13T21:48:42.887533+00:00,2026-09-13T21:48:44.673310+00:00,1.785779844999979,1.7851086350000003,88836,0.9181344900001704,0.008567803999994794,719,e7b004829804a42d1d7b873c6fb9f64caa84e08d6f0ec0464d43b0f33ba6a52d,286c2adeb4a5463e4e9806673a844dd34e3226be7de8820259fc022b1bb94fa5,132f13f80f2c02fb2ac7619f58d254a969dbe5ce56750cfdd8d25d9207ead58c,827991,games/h23_prior__exposure__1501860085__1/RESULT.json,games/h23_prior__exposure__1501860085__1/replay.jsonl.gz
h23_prior__exposure__1514191294__0,h23_prior,exposure,1514191294,0,False,True,True,719,226482.0,True,,2026-09-13T21:48:43.275675+00:00,2026-09-13T21:48:45.042195+00:00,1.7665235789999088,1.7664344299999968,88836,0.8697942510002576,0.013824402000068403,719,8145b4e2671a37dc4a167043f50d721c30fc6b380cd48d11551ce9bcc03a8491,8e6369d281f5c9158962adefc8171a0a66203f98d95e77b20d3ebcf9d38f2e6a,42f7ab88c59a03307fcde547f339ccd25ee6178cd52faf443bcaa88e9f03c04b,919882,games/h23_prior__exposure__1514191294__0/RESULT.json,games/h23_prior__exposure__1514191294__0/replay.jsonl.gz
h23_prior__exposure__1514191294__1,h23_prior,exposure,1514191294,1,False,True,True,719,226482.0,True,,2026-09-13T21:48:44.675599+00:00,2026-09-13T21:48:46.477836+00:00,1.8022407579999253,1.8015368679999995,88836,0.9145709930000976,0.00957500100003017,719,e564677b72e5298ac6f1bd4f184afeefe646ff145ef8f31d38ba2e23bd74d09c,6dd06b55212bde40433189a08b687ff08118f2c63d094383901401880dcfcd1c,d1eed3fbdc6369f6654f473b434bae98118c98f34373f735e7b8228aa3ae6708,920477,games/h23_prior__exposure__1514191294__1/RESULT.json,games/h23_prior__exposure__1514191294__1/replay.jsonl.gz
h23_prior__exposure__1652205610__0,h23_prior,exposure,1652205610,0,False,True,True,719,184433.0,True,,2026-09-13T21:48:45.044538+00:00,2026-09-13T21:48:46.831612+00:00,1.7870780729999751,1.7870024580000035,88836,0.929146711997987,0.01344705500002874,719,34b1a919b3bba5692c4efec4474013acddc051efd524938e2842cc80f7adf1f8,c63a52281fca4499697f817da562807f12d3ff36a236bb463b6958d215159b64,d21b46cccfc23372407e368c942c48b4f359335afb548d122e970382a56e0645,862119,games/h23_prior__exposure__1652205610__0/RESULT.json,games/h23_prior__exposure__1652205610__0/replay.jsonl.gz
h23_prior__exposure__1652205610__1,h23_prior,exposure,1652205610,1,False,True,True,719,168430.0,True,,2026-09-13T21:48:46.484021+00:00,2026-09-13T21:48:48.278150+00:00,1.7941317339999614,1.7934603980000006,88964,0.9476199180001004,0.009141209999938837,719,dee312ff28ee9e7ad000af4f03fd3075e221a915a33492d947720cb785ae7aea,2f48afba2ec24bbfa3d51073301e38fc9838421430b777abe2c533fb874307c4,bbe2b1571076651e737f01ab8693a6e1edb18b66175896d6c145ef5941b22913,849399,games/h23_prior__exposure__1652205610__1/RESULT.json,games/h23_prior__exposure__1652205610__1/replay.jsonl.gz
h23_prior__exposure__1658182076__0,h23_prior,exposure,1658182076,0,False,True,True,719,226110.0,True,,2026-09-13T21:48:46.834417+00:00,2026-09-13T21:48:48.601022+00:00,1.7666081769999664,1.7665332730000003,89092,0.9391571029989336,0.011942061000013382,719,39945fbbe02305376d3e732d2bd0cba125e856901811bc7658db921696fd3922,bba8e3f34853236500f5dc8f1c89fbaf2780782b638489e8cdf3c6faef130da2,d354679853d33b02b223c9c56482cf7a5fca372a874f8eb0663b6aa75b87c069,856854,games/h23_prior__exposure__1658182076__0/RESULT.json,games/h23_prior__exposure__1658182076__0/replay.jsonl.gz
h23_prior__exposure__1658182076__1,h23_prior,exposure,1658182076,1,False,True,True,719,226110.0,True,,2026-09-13T21:48:48.280546+00:00,2026-09-13T21:48:50.240835+00:00,1.9602917559999469,1.9596359029999988,88964,1.0583263070014937,0.03820176800002173,719,1263f3f631f7a17a0a594dec347831c5b940c7a05e2ffca016c76c0b5c0aa481,019826acc76e50e7702584144a5a9d7f1184d9641cdf57fcdee732fec0c20d9c,b2f6eee13fcfbc7dae76eb54a3d7282c393a2a8e82a41133e5a3a3bf850fcd7d,860180,games/h23_prior__exposure__1658182076__1/RESULT.json,games/h23_prior__exposure__1658182076__1/replay.jsonl.gz
h23_prior__exposure__1681080428__0,h23_prior,exposure,1681080428,0,False,True,True,719,173063.0,True,,2026-09-13T21:48:48.603242+00:00,2026-09-13T21:48:50.470411+00:00,1.8671710789999452,1.8670818330000003,89092,0.9737822160012684,0.01584614099999726,719,abc9dcedd15c96ac679fd87864308a5086cbc6d5c4c364185ef854990a4784a7,37d33e7567997e0289f9a03661932d3c7791821c8671118755e838e65dbd8210,c2d21c202f80990c8f3245c151463d7145ba42ef6e65beb08392c23e1c19a192,822038,games/h23_prior__exposure__1681080428__0/RESULT.json,games/h23_prior__exposure__1681080428__0/replay.jsonl.gz
h23_prior__exposure__1681080428__1,h23_prior,exposure,1681080428,1,False,True,True,719,162095.0,True,,2026-09-13T21:48:50.243179+00:00,2026-09-13T21:48:51.960284+00:00,1.7171090399999684,1.7167326550000013,88964,0.8754855590000261,0.012255758000037531,719,4762c92008e0336bbdb0acff40cdcea8421e7d5a9a695ac684055ed92a8f58f1,509e17b6d7bd020afe85feeed4904a9551240131ac4db80b1b4bc3e421e3250e,71a048a8ea42ff8889d596e898d51c53c9e4f54eca7690cbcbf709ba56c41bf4,866642,games/h23_prior__exposure__1681080428__1/RESULT.json,games/h23_prior__exposure__1681080428__1/replay.jsonl.gz
h23_prior__exposure__1715028217__0,h23_prior,exposure,1715028217,0,False,True,True,719,251578.0,True,,2026-09-13T21:48:50.472806+00:00,2026-09-13T21:48:52.323678+00:00,1.8508782110000084,1.8508103830000024,89092,0.9674250279999796,0.013968877000024804,719,a2be10608ab3a97122de49ba3fe3189a8c190e7f56cf8ea62700c3899d5d0feb,4b297598803ca64cbe6866022ab49b95ddc479befce0d989ff420dae72f4e63d,487930f517fa3d924dfef39fe602aea46940e4848eb71589f350a8b6be0fbb2b,894482,games/h23_prior__exposure__1715028217__0/RESULT.json,games/h23_prior__exposure__1715028217__0/replay.jsonl.gz
h23_prior__exposure__1715028217__1,h23_prior,exposure,1715028217,1,False,True,True,719,251578.0,True,,2026-09-13T21:48:51.962678+00:00,2026-09-13T21:48:53.754899+00:00,1.7922241280000435,1.7916779899999966,88964,0.9434892180007637,0.009722299999907591,719,704b35f33c9503784673842ec8931af772725e76fd7f1ea4294c0ffe5aef7a3b,51974319419895de160159826c32bf4785b791c7bf6189268fef8afde20a6614,071a3df0daec3acefda59e15c0c769fa5689f753ea57f9b3c437ebda36ff7fb9,891617,games/h23_prior__exposure__1715028217__1/RESULT.json,games/h23_prior__exposure__1715028217__1/replay.jsonl.gz
h23_prior__exposure__1722159489__0,h23_prior,exposure,1722159489,0,False,True,True,719,195210.0,True,,2026-09-13T21:48:52.326178+00:00,2026-09-13T21:48:54.030369+00:00,1.7041957210000191,1.7041239099999999,89092,0.913993051001853,0.010579367999980605,719,09385336d3f60a5488593bcd29920ae5b2b349246c6c57bf237bf6398f30ebf6,79435f9e8c61f0874c87cda036e49888fa089c88754a8646be28ab6679de01b8,a84dc382167dfb99591aadd652c6276e7b68dff5d22b63d6586b184f75e21494,826578,games/h23_prior__exposure__1722159489__0/RESULT.json,games/h23_prior__exposure__1722159489__0/replay.jsonl.gz
h23_prior__exposure__1722159489__1,h23_prior,exposure,1722159489,1,False,True,True,719,194501.0,True,,2026-09-13T21:48:53.757363+00:00,2026-09-13T21:48:55.491299+00:00,1.7339406739999959,1.733431191000001,88964,0.9062210949995233,0.010539257999994334,719,ea745b73f7674757d0d358f719cc5c6e625a7fa66221d11c2568c07835efb1ba,41f83dde09286454bb1daf75f21039af40faba05eb96e439c8f7c14ec128db89,ea1debff9821805b33d8c55e53dd4f33c0aef9f298283d0bb781d30442570245,818826,games/h23_prior__exposure__1722159489__1/RESULT.json,games/h23_prior__exposure__1722159489__1/replay.jsonl.gz
h23_prior__exposure__1781448506__0,h23_prior,exposure,1781448506,0,False,True,True,719,210478.0,True,,2026-09-13T21:48:54.032467+00:00,2026-09-13T21:48:55.751674+00:00,1.7192112429999042,1.7191729780000031,89092,0.9234186140015481,0.012425480000047173,719,ed2577fda4c54a0beed32e2a0240872bd50c3e791797925977035ed64a9ed082,8b55dd235f04fe085da7e9b3520f50b26f8650917a46b12896de63f1cb49441f,a16aea3cfc8ad532c3bfdd0435a1abee5ec3597190b5f8ad75a08adcee9fde0c,788063,games/h23_prior__exposure__1781448506__0/RESULT.json,games/h23_prior__exposure__1781448506__0/replay.jsonl.gz
h23_prior__exposure__1781448506__1,h23_prior,exposure,1781448506,1,False,True,True,719,175986.0,True,,2026-09-13T21:48:55.493962+00:00,2026-09-13T21:48:57.236339+00:00,1.7423805480000283,1.7417770509999997,88964,0.941909255001292,0.011371135999979742,719,39e5fc0b36c81a2b46f3fb1875c0260225abf6d4817f050a26565df5ce046a33,e379e76cd7d08197812d92ba2263fd9f361a91e5774c362658671572b1f64d31,e9a7ca0eb8227614cb08c11f611335ef67d0c141888de085b6bd3d79ea5b4a4f,770714,games/h23_prior__exposure__1781448506__1/RESULT.json,games/h23_prior__exposure__1781448506__1/replay.jsonl.gz
h23_prior__exposure__180752382__0,h23_prior,exposure,180752382,0,False,True,True,719,224548.0,True,,2026-09-13T21:48:09.600305+00:00,2026-09-13T21:48:11.311292+00:00,1.710930017999999,1.7109072249999997,87940,0.9189590910004881,0.013683549999996103,719,b946289812f4681a08e984c2825d0ab68d698a443615f36f77ba72b6910bf397,88844795845b82d9e43c02611635172e66ee127f4104cf401087eff2ca679d03,196d470b44647ca34ea0a821a2fb3f6584cfaacda8df340902b3e63b8e1f5054,889422,games/h23_prior__exposure__180752382__0/RESULT.json,games/h23_prior__exposure__180752382__0/replay.jsonl.gz
h23_prior__exposure__180752382__1,h23_prior,exposure,180752382,1,False,True,True,719,226827.0,True,,2026-09-13T21:48:09.767712+00:00,2026-09-13T21:48:11.574722+00:00,1.8070135109999228,1.8052384349999997,87940,0.9518529750007474,0.01119390899998507,719,6c3bc3b2c12d31dcd3b8f8d5ee60fa2b31a5501e0df2bcc32defe4551876d189,2522abf89edf5453f25e4020437aaa04cdab769f1ab31245fad3c94faaddfb66,20ccd61883e33ccb33ec02d7cffc170725aafe0571efd3184c3dfbd2b92007d7,891389,games/h23_prior__exposure__180752382__1/RESULT.json,games/h23_prior__exposure__180752382__1/replay.jsonl.gz
h23_prior__exposure__1856155813__0,h23_prior,exposure,1856155813,0,False,True,True,719,162256.0,True,,2026-09-13T21:48:55.753707+00:00,2026-09-13T21:48:57.449588+00:00,1.6958852059999572,1.6957599440000024,89092,0.8612911129984013,0.007584806999943794,719,522f47569552746a2f662379aadc3a92a54cbe179288e12ee417f5c69afffe65,111e6b652e949b8696803dc5692023d298afc7e3846571895d258ade36045359,df898dac732e8c0ab93aab6ff688c9eb85eb911a966d1581b1a3eb8ebb3a41ab,906853,games/h23_prior__exposure__1856155813__0/RESULT.json,games/h23_prior__exposure__1856155813__0/replay.jsonl.gz
h23_prior__exposure__1856155813__1,h23_prior,exposure,1856155813,1,False,True,True,719,162402.0,True,,2026-09-13T21:48:57.238318+00:00,2026-09-13T21:48:58.994634+00:00,1.7563196129999596,1.7559383460000006,88964,0.9184605570021631,0.014322854000056395,719,9ad772d44539bbc08c6d79dd8d179213e920154cd1b776d2ada0636e35fb4fa1,ce26b8c61ac600987a2c5de3bac2347ac2d2c8c3666114ea422aa8326540d9be,cf07b186ae86d8b661f76f8da99dad036ed342ac50632fb1945f635c1f684f85,924001,games/h23_prior__exposure__1856155813__1/RESULT.json,games/h23_prior__exposure__1856155813__1/replay.jsonl.gz
h23_prior__exposure__1948729637__0,h23_prior,exposure,1948729637,0,False,True,True,719,213149.0,True,,2026-09-13T21:48:57.451874+00:00,2026-09-13T21:48:59.259039+00:00,1.8071697080000604,1.8071441079999957,89092,0.9299385250003525,0.009463527999969301,719,00a49b2cfe1f90fb3521e1fb5d62d2592e85c0402fab299f3d2b2ccffcd32466,88d00c3863ce3f0705f9141fe76b49db1899dfb4fe3e6d676e552dfc1d48159c,1160531d397f467083fcdacb0926f376b98a4ae8f5f313e1a265660cd1591c87,907421,games/h23_prior__exposure__1948729637__0/RESULT.json,games/h23_prior__exposure__1948729637__0/replay.jsonl.gz
h23_prior__exposure__1948729637__1,h23_prior,exposure,1948729637,1,False,True,True,719,195211.0,True,,2026-09-13T21:48:58.997915+00:00,2026-09-13T21:49:00.787893+00:00,1.7899813280000672,1.7894064250000028,89348,0.9097001579976904,0.011858268999958455,719,5dc65aa7a00937682bb86548bf685892f081b1bca213490330fbd9a3be1da2b0,93307351639bc8b661252fc4397b1ec9e40e7ffa0b04cb20307c86d53976025b,a621a7a35c29cd5ad9ba0dd57194266a926f5dd7bf98c3afb0bfe22f7760ab22,899915,games/h23_prior__exposure__1948729637__1/RESULT.json,games/h23_prior__exposure__1948729637__1/replay.jsonl.gz
h23_prior__exposure__2027896586__0,h23_prior,exposure,2027896586,0,False,True,True,719,186751.0,True,,2026-09-13T21:48:59.261388+00:00,2026-09-13T21:49:01.019384+00:00,1.7579985419999957,1.757922225999998,89092,0.9152132519986935,0.012993144000006396,719,d74de5576a16c066184215d180916b2bb428203164772450d009de4544f22e1b,d678173bd7d7f3397f543dbf22072ddee4df565619f1a48a3710e40a75ef5802,a05a4eac714577fcd7c236c6aeac53b264e487bdfc293cd7d7550edaede6e45f,912178,games/h23_prior__exposure__2027896586__0/RESULT.json,games/h23_prior__exposure__2027896586__0/replay.jsonl.gz
h23_prior__exposure__2027896586__1,h23_prior,exposure,2027896586,1,False,True,True,719,186751.0,True,,2026-09-13T21:49:00.790202+00:00,2026-09-13T21:49:02.568643+00:00,1.7784440949999407,1.7777816299999998,89348,0.9138667030010765,0.00984501100003854,719,e9d986a6d795e503c0b57e93ca97e2056d9a63d21a8ddfcaab7770832316d3ba,4c513e06971b460b679fe55e667f5128978ffa9d793f70d6695f324c0a8c91f8,24e9908b693c65550379997684e187ec3f20820081c9b5d5ad89a264e516a649,913972,games/h23_prior__exposure__2027896586__1/RESULT.json,games/h23_prior__exposure__2027896586__1/replay.jsonl.gz
h23_prior__exposure__219026998__0,h23_prior,exposure,219026998,0,False,True,True,719,210707.0,True,,2026-09-13T21:48:11.313557+00:00,2026-09-13T21:48:13.017285+00:00,1.7037325840000221,1.703696150999999,87940,0.8736619410004778,0.011513733000015236,719,a9c3061b2156853167f6925b5c31123388017c91c01d5331b01e425f5228555e,fce2029bc20205db2e446ede2b4d382d4846bd1e2811fdda3b7a2ffd3a4cd576,6d50a25fae623014115751efe9fc3c8effdb24306dbbf609918c24c6cc0e6e33,870492,games/h23_prior__exposure__219026998__0/RESULT.json,games/h23_prior__exposure__219026998__0/replay.jsonl.gz
h23_prior__exposure__219026998__1,h23_prior,exposure,219026998,1,False,True,True,719,210707.0,True,,2026-09-13T21:48:11.577682+00:00,2026-09-13T21:48:13.341368+00:00,1.7636857359999567,1.7617909539999994,88196,0.9164852100017242,0.008247345999961908,719,1b369dbbe1f50dfb27293ee7635a88a0f9e15498c2e33eee1c3fb25222206f8f,da78af22f80fcba6f22848fa745a45c1d2465c81711b3d04e107d171be60e4b6,e7d6da1f6ae82bbf12c8f2dfe63a344a2c29704dc4f83f35c027fa9444a632a2,884817,games/h23_prior__exposure__219026998__1/RESULT.json,games/h23_prior__exposure__219026998__1/replay.jsonl.gz
h23_prior__exposure__28576209__0,h23_prior,exposure,28576209,0,False,True,True,719,205830.0,True,,2026-09-13T21:48:04.310254+00:00,2026-09-13T21:48:06.222413+00:00,1.911469970999974,1.909580025,86404,0.9669132480004237,0.00845009600004687,719,630b2f7bf0183c9cab43c319b2b27547e27e78e00d21212b6ba7796719302a0f,91c9f6e56a5f299e2c76c284689e91ae8de1d4a6a6e50228440f741a8b2f93c7,3da1f25e6af1e0ca49bc0a5cdc73f17f68a4e160559554d26671230e47760b68,844267,games/h23_prior__exposure__28576209__0/RESULT.json,games/h23_prior__exposure__28576209__0/replay.jsonl.gz
h23_prior__exposure__28576209__1,h23_prior,exposure,28576209,1,False,True,True,719,208060.0,True,,2026-09-13T21:48:04.312491+00:00,2026-09-13T21:48:06.160033+00:00,1.8469282889999477,1.84677587,86404,0.9501653739999938,0.014948544999924707,719,517897eb21c51bbfcecee2775c1d50064a4588d9669112c82164ae1c3124ea65,983c5f2d62589dd70692b3cbe1d8d4285ffdb8056f087644ff0665f70f515f8d,5f54ed0f6f582ee40836e327c2005b80222c236ef9ed12f65983ae76a5fbd93e,851372,games/h23_prior__exposure__28576209__1/RESULT.json,games/h23_prior__exposure__28576209__1/replay.jsonl.gz
h23_prior__exposure__320211102__0,h23_prior,exposure,320211102,0,False,True,True,719,222796.0,True,,2026-09-13T21:48:13.019725+00:00,2026-09-13T21:48:14.775253+00:00,1.755528035999987,1.7553507780000004,88068,0.9146138720012686,0.018463369999949464,719,da09131dd36956ac2a454a038abc07452054371d080f2aa61e06dda55b8d1eb1,f9d5f16878e4e2668fc553f092688a4e98b5cb971c8de4410dfeda18a6507c4d,86041be875aefa002d93f13da47e500592d8631519beb1822c9d5e26adda8aa8,894508,games/h23_prior__exposure__320211102__0/RESULT.json,games/h23_prior__exposure__320211102__0/replay.jsonl.gz
h23_prior__exposure__320211102__1,h23_prior,exposure,320211102,1,False,True,True,719,240498.0,True,,2026-09-13T21:48:13.343690+00:00,2026-09-13T21:48:15.155177+00:00,1.8114909309999803,1.8097901509999996,88196,0.9359122169978491,0.010925649000000703,719,3b10ad98dfcfe4198c746977d6c56aa0ab7418cde7bbda15da56d7b9800e571c,53e8032e7e82d6da10a7b0894b0e9aee4c359525977ee28893fe46856dbd9122,cde36f6033f3492988cc54fa1ebfec723a62d62bccdc5809582c1b5c6b837657,903224,games/h23_prior__exposure__320211102__1/RESULT.json,games/h23_prior__exposure__320211102__1/replay.jsonl.gz
h23_prior__exposure__337943030__0,h23_prior,exposure,337943030,0,False,True,True,719,161277.0,True,,2026-09-13T21:48:14.777774+00:00,2026-09-13T21:48:16.524352+00:00,1.7465795269999944,1.7463613850000002,88196,0.90994349600237,0.01084639199996218,719,0068b3cd7eed92b99b30ec08f98deedae6455bab1f6ca0667d58c5ba1b8cd4a7,b58bed16bd3828234e8fc76a0772832882b6fd7133c8aaf52c1545a1595b1357,9b7059564ca086fd6ac034bcaca6593dbb87c7a6fbb91dc4462d1750b30ec717,881001,games/h23_prior__exposure__337943030__0/RESULT.json,games/h23_prior__exposure__337943030__0/replay.jsonl.gz
h23_prior__exposure__337943030__1,h23_prior,exposure,337943030,1,False,True,True,719,147535.0,True,,2026-09-13T21:48:15.157571+00:00,2026-09-13T21:48:16.938747+00:00,1.7811808000000156,1.777140761,88452,0.9084929869985672,0.014666256999930738,719,36cf91bdeff2cfb1781fe24337ccad44d93a579f40e3b60d94a2ba9ddc466b7f,39938b0d30cdb636658f3d47faaccb6c83d906f0355b546a6d2766cd8ca601ac,f811e4ee75069770897fc31a5b474f469832d40466ae05a7058cabd6717e9da5,935564,games/h23_prior__exposure__337943030__1/RESULT.json,games/h23_prior__exposure__337943030__1/replay.jsonl.gz
h23_prior__exposure__370413548__0,h23_prior,exposure,370413548,0,False,True,True,719,190227.0,True,,2026-09-13T21:48:16.526537+00:00,2026-09-13T21:48:18.645635+00:00,2.1191024099999822,2.1190600269999997,88452,0.9062175440006968,0.014331104000007144,719,6bb5ef54bd314ed2e4bf016895d6a6fa47e12c2ca68ed7627299bbfd0c91c3da,fd1804cd056bfa1b346bba093596e473015b206027778b713d69f2e774b6c63c,d48e671eb12e5575dbc5996d489a7445f35add26e54313ec1ba43c57d764725d,839842,games/h23_prior__exposure__370413548__0/RESULT.json,games/h23_prior__exposure__370413548__0/replay.jsonl.gz
h23_prior__exposure__370413548__1,h23_prior,exposure,370413548,1,False,True,True,719,190227.0,True,,2026-09-13T21:48:16.941911+00:00,2026-09-13T21:48:19.106860+00:00,2.1649480840000024,2.1627725190000007,88708,0.981814162998262,0.009068819000049189,719,397a3d9b25a47896e767a35cef571ba0567cf93240bd0ac5db161764e7a20418,3645c38a6be62360164a996b72e1c10e3329a0e1c790bd725619dc7712fd76db,1284a589aa54482a2bb166150090d97ad682d4568ee79fa1d64e92b6bb3e3ef5,832587,games/h23_prior__exposure__370413548__1/RESULT.json,games/h23_prior__exposure__370413548__1/replay.jsonl.gz
h23_prior__exposure__383365175__0,h23_prior,exposure,383365175,0,False,True,True,719,232311.0,True,,2026-09-13T21:48:18.647873+00:00,2026-09-13T21:48:20.340005+00:00,1.6921358200000896,1.6921127439999992,88452,0.9006635030001462,0.01679580100005751,719,c5cef66fdd2452a23eaf6eaff80aa5f81725fdc693bb0206c469bae77f0ef355,519bba95269c0b6c9180d7a0c61f6bddd16224c7a47bb9a27378b819cc04d434,008f3497980a1ed190031f47f6f322d924a0882f80083d0ca69c34f6373e29bb,860445,games/h23_prior__exposure__383365175__0/RESULT.json,games/h23_prior__exposure__383365175__0/replay.jsonl.gz
h23_prior__exposure__383365175__1,h23_prior,exposure,383365175,1,False,True,True,719,196864.0,True,,2026-09-13T21:48:19.112296+00:00,2026-09-13T21:48:20.885174+00:00,1.7728792010000234,1.7710169430000011,88708,0.9489772439999342,0.011428596999962792,719,ec55842a6d1ba4545a1e731db2c29da04452028e1e696f9e35c149e58fedf25e,f5375093a91cd3c373f676237688119a9a0cf32e0f46599cbb08b26a5f5a551d,b0379d08884ec5857506965e57a7430dc1b98038a3f0ef11037e62881f1bd4b3,853401,games/h23_prior__exposure__383365175__1/RESULT.json,games/h23_prior__exposure__383365175__1/replay.jsonl.gz
h23_prior__exposure__394509745__0,h23_prior,exposure,394509745,0,False,True,True,719,196307.0,True,,2026-09-13T21:48:20.342551+00:00,2026-09-13T21:48:22.147008+00:00,1.8044576390000202,1.8042971759999986,88452,0.952773570000204,0.010420016000011856,719,e29350e2ae4f2a39aa5b935628065901ef59d7c95c30cd44fb5727239456c560,48b60368c92f996dab09f9fb25aefc89dc24d49b3a7ddd2f727cee96221bfb7e,a05d0a53734a580a86c88b43e578236bb98a4b740c37eedfddec37bbda08d7d3,870314,games/h23_prior__exposure__394509745__0/RESULT.json,games/h23_prior__exposure__394509745__0/replay.jsonl.gz
h23_prior__exposure__394509745__1,h23_prior,exposure,394509745,1,False,True,True,719,245487.0,True,,2026-09-13T21:48:20.887371+00:00,2026-09-13T21:48:22.652395+00:00,1.7650271320000002,1.7634027619999983,88708,0.9367264429993156,0.012291200999925422,719,909d1f64eb938430571bc4ce7d9387cb58a258643ef2472194f24debf9f29d87,bd5a67782ee47ad10ecb40db96c59f6db9ea502a67d711cd8620ad66df2eb540,862c2ef915ddc6fbd6ec065d8b6a898d811b3fd27f227f83188e7fd5c2fbf74a,887834,games/h23_prior__exposure__394509745__1/RESULT.json,games/h23_prior__exposure__394509745__1/replay.jsonl.gz
h23_prior__exposure__702093297__0,h23_prior,exposure,702093297,0,False,True,True,719,246888.0,True,,2026-09-13T21:48:22.149222+00:00,2026-09-13T21:48:23.926834+00:00,1.7776162840000325,1.7775700619999988,88452,0.9118157610012076,0.013954753999996683,719,3f77713941b644ba82bd8566c9e95bccbe129c068167fd22b281e830edae06af,164ed6126218f1b9bffa081d86cf9344fc364372d7ebaa9a3009174f12b8e008,4085f58c2a9c3c9b901d293d15612be86a0be1d34b8dc1788939267b98b62788,891507,games/h23_prior__exposure__702093297__0/RESULT.json,games/h23_prior__exposure__702093297__0/replay.jsonl.gz
h23_prior__exposure__702093297__1,h23_prior,exposure,702093297,1,False,True,True,719,246888.0,True,,2026-09-13T21:48:22.654828+00:00,2026-09-13T21:48:24.433468+00:00,1.778643570999975,1.776293643999999,88708,0.9363054839968754,0.01456331899998986,719,82156f3f19979f14662a28e4dfde21f6324af102600f66896af079406cf915f7,197b4179c5083418db3e95631c177fdb878f21f8ffeb4b0aa74612bf3446f0a6,823df8e0d31637365414cc7543d1b8a6fd089832647165edd010038736ee68f4,898673,games/h23_prior__exposure__702093297__1/RESULT.json,games/h23_prior__exposure__702093297__1/replay.jsonl.gz
h23_prior__exposure__766857369__0,h23_prior,exposure,766857369,0,False,True,True,719,180144.0,True,,2026-09-13T21:48:23.929660+00:00,2026-09-13T21:48:25.648264+00:00,1.718608546999917,1.7185913110000008,88452,0.8920392859980666,0.00856821900003979,719,ebbccb6739f239d4230699608a08e4670d939b0bbcd3e0b01804b9e6471b1531,cf3dfc4b6531e1e64a222ec202ee95f48195eab66876f84d32d2a040d86b2bfe,8f1b115ff243939e05418b9da40ac8df1c115ca6292c1ecf137f443381c5bee4,874698,games/h23_prior__exposure__766857369__0/RESULT.json,games/h23_prior__exposure__766857369__0/replay.jsonl.gz
h23_prior__exposure__766857369__1,h23_prior,exposure,766857369,1,False,True,True,719,180160.0,True,,2026-09-13T21:48:24.435727+00:00,2026-09-13T21:48:26.281020+00:00,1.8452969820000362,1.8434974859999969,88708,0.9706380659985143,0.013488008000081209,719,fb44f64af2860f1aa36799a3ee5fd3f42caac1d4e1fc9860095ea1adc9444458,3122480888deffdab6ab151594ede3ed5c4770d38882ac633fd4a726c295d18e,792af2a16eba0b41981d2d21d3a046574687b7b23d2c839afaa44447a48154b4,880729,games/h23_prior__exposure__766857369__1/RESULT.json,games/h23_prior__exposure__766857369__1/replay.jsonl.gz
h23_prior__exposure__833126169__0,h23_prior,exposure,833126169,0,False,True,True,719,238123.0,True,,2026-09-13T21:48:25.650364+00:00,2026-09-13T21:48:27.392961+00:00,1.7426026320000574,1.7425703709999993,88452,0.9056396290013708,0.01068060099999002,719,af9918a41b47d6cc57a72e33b61aeeec79d49e6c604cfc90d9d3c728ccb13599,c5e3ea7310142ae745876bf0aff3ea42196db85f3eae478920c9b99cf6d2b2a7,f9b53a7225f4f065b660bc33a2b05301e50e1b5c7d8c0d7dfc3fc6f4d9c74c3b,878931,games/h23_prior__exposure__833126169__0/RESULT.json,games/h23_prior__exposure__833126169__0/replay.jsonl.gz
h23_prior__exposure__833126169__1,h23_prior,exposure,833126169,1,False,True,True,719,238123.0,True,,2026-09-13T21:48:26.283389+00:00,2026-09-13T21:48:28.050848+00:00,1.7674611769999728,1.7659421580000014,88708,0.9223804889985558,0.009625819999996565,719,761d7cc3f16e3e7e4e2a0fe48d868773fbff8366e4e4ef5d6d007bc5acdd0718,518dca0e5a294e710c41f5ae7c6ffd3d35b7e584cfb4f49c81b6ad20059e63e3,9fd3ead4253845222f85bedc2082f733ca36e1d474c3a05d73f273e5e75fb64c,881767,games/h23_prior__exposure__833126169__1/RESULT.json,games/h23_prior__exposure__833126169__1/replay.jsonl.gz
h23_prior__exposure__967718147__0,h23_prior,exposure,967718147,0,False,True,True,719,248808.0,True,,2026-09-13T21:48:27.395406+00:00,2026-09-13T21:48:29.125639+00:00,1.7302352919999748,1.730191572999999,88580,0.8950913289978644,0.008777397000017118,719,8465648be9e5a4d2a70754bd96ee4762f8c2d9f1776e1fd48c0285167ec19226,efb481b6bd1b4f89776bfc301dc8710c375d972de015564823d918a8615c3d25,ecec28b673722f33c21048e44ce67b57ac8fc72200ca0f2eac5cdc0e325d5965,903293,games/h23_prior__exposure__967718147__0/RESULT.json,games/h23_prior__exposure__967718147__0/replay.jsonl.gz
h23_prior__exposure__967718147__1,h23_prior,exposure,967718147,1,False,True,True,719,216336.0,True,,2026-09-13T21:48:28.053088+00:00,2026-09-13T21:48:29.853388+00:00,1.8003037270000277,1.798727446000001,88708,0.9305652810013498,0.010411610999994991,719,fca58dbbcb5b047872267f5dc71939475944d4efcab2618bd5dc984359a226e5,39bf61cd39f7be8ce845f5983d2469a393002a09a4a6cfba059917baa49020cf,e98f9ff5381ce945e3d9f34dd6eb4e6a8c3217fcb1a1a616fa802f5b5193e21d,879412,games/h23_prior__exposure__967718147__1/RESULT.json,games/h23_prior__exposure__967718147__1/replay.jsonl.gz
h23_prior__exposure__979746784__0,h23_prior,exposure,979746784,0,False,True,True,719,192423.0,True,,2026-09-13T21:48:29.128022+00:00,2026-09-13T21:48:30.898722+00:00,1.7707005570000547,1.7705701450000007,88580,0.9453164940003944,0.010247881000054804,719,3df8138aa5566cbfff8bf4d416c303f49922c58e00056c26915e2cb0f40a666d,6a89d938ed797b2a122f7b5ade361e6084f98098e6c5e57211d35834515763aa,a94c05307c71722d0017d38e3d760e8817c0e28736a3f29efb01f24963c2a3ee,857309,games/h23_prior__exposure__979746784__0/RESULT.json,games/h23_prior__exposure__979746784__0/replay.jsonl.gz
h23_prior__exposure__979746784__1,h23_prior,exposure,979746784,1,False,True,True,719,192423.0,True,,2026-09-13T21:48:29.855666+00:00,2026-09-13T21:48:31.640296+00:00,1.7846333609999192,1.7830227050000005,88708,0.9552797949997966,0.011651825000058125,719,da93a742c3523cad8a404f8289579797134103c76a124290dfe15df19135b7f5,ca451d67f009a0c0c1363f3a36a89e41ef989a795bc7f7a8a67ae5ce03fab653,ee3119e2dbf9d40c4c9ee9ed1f67cf606d28cd859ef30be20f7646082db814fa,846944,games/h23_prior__exposure__979746784__1/RESULT.json,games/h23_prior__exposure__979746784__1/replay.jsonl.gz
h23_prior__exposure__979914492__0,h23_prior,exposure,979914492,0,False,True,True,719,216017.0,True,,2026-09-13T21:48:30.901051+00:00,2026-09-13T21:48:32.654991+00:00,1.753945493999936,1.7529635150000011,88580,0.9121912989999146,0.01335219399993548,719,ce03ebfaf936bd01275aa2907ea73e343b0faef0023e693e84d934e50a376f21,9e7e88ba4f668256c70c04fb53989103afd3e93dd4cdc1da936c9974865440d7,8b654d8f05594ac085d17b03a9bd8096eba2317515d2edb2c5c7da7310217711,894634,games/h23_prior__exposure__979914492__0/RESULT.json,games/h23_prior__exposure__979914492__0/replay.jsonl.gz
h23_prior__exposure__979914492__1,h23_prior,exposure,979914492,1,False,True,True,719,180610.0,True,,2026-09-13T21:48:31.642928+00:00,2026-09-13T21:48:33.452550+00:00,1.8096226499999375,1.8077814060000001,88708,0.9628154659991424,0.012384472000007918,719,e596d66a8ed6c62988e2d426c4e9f3c47766a56fa2e8e02c10c21b1ea5b74f0d,bfb3284b9ad7e9158f18bdde4332e158bbf80fc491db137c03afe3593f25b5fb,1725e002b389fefbcdb91dce0eac3a606c88c6e54b3c5f46c47dfacfdf0c6f47,803409,games/h23_prior__exposure__979914492__1/RESULT.json,games/h23_prior__exposure__979914492__1/replay.jsonl.gz
h4_capital_rolling_all__capital_rolling__1021451513__0,h4_capital_rolling_all,capital_rolling,1021451513,0,False,True,True,719,154068.0,True,,2026-09-13T21:51:56.979235+00:00,2026-09-13T21:52:06.698336+00:00,9.71909945699997,9.717758575999994,97336,7.6461925059991245,0.5584611090000635,719,57eb927b6048034d73d1e2ca24f1bd0d55b64ca193f4dbec3e5153f2d8447849,bbeede83a781107620aafe9332cb23c4b910928762c4d480fb82f86137ffec31,587f5b97b96681d6a8624222c52be22b0203d17eb0ef781b199c8f373c713261,820805,games/h4_capital_rolling_all__capital_rolling__1021451513__0/RESULT.json,games/h4_capital_rolling_all__capital_rolling__1021451513__0/replay.jsonl.gz
h4_capital_rolling_all__capital_rolling__1021451513__1,h4_capital_rolling_all,capital_rolling,1021451513,1,False,True,True,719,178966.0,True,,2026-09-13T21:52:03.341154+00:00,2026-09-13T21:52:09.805999+00:00,6.464848390000043,6.464628689999998,97776,5.17057909199923,0.42887822499994854,719,e139534eb56616dd39dbd6c91d0e1aa3320256a8a4d5766473dd8ea2d41655f8,4ff7371a2f87a2408a7a679f25b86dc24c2dbb10b8c388f2e132531c40747d14,143f58ebceee2e91a0a35d7fc383c9a0efbfa3dac30f45bfc52fdfa8b5a7051f,842016,games/h4_capital_rolling_all__capital_rolling__1021451513__1/RESULT.json,games/h4_capital_rolling_all__capital_rolling__1021451513__1/replay.jsonl.gz
h4_capital_rolling_all__capital_rolling__1040165653__0,h4_capital_rolling_all,capital_rolling,1040165653,0,False,True,True,719,241129.0,True,,2026-09-13T21:52:06.712979+00:00,2026-09-13T21:52:11.660735+00:00,4.947760393999943,4.947704473999991,97724,3.9757772080016593,0.26160919500000546,719,e030987e3e6cdf9693757c9a370b13924ec656046aac5525faddf81fb5bd2fe4,b71b433845104fc8e8761e3b3679bce7595090b2f7b603d71d3d4360339803ec,2afb10440ab7d46dda063abb69e93bc5dd484c646d846f439ce7d97bfc86cd54,854445,games/h4_capital_rolling_all__capital_rolling__1040165653__0/RESULT.json,games/h4_capital_rolling_all__capital_rolling__1040165653__0/replay.jsonl.gz
h4_capital_rolling_all__capital_rolling__1040165653__1,h4_capital_rolling_all,capital_rolling,1040165653,1,False,True,True,719,163064.0,True,,2026-09-13T21:52:09.809830+00:00,2026-09-13T21:52:13.893632+00:00,4.083807019999995,4.083719960999986,97832,3.200536779999993,0.2182112990000178,719,ef7e19521232dc50851d89cc3cf907c8b9985bff663357379cc78be77b52c3cc,a5c24db887450d68e99b2f8a751012de0049a776ddafcc78e468682ce8c23b80,3e58b155a500103bf854002030dc6e2c155dd946fdd3dabc75626abafc545b87,867605,games/h4_capital_rolling_all__capital_rolling__1040165653__1/RESULT.json,games/h4_capital_rolling_all__capital_rolling__1040165653__1/replay.jsonl.gz
h4_capital_rolling_all__capital_rolling__1047284227__0,h4_capital_rolling_all,capital_rolling,1047284227,0,False,True,True,719,182311.0,True,,2026-09-13T21:52:11.665273+00:00,2026-09-13T21:52:16.062003+00:00,4.396729549999918,4.396650013000027,97724,3.50436184000057,0.24671451900007924,719,3e3a2da6efedf55b621d50857d7b5fbde21aa2fd383a088f10147b0b436f3c62,8302b3fd384bc519d303951e2392bb7b98a7b3de33082e5ce4cba79a548b16c5,66eb8c7ffa1c65acb4d53bdb68c5c08c1e3a9026de362d8af051e0b579a0b606,839236,games/h4_capital_rolling_all__capital_rolling__1047284227__0/RESULT.json,games/h4_capital_rolling_all__capital_rolling__1047284227__0/replay.jsonl.gz
h4_capital_rolling_all__capital_rolling__1047284227__1,h4_capital_rolling_all,capital_rolling,1047284227,1,False,True,True,719,182311.0,True,,2026-09-13T21:52:13.897216+00:00,2026-09-13T21:52:18.104054+00:00,4.2068426619999855,4.206756407,97844,3.3484502869949893,0.23644963699996424,719,e34bd577da5064542a92621c7df496045533e2d3e8792a7448f78eb2729b090c,1aab9f46c7731d4322a23dd4f5cd977e040b5c6a3ebbdff6e250d8ee8120f6b8,d3135a16ac92cc166133ac6def74e41cc640b1372b8c30b44490761c70b9cf12,842768,games/h4_capital_rolling_all__capital_rolling__1047284227__1/RESULT.json,games/h4_capital_rolling_all__capital_rolling__1047284227__1/replay.jsonl.gz
h4_capital_rolling_all__capital_rolling__1138364143__0,h4_capital_rolling_all,capital_rolling,1138364143,0,False,True,True,719,168941.0,True,,2026-09-13T21:52:16.066570+00:00,2026-09-13T21:52:20.475620+00:00,4.409052323000083,4.409005217000015,97724,3.5098592960000587,0.20316530500008412,719,ae1b44db89220c9a439779f525303dd5c83b7d62652b82beb6e689cf3b063329,2d4d2d31016a51174552a59a44dc6110636aca23515214eee3b162e4b21a516c,6f9d16dbb32678e079b217c66648d1ebb152c4592a77f6dad81d247d009d1f14,837606,games/h4_capital_rolling_all__capital_rolling__1138364143__0/RESULT.json,games/h4_capital_rolling_all__capital_rolling__1138364143__0/replay.jsonl.gz
h4_capital_rolling_all__capital_rolling__1138364143__1,h4_capital_rolling_all,capital_rolling,1138364143,1,False,True,True,719,167748.0,True,,2026-09-13T21:52:18.108198+00:00,2026-09-13T21:52:22.422275+00:00,4.314085578999993,4.313994911000009,97844,3.3962637789991277,0.15972598399980598,719,69baf7347b67d9c4448efd3269680d1ae0c16ad130a609943c0c0c207ceb9c5c,010f7b0481dbbc5a5ff182ccc2112ca8b748966df9eeedd802ec40de2408bbda,f37be2db0c72ea3e404f0f643064e7f08111be7850f0caaffad02374d1ae5556,835653,games/h4_capital_rolling_all__capital_rolling__1138364143__1/RESULT.json,games/h4_capital_rolling_all__capital_rolling__1138364143__1/replay.jsonl.gz
h4_capital_rolling_all__capital_rolling__1175089851__0,h4_capital_rolling_all,capital_rolling,1175089851,0,False,True,True,719,160430.0,True,,2026-09-13T21:52:20.478977+00:00,2026-09-13T21:52:24.971339+00:00,4.492366437000101,4.492113164999978,97724,3.60107305099973,0.2882236540001486,719,f4f1da57b8c9bc777384d699f4ed431e1f218375f62f8f587b35fb96a86e498c,5e2a11ce060d4887a9495541696e7c764fe74b2ae2e86d39dfd6daf59ce91d89,6edbf2e38cd24f568f6843a0ba2b91efb5c2fe0c84d2890b6b37b404199d2be9,799655,games/h4_capital_rolling_all__capital_rolling__1175089851__0/RESULT.json,games/h4_capital_rolling_all__capital_rolling__1175089851__0/replay.jsonl.gz
h4_capital_rolling_all__capital_rolling__1175089851__1,h4_capital_rolling_all,capital_rolling,1175089851,1,False,True,True,719,160430.0,True,,2026-09-13T21:52:22.425957+00:00,2026-09-13T21:52:26.658139+00:00,4.232186476000152,4.232091497999988,97856,3.4008413359979386,0.22997881399987818,719,cdf700edfac5ff220071475b6c8609b01ba2d8e677394c83e752e2ee96684781,2074c61271b64e7faadf5e593ca23929ada11a84367dfccd095a58cdd0423b66,b96e5437e6fece4c33b3a0377d2ea9e7ee9c2cf4e54a6dd3b83fc50ad76cd1cb,800243,games/h4_capital_rolling_all__capital_rolling__1175089851__1/RESULT.json,games/h4_capital_rolling_all__capital_rolling__1175089851__1/replay.jsonl.gz
h4_capital_rolling_all__capital_rolling__1338192299__0,h4_capital_rolling_all,capital_rolling,1338192299,0,False,True,True,719,184782.0,True,,2026-09-13T21:52:24.974912+00:00,2026-09-13T21:52:29.392316+00:00,4.417414868000151,4.417351443000001,97724,3.5593733450009495,0.21055413399994904,719,e6f156d9c50d96700536f22a55ba22676063fefbe946f66c70b00c6030add4c6,a65f3da0228595fcd151119b0f9ce7021d2bad9424192e4f81302efc0ff1fcf2,2db8cb3975c15298a76e28aad4cb3583fb54f3dd396ed07da403203cd78cb69d,781400,games/h4_capital_rolling_all__capital_rolling__1338192299__0/RESULT.json,games/h4_capital_rolling_all__capital_rolling__1338192299__0/replay.jsonl.gz
h4_capital_rolling_all__capital_rolling__1338192299__1,h4_capital_rolling_all,capital_rolling,1338192299,1,False,True,True,719,186088.0,True,,2026-09-13T21:52:26.661550+00:00,2026-09-13T21:52:30.978149+00:00,4.316603263000161,4.316316439000019,97864,3.500005006002766,0.18593567799985067,719,d115f0d92206a3a4300a0017e379cfbc4b5031b173ebe5f0d66fdce95f05cb5e,57ea1fc24b55d4324580aaf1571906f7a4ccdd74bb8d05e840d3817f97f1a71d,644588114ecf43447fae7b920fe8d6fc14895e422d1b088fdb4c53d20ff462fd,768991,games/h4_capital_rolling_all__capital_rolling__1338192299__1/RESULT.json,games/h4_capital_rolling_all__capital_rolling__1338192299__1/replay.jsonl.gz
h4_capital_rolling_all__capital_rolling__1387052231__0,h4_capital_rolling_all,capital_rolling,1387052231,0,False,True,True,719,182269.0,True,,2026-09-13T21:52:29.396591+00:00,2026-09-13T21:52:33.825562+00:00,4.42897334700001,4.4288266510000085,97724,3.5811714970002413,0.2702795709999464,719,eff9dab8440dc3691b5604c70808bb7f38d3822e15b88dcb75499c2d185ad37a,b8729cad68b5e88206ab7fca946fb3afc1d822b40f1b5600f8ed5c37fd01966c,63e41468fe8df8dc6c0198b785a4980a84c4923e644093a937ed9ff25f01ac3a,786055,games/h4_capital_rolling_all__capital_rolling__1387052231__0/RESULT.json,games/h4_capital_rolling_all__capital_rolling__1387052231__0/replay.jsonl.gz
h4_capital_rolling_all__capital_rolling__1387052231__1,h4_capital_rolling_all,capital_rolling,1387052231,1,False,True,True,719,177048.0,True,,2026-09-13T21:52:30.981823+00:00,2026-09-13T21:52:35.641302+00:00,4.659483639999962,4.659373375000001,97940,3.7585844819989234,0.24737650099996245,719,00dac8c885b20e492e21965da7611150070118730a82d9691a5e22220406657b,7074f70ed0c478e311d90bae795a6228553cbebe253b6e48045e23c14c2b5f04,b8326706838ceb721d7dd4d4ef5a5a4909bb7cb9a011899de185a38ec14340c4,807512,games/h4_capital_rolling_all__capital_rolling__1387052231__1/RESULT.json,games/h4_capital_rolling_all__capital_rolling__1387052231__1/replay.jsonl.gz
h4_capital_rolling_all__capital_rolling__140008426__0,h4_capital_rolling_all,capital_rolling,140008426,0,False,True,True,719,248255.0,True,,2026-09-13T21:50:23.525279+00:00,2026-09-13T21:50:27.817366+00:00,4.292104951000056,4.2909616150000005,96440,3.485860730999093,0.21115354999994906,719,a3dc4d39f0ad7f857f1b0a820c7e562c4bd26b1d7426e70836876eb005c82478,48671b54f3b10bcb349a5e6fcf321395a51de4c0a7940ca18f62c5e7fdc3b266,096161d3fe638bf183240b8f8ec580816973f88de37910be0238d230165982e7,812628,games/h4_capital_rolling_all__capital_rolling__140008426__0/RESULT.json,games/h4_capital_rolling_all__capital_rolling__140008426__0/replay.jsonl.gz
h4_capital_rolling_all__capital_rolling__140008426__1,h4_capital_rolling_all,capital_rolling,140008426,1,False,True,True,719,246194.0,True,,2026-09-13T21:50:23.536892+00:00,2026-09-13T21:50:27.829499+00:00,4.292610925999952,4.286778181999999,96588,3.431635640998479,0.23458118899998226,719,863c135f79d9b8888b13f9866ddb044173e996eccf5f825a1e92f64eac98222b,1b4232f7a752a77c0e3373f549598dcb0747654892884d59aec89508d6a8d1be,d3e11279a830735d8e341704042d2e771c04054af5654678168156613096fe43,816753,games/h4_capital_rolling_all__capital_rolling__140008426__1/RESULT.json,games/h4_capital_rolling_all__capital_rolling__140008426__1/replay.jsonl.gz
h4_capital_rolling_all__capital_rolling__1421711696__0,h4_capital_rolling_all,capital_rolling,1421711696,0,False,True,True,719,221985.0,True,,2026-09-13T21:52:33.829113+00:00,2026-09-13T21:52:38.249156+00:00,4.420028085000013,4.419970368999998,97740,3.536171931001263,0.18561115200009226,719,6075bb5ddccb44d91d5ddf30c76d975e57e97ab20cf1b2f651a2b0120f15a66d,b0d80199e7c9c889d56c35bf5819751d1a84847d4dbe049d474b7d2fc537a5ba,f79882ffeddf2de9370019d25825616d9e6b522af87667e24fdb4e12c690aafc,763491,games/h4_capital_rolling_all__capital_rolling__1421711696__0/RESULT.json,games/h4_capital_rolling_all__capital_rolling__1421711696__0/replay.jsonl.gz
h4_capital_rolling_all__capital_rolling__1421711696__1,h4_capital_rolling_all,capital_rolling,1421711696,1,False,True,True,719,221985.0,True,,2026-09-13T21:52:35.644868+00:00,2026-09-13T21:52:40.008763+00:00,4.3638980350001475,4.357281587999978,97940,3.5154281139994055,0.1662491100000807,719,67f0b6277d35dba38579f7eebcc589496dc4ca1732ba3658ff2705ab758df1b4,056d7007d6c8d99f2160b93d945b98258e2d438b99bb212afe36bf687bfa08a2,1779b8e502fbaa3f98f85fcc0c56d2631604c899553f009690ca17403b402a9f,761704,games/h4_capital_rolling_all__capital_rolling__1421711696__1/RESULT.json,games/h4_capital_rolling_all__capital_rolling__1421711696__1/replay.jsonl.gz
h4_capital_rolling_all__capital_rolling__1459327281__0,h4_capital_rolling_all,capital_rolling,1459327281,0,False,True,True,719,207505.0,True,,2026-09-13T21:52:38.252664+00:00,2026-09-13T21:52:42.516281+00:00,4.263620367000158,4.263574954000006,97804,3.394653900999856,0.2849976319998859,719,001f1a64beb98fb8a78cfa2cedadfe06a0bd92578bff25c6f31a581e5c02d197,d9a0ef7d924a6eb388185e3b164e92b0cb7d4b44c4b1eb784fa2853f77abe84b,b4976792adbfa7382d435a02ba3475a9efcf82ac011f1a6c17f4d583a1ad79f1,794608,games/h4_capital_rolling_all__capital_rolling__1459327281__0/RESULT.json,games/h4_capital_rolling_all__capital_rolling__1459327281__0/replay.jsonl.gz
h4_capital_rolling_all__capital_rolling__1459327281__1,h4_capital_rolling_all,capital_rolling,1459327281,1,False,True,True,719,207505.0,True,,2026-09-13T21:52:40.012297+00:00,2026-09-13T21:52:44.168167+00:00,4.155873927999892,4.155785853999987,98012,3.332545127999083,0.20909089299993866,719,0087c317a7b90f00ad6ed4444d1d23106e670f3675fba8edea7d6c063d21bc16,ba9507b703e0e07e9c64740ce725090383c0e628def8ac32c458437529a6467c,cc6a3407d00d5c29d9a694247178e9b0d55a16567dd9c10e2de03e58ecd97e02,796066,games/h4_capital_rolling_all__capital_rolling__1459327281__1/RESULT.json,games/h4_capital_rolling_all__capital_rolling__1459327281__1/replay.jsonl.gz
h4_capital_rolling_all__capital_rolling__148094548__0,h4_capital_rolling_all,capital_rolling,148094548,0,False,True,True,719,214362.0,True,,2026-09-13T21:50:27.824382+00:00,2026-09-13T21:50:32.465782+00:00,4.6414014119999365,4.641288547999999,96440,3.3627399790007075,0.17870675699998628,719,424093ea268b67d59774ad9160b128f328267cc8180ba21311e00a5396644758,43cb82d04eab5917e45c120cab033b92406bff8ea32350299c5adf86d545db99,17861c94dc3aa0fc3ee0300bb977d9fcb02ec4e88e1357ec2fd81828e8f9ff2e,788431,games/h4_capital_rolling_all__capital_rolling__148094548__0/RESULT.json,games/h4_capital_rolling_all__capital_rolling__148094548__0/replay.jsonl.gz
h4_capital_rolling_all__capital_rolling__148094548__1,h4_capital_rolling_all,capital_rolling,148094548,1,False,True,True,719,231485.0,True,,2026-09-13T21:50:27.834769+00:00,2026-09-13T21:50:32.292998+00:00,4.45823033399995,4.452234949999998,96864,3.19354618200191,0.215747474000068,719,7d48969c5130b158b6bbf5ff295fa62dfd04d09c13c53dd72427f7b93cfe8180,d1aff53b4f0fea62cddbcae2adccbbf7726b601772723e5554294942a3de8edc,ec51f3864419809fc4a2a4f0fee00f4d71eadf217906a66bfa5f4eddf8d30203,783858,games/h4_capital_rolling_all__capital_rolling__148094548__1/RESULT.json,games/h4_capital_rolling_all__capital_rolling__148094548__1/replay.jsonl.gz
h4_capital_rolling_all__capital_rolling__1501860085__0,h4_capital_rolling_all,capital_rolling,1501860085,0,False,True,True,719,245935.0,True,,2026-09-13T21:52:42.519807+00:00,2026-09-13T21:52:46.907075+00:00,4.387271048000002,4.387155089000004,97804,3.520383818002756,0.2600440910000543,719,698f6172193a9029ba4949cd15d45bd6025fb941b0ff3fbf7ae3d06944d274a2,9e98d00a6fd08c4e0ae0160307041a0e362fb2073309fc8e5eefee1515a7ca50,bb532c5359530b645a7ac7a72d203bb3e41a42600d50487c71b01b86439e8bca,841988,games/h4_capital_rolling_all__capital_rolling__1501860085__0/RESULT.json,games/h4_capital_rolling_all__capital_rolling__1501860085__0/replay.jsonl.gz
h4_capital_rolling_all__capital_rolling__1501860085__1,h4_capital_rolling_all,capital_rolling,1501860085,1,False,True,True,719,234686.0,True,,2026-09-13T21:52:44.171407+00:00,2026-09-13T21:52:48.446869+00:00,4.275464797999803,4.2753712140000175,98012,3.4209835329979796,0.24959951300002103,719,929ce05fb0b2241bb276e8230a54bf61d7b9fdb5989098d5e6993c8cf7002186,47a678653c737ac9a727f6bd228b7ac2be183b87ccd0f09bf0c316baa341907c,76ea64b5d070fe1d2926593effaf6f8e6b538ed6d74f95190d4626871367d9fe,798301,games/h4_capital_rolling_all__capital_rolling__1501860085__1/RESULT.json,games/h4_capital_rolling_all__capital_rolling__1501860085__1/replay.jsonl.gz
h4_capital_rolling_all__capital_rolling__1514191294__0,h4_capital_rolling_all,capital_rolling,1514191294,0,False,True,True,719,251988.0,True,,2026-09-13T21:52:46.910748+00:00,2026-09-13T21:52:51.596938+00:00,4.6861913310001455,4.686141009000011,97812,3.8030373399951714,0.3187653640000008,719,64409fb63feccc8628f997df3be452996dee5028b64f500b75512130a6b0e94d,581c0f740122ef5643bdff75c8d95dd567f59121f5c5e0f1f0b6a983ec7636c1,4090dfc0b52ed2874b6ca427a25c99adb9f1f29c9e00c4b63e78206aaee2955e,798622,games/h4_capital_rolling_all__capital_rolling__1514191294__0/RESULT.json,games/h4_capital_rolling_all__capital_rolling__1514191294__0/replay.jsonl.gz
h4_capital_rolling_all__capital_rolling__1514191294__1,h4_capital_rolling_all,capital_rolling,1514191294,1,False,True,True,719,251988.0,True,,2026-09-13T21:52:48.454597+00:00,2026-09-13T21:52:53.210482+00:00,4.755885444000114,4.755756603999998,98016,3.8819486259976657,0.28457322600002044,719,0e7f75cdf61577fba4f1175dea6c38c3a59a1e68b0664978463b652daf281f71,09294aa16cc86a61f4b236b57ebee74e4d92880ed634eb70ec259d13d4ed059f,7de5868b25ad16f2013005c186492ecffc3a923b64f7409fc858192c8ec34c5b,796758,games/h4_capital_rolling_all__capital_rolling__1514191294__1/RESULT.json,games/h4_capital_rolling_all__capital_rolling__1514191294__1/replay.jsonl.gz
h4_capital_rolling_all__capital_rolling__1652205610__0,h4_capital_rolling_all,capital_rolling,1652205610,0,False,True,True,719,178844.0,True,,2026-09-13T21:52:51.600661+00:00,2026-09-13T21:52:55.796070+00:00,4.195412720000149,4.1953330970000025,98092,3.3389343570013352,0.2104522330000691,719,a5f0b12befbbd031aad0a674bef1ac3bc7d60f613a872a35254a0b74aaa1c352,0bfd48aef0d2eb50564d8c1d1f7bc78b81255b075ff6ad281c8dd5931b38aaf7,de8f2c6001a6481f676712a630636c1623626cf793f1cc705c41e66224b5de0c,744192,games/h4_capital_rolling_all__capital_rolling__1652205610__0/RESULT.json,games/h4_capital_rolling_all__capital_rolling__1652205610__0/replay.jsonl.gz
h4_capital_rolling_all__capital_rolling__1652205610__1,h4_capital_rolling_all,capital_rolling,1652205610,1,False,True,True,719,177079.0,True,,2026-09-13T21:52:53.213913+00:00,2026-09-13T21:52:57.397774+00:00,4.1838642049999635,4.183742770000009,98044,3.3832844819989987,0.2199379260000569,719,33e6c4b3c340bfe44b97528ed69c214586c05bf3a6b516cd6709be4daf260255,ef33e6603ca5ee4359fb226a5981a9b5961677373af77bc855f28e66e0a0de0d,4bbd0c159e7e272ee6761d88ecbda1ba139f5603354be71326bd1eddedc1eafd,732565,games/h4_capital_rolling_all__capital_rolling__1652205610__1/RESULT.json,games/h4_capital_rolling_all__capital_rolling__1652205610__1/replay.jsonl.gz
h4_capital_rolling_all__capital_rolling__1658182076__0,h4_capital_rolling_all,capital_rolling,1658182076,0,False,True,True,719,174810.0,True,,2026-09-13T21:52:55.799465+00:00,2026-09-13T21:53:00.042585+00:00,4.243122426999889,4.243074516000007,98152,3.279118185003199,0.21837414300011915,719,ab16bb685e69e9d1b2c3e268d29f957189eee51ff757d86b37316cabe65623c3,6c4aba6ba942f9e719769a27a7f39c69c09ec1b7554f974ad24b0b651dfcff78,5ce6ab97d8a8a57a48a1f0e719b684422a4fd6f120a04dd8f702094842528dfc,788447,games/h4_capital_rolling_all__capital_rolling__1658182076__0/RESULT.json,games/h4_capital_rolling_all__capital_rolling__1658182076__0/replay.jsonl.gz
h4_capital_rolling_all__capital_rolling__1658182076__1,h4_capital_rolling_all,capital_rolling,1658182076,1,False,True,True,719,177363.0,True,,2026-09-13T21:52:57.401331+00:00,2026-09-13T21:53:01.463282+00:00,4.06195171499985,4.060940434999992,98084,3.210523999999623,0.25926886499996726,719,5b6ab1b8a8cf8e09ca4998830c0b9dc9fa616d753ba1c2f27013f141bf280fa1,3de219555019ca17305b8febb9a8955dfcab898f385d31e1eb86c869a148661a,4fc8cac06a571a9127f042f3bfc45443972d22de43fac519dde32fe728001823,773587,games/h4_capital_rolling_all__capital_rolling__1658182076__1/RESULT.json,games/h4_capital_rolling_all__capital_rolling__1658182076__1/replay.jsonl.gz
h4_capital_rolling_all__capital_rolling__1662960166__0,h4_capital_rolling_all,capital_rolling,1662960166,0,False,True,True,719,219760.0,True,,2026-09-13T21:53:00.045966+00:00,2026-09-13T21:53:04.426396+00:00,4.38043446000006,4.380366791,98152,3.4813689490035813,0.20911273100000471,719,a187fc17801536a9820cb5594f1ccaf8ba439917595a635a9df29012a1900e0a,03c03199e9411d8fb8b9688cbe3f69151c7eb8b5860f3cc6f942ee465e6415a9,0381e9ca047b254ddf37a8e376a0bbad7bc1d80bd57ad32085e2e46e061d0c6b,772538,games/h4_capital_rolling_all__capital_rolling__1662960166__0/RESULT.json,games/h4_capital_rolling_all__capital_rolling__1662960166__0/replay.jsonl.gz
h4_capital_rolling_all__capital_rolling__1662960166__1,h4_capital_rolling_all,capital_rolling,1662960166,1,False,True,True,719,228730.0,True,,2026-09-13T21:53:01.466583+00:00,2026-09-13T21:53:05.550251+00:00,4.083671498000058,4.083578463000009,98084,3.2595177930006685,0.1963374440001644,719,079d1bed4fe3c549ab9741553dd1fee18de29ee379dadb2fcb2a952fe33c9851,243b3504ba25494052b86ca0e65d8504f3d9dced921aaae7f6cf7851229bbc8a,9161df1b4dbc7205b0cec0153cc4cf26b5e88aeb6cf1402aebd39139a15aeaf8,751515,games/h4_capital_rolling_all__capital_rolling__1662960166__1/RESULT.json,games/h4_capital_rolling_all__capital_rolling__1662960166__1/replay.jsonl.gz
h4_capital_rolling_all__capital_rolling__1672479867__0,h4_capital_rolling_all,capital_rolling,1672479867,0,False,True,True,719,234798.0,True,,2026-09-13T21:53:04.430896+00:00,2026-09-13T21:53:08.943011+00:00,4.512119826999879,4.512027639999985,98196,3.5545536790020833,0.25984740299986697,719,9849359f5e34c43b837a53464bf7a622f20b62f58c51e96c9529da81f7fd114f,1ae7d45d0b71c2ac345e74797a3b205b59fb06123778357ae0ce750f2daebb32,2eb7d6367ab27ebe11f1fd79e670d87b9c8bf401aaf84598c42278695ac29537,808543,games/h4_capital_rolling_all__capital_rolling__1672479867__0/RESULT.json,games/h4_capital_rolling_all__capital_rolling__1672479867__0/replay.jsonl.gz
h4_capital_rolling_all__capital_rolling__1672479867__1,h4_capital_rolling_all,capital_rolling,1672479867,1,False,True,True,719,234798.0,True,,2026-09-13T21:53:05.553953+00:00,2026-09-13T21:53:10.565974+00:00,5.012023091999936,5.011913760999988,98232,3.9467996789976496,0.26331983699992634,719,a09b19bed0ac8a2b735af3741d604dfb4e43ec55e41be595744d8eb18eb1090b,23636f45a1cf00b14379708523d92af1c76761cb954488478bfc26be7c6eb844,9b356957e39a9a46613c621d5e6bb8120265d6bfcd2f6dc3d14d146f9163fbab,809164,games/h4_capital_rolling_all__capital_rolling__1672479867__1/RESULT.json,games/h4_capital_rolling_all__capital_rolling__1672479867__1/replay.jsonl.gz
h4_capital_rolling_all__capital_rolling__1674798194__0,h4_capital_rolling_all,capital_rolling,1674798194,0,False,True,True,719,276720.0,True,,2026-09-13T21:53:08.951908+00:00,2026-09-13T21:53:14.172213+00:00,5.220304366999926,5.219918449000005,98328,4.144553606000272,0.2780123770000955,719,4e2224a42cfce3054e9581fb442ddbb7d5119645ebc7a5101eb26f44e9f6d96e,1d2c3f4f465fe65bc7e021a9bd91c1da5ad7388079046479bad0ec2af09e5d07,9666d340830c034e2f7dc83413102ff425803e5f6ba92685c535bd851d84b82f,812907,games/h4_capital_rolling_all__capital_rolling__1674798194__0/RESULT.json,games/h4_capital_rolling_all__capital_rolling__1674798194__0/replay.jsonl.gz
h4_capital_rolling_all__capital_rolling__1674798194__1,h4_capital_rolling_all,capital_rolling,1674798194,1,False,True,True,719,260712.0,True,,2026-09-13T21:53:10.575070+00:00,2026-09-13T21:53:15.170534+00:00,4.59546870500003,4.595326314000005,98232,3.693930548999788,0.2327677069999936,719,46f4e5c7284094b51fdeed637c0ecb70d627e59cc08fed7be0f88779b1ca3336,14fe4e02c17b73efd1915c6881666e989f07429435f7153c97d5d732fbffd1e8,155aac71d1302e59c835cb1b4ef79e4d914dc69687265ad79bca9efa777602c2,791235,games/h4_capital_rolling_all__capital_rolling__1674798194__1/RESULT.json,games/h4_capital_rolling_all__capital_rolling__1674798194__1/replay.jsonl.gz
h4_capital_rolling_all__capital_rolling__1681080428__0,h4_capital_rolling_all,capital_rolling,1681080428,0,False,True,True,719,206110.0,True,,2026-09-13T21:53:14.176198+00:00,2026-09-13T21:53:18.736744+00:00,4.5605498830000215,4.560498824999996,98328,3.674560331999828,0.2323314699999628,719,d6023c32a194e8bf4c5e803d2805bbe928e6773244b322159cf17471fabe88aa,0ab8cab367387be1f228587301e41440e4bce5eeced25cfcfcd598ff8d2bf5e2,ba26570ed313ce8467fda2536257fdd007b96b4dae952458038524bfc9688ac3,778078,games/h4_capital_rolling_all__capital_rolling__1681080428__0/RESULT.json,games/h4_capital_rolling_all__capital_rolling__1681080428__0/replay.jsonl.gz
h4_capital_rolling_all__capital_rolling__1681080428__1,h4_capital_rolling_all,capital_rolling,1681080428,1,False,True,True,719,206110.0,True,,2026-09-13T21:53:15.174543+00:00,2026-09-13T21:53:19.630330+00:00,4.455794378000064,4.4556948229999875,98284,3.6141328219957813,0.2545647839999674,719,96a91e13588db55cc263e9fedd4d6a3d4c666eacbda0d40155c3c78167f05f68,564aca6570ce81b0f84fbae0abc813dbaefddc78a1dc5ab8a91648a68b4ea992,e01c8dcfb7281f8782858cbf60ea3ad4b3e7af3a949a2e249611eca4d1fb60d4,762920,games/h4_capital_rolling_all__capital_rolling__1681080428__1/RESULT.json,games/h4_capital_rolling_all__capital_rolling__1681080428__1/replay.jsonl.gz
h4_capital_rolling_all__capital_rolling__1715028217__0,h4_capital_rolling_all,capital_rolling,1715028217,0,False,True,True,719,237278.0,True,,2026-09-13T21:53:18.741737+00:00,2026-09-13T21:53:23.219109+00:00,4.47741672899997,4.477331763999985,98328,3.5948558130030506,0.27348613899994234,719,3cbf9e13a4f65c9e386bc61daadf9208fab66f838e5e0cd7e599a4ac6187f5f9,1a5fe8c3cc9e7fbbe7b91884931905a312ba49b3edb42c68f58098a2bdc4f723,06fbb8bee3779b6dff6e6648dcd1b18c6381b744cc89f8e7f87e88e7190154f6,769975,games/h4_capital_rolling_all__capital_rolling__1715028217__0/RESULT.json,games/h4_capital_rolling_all__capital_rolling__1715028217__0/replay.jsonl.gz
h4_capital_rolling_all__capital_rolling__1715028217__1,h4_capital_rolling_all,capital_rolling,1715028217,1,False,True,True,719,261099.0,True,,2026-09-13T21:53:19.635153+00:00,2026-09-13T21:53:24.010170+00:00,4.375018452000177,4.3746758390000196,98336,3.530535998000687,0.25970038600007683,719,e9b3cbc3ae4a350d23cf163f2265ff6aaebb6c4d325cdea0fba57c414ed2573e,69a288fec3dc451973f34d06729e56d7fb6938f423f00d8d4b0015a7dce6ac21,7b578cc88cc2f4d5ff6f5f886e041ad7c93bc328c5b3d83ae2014807c28c8424,769339,games/h4_capital_rolling_all__capital_rolling__1715028217__1/RESULT.json,games/h4_capital_rolling_all__capital_rolling__1715028217__1/replay.jsonl.gz
h4_capital_rolling_all__capital_rolling__1722159489__0,h4_capital_rolling_all,capital_rolling,1722159489,0,False,True,True,719,166270.0,True,,2026-09-13T21:53:23.224199+00:00,2026-09-13T21:53:27.717851+00:00,4.493654042999879,4.493573233000006,98328,3.608333447998575,0.2751626739998301,719,57d61a239ced22430d96d234bb67495d16e117d7abd9bc5155db75c8c67be808,dd69a16b6be7b449f83ca3c2b373f94d5ea3a11f792bb0415f8b18bc5bbfded6,ae16f9b139a27b6924ef897788111fee212cdc4e7c2f7757b38b7836fea59ac6,831925,games/h4_capital_rolling_all__capital_rolling__1722159489__0/RESULT.json,games/h4_capital_rolling_all__capital_rolling__1722159489__0/replay.jsonl.gz
h4_capital_rolling_all__capital_rolling__1722159489__1,h4_capital_rolling_all,capital_rolling,1722159489,1,False,True,True,719,164855.0,True,,2026-09-13T21:53:24.014431+00:00,2026-09-13T21:53:28.363803+00:00,4.349372633999792,4.345432982999995,98336,3.48786824199874,0.2828926140000476,719,66f0a33f093390070e28a066d971e3dc9f2aabb72f9c350d5ae253cab2cb7229,961602f075420126d572026cc37fbe4bed7ec4f2b6203a37af51e38c386c268e,5f8f7712af17364ddbf80d6d3e026a6135fc562db06b03e151e800784c8e5464,848319,games/h4_capital_rolling_all__capital_rolling__1722159489__1/RESULT.json,games/h4_capital_rolling_all__capital_rolling__1722159489__1/replay.jsonl.gz
h4_capital_rolling_all__capital_rolling__1781448506__0,h4_capital_rolling_all,capital_rolling,1781448506,0,False,True,True,719,196614.0,True,,2026-09-13T21:53:27.726559+00:00,2026-09-13T21:53:31.766217+00:00,4.039660464999997,4.039501088000009,98328,3.1943032799974844,0.18485806400008187,719,9e5cd4dd4113a498a21e45c3bacdd35d389524036a4b82f58cc201249270e205,7dcaa298c69fac5e5c644348859273fab7a6310c509822198bdd8e4ea7999210,1adbeffc3d738f94e5e2c8c6f4c2d35ae8c48c2faf9ed72a133b15f7bcbe67b8,755738,games/h4_capital_rolling_all__capital_rolling__1781448506__0/RESULT.json,games/h4_capital_rolling_all__capital_rolling__1781448506__0/replay.jsonl.gz
h4_capital_rolling_all__capital_rolling__1781448506__1,h4_capital_rolling_all,capital_rolling,1781448506,1,False,True,True,719,196614.0,True,,2026-09-13T21:53:28.369235+00:00,2026-09-13T21:53:32.411730+00:00,4.04249474900007,4.042280333000008,98336,3.2298595359961837,0.16115167299994937,719,8ae246504635cb0f7d86ffdc8a30305c7d5149ec6d95e96fabd113ad830150f3,55dccaa5aabe7e4cd84c67968bda07a19b31da8ed488119212eba26154eb35a7,6e46e1f3294ed57677fe4e5b8111df51feda2f1aeec8dbdac29fd4161948daff,744412,games/h4_capital_rolling_all__capital_rolling__1781448506__1/RESULT.json,games/h4_capital_rolling_all__capital_rolling__1781448506__1/replay.jsonl.gz
h4_capital_rolling_all__capital_rolling__180752382__0,h4_capital_rolling_all,capital_rolling,180752382,0,False,True,True,719,224890.0,True,,2026-09-13T21:50:32.296508+00:00,2026-09-13T21:50:36.496077+00:00,4.199757341999998,4.195987257999999,96864,3.3819544729987,0.17353126899990912,719,ce377f2c42aad8a879fd90b36f31da3d0d87f638dd71a422032f365393a5ba81,c5717c422f83d5dfb83d8a60eb1c74ca0cd08b133b8935889a31b159eafc132c,05d2f0c77f9ca7cee81296e06bf0af62e533ffa609f5aba223e694a270e7e4cb,725397,games/h4_capital_rolling_all__capital_rolling__180752382__0/RESULT.json,games/h4_capital_rolling_all__capital_rolling__180752382__0/replay.jsonl.gz
h4_capital_rolling_all__capital_rolling__180752382__1,h4_capital_rolling_all,capital_rolling,180752382,1,False,True,True,719,224912.0,True,,2026-09-13T21:50:32.469932+00:00,2026-09-13T21:50:36.756140+00:00,4.286291769000059,4.285413330999997,96740,3.466883675998247,0.21202597999990758,719,9ba99f97a828feaeb8d8e8ecd981d2ff46600948f016ed4ee634dff989a8bef7,98fbf39bfd20f6d6e49f299480a96c331c0c038aeaa0c4a802e45c5ba4e70ede,bc18e7b96f0685cc217b3b543ee2e087fbfcceee1dc26c21e9adc9fd04f2f159,715787,games/h4_capital_rolling_all__capital_rolling__180752382__1/RESULT.json,games/h4_capital_rolling_all__capital_rolling__180752382__1/replay.jsonl.gz
h4_capital_rolling_all__capital_rolling__1856155813__0,h4_capital_rolling_all,capital_rolling,1856155813,0,False,True,True,719,176633.0,True,,2026-09-13T21:53:31.769951+00:00,2026-09-13T21:53:36.089280+00:00,4.31933264700001,4.319202853000007,98472,3.501259803001176,0.16000514500001373,719,2bceca14c5afba6d7a60bfb6497653f415c6133f21ac8a64aa203b5e88bf1af5,f8641d02ea95c2a07cc09be00def4ddf1bef5cfb5fb74ed9cf7eb00d76cdfd50,04f637b10b9e803e22dd8b6d2e25662030d4dfa09a4c72fc65bac3cfa8fa33a4,749946,games/h4_capital_rolling_all__capital_rolling__1856155813__0/RESULT.json,games/h4_capital_rolling_all__capital_rolling__1856155813__0/replay.jsonl.gz
h4_capital_rolling_all__capital_rolling__1856155813__1,h4_capital_rolling_all,capital_rolling,1856155813,1,False,True,True,719,176569.0,True,,2026-09-13T21:53:32.415834+00:00,2026-09-13T21:53:36.475731+00:00,4.059899786000187,4.0596934879999935,98512,3.2505164560004687,0.16490919800003212,719,275285344fb6cd5bcc0c986b667ae6ac07f08091bf5c9be0af1544c8e94960de,898d15b788707f9eaa380aa372c340ad106c3623ee9be62fc51ebb0318435677,ad95ccd7c2021b6b7b29e5af73a35cd28fe1e54d332a4d9f2f2235700d014237,720817,games/h4_capital_rolling_all__capital_rolling__1856155813__1/RESULT.json,games/h4_capital_rolling_all__capital_rolling__1856155813__1/replay.jsonl.gz
h4_capital_rolling_all__capital_rolling__1948729637__0,h4_capital_rolling_all,capital_rolling,1948729637,0,False,True,True,719,221225.0,True,,2026-09-13T21:53:36.093675+00:00,2026-09-13T21:53:40.487939+00:00,4.394269726999937,4.393238438000026,98500,3.5020413790000475,0.20998071999997592,719,a9405ca43647c220bb59d459d2ca8cafe40e7579c045454146319536dd1bf032,51288f59fcc0a442f09588a48310028dc9c5bbd7147199d6367f7e2fea8592b5,fca31de5161a5f82f98a2200eb09a40bf5160c9c78a5dc5652ef758813daf48e,826784,games/h4_capital_rolling_all__capital_rolling__1948729637__0/RESULT.json,games/h4_capital_rolling_all__capital_rolling__1948729637__0/replay.jsonl.gz
h4_capital_rolling_all__capital_rolling__1948729637__1,h4_capital_rolling_all,capital_rolling,1948729637,1,False,True,True,719,221225.0,True,,2026-09-13T21:53:36.479945+00:00,2026-09-13T21:53:40.745797+00:00,4.2658559239998795,4.265486879000008,98512,3.3887353059976704,0.2354652569999871,719,4949b6a175fcdb99a060ed4fb6035f8ad38af28e2006c4fbf19abb27dbf86feb,9e7a34600aa310afecf70398343ff24efa8b7122e7f32d5b21dd5d8d229c699f,24e0e9f4cf13c7d78f8ef0f228011d02ef67e206d5f64ede7eab0f060debff66,830468,games/h4_capital_rolling_all__capital_rolling__1948729637__1/RESULT.json,games/h4_capital_rolling_all__capital_rolling__1948729637__1/replay.jsonl.gz
h4_capital_rolling_all__capital_rolling__2020048658__0,h4_capital_rolling_all,capital_rolling,2020048658,0,False,True,True,719,185150.0,True,,2026-09-13T21:53:40.492330+00:00,2026-09-13T21:53:44.932939+00:00,4.4406115260001116,4.44047183699999,98524,3.5626370410002437,0.2593639090000579,719,8d3a962decc90e4e119c0c14851de74ff866dcb043c469570729cc0c8e29a294,c000c528132cc7d2c39a6c5c796f78628cbabc1c0b654b0d2a1b22dfe6ba71cc,1655a54ff2ed4f430f011b35521282f696db0a9de3cc105558a6cbfb910df493,859628,games/h4_capital_rolling_all__capital_rolling__2020048658__0/RESULT.json,games/h4_capital_rolling_all__capital_rolling__2020048658__0/replay.jsonl.gz
h4_capital_rolling_all__capital_rolling__2020048658__1,h4_capital_rolling_all,capital_rolling,2020048658,1,False,True,True,719,193352.0,True,,2026-09-13T21:53:40.750554+00:00,2026-09-13T21:53:45.365393+00:00,4.614843847999964,4.614431120000006,98576,3.7610627770025076,0.27096307600004366,719,55cf6f65981222580722581583f86a55cf5c0299a08b3435b0b7253453894f53,519da43caf283de86eda6734dabe8e3360579219b80ba2801ae1a731802a2667,67bac385080bbb959a0468aefc38cfbd9243a3af5a01455bca582f64c7ef8ede,820967,games/h4_capital_rolling_all__capital_rolling__2020048658__1/RESULT.json,games/h4_capital_rolling_all__capital_rolling__2020048658__1/replay.jsonl.gz
h4_capital_rolling_all__capital_rolling__2027896586__0,h4_capital_rolling_all,capital_rolling,2027896586,0,False,True,True,719,159646.0,True,,2026-09-13T21:53:44.937247+00:00,2026-09-13T21:53:49.287584+00:00,4.350338728999986,4.3502434309999956,98680,3.4359441240058004,0.29104528299990307,719,76fc822af16ebdc1c477638ca86e7934e46eec9d139e3b4768c321012e940f13,46ea9eeacd09a4e8d0c61274b86bd2bec15a7d2120052d83a34ff2483a85fa2c,7d6853f1f33a0ff790046ce08bd92c7d52188bbb917df5c6b4503ec8d56b7e3b,803846,games/h4_capital_rolling_all__capital_rolling__2027896586__0/RESULT.json,games/h4_capital_rolling_all__capital_rolling__2027896586__0/replay.jsonl.gz
h4_capital_rolling_all__capital_rolling__2027896586__1,h4_capital_rolling_all,capital_rolling,2027896586,1,False,True,True,719,159646.0,True,,2026-09-13T21:53:45.376091+00:00,2026-09-13T21:53:49.598520+00:00,4.222427673000084,4.222111728999977,98576,3.384657925999136,0.23928216300009808,719,0e133e58e5a38738fdef1a051db8d0ea345b2fffb00f0dd3449c231431c34871,8ccd56ba487197f72a1af194c750f918b5f8b35934613652e68901820b296d86,44d8e4158dc824406e5e70a8ac40d4aba5f44427fa0c71da72bcd6cc63dd75ad,808195,games/h4_capital_rolling_all__capital_rolling__2027896586__1/RESULT.json,games/h4_capital_rolling_all__capital_rolling__2027896586__1/replay.jsonl.gz
h4_capital_rolling_all__capital_rolling__2052836158__0,h4_capital_rolling_all,capital_rolling,2052836158,0,False,True,True,719,225816.0,True,,2026-09-13T21:53:49.292154+00:00,2026-09-13T21:53:53.761949+00:00,4.469797857999993,4.469668530999996,98764,3.5922543029998906,0.1994683079999504,719,be49b4188d2c5a1ac91f9bb5dd95caa2553a766842c7f10e8173eb2f591d3b2d,46ddb7949631c0d2a8296d701fc5c3e78c44030d6c212288636667e29ba2432f,eb81bd7dfad503953180afa99dc0180e1fedd4349c79ca93d881e61db1257159,760715,games/h4_capital_rolling_all__capital_rolling__2052836158__0/RESULT.json,games/h4_capital_rolling_all__capital_rolling__2052836158__0/replay.jsonl.gz
h4_capital_rolling_all__capital_rolling__2052836158__1,h4_capital_rolling_all,capital_rolling,2052836158,1,False,True,True,719,222996.0,True,,2026-09-13T21:53:49.603001+00:00,2026-09-13T21:53:53.944794+00:00,4.341797983000106,4.341528632000006,98628,3.520130977998633,0.18371553099996163,719,c1a98b53d54759eabd5714dae2b3747261dbedb174b8924d68e912ed454f80b4,461763c9652ebe7c63ef0c7faff35f3cf43fce520b3e3109fb31a1e38cbda5bf,5b32b8440b778e737041fd81c892c649285143e1213d1b11fa3e3a35ee71501b,750325,games/h4_capital_rolling_all__capital_rolling__2052836158__1/RESULT.json,games/h4_capital_rolling_all__capital_rolling__2052836158__1/replay.jsonl.gz
h4_capital_rolling_all__capital_rolling__2110715130__0,h4_capital_rolling_all,capital_rolling,2110715130,0,False,True,True,719,216021.0,True,,2026-09-13T21:53:53.766340+00:00,2026-09-13T21:53:58.206638+00:00,4.440301782999995,4.440185743000001,98776,3.51191798899913,0.24659226100015985,719,1468a9190c7153e00a1e18f36b7b1cdce2103ee6088fe53e7efa6a71a3a2695f,6f93ac5a9a3ecd4d55979e103ea53036a938b937ac3a2b1db10400f413292db2,5f1677f4b9ab3058ebe1750004ae7f4edf69a65c207fadcf685bc7942e9e88ea,841800,games/h4_capital_rolling_all__capital_rolling__2110715130__0/RESULT.json,games/h4_capital_rolling_all__capital_rolling__2110715130__0/replay.jsonl.gz
h4_capital_rolling_all__capital_rolling__2110715130__1,h4_capital_rolling_all,capital_rolling,2110715130,1,False,True,True,719,216021.0,True,,2026-09-13T21:53:53.949262+00:00,2026-09-13T21:53:58.218537+00:00,4.269274938999843,4.269028290999984,98628,3.3827420790037195,0.2452430689997982,719,a2b7ccf2ca2e9919916cfc79750ad859054c97acf56392ac625e3e6606524679,4e8e9db2bae3b96f535e4ca66b036aca7689c14baade542ca4581b4023cf2158,0741845949fd0fbbc958587e3c8ecd1cc6187010825900b68a7e779b1a4f2052,837847,games/h4_capital_rolling_all__capital_rolling__2110715130__1/RESULT.json,games/h4_capital_rolling_all__capital_rolling__2110715130__1/replay.jsonl.gz
h4_capital_rolling_all__capital_rolling__219026998__0,h4_capital_rolling_all,capital_rolling,219026998,0,False,True,True,719,189718.0,True,,2026-09-13T21:50:36.502429+00:00,2026-09-13T21:50:40.525358+00:00,4.022934024000051,4.019237361000002,96972,3.1685077400006776,0.17577206699991166,719,cb989cd8a6911810fd7e56b0bf48363cdc30132fcc03ab4357e05caf19c6c772,7c2f9f308d6e2b257b101f612f7a939cd0ef6948e2d80ca1ff91b8d06853c663,0b9962cc8c3e54002c1c4211e4dc2161933e3450d69c98ce526d92a112ebb53a,764936,games/h4_capital_rolling_all__capital_rolling__219026998__0/RESULT.json,games/h4_capital_rolling_all__capital_rolling__219026998__0/replay.jsonl.gz
h4_capital_rolling_all__capital_rolling__219026998__1,h4_capital_rolling_all,capital_rolling,219026998,1,False,True,True,719,189718.0,True,,2026-09-13T21:50:36.760415+00:00,2026-09-13T21:50:40.970168+00:00,4.209761146000005,4.209649126999999,96740,3.3582178219994603,0.16442699999993238,719,984796227e2c76720c5b6e736a37c7199576c09d581bbb823c6801b859bb45dd,fe51a7e208a4b249418d312696e8ed0001ffd19484232200fee6630e27e73d7f,66e004816334a99128c67a3531a8c2d49a5a250f8008fcd22d1d2142e13a0e9f,764414,games/h4_capital_rolling_all__capital_rolling__219026998__1/RESULT.json,games/h4_capital_rolling_all__capital_rolling__219026998__1/replay.jsonl.gz
h4_capital_rolling_all__capital_rolling__28576209__0,h4_capital_rolling_all,capital_rolling,28576209,0,False,True,True,719,182033.0,True,,2026-09-13T21:50:02.444599+00:00,2026-09-13T21:50:10.369491+00:00,7.924232517000064,7.923693835,94964,6.218617392999818,0.2954299579999997,719,dcf0a0ef6385003b212c379a526e12a3b6001971f0be52ec4a47ec3e96d94bbc,c1d1b2447cb81eb9e4e2683f34eb0f2e0930414c7a699fb81d90c21c608d13f2,06c7b0ad571e725eb9729bedb64ac979771e234a3293776bf50cc83f3afcccd8,780638,games/h4_capital_rolling_all__capital_rolling__28576209__0/RESULT.json,games/h4_capital_rolling_all__capital_rolling__28576209__0/replay.jsonl.gz
h4_capital_rolling_all__capital_rolling__28576209__1,h4_capital_rolling_all,capital_rolling,28576209,1,False,True,True,719,176173.0,True,,2026-09-13T21:50:02.444916+00:00,2026-09-13T21:50:10.408451+00:00,7.962947670999938,7.9451168580000004,94724,6.288141842999835,0.2953137260000176,719,1d9e451cd864a5585123c3b095288570278c6d2800e171007878cf6d62bac8ad,0bfdf35bd75360151d4ad72c8d78e7b368a625a72556051ad5eeb6657fcce137,c5c30e2ce67d1674c9cc5c192422d10482f925a5f81610e2f427ce8cff9e9a35,770357,games/h4_capital_rolling_all__capital_rolling__28576209__1/RESULT.json,games/h4_capital_rolling_all__capital_rolling__28576209__1/replay.jsonl.gz
h4_capital_rolling_all__capital_rolling__28846738__0,h4_capital_rolling_all,capital_rolling,28846738,0,False,True,True,719,219232.0,True,,2026-09-13T21:50:10.375711+00:00,2026-09-13T21:50:17.822260+00:00,7.4467003339999565,7.446121217,96216,5.837692836000315,0.3597161380000671,719,95810745bd63ce37b0564c5fbc2d1be23b8e8f131bfb4144e76f0205c6147777,b0d65c3cee1d8933cd8ecaf10ae88576d86c464e02f4c94c1ae15af6344cb47c,406c049c3380a1c73106b41adeffeb6f0d6b642a1d265e00b3f0a16722226530,825483,games/h4_capital_rolling_all__capital_rolling__28846738__0/RESULT.json,games/h4_capital_rolling_all__capital_rolling__28846738__0/replay.jsonl.gz
h4_capital_rolling_all__capital_rolling__28846738__1,h4_capital_rolling_all,capital_rolling,28846738,1,False,True,True,719,217077.0,True,,2026-09-13T21:50:10.414191+00:00,2026-09-13T21:50:17.877762+00:00,7.4637256459999435,7.453970371,96124,5.842879801999402,0.36624094999990575,719,fe8144fd2b1d3c5ed865c580b48d838fc66ab7aaf5227a624d47f93216723ea6,c588497ce752e49f31827a7a3286d6841d291c8079cf5e9c4ee03906d432a35a,079ae3eeaa7956fb1f3eeef8338c57d9a7361e3c549e9f3772cd1956c8d8b71b,830612,games/h4_capital_rolling_all__capital_rolling__28846738__1/RESULT.json,games/h4_capital_rolling_all__capital_rolling__28846738__1/replay.jsonl.gz
h4_capital_rolling_all__capital_rolling__320211102__0,h4_capital_rolling_all,capital_rolling,320211102,0,False,True,True,719,148304.0,True,,2026-09-13T21:50:40.528901+00:00,2026-09-13T21:50:44.625234+00:00,4.096337476999906,4.092192564999998,96972,3.249569312999938,0.22730324899998777,719,8d9dedfb30e61fdf1e068793bfe0d959c007604ba599d52c8c842054c2340b6a,b3a3a560abbb0c5907c1d70646f969f5ad08d3f96df2fb32b3c4171363b34305,95ca864db2b9fe6504704a86bb114b5e3ad9fab941f51f875d088dd03394852e,818126,games/h4_capital_rolling_all__capital_rolling__320211102__0/RESULT.json,games/h4_capital_rolling_all__capital_rolling__320211102__0/replay.jsonl.gz
h4_capital_rolling_all__capital_rolling__320211102__1,h4_capital_rolling_all,capital_rolling,320211102,1,False,True,True,719,148304.0,True,,2026-09-13T21:50:40.973827+00:00,2026-09-13T21:50:45.107773+00:00,4.133948667000027,4.133860075000001,96740,3.2925001379994683,0.2208161219999738,719,4663d748583b40ad24e8fad51ef15cf96784614c0c0da102b210e51555f8e537,ae273c9c1caddacfefa61280dc237725d5f287cc5636cae76940282177d90703,4079b646eb50bf32dd103392052ad844bc35c34f79b849c644c515122ececef6,815115,games/h4_capital_rolling_all__capital_rolling__320211102__1/RESULT.json,games/h4_capital_rolling_all__capital_rolling__320211102__1/replay.jsonl.gz
h4_capital_rolling_all__capital_rolling__337943030__0,h4_capital_rolling_all,capital_rolling,337943030,0,False,True,True,719,197807.0,True,,2026-09-13T21:50:44.628884+00:00,2026-09-13T21:50:48.793178+00:00,4.164296909999962,4.159632700000003,97232,3.310080100998789,0.17160758399995757,719,d27d83361970fa1cbfb6add37a2f2951eace9be5812a7e7674b4fecaa1549c92,ccf073d732fb01fc1975bfd680457ab65e4495fa14723f0232fc292a4d28bb7a,4258299becea597f7e82ef1ae75bb6e8eefc5eab7430bffdb34440f7af3e1f88,797805,games/h4_capital_rolling_all__capital_rolling__337943030__0/RESULT.json,games/h4_capital_rolling_all__capital_rolling__337943030__0/replay.jsonl.gz
h4_capital_rolling_all__capital_rolling__337943030__1,h4_capital_rolling_all,capital_rolling,337943030,1,False,True,True,719,207156.0,True,,2026-09-13T21:50:45.111261+00:00,2026-09-13T21:50:49.296643+00:00,4.185384374000023,4.185297915999996,97024,3.3170498640001824,0.18971504600006028,719,fa32c970d21d38d85923d7f354b1e9cdd4704dc32d04f2f0392317a1ea9800b4,266cf6065b21d9db4970b62cbcc8ff0c1750d6c753834c87feb80ff7829e0f0c,1accff33707d1622990398c345ed706370aaefedf37377b7facdc8d53b950c5f,790623,games/h4_capital_rolling_all__capital_rolling__337943030__1/RESULT.json,games/h4_capital_rolling_all__capital_rolling__337943030__1/replay.jsonl.gz
h4_capital_rolling_all__capital_rolling__370413548__0,h4_capital_rolling_all,capital_rolling,370413548,0,False,True,True,719,166215.0,True,,2026-09-13T21:50:48.797069+00:00,2026-09-13T21:50:52.698703+00:00,3.9016367919999766,3.881309501000004,97232,3.097256894000452,0.15355037400001947,719,9a29a72a963023f6dea65fa0b5632cd2b6dabfb1215c648cd8a7b79f465073de,4f59fb7051121863eaed69698a73bd7ff86127cc2ed6f18c6d410cb3e07645ca,d8f10323c52afe39de48fe594813573d87ad5ae5671a54850c9105ced42fa087,713589,games/h4_capital_rolling_all__capital_rolling__370413548__0/RESULT.json,games/h4_capital_rolling_all__capital_rolling__370413548__0/replay.jsonl.gz
h4_capital_rolling_all__capital_rolling__370413548__1,h4_capital_rolling_all,capital_rolling,370413548,1,False,True,True,719,166215.0,True,,2026-09-13T21:50:49.300316+00:00,2026-09-13T21:50:54.175686+00:00,4.8753895419999935,4.860733758999999,97172,3.8234946320025074,0.17190870799993263,719,9bf263e91fd4a36703787184266db7a32d7510d669cf8f466c986610f22f8c4e,1221a362b2d9f30d6c83585f143e43929c1bb71ab82918ea091208b025cf44c1,5aee4f2d5f922aa4ef4fcca93a7fde854a28ae61df0262d6dfe80ce0b36a04ec,703269,games/h4_capital_rolling_all__capital_rolling__370413548__1/RESULT.json,games/h4_capital_rolling_all__capital_rolling__370413548__1/replay.jsonl.gz
h4_capital_rolling_all__capital_rolling__383365175__0,h4_capital_rolling_all,capital_rolling,383365175,0,False,True,True,719,246828.0,True,,2026-09-13T21:50:52.702702+00:00,2026-09-13T21:50:57.464556+00:00,4.7618562440000005,4.748529335000001,97232,3.859806327999422,0.2811857340000188,719,e1082b30eacd85ef6716bb2c9250eeef0feb2642af9b4933698aab495ecca9c5,d23c275f80a09589da423e3f7ec7fe8b588e8185007f36505dca9355bf11e0ee,5f644b19ef8fc50d1fb6252554ca333784bf5d0b603213eb46a702d5475d2d6b,874152,games/h4_capital_rolling_all__capital_rolling__383365175__0/RESULT.json,games/h4_capital_rolling_all__capital_rolling__383365175__0/replay.jsonl.gz
h4_capital_rolling_all__capital_rolling__383365175__1,h4_capital_rolling_all,capital_rolling,383365175,1,False,True,True,719,213656.0,True,,2026-09-13T21:50:54.180328+00:00,2026-09-13T21:50:59.264689+00:00,5.084361631999968,5.081482801,97172,4.132163032999074,0.24329823100003978,719,a8e538f8b8d74a021f65ce753853dae5deab4b95d4dd8345bd5a4959c3c783ea,90ffbb21d808352c55c9598208a07b66afc1cc0f24cc3f1ce7baad960a9e8c36,c1969e1bd1df47b304e6c483043a367fac651170c5cad82b8ece54b079ce40a0,870858,games/h4_capital_rolling_all__capital_rolling__383365175__1/RESULT.json,games/h4_capital_rolling_all__capital_rolling__383365175__1/replay.jsonl.gz
h4_capital_rolling_all__capital_rolling__394509745__0,h4_capital_rolling_all,capital_rolling,394509745,0,False,True,True,719,215114.0,True,,2026-09-13T21:50:57.468409+00:00,2026-09-13T21:51:01.861607+00:00,4.393198687999984,4.388443118000005,97232,3.5718669730007377,0.24492435800004841,719,39f24c0f72498376441302fe995273a5c4cd9396373ca7ba6f0917aa4afd8e99,b20a2e5b48982cacb32c874cc1eba3a42cf571ab04f33fd8bb9b2b1720995044,698f4ad4be134cac2144efd8044e31500b0781454ac66a6eb7d753170af0a794,772659,games/h4_capital_rolling_all__capital_rolling__394509745__0/RESULT.json,games/h4_capital_rolling_all__capital_rolling__394509745__0/replay.jsonl.gz
h4_capital_rolling_all__capital_rolling__394509745__1,h4_capital_rolling_all,capital_rolling,394509745,1,False,True,True,719,215114.0,True,,2026-09-13T21:50:59.270149+00:00,2026-09-13T21:51:03.821826+00:00,4.551756005000016,4.551583399000002,97176,3.7006045200012068,0.32759693700006665,719,67eaa122582f3b8553303eb044d47a3408464372ec4561c530989ec3f8ff9f49,85204953c68488633e0de8ddb788d4a7a99f6c82d6cdeaafac138ed0b2eba58d,bc68fe51847e6842e1b828c2d3173d7b78602c905b7dd5743235d20d87a290c3,778316,games/h4_capital_rolling_all__capital_rolling__394509745__1/RESULT.json,games/h4_capital_rolling_all__capital_rolling__394509745__1/replay.jsonl.gz
h4_capital_rolling_all__capital_rolling__420997839__0,h4_capital_rolling_all,capital_rolling,420997839,0,False,True,True,719,167113.0,True,,2026-09-13T21:51:01.865313+00:00,2026-09-13T21:51:05.842161+00:00,3.976853042000016,3.972941011000003,97232,3.1693934300001274,0.18614289499998904,719,287154d2e9bdb0e5b13fec0cef3ddace7db5ef93c12a7668fdc28ce2ab53f943,c9edd047088d102a7a8625d972b0c1c37a4d32b13b86b7a28040b44944d470cd,677718b724d3e308a1695217cfab7563c7ac8a90358a502aea584f77dfa6eb1c,777489,games/h4_capital_rolling_all__capital_rolling__420997839__0/RESULT.json,games/h4_capital_rolling_all__capital_rolling__420997839__0/replay.jsonl.gz
h4_capital_rolling_all__capital_rolling__420997839__1,h4_capital_rolling_all,capital_rolling,420997839,1,False,True,True,719,172950.0,True,,2026-09-13T21:51:03.825497+00:00,2026-09-13T21:51:07.985763+00:00,4.160270093000008,4.160181611999995,97200,3.277469296000163,0.22739711500003068,719,bd3c6c2880060d6a8c18d1bacc72d5b5b755eb1d3b93946f2a7b5bfe3832f449,2f269835b005d03a564c9cfad0c1edf0882edb62415e62b8ab1c18c1c0fc57a8,71a1b686a1b20111350dc0223b169a4bc816b4870c9029eebd16561cd9a5cdd2,770253,games/h4_capital_rolling_all__capital_rolling__420997839__1/RESULT.json,games/h4_capital_rolling_all__capital_rolling__420997839__1/replay.jsonl.gz
h4_capital_rolling_all__capital_rolling__450201982__0,h4_capital_rolling_all,capital_rolling,450201982,0,False,True,True,719,228653.0,True,,2026-09-13T21:51:05.846079+00:00,2026-09-13T21:51:09.729054+00:00,3.88298290299997,3.8785588599999983,97232,3.035847724001428,0.14841680600000018,719,5adcbf054a33e7812a90cf7e8bbf7d7a1b2825732c8f558bc044658a1cf9e6bd,13d568151ed48498f9fedb4eded5da5b11ace0174cff261bb58b76e7fbe530e3,f4cdeede4276057922e16cff55c0afba94dd5ff9064ef65d65cd52100d2460b7,741955,games/h4_capital_rolling_all__capital_rolling__450201982__0/RESULT.json,games/h4_capital_rolling_all__capital_rolling__450201982__0/replay.jsonl.gz
h4_capital_rolling_all__capital_rolling__450201982__1,h4_capital_rolling_all,capital_rolling,450201982,1,False,True,True,719,201030.0,True,,2026-09-13T21:51:07.989332+00:00,2026-09-13T21:51:12.269583+00:00,4.280261911000025,4.280168093,97212,3.39347327599819,0.16771645500000432,719,2b992be17f41ae38014a5cd46fbd5836ac6c088cd3d08a58c774a99510570b62,b4f9aa17f1a6700f44cd04779a81e4a430d2693f4943efe1e2297b1ce1096287,1c2c924a4baa484a0ff3581d16868da50fc3f439f3523e6a04284aa400b2eb80,721298,games/h4_capital_rolling_all__capital_rolling__450201982__1/RESULT.json,games/h4_capital_rolling_all__capital_rolling__450201982__1/replay.jsonl.gz
h4_capital_rolling_all__capital_rolling__702093297__0,h4_capital_rolling_all,capital_rolling,702093297,0,False,True,True,719,213001.0,True,,2026-09-13T21:51:09.732251+00:00,2026-09-13T21:51:13.974353+00:00,4.242103385000064,4.237557148999997,97232,3.3646743840009776,0.21444438000003174,719,099fb3520df87c44d55129622fd42e1cce8905e8f1647d2af3d51643d1ecc772,a7caad106f4963331ec6bbcaecc6fd46e90fbd0639790c6dfd6d943badbcd9ea,3d07b7b14407fa2bb376a0ff0084d7ac148a075795e5254fc5929d66e1a51dfe,845528,games/h4_capital_rolling_all__capital_rolling__702093297__0/RESULT.json,games/h4_capital_rolling_all__capital_rolling__702093297__0/replay.jsonl.gz
h4_capital_rolling_all__capital_rolling__702093297__1,h4_capital_rolling_all,capital_rolling,702093297,1,False,True,True,719,213001.0,True,,2026-09-13T21:51:12.273205+00:00,2026-09-13T21:51:16.593235+00:00,4.320056229000102,4.319962618999995,97216,3.4425217520008573,0.259452316000079,719,508e763640864d24f22bf85fb956a47581f111f71ebcb5e36acf71b3cd594907,60194b02eee8b9e9cd3f4e79934d01174ece6f77bfb302fbda11a972a362670e,9ce8ad19a1d84fa5c5b1d0ae6d9e22c3a87d20fdbd09622cbe3c855ade553b58,851634,games/h4_capital_rolling_all__capital_rolling__702093297__1/RESULT.json,games/h4_capital_rolling_all__capital_rolling__702093297__1/replay.jsonl.gz
h4_capital_rolling_all__capital_rolling__742425277__0,h4_capital_rolling_all,capital_rolling,742425277,0,False,True,True,719,184402.0,True,,2026-09-13T21:51:13.977763+00:00,2026-09-13T21:51:18.418588+00:00,4.440856237000048,4.4362144279999995,97236,3.5508167040001126,0.22974591399997735,719,18aa0528eef8f65ca67d85dad0b9f9c0425cdd5aa4434236ddcbfc410537f559,a135ab7cb236df1748126373e481779628b8a59a0bc2140ed694cb59e381c163,2b51915ba58b1e80fd46818219aa60ada500f791a2b228ab1b0ac4637a419e0e,892812,games/h4_capital_rolling_all__capital_rolling__742425277__0/RESULT.json,games/h4_capital_rolling_all__capital_rolling__742425277__0/replay.jsonl.gz
h4_capital_rolling_all__capital_rolling__742425277__1,h4_capital_rolling_all,capital_rolling,742425277,1,False,True,True,719,183957.0,True,,2026-09-13T21:51:16.596981+00:00,2026-09-13T21:51:21.055271+00:00,4.458294324999997,4.458190380000005,97276,3.5404465880005773,0.2461644969999952,719,ce738f311b142a1b3ce0ffdeaee7a96cfcf0eec8c34ea700d8123e16e2b15de3,6cc60e2b89df35de1b7793edf970635abe7cceb1493933e8bb517ab0c8ff055d,68c2df1a9c98721702882bb55dd203e4263d572f540c6a7e7b9c2a07cb918dc6,919942,games/h4_capital_rolling_all__capital_rolling__742425277__1/RESULT.json,games/h4_capital_rolling_all__capital_rolling__742425277__1/replay.jsonl.gz
h4_capital_rolling_all__capital_rolling__766857369__0,h4_capital_rolling_all,capital_rolling,766857369,0,False,True,True,719,219509.0,True,,2026-09-13T21:51:18.422396+00:00,2026-09-13T21:51:22.819023+00:00,4.396745817999999,4.389575362000002,97236,3.531406617001039,0.22540659799994955,719,cc8eaf0d2b3b7d9a551b12f956c4cfeb6deb66f4a0230e93222695728819e1ba,dd5390c96a6a363a354e873751ed1dce7c21bd4d749c1539d2f7d287d626d3fa,c7b338d8a23eb9331f7804ecaadc0aa792092e57dd517605a3976c185c85ef98,792212,games/h4_capital_rolling_all__capital_rolling__766857369__0/RESULT.json,games/h4_capital_rolling_all__capital_rolling__766857369__0/replay.jsonl.gz
h4_capital_rolling_all__capital_rolling__766857369__1,h4_capital_rolling_all,capital_rolling,766857369,1,False,True,True,719,219509.0,True,,2026-09-13T21:51:21.058678+00:00,2026-09-13T21:51:26.467034+00:00,5.408474728999977,5.408336151,97276,4.35403514900031,0.24013545599996178,719,49681f1bad0177ee82c0226c07f82ec0ffb4fedc3d09478937a697533248b710,eed04fb8b789a9382cb08a70db0fde17e76da751d0bd37a31bc9759e2737c91f,403cb7108cb23b5be7480a827fabf74f9e7b35a6816bad2b5a850a623ee1f954,794587,games/h4_capital_rolling_all__capital_rolling__766857369__1/RESULT.json,games/h4_capital_rolling_all__capital_rolling__766857369__1/replay.jsonl.gz
h4_capital_rolling_all__capital_rolling__810644906__0,h4_capital_rolling_all,capital_rolling,810644906,0,False,True,True,719,228431.0,True,,2026-09-13T21:51:22.829017+00:00,2026-09-13T21:51:30.536888+00:00,7.707867529000055,7.699334062999995,97256,6.152999532999615,0.5665383020000263,719,2bb28a235f087a0857aa5a11cee11506f279e59567c8c5c01a783748b6698f79,9c8c34a0d39f916ef913c82bcc1ee5f916e89f58b66e07efe65d61fbc6bd9d46,7add3ced20aaf1eb7afe5aeb7b33588a36f68923e6ec5e44a94eb88ad8427bb5,864043,games/h4_capital_rolling_all__capital_rolling__810644906__0/RESULT.json,games/h4_capital_rolling_all__capital_rolling__810644906__0/replay.jsonl.gz
h4_capital_rolling_all__capital_rolling__810644906__1,h4_capital_rolling_all,capital_rolling,810644906,1,False,True,True,719,228431.0,True,,2026-09-13T21:51:26.471466+00:00,2026-09-13T21:51:31.455238+00:00,4.983777369000109,4.983501544000006,97316,4.000929831999315,0.2834417819999544,719,8b2ff1f058befb4040d9ff1762ac5a10e55ae02b011eaeebc7e48364147e615e,01d06ede13b72b2a698b974d83340f72eda0cf1ac7f800ec2db00b2b259ad00e,078e9846b1768f6bf3e7455b10a8be52be5defd1f3f7e69f62695c77909a0d22,861002,games/h4_capital_rolling_all__capital_rolling__810644906__1/RESULT.json,games/h4_capital_rolling_all__capital_rolling__810644906__1/replay.jsonl.gz
h4_capital_rolling_all__capital_rolling__833126169__0,h4_capital_rolling_all,capital_rolling,833126169,0,False,True,True,719,245811.0,True,,2026-09-13T21:51:30.543254+00:00,2026-09-13T21:51:38.226996+00:00,7.683739557000081,7.682454627999988,97276,6.0406949280014715,0.39148933299998134,719,31fdde497b1a603b3acddf7c757cedac32b86e95d37d0eb89a90de3ab914d935,782caa02736824bad8ca7af7289b93069205b5c1141845543058e775632534a9,56ebb244a2044a696935e6200541a0f9e426bd15ca02e76e27d7843dbb574f56,831817,games/h4_capital_rolling_all__capital_rolling__833126169__0/RESULT.json,games/h4_capital_rolling_all__capital_rolling__833126169__0/replay.jsonl.gz
h4_capital_rolling_all__capital_rolling__833126169__1,h4_capital_rolling_all,capital_rolling,833126169,1,False,True,True,719,245811.0,True,,2026-09-13T21:51:31.463440+00:00,2026-09-13T21:51:37.445737+00:00,5.982299549999993,5.981118331999994,97320,4.757859461998692,0.3194076899999345,719,9ad5dc297a2bc877bef872a48120d1590dc3f2327df4a0a542c899dff53b841e,63d68ae2af6f5c8651836a4890da42048a137abbe45389339a791403481fd252,a70138911c8f8c2b0756ddd48d3e7aac7da131a94762110360b44c93888d3732,825230,games/h4_capital_rolling_all__capital_rolling__833126169__1/RESULT.json,games/h4_capital_rolling_all__capital_rolling__833126169__1/replay.jsonl.gz
h4_capital_rolling_all__capital_rolling__94002826__0,h4_capital_rolling_all,capital_rolling,94002826,0,False,True,True,719,228919.0,True,,2026-09-13T21:50:17.830194+00:00,2026-09-13T21:50:23.532909+00:00,5.7027076330000455,5.693542383999999,96484,4.50526464300026,0.38316587700001037,719,fde6e70af8b49dbf35f70d5bf6523ab4297956a9fe7b9966b7be02dd8389b7dc,df560354f5f9b0e83e8fda5961dac619cf417ff35ecc68418f9db7c471d275a6,30177bf788fceb2aa39c9f79158a3f5118c1cb8a6af32c0305640bf1796b2db1,896963,games/h4_capital_rolling_all__capital_rolling__94002826__0/RESULT.json,games/h4_capital_rolling_all__capital_rolling__94002826__0/replay.jsonl.gz
h4_capital_rolling_all__capital_rolling__94002826__1,h4_capital_rolling_all,capital_rolling,94002826,1,False,True,True,719,228919.0,True,,2026-09-13T21:50:17.883773+00:00,2026-09-13T21:50:23.519828+00:00,5.636067560000015,5.6205081240000005,96388,4.503785273999483,0.3807385500000464,719,7f567ac63ecbdf41db1c509979689adad614a7380c5ac84160e6223bc454e19c,bb42dd68bbf7123653dd002acdec90683735d37e68939f893bf6eab8773d2f79,5ade7a6c5e7ba6a0a56691449d631cc83f21b3429811bd50e4c2bcc63dea1021,893362,games/h4_capital_rolling_all__capital_rolling__94002826__1/RESULT.json,games/h4_capital_rolling_all__capital_rolling__94002826__1/replay.jsonl.gz
h4_capital_rolling_all__capital_rolling__967718147__0,h4_capital_rolling_all,capital_rolling,967718147,0,False,True,True,719,201773.0,True,,2026-09-13T21:51:37.449748+00:00,2026-09-13T21:51:43.571646+00:00,6.121902069000043,6.121769521999994,97332,4.9017921839998735,0.33764301600001545,719,18bd01a634764e59ba6fd954c368b85819c0616a74a6e60b617bdbcf6ccb83d8,034f7d7f92545916a460bb5a1fd09e350546e90eb21fbecfdcf945e69a8e1e94,a9feab97efd3e4ed22f371d54ca655b513c88b4538efc8b9ed1def66fbcaa746,841620,games/h4_capital_rolling_all__capital_rolling__967718147__0/RESULT.json,games/h4_capital_rolling_all__capital_rolling__967718147__0/replay.jsonl.gz
h4_capital_rolling_all__capital_rolling__967718147__1,h4_capital_rolling_all,capital_rolling,967718147,1,False,True,True,719,201773.0,True,,2026-09-13T21:51:38.234899+00:00,2026-09-13T21:51:46.262665+00:00,8.02776657000004,8.027327040000003,97288,6.515159296001684,0.41165169600003537,719,10b37db1a45eec9c28b54207f3a63b046eda1e7f9787f7aae9af9db33c85c000,a98bf9028cdb30e190135e3a063506d62d18e3d0c357e88dbffa8baa6c617169,94b3cada852830eaf349b5541ec456e8958602c36109caf9047728c18d789633,831329,games/h4_capital_rolling_all__capital_rolling__967718147__1/RESULT.json,games/h4_capital_rolling_all__capital_rolling__967718147__1/replay.jsonl.gz
h4_capital_rolling_all__capital_rolling__979746784__0,h4_capital_rolling_all,capital_rolling,979746784,0,False,True,True,719,204304.0,True,,2026-09-13T21:51:43.575776+00:00,2026-09-13T21:51:49.868720+00:00,6.292946056000005,6.29275297800001,97432,5.025808602998836,0.37550586299994393,719,d1f77923eab5628fbb7c5f756ac9e3f541ca28c3532ea297e5af82b43353b889,8656123d19d167a584fce58dc5f4f023241bef1c220dfdb6bc668cb139e01e7c,546b29afb848639755807ce1845b19ad3babea28b56dc55878c4c9d5d6ec3508,857471,games/h4_capital_rolling_all__capital_rolling__979746784__0/RESULT.json,games/h4_capital_rolling_all__capital_rolling__979746784__0/replay.jsonl.gz
h4_capital_rolling_all__capital_rolling__979746784__1,h4_capital_rolling_all,capital_rolling,979746784,1,False,True,True,719,204304.0,True,,2026-09-13T21:51:46.270064+00:00,2026-09-13T21:51:56.953030+00:00,10.682969115999981,10.682801815000005,97320,8.392356246001668,0.5686969209999688,719,4c6b27f73779e24e85374b44656ad3a5221d467fc77703c58e1a922e94b79c4b,5ae489be3864e288464aba90b2da2712e2162e82de65e794d56d8f36e5435872,b4a8480d758a11d2650441f3ab85ccdf565cab1af2941d3885213acc03c7bf47,854343,games/h4_capital_rolling_all__capital_rolling__979746784__1/RESULT.json,games/h4_capital_rolling_all__capital_rolling__979746784__1/replay.jsonl.gz
h4_capital_rolling_all__capital_rolling__979914492__0,h4_capital_rolling_all,capital_rolling,979914492,0,False,True,True,719,212448.0,True,,2026-09-13T21:51:49.882030+00:00,2026-09-13T21:51:56.325294+00:00,6.443262585999946,6.434369215999993,97720,5.076094229999171,0.34891457300000184,719,ee3a763f3bde7cec5590e0815640db1370f5f6bb0dde83a1a094e1e45fb7addb,58dbdb64c29332db1c85b4a2babf69d23c46836b70a65daa1263bad1cd31c0d9,030e234cf8a6247beb9f8421f4b97d16c1d7e47278225e53fbd7983f67378e13,870697,games/h4_capital_rolling_all__capital_rolling__979914492__0/RESULT.json,games/h4_capital_rolling_all__capital_rolling__979914492__0/replay.jsonl.gz
h4_capital_rolling_all__capital_rolling__979914492__1,h4_capital_rolling_all,capital_rolling,979914492,1,False,True,True,719,212448.0,True,,2026-09-13T21:51:56.336102+00:00,2026-09-13T21:52:03.335889+00:00,6.99976785299998,6.999623775000003,97720,5.516752092999809,0.3875875850000057,719,7803b5ad1ca6eb0f225c27e37d6e6e7fd6a9833e1e9f38abc250c39526f29e2c,57d34a6fd8624bc0db553df835ed6890a6cb1232cfe2be6376ac417f0587249c,162db99934991f597404e97fbe255c308edf21d24cd5d33a8b19fd85598e4467,871389,games/h4_capital_rolling_all__capital_rolling__979914492__1/RESULT.json,games/h4_capital_rolling_all__capital_rolling__979914492__1/replay.jsonl.gz
speed_baseline__baseline__28846738__0,speed_baseline,baseline,28846738,0,False,True,True,719,187532.0,True,,2026-09-13T21:38:00.231691+00:00,2026-09-13T21:38:08.016433+00:00,7.783452490000002,7.781229131,94652,5.525936411000316,0.30974080600000775,719,26e0b823f2f0ccbf7ef140de44991819e6096023e80b6ec7b80a8706eb289d79,b7fabe4b084534747952cd97336567dc4b7095f9bd84929e1e9ab33ce283d12e,f7c3bd067c93768c5eb11a8428535eb5b961cf9f1632c71584ba26f257ebacae,898394,games/speed_baseline__baseline__28846738__0/RESULT.json,games/speed_baseline__baseline__28846738__0/replay.jsonl.gz
speed_baseline__baseline__28846738__1,speed_baseline,baseline,28846738,1,False,True,True,719,187063.0,True,,2026-09-13T21:38:08.042664+00:00,2026-09-13T21:38:13.641989+00:00,5.599401727000014,5.597706120999999,95960,4.080621178999735,0.22556484400001864,719,efec4f4b3e56771397153fcc50ac1c1be5c893bbc3459c39e91c4e62b167991b,34445e37af3f04b5c636dd373d7b609662a3785733175865690a624986d9f19f,cb3fc316d2fe927108f9c29cdd3ba1d3c796e883e7f544135da1d2f869695a4d,904137,games/speed_baseline__baseline__28846738__1/RESULT.json,games/speed_baseline__baseline__28846738__1/replay.jsonl.gz
