directory,panel,variant,seed,seat,started_utc,ended_utc,complete,valid,steps,own_cash,wall_seconds,cpu_seconds,max_rss_kib,action_seconds_max,action_sha256,state_sha256,replay_bytes,replay_sha256,error
games/api_reuse0__final__1743809225__0,api_reuse0,final,1743809225,0,2026-09-13T22:50:33.404083+00:00,2026-09-13T22:50:38.258732+00:00,True,True,719,203160.0,4.854677806000154,4.854398248,109348,0.4195987400000831,60af11462d541425736a3463c7fefb3f95d3bc16d04d3293c5f4ddcf53b7902c,5488481bdaf69f1d4bc10c63ab58355d258751ca51cf24e73432f4d2a1a694e9,626982,57d5ecd28b4497ff198d77a63fa8a01bfc184c4e5501469b21cce80dd3d7a7f5,
games/api_reuse1__final__1743809225__1,api_reuse1,final,1743809225,1,2026-09-13T22:50:38.264236+00:00,2026-09-13T22:50:43.102964+00:00,True,True,719,203160.0,4.838748934000023,4.838536357999999,110116,0.41837936199999604,3793c9bce6f92216394868d5fa903263018db3502e96f9341f5fad7de19b3910,087aeb963d3e8bcdae98d28e760ac0f6e9d20a3ef1c3c20f5e1388b0665e364f,621725,acc431814cc1e43550a1f9de0fb77cd2ea15577e4327158097fe9b5edc6a8314,
games/api_reuse2__final__1580896166__0,api_reuse2,final,1580896166,0,2026-09-13T22:50:43.107845+00:00,2026-09-13T22:50:48.587390+00:00,True,True,719,246818.0,5.4795625259998815,5.479109214999999,110536,0.4284866279999733,9d4f517fbd20eb642b68f7321233cfc185c57c0f5698b7f453dd6d7c95369742,5ded2953cd0988b951d9200cb011aa27d5730e5428f5fb52068d2158a6018c28,638611,9b275a26e8b62a1a236dce112eec052b124148f5430f62802b68d84b751eae57,
games/api_reuse3__final__1743809225__0,api_reuse3,final,1743809225,0,2026-09-13T22:50:48.592227+00:00,2026-09-13T22:50:53.489210+00:00,True,True,719,203160.0,4.89700063600003,4.881671337,110800,0.42995363,60af11462d541425736a3463c7fefb3f95d3bc16d04d3293c5f4ddcf53b7902c,5488481bdaf69f1d4bc10c63ab58355d258751ca51cf24e73432f4d2a1a694e9,626982,57bfde2882ad3ce57c40499eaa1af2bdfb3fb370a0ec17a405d385254e9861d4,
games/dev1__baseline__140008426__0,dev1,baseline,140008426,0,2026-09-13T22:36:50.657464+00:00,2026-09-13T22:36:54.707374+00:00,True,True,719,232512.0,4.049958352000033,4.042535386,95496,0.15219962899999473,3f176ce613e0305e49f10a94b3b37dd683e39f2ee50c4d689ff55e95ccb94dc6,317532d597bfa31db1055b71538927948e77757c08a92570ef82f35718e5896e,670540,f7ac1cbc09ba33bf9bf3977fb26e355e7c9499324cd5b7fb5ec06e9ab842f9a2,
games/dev1__baseline__140008426__1,dev1,baseline,140008426,1,2026-09-13T22:36:54.712357+00:00,2026-09-13T22:36:58.601617+00:00,True,True,719,224913.0,3.889279421000026,3.882525039,95880,0.15642586499996014,8df6ccfc14f0fc152c9743d53f274424fefe0dcb1ed330a5f689361f0dbd431a,844644e5e6c577f8d14f41e854c15a87eb39f5cfbff1f7140f9b163045d4b79a,626343,c5934661c978c03be2f3610fed510e38f31676c6db190c8a1e33cc23aead955c,
games/dev1__baseline__148094548__0,dev1,baseline,148094548,0,2026-09-13T22:36:58.606394+00:00,2026-09-13T22:37:02.407866+00:00,True,True,719,184630.0,3.8014917250000053,3.796087161,96128,0.16937079499996344,ddf239b7876c369c8e04c96b4a76d34665d28697990111c1f0a5b1fc8c12c4da,28d0f3a898712316ed5de3b8656920710e00f148889e9a505ca7658e8ad475a8,642539,3923faafad8d564f7820e35863b94be0ac6c22015bd7bbc07d999e6f93c44ba1,
games/dev1__baseline__148094548__1,dev1,baseline,148094548,1,2026-09-13T22:37:02.412401+00:00,2026-09-13T22:37:06.207370+00:00,True,True,719,192091.0,3.7949903119999817,3.7889751290000007,96392,0.16946367299999565,f4249838f95ada03da803de0cbb787ce6ee6ff48f55a61ecd17cfdcb0684d87c,56992b626dafa1cc23feef5ab38ce53dbfd67b1a2ebc4089785dc0b8bf4ee8a5,653646,664eda40faa4aaaef55614c6fd42f2306a96d9fb682082d1b6b22a091670aa41,
games/dev1__baseline__1501860085__0,dev1,baseline,1501860085,0,2026-09-13T22:38:19.361949+00:00,2026-09-13T22:38:23.111065+00:00,True,True,719,189349.0,3.749141889999919,3.748822476000001,99396,0.1493341259999852,aa1993c80a13c6e7cff44f4a57d6da85c9cfe17ac0daa635821ec32e99231b93,3fee909ba1405b2c6ad452ff500bf5307a44330cd9684a4b03503734f7b75bad,680179,52a953ff3c5405e1392410f9e3d3443441b9e558133c857c6ebc199d9d0529d5,
games/dev1__baseline__1501860085__1,dev1,baseline,1501860085,1,2026-09-13T22:38:23.598314+00:00,2026-09-13T22:38:27.336219+00:00,True,True,719,189349.0,3.7379256069999656,3.737809984000009,99380,0.1504046700000572,794f7b2d8cce43e3adf4d41b84c6be005c088b87f2851ac22d9ff16ae28b9fe3,14657b8e5038e7f751c6fbad64b25af3381a4ca3223e097052769c55d3a17f6e,676907,34dd35e1bb752feb55b3b67f4c1023e6153bfc04032dfbe4815e68af3288f97a,
games/dev1__baseline__1658182076__0,dev1,baseline,1658182076,0,2026-09-13T22:38:28.513665+00:00,2026-09-13T22:38:32.564960+00:00,True,True,719,232041.0,4.051313665999942,4.038941701999988,99396,0.1808749199999511,40526f6c41ac2454816f1c38117e4f93b96f2278a39098c24e506ad23f766fc0,f60f68e050510af8ed14a3b1975ec4e3cc9b867f93148bf192f2c7237e8ad953,676905,048373f0fd487f40eb4eaaff17e36823efc6e4119742028eaf4584c98ae6096d,
games/dev1__baseline__1658182076__1,dev1,baseline,1658182076,1,2026-09-13T22:38:32.661431+00:00,2026-09-13T22:38:36.732023+00:00,True,True,719,231955.0,4.070609707000017,4.068784499000003,99380,0.18118699200010724,165df193d4352cd32e0c5eea85a5ea62bb522225ccfab69b79ab92f669100d8f,f8c65a0083af5828ed7458053a07d87eb352217e93fbb30595fbe8e0ec8973cc,665941,9e147e6936a5416f0adb85d125ae30ec03b9346d39469d10021e66e7d01a29b4,
games/dev1__baseline__1681080428__0,dev1,baseline,1681080428,0,2026-09-13T22:38:38.543731+00:00,2026-09-13T22:38:42.354650+00:00,True,True,719,148560.0,3.810938487000044,3.809847156999993,99396,0.1329143479999857,3bc34fda0dd0dd8279f5b71d30d20671843daefc460d421de73a89000ae7e0c8,a69493381531b506dba83b50e0f0cd5cb7421d9b5bbdee37b435f62910902e18,681712,777a2d132a3acdf941a10ac7cba4eb72b177266bc066100839e4b4e2380cfb64,
games/dev1__baseline__1681080428__1,dev1,baseline,1681080428,1,2026-09-13T22:38:42.486908+00:00,2026-09-13T22:38:46.410879+00:00,True,True,719,154522.0,3.9239884059999213,3.923777568999995,99380,0.16713632400001188,765991da93d27565bcd5ae25d0c4f1d02f827e0a4e1a7f88d9016bd81e745af4,76016c667a061eb833a29be9f9cd13ee737208ebb9785d0bfc52591a2d183cd1,703731,bbef09d724ae2a015aa3d3b5ff0035655cd85b500b37b1a36e59dff5a15ef8ca,
games/dev1__baseline__1781448506__0,dev1,baseline,1781448506,0,2026-09-13T22:38:47.581693+00:00,2026-09-13T22:38:51.454478+00:00,True,True,719,245472.0,3.8728081550000297,3.871769078,99396,0.1536397229999693,bc0efbcf478706506d3ffdb5a6d93f5684842b876762644ad2fb64156ec6e9f8,5e3ba413eac39ffa4d6257a1664a0e67bc04fe701d34caa40bb5774129ed59a4,693815,6ee78289817ee2a1cd36537416738d880d45889cd72d6b54929fdb8954c8d322,
games/dev1__baseline__1781448506__1,dev1,baseline,1781448506,1,2026-09-13T22:38:52.099460+00:00,2026-09-13T22:38:55.855669+00:00,True,True,719,231238.0,3.7562301189999516,3.7560393979999986,99380,0.141726417999962,0e5dac1bcbaa048945fa365a6e93ca29f7369f74e3fcf772a680305126976967,f206a1f00787ca59e981161bc3db34af8a1045a73a9e155f5eaba84e5e46097c,721115,661b1cab4f3706bd11873e3345884f48e4a310b87b251883db8a01b93f29b0dd,
games/dev1__baseline__180752382__0,dev1,baseline,180752382,0,2026-09-13T22:37:07.083377+00:00,2026-09-13T22:37:10.856124+00:00,True,True,719,174269.0,3.7727687189999983,3.772311804000001,97488,0.19211999399999513,d53424b3b08d6b8ff03cc9c9c1bc73ae215059da5b79eb010295b743f873a477,1e525df19627160e65e66a9dc83d0b1a1d4be8b1f07ace95f0e88802735ca3cd,642596,48c239a397adb2a877a32d22cfa1d19ed24ac5a40477414cc20ba75663e99b96,
games/dev1__baseline__180752382__1,dev1,baseline,180752382,1,2026-09-13T22:37:12.049739+00:00,2026-09-13T22:37:15.785527+00:00,True,True,719,218784.0,3.7358054370000104,3.730891714000002,97956,0.14574442899998985,8a78f0b1037d98183896fd6d94180fa1b6eec8cbdcaa442827f6dbaa60122e2b,872cc3d275989a0bb28fa2fdb6059111915523349a2dc44e9e40d5953ae3f898,726447,a53d2328100fcc42a793c866dafe5701d3c3a2158dcc6309410923e5e58ddaac,
games/dev1__baseline__1856155813__0,dev1,baseline,1856155813,0,2026-09-13T22:38:56.442200+00:00,2026-09-13T22:39:00.304387+00:00,True,True,719,216219.0,3.862206226000012,3.861045274999995,99396,0.12786829499998476,56dd38df9896966404b6cb92e4ec3f2d245a8a4268b061252c40c10c46b6847d,22de8d7df63891521c847799a5bfc8fd73a7f04fd4e08895aae9ffb6871bb0fb,737203,c5d25a332915235841ff7ff35cc9c792b26fdd2bb9bdab79052c9d61f9bc6cfe,
games/dev1__baseline__1856155813__1,dev1,baseline,1856155813,1,2026-09-13T22:39:01.156232+00:00,2026-09-13T22:39:05.010905+00:00,True,True,719,219693.0,3.8546928360000265,3.8540139140000065,99380,0.11768148899989228,4d42e7edf70225549bfe708b247b5b06ce975f26c152024f8db50a2e2694ba09,de5d83ac231ee7dfdbd274f76089ad18ecfffa2fce7e09091710279e08f543a6,734951,9a6d44c3c8b40419bff95f1fa9fa50a4b423b6accc3d470291fd8ff87ebd6076,
games/dev1__baseline__2027896586__0,dev1,baseline,2027896586,0,2026-09-13T22:39:05.588974+00:00,2026-09-13T22:39:09.363865+00:00,True,True,719,164685.0,3.774910730999977,3.773915594999977,99396,0.14475860599998214,c66a7959cf86c5772d7121ae7cf08557753ed3c27969cd0ddb38aa5091541ea3,7bb9313e4e1be47e6bd94f3485a7445753f5576355b5d3faa1749a3bc231845b,602619,822ecec5c3a283efa917201c5ed537e677c1f35b618960bbc35b16cb7871a03f,
games/dev1__baseline__2027896586__1,dev1,baseline,2027896586,1,2026-09-13T22:39:10.442018+00:00,2026-09-13T22:39:14.345927+00:00,True,True,719,122067.0,3.9039294090000567,3.903742297000008,99580,0.15579655200008347,34dce93d4fa141b77e46314595a293b6ae56d7ed89c50a825397e052cfe5d768,ecc88af0c5fc586a3f02cdb21e11022b651faced2d6700146f82bccb92cd248a,600597,428c318ab7cdeebeb9dadb5c12b9207a4cbe98a4cb452660f15d8477aaab56ec,
games/dev1__baseline__219026998__0,dev1,baseline,219026998,0,2026-09-13T22:37:15.790188+00:00,2026-09-13T22:37:19.610096+00:00,True,True,719,221055.0,3.819925775999991,3.814955627,97956,0.16732249900002216,6684bc0560fddc2c15c7e99a6a7949abcee9428394552d9a376617735e7cc454,3ac2c8e5d331fae548f2e040e256ecc5ff245b47cebb3e55dd624ba04f135ee5,687896,a4c647da6c80e638af9c2dbbfa71f886852d5fdb3fb1998d162867c92dc34cc7,
games/dev1__baseline__219026998__1,dev1,baseline,219026998,1,2026-09-13T22:37:20.964160+00:00,2026-09-13T22:37:24.853559+00:00,True,True,719,216819.0,3.889420118999965,3.884090019000002,97936,0.1577934840000239,912d073823b21c8875143a57e2cb214ce6ae37a9e85a16101ef961937054bae7,9bb8022f256810edbad95a5b2172495e7dc004f9a5d26152e22242c4d8e8fd77,644786,b7e15cfea93526217255f2691f96f30eb83a5dda18aa5143a90db8ff92df7a3f,
games/dev1__baseline__320211102__0,dev1,baseline,320211102,0,2026-09-13T22:37:24.858566+00:00,2026-09-13T22:37:28.555995+00:00,True,True,719,236796.0,3.697448478999945,3.6972374890000026,97936,0.14453228299998955,454b86a79ab9de8e1eed02648191b95e44421ba6f0b95810fbaf88fbc7a8a64f,9cabf9c7fe336bea92b4b8ed1fbf62cf8ca5a7a7a77e3d860fe68d99c1913e8e,761803,85f70a2985aa7e3329986e334bfa79935ed484c43c04511d41c82452eb0f2a54,
games/dev1__baseline__320211102__1,dev1,baseline,320211102,1,2026-09-13T22:37:29.208121+00:00,2026-09-13T22:37:32.891933+00:00,True,True,719,212980.0,3.6838327420000496,3.6783159989999987,98080,0.14630648699994708,8f2c8dbff5c0b3d008a4480b22ed13dcc4dded3ad37a08f430ef68e9c92ad7a0,bf2b5c168f3bfe66e1bc04aefac3d36f8b37f2b4269128dd753cc161fd3f8e87,713815,6a4b16c5fc3ce030f984a8e163afb6962787496cafef77d2a6ff61aad6d308da,
games/dev1__baseline__337943030__0,dev1,baseline,337943030,0,2026-09-13T22:37:33.906012+00:00,2026-09-13T22:37:37.938280+00:00,True,True,719,230197.0,4.032292417000008,4.032058411000001,98440,0.17943928800002595,a36c1f11a6fac5a05cb4c3306ae18bfabcf2248fb21a052df3be42b7a83c889b,917362abcbd4ebcc67c57686bcb0ce15e286e37679a6ed86590e139399f15445,699598,ca2910ea0fb6bcfd00f4638bb1637adbdb5ad307f5958409b925b447478b6002,
games/dev1__baseline__337943030__1,dev1,baseline,337943030,1,2026-09-13T22:37:38.223683+00:00,2026-09-13T22:37:42.097560+00:00,True,True,719,224747.0,3.8738979249999375,3.869009644000002,98616,0.13963382600002205,cd20a5eae4e58b5de9f018ddf537c6f2ce82a9c338c8c227611e97e3e3e1bca4,0460748b7e3ffaf6a4411165118bb01fdd900024421aaf7fe7ae1b3bef4a90d9,665219,7fb2386e2489851b5961fc8a41ce96cdc60f1c5c8444f35427b4fea88a9a90e7,
games/dev1__baseline__370413548__0,dev1,baseline,370413548,0,2026-09-13T22:37:42.944540+00:00,2026-09-13T22:37:46.851335+00:00,True,True,719,244283.0,3.9068124740000485,3.9065880400000026,98456,0.16820571400000972,4edb7a8f3d9720fcdc470eb559e3497494a32f107422746f822c15e7c59b46ce,a00853d15582589f24255f1db49b40002e64f58296b5f791ebf92bf6f875eefc,729159,7f00daf4e7fbc4c2181ef6d6c5e31b8f753dd46fccdd5920f98b73a4cd4ba9d8,
games/dev1__baseline__370413548__1,dev1,baseline,370413548,1,2026-09-13T22:37:46.856518+00:00,2026-09-13T22:37:50.706597+00:00,True,True,719,244283.0,3.85010098500004,3.842810473,98772,0.1619832269999506,6e489a95ea5049164bdb979468b4537fadf99581c01a9d7bdf787def8dd7e381,edc07c6d2ee05df6f9e21f7ad3cbd904db1f478771191b0bac01c2047ddd44be,714399,ff16d97a2cb16eb5d80d8694a027cedd0b58adaf8a2db59461e5421ba6c113c1,
games/dev1__baseline__383365175__0,dev1,baseline,383365175,0,2026-09-13T22:37:52.031726+00:00,2026-09-13T22:37:56.045582+00:00,True,True,719,201398.0,4.013876093999897,4.012940125999997,98880,0.14705226299997776,d6124b9050635af058538eea6812d9ddfaf69bce0694d49da38019ff8e6ae482,ddf89ffbf9a21f9f5858ff9cd050ff5346cdf7eb8242fa7ac316212e97f8e165,614484,38467e3c476384334c01f5780952ccffc65e6ac3bf737d97b611b1df3963e72c,
games/dev1__baseline__383365175__1,dev1,baseline,383365175,1,2026-09-13T22:37:56.050945+00:00,2026-09-13T22:37:59.988979+00:00,True,True,719,222511.0,3.9380544120000422,3.937710205000002,98904,0.13484194299996943,9c1fda5d6b2ee150df9161f7b455c6eef1936e11e09a064a7c1ffac762a853fa,1881bd45d381a1f222975a8ccc9907fcacfd5deede5a231a109cfd1561a81834,693792,82cdf6cbeff8947b7b8a28636e93ed2470090ed3ccae66d0bbcc2e14f75af928,
games/dev1__baseline__702093297__0,dev1,baseline,702093297,0,2026-09-13T22:38:01.259853+00:00,2026-09-13T22:38:05.151074+00:00,True,True,719,224535.0,3.8912462370000185,3.891084836999994,99040,0.16249048499992114,af7c26729baed907ed733f5c9479d9e202b2fcd2255f6c9952faeecde303db3e,b7e886c05ede3a9ad2388b02ad5e8dccce91d1f109dfff2cd5bf2879d8670656,682954,ac76e6b56f5c943ec43ae0f1be23cb66146cba4457b781d820c9a15ae96e1919,
games/dev1__baseline__702093297__1,dev1,baseline,702093297,1,2026-09-13T22:38:05.155929+00:00,2026-09-13T22:38:09.083189+00:00,True,True,719,224391.0,3.927279985999917,3.9271246459999958,99364,0.151117938000084,0e563e73bc01850a7997bbddbdbdfebe0bb87951d54d9021a879d685517e34ef,8a7fb4663abbbf491c98649c35b15185548e4b8f68607ee61fab3e1f05f5ab23,671320,bf1d93e50602e2c0d095b6ba65701aa84c6f43a3bb8ee5710d6c3defd84b4a1a,
games/dev1__baseline__967718147__0,dev1,baseline,967718147,0,2026-09-13T22:38:10.409126+00:00,2026-09-13T22:38:14.192828+00:00,True,True,719,218501.0,3.7837255719999803,3.783393348000004,99396,0.1421169650000138,792c4ec8fdee2fe1492f69bb50c66e0bc2c3207c3d5414077d8c2839d5ebf852,aa593aba2b578b773efe7f5e1ba9ef8e3aa5313d01f755b06e07db75328e1a49,646333,fd6daad311fcc1f1547294cca8c796b116dc0d378cf647a3485ad2137cecd09a,
games/dev1__baseline__967718147__1,dev1,baseline,967718147,1,2026-09-13T22:38:14.424156+00:00,2026-09-13T22:38:18.247223+00:00,True,True,719,216624.0,3.823088230000053,3.8229633459999945,99380,0.17427656899997146,2ad499d2e5cb5c27cb20f3d770ca076255522985ca67909404c94eecad3a4ccc,07c8630b0961e65ba6852aa15b2fe9aeb6e86ec29d2da035a6351537ebbabbcb,614161,dfdb603a8e501252acb482a2816ce54728fe9ce4b396c28f30cedaf5222e0c79,
games/dev1__finance3__140008426__0,dev1,finance3,140008426,0,2026-09-13T22:36:50.657845+00:00,2026-09-13T22:36:56.003849+00:00,True,True,719,217498.0,5.34603514600002,5.344260708,95148,0.4237831699999788,ce04a432d44711bb206df2692eb0ca69cc7c95fc2b8492dde5f8629f05183eff,1b87524f75c7b018429de44aaf9f30c20227111d355b4078eec04c29c8b316ae,646407,00f9f1f426ad089b06de09ea5a2292b1cd25365e8b4b8b8ba62ef71ea4e9142c,
games/dev1__finance3__140008426__1,dev1,finance3,140008426,1,2026-09-13T22:36:56.008697+00:00,2026-09-13T22:37:01.155948+00:00,True,True,719,174607.0,5.1472703579999575,5.145738215,96024,0.43012059000000136,a8c284b2a35591beca716c57fd4f4d2458708be0647e0c78c8dcb6a294891fb4,e13adb135d903886a09f8ac0f52b86fd84ed3de5dc03286c359ab87c27aeafb9,569238,0056c58313a895fd95455d1a1c0dc60b598912a19f484089f29ae6351ed69212,
games/dev1__finance3__148094548__0,dev1,finance3,148094548,0,2026-09-13T22:37:01.160557+00:00,2026-09-13T22:37:07.078681+00:00,True,True,719,217084.0,5.918143018999956,5.916360559999999,96152,0.4932452930000295,dc58b7f952e495a8dac8d4fd5408bf55b80a625a8c8c966b83b414675cf95d6e,2094b0c1f6d42f8a94eb29f45d0ed4afd18e0637253b380733a4e10d433d7fdb,648132,4246f169b1c1f138ab7808e7785846ec007c789a023b0dca198afbf91f9d182c,
games/dev1__finance3__148094548__1,dev1,finance3,148094548,1,2026-09-13T22:37:06.212412+00:00,2026-09-13T22:37:12.044790+00:00,True,True,719,208940.0,5.832399426999984,5.824972637000002,97900,0.49145817699996996,e588be9c38267d90c9e7df2a0edc8ff0ae6977b8b53930c83bc43f4e1430027b,932b4f99c9b1de7689743cb1b604210fe3d63e472239e469e58346940a74239a,623615,d7e2cc5d420ab8e39d01b352a277f684654e48b9fd3f1b5aeba24aa3082a8628,
games/dev1__finance3__1501860085__0,dev1,finance3,1501860085,0,2026-09-13T22:38:23.116024+00:00,2026-09-13T22:38:28.508605+00:00,True,True,719,201326.0,5.392600074000029,5.392106655000006,99396,0.44944264100001874,9de2b5126c0ce5acf62f8b66b212fcf07170fd46143ebce695791b21c5a0e19c,6cd8f85d9f3fe4cee303dbbcc379475d21075aea1f53159654551f87782d538c,614381,83bcb184be9517069d6d29b7c5c87b8a448a982e41dd517e22f6c01a653ac802,
games/dev1__finance3__1501860085__1,dev1,finance3,1501860085,1,2026-09-13T22:38:27.343046+00:00,2026-09-13T22:38:32.656907+00:00,True,True,719,201701.0,5.313880391999987,5.310640753000001,99380,0.4123364759999504,799db4902756f67eb3530cef2bdf1e102aed09f1dd55ade0bd4b6aa3338c5bb3,c3548d6ab9548d7887153d5c0accff90f17bbe7d175c8a5cbc250a052f805438,607411,e37d8a2841704ef732070b0bea70c18bdae975575fb48c1f5d84f49dc65f69ae,
games/dev1__finance3__1658182076__0,dev1,finance3,1658182076,0,2026-09-13T22:38:32.570224+00:00,2026-09-13T22:38:38.538655+00:00,True,True,719,236239.0,5.968451963000007,5.966648914000004,99396,0.4700383020000345,d0a1d57af414c995dd786720a12c8b952e09376eb55c6daf7b0ae4833e7487f1,690f7c2186b711397353307e3d7e6ae8e66bde4a3d0951db999715d70237927e,641073,d9e02084e81998daf653f6a3b86c95f668d1d0d8b2e5f59e62e0ce480541c5c8,
games/dev1__finance3__1658182076__1,dev1,finance3,1658182076,1,2026-09-13T22:38:36.738695+00:00,2026-09-13T22:38:42.481955+00:00,True,True,719,235480.0,5.743279852000001,5.742954572000002,99380,0.45868379499995626,b833f490802f3a14238e7b4dccc7e1e66be04c43de718d515f36caee4e8ce406,ee234c7b3da629c0a8b9718792380f6e74972fdf635c230b51c8345bf3103557,632924,53467ebadbc0f83150f95099bd8a7ecb25ff12986cf5a38b1b5c0a8e01ac7ca5,
games/dev1__finance3__1681080428__0,dev1,finance3,1681080428,0,2026-09-13T22:38:42.359347+00:00,2026-09-13T22:38:47.577052+00:00,True,True,719,185408.0,5.2177241489999915,5.213920469000001,99396,0.41506424200008496,11d478ba0e198ed7732b4a483c38a4b9c8d83f6c2fd6d7983d68af8e3246c873,8d91e52b8cfcf67b7aa2eb174178c692e318a55cae9835e25e9df90353b430e2,594587,82cc7bcda7c9f256c4ea341fb7f8dce7d17ff6586cab1f91b3949d2e5e2db130,
games/dev1__finance3__1681080428__1,dev1,finance3,1681080428,1,2026-09-13T22:38:46.417456+00:00,2026-09-13T22:38:52.094666+00:00,True,True,719,205432.0,5.677232844999935,5.676958322000004,99380,0.47053133700001126,fa20ec3b8718ea4d01f7508fa4b4d3367ee73af22513a07380e75d86ca3a7783,7ffd904c6bc73eddef2d30f03e9360c9cd34b7e08c8e615a653f0ec1131f2480,622064,f71c5c29b702588301afa3abe2155a303c48cc663095c1c5e4a1ba36a0fbe023,
games/dev1__finance3__1781448506__0,dev1,finance3,1781448506,0,2026-09-13T22:38:51.459639+00:00,2026-09-13T22:38:56.437431+00:00,True,True,719,174949.0,4.977815354000086,4.976399107999995,99396,0.34112378500003615,1012ac39e2f21538df932d9f790a71149e0fa2d6e38f9a3b02b5116bcae3b3b4,8056c383706611f3df17f58eb2d9795007e0a7a38d2aec75bccb5566574fd9aa,572763,80429ec63e8a56758a54006196a7b61277be7f3cc5e8d9248c222c4f0714e75f,
games/dev1__finance3__1781448506__1,dev1,finance3,1781448506,1,2026-09-13T22:38:55.860228+00:00,2026-09-13T22:39:01.150465+00:00,True,True,719,190728.0,5.290256287000034,5.289842697000012,99380,0.3629894590000049,d880af3cdd76b401b93895055c956a5ca094852f8eabf86d694bbc1d6b45c554,ca770adb95a36c3dbae5b49d07b536adbe2e2652b15d09ce642916738c2034b2,581434,17bd5366d6eed932f25d23a7933a20d19fdd23bc9b0664e37f8efe93f636c74f,
games/dev1__finance3__180752382__0,dev1,finance3,180752382,0,2026-09-13T22:37:10.861327+00:00,2026-09-13T22:37:15.768755+00:00,True,True,719,222088.0,4.907450023000024,4.906101096999997,97912,0.41615001499997106,f1ae2f4bbf9d3a5092d7a6b8798414ae7d6fe028e8f79456ead5cf7e8312d106,47108340589e7bad0742ed2423484ae4432a582c52956e450178c2b2a2000c03,625420,cc51420b5ee86aef1bd88d71bd6c883c872a4bc4f9d80e889eef3dc6d8ef39cf,
games/dev1__finance3__180752382__1,dev1,finance3,180752382,1,2026-09-13T22:37:15.773364+00:00,2026-09-13T22:37:20.959501+00:00,True,True,719,218983.0,5.186157116000004,5.184589583000001,97936,0.4386370699999702,8b5ea03ad51348914cec947d4673a67990c02cd6addebbd3d86ea9a3f7c7cc88,a34e2a2fb5e45f7dac86a89243422ee8325d48ac1737117e74bbb8761003bf85,604874,fdc271ea6593f66e8a08bd45e13638bd15f296ed1cfec60d99e104d2becf6878,
games/dev1__finance3__1856155813__0,dev1,finance3,1856155813,0,2026-09-13T22:39:00.309348+00:00,2026-09-13T22:39:05.584333+00:00,True,True,719,242798.0,5.275006888000007,5.273544462999979,99396,0.4313231009999754,a0ec2fb3d8a904a43356abb8d6ae3ab1b6fb5983087db553c5e5c06dfee076f1,487ec0cd38e23d051cf5a0bdee8fbd8ba34d270c663da124eb50ed40985419fb,682835,d09b0a9751257c6330b2e2c642e0dd249f02fab26a5cdfbf54bd44d36487ad0d,
games/dev1__finance3__1856155813__1,dev1,finance3,1856155813,1,2026-09-13T22:39:05.015620+00:00,2026-09-13T22:39:10.437443+00:00,True,True,719,245160.0,5.421842685999991,5.420587088000019,99380,0.42580537599997115,74cd60fb0de3d25ce7235c0435d6e173cb7ac31cc78db7012da60522d1473970,b51c921b6d55ba7dbcacb03771badfb9a4632174fae0b440425008d2126062fc,675318,0b7a9802fcfb1ebc1fe534f6ffbbf9d3bc552b70802b6662df62c96c60dffe15,
games/dev1__finance3__2027896586__0,dev1,finance3,2027896586,0,2026-09-13T22:39:09.368557+00:00,2026-09-13T22:39:14.655816+00:00,True,True,719,190350.0,5.287283312,5.285833464999996,99396,0.422724852999977,b95dd28dee849f1a48c62ba7b6e207030282efbc39ee6ddb0f872d562f9926bf,ac639a8c4816917a02335c546a8085a4440dd9b300746fe0e12ec517a1b6086a,641200,2c0db18e5a63c8e6aa33d23291bae5ef89a999685244596c42fc4931e78beb8a,
games/dev1__finance3__2027896586__1,dev1,finance3,2027896586,1,2026-09-13T22:39:14.351111+00:00,2026-09-13T22:39:19.786207+00:00,True,True,719,189193.0,5.43511601299997,5.434822951000001,99580,0.46648586899993916,fbb2bb1c600686ab01c594f4132dd1c46b90a5044e6a1d5f5a61b32d4fdf47f9,64d6ff46312d32252a415ec2397b2ab6e41ae826c4ede50fe24bc101be079ddf,632082,ece1bfc79f33833b64a5682b990dcd94b89bb75609e3ceb0aef4cef4ac8b3c28,
games/dev1__finance3__219026998__0,dev1,finance3,219026998,0,2026-09-13T22:37:19.614817+00:00,2026-09-13T22:37:24.388458+00:00,True,True,719,209260.0,4.773663142999965,4.763782444000004,98064,0.3516095130000281,c77ceb1acc534e4d6a9c8c3480598fe263fef1469e1dea89c74c7435506d1fac,e83b78a1102a1b36ce19839357e21c1d1a64b9ef28abb2ba3847640cbf2d00d7,693842,bfba00df7bcd04b3b592a29047ae2ddcbd649c4efb080a9f8bd999cc2d5a4325,
games/dev1__finance3__219026998__1,dev1,finance3,219026998,1,2026-09-13T22:37:24.393859+00:00,2026-09-13T22:37:29.202733+00:00,True,True,719,209260.0,4.808892162999996,4.802187359000001,98080,0.3565996949999999,63b6cfe20ba21e6cf00af6d02c6803ef550a687d680b142d9ec99f82b52358c9,9ffebb26f8bb5a59119afbede229546f487a2dbc9b6e635b1abe3bc92b3f271b,685524,b724554cb10ff6b34547b9e2b3e4ae7e865e1c4cd4ac3ade81c37b69983463c3,
games/dev1__finance3__320211102__0,dev1,finance3,320211102,0,2026-09-13T22:37:28.560957+00:00,2026-09-13T22:37:33.900847+00:00,True,True,719,200879.0,5.339912511999955,5.339233050000004,97956,0.42355234499996186,40c6727964e49d392f5d41f86310804310b6f4235b26415daafbf3d7bc375f26,06e1dc77e2dd0831179ae3cc2497595e03833758562b7488f857fdc85155c690,633331,48aeb09b232242afbd4ada401ff4e35056e0eed94a983d76b9ab10f2482b7bb4,
games/dev1__finance3__320211102__1,dev1,finance3,320211102,1,2026-09-13T22:37:32.897178+00:00,2026-09-13T22:37:38.218222+00:00,True,True,719,161697.0,5.321062186999939,5.313848652000004,98188,0.39155521999998655,a6817904a4598fc9f245a1204a1be486914e6e491d7bf30c213e39bcadb50351,16167a5e51569ec58a3ee041c0e3d7ed8e602ff70ce124d291dc72cbd22bbf7a,607828,590d689550970455b3e3ce7695597db5c8bd148ffbee856890876841e092b400,
games/dev1__finance3__337943030__0,dev1,finance3,337943030,0,2026-09-13T22:37:37.944480+00:00,2026-09-13T22:37:42.939274+00:00,True,True,719,203625.0,4.9948182709999855,4.993444548999996,98456,0.3789013089999571,fd0b0f3bff199a601e4346e5436473f0dab57a4aa4b91883129b05dd39586724,7079a342db9b6607c5d8db7413346b9c79ebd8cd50e2a1d53541152ad6ee4611,676214,c48522f9fd6416b14311205acf1b137da34517b106d10255caebcbb7ebd17e0d,
games/dev1__finance3__337943030__1,dev1,finance3,337943030,1,2026-09-13T22:37:42.102229+00:00,2026-09-13T22:37:46.774359+00:00,True,True,719,234343.0,4.672149962000049,4.671724961999999,98716,0.4258390299999064,b2037537f8781b2155c0070cd2b1d1336420ea263248141d5d9e1bd656734c67,1a0a0eeb083cac201a2f4a99e94d97f670d15dd1ffd0b1936c751e84351f16ca,641138,2fe66206761a64107abd39cb2bf8cb7295800c31763117331956c3d5436887f8,
games/dev1__finance3__370413548__0,dev1,finance3,370413548,0,2026-09-13T22:37:46.779274+00:00,2026-09-13T22:37:52.026060+00:00,True,True,719,196091.0,5.246807118999982,5.238689789999995,98716,0.36807060000001,b9f30521adf4018e4836230bdf0adbbf72a29353d8ec16b98c7e7216edf0ca36,cba1061ca4c5144cc9319545a1e16e96ebe0cb25f0024722aea7ae115d12ebed,590543,0164b83073c54b03b1733915d955dc13af91485d7f0c7fbcb703210f4dedc93d,
games/dev1__finance3__370413548__1,dev1,finance3,370413548,1,2026-09-13T22:37:50.711275+00:00,2026-09-13T22:37:55.896330+00:00,True,True,719,196091.0,5.185076884999944,5.184135226000002,98772,0.3708643209999991,22c42618ffe8071dbd22586205c83b21f0021f2ef3d7567af61c36f5d1779333,d010c250cf59466aca0c97a95397de8b5eacdd191e915020011e6b2227d6314f,585096,25b0d713c3a20f09c210009afc82f8b3401cf820bcec6bb4a5ccbfab83f27503,
games/dev1__finance3__383365175__0,dev1,finance3,383365175,0,2026-09-13T22:37:55.902349+00:00,2026-09-13T22:38:01.254776+00:00,True,True,719,185529.0,5.352452661999905,5.352188686000005,98772,0.4014354480000293,0f7e02dcf8f6533d9456befeb1f29ad2993ad44586fd8510a5a040948ae925cf,945c14ea72f95276f9c7d6ec244285871f49dd6c4b3a25b4ec8c1a5525ec9ce8,637934,ba9279e151fbee0c50a61e07c3260b60bcd24231056c98bef887f9f4a77b8acd,
games/dev1__finance3__383365175__1,dev1,finance3,383365175,1,2026-09-13T22:37:59.993929+00:00,2026-09-13T22:38:05.041683+00:00,True,True,719,192750.0,5.047775800999943,5.046607123000001,99120,0.3800737689999778,c9c5cc5e94fe523abed87e96b605fd1aa85e1cd7bf2079fcdc6b04afe61228b7,7a9a89768ba6d1b5ad8b25d92d82a483a9d4af01e11939343927d4faee7f3a47,637261,2a7bd90100e2deef8acbd76a2fb057c8472b1371d91ef915ba7366fcc2b3561f,
games/dev1__finance3__702093297__0,dev1,finance3,702093297,0,2026-09-13T22:38:05.046469+00:00,2026-09-13T22:38:10.402954+00:00,True,True,719,208089.0,5.356506686999978,5.355044222000004,99396,0.42987111000002187,312731378e04cf4c403996fc7d007a3c2754df9f32bad263bf37a09231081856,33e7cdc7fe4a9092a9813c7429837fbeda18d909d21a57108615d4b9232c62b3,654357,880ddafa16c5b4ee01788f371d1ce0f83289ddc59ce87463c90774839a76893f,
games/dev1__finance3__702093297__1,dev1,finance3,702093297,1,2026-09-13T22:38:09.087939+00:00,2026-09-13T22:38:14.419156+00:00,True,True,719,212076.0,5.331238324999958,5.331022443000009,99380,0.388615019000099,377d46474737c722e39d4dfda867912ee4aa9e96476d7b8e585019a52828d8ac,f8566c778a246d5ec4e454a58d7b7e68970b8649468ca9df2e2bc078003fba44,647476,17d08dac4c3067994fe0e649fa1e478c30ce45377e1f7c12a145396a2c5f6eb9,
games/dev1__finance3__967718147__0,dev1,finance3,967718147,0,2026-09-13T22:38:14.199337+00:00,2026-09-13T22:38:19.356632+00:00,True,True,719,259323.0,5.157322039000064,5.156856069,99396,0.3374737159999768,ebc0dcc643039bca4e52a0d55432d166eb243e4dd31daff65006e75abb001f68,8beed2594e34b10a521057b108e6ea0c212770c9ffa0cff6e97e668b7922060e,710789,bf63ab5cc97b0fcdc57423c7fbec1927a28bb379aa29c52a3518c9435b3dac9f,
games/dev1__finance3__967718147__1,dev1,finance3,967718147,1,2026-09-13T22:38:18.251759+00:00,2026-09-13T22:38:23.593235+00:00,True,True,719,223666.0,5.341495565999935,5.341233856000002,99380,0.4030083210000157,d17c5a63fa0f089f2473174e6870294ca9aedb6148cdf75a4bfb27749e8e9b7a,04ff76ee838411b704b50045aa60e06cdd2942668c84652391d496c4f7d012b0,705317,10efc1ee27d6f99d8b5bc2e59e08404ff2075f096f16c8e99782ca02e5664603,
games/dev2__baseline__1138364143__0,dev2,baseline,1138364143,0,2026-09-13T22:40:09.654017+00:00,2026-09-13T22:40:13.427520+00:00,True,True,719,161860.0,3.773522049999997,3.7733296339999924,99836,0.16736500599995452,88cf4597f30cb129ab9d978d08c8ae946f4bb2d8ece27253af1234f10cf76a5d,d14f2cece66261f5aa40c84257f6265653ea7489b132dda367e8720e7875c675,694379,65af6891e2bb5d398163562b3fcd4170e2ac3c4a791a8f374b823418751898e8,
games/dev2__baseline__1138364143__1,dev2,baseline,1138364143,1,2026-09-13T22:40:13.432311+00:00,2026-09-13T22:40:17.183690+00:00,True,True,719,161860.0,3.7513979569999947,3.751141394000001,99836,0.16645189700000174,6b4c33238fccc5076356b3da8a40137f83059590ad4489c4e8249726eb518900,dc2070f96939da7005f30e72fff6f2e7e5eef10db0663299f5ed05eb5a0ed959,682775,48ff1b8e116fc6043c01ee30de4d097b52efa7282327ea5cf86cca2babb4b977,
games/dev2__baseline__1175089851__0,dev2,baseline,1175089851,0,2026-09-13T22:40:18.437185+00:00,2026-09-13T22:40:22.256502+00:00,True,True,719,176151.0,3.819336215000021,3.8183082570000124,99640,0.15450061100000312,b019cbd93adb6c5cd7be16bc8a80f289a977dfcb2eb56c21ba2d7d6c9bc9159b,5a4fcc8ea80dbadb8bbd7220ec2a54a37011296d4f2d925910e9b09fdf901323,614939,41a83e4a159e834fd8e671954884aa7dd6e89a608cb2fa25a50cb465a2d8e18e,
games/dev2__baseline__1175089851__1,dev2,baseline,1175089851,1,2026-09-13T22:40:22.498790+00:00,2026-09-13T22:40:26.148278+00:00,True,True,719,175255.0,3.6495085709999557,3.649330610000021,99836,0.17669786199996906,a890316dcae10f36af4e4b6908f788a9207cfd1bfd67fa63c1d54a64e89172cf,dec17629c577cc59f3d7b93efa3d65fe1cf0bb8b106095b167d14e3257b8d32e,623737,03d6e385f39f249e930f0b42d0ff3aa590e2877eb7f3200b8495be14d3ea0732,
games/dev2__baseline__1387052231__0,dev2,baseline,1387052231,0,2026-09-13T22:40:27.595971+00:00,2026-09-13T22:40:31.457292+00:00,True,True,719,237450.0,3.861338516999922,3.861135651000012,99768,0.12502223599994977,9581ebded0a813a460ecfe0eeb29db518d443e6adcb94c2b38ea97d09397704e,4f4c04f694a4eecaa2e82569861796983e68bf445f6aa311a6bb94c05159c31b,653627,d83064802ffee0682d349fbc1f5d6f113cf4833836e7e2a13b943dd1a2424ff1,
games/dev2__baseline__1387052231__1,dev2,baseline,1387052231,1,2026-09-13T22:40:31.902810+00:00,2026-09-13T22:40:35.834744+00:00,True,True,719,251712.0,3.9319560339999953,3.9304970169999933,99836,0.12588063800001237,1206682f5575043aa4867f6a5551d977bc9246c813516eb34f19eaf495f2100c,3cd660b478d57722263fc612d0a309837fbe089c3442851d22fe3a42a27f9a8e,711317,97505ad5149bc55dc068469963fadb45d4cdb368df2a18ca1a4ad8cbfef27a97,
games/dev2__baseline__1421711696__0,dev2,baseline,1421711696,0,2026-09-13T22:40:36.809184+00:00,2026-09-13T22:40:40.544691+00:00,True,True,719,182795.0,3.735525755000026,3.735411411000001,99796,0.15782967500001632,4f1a5607c8ec4e1f30c80eeb0139a53651d0281241216afd07fb6c47798d7cbb,36c0a3d617da934a121e227c828d961b358e91ff7cae13bccfffee452c4013c1,616984,c1746813833be345f3469290f76c7adb059c831e22b4351c0c55a3a02d691769,
games/dev2__baseline__1421711696__1,dev2,baseline,1421711696,1,2026-09-13T22:40:41.062920+00:00,2026-09-13T22:40:44.879794+00:00,True,True,719,182795.0,3.8168963939999685,3.7976447020000137,99836,0.16443075100005444,a06c7af5fd2983e8e4f05844d8e6ef90c39157503c7051d312859f2a4aa94e92,224036d5832f38dcfb11e7c8d9c0db50f277bdeb896112fee93769e47dc6a187,617090,f7e56630b84d25563f63b9aec6c098e465d206ea071806aa398077818f379199,
games/dev2__baseline__1459327281__0,dev2,baseline,1459327281,0,2026-09-13T22:40:45.601846+00:00,2026-09-13T22:40:49.507895+00:00,True,True,719,256016.0,3.9060692219999282,3.905912631999996,99904,0.1439812119999715,38620662e192c445a9a938fb69624c6696b026d3a9868370962ae90eff33d5f0,c5d7e3db5102daa1f45a92e2255dfb3be1368c58d572b1f6b0759a783beea05c,688776,0970c4e36602ddec2078811212b3295eaa374120cb69e2d8987876267657717a,
games/dev2__baseline__1459327281__1,dev2,baseline,1459327281,1,2026-09-13T22:40:49.890590+00:00,2026-09-13T22:40:53.849986+00:00,True,True,719,256016.0,3.9594156670000302,3.959145434000021,99836,0.14514909000001808,60058592bb43a9748e3e89678ddfbdc7fac2fe5488b1083abd8b6b5393efd18f,77d8575d5e45d6d8ca9de32d6a6d042c80fb6bff578313e6b98b53daa166dd0a,678287,6a6f9711c8d4b4e12d48a7b4d5eb9cf3503a54db4794ced064bffacc02f4b386,
games/dev2__baseline__1514191294__0,dev2,baseline,1514191294,0,2026-09-13T22:40:54.680650+00:00,2026-09-13T22:40:58.501547+00:00,True,True,719,223196.0,3.82091480400004,3.8208103590000064,99904,0.13743813799999316,e0369b7852c2ff2d52de1236389bf64b2712789e771f21c74af70d7a9a6d6481,cb38f6231b50fa1f9e095bb09b1cfc4e029798f02e052a97d155704d408c82aa,710374,2b9bb46da0959494aa00bdcde55d5e969ade100cb43bfbd07f7458730ec483dc,
games/dev2__baseline__1514191294__1,dev2,baseline,1514191294,1,2026-09-13T22:40:58.970851+00:00,2026-09-13T22:41:02.937494+00:00,True,True,719,227529.0,3.966662804000066,3.9664494029999844,99836,0.12705507399994076,e908162b2ff9cdb60ef310694c506979e1728d002bda603bddb26d110fe3a0f7,248cad8ce1ba72e0e6d01c237406b357dcc67a3472dd4b7be524811d204f1195,704645,f54c566a8e53f8e54db9d98c8d4b6dc23207c93652d919d220a6c472bca08d96,
games/dev2__baseline__1652205610__0,dev2,baseline,1652205610,0,2026-09-13T22:41:03.310574+00:00,2026-09-13T22:41:07.327538+00:00,True,True,719,202440.0,4.016983337999932,4.016860393000002,99908,0.15695355299999392,8f720d74e2a8ab9e7d943f78f64b9a8e26ff093caca9d0f52d9ea1c519c14ab4,df5aafa3d8cfb67ae5679aa88248d8e7c890d007d0f22842c4892de34fd3ac28,733010,2a8575d5ade189fb79c95df95c9d6b526b267a7f3671d779b1558955c582cdb1,
games/dev2__baseline__1652205610__1,dev2,baseline,1652205610,1,2026-09-13T22:41:07.813790+00:00,2026-09-13T22:41:11.751028+00:00,True,True,719,196243.0,3.937257531,3.935926364000011,99836,0.170170354999982,adfc65818c0a3d928f1b3c07e7b4a91ad1503eaf70a83db4ac3777b447f3a6d2,4672fd6a89f4cafccffc5e90283fcd9444579a6fe27df24a9beecaef453c5e7b,716516,79dff777cfbe06e7665e5d3ef9d37849030e4a2ce29370e109f6f7b217dcff16,
games/dev2__baseline__1715028217__0,dev2,baseline,1715028217,0,2026-09-13T22:41:12.600455+00:00,2026-09-13T22:41:16.383778+00:00,True,True,719,200364.0,3.783343639000009,3.7832262449999803,99968,0.17375260599999365,f081ea32d4a2666fb570a7d747683b8093bdc0f8bda9ac7332218f563f4a3444,a34a9dc56fadd473da6217ddb6e2d61709ab0e5ff4adf37255acbeb997d0dde2,722521,7770e9afd5eae59dfb02a4e58427140c3f683a5d4ed21118c990ec7129263da1,
games/dev2__baseline__1715028217__1,dev2,baseline,1715028217,1,2026-09-13T22:41:16.853166+00:00,2026-09-13T22:41:20.753259+00:00,True,True,719,200498.0,3.9001141310000094,3.899937612999963,99836,0.16563202500003626,bc75e4bc7c8415cb12f9023c1faa8585c65e0025d57e1cb344faa97b9fdd7e74,87c2da4b7b3fedbb30ac06e1ec9cd821157cd49fbf8cbff23003f8d3237e3e1e,712949,211d108fd58bf866cb8e5155c014016284e6a9913b709f82e1d3f8fa2ba2c143,
games/dev2__baseline__1722159489__0,dev2,baseline,1722159489,0,2026-09-13T22:41:21.569307+00:00,2026-09-13T22:41:25.592984+00:00,True,True,719,179057.0,4.023696329999893,4.023571947999983,99968,0.17871887700005118,ee990c24067209802fa6074fc90372b562fbfc829489ea7679f91150c068952b,5e717563ec9272c43699f4e72c7fb9f5fe5ca0841a84e5a4f07b0953a4564287,757433,cdb44926cc1e561a0882bd35e0fdbf789454995ed1ffc69496271eaa8ced080b,
games/dev2__baseline__1722159489__1,dev2,baseline,1722159489,1,2026-09-13T22:41:26.367588+00:00,2026-09-13T22:41:30.203709+00:00,True,True,719,180173.0,3.8361409820000745,3.8358579319999535,99836,0.1464606150000236,1b88999bc01bbc12ba578dbb83f59797395abe3e0a30ad77d2e965cb44a237ad,46513f911281e927226f92f7c8380a379c7d10d193e7c143d2db68babc33b42e,667732,9d380a4a5a975c5816dc967cc5d574b0d91677f716753134d731939f695eac81,
games/dev2__baseline__1948729637__0,dev2,baseline,1948729637,0,2026-09-13T22:41:31.094520+00:00,2026-09-13T22:41:34.897812+00:00,True,True,719,234119.0,3.803311716000053,3.802983961000052,99968,0.14573253100002148,d240d3aa60a038a6d9348324a7d3b93e95f1da28c7082a9377ae6640fba70018,f69a234e903cd3e9c3de984d0885657b47dc0ca58e2b757c70cd9e1fe20c9353,670407,53ebe4f14f9eb91cbf037d328ad526c4bb0887da0ab35e1ddf1e9e190f24485b,
games/dev2__baseline__1948729637__1,dev2,baseline,1948729637,1,2026-09-13T22:41:35.445121+00:00,2026-09-13T22:41:39.348835+00:00,True,True,719,219087.0,3.9037340649999805,3.9035659280000345,99836,0.14908350099995005,7415c8d7289e7af0a8801e99ff7f8c2dc9675a7a66ae4daeb09a20ca046b3524,57f2608e3dfbc1bb39650310e0fe431801cf80d84e542b507ea3f3b8889bd02b,625492,e0d4f9100046f78a650bf9142f0994adc86190b525c10a96c45b14d7a6db91c7,
games/dev2__baseline__28576209__0,dev2,baseline,28576209,0,2026-09-13T22:39:14.663134+00:00,2026-09-13T22:39:18.627712+00:00,True,True,719,175400.0,3.964599752999902,3.9635544930000037,99396,0.16985772600003202,2f75e25fce70fc5a1a2fff10677aef30a2b89ec1190298872938fa50696cb1a7,636d22728c8588d8921521e0f6b3f3869cb3f2bf3237506b05eda67071cf5709,613973,6fe85083d0ef95235b9eca9681e14d94196d6dbf0a9e5782b9f1976a0e2db0c3,
games/dev2__baseline__28576209__1,dev2,baseline,28576209,1,2026-09-13T22:39:19.790826+00:00,2026-09-13T22:39:23.665808+00:00,True,True,719,174873.0,3.875004104000027,3.874794749000017,99580,0.16973959500001,f5840335a1848d83e868d77daadeab078e4d6226d75c1d27ee83e3916082df30,681e1b15f34007105fb6fabb5eda26a7445c8f6ab25b1c599cce7d7e2c890b54,606424,a2044e2ce674e5e9552466e7bff814fc2e5992d4de1e5e5d99ca50cf52affcd2,
games/dev2__baseline__394509745__0,dev2,baseline,394509745,0,2026-09-13T22:39:23.671617+00:00,2026-09-13T22:39:27.513952+00:00,True,True,719,228771.0,3.8423593459999665,3.842157837000002,99580,0.19312291899996126,c3c89eb13fefe5c4ff07b62ad38b7cab00c6a1d31581e64d621540cde9923fe1,a224f6a0f60f1b393fc961c3639014ced1017cbad73f04b9d249742480768f2c,734624,07b3040d456e12d5a2eb83a7db5bd7fca270d29793fcda37c677833d52016d2c,
games/dev2__baseline__394509745__1,dev2,baseline,394509745,1,2026-09-13T22:39:28.408055+00:00,2026-09-13T22:39:32.215244+00:00,True,True,719,234993.0,3.807207479999988,3.8062224380000202,99396,0.19275495299996237,a50007f4007e4f9de70b424b3a0f2cd000d30c7d92e98983e45ade9e3c308eb4,2e113e923519be034fc73c972a3e7d427e69f66775c4bd0e5c20731d875dbfca,711297,56539ee7e28598b37616a8cb419ae33115d43975b6176aaf51a2b221c5afb2a9,
games/dev2__baseline__766857369__0,dev2,baseline,766857369,0,2026-09-13T22:39:33.243070+00:00,2026-09-13T22:39:36.910640+00:00,True,True,719,168599.0,3.667588202999923,3.667327097999987,99836,0.14357256499999949,54313838246cad5fd42a234278c173ef2be229ee997579dd230681062da8c02d,733e6ba75120e921832356b35f70051413e90853faeaab06007ccb11ec380d31,699211,9804dd5419809d694f1f22ec0347667c500c6a56bdb4c362097a26e8f0cfbbbc,
games/dev2__baseline__766857369__1,dev2,baseline,766857369,1,2026-09-13T22:39:37.218353+00:00,2026-09-13T22:39:40.914281+00:00,True,True,719,168599.0,3.6959481799999594,3.695151621000008,99396,0.14442184400002134,e1993645246ee83fce829ba2a04d4485691f06d4f44870ea0f647c53d6ac4fbc,dd239cd6b79a39dd02cef5f79c9a7534d69b7e84faddaf92d7c57609573686c9,694297,1f7773ba3c3d4d2dc919759a416d572011e609e820edf0e09316c1bcd102e031,
games/dev2__baseline__833126169__0,dev2,baseline,833126169,0,2026-09-13T22:39:42.293055+00:00,2026-09-13T22:39:46.098382+00:00,True,True,719,194732.0,3.8053453060000493,3.805110801000012,99836,0.2046644339999375,b640de8fe01d66c3a53b21e508ed442c64e9fef2a51c1e65ece5de673e31cdc2,8a152aa68f9d297c70e093b2e79eab9d8d71a7a2cea25cce33cee95e708a0125,638301,9c746ebf3ea547653ba05db99456fffe2df897b1f90e75610e6132e406478b03,
games/dev2__baseline__833126169__1,dev2,baseline,833126169,1,2026-09-13T22:39:46.233398+00:00,2026-09-13T22:39:50.038923+00:00,True,True,719,194732.0,3.805544488999999,3.804768144999997,99396,0.2013506939999843,dabf5e87d29e31667f1fa0c46c8ccdbf4ef96f8e5bd045887d2212ba5a08ad8d,7e70efe341cf4a248ee16c11b9ef371c865dd8598a63473216305d79da7b7ec9,635311,35027423e542b5a5bef90dbdb79e41dead524910bf300e6efd3b21f5d4a825fe,
games/dev2__baseline__979746784__0,dev2,baseline,979746784,0,2026-09-13T22:39:51.420237+00:00,2026-09-13T22:39:55.074797+00:00,True,True,719,176615.0,3.654582129000005,3.654392489999992,99836,0.1449626559999615,fc26c419273f687bfa6436f680675f82f114211a1a8f571326e5d945cb06954f,5966cc7fa7047d7eec3a21a10d96694b185f16cb546babb20b7f10099e8513f2,663608,d3d8b1c6c1ff7add1f58e14294ecd4aa825aed2e931d91a023eef237cd539bb3,
games/dev2__baseline__979746784__1,dev2,baseline,979746784,1,2026-09-13T22:39:55.416804+00:00,2026-09-13T22:39:59.007212+00:00,True,True,719,176615.0,3.590427395000006,3.589681439000003,99396,0.14355301400007647,03f780c2c706d35062deadb635dd8166cbc6b5215bb933cc22a79749f3d2f087,82465b5d4d973508941a0e3e9759f22b2302e3247913656eb5a9d3da6e5a8474,656446,ab21b4b21182be824c2da01448d0b9f5487bf7e36891acfa1a2494a0d0c61584,
games/dev2__baseline__979914492__0,dev2,baseline,979914492,0,2026-09-13T22:40:00.158480+00:00,2026-09-13T22:40:03.946293+00:00,True,True,719,258779.0,3.787831806999975,3.786801471999979,99836,0.14324497500001598,dc317baae62929815646c94c7c1b9b34e31ca87abc353717e9268b6608e7cecc,02ed1f78491a1219cfb79168786e52dee27d398c7434ac507e77d3edc5707f76,764590,52d21b74cad047caeb7c6e5e0da4fda423cc536851303484b371f49567c55c86,
games/dev2__baseline__979914492__1,dev2,baseline,979914492,1,2026-09-13T22:40:04.039745+00:00,2026-09-13T22:40:07.633209+00:00,True,True,719,258779.0,3.593484697000008,3.5924601130000156,99592,0.13944256000002042,c246cabf12e3dd3ebb5a6ef469c974669b2f8346945f630e09453822bacb4e28,bdfe7a6f444199012601ce76656233b4517b933ef69c75d472310724a5397626,741757,ca51bfb8e240a3cdbb6167b0a631ba4a127c270f30af918879e613c3c4e828e4,
games/dev2__finance3__1138364143__0,dev2,finance3,1138364143,0,2026-09-13T22:40:13.021721+00:00,2026-09-13T22:40:18.432305+00:00,True,True,719,173521.0,5.410600248000037,5.408897326000016,99640,0.5404565039999625,f8a6590154b7832e41ac8ff8ec9652ebb063924dea68335e50ac91b48be2de3d,b9bd5fc2cf3c854ee199e4cba5e2af8d2b2ee68f77910fa7c997c7f69872e6ac,613580,199d7e9efa5e6f60612281f675ffee5412956ece3f0c17c0d1405457d3ea1fc0,
games/dev2__finance3__1138364143__1,dev2,finance3,1138364143,1,2026-09-13T22:40:17.188415+00:00,2026-09-13T22:40:22.493054+00:00,True,True,719,173489.0,5.3046589860000495,5.30437243999998,99836,0.48916110799996204,5d5e01514050b8cdf715bfdba8c86577082aa2c37337e460bd872836b695c3ae,3dcb5ba47aa7ac61e37f45347ce96bcd577031420632c6b436ae9ee463309d86,606662,8ba4df816a12ba1fb4b1c594d9bb39db2a993372e28a14b33892f7eacef52f4b,
games/dev2__finance3__1175089851__0,dev2,finance3,1175089851,0,2026-09-13T22:40:22.261441+00:00,2026-09-13T22:40:27.591268+00:00,True,True,719,195125.0,5.329844664000007,5.329451945999978,99768,0.4633849320000536,00efe94181bc4ada6847648d28adbd8175ff989b1905f9e2171a12bb433c9111,5049c374b429b916464de1d8b5f8af64feb35c7dbcccde30118f7caf04c3c51c,614977,413bf624b5c1cd1efbf89dca6f814e12df84da9bc1dcc6fe8e54a255d4406fd8,
games/dev2__finance3__1175089851__1,dev2,finance3,1175089851,1,2026-09-13T22:40:26.153354+00:00,2026-09-13T22:40:31.897445+00:00,True,True,719,221904.0,5.744110958000078,5.743802407999993,99836,0.41078484299998763,ad0c5d25602825ee4a32d0bf8e9125be80da3dda42e41ec7078a58c4b1aa2c01,7f27ca036f74cd1f8a5c9a15ae99777f3be6f45273039557f207a04e60d0ef1c,734628,b294d9258cdf6b8def6ae921c5f5d97f90cd268a1c7c6f963c0ebc067b48a05c,
games/dev2__finance3__1387052231__0,dev2,finance3,1387052231,0,2026-09-13T22:40:31.461986+00:00,2026-09-13T22:40:36.804504+00:00,True,True,719,199287.0,5.342536977000009,5.3423585129999935,99768,0.3818246979999458,a7a2e1bd6e99e2e5001c730316fddfb49934d1954fece2f1ac0e61300446e42d,b18601127728309a97a27c2227d7e68e8e1d24e825c02d32b304b3fffa759b57,656891,1ac8dd1e625c6063e0cdfe93ae82bf2cff1984a97ce1a2b304cb2b410feb537f,
games/dev2__finance3__1387052231__1,dev2,finance3,1387052231,1,2026-09-13T22:40:35.839948+00:00,2026-09-13T22:40:41.058036+00:00,True,True,719,199287.0,5.218108514999926,5.217793583000002,99836,0.3613609679999854,07c421ef89d4f1aedb51e71af1ac28186124723ee95acd8c4b525935d55124a9,7abd2d5ce1c4df0b85228d2e3fce2517af65d1ee7a6ad2f45d92351bb3946f0a,649116,601f2b06ae58152171df3be7b676137d2bc960b7769b99b35e707056623f9b32,
games/dev2__finance3__1421711696__0,dev2,finance3,1421711696,0,2026-09-13T22:40:40.549272+00:00,2026-09-13T22:40:45.596806+00:00,True,True,719,211573.0,5.047553251999943,5.027903228999975,99904,0.44487070799993944,a56e4fe840426aabbfcae518b108f330824620a15f0d25645847b8b0093f5fe7,a7977a95fab52583c42ca02747383211e5340081373d3fb34785d5f8290fc420,640544,6df8cc17fb1924d168dba25877e7eb8362d48d94e13bf5a78fcd9196aa4b4fb1,
games/dev2__finance3__1421711696__1,dev2,finance3,1421711696,1,2026-09-13T22:40:44.887406+00:00,2026-09-13T22:40:49.884366+00:00,True,True,719,211573.0,4.996981756000082,4.996722134000009,99836,0.40767517699998734,5cc07c46005ebe01bad98e40836cc11ac8ddb1fdd5122c179264fe52ca502834,4b0b572158bdf4b973f78cb2fd65ac129ebc685251068c037bb146fd1ba5f126,636096,2959a0bb8a216ed31f0e8f73e17a150e325a3b4fd3b89dabcc5bb97061627562,
games/dev2__finance3__1459327281__0,dev2,finance3,1459327281,0,2026-09-13T22:40:49.512558+00:00,2026-09-13T22:40:54.676004+00:00,True,True,719,210137.0,5.163465131999942,5.163316121000008,99904,0.38251938100006555,bd5325548a3d212852299a8fcd9b5f73cc3a285df6aeff8e0f9fcd76a410d8d9,bedfc5966471a7c075a276d9447d1c4fd52b9a8d140716328d61f32df7f67519,600777,86fb4d1a3935b04f8b78eff4f0591ec4825cf3c6f9f9e11a2f52af6fceb3fbb9,
games/dev2__finance3__1459327281__1,dev2,finance3,1459327281,1,2026-09-13T22:40:53.855268+00:00,2026-09-13T22:40:58.965392+00:00,True,True,719,210149.0,5.110144212000023,5.109892473000002,99836,0.37685222000004615,e43c4cc43f4c23c6b6f7d98143d41b6ea1d9c1d99e7e7da6b806e8db803b155b,60b5635b09f713428e47babbd407589770cd225d04b5b4344d65ad1a6d40bb31,598700,c9f48e211529ee376b366c45c6af19697612ebd229956756464231e10465cc4b,
games/dev2__finance3__1514191294__0,dev2,finance3,1514191294,0,2026-09-13T22:40:58.506285+00:00,2026-09-13T22:41:03.305323+00:00,True,True,719,220908.0,4.799057977000075,4.798899460000001,99908,0.3660095259999707,9064961e801e7bb68f8da9625c9cc4151d3836bf22814f3a0e30adc6f8a5d262,45d3c0202fab13fae8c8792b1c80927cd3cd6697ab74d1b0c2eba80181c5e991,710096,6f5d9d64ef74a1e67fd1bdfecc8a0bdae3cc08c2408ab97dfed49cdc8a3df17b,
games/dev2__finance3__1514191294__1,dev2,finance3,1514191294,1,2026-09-13T22:41:02.942612+00:00,2026-09-13T22:41:07.808668+00:00,True,True,719,220908.0,4.866074394999941,4.865022219000025,99836,0.3690382019999561,e39f0f6e377bcb53b73b3c08ac20766906e2ff7ad99ebc9dc13c5ba4a6dfb11a,6b4d79b61e4f63e53922a903d354f090e99af5651a763a28b7d64b068091546b,709266,5c8ef6b7786e42c94c49395de98bf27af58d0f4b06468dffe0882ba0c011204d,
games/dev2__finance3__1652205610__0,dev2,finance3,1652205610,0,2026-09-13T22:41:07.332223+00:00,2026-09-13T22:41:12.595450+00:00,True,True,719,137347.0,5.263245145000042,5.26306749500003,99908,0.41578382000000147,76e032bff5ba3ffd71240fe696abdddfea41cf94b85e78da447d756ba6a96243,7236005ab034c16d972776e96c765b5e02f795449c84671ca8693edb02d525a4,643428,d799fbf804276f18950950faa680d9ec012df9dfc0255a115719adc7cb48cd55,
games/dev2__finance3__1652205610__1,dev2,finance3,1652205610,1,2026-09-13T22:41:11.756238+00:00,2026-09-13T22:41:16.848239+00:00,True,True,719,145861.0,5.092022304000011,5.091759531999969,99836,0.3855875700000979,43dbaab5d66d43d5750212f4c9eb8f22d1a851e5b462f4cc93f6e30db6ada752,4f76721cb0a64a8b3e4cfb1d1906f7c3bd1bbb73aaaebb7892daa85def774fe7,637226,9cff1e2764780dfc32bd4bc1d0e904387302eb7226b71e430d24c77226ed52af,
games/dev2__finance3__1715028217__0,dev2,finance3,1715028217,0,2026-09-13T22:41:16.388528+00:00,2026-09-13T22:41:21.564410+00:00,True,True,719,226019.0,5.175918952000075,5.175758905999999,99968,0.4239388250000502,65c4c77b6660c948a24ae16b60c470a5feef8a2afacbb407f70acb54437efacd,46d8b71ec1b704394739c6225a20dc1022835e599e313f507ebac79d55ceabdf,606988,19f6244c747f971eb393e90c40e84f6a938449e0f1b7095165ca39777a4ec84d,
games/dev2__finance3__1715028217__1,dev2,finance3,1715028217,1,2026-09-13T22:41:20.757974+00:00,2026-09-13T22:41:26.362144+00:00,True,True,719,241175.0,5.604189536000035,5.603885204999983,99836,0.39467921000004935,bc874e051d08e4696460ffef3f101093aee434f2faa41cbb7fb157b5c61a2949,b195be5eeb94280fca1f7b57dffcd7e52acfff506a62a48981324e454122e6b9,709126,8d1cb1b1555a9777abf36f5bc0ed6cc750a7a09ce242fc5612503cd67cc1a00c,
games/dev2__finance3__1722159489__0,dev2,finance3,1722159489,0,2026-09-13T22:41:25.598530+00:00,2026-09-13T22:41:31.089104+00:00,True,True,719,186714.0,5.490594417000011,5.4904214080000315,99968,0.41524560200002725,7aa342bcf04c64310eaed0986faa729a5b065c274c6fa9ff116aecf897199a1c,59f6be25e0d9bb6525f93ab64f9010dd903d25c0d00052ec88b9a247dc23ab14,631220,5a60d86f1434d0b51959a3db4b28bd03303fa133f315c64daafdebcefcbf025a,
games/dev2__finance3__1722159489__1,dev2,finance3,1722159489,1,2026-09-13T22:41:30.208551+00:00,2026-09-13T22:41:35.440410+00:00,True,True,719,185888.0,5.23189826600003,5.230748501999983,99836,0.37541398800010484,f9fb8b23a73a2d7dbb29ec769b6749658819229f6f06ced66dc5b85765a38f14,7012f14fdf1a54923945ee995fe57b7aa65ca4868eae6a69a1a3187d0f28816d,621885,0a2f6d5b7fc91c333bcce8f81d5437653cc5bd001c5d209f8b1cfcf3b5b2e159,
games/dev2__finance3__1948729637__0,dev2,finance3,1948729637,0,2026-09-13T22:41:34.902960+00:00,2026-09-13T22:41:39.965119+00:00,True,True,719,210500.0,5.062179312000012,5.0620078860000035,99968,0.4447718729999224,4acfed95b235d3753a02e5ea729120cd1222ae39091b4dfd477f8f7472996a24,b32874b907b3d93e585a15ecb9e002d6af610f5e06d7c832869d2d77e385bdc0,655416,3292c9c5506da3ce045a1c5396d7333b669b84333603eda7abd4bf574bf76a09,
games/dev2__finance3__1948729637__1,dev2,finance3,1948729637,1,2026-09-13T22:41:39.353573+00:00,2026-09-13T22:41:44.395622+00:00,True,True,719,201942.0,5.042068529000062,5.041797578000001,99836,0.4595320219999621,ba338da018404d762d909d00af969bb351a5b5329b556e94dd7180461d24716e,8954d227175b66154e24100e0e3e25e222feba7fbd21386fbf26491655a6e320,618738,3d64267e17c7a351f66a7c8fe03b964b84db82375a493dd2e7b8477325104e73,
games/dev2__finance3__28576209__0,dev2,finance3,28576209,0,2026-09-13T22:39:18.632885+00:00,2026-09-13T22:39:23.480094+00:00,True,True,719,196108.0,4.84722999600001,4.845425548999998,99396,0.32399046600005477,b6f67d3243d4c814184a2fd69e6839fb45ba7fbcd96b5c68f0c2d53245def974,04540172ddafc211e8b8a673b2bd8b76115260ef4f07f370db45d0bdd547dbb9,652894,a3d9a7d75829cc534058ff96c08ce1125f4c0b054f2173e659521523aecb7fbe,
games/dev2__finance3__28576209__1,dev2,finance3,28576209,1,2026-09-13T22:39:23.485155+00:00,2026-09-13T22:39:28.403513+00:00,True,True,719,196108.0,4.918378479000012,4.915891899999991,99396,0.31350801199994294,84fe7712886513f523ad8d611f3b1a922a7a8a1053d9f26b0c55077456a767f1,08e1a1495e641d0f2a87781b49c1a86388b79a7becd3e308fce7fcd9f7c68ad7,645815,34e02a37cd23081bcc37a64873f27f20da796972b961e1920aeb2231e127eafe,
games/dev2__finance3__394509745__0,dev2,finance3,394509745,0,2026-09-13T22:39:27.518840+00:00,2026-09-13T22:39:33.238495+00:00,True,True,719,188497.0,5.719674694999981,5.718197973999992,99580,0.4371966710000379,be6f51ee97997628bc4525d8f5cfa85bedea7b308373359865efcc7c648bdbfd,ccc03c613adea3bf4fe44df2026ce32681121f963e1d8ed1ed501ea44a86bfac,635745,ef229ac961e12a90ce189430f5bc0890883e03da17688408edfd31ca1e322a96,
games/dev2__finance3__394509745__1,dev2,finance3,394509745,1,2026-09-13T22:39:32.220615+00:00,2026-09-13T22:39:37.213192+00:00,True,True,719,220245.0,4.9925951750000195,4.991285202,99396,0.3248030940000035,68407de9b6f5e375b886f3db2751ddfd4a8a23fc26db8520ab61721914213da1,49b194feb3eb3d869316b7219b9b005f51e987a52046552b1194f765dc31bea6,662513,f148f727469b66790c7281788bb3799f50d456e20a1969bb43db87e41d662001,
games/dev2__finance3__766857369__0,dev2,finance3,766857369,0,2026-09-13T22:39:36.915597+00:00,2026-09-13T22:39:42.286912+00:00,True,True,719,200347.0,5.371335879999947,5.371024809000005,99836,0.4170992599999863,8c281a49c7b4c7b2252bc78c01a323bbee195a9c2afef2506b5f3fb4c5bc02d4,181cf541238b7bf30d3e29f345e220feb473a428fb9b939bea85f38c558b1d31,654051,6a2d537cb7dc698aa417039b60d98270979012d1c2a31c601c4f8f62c973f1d8,
games/dev2__finance3__766857369__1,dev2,finance3,766857369,1,2026-09-13T22:39:40.919574+00:00,2026-09-13T22:39:46.228864+00:00,True,True,719,200002.0,5.309308772999998,5.3078446429999815,99396,0.4175940720000426,ba8d9874267a3857ce72a88aa71a3abb7fa79d2885ccc1585dbed03a1c9925a9,2eb09e3a77e8c8c868db41415a908ebcd2c30dc168170a1c6cec65f39a84535b,647535,c905906d8ac6b8b880f510eb9520e59fecc5ba69b98fce908569d230d26920fe,
games/dev2__finance3__833126169__0,dev2,finance3,833126169,0,2026-09-13T22:39:46.103544+00:00,2026-09-13T22:39:51.415161+00:00,True,True,719,243785.0,5.3116387210000084,5.3113079359999915,99836,0.41118430100004844,d6298256c528862c539e92e4738af341e535d70fcb7f169d084954a1816b8169,a81e923eaa604439fa47037e4c6ef1cd10772380250118ef6ab6e3c0a6b71483,658078,fae7fe024984313d685499d7e317e0aff5438c60a43cd506f70767df21b1511c,
games/dev2__finance3__833126169__1,dev2,finance3,833126169,1,2026-09-13T22:39:50.044136+00:00,2026-09-13T22:39:55.411539+00:00,True,True,719,243785.0,5.367423709000036,5.365941206999992,99396,0.41313215200000286,fe4e3d6217f765136cc145130ff5fff4780a71dd7199fe3356341334ec504181,8bea09609d6d50d4bfb066a33cf75cf45b5ac969f1b367d42697cfdd012afb43,653276,27e5ff14fb02b498d03e83da8dff9e83734dd4930186843566c40cedacc8995d,
games/dev2__finance3__979746784__0,dev2,finance3,979746784,0,2026-09-13T22:39:55.079503+00:00,2026-09-13T22:40:00.153568+00:00,True,True,719,235875.0,5.074085955999976,5.0738257019999935,99836,0.4926890240000148,2e40802fb58bd312d57eda0b64e7a181ea8f5725e30406954ea14c07486b5888,f332e0321cd2f914a46ee08388a77b1ad14099ef3b01b4ad7c4a9b65cdf2fe18,654340,3a44350d575030e8c038335a07d2938c5b0794a583a902f8e108746cfb6883e8,
games/dev2__finance3__979746784__1,dev2,finance3,979746784,1,2026-09-13T22:39:59.011783+00:00,2026-09-13T22:40:04.034654+00:00,True,True,719,235875.0,5.022891232000006,5.021621312000008,99396,0.48632021700007044,cc37978824a07719b5335776a311e7c19d000be63e6acef7bc8220a1c34bffa2,a85120b4a782d9819238530e12b38de1e06c142603013cb88f822bc5476b2084,648173,d5c14db7aa1c61ff5732f902c8434659b09b173b6a51771d84ef34b74d2ccef2,
games/dev2__finance3__979914492__0,dev2,finance3,979914492,0,2026-09-13T22:40:03.951135+00:00,2026-09-13T22:40:09.649302+00:00,True,True,719,208703.0,5.698186122000038,5.696895514999994,99836,0.40280099400001745,31bbf3e505684713109dd36042755c27e50536eae0fe113f7828444c3aaefc36,bd8b024f0550c8a8c014552e7800c9c6e9d3232a09ae7cee4556be7855f728e8,652973,efc7251505bb10cdb2225f8d84286207e35a6b18d1a8d85efc7fd743044575a1,
games/dev2__finance3__979914492__1,dev2,finance3,979914492,1,2026-09-13T22:40:07.638114+00:00,2026-09-13T22:40:13.016708+00:00,True,True,719,245167.0,5.378634078999994,5.3773928479999995,99632,0.3245864780000147,a8cc8bedd68ee7752c65bd910bf1f3bb61be3464473cc063b1dd55441058baf7,b8138ccefc7738e11a2fcc17ab83c585d0ed83fb9c514bca862bdacb629b4490,684828,d12caba35148760c63baba76da0aa087163bcaadff21bf0c2661a8dc5f0efb14,
games/dev3__baseline__1021451513__0,dev3,baseline,1021451513,0,2026-09-13T22:42:32.858615+00:00,2026-09-13T22:42:36.562235+00:00,True,True,719,203301.0,3.703639700999929,3.7033812090000424,100140,0.15999424500000714,dd397a89dddc98824f0c0abbc6730203e0d09034a260838fd67f9ba9bf5ffae5,861b1861176dca5ddc23d61c3bec09985cc049c8634ee580da970247ac37232f,671902,95b027bc44cc971d551bcfd7427472a5b13197facdc3817e0ca2b77b8c041e4a,
games/dev3__baseline__1021451513__1,dev3,baseline,1021451513,1,2026-09-13T22:42:37.239492+00:00,2026-09-13T22:42:40.958095+00:00,True,True,719,206283.0,3.718625057000054,3.7185077500000148,100276,0.17640681099999256,953e0ee302874c664939248db549c7a66ae7a2bb2018f354d065cef297cd9c9c,be5990c5db23397e8be1cfc874f07ed77df08b3e8d2398fd184c300443c1a20b,668016,0ef186511cb66a439ac7b5518b23e1153de983888534fd6a9b7cbacb8b2e4d97,
games/dev3__baseline__1040165653__0,dev3,baseline,1040165653,0,2026-09-13T22:42:41.829502+00:00,2026-09-13T22:42:45.621410+00:00,True,True,719,180563.0,3.791956114999948,3.7917172019999725,100140,0.17197944800000187,8e6c5e8d58e473faf66972c31a2f05cf9ee15ea95922e400f5a30332082e79ac,e8d2db004a2a0827ea85e3c4f2d8aaef75320a1cf570230e5c5ea3e1c8f9c627,621724,46e392f7b53eb41f305fe8c6cbef7c2e4c4c2b8eade2927d6dcb1fd817692a96,
games/dev3__baseline__1040165653__1,dev3,baseline,1040165653,1,2026-09-13T22:42:46.059157+00:00,2026-09-13T22:42:49.735061+00:00,True,True,719,160266.0,3.6759233589999667,3.675807925000015,100312,0.13918282899999213,7b6e494db377b748e20bbfee7ee42c63f26d19331e0a9b96be101bfb12facf43,5cea478532a8361dc64ced913da3a64183a15980c1639b87e532f31cabae65e5,728866,9706bdefb3222f225efc93c0dddcf3db5c490424449d2634ad567e3f56d2e268,
games/dev3__baseline__1047284227__0,dev3,baseline,1047284227,0,2026-09-13T22:42:50.567808+00:00,2026-09-13T22:42:54.316584+00:00,True,True,719,176244.0,3.7487943259999383,3.748654514000009,100140,0.15627585499998986,a6a14435690c9f1e9501b9213cc0121413f3cd5a1e06ea1e5c15eb1bcf558b9a,dc91492326cde113f4495d14b2dd47ea736a5f6deed2c8f43848a8404aa9f93f,620186,eeffc03ac485140322279c1a5ef96b8d3a234a9b276dcc3565717820ebf9e0d0,
games/dev3__baseline__1047284227__1,dev3,baseline,1047284227,1,2026-09-13T22:42:54.355477+00:00,2026-09-13T22:42:58.313101+00:00,True,True,719,167650.0,3.9576463810000178,3.9575139570000033,100312,0.1627828739999586,5ce508ee4817fb0cf9d648df3904b87deb0722bfb14d60acd48db32c970ac7a4,f8c37f02ea0c9e6eae26cdafe533c18e6f7de7758de2c59f087e19e12b1e8216,612618,722d7af1afdd10feb68098a6aa32edb7e076c76f38922b2dec3e2393870522fc,
games/dev3__baseline__1338192299__0,dev3,baseline,1338192299,0,2026-09-13T22:42:59.485959+00:00,2026-09-13T22:43:03.287774+00:00,True,True,719,201688.0,3.801837169999999,3.7863230569999473,100140,0.1724429760000703,9ce1d14604fbea609f6ea6384a338ddc2f33a26a62b6d3485c334cc105720121,2b04bb2a537a46fd7fd33002a2030ac0dbcd6373b7ce12769d15909823e4234d,617218,a2e8156ee0f7b818f6a7529761f7286df698fa3aff131f0b5af22d0e02214a36,
games/dev3__baseline__1338192299__1,dev3,baseline,1338192299,1,2026-09-13T22:43:03.441954+00:00,2026-09-13T22:43:07.242461+00:00,True,True,719,201688.0,3.8005276299999196,3.8004039620000185,100312,0.164580280999985,a09885225cfdc87935a9ea93cacb8209bbee229355a2ffa6b879f5a89c592889,3399f2159809eeb759fd236ce370e40652c59f19dcb247c53b3037a9785d93bc,609887,95b754650d956994e9524e57b61bc92e2a473245fdc7d6578ec46d4926d111ab,
games/dev3__baseline__1662960166__0,dev3,baseline,1662960166,0,2026-09-13T22:43:08.238967+00:00,2026-09-13T22:43:12.136123+00:00,True,True,719,222566.0,3.897176517000048,3.895515097000043,100140,0.2067051400000537,e10369a94c35f94d42cacb9858de7bc52313c08b218814d4fc8141cb12028d3b,e2d17e766b18bd48b1215c496e6280299c22cd77f86e93515fd85a260e7c29ae,663286,3f87ea8ffbfd8cbb2d93cf69a38667fe2debb10b26423576d20cba175352bdaa,
games/dev3__baseline__1662960166__1,dev3,baseline,1662960166,1,2026-09-13T22:43:12.382899+00:00,2026-09-13T22:43:16.406292+00:00,True,True,719,214673.0,4.023412330000042,4.023290121000002,100312,0.18793620700000702,0ed7e2792a32ea31a9019b38f176218d74141714ff63e4264189ba27019f6c13,12abda5f6e5102d115cdfcf82409bd341991741f44a09501f07cd99ec4ab5559,599518,c2a0e9136b2724ed188748b005b6f423223301b49b24fc056dcb8f428c255bd0,
games/dev3__baseline__1672479867__0,dev3,baseline,1672479867,0,2026-09-13T22:43:17.208915+00:00,2026-09-13T22:43:21.114243+00:00,True,True,719,214243.0,3.9053449650000402,3.9051534459999857,100140,0.1348130389999369,de368c5067337a688eb91a26633cedf63820be3f0df3a1b4d68fe6fae50cf097,8685fe1ac82973d8f57118cec031130c0b949b01c94051c410c710bc4a72ed32,650510,aacdf0466be915828591dbc6de02409ce2936bb264c90a360671e721711b46c1,
games/dev3__baseline__1672479867__1,dev3,baseline,1672479867,1,2026-09-13T22:43:21.466622+00:00,2026-09-13T22:43:25.385521+00:00,True,True,719,215335.0,3.9189180240000496,3.9188017889999855,100320,0.13158158499993533,6ab125b976bc1861c34b6b33b305197b777a22215c5d943ce1a97a51a6b6422f,b05e3f96c42f2d2c2c43f067a9ada7b2e9a7925cbe5728715c980dba547d0994,692613,7209775946dc62eb6f423cd7491ffcb53cdca441da9a70120cc8ed841c89cea2,
games/dev3__baseline__1674798194__0,dev3,baseline,1674798194,0,2026-09-13T22:43:26.134224+00:00,2026-09-13T22:43:29.826083+00:00,True,True,719,181149.0,3.6918800579999242,3.6916850850000174,100140,0.13237416000004032,a99bb335dd1a3080cbca1cfa37a19f0b23854714e71e07f3a351e8584a304f8c,500aea07dc87a1cdd274668cab86e51f2614ca2e321aeedd785ca7b2df374f61,700794,eb577c7ebbfcd0aeba433b97d61d01a0c8ff4ebc592dc321fe1c83bd72453f1e,
games/dev3__baseline__1674798194__1,dev3,baseline,1674798194,1,2026-09-13T22:43:30.996963+00:00,2026-09-13T22:43:34.686194+00:00,True,True,719,183194.0,3.6892487240000946,3.6891297170000144,100320,0.13716034799995214,d2e3f8ed2ad0ca2fc17d39bf465d6124e24b5f31cc03051575659fefebc3a1bb,24c875f07b5d7f3b49b7da3c1a447b5880b593213051c4a1a3a952ff7068536a,693753,8eaf9a5aa744c57aa0d186324e5f9a362454b3358155cbf6e83c56f8472173bb,
games/dev3__baseline__2020048658__0,dev3,baseline,2020048658,0,2026-09-13T22:43:35.188330+00:00,2026-09-13T22:43:39.082871+00:00,True,True,719,202266.0,3.8945629050000434,3.8934293730000036,100140,0.13900430499995764,31893cf5aa8e8b413c5a005e06a236b52fabb0995c30d06954be41654a85c6f8,dabb97ef6aeb2e39719433845b519a9b02e05d78cc1562c9e009d9a7c3974f97,733498,6e592a5a59314d6f1826d52de44057140a620330cc36e9c605e6f8c9202a5da1,
games/dev3__baseline__2020048658__1,dev3,baseline,2020048658,1,2026-09-13T22:43:40.198477+00:00,2026-09-13T22:43:43.859129+00:00,True,True,719,181328.0,3.660674483999969,3.660477005999951,100320,0.11897223699997994,823d1c2e09e5698c21dafec2271f474e6b3a4822a3bab8f7f3d8c5c0fa339e5b,0ebaf7caac3f196012c07bf66c446fb7864a2cec41738aabdcabc6d58f99808c,743386,ce27cdd0cffbb5f5d6ae5607f66d0fbbceed3dc4d3ff24e3cb626bd1c59c3091,
games/dev3__baseline__2052836158__0,dev3,baseline,2052836158,0,2026-09-13T22:43:44.091248+00:00,2026-09-13T22:43:47.810744+00:00,True,True,719,180931.0,3.7195176829999355,3.719284640000012,100140,0.1107869730000175,ed246d37bf1860ea453fa8ca9cfce8d774332a98f1c02a6f34724607b91815d2,15e1198ab334688e355d8cc9bd6dbc3a4930a6bf81072c46a5dca807c250fa0b,589189,15567807e37731813330c9ddf08eec4f70b3531eeab09a3a40209c4f61b1a42b,
games/dev3__baseline__2052836158__1,dev3,baseline,2052836158,1,2026-09-13T22:43:49.138059+00:00,2026-09-13T22:43:53.111268+00:00,True,True,719,178039.0,3.973232537999934,3.9731049549999966,100320,0.1499775839999984,c5e6e5daa24ad1715f7bfdc2619282aa876709b1818f5a0b202ded85e408f466,38dd010dbb39edbc32371194cb7da5c4cccc51edb0fa1234d1b7f761d945a8a9,581233,b01c96c61571c28b7156378bccacbe49eeddfc4d7c4bd395edcc01ef0f94b80e,
games/dev3__baseline__2110715130__0,dev3,baseline,2110715130,0,2026-09-13T22:43:53.116319+00:00,2026-09-13T22:43:57.040545+00:00,True,True,719,178389.0,3.9242480130000104,3.924077730000022,100320,0.1454654770000161,c93cf8b6592842f68c4c69ffa3cf561b69dee957fc6b69d39c4aa70819503920,2f76a1844c7bbccd37189fcaaf032a39131360a4c09a4b86c662f1e1eb27588a,653523,d687eb8b1f5ed7d1d1554c3c4313cb05b047df3a26246e0b5b5e87463e585834,
games/dev3__baseline__2110715130__1,dev3,baseline,2110715130,1,2026-09-13T22:43:58.247026+00:00,2026-09-13T22:44:02.155379+00:00,True,True,719,177369.0,3.9083730800000467,3.9081616789999885,100140,0.17037646199992196,e85252b20485ba955818f35b09dc531a0250179b5e1b75d1b2885dafbae66981,53fd8607989c0124b29ea66874cef0e0a41b123582fb377ccbebc833fc48b7e1,643391,be5e172ee106ed61a68a9a81ba57ff355057e3fb487c707048f3a90f14bf3425,
games/dev3__baseline__28846738__0,dev3,baseline,28846738,0,2026-09-13T22:41:39.969923+00:00,2026-09-13T22:41:43.502479+00:00,True,True,719,187532.0,3.532576284000015,3.532463722999978,99968,0.12951147300009325,26e0b823f2f0ccbf7ef140de44991819e6096023e80b6ec7b80a8706eb289d79,94062cb7fdc72b3f474eeb8779749e3346e29b0252dcfc0bff426769f7eb953f,725972,a38ede1b818d71234d086c2b84a429890d461b4903999a470c4d4cd2ccc67899,
games/dev3__baseline__28846738__1,dev3,baseline,28846738,1,2026-09-13T22:41:44.400206+00:00,2026-09-13T22:41:47.978679+00:00,True,True,719,187063.0,3.578492987000004,3.5672929010000303,99836,0.12745638299998063,efec4f4b3e56771397153fcc50ac1c1be5c893bbc3459c39e91c4e62b167991b,753a71a50ee33c05c113716e8466232cd7918c74ad66bc035f10fdd34849aa6c,708834,d0cbe3920e569639e25243dcbfd2789b8e15b1a7b64c2facf571e709a9920b1a,
games/dev3__baseline__420997839__0,dev3,baseline,420997839,0,2026-09-13T22:41:56.786033+00:00,2026-09-13T22:42:00.510770+00:00,True,True,719,194443.0,3.7247569859999885,3.724637670999982,99968,0.13799666599993543,e7f08da00f515b7662d45b2e5cff13e320e155572708e888b60f92518a1234c8,4f173e01b9499814900b1d738a6c491792de290566b380899480cc04885a01a6,628519,f01549a0c0a4345b7b17ee5f269b942cb6682f9ed5c326b677df23b697521c9e,
games/dev3__baseline__420997839__1,dev3,baseline,420997839,1,2026-09-13T22:42:01.117029+00:00,2026-09-13T22:42:04.980355+00:00,True,True,719,216788.0,3.8633457459999363,3.8631715440000107,100140,0.1560711539999602,f14fa8defb704bff78fe46a2f5969dd2611c1c9c4a914a9b7c9ab0a4e8858bf7,ff3252f741a337d664d9097f3189091fb8c653e17b4a46d5d84cf2a492ae6cc9,622423,e5fdd3ab68f713ed13d4250070cd5b49786e4ef5c535b58306fbad3cefcb5c39,
games/dev3__baseline__450201982__0,dev3,baseline,450201982,0,2026-09-13T22:42:05.831550+00:00,2026-09-13T22:42:09.734604+00:00,True,True,719,209847.0,3.90307394499996,3.9029471730000296,99968,0.17001721099995848,e1b1fc9fa860bf4f166c8c8ea1fa3214d65c721243b19fb43a62d11c9acc3790,fa846efb90b3bbc77a825e150d1d57652bbb2b97b7955d2a0502dfeaaedc781a,621105,cfb46729e44e4da4810c1613158e357f68d068ac11c8268190af79f58fc2da00,
games/dev3__baseline__450201982__1,dev3,baseline,450201982,1,2026-09-13T22:42:10.086873+00:00,2026-09-13T22:42:13.830451+00:00,True,True,719,221941.0,3.743602059000068,3.7424989520000054,100140,0.16704696499994043,fac04ca08852e7bde58c3549755ded980c377a5f5f1564535201e562b3daece2,594f340f908d64c5d4f965f0c21628e81c0edb209e01d851ec4405c0c740ad16,609223,672da80d611647f729e1d0444fd686e29b7a03b9bb55a225b226510e26425eb1,
games/dev3__baseline__742425277__0,dev3,baseline,742425277,0,2026-09-13T22:42:15.069467+00:00,2026-09-13T22:42:19.132039+00:00,True,True,719,241960.0,4.062593782000022,4.062474348000023,100172,0.17589977699992687,af189d1472857f278226eef1e0ead2d504d039969257faaa6d592ca07e682d50,392b367578eb473b581b0fd4d01ea8403e4023aa315a28d06f33ea1f9fb3132f,689255,b008fe7e54981e49e96fb628ef0fc217ea8b922256869ef50b77949a9427bce5,
games/dev3__baseline__742425277__1,dev3,baseline,742425277,1,2026-09-13T22:42:19.136936+00:00,2026-09-13T22:42:22.959693+00:00,True,True,719,223399.0,3.8227771600001006,3.8226619389999996,100232,0.17698237399997652,fd314c3eb1e243d2e0f8c365e69f88e1f00a623f76830979765fdbef3fcdfa88,1e64db7f770847d44311baa311cd82e60526b99bf9b9a2bb7094a414e08017b1,677541,fa520fc7b27cf4824e09fad375fbd666054248476abc7f7266841059942db566,
games/dev3__baseline__810644906__0,dev3,baseline,810644906,0,2026-09-13T22:42:24.219042+00:00,2026-09-13T22:42:28.036317+00:00,True,True,719,236587.0,3.8172941909999736,3.817108162000011,100140,0.18032164999999623,6b47c7daa67dd97c0f9ce5728903423a6a4d3b21b0851a5f21e8a8c74637a69c,8904c0fb03955f40d55a3f318dd9bb75dfcaee1f869b3af063c71ac6322a1eb3,616715,65587a5d1140a8c8b3dd89d5a2698fceda660f9bfb28a3232571070b4c3d65bd,
games/dev3__baseline__810644906__1,dev3,baseline,810644906,1,2026-09-13T22:42:28.503332+00:00,2026-09-13T22:42:32.368695+00:00,True,True,719,236565.0,3.8653863380000075,3.865305195000019,100276,0.17520595799999228,3f807c9f93d1c9ac474029e2a091eebd2757eab5b40d7c15936b5f2b0da11708,ff82f1a76eca371296b1cc1b696cff487822b06788aeca7d012c00f1799b402e,606349,22d03a5aa03d617cb0a089de776628f9ab1638769e42cebf50d64d03e8c485d0,
games/dev3__baseline__94002826__0,dev3,baseline,94002826,0,2026-09-13T22:41:48.226278+00:00,2026-09-13T22:41:51.658712+00:00,True,True,719,207455.0,3.432455247000007,3.432338336999976,99968,0.13487515499991787,2468b514bf7c4af34f71828c6239c3a59a45e16c12db67d4afcbd4a7ae9a6c8e,b01cb9f96ebc6feef34d37276ea1f0f1b6f4355e88b91717ecd0351576b95ca2,751420,0eef1ac796c5b0e59cb903523c43d1869265caf6a40f6f713c363680218c34c8,
games/dev3__baseline__94002826__1,dev3,baseline,94002826,1,2026-09-13T22:41:52.671361+00:00,2026-09-13T22:41:56.090502+00:00,True,True,719,207455.0,3.419162200999949,3.418987269000013,99836,0.1356819430000087,5924be9c9b68434fed04382c45ad41747fee6eac4f0627a45af985c16c4326d0,91fa20c5a83980a5de20f24399ed503fe44fc2313adff25033572865625ed14a,737077,9c36eeba91e187607530e409f02edad7c35bd00c7da0895bdf6ed4a75b85419b,
games/dev3__finance3__1021451513__0,dev3,finance3,1021451513,0,2026-09-13T22:42:36.566902+00:00,2026-09-13T22:42:41.823672+00:00,True,True,719,147018.0,5.2567896979999205,5.25441672200003,100140,0.3961177080000198,980dbe92a6f7e45a1602f1b287869e2f3d1e1309b0b727432aa871f8b6988f98,abc0d902f5b71004e1867e1cd4565f33e7c2798b415122ba8da0c5018409197c,700770,6860ee1e0593ebed18c4f8d8fd1816222500a94fdfca4382a3422af80df1ded5,
games/dev3__finance3__1021451513__1,dev3,finance3,1021451513,1,2026-09-13T22:42:40.962857+00:00,2026-09-13T22:42:46.054523+00:00,True,True,719,147224.0,5.091686674000016,5.091528978999975,100312,0.38646713699995416,d8b761d026a3dcdbba1bc5cc106eac0542c5543e54946031c6aa931eca6d32ed,525c3a0b8e299e7228b93e006240784dadb81e5dc2e119ce199d0fa854a2b1b4,698513,256109bb08582fef013eac34028a6a308df0a17e93511064b608e4dc83bf57db,
games/dev3__finance3__1040165653__0,dev3,finance3,1040165653,0,2026-09-13T22:42:45.627828+00:00,2026-09-13T22:42:50.563206+00:00,True,True,719,197549.0,4.935399794999967,4.935155672999997,100140,0.32258054999999786,2835e9f9fc8dc50936b51f22183abb4ee98807208acb7220bf8becc7aacab225,7894eebd2ab642fc0fc60638a372577b1371150a46c56bea1ed0bc2e512860f3,737137,9fa2d46e5695264ad1fdf86fa8556ff8be38062415de1dd33090264d07e3d5d7,
games/dev3__finance3__1040165653__1,dev3,finance3,1040165653,1,2026-09-13T22:42:49.740211+00:00,2026-09-13T22:42:54.350250+00:00,True,True,719,165686.0,4.610059983999918,4.60992152099999,100312,0.2718235759999743,b73de193703676e8f1a9f99bded82996ad125940231e47a537694ae2a9847a09,d1a2de2f45014c70b4e7ca9054fd2c1eb41e0a33a6669eb4854f16ffdfe90127,678255,64fefcc6e8c400f67287954c0930ef259349679621e9bf812359911ef6d88450,
games/dev3__finance3__1047284227__0,dev3,finance3,1047284227,0,2026-09-13T22:42:54.323001+00:00,2026-09-13T22:42:59.479934+00:00,True,True,719,181445.0,5.156953554999973,5.156680619000042,100140,0.42671440100002656,1816b272d13f2e1e2bee7f92db63252acf86e7b0b6c376649e57a61cd609b318,5676ce2f50b31a4d1b52c0a5ed87b7bd8327448c31881e9e4413c86428f4ded3,703346,81ecd49cce8c6f5b813729efca1706352f3542687c0283d3635010a4fd6582b8,
games/dev3__finance3__1047284227__1,dev3,finance3,1047284227,1,2026-09-13T22:42:58.318392+00:00,2026-09-13T22:43:03.435956+00:00,True,True,719,181445.0,5.1175887370000055,5.110447710000017,100312,0.4241214349999609,8df9da4b0c514a01b80a9b821b2c0c9c28f5b62d9a30108ca54e174566d5125c,ce2b19bec48fb6d8c6e426e387a6063444b5f48053beb3f1809c426b797b266e,693266,f08bfc32c372e6dfc8657a6f2cb2f3dfa1471a989c862aa66452f1f499a7bd49,
games/dev3__finance3__1338192299__0,dev3,finance3,1338192299,0,2026-09-13T22:43:03.295441+00:00,2026-09-13T22:43:08.233714+00:00,True,True,719,171095.0,4.938295196000013,4.937173411000003,100140,0.3335252299999638,0bc855fb8210ab04403ce4ef727f6656a9a4b5d64cdc961650ae56c7e260e636,fdf9d0e4a162e40f1e3374f202c4291004e032d26970acf8ea0084635e1b5700,564088,4281ed889fcf2f64759c261ea461fe77b689ad9143f5c8eedd535cdf89963df9,
games/dev3__finance3__1338192299__1,dev3,finance3,1338192299,1,2026-09-13T22:43:07.247454+00:00,2026-09-13T22:43:12.377473+00:00,True,True,719,171095.0,5.130039313999987,5.129872454000008,100312,0.3360703990000502,dd18c0bd7b96c904649b189ecd96c1f1678a54ce7f107c2b3fbdeac3c796651d,3df794d90fe00516efa62be182b3ec2ee32de223d5f1144affa67efabf902749,560893,5e4b1082f40a5ac82be51c3f12a66e937f243b43fefcdf4aed196dd6e718c6c6,
games/dev3__finance3__1662960166__0,dev3,finance3,1662960166,0,2026-09-13T22:43:12.143215+00:00,2026-09-13T22:43:17.204319+00:00,True,True,719,192290.0,5.061123259000055,5.059970334000013,100140,0.4164505690000624,25b9de76354a902c0e506e99de933c79909c078f37dc8008963acb2ebbf7a1e2,05563e5c504c1d62afa35fd66fa3f5f12a21ea88b3bcfe0e9eade141f8300a32,618116,41807260e1d26dade2653476082536b8fafe83955dea257cc2fc6cbd55d0e30d,
games/dev3__finance3__1662960166__1,dev3,finance3,1662960166,1,2026-09-13T22:43:16.411052+00:00,2026-09-13T22:43:21.461902+00:00,True,True,719,190928.0,5.050869938000005,5.050716895999983,100320,0.42654226799993467,45b8823ee96e60d654ba09e325d4320115be93bb93beb0c34e6d6119ea938c61,0e2a9aa417ea556cd95dca5e200142aebd770bcbc52c75b883a267567c529178,589020,1361e1077f3f4ff0da96214a08320b6cfe479a0cad85b5201104e409860e4603,
games/dev3__finance3__1672479867__0,dev3,finance3,1672479867,0,2026-09-13T22:43:21.119036+00:00,2026-09-13T22:43:26.129182+00:00,True,True,719,194047.0,5.010164884999995,5.009912787999951,100140,0.4060649049999938,c64d1b862b57b4384b4db4f73ac3fa3b283f92d1a8a08d422f6a82861addcc98,2c500186453b841c94c3e463aa2c5b861654a5e34e04c0d9e6c471b7c0d34cce,597121,37204dfc3bea6b7b3f546ff82bff1f76e6c7747120a8a2c74adfc1f8e7e05a60,
games/dev3__finance3__1672479867__1,dev3,finance3,1672479867,1,2026-09-13T22:43:25.391044+00:00,2026-09-13T22:43:30.992000+00:00,True,True,719,210238.0,5.600977630999978,5.600817803999973,100320,0.373702097999967,6e643b29a4c777fde718e7d36c408f9aa4164c99c121d561dd8fbf34756b1db8,115ce9979c763f5f29b6464326fb555da08d2ceaa4d78dbdde82b6c6f4efed8f,664590,21fc941abbecd41b9a7ea3ba71639b7462a75c4157fef7f9aa1819d7010476e6,
games/dev3__finance3__1674798194__0,dev3,finance3,1674798194,0,2026-09-13T22:43:29.830812+00:00,2026-09-13T22:43:35.182108+00:00,True,True,719,221245.0,5.351321428999995,5.351037282999982,100140,0.4371937949999847,250af98db971436fd44a4aa2869bab9780cdfa90010c1d6bf0078ef820698f8e,d0f530436ad0fc3bcc0ca63e7e8335a91d97896759e00c746adef73cb486d750,615781,d7d61c2ee6ebf372366810376f29d5fedc5729ff223ff05dcb858ea67a22d46a,
games/dev3__finance3__1674798194__1,dev3,finance3,1674798194,1,2026-09-13T22:43:34.690990+00:00,2026-09-13T22:43:40.193510+00:00,True,True,719,226996.0,5.502540325000041,5.502243717999988,100320,0.44572719899997537,94002f72f878d729d0b585f4ec39065c7c13f7058635c1b4c2bf643770bf873b,0ffa78048992dc986fd6874522a8749e4d46143237353464c1857fbdf758bff0,609336,724ff55794f8f4305ef335a8be5ba5029d3ae37f4a538b7cfa58b2b4baa19d97,
games/dev3__finance3__2020048658__0,dev3,finance3,2020048658,0,2026-09-13T22:43:39.087557+00:00,2026-09-13T22:43:44.084610+00:00,True,True,719,241807.0,4.997073571999977,4.996832079000001,100140,0.3776375030000736,bae65ca65bfca22b79febb19de799219142c90ea2143d20ddce90a3abac582d7,be8fdc4199544b69f18bf9b5d59d985752b3ae616ff402c140df95e5c5ea2db2,736739,060d1236fe3d45b493b4f721588fed4691f4fbadd2e36f8452e46df839c9862a,
games/dev3__finance3__2020048658__1,dev3,finance3,2020048658,1,2026-09-13T22:43:43.864128+00:00,2026-09-13T22:43:49.133219+00:00,True,True,719,197498.0,5.269109372000003,5.268919015999984,100320,0.39833926500000416,6f6107ceb6ca6488feb0899938f951a6f5c6911f14763977836c2e97b84e0070,e5554803084833604fdc38e50511718898dd48e76029b901edb8017d67d65db8,675739,879c526e219967eab2e3833e9848b559830efece208f16203842f96398562801,
games/dev3__finance3__2052836158__0,dev3,finance3,2052836158,0,2026-09-13T22:43:47.815726+00:00,2026-09-13T22:43:53.083638+00:00,True,True,719,173710.0,5.2679345239999975,5.267654762999996,100140,0.4208904319999647,a07a30932a375a1870e75c172d65876c8b9479e29d3544e3aa7561f8cafbaf1f,961948c50e95d9391cb108581532339f312690a1accf8120169a3dd4e6df1908,578113,7108728257b269d36eebf3315d3a042db1c108ffc62f7844827a364a553da339,
games/dev3__finance3__2052836158__1,dev3,finance3,2052836158,1,2026-09-13T22:43:53.088216+00:00,2026-09-13T22:43:58.241954+00:00,True,True,719,184999.0,5.153758581000034,5.153515253999956,100140,0.44106005599996934,c4bfcf1b98b5caa398344e8b9363fe179fac174ebc5ca5d22606b2d8c7e6f0a7,8713fc794bd22e8b6b90b6153cc1d3f745e4a3133da62dac09c5c37bc69e70e4,583022,71de751e08c0d4234864105f5099c2fa70d8f98276d218172041a4d208351764,
games/dev3__finance3__2110715130__0,dev3,finance3,2110715130,0,2026-09-13T22:43:57.045803+00:00,2026-09-13T22:44:03.173907+00:00,True,True,719,212693.0,6.128124308999986,6.127941679999992,100320,0.46735770500004037,adfbc41dc734d38d83137fd49e880007dcd8e55d6ddb74de8da89afb36004e09,51efd1911f71a86317a6f25c5fcd47ef03a95c4e15d4d9022a58eaee34d0ce91,671635,997987edb0288cae8a371930b428501047e8b3d42791f08fdae78726f6ea7980,
games/dev3__finance3__2110715130__1,dev3,finance3,2110715130,1,2026-09-13T22:44:02.160007+00:00,2026-09-13T22:44:08.267883+00:00,True,True,719,228351.0,6.107896002000075,6.107566494000025,100140,0.5232722929999909,275bf517358654e4508cc5a73b98e28256d069bcc6535c76d0eac37f865a22c9,2365d5583816678c66d8d43a5def1f795f056b4c6e593ffecebb7946e9edf643,672700,8762472d7d0b90dd8279c170597cf48203cb2efa4451d8ba7c1633173c901e63,
games/dev3__finance3__28846738__0,dev3,finance3,28846738,0,2026-09-13T22:41:43.507395+00:00,2026-09-13T22:41:48.221683+00:00,True,True,719,211316.0,4.714305572999933,4.703183270000011,99968,0.32105069800002184,6c5bffa44bb8e6c86db3aac61da95cf5cf55486daa298ae9bb1a02b76872adcf,345de5f84c66b2655fc49d89eb837b98b58d0d28de438936f02685f5883b0e03,654161,4897c00f0592bd054a6689c5cfaabf67ebae932064b479bfa2812a87d8516b2c,
games/dev3__finance3__28846738__1,dev3,finance3,28846738,1,2026-09-13T22:41:47.983316+00:00,2026-09-13T22:41:52.666321+00:00,True,True,719,211420.0,4.683026606999988,4.681343228000003,99836,0.32115332999990187,3e741f3e04ff17e9224058a386a305a9786162f22fe049e2c8bf0e671e10c405,9e417cc0633392952dcd8820af2b54a84fd13fc8aab897babd8eb27b354056ee,644189,5dc09458321ddb9cb6ca8c81ccfc3b2943d782743e12902666a4dac61171b45a,
games/dev3__finance3__420997839__0,dev3,finance3,420997839,0,2026-09-13T22:42:00.515521+00:00,2026-09-13T22:42:05.825817+00:00,True,True,719,248523.0,5.310316602000057,5.310137432000033,99968,0.4239716879999378,dfd9fb0c7798e49b9a6fe9ca760c9fbedf85272286262bbe047cb177f3cc7483,58830e98068afaba59553cece2b5e5df7ccff737472f4548546674af1c8c3f05,704459,953808cfbf1f8662fa5b490b358b922a6aa71d42112814b819ce89de850acdc9,
games/dev3__finance3__420997839__1,dev3,finance3,420997839,1,2026-09-13T22:42:04.985116+00:00,2026-09-13T22:42:10.082129+00:00,True,True,719,199069.0,5.097032389999981,5.0956982989999915,100140,0.2921007260000579,662d0817f08ff0e404e517e94c8d974626f859396d212cf3d8b166796c72983f,09ed2a8222fd98d3d03be77e17b4d148fb221e62707c073067fd67291383d381,674152,5123fa77611f77d160e6dd8be4eb9f27de5791273acbe3b9a62fef139f1ad769,
games/dev3__finance3__450201982__0,dev3,finance3,450201982,0,2026-09-13T22:42:09.739633+00:00,2026-09-13T22:42:15.064107+00:00,True,True,719,184954.0,5.3244954790000065,5.324329876999968,99968,0.3074002150000297,6c1b0d8d5cc982944b1b8c48dbcf201543ef14356bee25e50f4c30cce0d43d8f,6e4a849caf8fe2991dcb26e26318b5215853a48eda3f9afd9e8ae194b61a462c,594017,3147c64b2a164c5546d46ab1d376cf22a258d0b539f5c5bd81f451a69cdedc4f,
games/dev3__finance3__450201982__1,dev3,finance3,450201982,1,2026-09-13T22:42:13.835048+00:00,2026-09-13T22:42:18.965222+00:00,True,True,719,172687.0,5.1301925340000025,5.129885306999995,100140,0.31110910299992156,90c879664257bfb59d7213ae1deb0e262f571ddbc23dd788a032d0356f729d74,557eb0359c9cca7a58dc5af0652e2531e112fe5e51ba0629d28efd9dd9e22032,559156,7eede94339cac2534133f0648086cca3faf358623ff58f8982c42408ba1a6b9d,
games/dev3__finance3__742425277__0,dev3,finance3,742425277,0,2026-09-13T22:42:18.970289+00:00,2026-09-13T22:42:24.214370+00:00,True,True,719,263126.0,5.244103763999988,5.243842577000009,100140,0.40469136399997296,62eb804ea51d617552a279507d466f59f1292975e3b6f0bd0a1aa77ecb2a54fd,8b340d20ea0f6fb02e2c911e7c64232ccdfd08f8ac58b050cdbc694748b0489c,665890,4813133a71495f23a339ab896df306ad4353d08e56b7a25e54bd512e5d7cf287,
games/dev3__finance3__742425277__1,dev3,finance3,742425277,1,2026-09-13T22:42:22.964544+00:00,2026-09-13T22:42:28.498353+00:00,True,True,719,273803.0,5.533830235000096,5.533665982999992,100276,0.3977728780000689,6926deab72656636de31961257f243d32000f20c2d03eb18531ef98b23bb8aad,a16ed04231d408e7788eef9a6d9493c1cd0e788bc76ef2dcab4ec7e9f08d11bf,627207,b77c97bd8f1a0d85aeb135cae151d771babbe1cd07bd0621ec3d11757c5f10cd,
games/dev3__finance3__810644906__0,dev3,finance3,810644906,0,2026-09-13T22:42:28.041102+00:00,2026-09-13T22:42:32.853932+00:00,True,True,719,207590.0,4.8128510809999625,4.812594015000002,100140,0.3122235040000305,886044cdfcb7ed91ff99129a6f62bf44ad2ff6d095ab4853302ac73ffc7a7d34,485243b6e5891421c961aa07491daff75a25b23106e19162a1ac0837bbe0b674,604981,0c6fcb6f7cdc0556eac2be240e5867771f40aa6f4093773fa8c072334ddb3a3a,
games/dev3__finance3__810644906__1,dev3,finance3,810644906,1,2026-09-13T22:42:32.373716+00:00,2026-09-13T22:42:37.234573+00:00,True,True,719,207838.0,4.860875909000015,4.860731029000021,100276,0.34330304000002343,718ddc4b38c44fc5fcdd47be00f2ad35e2a57154cd1b11e1093f5b63ce6a47c8,cbea8bbe2d79899a672f526621df8d9e959d8c51e60554650e7d06b2adb1ac91,595472,3564493135f532c0b1b7932a7650fbc80acc30570bf1db000ebf598d1317ac8d,
games/dev3__finance3__94002826__0,dev3,finance3,94002826,0,2026-09-13T22:41:51.666140+00:00,2026-09-13T22:41:56.780989+00:00,True,True,719,201742.0,5.114871807999975,5.114712306000001,99968,0.417233789000079,9688e93c1d50161f0a385df08439b7b676e942e57134e92e0e3398dd715324de,ae734788c7747195d06142c0301eed4c2fb930d70871f1db13bea7c531cd575b,681150,993d43a5040749e39971107863a9ff469b56649f2259c7bdf6ffb1d544dd1d40,
games/dev3__finance3__94002826__1,dev3,finance3,94002826,1,2026-09-13T22:41:56.095330+00:00,2026-09-13T22:42:01.111261+00:00,True,True,719,201742.0,5.015951143000052,5.015689282999972,100140,0.41429721099996186,0cc07c3fac52d4fe874b479312a07a8e785d1be8672d1ffd369ecc0d41826b9c,257913becef21dab0d0a2d21db56e42b9d81bc1a7ea469d00f8b809069ca1d5f,675651,8c7079d9096fd60ca979b794ef2e0ffbf3361cba86db9c1ed64131c6c51cfe7f,
games/dev4__baseline__1065868278__0,dev4,baseline,1065868278,0,2026-09-13T22:44:57.974323+00:00,2026-09-13T22:45:01.912887+00:00,True,True,719,161829.0,3.93858572299996,3.9383435810000265,100140,0.1348043980000284,63a4501890eabc446190d8bcfb224233918aa08c6fcfb4d4fca3bc788fb62c93,5c22b612ee7cf4f5e8cc226e21d5aa9d587474f666273da2210e52606298a9ed,624953,52b1af0ed0c8982769b74f9cebd77d20d29a54dba668448af1681e691d31de8d,
games/dev4__baseline__1065868278__1,dev4,baseline,1065868278,1,2026-09-13T22:45:01.917952+00:00,2026-09-13T22:45:05.916674+00:00,True,True,719,172385.0,3.998743326999943,3.998544642000013,100140,0.1527176630000895,34383dd51cd5d26c5956ef043bdc9251eadcb75bfb12b9d6ac94cb592151ea41,7f80e2fa0fa6d95d112fb5306bb3063f4a3e1c3a60aeb7b01edc8257421effb1,679070,f6ce582e7c101a52d9ff1d1d0e19563d56a957578904e1b85a8ee0d382c57e49,
games/dev4__baseline__1169107643__0,dev4,baseline,1169107643,0,2026-09-13T22:45:07.030870+00:00,2026-09-13T22:45:10.726603+00:00,True,True,719,190168.0,3.6957543700000315,3.6956377430000202,100384,0.14141387199993005,f5443b70ae81e2ed97033d0b013a43d27a435f08c769f3a4cf67ad54c842b656,0882a711cd50236942ac218c55e7d8fc4cba9478128c9e0ffe6ff1c974ebeb94,723471,1d1f978f8c3d5a3bd747adb925e08060a2c6522f9a8fffed28005d44055046b5,
games/dev4__baseline__1169107643__1,dev4,baseline,1169107643,1,2026-09-13T22:45:10.865267+00:00,2026-09-13T22:45:14.522516+00:00,True,True,719,190168.0,3.657270930999971,3.657097238999995,100180,0.12771009599998706,6132a87276af049484545a7efc134355ad0213b9b43ff070e0decce6496b4b82,7d9adcc9a6db1b97db931156e41378ce14aeec7f663887779d07df2a21d29d58,708884,b566582686b290d775e60c1d5511b32097577b42d3717f335de6d484d669aca9,
games/dev4__baseline__1296643961__0,dev4,baseline,1296643961,0,2026-09-13T22:45:15.699086+00:00,2026-09-13T22:45:19.753251+00:00,True,True,719,234018.0,4.0541849810000485,4.054064864999987,100384,0.21846317500001078,c968de13b01604fd77273cc78e9f4fb9fdf67cabd81989fc3227985c557d4d73,a1360eb9e815afee3a30385e98d15c9451cb7f7d058793c375935f9df9515517,708450,c177dbbf36739c5e7dcafe05fc6d5e7b8902ca5228b7ee3f330e4f47420d2b17,
games/dev4__baseline__1296643961__1,dev4,baseline,1296643961,1,2026-09-13T22:45:19.757908+00:00,2026-09-13T22:45:23.738473+00:00,True,True,719,234018.0,3.9805841009999767,3.9804673759999787,100384,0.19362143199998627,eb9d7c994aeca046fbc9178ceb3d06524785f709fa2e3b5b0e7ee9fe9c14b110,47191b28f904b8c9e7207e76267c1bacc98df7ed541c8181c13558da0395eaa8,696082,42259f480bca8e70c222d2318a004483a5dc9eaafd0514d62c69b3f61a382122,
games/dev4__baseline__1360514945__0,dev4,baseline,1360514945,0,2026-09-13T22:45:24.787711+00:00,2026-09-13T22:45:28.494341+00:00,True,True,719,182153.0,3.706653464999931,3.706427098000063,100564,0.15836523799998758,4bda3f339c7f49aebbfd364c6c270b1d1a0cf0892efd957cd24505eaa4cfdfb5,49ee08fd592e6ea56c246587510651bd798e11b2c321c22faa902fe125bfc5a9,685476,a32aabd7df7bcc84075f1896b45c464d28fd62b8fb84f13dce08bed9de74fff9,
games/dev4__baseline__1360514945__1,dev4,baseline,1360514945,1,2026-09-13T22:45:28.916916+00:00,2026-09-13T22:45:32.763176+00:00,True,True,719,182153.0,3.8462814629999684,3.8461625869999807,100384,0.1613889929999459,382759612c7aace52ebbb403fd694d401bda9e744d6dae1e3c5d2ee1a724ce86,e54ae81e9b607b9135b2a45612db9e5d3768ed75a8b3035e1212ac906c8ba610,683495,f2c5d73eb555b1730c6530e1ce7cdc6aff2d289f2c92f86b8cf48af407bc6fcb,
games/dev4__baseline__1580896166__0,dev4,baseline,1580896166,0,2026-09-13T22:45:33.526786+00:00,2026-09-13T22:45:37.219795+00:00,True,True,719,243771.0,3.6930279390001033,3.6928863780000256,100564,0.1350438330000543,b9a5e6033a0fbdbceff2b01639736a2753d8174d880d762752333cff99a3245d,b22407fb5640c4dc0d957962ae0a182c1bf98e0c7fe36f0f7ad0cef13ffac13c,678822,3fd45bb68340ea31edd76d7ee483925acaf3ae5708b0df2bf08b055edffdfb36,
games/dev4__baseline__1580896166__1,dev4,baseline,1580896166,1,2026-09-13T22:45:37.549613+00:00,2026-09-13T22:45:41.119093+00:00,True,True,719,207569.0,3.569501219000017,3.5693970269999227,100384,0.13731770200001847,eb2814bdda83d05cbfe1463c04aac3226cc973a77298bd411ee9d49a67bca333,b1a0f45efd47e5e4bbd145d809e77033ab8ce8c8558ed89c93e635fea42e9fb7,670071,047fa30a8eb990224aa958a0227a866b1d771d6b0dd54b89c3fd26e3ccd78c4e,
games/dev4__baseline__1683132896__0,dev4,baseline,1683132896,0,2026-09-13T22:45:42.523077+00:00,2026-09-13T22:45:46.343039+00:00,True,True,719,209834.0,3.8199803019999763,3.819780627,100564,0.16707135100000414,71e7fc6fea1f2b94028f0b0865e640052c9b8f21863728ce9797c08e83e0a059,5d4319385b041e75c8787b9b49166d4991d11acb60720b6e3f7bb957e4c0bd24,702303,348a9182825599be6faae1fb4b8897e639422dd5cd4c536741ac8cc46db87e78,
games/dev4__baseline__1683132896__1,dev4,baseline,1683132896,1,2026-09-13T22:45:46.394192+00:00,2026-09-13T22:45:50.122905+00:00,True,True,719,189313.0,3.728734091999968,3.7286306500000137,100384,0.1500961809999808,ecc1b1bb7488bf66964bddcd540ffcdd8f36a3b9ba792898b45a41a8cd272fe2,57a3c5b581978d452ceaec1f666afdc4af9eb21b89e78b85bd3eea48c91a6bba,736753,5173d1ccbff36577f5e532ec14f0894d70af281ea5abde175d4bf55849c57912,
games/dev4__baseline__1743809225__0,dev4,baseline,1743809225,0,2026-09-13T22:45:51.373843+00:00,2026-09-13T22:45:55.329602+00:00,True,True,719,215652.0,3.955780939999954,3.955574064000075,100564,0.12986517700005606,52a8096030e984f4a0529bce62da331595023bb98f27872ce7b6e0c815ea14e0,a47d01069afc4d742d1b5f62694b47676f79c2090d016eaa64ce833f4fed4869,695242,a4a2e69001e2527f6834d04eab84fc41cfd0dee80cc219fc2d083f2b812c18f1,
games/dev4__baseline__1743809225__1,dev4,baseline,1743809225,1,2026-09-13T22:45:55.467175+00:00,2026-09-13T22:45:59.322797+00:00,True,True,719,215724.0,3.855645094999886,3.8555376570000135,100460,0.12747735600009946,f211e7727afe73da3b274ff963257cfa87a6d1fe8bc92233cd70aab132c75c28,0ebc0ce3bdc2c4e111e0926da345c021d7cd4579d25c63f7bcc1604a85f50db0,687791,c80323eb6f95384bcd090de38d919cc3e9565b63e1d0af0f08cd2c5052d00f07,
games/dev4__baseline__1807203739__0,dev4,baseline,1807203739,0,2026-09-13T22:46:00.256029+00:00,2026-09-13T22:46:04.207835+00:00,True,True,719,220467.0,3.9518264189998717,3.951630436000073,100564,0.157669382999984,c69204376f491fe7fb898222bcfbd63359032196a3f133a6b9fc8b70d8c25ff5,4f3d203d0a054f0beb47f7b8b6fb1b844bccc3ce1679cc8e265cbf525ff1a929,694986,3f2a60b58539b04fe9eceb6faf68cdd677d08ec714d231f00b5f092f733166e4,
games/dev4__baseline__1807203739__1,dev4,baseline,1807203739,1,2026-09-13T22:46:04.212689+00:00,2026-09-13T22:46:08.084827+00:00,True,True,719,161719.0,3.872159075999889,3.871958516999939,100564,0.17538060500010033,2aba129a64ba7a9dd55c853e748ebc31febfd0b167fec34dc6ec165a4800f7a7,5b507bc53ac38626c32e77cd076d7ec377bbdfab5aaf794a7afebd3f919e2730,696156,914f49ceb5ed0c8a86869e40a08961f140abdd68c429d4ccb5c5b954eb9d6f27,
games/dev4__baseline__1892316652__0,dev4,baseline,1892316652,0,2026-09-13T22:46:09.343778+00:00,2026-09-13T22:46:13.388106+00:00,True,True,719,194831.0,4.044347435999953,4.044187856000008,100472,0.16238956899996992,447bb7f39a059f5e778cd1cbff172f8a64841cbe0e0ccc9bcfb9324428367e74,ab5450b6932362e18ccfdbd5b32e9bd9d0750e87413a5bc294b876502f3493c9,736002,391e1a4fa5688eeb18a76fdbf84d6ecef0fa79ca4b28ff904da03617fb24b235,
games/dev4__baseline__1892316652__1,dev4,baseline,1892316652,1,2026-09-13T22:46:13.392868+00:00,2026-09-13T22:46:17.709486+00:00,True,True,719,194831.0,4.3166397759998745,4.316101064999998,100472,0.22598158499999954,1accef502b12d16853b51ed7fa90f54e8f16672b6cafae7b3ef94ccefec3f288,df0ddd23727831324bba738111270ae28a30b1ef8e3d130dc77fff11c7d25f8d,724014,f029edb5496b9c2b52a3e68365df27a9f2b2da8eada75e821283cce7706c9345,
games/dev4__baseline__195845826__0,dev4,baseline,195845826,0,2026-09-13T22:44:12.162339+00:00,2026-09-13T22:44:16.098727+00:00,True,True,719,176998.0,3.936408093999944,3.935306934000039,100140,0.13931254900001022,7fbb16a654228fe713582196c442eff8e1a2a53f90764c71ad88487175c292cf,e74696f5d768e5fe26a800426d568562b5305dfd1847575663a43b5ebde8c6f5,587933,1ff81f1eed153265d2d1256f99ea719f2d36704522efb62df3ecacc85c2b4551,
games/dev4__baseline__195845826__1,dev4,baseline,195845826,1,2026-09-13T22:44:16.858923+00:00,2026-09-13T22:44:20.732485+00:00,True,True,719,176997.0,3.873581568000077,3.8734644140000114,100344,0.17256433099998958,3ad3bc0e69ad64493c801d904e97b7bdda6e80021dad860a1b121f06ced30856,9545cc8a93ee8b6b2c6468d4d1b077cafb2187693dfd0a3272ecae04c1003832,584232,3dd97f650ac8f72c2047ef809d5389b9a2c74688d6dcb4e6fcd733d3ca1db78f,
games/dev4__baseline__2013841467__0,dev4,baseline,2013841467,0,2026-09-13T22:46:19.314316+00:00,2026-09-13T22:46:23.271795+00:00,True,True,719,199005.0,3.9574997659999553,3.957315388999973,100564,0.18345965399998931,46a8e4fbfe8f69aafb0327e8a9fc15a622de7fe6e5b9904a3e1caf9899acd4ea,34d4841bd1c74bfb9b62b3a45a485b3d90f8fbbb468caa3e1ad13577e419fff5,754251,b928c7f61c7c6de0cfdc7f5f89c93e0d7b4fe395d16912c46620e797d65f085a,
games/dev4__baseline__2013841467__1,dev4,baseline,2013841467,1,2026-09-13T22:46:23.617019+00:00,2026-09-13T22:46:27.932151+00:00,True,True,719,184034.0,4.315152173000115,4.314921419000029,100472,0.22174538199988092,aaf2ae57ce40e255ad102d1e296b80b4d54cf9f89acfd44ea54c4d379a13115e,791c3fa4e3c65412c4f1b41ba182190811fcac84ff6968d52f3d5917dc4e0b5b,675810,13cf4609229316f54f055b6d97203f0083f0c88c3ff2450da212d638de06d2f3,
games/dev4__baseline__412651507__0,dev4,baseline,412651507,0,2026-09-13T22:44:22.058091+00:00,2026-09-13T22:44:26.026650+00:00,True,True,719,177597.0,3.968579396999985,3.968373134999979,100140,0.1847093930000483,9dea1eeaaf4aa6ab230462ceefc155b7a7a11ec05276130bb170f32137e1017d,9a2891408a702d99fccea1dbc47f052e1a778918daf5798f70a36d528ff89dde,735405,a776f4c81d894afaec18574372887bf631dbea0e2d19218ed3391800ffb10fb2,
games/dev4__baseline__412651507__1,dev4,baseline,412651507,1,2026-09-13T22:44:26.686329+00:00,2026-09-13T22:44:30.539214+00:00,True,True,719,157425.0,3.85290634699993,3.8527873610000256,100384,0.15733585199996014,fb7756c65aa58249441fd8bbf14039b9512e503006f5290f8031617d51ee2e71,bd842a7e6499b83736a0e5fe75c4741dcdc94144200ca603eb2be8d216a7e7ce,607618,70b9f5e54b2817c116be267d2680ef0d468d2b27a81a4e5f5d5f7c2b156a42ba,
games/dev4__baseline__69779086__0,dev4,baseline,69779086,0,2026-09-13T22:44:03.178748+00:00,2026-09-13T22:44:07.034126+00:00,True,True,719,226941.0,3.8553979739999704,3.855276398000001,100324,0.17893185100001574,69b8891df73ad73f0c644ffc84991bbd219481531bcef43b671d2b8d9a2a85a5,50ab793297b8b1d6ff35f6e6813c7de089165e00d1b39d63033176e02c3826c0,732142,82deb1000d5d39f6e201e35b756288ede57e96d2657eb7cc4a4bc01aa865cd66,
games/dev4__baseline__69779086__1,dev4,baseline,69779086,1,2026-09-13T22:44:08.272751+00:00,2026-09-13T22:44:12.157580+00:00,True,True,719,230468.0,3.884847624000031,3.883712413000012,100140,0.16411302500000602,9bbf5f0640ea8ac33b7a443cfbd47ff640704ea0c60d4f89c00bb3809a276408,1ccc7dfb66efebe8a676fd68572d102ebf5b02c643432ea9f683b991d806c3d4,717466,4007b99934268a2b94cd4495c543347338e36bd830651699a9ea8a95374f9a36,
games/dev4__baseline__828453817__0,dev4,baseline,828453817,0,2026-09-13T22:44:31.436014+00:00,2026-09-13T22:44:35.126282+00:00,True,True,719,212903.0,3.690291967999997,3.688478430000032,100140,0.14101898900003107,72d9543e8b628200cc4ec1d3ceef9fd0650caf6584c553112e0d9d6875ae9419,2609dd28f557daaf1ca6afa3f6d66b40a1dccafb3666247931f07371f126677f,607792,4aa992746fa63e3e820366d51bbd668387e44b1aaab8006d5ca0a1904addb93d,
games/dev4__baseline__828453817__1,dev4,baseline,828453817,1,2026-09-13T22:44:35.748301+00:00,2026-09-13T22:44:39.336861+00:00,True,True,719,212903.0,3.5885814350000373,3.5884527929999877,100384,0.13929926299999806,e16f401ce71300494d023319916de434e74adeed538348420e59de041e4bc9d4,289f0b7deb89f655d778995a95f0c8fd72294bc595b7887554456f3651513042,603790,ff15a6ba9a80c29d1db50ba9a83dbc5ce250c77376435d3648643f2a750efccf,
games/dev4__baseline__850149531__0,dev4,baseline,850149531,0,2026-09-13T22:44:40.200174+00:00,2026-09-13T22:44:44.171664+00:00,True,True,719,224955.0,3.9715389959999357,3.9713084059999915,100140,0.1493334329999243,9b77be639d19c40a8cefae2dadc3ace7760d643acbfb6b48012e25219e529267,cd3b539e60fe1c41d00d1e4fe0433ec55e6531bafd32e18914f04adb944fed13,682696,06726eeb4f51f9d152c6c893d7d97cf9b8ee8dfcb2073e2069eaeeabb679e041,
games/dev4__baseline__850149531__1,dev4,baseline,850149531,1,2026-09-13T22:44:44.394224+00:00,2026-09-13T22:44:48.198713+00:00,True,True,719,224955.0,3.8045093529999576,3.8043715750000047,100384,0.13936849100002746,9e233b3f097cffce1a09f7934570e492dd5d983260583cd47f547b4a2ffaddb2,2a744e265b27655e51f19f3cf0d1cb78eec72bf4097bef96b31b59a0b2637766,674422,914c1d5e49576c6406b86e1dac2e26de68af8ee945d37c93c264cb8a85c7452f,
games/dev4__baseline__916097168__0,dev4,baseline,916097168,0,2026-09-13T22:44:49.436105+00:00,2026-09-13T22:44:53.219235+00:00,True,True,719,186262.0,3.7831501099999514,3.7829783219999626,100140,0.1424950530000615,a712866f6ca9bc0fa3b35bb9c6b88282e87619700fe2602fdf3aa58de7a0f05f,b0b6f47fac5442afbe8d400cc8a7e91cc264880206bb1fffaf1d39c391455325,616236,e6c44f79c4fc0e09b4dab23b022808d74869c4b72519c87048afef9bed9654dd,
games/dev4__baseline__916097168__1,dev4,baseline,916097168,1,2026-09-13T22:44:53.235132+00:00,2026-09-13T22:44:56.850248+00:00,True,True,719,147581.0,3.6151361030000544,3.6150252319999936,100384,0.16175783500000307,0babb7161245c9362ce88838bfac25c5e06e0777d65f9c9276eefeb55c1ad264,445ef09fb81ae95bd2abd1e746243d27fd29c8adc89f19450fe978b667cee359,661708,eaf96dff0531a7e58132c9a4d0440986e9553e80e224e18a3ed22a4f90af94bd,
games/dev4__finance3__1065868278__0,dev4,finance3,1065868278,0,2026-09-13T22:45:01.665632+00:00,2026-09-13T22:45:07.025789+00:00,True,True,719,216627.0,5.360179377999998,5.3600208710000175,100384,0.39933957799996733,136abe0ab5319c8d1cb417811f58bda602fa7f4361097805aa1fbc5cef79d640,144d7e091b88c6ca351a1a418856774f9bb410a72eeb183ddd631aac6c625f9a,633808,8f53e18d4cf85d236bb2152b5f177889cfe60333863b57dd6d726257ef427157,
games/dev4__finance3__1065868278__1,dev4,finance3,1065868278,1,2026-09-13T22:45:05.921723+00:00,2026-09-13T22:45:10.860535+00:00,True,True,719,175971.0,4.938834919999977,4.937653465999972,100140,0.32915304699997705,afde7e0130db7e380a43597d7b15eb9a758811a2f4aa0da87a54cef1c0580f25,55b6a0f6857719fafa09218c30ba496c9d49d081f63417fc650372a0c8e870ed,571968,6461c74ef6aca40a0c592267492cded2e32006bfab270b85a0e870c536b54509,
games/dev4__finance3__1169107643__0,dev4,finance3,1169107643,0,2026-09-13T22:45:10.731698+00:00,2026-09-13T22:45:15.693987+00:00,True,True,719,201173.0,4.962310521000063,4.962157520999995,100384,0.39137020999999095,0764e80bb4f99013518520d20a2b78b221e259d5cc90520471cfb7522d840a3c,774683963cdd7273e46ab317ad32806bd806af68f1bc97af3f77311f5bf86fd5,729347,a46eddfea1d7005aaefcfd2914814e8424ae7f23e90f2385d61e0074b2c19528,
games/dev4__finance3__1169107643__1,dev4,finance3,1169107643,1,2026-09-13T22:45:14.527288+00:00,2026-09-13T22:45:19.639260+00:00,True,True,719,189816.0,5.111991122000063,5.110830967999959,100180,0.477814407999972,91d56c2413181ec33fd4f400641b89b5ee185287b47101458de2636d1134a077,5be377b25f7339d7d75ba0e1cd7ed861324140e1b0ed16ba9490c7e2f93044b7,726475,437e3d45a3fd7d2583c6c62e23c32075d59e49926682358df802715132d2d7c8,
games/dev4__finance3__1296643961__0,dev4,finance3,1296643961,0,2026-09-13T22:45:19.643942+00:00,2026-09-13T22:45:24.782485+00:00,True,True,719,196849.0,5.138563470999998,5.138319546000048,100564,0.4165145360000224,412b9201c9d8ce5e9e67a7acd7bd01152ebd968463999186cd23626a6d6869cb,42fa961797f91e51db5daa57dfd4589d55a852f07da5e8a0335d9ba33258a601,687237,12a7cb6dedd2231bb5f3cbfa534e29507bd777e8485da5797a0dcd3fdcafb6b9,
games/dev4__finance3__1296643961__1,dev4,finance3,1296643961,1,2026-09-13T22:45:23.743093+00:00,2026-09-13T22:45:28.911830+00:00,True,True,719,196849.0,5.168757424000091,5.16860837999991,100384,0.4511217780000152,d6e6d5449cb453d1e41bbf9742a03f0f23ca09aaaec235728fab989a5176b78a,34d5edea2a25977f8f0134f0f703d9da08c604eb70c37d4aea0c3d52f49c6df4,677163,862a46d7563ae0b4c050a2768357e13f35ebaa69a1d9b2eefeee8bdde61052bd,
games/dev4__finance3__1360514945__0,dev4,finance3,1360514945,0,2026-09-13T22:45:28.501184+00:00,2026-09-13T22:45:33.521637+00:00,True,True,719,203727.0,5.020474745000001,5.020207729999925,100564,0.3353577069999574,07c06bb9519167f318df85b5509ea6303eb18f3d0cc0fb27a845232ebe211405,3baabf9c7e41a662540b9a9ecbadbe51375881cc3c9fd0b3c8ac5a41960624f9,703998,0ba613fe03121b091dd7a9414f27e9900458652dd60da46482ffe10058daf196,
games/dev4__finance3__1360514945__1,dev4,finance3,1360514945,1,2026-09-13T22:45:32.768636+00:00,2026-09-13T22:45:37.544362+00:00,True,True,719,203727.0,4.775745865999966,4.775594867999985,100384,0.342322471999978,fbfbc1a86caafd20cca8c5a408f21c524a05dc58fbc23a02088b715a4a1afc2a,dd42d8f5d6276471836693b03ab74e07f36929c020ae932da1d357fce0862c99,698693,4f15d808f470e35f6c8d2cb0adde5b6d25abb5d94f8fde0081a1fa7033e3fef7,
games/dev4__finance3__1580896166__0,dev4,finance3,1580896166,0,2026-09-13T22:45:37.224414+00:00,2026-09-13T22:45:42.518355+00:00,True,True,719,246818.0,5.2939608179999595,5.292634927999984,100564,0.4006250079999063,9d4f517fbd20eb642b68f7321233cfc185c57c0f5698b7f453dd6d7c95369742,5ded2953cd0988b951d9200cb011aa27d5730e5428f5fb52068d2158a6018c28,638611,dd34dfd3bee567fbe60ea05b00d1f25a8cf75b2a572178e05da511bb07848473,
games/dev4__finance3__1580896166__1,dev4,finance3,1580896166,1,2026-09-13T22:45:41.124537+00:00,2026-09-13T22:45:46.388799+00:00,True,True,719,249517.0,5.264281657999959,5.264117451999937,100384,0.41176677900000414,c858335027367a3ee080428cb742f81268ddb4eaa66e49f5eef0a447cf7ac482,f12c0b8c67076667b25df1ec502f137fead59ee889cde686e3075ad7710d9275,636250,7beee097617941029437e2d38c6a867aea85127dc6d861adf5ea1a655c16287d,
games/dev4__finance3__1683132896__0,dev4,finance3,1683132896,0,2026-09-13T22:45:46.347781+00:00,2026-09-13T22:45:51.369113+00:00,True,True,719,250149.0,5.021353812000029,5.021061283999984,100564,0.4105138200000056,8d61efe0978ffed8be6517cb4f943194ef9390fb5989b6c4df5f197fbeb18632,f2faeb42bc47eea74b6c39e88dd42d6f99223038820b0bc13f17fde5e5671d70,691255,fd4652a358a7baedf846a6a9374eac3e6855b138836cfea835b71ab7b07a726e,
games/dev4__finance3__1683132896__1,dev4,finance3,1683132896,1,2026-09-13T22:45:50.127563+00:00,2026-09-13T22:45:55.462231+00:00,True,True,719,188484.0,5.334689225000034,5.33451748899995,100384,0.423625971999968,4fe979216687b2ad168ac48c11f3a3990223e08e71b61cbf5ee37c5b0ffa6edf,2c1ee6866eabd7a1cb7cbaf45f96c0bfed3d6d4b11da239217c14049d5caa38e,673107,6459763768563548b87b60ad02e264d26ce26a743939b154aeab0447d05f4eb0,
games/dev4__finance3__1743809225__0,dev4,finance3,1743809225,0,2026-09-13T22:45:55.334271+00:00,2026-09-13T22:46:00.251285+00:00,True,True,719,203160.0,4.917037166,4.916815572000019,100564,0.4396825629999057,60af11462d541425736a3463c7fefb3f95d3bc16d04d3293c5f4ddcf53b7902c,5488481bdaf69f1d4bc10c63ab58355d258751ca51cf24e73432f4d2a1a694e9,626982,c390ab11b5e351d4052e0b20df9fde0227599b78e1422d7c69a890b2b278e1fa,
games/dev4__finance3__1743809225__1,dev4,finance3,1743809225,1,2026-09-13T22:45:59.327911+00:00,2026-09-13T22:46:04.181582+00:00,True,True,719,203160.0,4.8536932049998995,4.853543438000088,100472,0.40586757100004434,3793c9bce6f92216394868d5fa903263018db3502e96f9341f5fad7de19b3910,087aeb963d3e8bcdae98d28e760ac0f6e9d20a3ef1c3c20f5e1388b0665e364f,621725,c91455eb58c7383fe11bfc9d1a4a51cf6b3994ad71d5f69b26b36cd49252e59b,
games/dev4__finance3__1807203739__0,dev4,finance3,1807203739,0,2026-09-13T22:46:04.186320+00:00,2026-09-13T22:46:09.338401+00:00,True,True,719,162956.0,5.152101290000019,5.151941530000045,100472,0.39230174499994064,3386c457aa009e40578d8077e0af940ca88f104221d49781f12ad5c4aaa68757,ab900b831b2c491e4282750023345060d6a59e9add59d17be3a64bfbf358fc87,725609,0888c40e54e44085dff610d58df44970b4c312e4dc818f397d8ea8584596e351,
games/dev4__finance3__1807203739__1,dev4,finance3,1807203739,1,2026-09-13T22:46:08.089674+00:00,2026-09-13T22:46:13.202278+00:00,True,True,719,172814.0,5.112621866000154,5.111583327000062,100564,0.40516753099996095,2eef49e5c64354ec9476de6cdcbfc1a1f5d48555abe7f33c607150b875372751,af462d9b1151394952eafbf7bb988f32ab001d2cddb82133112e3755e9e99fea,693759,796d6b5b5d39b11edfb4a097236de9b63717b8f12d1f4676b87722d717633088,
games/dev4__finance3__1892316652__0,dev4,finance3,1892316652,0,2026-09-13T22:46:13.206969+00:00,2026-09-13T22:46:19.309564+00:00,True,True,719,189454.0,6.102616217000104,6.10143280200009,100564,0.54890308500012,29709a9a236e7928eb8b25138a41aa7d61bcbc73346d3a1a3cb8fa124ab593fe,a2be2df614597960d2ea7cdad4d93dfd32e5da703490bffa55c0de06f4a90cb6,632006,0a28e3b6a543be59876d37b6861276360705a30a536d3081def7827ed3e8e889,
games/dev4__finance3__1892316652__1,dev4,finance3,1892316652,1,2026-09-13T22:46:17.715096+00:00,2026-09-13T22:46:23.611571+00:00,True,True,719,178206.0,5.8964981730000545,5.896163750000028,100472,0.5224667520001276,7e63aede4e33bb9846cbcdd94a038056b8851ac7d99d1cb6b02770ee9136d1c3,88fade9f1c1957c434bb8e831b7515c91e3c88caf288a5a97e3aff3e52df4d4f,607059,a71806d636d450d72350335d608be7271ff0342f3e009ac342b0f716e65de97e,
games/dev4__finance3__195845826__0,dev4,finance3,195845826,0,2026-09-13T22:44:16.103492+00:00,2026-09-13T22:44:22.053356+00:00,True,True,719,224380.0,5.949885136000034,5.949586173,100140,0.447850467999956,f9705458e87cbe27a80aa4b09a84c36fff54e83501528d77da2e903496ff97eb,4e3b9a0fc69132984100db9bf99d6e41b008f42a89dbfa3135e5d1fb2880d0bc,674271,e6692f6a2f605c078f2d263d6ed5491e9aed6a02ff99a490b54485df791baa03,
games/dev4__finance3__195845826__1,dev4,finance3,195845826,1,2026-09-13T22:44:20.737895+00:00,2026-09-13T22:44:26.680970+00:00,True,True,719,223156.0,5.943096670000045,5.942914858999984,100384,0.42368855500001246,b9f8c4beb494fb353c080320589432360051347bd50fd1274de13a4613cb8d5b,3e2b3ec344475989bf8c9badd3a8614e8a06636e8934ab29277065dd1f149ac5,665140,c06e25614a6d4b85c5eb67376224870e54759a452eac502033293e016b8194b3,
games/dev4__finance3__2013841467__0,dev4,finance3,2013841467,0,2026-09-13T22:46:23.276817+00:00,2026-09-13T22:46:28.774087+00:00,True,True,719,191877.0,5.497295182000016,5.4969786870000235,100564,0.4179465940001137,63d594c89d7b995c0035360e396358f366fda9a9a9cf637b3a30b7c92c73db96,498733bee02a681f8bbd440bc322b0d13501ad26fcc9a1d597f59a732347e07e,611540,0222ee68084ac28a451cc466daef05f5065e16a4c24ce77a1e18d250552cf1e2,
games/dev4__finance3__2013841467__1,dev4,finance3,2013841467,1,2026-09-13T22:46:27.937637+00:00,2026-09-13T22:46:33.673610+00:00,True,True,719,224546.0,5.735993012000108,5.735700841000039,100472,0.44933827699992435,88b44388dbb9fae185ff400f5d9a530e3984d7e3bb8ef7e7d588af1ea271a947,f8112a51cd06f2ca47becdb24282c1028e3627c0e6cfe2d705409e91d4ca0eff,615062,392d9f614eebeb6f1b1537c3551d29425ae6b1b87e0749d6f38ca4299285fae5,
games/dev4__finance3__412651507__0,dev4,finance3,412651507,0,2026-09-13T22:44:26.031607+00:00,2026-09-13T22:44:31.430759+00:00,True,True,719,215392.0,5.399173092000069,5.379910796000047,100140,0.41348959399999785,e208b16dc9a45abc8723e33e83cb3e3177f63f7bf3844620b9277bcd6b6518c2,a3219420358fd7f3ac3f9e18570c5bddb54991880706e1b6aaf280526002ad26,725841,0096ca6a8ffa4d4e3570cde9a6e958d3f3ad727c5b482bf0203f4120c70a0ba6,
games/dev4__finance3__412651507__1,dev4,finance3,412651507,1,2026-09-13T22:44:30.543948+00:00,2026-09-13T22:44:35.743559+00:00,True,True,719,184519.0,5.199631944999965,5.184484284000007,100384,0.39393858900007217,39c3f87b22fad4e4e1778539378cd53c874f0a07ac3df4c29efb30c96fd5e373,42d1849ae1fdf0ff3c16e261712b7dc9d17ae93dc13651d1c455c8b54bff2065,687158,02e0535a317b9a1e5ca56ac26d1222c12e06401171c70c9f5ae3922ad61f5ee4,
games/dev4__finance3__69779086__0,dev4,finance3,69779086,0,2026-09-13T22:44:07.039163+00:00,2026-09-13T22:44:12.020188+00:00,True,True,719,220187.0,4.981047044999968,4.980896006000023,100324,0.33164122799996676,31353651a3c8649e1504d98c050668612cb144791ca98b78eb5eca7bf147dc0f,3d3fbc0b44b72dc03f4c030f834b6d8732c34ad9c7122a65a4c210fc5ce72066,708414,1311cd4b37171a8a05072501f42418d04f5f486dcda810d6f2daa9216c1336d9,
games/dev4__finance3__69779086__1,dev4,finance3,69779086,1,2026-09-13T22:44:12.025367+00:00,2026-09-13T22:44:16.854212+00:00,True,True,719,243300.0,4.828866532000006,4.82870899400001,100324,0.3683522860000039,a9d67d4e5680c6aca27067003b0c718b317b24b8eb67a457fcd4c96f25753622,a8adbd1a5f089791a844027291f40404380e0d7b7cb0474adc3ce3ee4cd81347,682100,25629965e3718d864d0822b995690d21ba2c380c69a20f06d79c42aa04ab5327,
games/dev4__finance3__828453817__0,dev4,finance3,828453817,0,2026-09-13T22:44:35.133450+00:00,2026-09-13T22:44:40.195009+00:00,True,True,719,233469.0,5.061580036999999,5.060246580999944,100140,0.41136624400007804,fde4444137a252c2079dcea466645efea5aa60048fb20c91f2a2ebf3d84409c1,240ab46ca358572e76b0ec4311af610376d415adc8806b08fb465c2e25f92e17,621266,e00258781f54ed3a0fd9b8d5491166f32bbc1110e4dd6d0a238a6b95275e8ea3,
games/dev4__finance3__828453817__1,dev4,finance3,828453817,1,2026-09-13T22:44:39.342682+00:00,2026-09-13T22:44:44.389464+00:00,True,True,719,233469.0,5.046802007999986,5.046635083000012,100384,0.4149617269999908,a694ffa6da420d1c387d8bcc3e38fb1fc483702ad3178d74069b73083a08c7f6,54c7a25706fa87aeee1073a2ecbbb432da5a1eb81835a4d6fa9b0bead53eba72,613535,59e95845881a99838400a9af75b9192aecf60df8bc162016e86aa2e7ed0f2815,
games/dev4__finance3__850149531__0,dev4,finance3,850149531,0,2026-09-13T22:44:44.178916+00:00,2026-09-13T22:44:49.431411+00:00,True,True,719,188393.0,5.2525351180000825,5.2522361250000245,100140,0.31626356100002795,c4a3d6791e29469ac85cfca15fe7496f554ec9f1e9c606e0863d3dc767b053c5,9aeeedeeb5bb6745be5592f99eeb2a1d613fc91433a496612200ad9707bffccd,698685,ddcd4d30206f2deaa41f4b6b3f815a12ccf5a2aea7c2df09a8058ddbc97f29a8,
games/dev4__finance3__850149531__1,dev4,finance3,850149531,1,2026-09-13T22:44:48.203552+00:00,2026-09-13T22:44:53.229960+00:00,True,True,719,188393.0,5.0264263249999885,5.026268623000021,100384,0.2936819279999554,0cc3d982a75225f2b8cce4a6dfb2264b90e27d45b6469746ace565930ffb0c30,fcae90fa64009a47cd430abd2316a1373232511e0b5cd93d2dc603323fb25939,689847,185c5e8c8f66e4b41f601320a00c20072035fa35cfa3bd867c4a4cff4bc2abad,
games/dev4__finance3__916097168__0,dev4,finance3,916097168,0,2026-09-13T22:44:53.223998+00:00,2026-09-13T22:44:57.969555+00:00,True,True,719,163023.0,4.745579227999997,4.745323410000026,100140,0.3607341890000271,ea9c24d1e1dee4831c46340e5863130cbae7dd3558fc7ac43c7bdf5e66638294,60ce3db9c9ef049e2ab850d5f0233f24884f8e663ba97febf4cac96759ac48fb,685544,77440e03cc08fd4a6140af9d848f61a4fa04c9ecf6afbc5dec22c2a823d2e066,
games/dev4__finance3__916097168__1,dev4,finance3,916097168,1,2026-09-13T22:44:56.854959+00:00,2026-09-13T22:45:01.660703+00:00,True,True,719,178722.0,4.805787581000004,4.8056452719999925,100384,0.3585330139999314,da93b764f00dde0aff2fdedd8f8746e9451e4443660a00e5ee4fe14b9f5d4664,1808aad6545ae53d46201767057de771ba11ea817bc6a74b74fd21c7621278d4,745460,8618f37a332704a8e1d68d9e1cc7b19300ec005371deb9d5c79555fc22a1da52,
games/pilot__finance3__1169107643__0,pilot,finance3,1169107643,0,2026-09-13T22:35:29.952704+00:00,2026-09-13T22:35:34.882823+00:00,True,True,719,201173.0,4.930141718000016,4.927922543999999,95972,0.39725203400001874,0764e80bb4f99013518520d20a2b78b221e259d5cc90520471cfb7522d840a3c,774683963cdd7273e46ab317ad32806bd806af68f1bc97af3f77311f5bf86fd5,729347,2597bc1098bb3de38460685de78bd8701acc67ac9d9453190d51c24f85cca787,
games/pilot__finance3__1169107643__1,pilot,finance3,1169107643,1,2026-09-13T22:35:30.215666+00:00,2026-09-13T22:35:35.314615+00:00,True,True,719,189816.0,5.098968058000025,5.0960399249999995,96032,0.40163924799998085,91d56c2413181ec33fd4f400641b89b5ee185287b47101458de2636d1134a077,5be377b25f7339d7d75ba0e1cd7ed861324140e1b0ed16ba9490c7e2f93044b7,726475,107371bdbad21e4df891d6eedc2dc6af6cf717f6971a43ae724670389506c936,
games/pilot__finance3__140008426__0,pilot,finance3,140008426,0,2026-09-13T22:35:34.888120+00:00,2026-09-13T22:35:40.061746+00:00,True,True,719,217498.0,5.173644747000026,5.173390191999999,96356,0.42574868400004107,ce04a432d44711bb206df2692eb0ca69cc7c95fc2b8492dde5f8629f05183eff,1b87524f75c7b018429de44aaf9f30c20227111d355b4078eec04c29c8b316ae,646407,b53700aa88c7442ae34c0072bdbbbe4e9d30fd7be9ab1a91df1dfa38f3f61964,
games/pilot__finance3__140008426__1,pilot,finance3,140008426,1,2026-09-13T22:35:35.319391+00:00,2026-09-13T22:35:40.436304+00:00,True,True,719,174607.0,5.116930884999988,5.114600889,96128,0.4244366020000143,a8c284b2a35591beca716c57fd4f4d2458708be0647e0c78c8dcb6a294891fb4,e13adb135d903886a09f8ac0f52b86fd84ed3de5dc03286c359ab87c27aeafb9,569238,f2221deb444fb8110ed9dae5485ad7211ca4c4e668cf4c98a3993246ca0477b2,
games/pilot__finance3__148094548__0,pilot,finance3,148094548,0,2026-09-13T22:35:40.066501+00:00,2026-09-13T22:35:45.766831+00:00,True,True,719,217084.0,5.700350675000038,5.699932416999999,96568,0.4688428960000124,dc58b7f952e495a8dac8d4fd5408bf55b80a625a8c8c966b83b414675cf95d6e,2094b0c1f6d42f8a94eb29f45d0ed4afd18e0637253b380733a4e10d433d7fdb,648132,ff1631bf2d8bc29d19deda772d4704b8e2f6bc4f68c8742b3b7ae1367e952d1b,
games/pilot__finance3__148094548__1,pilot,finance3,148094548,1,2026-09-13T22:35:40.441400+00:00,2026-09-13T22:35:46.253035+00:00,True,True,719,208940.0,5.811655392000034,5.808599761,96128,0.4691666769999756,e588be9c38267d90c9e7df2a0edc8ff0ae6977b8b53930c83bc43f4e1430027b,932b4f99c9b1de7689743cb1b604210fe3d63e472239e469e58346940a74239a,623615,64487c8c334a75996db252de74edf10e2b7b5a3eb41b747957e197750cf126e7,
games/pilot__finance3__1580896166__0,pilot,finance3,1580896166,0,2026-09-13T22:35:25.028001+00:00,2026-09-13T22:35:30.210669+00:00,True,True,719,246818.0,5.182713849000038,5.176805915999999,95336,0.41363145700000814,9d4f517fbd20eb642b68f7321233cfc185c57c0f5698b7f453dd6d7c95369742,5ded2953cd0988b951d9200cb011aa27d5730e5428f5fb52068d2158a6018c28,638611,dac6a8c1b0630ea985f67bb878bfb81603445a255c957c40f6c505043cb96d51,
games/pilot__finance3__1743809225__1,pilot,finance3,1743809225,1,2026-09-13T22:35:25.028076+00:00,2026-09-13T22:35:29.945338+00:00,True,True,719,203160.0,4.917307649999998,4.916790435,95336,0.44709625400003006,3793c9bce6f92216394868d5fa903263018db3502e96f9341f5fad7de19b3910,087aeb963d3e8bcdae98d28e760ac0f6e9d20a3ef1c3c20f5e1388b0665e364f,621725,0c7fd3e79791052cd18fa6509164e2be415d5088aebd336b6ba1731fc60d2d64,
games/pilot__finance3__28576209__0,pilot,finance3,28576209,0,2026-09-13T22:35:45.771357+00:00,2026-09-13T22:35:50.426067+00:00,True,True,719,196108.0,4.65472805600001,4.654489131999998,96568,0.3116190730000312,b6f67d3243d4c814184a2fd69e6839fb45ba7fbcd96b5c68f0c2d53245def974,04540172ddafc211e8b8a673b2bd8b76115260ef4f07f370db45d0bdd547dbb9,652894,b75ead676f09dce58e0ae0ec64c069355562a634353d81104323daf0aabe882b,
games/pilot__finance3__28576209__1,pilot,finance3,28576209,1,2026-09-13T22:35:46.257762+00:00,2026-09-13T22:35:51.004301+00:00,True,True,719,196108.0,4.746557736,4.745580225999998,96128,0.31611062600001105,84fe7712886513f523ad8d611f3b1a922a7a8a1053d9f26b0c55077456a767f1,08e1a1495e641d0f2a87781b49c1a86388b79a7becd3e308fce7fcd9f7c68ad7,645815,5dada9b610ae273c9309548a2151c6331295b6850c4d3e0dd9e6762dd40f851f,
games/pilot__finance3__394509745__0,pilot,finance3,394509745,0,2026-09-13T22:35:50.430662+00:00,2026-09-13T22:36:16.943401+00:00,False,False,311,,,,,,,,,,Execution tool wall-time timeout terminated pilot process; surviving partial bytes retained. No game result inferred.
games/pilot__finance3__394509745__1,pilot,finance3,394509745,1,2026-09-13T22:35:51.009164+00:00,2026-09-13T22:36:16.970951+00:00,False,False,275,,,,,,,,,,Execution tool wall-time timeout terminated pilot process; surviving partial bytes retained. No game result inferred.
games/pilot_completion__finance3__28846738__0,pilot_completion,finance3,28846738,0,2026-09-13T22:36:23.087462+00:00,2026-09-13T22:36:27.907561+00:00,True,True,719,211316.0,4.820118282999999,4.819324191000001,95316,0.32877934800001185,6c5bffa44bb8e6c86db3aac61da95cf5cf55486daa298ae9bb1a02b76872adcf,345de5f84c66b2655fc49d89eb837b98b58d0d28de438936f02685f5883b0e03,654161,87780ccba20e19941c555fdb7924c46d0674b6470d7fabaad713fb58c2858a63,
games/pilot_completion__finance3__28846738__1,pilot_completion,finance3,28846738,1,2026-09-13T22:36:23.583398+00:00,2026-09-13T22:36:28.220016+00:00,True,True,719,211420.0,4.636638699999992,4.635113120000001,95416,0.31439903300002925,3e741f3e04ff17e9224058a386a305a9786162f22fe049e2c8bf0e671e10c405,9e417cc0633392952dcd8820af2b54a84fd13fc8aab897babd8eb27b354056ee,644189,dd55cc9958a777804eaf15d06178305aab7a35882b20840a74ed34c9919acca6,
games/pilot_completion__finance3__394509745__0,pilot_completion,finance3,394509745,0,2026-09-13T22:36:17.984649+00:00,2026-09-13T22:36:23.578446+00:00,True,True,719,188497.0,5.593847976999996,5.588297889000001,95316,0.4377799239999831,be6f51ee97997628bc4525d8f5cfa85bedea7b308373359865efcc7c648bdbfd,ccc03c613adea3bf4fe44df2026ce32681121f963e1d8ed1ed501ea44a86bfac,635745,47c338f614e2283cda09abea28adc7df5c0ebacdbbaf06b3d0ffba678bbf6c5b,
games/pilot_completion__finance3__394509745__1,pilot_completion,finance3,394509745,1,2026-09-13T22:36:17.984675+00:00,2026-09-13T22:36:23.081037+00:00,True,True,719,220245.0,5.096396986000002,5.085159907,94128,0.34898555399996667,68407de9b6f5e375b886f3db2751ddfd4a8a23fc26db8520ab61721914213da1,49b194feb3eb3d869316b7219b9b005f51e987a52046552b1194f765dc31bea6,662513,a26bd6acad07891a3614d5d8ff5ce209d16ca3eab3064eafcfcaf41cf2106aab,
games/pilot_completion__finance3__94002826__0,pilot_completion,finance3,94002826,0,2026-09-13T22:36:27.912374+00:00,2026-09-13T22:36:33.022577+00:00,True,True,719,201742.0,5.110219663000009,5.0897161230000005,96132,0.4177474759999882,9688e93c1d50161f0a385df08439b7b676e942e57134e92e0e3398dd715324de,ae734788c7747195d06142c0301eed4c2fb930d70871f1db13bea7c531cd575b,681150,3eb7ec0ea121ef58002954bd664ae746361e816e69108d5e71fafbc1d116b067,
games/pilot_completion__finance3__94002826__1,pilot_completion,finance3,94002826,1,2026-09-13T22:36:28.224650+00:00,2026-09-13T22:36:33.177532+00:00,True,True,719,201742.0,4.952902116000018,4.936231389,96056,0.40565305899997384,0cc07c3fac52d4fe874b479312a07a8e785d1be8672d1ffd369ecc0d41826b9c,257913becef21dab0d0a2d21db56e42b9d81bc1a7ea469d00f8b809069ca1d5f,675651,8d2e6ebfd864aa8bc2ecfbb1594c25714bb573d388133c7950abe1a979093d10,
games/smoke__baseline__1743809225__0,smoke,baseline,1743809225,0,2026-09-13T22:31:16.127096+00:00,2026-09-13T22:31:20.596194+00:00,True,True,719,215652.0,4.469132873999996,4.4686687339999995,94712,0.17375831000001085,52a8096030e984f4a0529bce62da331595023bb98f27872ce7b6e0c815ea14e0,a47d01069afc4d742d1b5f62694b47676f79c2090d016eaa64ce833f4fed4869,695242,0c41a22a5d4660e82787732d0d4b6bcfc6501fb2ae51b5dba6a41e8196137c55,
games/smoke__baseline__1743809225__1,smoke,baseline,1743809225,1,2026-09-13T22:31:16.127076+00:00,2026-09-13T22:31:20.719321+00:00,True,True,719,215724.0,4.592286866999984,4.583175051,94756,0.15308533099999977,f211e7727afe73da3b274ff963257cfa87a6d1fe8bc92233cd70aab132c75c28,0ebc0ce3bdc2c4e111e0926da345c021d7cd4579d25c63f7bcc1604a85f50db0,687791,914f823151e16e05a3add4b0bbc2f045f8c9a2be757933983097cefc65928dba,
games/validation__baseline__1064379825__0,validation,baseline,1064379825,0,2026-09-13T22:54:29.591789+00:00,2026-09-13T22:54:33.590943+00:00,True,True,719,218611.0,3.9991737880000073,3.998947678999997,99156,0.14529907299993283,9f8100a4a2c522ef57da93cfb1a21a5fb53399e93ecedd45ff597fb86adad552,833d8acdc8edb61a353b70bdec7542ae2bd78944a9b418e3f87d43adcbcf4c1d,721075,9881c801375fa59c1029bfc3f736bf4c507af12c516d75c0f69a8e1495a47e95,
games/validation__baseline__1064379825__1,validation,baseline,1064379825,1,2026-09-13T22:54:34.026385+00:00,2026-09-13T22:54:37.947578+00:00,True,True,719,218611.0,3.9212139700000535,3.9210300180000104,99600,0.14467705800007025,a05ae809b0f08e1634590a2ede2e33cb6a86e7ed3b4a85c6c5cc2fc0e497695c,703182ba85bc8533d92048eb5d856c9ac3ea4884716a0869aa01fd65f31724dd,704885,ffd2e8a2a68e8b48972553db6edc05ee781f3a016b267cab6d8cdd40d6642d01,
games/validation__baseline__1193452506__0,validation,baseline,1193452506,0,2026-09-13T22:54:10.452649+00:00,2026-09-13T22:54:14.378615+00:00,True,True,719,230256.0,3.9259881699999823,3.9257268150000044,99156,0.1467101680000269,1111be53194ffcdee2cd18bf6de85619b675b42ecdf82e012dee1ccc4af397f7,c169d583e796205c0c1dba14b6c41ca288b054ba780912ccfa4c4468d3b72634,682430,c2529e8d23063ad4f7e79701eb155ba93a07699d3657853b16a98c676fc40c73,
games/validation__baseline__1193452506__1,validation,baseline,1193452506,1,2026-09-13T22:54:15.499031+00:00,2026-09-13T22:54:19.366488+00:00,True,True,719,230256.0,3.8674739399998543,3.8672796790000064,99600,0.12786569700006112,46e9dfc65f332311b7ccca90986adc7314fa611ad2709d3fa38df2ae7231a2d0,115a938b1caeab10365cb8e160dc137734b33ad2e0e947784eaa18bf1c7efca6,671860,f367fefb18d708a4fb13f555a884e374ba59100f4cb8b3f88e2522252ed62545,
games/validation__baseline__1453383745__0,validation,baseline,1453383745,0,2026-09-13T22:54:38.671270+00:00,2026-09-13T22:54:42.597779+00:00,True,True,719,260463.0,3.926527950000036,3.9262903970000025,99412,0.14770855000006122,7f5a2a7b77d45331b8852320493221ce9c26a549393cf30e09ff38082ab61ef7,74d90e9faae24c777356ea24a6a4d6ed613980011b5191cb442e5ebba44b8953,707955,eb5cb5af52db49e1c8dfd2399d499ac63b7e6080fff2e510fe70d5f99c1cce47,
games/validation__baseline__1453383745__1,validation,baseline,1453383745,1,2026-09-13T22:54:42.982507+00:00,2026-09-13T22:54:46.858340+00:00,True,True,719,260726.0,3.8758557350001865,3.875684607000011,99600,0.1466230450000694,77c41d45ae976f274ad0085344b56a23952ea9ee17ce82e78ef0590b3fdace85,13713d40af9370d488ad80c37ba9cfc19a9194475e86d05eddfca2aa8c44361a,700231,f6f5f45dd795bb9ea3491aa5fe3448532b50fd22641999277bbe467f3b418505,
games/validation__baseline__1483881693__0,validation,baseline,1483881693,0,2026-09-13T22:52:57.662298+00:00,2026-09-13T22:53:01.439457+00:00,True,True,719,174309.0,3.7771787900001073,3.7769910519999996,98128,0.14941830899988418,70269f4609cffb86f3e4b0abb359784cab6eaf447ba28094df58fbc2a0ebf929,728cbdbf32cf7ad079903d800d30715f967a611f4c4fe18a8c2f83eb344a74aa,617515,720f99934b05e227551ce3dccdd01df6010744037c8141973e4cbaef9a6bfa68,
games/validation__baseline__1483881693__1,validation,baseline,1483881693,1,2026-09-13T22:53:02.278158+00:00,2026-09-13T22:53:06.319979+00:00,True,True,719,174309.0,4.0418422820000615,4.041676047999999,98212,0.1632970739999564,81f22a70d37da75ebeac776ff1c2224cdf0a8fd62b00df68b4613ee87531efa6,e0737a8501469cc69a72f65a1c75a945110cc71a03764abf44c838bda200945b,615795,26c2d793e932e02da15587c00928efc6c5c89cd1d6b2b3d63d747ab8e53626ff,
games/validation__baseline__1484302148__0,validation,baseline,1484302148,0,2026-09-13T22:54:19.736301+00:00,2026-09-13T22:54:23.744650+00:00,True,True,719,229068.0,4.008368881000024,4.007922969000006,99156,0.1806913739999345,985227114827b2a553a70a80d69b1d79ac45f0b80328389b54b159b2cc3e34bb,fd44a723f13d78565a764064dea3cbe0a17cbe40ca36da335d10a02d89414b4d,623646,0ab446dc5034ac253939f828bfd9933033094d3918b2f5497223810a19c95c49,
games/validation__baseline__1484302148__1,validation,baseline,1484302148,1,2026-09-13T22:54:25.318617+00:00,2026-09-13T22:54:29.127829+00:00,True,True,719,226544.0,3.809233739000092,3.8090570479999997,99600,0.13592297300010614,ef83853af3ae2e480d1414b9e93d1af809c07b0636a2e0a66e1917ce0b5ad433,70e7b41025c6b3aab737b2d461f4d1591ba240b2d6d47c764388e47b462def18,617854,daa1bb8715da471ae703f27dcfc3c8331b8a5bc6413baf956e75006e1d17778d,
games/validation__baseline__148469514__0,validation,baseline,148469514,0,2026-09-13T22:52:39.874404+00:00,2026-09-13T22:52:43.571804+00:00,True,True,719,186723.0,3.69742016400005,3.6972604969999985,97204,0.1746068820000346,3139a328976c7c7c928ede6fa7a5ce2ba787b7a03704ba5ba77f6f73bd82e605,14895e40ccdadefe543416d23eeff1b224ba1a7bdad10dab9c12d777037d4709,626976,4c175613ad4d42e838b4d30f0349eae148f848b19439a16f0b32578cf627d4df,
games/validation__baseline__148469514__1,validation,baseline,148469514,1,2026-09-13T22:52:44.737623+00:00,2026-09-13T22:52:48.522088+00:00,True,True,719,177553.0,3.784485282000105,3.784290868000003,97656,0.17374231200005852,c693003b96e519dfa9ca4565bcde1b3b1f3db046a13a5ffe177a9e553fd19f6b,53bfb61acf457da31832d62c19e7fa3c47c06991afed687642cd25198bbbde54,642227,c5bb3b13c5ba4462a2abe95aa5d69e1d0fd881c2bd61254461bae2736de54986,
games/validation__baseline__151191614__0,validation,baseline,151191614,0,2026-09-13T22:53:06.548306+00:00,2026-09-13T22:53:10.360787+00:00,True,True,719,221898.0,3.8125016889998733,3.812334853000003,98264,0.16953914999999142,ec5922280ee232d18192cda1c32feae82e649679016905dc30c61b0e37088a6a,1911a1eb279672eacf1b87807b07be8327551b1abfa717defb308e1bf5ba945d,661019,9e5b3130902c72e99d586ddd74a9b39e8b907c0ef490ecd813d7fb68d9a84ccc,
games/validation__baseline__151191614__1,validation,baseline,151191614,1,2026-09-13T22:53:11.383575+00:00,2026-09-13T22:53:15.047536+00:00,True,True,719,183456.0,3.6639830090000487,3.6638223859999997,98420,0.17043648699996083,f134a2ee0166efa46cf6a3bb6dee1b49ff0341e14af142f0f59a56f7b622300a,ab49f1ff015b21b72af44972c136f6ad1efd2afd67e2268ed92708e04e96b32c,681746,7834d1d154d32b62e9ca5173643f2ac76233fbdc366ded69378fc1f34c569bbd,
games/validation__baseline__161517953__0,validation,baseline,161517953,0,2026-09-13T22:53:33.883302+00:00,2026-09-13T22:53:37.852546+00:00,True,True,719,254295.0,3.9692629910000505,3.9690320569999926,99100,0.16365916200015818,af63e540fbf0240c0186ecf82b824818e55d543aa93f63ec57c938d8cb20ed9b,a2c6d5b6ed20ca80322dd610109239843a04f12612cc3c7c8ce6735acb0d48ae,721992,8239f55619b05794fae9bfbf46f4d466a648247c471d59dad2a1795805397fa8,
games/validation__baseline__161517953__1,validation,baseline,161517953,1,2026-09-13T22:53:38.829315+00:00,2026-09-13T22:53:42.741213+00:00,True,True,719,259867.0,3.91191714699994,3.911758320000004,99468,0.15460171099994113,d65233aa9bf9da94ae358e979070564a7a25547fd7b2834710705b05a557ebbb,12af8697cca0cb7d194220a970855b5b351a51d8b1309834371515c0a73553cf,711889,1174c00bbf808cd357f66e89aa1cbf72e196d4f54d7277b7c4b025cf6b4ab2a6,
games/validation__baseline__1788167253__0,validation,baseline,1788167253,0,2026-09-13T22:52:21.534507+00:00,2026-09-13T22:52:25.306243+00:00,True,True,719,193758.0,3.7717670060001183,3.757088995,94668,0.16244909200008806,5204e88a3febefa3bef101030ba893aae6ffbea1d546bb01ff406097f0d8e9a5,4a7027308792246b91d520fd9591eac41480618d5aaf5b7661d83b26cc43d377,711395,c4a3f69b33c0c4d079f2118af3deddd7e30de9bc74d923457415e86ebc40f0d9,
games/validation__baseline__1788167253__1,validation,baseline,1788167253,1,2026-09-13T22:52:26.927189+00:00,2026-09-13T22:52:30.834884+00:00,True,True,719,193758.0,3.9077175379998152,3.904755443000001,96408,0.165382075000025,80605c351c709d5ddff7f6080d6c58ad730a255edf5e8a98124f3c7ed6b95aaf,f5d73aa454ad9c88893e9fcb7758a3247bba9d64fd4e8ca66776dd9b72d0a578,703112,fae1dfa75b0593eee33a7328a2213784237210a29b6cd7d2bc69b2455bea2ac2,
games/validation__baseline__1864953848__0,validation,baseline,1864953848,0,2026-09-13T22:53:25.071663+00:00,2026-09-13T22:53:28.670403+00:00,True,True,719,199733.0,3.5987827090000337,3.597635609000001,98708,0.1411744090000866,b0943df53a0950b8ef3ed2913faff5efd41af81f2d5c55be644203aca116e38e,409e0b63d1e8d8d68a4e7c53de3ce8e5c75ebf9d9026c439484f31e950d57409,673645,3e960b6567e0313e34e3d4f7b68500bf21c1b7e66054ffda7023a1627047cbd6,
games/validation__baseline__1864953848__1,validation,baseline,1864953848,1,2026-09-13T22:53:29.672976+00:00,2026-09-13T22:53:33.245104+00:00,True,True,719,199733.0,3.5721478229997956,3.5720305390000107,99028,0.14154057299992928,907a6accadb0ec2b06028f6f06becae6f453ff4c06902f3ddce000b5cc05f748,a78c56d0101421f829ebf892d3003265e5e6da0b127eb3b98397a03638b64e1b,667791,36e4b1c86cb7b3bda854b263a15008d42861d4c3678e748c3fef80a89bd82174,
games/validation__baseline__1889234396__0,validation,baseline,1889234396,0,2026-09-13T22:52:30.841018+00:00,2026-09-13T22:52:34.743508+00:00,True,True,719,233867.0,3.9025121239999407,3.901322147,96820,0.14255493199993907,0f36ac6576f7bbf7e5ca440b2e97e61c65cfbb63a3e23d359dc1e4419c7a49e8,522cbb8bb4bf85a89cf5f585b37d35f02674f807b159df3c0d94122a3d5590f8,717330,44ecb6fb6880cf43815b5c4c1f6fa19d4869d55aa37de6edbb6fa94970e71def,
games/validation__baseline__1889234396__1,validation,baseline,1889234396,1,2026-09-13T22:52:35.808349+00:00,2026-09-13T22:52:39.708486+00:00,True,True,719,249773.0,3.9001578419999987,3.8999461689999997,97396,0.15273408600000948,5d48538db230a08a1d63a4273fb79e5bc0de7eb19ed2be7ecff478cb9b679259,d18824367b15a1a9dbe622c25bf4e4597789757f4ef5548bed337df93e500449,716384,6228a5afb8d08cef56ded0e018cbe9f1df18e84ed268d889a83f6d2ec4461f35,
games/validation__baseline__231131086__0,validation,baseline,231131086,0,2026-09-13T22:53:15.416146+00:00,2026-09-13T22:53:19.482354+00:00,True,True,719,259493.0,4.066226750999931,4.065999372,98372,0.18263789000002362,ff790e2f2947638fa459726967101169ae0ae93891b5dda718e814e78f3c2049,c0e4445d579c0005615e8321fd03d8b77622accdfc5a57aa4c895b4e5ec75b3c,701293,89cf3d1b6bad4182883bd2a95669d12554339781888cf9fbcad405303b0f039d,
games/validation__baseline__231131086__1,validation,baseline,231131086,1,2026-09-13T22:53:20.407152+00:00,2026-09-13T22:53:24.515510+00:00,True,True,719,259493.0,4.10837932000004,4.108181068,99028,0.14994163000005756,cd9fd2a6f302bc1b12183efe045f70da11220d6371770b270cf7dd773368d561,0e1fe4ce8bdc9eb0f25b2d4906b008c99e6e273b3df93860b83025a6618dd54c,690156,873579d7c37879b72a1581f4c3a4a9ff33fbe65564a79a70eeb799f05ee48614,
games/validation__baseline__509406543__0,validation,baseline,509406543,0,2026-09-13T22:52:48.688124+00:00,2026-09-13T22:52:52.287465+00:00,True,True,719,163338.0,3.599361548999923,3.5977343029999993,98092,0.15385373499998423,2edcc82e84584801253e7a6d4ef33731429b3e08d2af8f682cbea89a80ab159a,33c05111c5f4ad5a981d72ec6b74723886a4a4a7fe9b126b086cd8fe04a6328a,590771,4dd37b5fa79f5251a2b5e4c37b26c02a41f6b23f68cd76b31725dd8ab4367c5d,
games/validation__baseline__509406543__1,validation,baseline,509406543,1,2026-09-13T22:52:53.706812+00:00,2026-09-13T22:52:57.657043+00:00,True,True,719,241992.0,3.950251089000176,3.949978727999998,97956,0.16859357500015903,585153b3fa296bcc880c3353fefd2158f30a9c71eaaf86c4232dc34556e0eade,90c3df9bc7fe81fa13d78bce9fecfbfa4789268b8b0ceb84ceac1ed9a4e68f7c,728527,1e618c691fc3ee9a429793e5d9569cb1bd9ee64892354425b332182aeec8500e,
games/validation__baseline__606141023__0,validation,baseline,606141023,0,2026-09-13T22:53:52.280018+00:00,2026-09-13T22:53:56.227232+00:00,True,True,719,233219.0,3.9472333480000543,3.9469941370000043,99132,0.15909440499990524,eb64be2af7b48ce2ebf8115610016c1c7db13d6e493a04a555e2171db52a356b,dc2a42d3d28b40736909ed369543a43cb41beaca50b04999a5e7e47ebe332886,714053,42a547e1622c06f1d959d36782d9a36ee8e49d77a603fe633d809e0691162af5,
games/validation__baseline__606141023__1,validation,baseline,606141023,1,2026-09-13T22:53:57.121685+00:00,2026-09-13T22:54:01.096101+00:00,True,True,719,222606.0,3.9744381059999796,3.974237310999996,99600,0.15893539700005022,772fac613eeaecbd820bca1569ccfc860e478938d7e4d80c9a5ccb0cc4a863c3,c2703f2530c5f3b7f8ebf0e3fa21bb1219a2cbb882ca19d21cb10055213b062a,659432,e0bf9df4ea52b7702625263e31979b8df0d4b842b8b8e0397543f6fe6f7e3a5d,
games/validation__baseline__751775844__0,validation,baseline,751775844,0,2026-09-13T22:54:01.731070+00:00,2026-09-13T22:54:05.482951+00:00,True,True,719,166354.0,3.7519015010000203,3.7516331019999996,99132,0.13767619899999772,ac732dde00b5202c7244071b0e126d180f0fdf588c0e6b2e5d96ca9df242cc72,97884bc128799326c10ed5581829e6e291784e8268bcd899d984ee37ba3519d8,646464,78efa8922315b83b2ce5e3e553375b06cbc9924ece8b4a607699fc54d93ffa3a,
games/validation__baseline__751775844__1,validation,baseline,751775844,1,2026-09-13T22:54:06.298816+00:00,2026-09-13T22:54:10.082843+00:00,True,True,719,165852.0,3.784046707999778,3.783804003,99600,0.13197512700003244,24e99ad77c16741bbc17ede53be07c969dd0d8092e44c31c19d88ab795415632,37695cc3f1a1182d49bf7da21d37d00e25028ed0ba57e73245d64d1ded591a78,633544,69467087a508da824dc9cc7d3646e9542bfb337f7a97fa8663591582f789061e,
games/validation__baseline__895898075__0,validation,baseline,895898075,0,2026-09-13T22:53:43.310162+00:00,2026-09-13T22:53:47.140775+00:00,True,True,719,170728.0,3.830634246000045,3.830312627000012,99132,0.1760207410000021,7046cf739e14e377bb15237ccc14ed9cd33e58ae22fc4829217be8088d170472,b49c7faf474752b6567e8a67522ecb605632bbd555e146c9c04da2ba9902f0ac,593644,36b44261190c4511efa30d71ce6595dcf0bff8fd4350c8aac4c64e4be29702eb,
games/validation__baseline__895898075__1,validation,baseline,895898075,1,2026-09-13T22:53:47.838520+00:00,2026-09-13T22:53:51.607509+00:00,True,True,719,169151.0,3.7690095529999326,3.768850260999997,99600,0.1722490669999388,8a6a5eba625a8d6ad59a637b7f12882dbe8c1d451cf3b057b8387406c3ea647c,9d96998dd4b9dbedf432d1bab690ba42a048831dee0987520c60f96a0d2cee10,590524,388ff2f217b5d2052e5e93312b31bac330514559ce1f3338b24b85ec993901fb,
games/validation__final__1064379825__0,validation,final,1064379825,0,2026-09-13T22:54:29.133242+00:00,2026-09-13T22:54:34.021473+00:00,True,True,719,215119.0,4.888250706999997,4.886814543,99600,0.3174695270001848,322c78f2bd8477b6b1b1c16a2a8faa2ad683c6a2db90b400ee6fdbb3e84951ea,4e68013e198f1ecc6e2747431cc714ff54124384400b783b05f529ec9b8d0188,702899,b27bcad50c4aa0a6a55e7c5ac985206f5ecb007f9630a151f9d052492b5824e5,
games/validation__final__1064379825__1,validation,final,1064379825,1,2026-09-13T22:54:33.595503+00:00,2026-09-13T22:54:38.666461+00:00,True,True,719,183043.0,5.070977059999905,5.070573453999998,99156,0.3074505419999696,b8690f40bb3838ede17b339bbf930903c6cf0f65f596de59529a116de6e90956,cc8461916b4b858c416b9029763e33401559385f950c2efa432aad96009885c3,616524,484d25ca7aa311da3a74c616769108ac3f6a375794b9d33d9b22c4a230f57075,
games/validation__final__1193452506__0,validation,final,1193452506,0,2026-09-13T22:54:10.087993+00:00,2026-09-13T22:54:15.494118+00:00,True,True,719,221692.0,5.406144476000009,5.405820387999995,99600,0.4000709839999672,90fd70629255763c043ae4d9420ef24bc9e2b68d26fef99bad1a5b66c7f70872,f19b2f2187681a745e906bf1cbeeecd371d2e6c542c8d3da93f7a54d19ba480c,632511,be5f0cea21205bcca070f70b6468ed8ff658add251e3f84a39c491e6b25b742d,
games/validation__final__1193452506__1,validation,final,1193452506,1,2026-09-13T22:54:14.383420+00:00,2026-09-13T22:54:19.729600+00:00,True,True,719,211170.0,5.346204271000033,5.345853399000006,99156,0.40821358300013344,f8cc7315c7780b14cd4b73d4fb460290e5feb4806d8149e3bf2dfd8e6de01a0b,b9f1c55a899cc4a4b07ab0c7ed0cb47f2b31a21c628a0a97522fe32691f7294c,621538,80fb8b0c22ad100d96513675d3640fa7ad8936cbfb74b7b78010e357fc67fc48,
games/validation__final__1453383745__0,validation,final,1453383745,0,2026-09-13T22:54:37.952224+00:00,2026-09-13T22:54:42.974822+00:00,True,True,719,191863.0,5.022622933000093,5.02239019999999,99600,0.34287840700017114,77bef071b0f94c92512be44e950101b57d45713034ebe428b209bee85bd0955f,3934bef5012916400a5c7f80bcb95e71fb8acb13863746b5419e6de07c178b2b,631708,27d1f7a4e212b5969c6a515fec011fe31be1f4b4bb5133a367683fcaae7eb19b,
games/validation__final__1453383745__1,validation,final,1453383745,1,2026-09-13T22:54:42.602453+00:00,2026-09-13T22:54:47.832162+00:00,True,True,719,196040.0,5.229729189999944,5.229450874999998,99412,0.3651151710000704,691161f4bfdfb3eee580c4e3968029ff45850ef78dbc8277d32cafc78045340c,7448f1b59ca029c2ec9c6c1373f80a06bb0b3fb51d3b0ed23cb24974306e2e2a,634556,7a557eea0dda483d4e0c4723618930e5089f498eb82a098c9eeacdf3c581a1ad,
games/validation__final__1483881693__0,validation,final,1483881693,0,2026-09-13T22:52:57.195025+00:00,2026-09-13T22:53:02.272644+00:00,True,True,719,187003.0,5.077639145000148,5.077430600999996,98092,0.3590355210001235,ecbbf846a0445328d0a195b3a8605ffd2b93dc0937ab37745c7f59c35cd229fb,427f98e1834d4a35da5cf9fb27bbeb0ff5651a845ced59c8bd89f6fc88b87691,583594,db922fd331a0bda117e76ccab82e4880053cc31329992ee5d91afe18c6e38778,
games/validation__final__1483881693__1,validation,final,1483881693,1,2026-09-13T22:53:01.444295+00:00,2026-09-13T22:53:06.543515+00:00,True,True,719,192897.0,5.0992427369999405,5.098990772999997,98264,0.4522803830000157,d5db6e4c4076e5b47305c7934652a3f0d1e3243cc23ed0c78788d6ad67dd7d4d,923795a039968149ab2d9f5b39336dbc661932552a74266264a59f2da59b8425,607012,3bf44c56638cb690253bfa6f23479b46830ad75ecb5f6a95cd433aeb8badc669,
games/validation__final__1484302148__0,validation,final,1484302148,0,2026-09-13T22:54:19.371578+00:00,2026-09-13T22:54:25.313552+00:00,True,True,719,199193.0,5.941992792000065,5.941891476000009,99600,0.44446342300011565,56e0796b65ff439adac68fedb5529812d9915e06bb43da6a19b307187950bf38,592f1d50f98976c6da4af714daee8660ebb681e91f30347505be4bf3dd523bee,610629,cd859e4741558248379745c2c7c5ba7467b71167a35768dd390ef6fe31df9cd9,
games/validation__final__1484302148__1,validation,final,1484302148,1,2026-09-13T22:54:23.749386+00:00,2026-09-13T22:54:29.585577+00:00,True,True,719,199193.0,5.836211836000075,5.8351822530000135,99156,0.43244932099992184,945c1693f5849024ce7ff6b8d02796310e72fa9370a837301c7b15c29d805ea1,0673318bbd401f3f9d09bbee78029dda6334e1058f8d4f0a5837603fcedfec5d,604370,7e2696dc39cd8447fee19a18ba92a461b3b41887465708a8364ac3883219e664,
games/validation__final__148469514__0,validation,final,148469514,0,2026-09-13T22:52:39.713214+00:00,2026-09-13T22:52:44.731993+00:00,True,True,719,227504.0,5.018797619999987,5.018536188000002,97636,0.42828877399983867,d3b658fc8917852774010c68b89fdfee5f7a22967f7e5dda6bedf35fdaf61082,4e65c5cf96e98c7f2e77987fb4e9e70c2cf168b5027cf74a5c06f37d2f809ed2,590862,c3c140e6686e6bf930e60f9d851924a930143aa3e47765ce7c015073937127c4,
games/validation__final__148469514__1,validation,final,148469514,1,2026-09-13T22:52:43.576386+00:00,2026-09-13T22:52:48.682979+00:00,True,True,719,224112.0,5.106614457999967,5.1064124610000015,97828,0.399157323000054,eed1dda60522e516c1e0d0145a519af7f58dd1be84ccd095ddc0593ab587e375,8ef6e9b2ce4c1e0f81c391a902ee83df676af80cb4cceb46b48e7516df5d41dc,628475,2e09696119e59aaeabcd7498e1046b61ca9365b63d26bf977b933da3f4fe127c,
games/validation__final__151191614__0,validation,final,151191614,0,2026-09-13T22:53:06.324601+00:00,2026-09-13T22:53:11.377609+00:00,True,True,719,179905.0,5.05302747099995,5.052839616,98376,0.3740084549999665,c65692b656d69788d316ce414a1234f3f87c052dcf94c7e3148e12f5403f5972,6f01a2af1242a52928c10db751bdb13b594e8f25d002bb3f3fd5da7bc7d7bf69,676005,9bc900baf1efd3f685a25126b80f6097d1e5a51634061b852d2a3ff87f592f0f,
games/validation__final__151191614__1,validation,final,151191614,1,2026-09-13T22:53:10.366041+00:00,2026-09-13T22:53:15.411249+00:00,True,True,719,202131.0,5.045227885000031,5.044982439999998,98364,0.4062949379999736,b5ac6b4c0e1ef4e478bc15635f1c6e2e44c2bd9fb1b7c824e66defa4eed1b101,dbd8ead54fe2b0c7a998b321823418a183969777dee0f708b2897c6c2a7d62b4,601770,718fcc0cf02053738feb27095b9adf8fa1d562597937c88fd95bf2287fea2126,
games/validation__final__161517953__0,validation,final,161517953,0,2026-09-13T22:53:33.249756+00:00,2026-09-13T22:53:38.824118+00:00,True,True,719,177685.0,5.5743811659999665,5.572945446999995,99320,0.4455855789999532,4817979b16a61e71982b0ac832a92d06187c07bdbe51f357933797d6ea4221a9,b955ae9ffaf22847333c23da627676b369205373e95a2de0bc21df217c743ee7,580877,39950fc83e983e7f607e2a69cfddc99e8412d8004890e6349e22af072fce3830,
games/validation__final__161517953__1,validation,final,161517953,1,2026-09-13T22:53:37.857867+00:00,2026-09-13T22:53:43.304643+00:00,True,True,719,175701.0,5.44679542300014,5.446535224999991,99120,0.41577733799999805,b76b7cf0ee3a9b067c5e5d2d49c1dfed5a5cf7ef5a4cf8967b634ca403d0f121,2bbd3403474e83aef6e76da6e571f092848f14346f43d0cebca4cd8fcb03482f,573723,501e350e3a4bb6266e68a822d926ef9b0fe556ce136f92aa09847004683ad7f5,
games/validation__final__1788167253__0,validation,final,1788167253,0,2026-09-13T22:52:21.534480+00:00,2026-09-13T22:52:26.921676+00:00,True,True,719,249732.0,5.387232800999982,5.372239511,94728,0.4104665479999312,b0530fe4d7816cbc34f6cd6790641b11207655aa2e3bdf9d7ac7edd323a57f1d,a5f38de994e74c5c2dca0beb54efe42c9780b23d640498c9706d832ffef85fa9,683129,510ff73da9d1e7a169f602af899fe349056f881d3f14c8be42c936fcf8cf163f,
games/validation__final__1788167253__1,validation,final,1788167253,1,2026-09-13T22:52:25.311324+00:00,2026-09-13T22:52:30.661183+00:00,True,True,719,251025.0,5.34987784000009,5.346944968999999,96544,0.4496251860000484,96227647895705eff3de62618a6d603dfc4dbfda4bc75eaa73db822a9bdf481a,45624b76a759672a0eba6aa99ea1ea3fdcf8666edc697b52df1c25973f1d28de,678184,230c930dfade34701856cb3adedb5770fdeeb1503a1bc122143cefa9505e718b,
games/validation__final__1864953848__0,validation,final,1864953848,0,2026-09-13T22:53:24.520620+00:00,2026-09-13T22:53:29.667336+00:00,True,True,719,221835.0,5.1467355550000775,5.146516976999997,99028,0.3958481899999242,47c03dac37773a4206b62f11aae257d5712e0bb1070a2083c519f894c8175f50,9a21fb59ea6c693deb06b7acc9aa6a374fec388bc80fc3b9a32287e85f5eb8c0,642692,e7bbfd1667fb86ae2e27074d7d2ab4abfcb3f576b42852aa0db64801ca9ca80e,
games/validation__final__1864953848__1,validation,final,1864953848,1,2026-09-13T22:53:28.675206+00:00,2026-09-13T22:53:33.878487+00:00,True,True,719,221835.0,5.2033027830000265,5.203050768000011,99100,0.398393102,6083f71e7c9b540563b6a6f82901499ca6e357762fa8050b801e97f143c31497,ef06197989dfbcff7250f9f4c94286a923d87cad634000eefae97994d2b25fdc,637328,cff726debf9de93cd49cc9a990ffdcb8f1b41b3b0a86823a4d9d02a82252f7f4,
games/validation__final__1889234396__0,validation,final,1889234396,0,2026-09-13T22:52:30.667790+00:00,2026-09-13T22:52:35.803398+00:00,True,True,719,203952.0,5.1356265780000285,5.134986875999999,96544,0.32740866699987237,572684ce0cba389c0c44bc0daf09c1b83d8ececff22a2c1dd76647de0e50ca47,6b77e18ffb62dc93bcdb4cb2b7a6bd8ed90d52efac2b43779206de1e803226cf,615341,5e1c95c2f49ab33a443accf9dfb45071848d00ae6837738797104abf04a75296,
games/validation__final__1889234396__1,validation,final,1889234396,1,2026-09-13T22:52:34.750814+00:00,2026-09-13T22:52:39.869511+00:00,True,True,719,180631.0,5.118719711999802,5.117832345,96820,0.35831726700007493,3d67ceaca85497a4b9b02e32472ae3b25adc20644ab4bc05d8fa67de480daef9,782767d91903fc05960c385422a4986f24978a9eae798f6c5f6f155c16d207fe,583046,18dbf2c1526189e7d2f1f3acc2686fc76015d47292aeddd9387c1aa3f49a2a43,
games/validation__final__231131086__0,validation,final,231131086,0,2026-09-13T22:53:15.052313+00:00,2026-09-13T22:53:20.402015+00:00,True,True,719,161937.0,5.3497222930000135,5.349483987999996,98420,0.3745374490001723,4990a714643163c5609532c40b2d0168266d9416a928dd33302cacb7f25f0cfb,1374fab19da7393af5613c2afdcc80ce7e6af664aa15dadb75a2ca61619c1bbf,575952,f298a754a0cd1643b9e1fcb5a46414c8e1e2545e5e62505e75298ae6ef68a1a2,
games/validation__final__231131086__1,validation,final,231131086,1,2026-09-13T22:53:19.487082+00:00,2026-09-13T22:53:25.066705+00:00,True,True,719,216257.0,5.579641771999832,5.578764849000002,98704,0.43431629899987456,b6b4068612303d98806575fde0540cda8c62c059753b09e5a35d0d0262c67439,e46685287c0ddad66f1e73c20e19c09701c5afcd5a76108f35310e4a61abc918,625808,1962e2bbaa506b429793f9978fbccedaf679a31056d701db7ebeedf69ac2b012,
games/validation__final__509406543__0,validation,final,509406543,0,2026-09-13T22:52:48.526746+00:00,2026-09-13T22:52:53.701858+00:00,True,True,719,214670.0,5.175131229000044,5.173796808999999,97792,0.4218364119999478,9a2fb6f441d00f80da2cd770520c327ed987b951cc3b40cd9da926e981ffb944,ea7af9d2a5e5e3999b40b79ee8da17c09a1f37f9b4ac641b66582dcf2ccd464e,643469,bd8af52f9df8450b7b4ab9a8d91ed0ec88c6da3f1c6c4d41025483ea125dd39e,
games/validation__final__509406543__1,validation,final,509406543,1,2026-09-13T22:52:52.292272+00:00,2026-09-13T22:52:57.189727+00:00,True,True,719,216942.0,4.89747664000015,4.897242108,98092,0.4038277279998965,081be78d3ea9211d0c417aecb1d5730176d9ef68657883ca08297e2dbc95788f,4878a41d4383551789a672ee0da6240b202582729ad46c348258e1a6b6fca383,654607,fd4ef2b25f2f88a249cda7780d9d181c73a4eeec82b994c4f10838ef37d71f79,
games/validation__final__606141023__0,validation,final,606141023,0,2026-09-13T22:53:51.612145+00:00,2026-09-13T22:53:57.065219+00:00,True,True,719,244399.0,5.453092705000017,5.4527747280000085,99600,0.41051915399998506,447d52854daebfddb0bd140c190577c5bd30877959e301d6f89e5e2b39bf1b88,f7d22cc48be81aa0d6bea9b1ee58ced287643500c189b898e1babbb4ba77693a,655827,2908dca69d31212d7d97992993d46735a4648ba975e90100eb51f1772c7c6d79,
games/validation__final__606141023__1,validation,final,606141023,1,2026-09-13T22:53:56.232210+00:00,2026-09-13T22:54:01.726271+00:00,True,True,719,244399.0,5.494078609000098,5.493677872000006,99132,0.4141542639999898,d423aa86aeb35ca3286d52362bb28b19508008c95a3cdb4d0d60d16ca1998aff,e608f04fa246313121229ce9f5b6e5437bd66453f70f7289a27472a8a02c65ef,643954,0ee2c5524c16541066101b06388e5feddf703509a05ac8716c8e7977b28d3960,
games/validation__final__751775844__0,validation,final,751775844,0,2026-09-13T22:54:01.100759+00:00,2026-09-13T22:54:06.294028+00:00,True,True,719,162801.0,5.193288180000081,5.192944811000004,99600,0.4178688050001256,303d3a0e4be77b103ecd9ba3feb7e6a03584f5110f05904003f52c8a35f4b1a1,25fca2a3da3d826bf3f576e51d69d1f6c98a0b4a6b378b395846f12a59287032,621992,c014fe07d731a9f91d47c4f4ed6cfd3532d99dfb517622fb800312d645adcfb0,
games/validation__final__751775844__1,validation,final,751775844,1,2026-09-13T22:54:05.487968+00:00,2026-09-13T22:54:10.447321+00:00,True,True,719,162148.0,4.959374187999856,4.958995788999999,99156,0.4136623609999788,b6550d5d8b908d4541808104aea0408251c2bdde5823856a3d884057427bd9e8,2d68825c29f023f56f7824f663fe6cd5f28badf0cf18859eb09f590b8a91c833,618713,d45179f696a020aec232837ede86c37d6fc9fcbc7986f73a33e73961c0217633,
games/validation__final__895898075__0,validation,final,895898075,0,2026-09-13T22:53:42.745866+00:00,2026-09-13T22:53:47.833189+00:00,True,True,719,203360.0,5.087343359999977,5.087023004000002,99600,0.38708151300011195,da3cf763df41b2c23f6a7ee0b1664fd01969b5ad34e320bb9ffa6494ff0b2298,451f01567c3a138a586af8797f96d3502eea695eda1ce96e18ca78cf284595d8,619187,d2ce5a35ee334e38d14e745475360df92d18deae2f35c3c5b1cf8226d9f8d067,
games/validation__final__895898075__1,validation,final,895898075,1,2026-09-13T22:53:47.145437+00:00,2026-09-13T22:53:52.275120+00:00,True,True,719,205065.0,5.12970290599992,5.129093216000001,99132,0.3851147160000892,76693b0492b59af36a122bfada7a778120f7354429352c00559ca0cf52e7051f,30c2b4140302df09653caedc21abba777d8ebe040781d142d8a58fe47ef7e593,619771,d8e0cea35b0eb6cd1a9a233121312049e6940ea1a409f6cd06caec3df6871417,
