experiment,seed,seat,status,valid,steps,own_cash,opponent_cash,seconds,max_rss_kib,source_id,action_sha256,replay,replay_sha256,error
author_validation,76797801,0,COMPLETE,True,719,195802.0,3000.0,4.4222319680000055,97540,4b1c2bc7f2da52429ab1d734a048108b50dd84e3a9c05d12d0a832b398ecb365,ffc1e329eac2ec2f4ee4be77a3b18bd00faa7833b3cfed9c69e534ee906fe225,games/game_014_seed76797801_seat0.replay.jsonl.gz,240fff6c0f83d0d0d804a383da653c58f12d0e1ae719d785e8fbb5f3a9c6e100,
author_validation,76797801,1,COMPLETE,True,719,195802.0,3000.0,4.344140315000004,97540,4b1c2bc7f2da52429ab1d734a048108b50dd84e3a9c05d12d0a832b398ecb365,ffc1e329eac2ec2f4ee4be77a3b18bd00faa7833b3cfed9c69e534ee906fe225,games/game_015_seed76797801_seat1.replay.jsonl.gz,b37ca637404f450ce7baff69286f5a527e4ef8b3990cd8b462dcd28f730b1cc0,
author_validation,113710341,0,COMPLETE,True,719,177198.0,3000.0,4.319946158999983,98088,4b1c2bc7f2da52429ab1d734a048108b50dd84e3a9c05d12d0a832b398ecb365,1243488ef9430458d5f3634da3e0888d75521422eae7f62ee3256b7253e07c8c,games/game_026_seed113710341_seat0.replay.jsonl.gz,8e709a0da025f6d6862d08f1031a25ca10da7c692185b2b9f4847b11d46e35b5,
author_validation,113710341,1,COMPLETE,True,719,183281.0,3000.0,4.480506902999878,98344,4b1c2bc7f2da52429ab1d734a048108b50dd84e3a9c05d12d0a832b398ecb365,25caec68282f250e2d06fb25fcd1fdcf2c950309940f892439a9b0944be3946f,games/game_027_seed113710341_seat1.replay.jsonl.gz,126fddbf7e4e0529ee45035a8566dfbeb557abd43afd487daebda14672b0c6c8,
author_validation,273156459,0,COMPLETE,True,719,179905.0,3000.0,4.1833957030000875,97484,4b1c2bc7f2da52429ab1d734a048108b50dd84e3a9c05d12d0a832b398ecb365,4da1a96456d2a1f0a65b6656b17d4cc8fa8781d11b4255ebcabb3979ff6bac2a,games/game_012_seed273156459_seat0.replay.jsonl.gz,ff3dedfbcb10ad2aa051323260463b0b4cf5a633b5b515b8ee2a7b91ac0161bf,
author_validation,273156459,1,COMPLETE,True,719,179905.0,3000.0,4.213522670999964,97540,4b1c2bc7f2da52429ab1d734a048108b50dd84e3a9c05d12d0a832b398ecb365,4da1a96456d2a1f0a65b6656b17d4cc8fa8781d11b4255ebcabb3979ff6bac2a,games/game_013_seed273156459_seat1.replay.jsonl.gz,f828b11b97927d31f47486a1dbc393765b748e770304ec1fafc16ba49cf2d753,
author_validation,609702205,0,COMPLETE,True,719,218068.0,3000.0,4.396922438000047,97844,4b1c2bc7f2da52429ab1d734a048108b50dd84e3a9c05d12d0a832b398ecb365,c292fe165668953656f3b6eef0ac4a51f3f11815f966a690b62e7d0dcd23e2c5,games/game_022_seed609702205_seat0.replay.jsonl.gz,fe39c61b40d8a6670899dd1ec0c72a1e7410ef5f502839e7e6a0f5b867ff0eef,
author_validation,609702205,1,COMPLETE,True,719,210589.0,3000.0,4.477330232999975,97900,4b1c2bc7f2da52429ab1d734a048108b50dd84e3a9c05d12d0a832b398ecb365,662561554aca1027f486601acf94bdc082c2edf66b7a1222a33f2f81b49ecf49,games/game_023_seed609702205_seat1.replay.jsonl.gz,09129e4b8e9c3b193e43a69af97dae6663a643c92253ad4f85a94a6e8ef4de86,
author_validation,779113208,0,COMPLETE,True,719,237365.0,3000.0,4.906963713000096,96412,4b1c2bc7f2da52429ab1d734a048108b50dd84e3a9c05d12d0a832b398ecb365,e64127e8e2aa7590273da67a198d7559e3fb5a74afe8fb7c111e723de3836311,games/game_002_seed779113208_seat0.replay.jsonl.gz,b61fccc81b34c7073ef32a7a406da6d14624d0231c045b532d19aefb9698ae3b,
author_validation,779113208,1,COMPLETE,True,719,237365.0,3000.0,4.881519668999999,96456,4b1c2bc7f2da52429ab1d734a048108b50dd84e3a9c05d12d0a832b398ecb365,e64127e8e2aa7590273da67a198d7559e3fb5a74afe8fb7c111e723de3836311,games/game_003_seed779113208_seat1.replay.jsonl.gz,c134cb8c87f11b9ee8556dee892a591752064c5f658cbedcefc2656d32d5dd3f,
author_validation,846398706,0,COMPLETE,True,719,206779.0,3000.0,4.49057325900003,97900,4b1c2bc7f2da52429ab1d734a048108b50dd84e3a9c05d12d0a832b398ecb365,027572fb9626e8212c3d91eca369d2c061a25c8e486a4f32e1aaf98ca9f1be20,games/game_024_seed846398706_seat0.replay.jsonl.gz,8627191c9139beafdd57c5789b99028b05effeb81cdbffd85935551c20be2f3d,
author_validation,846398706,1,COMPLETE,True,719,206779.0,3000.0,4.402802165999901,98088,4b1c2bc7f2da52429ab1d734a048108b50dd84e3a9c05d12d0a832b398ecb365,1d4a0291102fda10de005780ea54d0e8f0d8663af06754274f42e6f6d682f5ac,games/game_025_seed846398706_seat1.replay.jsonl.gz,5df1ea5db224cc790cd5db6a1a650286dd278f6c043d7a53ac5d9e3655d6b1e0,
author_validation,890031804,0,COMPLETE,True,719,195540.0,3000.0,4.397177090000014,94852,4b1c2bc7f2da52429ab1d734a048108b50dd84e3a9c05d12d0a832b398ecb365,1844ecef25b3a8358117937adf24898ca358f70c768cbea823ff70069e4aae27,games/game_000_seed890031804_seat0.replay.jsonl.gz,fa3555e04297fd2f59e72e680b27a58c257562af63cde6470fed48ea4a23a02b,
author_validation,890031804,1,COMPLETE,True,719,185541.0,3000.0,4.643821419999995,96260,4b1c2bc7f2da52429ab1d734a048108b50dd84e3a9c05d12d0a832b398ecb365,f203400333593f523dd6bce7ce478bce33f59cb9152d23a805883c6c3f9ecaeb,games/game_001_seed890031804_seat1.replay.jsonl.gz,469097d701bdfc34bc4f9862cdc7350fe5606ad24da269a3f1021f06219e0e59,
author_validation,1159744124,0,COMPLETE,True,719,245036.0,3000.0,4.708103754000149,97844,4b1c2bc7f2da52429ab1d734a048108b50dd84e3a9c05d12d0a832b398ecb365,1553373531b3e98f6226692de62082ec407884ff85e405d5de6a785b842b61a3,games/game_020_seed1159744124_seat0.replay.jsonl.gz,3b0b5787e1581e8fcacfc0cd3f384318bf68858cb0600546970cf3e47b7e03ce,
author_validation,1159744124,1,COMPLETE,True,719,245036.0,3000.0,4.542824447000157,97844,4b1c2bc7f2da52429ab1d734a048108b50dd84e3a9c05d12d0a832b398ecb365,1553373531b3e98f6226692de62082ec407884ff85e405d5de6a785b842b61a3,games/game_021_seed1159744124_seat1.replay.jsonl.gz,ad07f115dd942131522b87b6cd49bfd1f39403510844349150ffe87331002baf,
author_validation,1282661023,0,COMPLETE,True,719,180766.0,3000.0,4.8513190649998705,98344,4b1c2bc7f2da52429ab1d734a048108b50dd84e3a9c05d12d0a832b398ecb365,aa442d77234eb04ecfe051c6b42ffa3393a35a2617351f994273c8ee9c1ff977,games/game_030_seed1282661023_seat0.replay.jsonl.gz,c7656cf7b418228d0244cd5e04316a249b39d3414ad5b1bb163cfffff5c5fb77,
author_validation,1282661023,1,COMPLETE,True,719,151751.0,3000.0,4.429091006999897,98344,4b1c2bc7f2da52429ab1d734a048108b50dd84e3a9c05d12d0a832b398ecb365,453211db852ae059f11984fd4e4b7e5f2a13d11b9092681b74fe0d90b437294d,games/game_031_seed1282661023_seat1.replay.jsonl.gz,8bb899dc62e1afac066f2749aeea58d444e41d187e605abba1114204ccb6d57f,
author_validation,1384339204,0,COMPLETE,True,719,241560.0,3000.0,4.809028708999904,98344,4b1c2bc7f2da52429ab1d734a048108b50dd84e3a9c05d12d0a832b398ecb365,fdf41eba4bb2c7123c020e50c5a7ccaec659a47e02192a2d5b54d99c40bb6588,games/game_028_seed1384339204_seat0.replay.jsonl.gz,56da131e33b0cc6b4686ad31a8fd908ff51ed3e6db1d88fdac9e9c80ef00633c,
author_validation,1384339204,1,COMPLETE,True,719,241560.0,3000.0,4.880740507999917,98344,4b1c2bc7f2da52429ab1d734a048108b50dd84e3a9c05d12d0a832b398ecb365,fdf41eba4bb2c7123c020e50c5a7ccaec659a47e02192a2d5b54d99c40bb6588,games/game_029_seed1384339204_seat1.replay.jsonl.gz,1507cb978950e4a2a130f7e992e9ca82e66d8c480e487842d1c52bb61517f0ba,
author_validation,1439415516,0,COMPLETE,True,719,257826.0,3000.0,4.58968465199996,96888,4b1c2bc7f2da52429ab1d734a048108b50dd84e3a9c05d12d0a832b398ecb365,7e972be7bcf660c27a374711005a8ac8d536f974eb811d6602af5d8aac85c478,games/game_006_seed1439415516_seat0.replay.jsonl.gz,bda47dcc9b5e34139054f95f29037f058dae556b7f7d34eb9db061344c8d566b,
author_validation,1439415516,1,COMPLETE,True,719,201905.0,3000.0,4.386734327000113,96888,4b1c2bc7f2da52429ab1d734a048108b50dd84e3a9c05d12d0a832b398ecb365,dc3acb32da428055880e2a880728300bb6f3a805f713d055c2ea7338b992de40,games/game_007_seed1439415516_seat1.replay.jsonl.gz,b5fd0e5d8db763b89fd5c3745a7bdb554b12cc21e58a92281ed2c03b285a95c7,
author_validation,1490453081,0,COMPLETE,True,719,223422.0,3000.0,4.335997056999986,96772,4b1c2bc7f2da52429ab1d734a048108b50dd84e3a9c05d12d0a832b398ecb365,7f20d8495414f63647e9c639895b51f5f47887c2f2dfb3c078c5cf17b764b1f1,games/game_004_seed1490453081_seat0.replay.jsonl.gz,5ad5061f485d20a13d6f12474cc9b564a275e1f57170f61d0a8bb243c9c8ed6c,
author_validation,1490453081,1,COMPLETE,True,719,223760.0,3000.0,4.180010539000023,96796,4b1c2bc7f2da52429ab1d734a048108b50dd84e3a9c05d12d0a832b398ecb365,0477884672a0cbc9b93736e5c2890f1b947a1ae8593fe11a3268022de65e9e07,games/game_005_seed1490453081_seat1.replay.jsonl.gz,1acb1205eac32ef48382788b6e08169c9bbe2d428b60a91404a7d6e504d84228,
author_validation,1496046506,0,COMPLETE,True,719,157586.0,3000.0,4.446588797000004,97700,4b1c2bc7f2da52429ab1d734a048108b50dd84e3a9c05d12d0a832b398ecb365,d4dea60f2dbfbd5782642c0292dd77905796551a6e82b493e961d5a569e3d949,games/game_016_seed1496046506_seat0.replay.jsonl.gz,8b60ca40c6241a060c32b0a7e6ba832fac90ed360b63a5cf98d21d5c88e2e720,
author_validation,1496046506,1,COMPLETE,True,719,156569.0,3000.0,4.47185050500002,97700,4b1c2bc7f2da52429ab1d734a048108b50dd84e3a9c05d12d0a832b398ecb365,047f3496c305d76d3a14e375cf2675ea7335dd7baa7d7c0320a3018f198c6e5d,games/game_017_seed1496046506_seat1.replay.jsonl.gz,e54b00ea39706e2e32bc21e533014de1f1f0ad1c5c861f7b883d3b29f584eb80,
author_validation,1550616920,0,COMPLETE,True,719,179422.0,3000.0,4.391753515999881,96964,4b1c2bc7f2da52429ab1d734a048108b50dd84e3a9c05d12d0a832b398ecb365,3ff698612fd95fc6bf6eb3053973ba37e98019db37726cb518726210c428ac72,games/game_008_seed1550616920_seat0.replay.jsonl.gz,fddce8736c191e33f3462398ed04f98e86ce2e3a6748c2ce3588eff37b149a12,
author_validation,1550616920,1,COMPLETE,True,719,156945.0,3000.0,4.12630085800015,97036,4b1c2bc7f2da52429ab1d734a048108b50dd84e3a9c05d12d0a832b398ecb365,94f879fd82f2bb9c82881afef9e8253504e3d665228b1c4b8415a43d37184fbb,games/game_009_seed1550616920_seat1.replay.jsonl.gz,c80bdf8588e2cd9f8d99f876a1d8bb57e9eb8f47f5a22e3deb30a4654350ee4e,
author_validation,1807826296,0,COMPLETE,True,719,238495.0,3000.0,4.755252852000012,97700,4b1c2bc7f2da52429ab1d734a048108b50dd84e3a9c05d12d0a832b398ecb365,b1beb22929155f2a007833b8b43d74206a594e9ea30ca68c583bc389d5520da9,games/game_018_seed1807826296_seat0.replay.jsonl.gz,bbfc6d8de61dd040e87d2846788560c588b682e97940948f8671e2a55f849142,
author_validation,1807826296,1,COMPLETE,True,719,228402.0,3000.0,4.674503662000006,97844,4b1c2bc7f2da52429ab1d734a048108b50dd84e3a9c05d12d0a832b398ecb365,e6cdb252a34c618dc6bb08441031fc8080b6bff8a41960ff6beb5a669c067f3e,games/game_019_seed1807826296_seat1.replay.jsonl.gz,84132144e7116bbff1e7adeeb6ea44d7bbf9f7b2160b633c54ea84959014ecc8,
author_validation,1873633782,0,COMPLETE,True,719,195779.0,3000.0,4.545535762999862,97188,4b1c2bc7f2da52429ab1d734a048108b50dd84e3a9c05d12d0a832b398ecb365,d9297243ff9c6c03d5d823d739c20fb6272374da50045fdec1d0f8008c390b38,games/game_010_seed1873633782_seat0.replay.jsonl.gz,1946443404e57fd4f9275b72c69480b44828b6c51814e6061d1f53515ba7dd17,
author_validation,1873633782,1,COMPLETE,True,719,197485.0,3000.0,4.621639507000054,97468,4b1c2bc7f2da52429ab1d734a048108b50dd84e3a9c05d12d0a832b398ecb365,8821cf191f7b5713f340a1c705e58d374261b75f16e16e701eb8638fc338ceb9,games/game_011_seed1873633782_seat1.replay.jsonl.gz,1f44902ae19e6d444dedb878f497f9948fcb545e649b5bc479bcb400e6151a3a,
baseline_full,28576209,0,COMPLETE,True,719,157184.0,3000.0,5.772236604999989,98636,b99db860382a55739f04b3fdd813801c7c16fef2d91b1dbe25bcf0dfa36efd95,9106f229a89c4392adf912575e66df5da8371c8404070bf9c092bbf7595349ae,games/game_028_seed28576209_seat0.replay.jsonl.gz,ac6247d2a89b0dcf90f5d5f811bf971530b4c09a71250182c4d82e1c5c348edf,
baseline_full,28576209,1,COMPLETE,True,719,163402.0,3000.0,5.800975388999973,98796,b99db860382a55739f04b3fdd813801c7c16fef2d91b1dbe25bcf0dfa36efd95,085083c942d0795fd4d7018b851fb84bc3def99ad13c205a4eff2dd5b3ab8d84,games/game_029_seed28576209_seat1.replay.jsonl.gz,7078236de48f9aa7c988ae976886342d3328000ca307322593a87c1047fea042,
baseline_full,394509745,0,COMPLETE,True,719,216424.0,3000.0,6.550563495999995,98796,b99db860382a55739f04b3fdd813801c7c16fef2d91b1dbe25bcf0dfa36efd95,a9b039ff379fcfd332fd5091b12d3b6b04d7290b300b0c08ed94635fb7be3e02,games/game_030_seed394509745_seat0.replay.jsonl.gz,624d4134ad7570cc864148ebe53fcf9350db114c87190f826f4cdb6b43a20294,
baseline_full,394509745,1,COMPLETE,True,719,250165.0,3000.0,6.872600470000009,98796,b99db860382a55739f04b3fdd813801c7c16fef2d91b1dbe25bcf0dfa36efd95,07cf6273964417052be44dce1d4d05f654b358fd6b8818b07b4523ecba2a7ac4,games/game_031_seed394509745_seat1.replay.jsonl.gz,fabcb04c6cff2ab50d5a5f6ebb86ba30b256ecd03e0ad908c23360b95760397f,
baseline_full,766857369,0,COMPLETE,True,719,152505.0,3000.0,5.734649384000022,97632,b99db860382a55739f04b3fdd813801c7c16fef2d91b1dbe25bcf0dfa36efd95,351b06d72429fb633366bf2d5aa9fe21a06b415a421c47dc59debb513e4c1468,games/game_012_seed766857369_seat0.replay.jsonl.gz,454e006baaa4280af0f8827afa24b73376eea4c7d6ae37a0dcc2385dca3fa6b7,
baseline_full,766857369,1,COMPLETE,True,719,152505.0,3000.0,5.823152104000002,97840,b99db860382a55739f04b3fdd813801c7c16fef2d91b1dbe25bcf0dfa36efd95,351b06d72429fb633366bf2d5aa9fe21a06b415a421c47dc59debb513e4c1468,games/game_013_seed766857369_seat1.replay.jsonl.gz,811fef687d8f726b3d2c2131328b7fa8426c12c9895460e11ffe179033689bc8,
baseline_full,833126169,0,COMPLETE,True,719,202611.0,3000.0,7.0415242269999965,97240,b99db860382a55739f04b3fdd813801c7c16fef2d91b1dbe25bcf0dfa36efd95,e05736f6b8f85a7815c88ac2ac044ac82a48063304f82c6119cf1243c8bb3671,games/game_008_seed833126169_seat0.replay.jsonl.gz,9029dffa77fde2a13441b3c79790a842d62373181e54faee3af001bb0286f5f5,
baseline_full,833126169,1,COMPLETE,True,719,202611.0,3000.0,6.982337899999976,97332,b99db860382a55739f04b3fdd813801c7c16fef2d91b1dbe25bcf0dfa36efd95,e05736f6b8f85a7815c88ac2ac044ac82a48063304f82c6119cf1243c8bb3671,games/game_009_seed833126169_seat1.replay.jsonl.gz,fc1944ef995fd3f500f59af80d4218618c1e8cae0328112a36bf69198aac4a75,
baseline_full,979746784,0,COMPLETE,True,719,197398.0,3000.0,6.407164291000015,96620,b99db860382a55739f04b3fdd813801c7c16fef2d91b1dbe25bcf0dfa36efd95,c13221ed33d5c0633ec82902be90559f0c116b9436ef31e9f9235e6478638068,games/game_002_seed979746784_seat0.replay.jsonl.gz,a7bd0323972bed7f896f24ffd27a0221f6cb1afe3bd8ef7a943faa78698ded06,
baseline_full,979746784,1,COMPLETE,True,719,197398.0,3000.0,6.4799794440000085,96620,b99db860382a55739f04b3fdd813801c7c16fef2d91b1dbe25bcf0dfa36efd95,c13221ed33d5c0633ec82902be90559f0c116b9436ef31e9f9235e6478638068,games/game_003_seed979746784_seat1.replay.jsonl.gz,d22be96bc25a141ca968c02c089a7eeb81d477c801592b62ef30a994e3eec568,
baseline_full,979914492,0,COMPLETE,True,719,248611.0,3000.0,6.670701178999991,98348,b99db860382a55739f04b3fdd813801c7c16fef2d91b1dbe25bcf0dfa36efd95,2220bac7208a5f77c82c3483e24ec76ab90989430bd550543d5647ae230a3ec8,games/game_024_seed979914492_seat0.replay.jsonl.gz,5f2268adc37a62600ea7eb3397bc010b732cd069212aeacc4fb4204a1ff1d7c7,
baseline_full,979914492,1,COMPLETE,True,719,248611.0,3000.0,6.438584218999949,98348,b99db860382a55739f04b3fdd813801c7c16fef2d91b1dbe25bcf0dfa36efd95,2220bac7208a5f77c82c3483e24ec76ab90989430bd550543d5647ae230a3ec8,games/game_025_seed979914492_seat1.replay.jsonl.gz,6fee455ffd91f5596c5799e71f222577001f5a2a6362bb7fd1e4393a60550dbc,
baseline_full,1138364143,0,COMPLETE,True,719,179047.0,3000.0,5.531256108999997,98348,b99db860382a55739f04b3fdd813801c7c16fef2d91b1dbe25bcf0dfa36efd95,9efc3c437421cc34abf0fd21880f6c81590e337604f58b11f3bf65c860fb8107,games/game_020_seed1138364143_seat0.replay.jsonl.gz,da6103b0281235bf5fe628fd898bd30cc5c44b0b6120ada91c5d0eb7d21fdf5f,
baseline_full,1138364143,1,COMPLETE,True,719,179324.0,3000.0,5.613585012000016,98348,b99db860382a55739f04b3fdd813801c7c16fef2d91b1dbe25bcf0dfa36efd95,f786564fcbcb7c83b2bd0c8dff389dafdc10223a3faab36bdaa8b647159b610b,games/game_021_seed1138364143_seat1.replay.jsonl.gz,65a22a6cfcee041a593c409cdd9a6a83401d78eb3b4a55bd625a05d34c4aa8a9,
baseline_full,1175089851,0,COMPLETE,True,719,171649.0,3000.0,5.839565727999997,98348,b99db860382a55739f04b3fdd813801c7c16fef2d91b1dbe25bcf0dfa36efd95,ea210823a5bca66232326743f557ef8381f059d28ec783b444c4a653d70148db,games/game_018_seed1175089851_seat0.replay.jsonl.gz,d69113b067e7bd1a286ac53bb0dd2251032370574e8193e4712e1d643c107ae1,
baseline_full,1175089851,1,COMPLETE,True,719,157377.0,3000.0,5.214175283000003,98348,b99db860382a55739f04b3fdd813801c7c16fef2d91b1dbe25bcf0dfa36efd95,87d6b517131e9aa60b03d27af6ac66bff4374294c20402467302247d8d1815c4,games/game_019_seed1175089851_seat1.replay.jsonl.gz,725ef217a1195697e85d770c1634fd5f4bc4a356c20a3843d0977702c5a2a1b9,
baseline_full,1387052231,0,COMPLETE,True,719,173352.0,3000.0,5.6839284760000055,97840,b99db860382a55739f04b3fdd813801c7c16fef2d91b1dbe25bcf0dfa36efd95,f5a13e7f53b68d898af7ccc6feafb5dc695e8b19c82fba2e396639d7286ec424,games/game_014_seed1387052231_seat0.replay.jsonl.gz,c3b15c92d49db3cc3c34a6f00533560ff7cabc2d0f99f1eb20ba0250baad1258,
baseline_full,1387052231,1,COMPLETE,True,719,172924.0,3000.0,5.510748576999987,97976,b99db860382a55739f04b3fdd813801c7c16fef2d91b1dbe25bcf0dfa36efd95,ed005d306a4000d29d8cc527b2e10b0b3a90cc3b31760de504d462ac49cc2e6c,games/game_015_seed1387052231_seat1.replay.jsonl.gz,e54b2750fcbf8890a4c4e07495da60aab6fa5767e4afe19125636cf952d42a9d,
baseline_full,1421711696,0,COMPLETE,True,719,217865.0,3000.0,6.692287276999991,98588,b99db860382a55739f04b3fdd813801c7c16fef2d91b1dbe25bcf0dfa36efd95,7b63dbac6b489a5485c824c2c5f085e53bfef87f1d50fe4027419f1f2c605459,games/game_026_seed1421711696_seat0.replay.jsonl.gz,50c5a9da3848d930fa42a29295032094966ca3faf88602d463c5a75dbdc08b9f,
baseline_full,1421711696,1,COMPLETE,True,719,186767.0,3000.0,5.534355418000018,98588,b99db860382a55739f04b3fdd813801c7c16fef2d91b1dbe25bcf0dfa36efd95,cefc6547db64a228d870f655ab9b87d777208ba11a58b56dcf370cc51b779bf9,games/game_027_seed1421711696_seat1.replay.jsonl.gz,d3ae06b0e959bdc6d19ca0b30a8815c4ec38341e08679f24852ee411fc01e9ae,
baseline_full,1459327281,0,COMPLETE,True,719,172972.0,3000.0,6.112219640999996,97976,b99db860382a55739f04b3fdd813801c7c16fef2d91b1dbe25bcf0dfa36efd95,d4d36c234d20e5c21dea759bb97859b7639b157e001b04eb9d083cd8781e5ff1,games/game_016_seed1459327281_seat0.replay.jsonl.gz,7970de6af280454b9aec0af9854b899bc25d257a06bdd4fca1770dd1a1204886,
baseline_full,1459327281,1,COMPLETE,True,719,172972.0,3000.0,6.028324455999979,98348,b99db860382a55739f04b3fdd813801c7c16fef2d91b1dbe25bcf0dfa36efd95,7cb76480ddf646ffb0c68e80c088edd47303736359a2cd521c50096ac0a58766,games/game_017_seed1459327281_seat1.replay.jsonl.gz,877647913396b4e1e7b082bb2bcb0d907b6ae4020f4535e5ad5e03bb3b4e42b9,
baseline_full,1514191294,0,COMPLETE,True,719,159844.0,3000.0,5.311312533999995,97240,b99db860382a55739f04b3fdd813801c7c16fef2d91b1dbe25bcf0dfa36efd95,7f7e31b95d8a2f74f1969007a0e74c9fdf5ebf94b90ff77623c206f0c96396f5,games/game_006_seed1514191294_seat0.replay.jsonl.gz,36dbd3e351ff84ce25e9e3338633e9537e56314153299d258a2e81bb3959555f,
baseline_full,1514191294,1,COMPLETE,True,719,159844.0,3000.0,5.453023583999993,97240,b99db860382a55739f04b3fdd813801c7c16fef2d91b1dbe25bcf0dfa36efd95,7f7e31b95d8a2f74f1969007a0e74c9fdf5ebf94b90ff77623c206f0c96396f5,games/game_007_seed1514191294_seat1.replay.jsonl.gz,9d11b8ddfb6ed8058aff4083e6ad0ebe6999d89fba5fcd7685ea3145560b287b,
baseline_full,1652205610,0,COMPLETE,True,719,188042.0,3000.0,6.931439659000006,95404,b99db860382a55739f04b3fdd813801c7c16fef2d91b1dbe25bcf0dfa36efd95,c877441b4c4e9245c53186fe17d9659cf8cd6e857091530dbdfd791e7a852259,games/game_000_seed1652205610_seat0.replay.jsonl.gz,3cdb19c2f361f4049b5fe44351e016b2e07001a0ffa05ee508dc6d6b114177fa,
baseline_full,1652205610,1,COMPLETE,True,719,189223.0,3000.0,6.212651865999987,96140,b99db860382a55739f04b3fdd813801c7c16fef2d91b1dbe25bcf0dfa36efd95,5aea830c927714fd3ca96a54b5fa4b0be346c11f6d58495a878282315135870c,games/game_001_seed1652205610_seat1.replay.jsonl.gz,312a7122a32bcac347be245a0c468c52347aaef351a7cbbd807e8fdabf955e97,
baseline_full,1715028217,0,COMPLETE,True,719,167521.0,3000.0,5.654387939999992,97376,b99db860382a55739f04b3fdd813801c7c16fef2d91b1dbe25bcf0dfa36efd95,888dd7304689cbe71cf6539dc7dcf7d66bceeec34184c818443368b20fadcebc,games/game_010_seed1715028217_seat0.replay.jsonl.gz,428706ebaeeb5e4fea8521d606dae5be5ee78040247e4533d82fa65f2d224024,
baseline_full,1715028217,1,COMPLETE,True,719,167574.0,3000.0,5.388274494000001,97632,b99db860382a55739f04b3fdd813801c7c16fef2d91b1dbe25bcf0dfa36efd95,235564e7cdc46ed796614fd346e1abd62dddf2a4e6901ef317bdc90ea1d641b1,games/game_011_seed1715028217_seat1.replay.jsonl.gz,84e38db7f6d8fff541e2c584f096b01128445421752dc7a0c874f688700c5e11,
baseline_full,1722159489,0,COMPLETE,True,719,205644.0,3000.0,5.335755011999993,98348,b99db860382a55739f04b3fdd813801c7c16fef2d91b1dbe25bcf0dfa36efd95,751e5a5a28d8d463319983aec1a1b4c19d0a723f128104bdc9e2e2699ef4e25b,games/game_022_seed1722159489_seat0.replay.jsonl.gz,41e49c99ce05ff031689b00f6285fb7cbef026d5b017c870bacf6c09349b9b15,
baseline_full,1722159489,1,COMPLETE,True,719,189568.0,3000.0,5.0156128640000475,98348,b99db860382a55739f04b3fdd813801c7c16fef2d91b1dbe25bcf0dfa36efd95,69ca3bfa1306f094425284f9715f4f021e777db720b61d5cd2ea64805f147b27,games/game_023_seed1722159489_seat1.replay.jsonl.gz,559ef34315ce0a4fe3d2c88794ce50f896be19c7886bc99e59e674edd867ebad,
baseline_full,1948729637,0,COMPLETE,True,719,227912.0,3000.0,6.659124415999997,96912,b99db860382a55739f04b3fdd813801c7c16fef2d91b1dbe25bcf0dfa36efd95,ac739e60b643266b527de21e7da8b8d300af0c9a9104c33f31c8477ab9e9b54b,games/game_004_seed1948729637_seat0.replay.jsonl.gz,885364ae39bdfa1cd57d41eaab720bc1e1a3f9ea3bef5b41f5dac39d9d390a21,
baseline_full,1948729637,1,COMPLETE,True,719,229497.0,3000.0,6.362548465000003,96912,b99db860382a55739f04b3fdd813801c7c16fef2d91b1dbe25bcf0dfa36efd95,4a33377a49a724b1420148d024744804cfa467f06d294ef53edbdd2ee00449d8,games/game_005_seed1948729637_seat1.replay.jsonl.gz,600ea0e5f96b901359d954e525c765a663ad80dd6da288093a49f908f69b48ba,
baseline_smoke,766857369,0,COMPLETE,True,719,152505.0,3000.0,5.864350505999994,94892,b99db860382a55739f04b3fdd813801c7c16fef2d91b1dbe25bcf0dfa36efd95,351b06d72429fb633366bf2d5aa9fe21a06b415a421c47dc59debb513e4c1468,games/game_000_seed766857369_seat0.replay.jsonl.gz,9a266b7073d9dcbc645d373ca5390e0dfab3eae8fb01b420a7fa2625d1cd74c2,
baseline_smoke,766857369,1,COMPLETE,True,719,152505.0,3000.0,5.780752935999999,96044,b99db860382a55739f04b3fdd813801c7c16fef2d91b1dbe25bcf0dfa36efd95,351b06d72429fb633366bf2d5aa9fe21a06b415a421c47dc59debb513e4c1468,games/game_001_seed766857369_seat1.replay.jsonl.gz,5bb00408d7ad38a3170b9926c5b5ab8c70be12ca85c009ab7ade07d1774e000d,
calibrated_base,28576209,0,COMPLETE,True,719,157865.0,3000.0,5.030109898999967,98836,2bd06fe94a03854769942a2e30f9623cafbbd73f4fa5095962d138a5316e9eb8,ac70d2c85724f22feefbda56f5c4ac928eaa6b281807a27e6de43729e642187b,games/game_028_seed28576209_seat0.replay.jsonl.gz,eb38e5cde3574ab68e19864e8d991931acb50a14d7e7943c0d71edfd7b6e70a2,
calibrated_base,28576209,1,COMPLETE,True,719,157865.0,3000.0,5.210042469999962,98836,2bd06fe94a03854769942a2e30f9623cafbbd73f4fa5095962d138a5316e9eb8,276e13087f7fb27650c498cb3875bda199437ad8faeae619a6907d53774851d5,games/game_029_seed28576209_seat1.replay.jsonl.gz,ceb4aa38877d6737180ad25dfb4150c6b263c4de82c2c38a9ce21d751886ecf2,
calibrated_base,394509745,0,COMPLETE,True,719,216217.0,3000.0,5.383310402999996,98836,2bd06fe94a03854769942a2e30f9623cafbbd73f4fa5095962d138a5316e9eb8,83cc8cedc63555b95695efc455b54c91c5b11578aca4d44917d7726251a50178,games/game_030_seed394509745_seat0.replay.jsonl.gz,d68bf632d6a56345a9e746939e055614b0421f1747cf67a197912d2d1f9f084a,
calibrated_base,394509745,1,COMPLETE,True,719,245211.0,3000.0,5.217283435000127,98836,2bd06fe94a03854769942a2e30f9623cafbbd73f4fa5095962d138a5316e9eb8,9c8a3dcf101c1e9cdd39e8c416f545c9a548eb83ddbc5b406e8cf7bdf5ab284d,games/game_031_seed394509745_seat1.replay.jsonl.gz,595124f275c192fa2b594f464e75fc383c562dbd9efe65b2cb87fb6abf0879f7,
calibrated_base,766857369,0,COMPLETE,True,719,167397.0,3000.0,4.969566267000005,97696,2bd06fe94a03854769942a2e30f9623cafbbd73f4fa5095962d138a5316e9eb8,398ad70317c757def05887c873b2847e7e2ff22750378afb8657100718dc29a8,games/game_012_seed766857369_seat0.replay.jsonl.gz,e5959b9c68539b4765dfc649bcb3ab7e0a14a4e39434331badef66a55b0679ea,
calibrated_base,766857369,1,COMPLETE,True,719,167397.0,3000.0,4.7956362139999555,97888,2bd06fe94a03854769942a2e30f9623cafbbd73f4fa5095962d138a5316e9eb8,398ad70317c757def05887c873b2847e7e2ff22750378afb8657100718dc29a8,games/game_013_seed766857369_seat1.replay.jsonl.gz,964052b33adf2520fccdd39d66e5e0611e9e40747d18396e8da341ea5b56858a,
calibrated_base,833126169,0,COMPLETE,True,719,180514.0,3000.0,5.341174946000024,97564,2bd06fe94a03854769942a2e30f9623cafbbd73f4fa5095962d138a5316e9eb8,90109252ccb08e693bbdc80ec5de01e8a98dca3505d4856bf873396645cd2fa1,games/game_008_seed833126169_seat0.replay.jsonl.gz,c342feabbe122c5df6793d4dd8a7064d96aaa043c3049bdb0ab0081c6f667c06,
calibrated_base,833126169,1,COMPLETE,True,719,180514.0,3000.0,5.386018860000036,97564,2bd06fe94a03854769942a2e30f9623cafbbd73f4fa5095962d138a5316e9eb8,90109252ccb08e693bbdc80ec5de01e8a98dca3505d4856bf873396645cd2fa1,games/game_009_seed833126169_seat1.replay.jsonl.gz,811760e4fd4eba1beb53d9662022fb1e91ad3e0fa8bd4590afb05079f8b00ad0,
calibrated_base,979746784,0,COMPLETE,True,719,190540.0,3000.0,5.727033398000003,96520,2bd06fe94a03854769942a2e30f9623cafbbd73f4fa5095962d138a5316e9eb8,165d0cb935e84ef04c52f27b2780bc6183acf84296ec33d76cd1f2708e8f7830,games/game_002_seed979746784_seat0.replay.jsonl.gz,5932320d3aa7db3832ee664a24e09c655cbd7edbf10683d8f7f71fbf33182e41,
calibrated_base,979746784,1,COMPLETE,True,719,190540.0,3000.0,5.543719741000018,96520,2bd06fe94a03854769942a2e30f9623cafbbd73f4fa5095962d138a5316e9eb8,165d0cb935e84ef04c52f27b2780bc6183acf84296ec33d76cd1f2708e8f7830,games/game_003_seed979746784_seat1.replay.jsonl.gz,9ff9169a53f501ca4b66ed43c95ac29909214380ea59558537ed251db6c6ff58,
calibrated_base,979914492,0,COMPLETE,True,719,258364.0,3000.0,5.713446928999929,98744,2bd06fe94a03854769942a2e30f9623cafbbd73f4fa5095962d138a5316e9eb8,cada2dd11cfed12f399e2e4be7e9218e3a952ba02945e2e4de864a7993dc6a42,games/game_024_seed979914492_seat0.replay.jsonl.gz,c3ca72f9bb38183294d85b282b5a3e2e6042b661ef619eedab7fe90e912e02db,
calibrated_base,979914492,1,COMPLETE,True,719,258364.0,3000.0,5.908868139999981,98744,2bd06fe94a03854769942a2e30f9623cafbbd73f4fa5095962d138a5316e9eb8,cada2dd11cfed12f399e2e4be7e9218e3a952ba02945e2e4de864a7993dc6a42,games/game_025_seed979914492_seat1.replay.jsonl.gz,542b27ee5ee61d18198977a0fc3722a0ce7c78e64675e6f67fd1e04ad7915c4c,
calibrated_base,1138364143,0,COMPLETE,True,719,169570.0,3000.0,5.277756416000102,98744,2bd06fe94a03854769942a2e30f9623cafbbd73f4fa5095962d138a5316e9eb8,0322fe090a0d14bfc73809fd359ecb7e140171c56eeb04f47f817e30bf90ddab,games/game_020_seed1138364143_seat0.replay.jsonl.gz,24904fc1f9ce879fe5f9db9c1ac51de5586533ea3e0c2e411eb87e813cc2141a,
calibrated_base,1138364143,1,COMPLETE,True,719,169570.0,3000.0,4.909027227000024,98744,2bd06fe94a03854769942a2e30f9623cafbbd73f4fa5095962d138a5316e9eb8,eac600af7f2f117c97ece110448759e896161d98ad0d03d7c2a05af3d1044252,games/game_021_seed1138364143_seat1.replay.jsonl.gz,d2008b255e7ca1941f6950e1efa851d8fef553b6dea7f454e68e76f038106ddc,
calibrated_base,1175089851,0,COMPLETE,True,719,169239.0,3000.0,5.2125171019999925,98476,2bd06fe94a03854769942a2e30f9623cafbbd73f4fa5095962d138a5316e9eb8,3fd25c2c0a6aaed3abc0237f705b77b236fbd4de5143d1a532dd4006cf0df5b3,games/game_018_seed1175089851_seat0.replay.jsonl.gz,84dcfaf5303272dfb8a76a5e92a6732628ac5ebc3f971e7e18053f3d278212d7,
calibrated_base,1175089851,1,COMPLETE,True,719,157377.0,3000.0,4.625114283000016,98744,2bd06fe94a03854769942a2e30f9623cafbbd73f4fa5095962d138a5316e9eb8,87d6b517131e9aa60b03d27af6ac66bff4374294c20402467302247d8d1815c4,games/game_019_seed1175089851_seat1.replay.jsonl.gz,adbccd13000d8dbba59f746ae7ff72ef2e722fda402086333d26dc4deb5d25ab,
calibrated_base,1387052231,0,COMPLETE,True,719,188506.0,3000.0,4.866595428999972,98012,2bd06fe94a03854769942a2e30f9623cafbbd73f4fa5095962d138a5316e9eb8,1f58988bb3eb738b87e9585337d4585fc0ce53aab4c5ced3947ae41ddda1fe97,games/game_014_seed1387052231_seat0.replay.jsonl.gz,fabe99ff73b1eb7a05cd57da3be712b1a63561da8b260166333b49e89ce89486,
calibrated_base,1387052231,1,COMPLETE,True,719,193596.0,3000.0,5.0454711220000945,98012,2bd06fe94a03854769942a2e30f9623cafbbd73f4fa5095962d138a5316e9eb8,b5dceb26e8cebb918f8004358f13c0440555a739088d26910ce8bb8622620304,games/game_015_seed1387052231_seat1.replay.jsonl.gz,78ba7121f75fbf42dd5488d52a3d412a01f78dfb7831be41c2128bd63238e674,
calibrated_base,1421711696,0,COMPLETE,True,719,254718.0,3000.0,5.221392322000042,98836,2bd06fe94a03854769942a2e30f9623cafbbd73f4fa5095962d138a5316e9eb8,72b6752646bb3927f1de4294ca0b84c5ecdb02d631dd706f0c5a5ee8ce9a6598,games/game_026_seed1421711696_seat0.replay.jsonl.gz,b87eaefbeb64f5e5d9e977e092d58a12300a105a25336cae8044cb8373a87490,
calibrated_base,1421711696,1,COMPLETE,True,719,183210.0,3000.0,4.826514960000054,98836,2bd06fe94a03854769942a2e30f9623cafbbd73f4fa5095962d138a5316e9eb8,6d8d6874619dfeddd29c6ac20e9bca76fbd9219a22adf324e5a22c440f073cb5,games/game_027_seed1421711696_seat1.replay.jsonl.gz,82a5ec6fdcb305ba5341dad84e3c10fda8cc21b552e0ad2dbc5922705f838f45,
calibrated_base,1459327281,0,COMPLETE,True,719,197656.0,3000.0,4.927847318999966,98220,2bd06fe94a03854769942a2e30f9623cafbbd73f4fa5095962d138a5316e9eb8,1db525495107f35fbe62080ee2a480a49a0736a6518039a3d88c6e4c6c0a21e8,games/game_016_seed1459327281_seat0.replay.jsonl.gz,f586b945fcb41aa2ae9d3c15e5fafbbc496f5c5857244ec4e396d61c8d1e46b3,
calibrated_base,1459327281,1,COMPLETE,True,719,197652.0,3000.0,4.81195736799998,98220,2bd06fe94a03854769942a2e30f9623cafbbd73f4fa5095962d138a5316e9eb8,d993f86f219d080880e87883c701f8c74245f12206b7f2a248e066b513734a9c,games/game_017_seed1459327281_seat1.replay.jsonl.gz,94e93e572107b62ee1d1f82104b1e3e99934182e372455cefd6f3ee678b5cf04,
calibrated_base,1514191294,0,COMPLETE,True,719,166344.0,3000.0,4.754584402999967,97284,2bd06fe94a03854769942a2e30f9623cafbbd73f4fa5095962d138a5316e9eb8,3dec0389e3c5d553dd7807ae3bcd752a31778dfaeff6ea1d2568ab318d9f52ba,games/game_006_seed1514191294_seat0.replay.jsonl.gz,348d66554b2c992baa6f0524139e899268663280285dea4cd3cfc38febd1b586,
calibrated_base,1514191294,1,COMPLETE,True,719,166344.0,3000.0,4.668893443000002,97432,2bd06fe94a03854769942a2e30f9623cafbbd73f4fa5095962d138a5316e9eb8,c2de44716a05afa657df9097e88aba89675c859b97a458e6d4adafcc0430e97d,games/game_007_seed1514191294_seat1.replay.jsonl.gz,bb0f7227a718fd876c7d92be48ba9091a692dfa6763dc2217a845df7569969b5,
calibrated_base,1652205610,0,COMPLETE,True,719,181669.0,3000.0,5.850004409000007,94964,2bd06fe94a03854769942a2e30f9623cafbbd73f4fa5095962d138a5316e9eb8,f394eb032adfac470c464f4a16663ca6b47fc8e8aa376120f94c608325816f0e,games/game_000_seed1652205610_seat0.replay.jsonl.gz,2540c861d3ed33e77170ded299fd9ab57c5284dc7de3d75424bdbb9516c668a9,
calibrated_base,1652205610,1,COMPLETE,True,719,187918.0,3000.0,5.857755622000013,96452,2bd06fe94a03854769942a2e30f9623cafbbd73f4fa5095962d138a5316e9eb8,8215c59b38d4cd5ef7b0c8233637e2ba20fbefdf3f225111724cf0a4a49bb21c,games/game_001_seed1652205610_seat1.replay.jsonl.gz,2fe31c8a9d7f74e4f038c09fd3e8e2c668ad4125a3dd7135a1032569c794c17a,
calibrated_base,1715028217,0,COMPLETE,True,719,180634.0,3000.0,4.977930944999912,97564,2bd06fe94a03854769942a2e30f9623cafbbd73f4fa5095962d138a5316e9eb8,615b1ee1d54144d3408227e711e75f34122edd0669c57cf1dcfb4d34f80facf1,games/game_010_seed1715028217_seat0.replay.jsonl.gz,ad5e5466ac402b53188accdfd45e3c174676bbd1e59eb38f2f766ca9b8ba3b6a,
calibrated_base,1715028217,1,COMPLETE,True,719,153960.0,3000.0,4.841660861000037,97692,2bd06fe94a03854769942a2e30f9623cafbbd73f4fa5095962d138a5316e9eb8,e034255c6474519468cae6b12d22456eca9fb75004a52b6b37866d70d364ae13,games/game_011_seed1715028217_seat1.replay.jsonl.gz,ea835eef07296a096db9c96964ee08b2c5a603e3350a0a74bed64ce36d589be9,
calibrated_base,1722159489,0,COMPLETE,True,719,211427.0,3000.0,4.996691197000018,98744,2bd06fe94a03854769942a2e30f9623cafbbd73f4fa5095962d138a5316e9eb8,081aaa7026a3e415c896b283497d9c265096068ec5a4afaacb22b05647bf8ff9,games/game_022_seed1722159489_seat0.replay.jsonl.gz,cb35a3eb4b0da84f39e19f0e5d03ffd217ef9dfe3187bb3935a0ea70a5517ee2,
calibrated_base,1722159489,1,COMPLETE,True,719,197652.0,3000.0,4.936841524999977,98744,2bd06fe94a03854769942a2e30f9623cafbbd73f4fa5095962d138a5316e9eb8,ab916d2f071951d0607c7277f6b99ffebbcac8be736d303defb54529f76ad10f,games/game_023_seed1722159489_seat1.replay.jsonl.gz,279a309870757624a1441c71a98d5c46f012557a50cf0e2f50f9408714123384,
calibrated_base,1948729637,0,COMPLETE,True,719,227895.0,3000.0,5.834999175000007,96812,2bd06fe94a03854769942a2e30f9623cafbbd73f4fa5095962d138a5316e9eb8,0866d055fc8e07c6a0aae2acbd2e62ef637408dcf13b3a468ad695c9d5efe571,games/game_004_seed1948729637_seat0.replay.jsonl.gz,331de4af2dec05f30dd9c9d05ca3b547af7ebf17413eb74ffa85416129b5cea7,
calibrated_base,1948729637,1,COMPLETE,True,719,215058.0,3000.0,5.373476176000054,96944,2bd06fe94a03854769942a2e30f9623cafbbd73f4fa5095962d138a5316e9eb8,ae337a429ed61932309fbc9e72fe45a1a161fee698c43a383552aae6b44cefa9,games/game_005_seed1948729637_seat1.replay.jsonl.gz,d9f4dc4468bc7ef0d5fbaae3bdb36d856c6efafc684236549164304fc0ed98c2,
calibrated_combined,28576209,0,COMPLETE,True,719,175400.0,3000.0,4.537745258999962,98520,2bd06fe94a03854769942a2e30f9623cafbbd73f4fa5095962d138a5316e9eb8,7bcfccd9378539ec0fb5620709c333836777a03926c080e375cbe11254604985,games/game_028_seed28576209_seat0.replay.jsonl.gz,01aa67a2923ec2d2dca95e308677360377891714c2caaf311de9c198062387a3,
calibrated_combined,28576209,1,COMPLETE,True,719,174891.0,3000.0,4.878970663000018,98520,2bd06fe94a03854769942a2e30f9623cafbbd73f4fa5095962d138a5316e9eb8,6083265a6d661e72da1d598f423067849f89e275bcdc99e09a3d2e1c06210b76,games/game_029_seed28576209_seat1.replay.jsonl.gz,b26515c106143f2cc5cb3ab60b583f24e4a9f85f605e4b3789da752bd482a26a,
calibrated_combined,394509745,0,COMPLETE,True,719,221320.0,3000.0,4.656225848000076,98520,2bd06fe94a03854769942a2e30f9623cafbbd73f4fa5095962d138a5316e9eb8,c2e15974bc91da04b51503589e3ccaa84848a3ac7d809b2eba6289d088de5f35,games/game_030_seed394509745_seat0.replay.jsonl.gz,4283ec81943843c735144adf1409be55084db69a16fb72e9bc71273c00c1d32a,
calibrated_combined,394509745,1,COMPLETE,True,719,235001.0,3000.0,5.580783489000055,98520,2bd06fe94a03854769942a2e30f9623cafbbd73f4fa5095962d138a5316e9eb8,225051e6151a9c0f1761aac45f49c1ebe70f11ff69c841d30e17239c53f1ea9a,games/game_031_seed394509745_seat1.replay.jsonl.gz,c8fbe20a40166625af52f1ffa07610f2f026bb5e12a39a371d84d7f6ae2b7882,
calibrated_combined,766857369,0,COMPLETE,True,719,168843.0,3000.0,4.652700494999976,97724,2bd06fe94a03854769942a2e30f9623cafbbd73f4fa5095962d138a5316e9eb8,98807b57e8b5146beaf50778dfd1a79173e2ddc32e2955c669253a0f19c29a8b,games/game_012_seed766857369_seat0.replay.jsonl.gz,426ffc4d20d42d881763cd0514fcb81e84f73d308c9108d9a41f845aff093f07,
calibrated_combined,766857369,1,COMPLETE,True,719,168843.0,3000.0,4.699458277999952,97724,2bd06fe94a03854769942a2e30f9623cafbbd73f4fa5095962d138a5316e9eb8,98807b57e8b5146beaf50778dfd1a79173e2ddc32e2955c669253a0f19c29a8b,games/game_013_seed766857369_seat1.replay.jsonl.gz,798bf016fa7eb91a3cbcecc45ee6665ffd80bddd94f1a3794d3668414a2a2ab6,
calibrated_combined,833126169,0,COMPLETE,True,719,194669.0,3000.0,5.0572186949999605,97496,2bd06fe94a03854769942a2e30f9623cafbbd73f4fa5095962d138a5316e9eb8,c7e8e2e53f3adfeecfd67c33114c6001cbe641e3ca5ab96e0d7b37bfe6f6228a,games/game_008_seed833126169_seat0.replay.jsonl.gz,2be63e272bf2eeb01e239a7356af9ee8bf82be44c96fdde9c507866ad134a9d2,
calibrated_combined,833126169,1,COMPLETE,True,719,194669.0,3000.0,4.92132978199993,97504,2bd06fe94a03854769942a2e30f9623cafbbd73f4fa5095962d138a5316e9eb8,c7e8e2e53f3adfeecfd67c33114c6001cbe641e3ca5ab96e0d7b37bfe6f6228a,games/game_009_seed833126169_seat1.replay.jsonl.gz,06823d458814e781d2881134e9a4aa24ef90bebb6ee1679d4e737266f2ffbd72,
calibrated_combined,979746784,0,COMPLETE,True,719,176615.0,3000.0,4.716064877999997,96700,2bd06fe94a03854769942a2e30f9623cafbbd73f4fa5095962d138a5316e9eb8,64f93aae59f29a42143ad3ad053529c71f6e100bb21369bcb734f35866d87de6,games/game_002_seed979746784_seat0.replay.jsonl.gz,e5875c2fd18b2188b063f648bc7f72a99d40e896ebbb0502618422d4ea2ccf07,
calibrated_combined,979746784,1,COMPLETE,True,719,176615.0,3000.0,4.615487556999938,96796,2bd06fe94a03854769942a2e30f9623cafbbd73f4fa5095962d138a5316e9eb8,64f93aae59f29a42143ad3ad053529c71f6e100bb21369bcb734f35866d87de6,games/game_003_seed979746784_seat1.replay.jsonl.gz,aac1399c8fd2d158a3f4ee27d38035b7c1f5f7859e6d7fa00035384c131b3db8,
calibrated_combined,979914492,0,COMPLETE,True,719,258066.0,3000.0,4.66507281600002,98520,2bd06fe94a03854769942a2e30f9623cafbbd73f4fa5095962d138a5316e9eb8,a7bf32eb583e9f4fdd7b0f9cc46c64bbc8160559c4040abf074b410e0b8bb0ac,games/game_024_seed979914492_seat0.replay.jsonl.gz,ca9537cfabe7fc4b337400b772d0c1567636b3c79d3b2c83c0b5dc29955622dd,
calibrated_combined,979914492,1,COMPLETE,True,719,258066.0,3000.0,4.474705413000038,98520,2bd06fe94a03854769942a2e30f9623cafbbd73f4fa5095962d138a5316e9eb8,a7bf32eb583e9f4fdd7b0f9cc46c64bbc8160559c4040abf074b410e0b8bb0ac,games/game_025_seed979914492_seat1.replay.jsonl.gz,5aa901a7c83b1fb4e89c6afaecfa5d86da296f4a5df2cf2a1ea2e6b1b3fd96a8,
calibrated_combined,1138364143,0,COMPLETE,True,719,162981.0,3000.0,4.718733790999977,98132,2bd06fe94a03854769942a2e30f9623cafbbd73f4fa5095962d138a5316e9eb8,aa8d7f8af3d43c71498ee7ff0784bdc3e38686efe5f334e09618cf2c85e71cf3,games/game_020_seed1138364143_seat0.replay.jsonl.gz,fa9929c94ab5779c85effb7f0b96d12c53adbeb77a1c1507d3cf96ef66cd92b0,
calibrated_combined,1138364143,1,COMPLETE,True,719,162981.0,3000.0,5.172887954000089,98132,2bd06fe94a03854769942a2e30f9623cafbbd73f4fa5095962d138a5316e9eb8,aa8d7f8af3d43c71498ee7ff0784bdc3e38686efe5f334e09618cf2c85e71cf3,games/game_021_seed1138364143_seat1.replay.jsonl.gz,3a92b6c8b64049378b52826b50e5375d775c057cd8e10a8012aa059b3557017c,
calibrated_combined,1175089851,0,COMPLETE,True,719,177591.0,3000.0,5.202060384999982,98112,2bd06fe94a03854769942a2e30f9623cafbbd73f4fa5095962d138a5316e9eb8,da6a6be31c82f5d2a5bdc31a7c89ba9bb0db7883b91eabb8f30d72d71637d198,games/game_018_seed1175089851_seat0.replay.jsonl.gz,e8628a7ef4e732fb9fbb20cef9fff869eae7c20af892ac0b2c9a51294dfbf2d5,
calibrated_combined,1175089851,1,COMPLETE,True,719,175360.0,3000.0,4.77423038400002,98132,2bd06fe94a03854769942a2e30f9623cafbbd73f4fa5095962d138a5316e9eb8,4cd1a21cd29ee1f1d0917ae821e54838072dc81635a61699d933f892fc287625,games/game_019_seed1175089851_seat1.replay.jsonl.gz,050d2332ecc9209178ebec8302188005ca0b3ca1866e063db95d33fe2d8e310c,
calibrated_combined,1387052231,0,COMPLETE,True,719,243046.0,3000.0,5.098721320999971,97724,2bd06fe94a03854769942a2e30f9623cafbbd73f4fa5095962d138a5316e9eb8,38021af7fccd66f24c30a712dc658bf1b2544eb01d2708087ef40d888c9b7e70,games/game_014_seed1387052231_seat0.replay.jsonl.gz,06c8c7be0a5b972c6da67a80c33d6dfdfdca6d1c82fd1c5a0c5df399ef853241,
calibrated_combined,1387052231,1,COMPLETE,True,719,249974.0,3000.0,5.239431166999907,97724,2bd06fe94a03854769942a2e30f9623cafbbd73f4fa5095962d138a5316e9eb8,95b83be9e4ac82c1eef04c5b054c57fdbcdc549cde3e41fb0df433b6cb6ce6e7,games/game_015_seed1387052231_seat1.replay.jsonl.gz,33e90a923f3ca7b392a1dc9ffee9e08f43c7019f745f6e8d4449cfaa777f8cd2,
calibrated_combined,1421711696,0,COMPLETE,True,719,182368.0,3000.0,4.663286395,98520,2bd06fe94a03854769942a2e30f9623cafbbd73f4fa5095962d138a5316e9eb8,f728abe11f54f88ccf47efe22e4ebfab53fb2e338dc342f6312b6cf4857ee98b,games/game_026_seed1421711696_seat0.replay.jsonl.gz,f5af513ed8fc80be4e4aa382cea543ba2753664b5f9630724fd3cf67a5ca7201,
calibrated_combined,1421711696,1,COMPLETE,True,719,182368.0,3000.0,4.722431290000031,98520,2bd06fe94a03854769942a2e30f9623cafbbd73f4fa5095962d138a5316e9eb8,f728abe11f54f88ccf47efe22e4ebfab53fb2e338dc342f6312b6cf4857ee98b,games/game_027_seed1421711696_seat1.replay.jsonl.gz,485ec36cd85d5d5197e8a262ca80a943d3d870735b3dceb64ae6a670b32172cf,
calibrated_combined,1459327281,0,COMPLETE,True,719,234294.0,3000.0,5.144409652000036,97816,2bd06fe94a03854769942a2e30f9623cafbbd73f4fa5095962d138a5316e9eb8,f56513d8fa34a3c0c0a3edaa9690e33f11b2e13b1ee30e9884f96a5597f880ae,games/game_016_seed1459327281_seat0.replay.jsonl.gz,1566e4185b7120e92df3f076d4d63bd1c6c11c5489b1dd60c34dd19b4e9b2e01,
calibrated_combined,1459327281,1,COMPLETE,True,719,234294.0,3000.0,5.1057638519999955,98112,2bd06fe94a03854769942a2e30f9623cafbbd73f4fa5095962d138a5316e9eb8,f56513d8fa34a3c0c0a3edaa9690e33f11b2e13b1ee30e9884f96a5597f880ae,games/game_017_seed1459327281_seat1.replay.jsonl.gz,d664779cb64139f908f2f94f2a21a4fb16627de81de4558e57f6f978ce52ebb7,
calibrated_combined,1514191294,0,COMPLETE,True,719,228946.0,3000.0,4.950719603000039,97240,2bd06fe94a03854769942a2e30f9623cafbbd73f4fa5095962d138a5316e9eb8,fef56ba7e0e0b72f72b99ca83109e4c15baabc4db9ef8ec80cb9f0fc4a4acb56,games/game_006_seed1514191294_seat0.replay.jsonl.gz,ad9af13d3ea670a5869dbd317e42d9c92f0888afdfe6b93aa56c4a8dd85b1c26,
calibrated_combined,1514191294,1,COMPLETE,True,719,229474.0,3000.0,4.820086973999992,97416,2bd06fe94a03854769942a2e30f9623cafbbd73f4fa5095962d138a5316e9eb8,fb57107a665ec4843b4101e39e0d6c0ac690c1ff397a1fc25f1c3738d4b65204,games/game_007_seed1514191294_seat1.replay.jsonl.gz,9f97e1e850dbe5bc2f5cb1c05c6a0840c28a2b01d82041c873b76fac183a8db1,
calibrated_combined,1652205610,0,COMPLETE,True,719,202440.0,3000.0,4.879755339999974,94824,2bd06fe94a03854769942a2e30f9623cafbbd73f4fa5095962d138a5316e9eb8,b482842da5b6e447c085ffbfdc9ef4b8d81a8cb70528e0ee1ca37a5496b4220e,games/game_000_seed1652205610_seat0.replay.jsonl.gz,cfd37809c7937a7353bc527e325e1c7e4ea97d3543a7118034397af39925a2bf,
calibrated_combined,1652205610,1,COMPLETE,True,719,196772.0,3000.0,4.88126623200003,96324,2bd06fe94a03854769942a2e30f9623cafbbd73f4fa5095962d138a5316e9eb8,dc15d2b9e0f3611f5035b8240773423a9382c497e367362417974c35d982b4d7,games/game_001_seed1652205610_seat1.replay.jsonl.gz,e6e2750d416bd75bfbae82eeabbe91cd0d7940e8143e8834be0c0c9b11069d6e,
calibrated_combined,1715028217,0,COMPLETE,True,719,200839.0,3000.0,4.414909562999924,97528,2bd06fe94a03854769942a2e30f9623cafbbd73f4fa5095962d138a5316e9eb8,034f8db6c4cdc5dcf610e4b83df326250dba6ee770e786ab6a12c6e6488e8c6a,games/game_010_seed1715028217_seat0.replay.jsonl.gz,906dbd56f041acebcece6249b9a071663ccd38ea84734a0a4eb6b1a6c3d1fb8c,
calibrated_combined,1715028217,1,COMPLETE,True,719,200910.0,3000.0,4.432241206999947,97568,2bd06fe94a03854769942a2e30f9623cafbbd73f4fa5095962d138a5316e9eb8,9e6c568f1143d86d3b748346e1ec5369cc4b40bbda5c18957ac712968fe16b37,games/game_011_seed1715028217_seat1.replay.jsonl.gz,307ae7906a15e02d6c5be3f32b9a50253367c749c7c4fa4002b565bee9ffe2c5,
calibrated_combined,1722159489,0,COMPLETE,True,719,179029.0,3000.0,4.861217306000071,98520,2bd06fe94a03854769942a2e30f9623cafbbd73f4fa5095962d138a5316e9eb8,af75310b920c96e2783c5340a43493fe8c73edbda3b5dd96a8a7fc52ffabcf8a,games/game_022_seed1722159489_seat0.replay.jsonl.gz,79a010a0417d482e318cd49fe135b47bf03223e9b1c114c19f729c8767ed600d,
calibrated_combined,1722159489,1,COMPLETE,True,719,180204.0,3000.0,4.323975219999966,98520,2bd06fe94a03854769942a2e30f9623cafbbd73f4fa5095962d138a5316e9eb8,0b0bbcbf11572ca19943626e5c1b560714b82343ef53e8ddfeb5e3bd54e1a0d5,games/game_023_seed1722159489_seat1.replay.jsonl.gz,fe116f96dcc2981340865944d7b93ddc5621c6be9d7e1a049462f09207cf51f6,
calibrated_combined,1948729637,0,COMPLETE,True,719,240405.0,3000.0,5.171774072000062,96796,2bd06fe94a03854769942a2e30f9623cafbbd73f4fa5095962d138a5316e9eb8,d5ae12e77b0aa4d8fdac015dc189f41e9d4bc36381d4830e79ac0b0d563417b1,games/game_004_seed1948729637_seat0.replay.jsonl.gz,8047066ef3d79f23153d8a394a8f0e54d901e500fb1a5a88a04af7f7c2c4e817,
calibrated_combined,1948729637,1,COMPLETE,True,719,219177.0,3000.0,4.581063648000054,96960,2bd06fe94a03854769942a2e30f9623cafbbd73f4fa5095962d138a5316e9eb8,5ad48c54384e99f0ce4fd02f5f2824dd91ff4a24fb7db2be42c9d2db1bdcdaa9,games/game_005_seed1948729637_seat1.replay.jsonl.gz,727fab0373148c686fe5e278c76df7dbad28c538cc4bcb2ded8dc4e1d2fabd0c,
entry_reset,766857369,0,COMPLETE,True,719,168843.0,3000.0,4.2232984800000395,111712,4b1c2bc7f2da52429ab1d734a048108b50dd84e3a9c05d12d0a832b398ecb365,98807b57e8b5146beaf50778dfd1a79173e2ddc32e2955c669253a0f19c29a8b,games/game_000_seed766857369_seat0.replay.jsonl.gz,8178381d9f64893a13072ff986c6da6bed4c0e07d2489fb2372fd56ba995ca64,
entry_reset,766857369,1,COMPLETE,True,719,168843.0,3000.0,4.182591404999812,111712,4b1c2bc7f2da52429ab1d734a048108b50dd84e3a9c05d12d0a832b398ecb365,98807b57e8b5146beaf50778dfd1a79173e2ddc32e2955c669253a0f19c29a8b,games/game_001_seed766857369_seat1.replay.jsonl.gz,f87b44e33ef331e5f4842fcc3646c4e6f8ddbe4d7402dc58d6bb453fc5810ff1,
entry_reset,766857369,0,COMPLETE,True,719,168843.0,3000.0,4.1368974929998785,111712,4b1c2bc7f2da52429ab1d734a048108b50dd84e3a9c05d12d0a832b398ecb365,98807b57e8b5146beaf50778dfd1a79173e2ddc32e2955c669253a0f19c29a8b,games/game_002_seed766857369_seat0.replay.jsonl.gz,b23d7af3681c7ebd47b9f8579b6c06eed4f1debae8f9fd56d3425120d96fba7a,
entry_reset,766857369,1,COMPLETE,True,719,168843.0,3000.0,4.136022737999838,111712,4b1c2bc7f2da52429ab1d734a048108b50dd84e3a9c05d12d0a832b398ecb365,98807b57e8b5146beaf50778dfd1a79173e2ddc32e2955c669253a0f19c29a8b,games/game_003_seed766857369_seat1.replay.jsonl.gz,0c888994aab49d9644f42f603a6af800a3a1933e293ad8e5ddd688d1d7c5e42e,
guarded_combined,28576209,0,COMPLETE,True,719,175400.0,3000.0,4.731569499999978,98716,e6db081d517da871140ac5d8b8986e3fe4017194a2087cc6c75193cc2cfa9375,7bcfccd9378539ec0fb5620709c333836777a03926c080e375cbe11254604985,games/game_028_seed28576209_seat0.replay.jsonl.gz,d3f54384969f3fb414504056927e6b86e97f73334626e29774e9c480f88c95af,
guarded_combined,28576209,1,COMPLETE,True,719,174891.0,3000.0,4.798573875999978,98716,e6db081d517da871140ac5d8b8986e3fe4017194a2087cc6c75193cc2cfa9375,6083265a6d661e72da1d598f423067849f89e275bcdc99e09a3d2e1c06210b76,games/game_029_seed28576209_seat1.replay.jsonl.gz,3ce368707065acc7b8278dca0fbbcd465f9ae2e56402204ae6b78e9548704b8c,
guarded_combined,394509745,0,COMPLETE,True,719,226152.0,3000.0,4.700029543000028,98716,e6db081d517da871140ac5d8b8986e3fe4017194a2087cc6c75193cc2cfa9375,5a3476cc871a6d519bbf543d9ee2e5015ddefffeebc7d9f0a9302fd673b786e5,games/game_030_seed394509745_seat0.replay.jsonl.gz,d825cfa00509ac89d49ba242e4e6eeec2d7eaf6d42753d633f890936ac477dc2,
guarded_combined,394509745,1,COMPLETE,True,719,235065.0,3000.0,5.3473865610000075,98716,e6db081d517da871140ac5d8b8986e3fe4017194a2087cc6c75193cc2cfa9375,266c51ec93e4571a01575b22efa417de0809fe977239ce02e555d2d6ccd2e9ed,games/game_031_seed394509745_seat1.replay.jsonl.gz,3909c4ba89fc3127e86189b61e84cbd4a0ce324a5c4e5156524c0a20648df92a,
guarded_combined,766857369,0,COMPLETE,True,719,168955.0,3000.0,5.124308781999957,97684,e6db081d517da871140ac5d8b8986e3fe4017194a2087cc6c75193cc2cfa9375,acabc8284df4eca9cf431a7562bbf2802f3f71524123c54877a74ee05aad8476,games/game_012_seed766857369_seat0.replay.jsonl.gz,e88dd8a656425807f549c23d56b87bdef98a970721240dab90246a72ae10d301,
guarded_combined,766857369,1,COMPLETE,True,719,168955.0,3000.0,4.772182677000046,97728,e6db081d517da871140ac5d8b8986e3fe4017194a2087cc6c75193cc2cfa9375,acabc8284df4eca9cf431a7562bbf2802f3f71524123c54877a74ee05aad8476,games/game_013_seed766857369_seat1.replay.jsonl.gz,1df6b55d13984190e4630273c77bc362438cb3cc8fba9033d220a1cb98ebb1a9,
guarded_combined,833126169,0,COMPLETE,True,719,194669.0,3000.0,5.252547451999931,97036,e6db081d517da871140ac5d8b8986e3fe4017194a2087cc6c75193cc2cfa9375,c7e8e2e53f3adfeecfd67c33114c6001cbe641e3ca5ab96e0d7b37bfe6f6228a,games/game_008_seed833126169_seat0.replay.jsonl.gz,e68510d9622d52597f546c0889f91d6bcf70e1dd79c94d184bbca6bdb2f8f384,
guarded_combined,833126169,1,COMPLETE,True,719,194669.0,3000.0,5.312137681999957,97556,e6db081d517da871140ac5d8b8986e3fe4017194a2087cc6c75193cc2cfa9375,c7e8e2e53f3adfeecfd67c33114c6001cbe641e3ca5ab96e0d7b37bfe6f6228a,games/game_009_seed833126169_seat1.replay.jsonl.gz,15b18f82ed18f661b638b8d2284841523b10427ae42c1292ebea90494b66d69f,
guarded_combined,979746784,0,COMPLETE,True,719,176615.0,3000.0,4.6252536169999985,96240,e6db081d517da871140ac5d8b8986e3fe4017194a2087cc6c75193cc2cfa9375,64f93aae59f29a42143ad3ad053529c71f6e100bb21369bcb734f35866d87de6,games/game_002_seed979746784_seat0.replay.jsonl.gz,f8fdc566edeba14b4b60b21e6bbeb88259f646ac1ca4a08615e538026f669e63,
guarded_combined,979746784,1,COMPLETE,True,719,176615.0,3000.0,4.602222993000055,96464,e6db081d517da871140ac5d8b8986e3fe4017194a2087cc6c75193cc2cfa9375,64f93aae59f29a42143ad3ad053529c71f6e100bb21369bcb734f35866d87de6,games/game_003_seed979746784_seat1.replay.jsonl.gz,1c0f5181f4146f3732575b238432924814652a5de0a8333c703a4644f8866fd6,
guarded_combined,979914492,0,COMPLETE,True,719,258066.0,3000.0,4.689934206999965,98716,e6db081d517da871140ac5d8b8986e3fe4017194a2087cc6c75193cc2cfa9375,a7bf32eb583e9f4fdd7b0f9cc46c64bbc8160559c4040abf074b410e0b8bb0ac,games/game_024_seed979914492_seat0.replay.jsonl.gz,69f210e8b55653cfc2bc8b6c96ac98dc26f9689efe662017a9176ce2a1bc92e4,
guarded_combined,979914492,1,COMPLETE,True,719,258066.0,3000.0,4.646659646999979,98716,e6db081d517da871140ac5d8b8986e3fe4017194a2087cc6c75193cc2cfa9375,a7bf32eb583e9f4fdd7b0f9cc46c64bbc8160559c4040abf074b410e0b8bb0ac,games/game_025_seed979914492_seat1.replay.jsonl.gz,411a781c3cbe60a03c7d63df5c89af5f6948bc3268999c2123ca0db18f327482,
guarded_combined,1138364143,0,COMPLETE,True,719,162902.0,3000.0,4.890053587000011,98536,e6db081d517da871140ac5d8b8986e3fe4017194a2087cc6c75193cc2cfa9375,efbd17a9c86b73480e978bb0223d3cf3fff02c949273a971144409612c44cbd7,games/game_020_seed1138364143_seat0.replay.jsonl.gz,8bc68031193a205b9a6cc6cc83889ca36c6ae81fef27b44c8045a8a0357dd5b1,
guarded_combined,1138364143,1,COMPLETE,True,719,162902.0,3000.0,4.898082159000069,98716,e6db081d517da871140ac5d8b8986e3fe4017194a2087cc6c75193cc2cfa9375,efbd17a9c86b73480e978bb0223d3cf3fff02c949273a971144409612c44cbd7,games/game_021_seed1138364143_seat1.replay.jsonl.gz,217ee4d28c5b091f5a796dea9cacd50f66efc03efbaaf8903714e0d78f02457e,
guarded_combined,1175089851,0,COMPLETE,True,719,176969.0,3000.0,5.301625327000011,98312,e6db081d517da871140ac5d8b8986e3fe4017194a2087cc6c75193cc2cfa9375,b4fb0f6a56caed5286cf9fda0dc4b3b0ac3455be337b6b46f0372a3970f7a5f9,games/game_018_seed1175089851_seat0.replay.jsonl.gz,3c3fd3f36dccf0bec6d431e469edf795cc07831f7c0e8a02c191adb13dc06b96,
guarded_combined,1175089851,1,COMPLETE,True,719,175360.0,3000.0,4.87628122600006,98348,e6db081d517da871140ac5d8b8986e3fe4017194a2087cc6c75193cc2cfa9375,4cd1a21cd29ee1f1d0917ae821e54838072dc81635a61699d933f892fc287625,games/game_019_seed1175089851_seat1.replay.jsonl.gz,cc54c8be070da307bd07777fbfffa3ddb6fbf35f1375aaf58796bfc102121dc5,
guarded_combined,1387052231,0,COMPLETE,True,719,243046.0,3000.0,5.146459058000005,97728,e6db081d517da871140ac5d8b8986e3fe4017194a2087cc6c75193cc2cfa9375,38021af7fccd66f24c30a712dc658bf1b2544eb01d2708087ef40d888c9b7e70,games/game_014_seed1387052231_seat0.replay.jsonl.gz,d4930f572b65b99f5e5ece0aee2dfb87020aa3293e536d59e41727c9633e15f2,
guarded_combined,1387052231,1,COMPLETE,True,719,250092.0,3000.0,5.001183939000043,97728,e6db081d517da871140ac5d8b8986e3fe4017194a2087cc6c75193cc2cfa9375,a18c7277c67f05be9a984e0ac96a88cfd6010124d27bd23287adacfaed489d22,games/game_015_seed1387052231_seat1.replay.jsonl.gz,075d09958a9cf46164bc9a040998e5ca6e3078bb71928c63d248b902d5233477,
guarded_combined,1421711696,0,COMPLETE,True,719,182368.0,3000.0,4.746483247000015,98716,e6db081d517da871140ac5d8b8986e3fe4017194a2087cc6c75193cc2cfa9375,f728abe11f54f88ccf47efe22e4ebfab53fb2e338dc342f6312b6cf4857ee98b,games/game_026_seed1421711696_seat0.replay.jsonl.gz,eb5bca01e4b28ac38ffcd53ccd8724b9d14743ee0b61a5d6f40f8b1c60eec3c0,
guarded_combined,1421711696,1,COMPLETE,True,719,182368.0,3000.0,4.975141846999918,98716,e6db081d517da871140ac5d8b8986e3fe4017194a2087cc6c75193cc2cfa9375,f728abe11f54f88ccf47efe22e4ebfab53fb2e338dc342f6312b6cf4857ee98b,games/game_027_seed1421711696_seat1.replay.jsonl.gz,b344c0b8e73a68ab885f5120c2f78145489d372b05c66b3b08c3280403c766e5,
guarded_combined,1459327281,0,COMPLETE,True,719,256076.0,3000.0,4.8420654440000135,98224,e6db081d517da871140ac5d8b8986e3fe4017194a2087cc6c75193cc2cfa9375,184f49f79d6c915521479cfd1716bb47ad2252e1ade5f9f9c2acbde30a131f15,games/game_016_seed1459327281_seat0.replay.jsonl.gz,44635738968151326d89524ed895e37b11b0bce633fa579c0ba6afd58bff2e28,
guarded_combined,1459327281,1,COMPLETE,True,719,256076.0,3000.0,4.905104281999911,98280,e6db081d517da871140ac5d8b8986e3fe4017194a2087cc6c75193cc2cfa9375,184f49f79d6c915521479cfd1716bb47ad2252e1ade5f9f9c2acbde30a131f15,games/game_017_seed1459327281_seat1.replay.jsonl.gz,28e7e7fc3a24f1e0180fbc2e768cfbd7409a6748961415b8bab1cf6a060f580e,
guarded_combined,1514191294,0,COMPLETE,True,719,228946.0,3000.0,5.054622907000066,96616,e6db081d517da871140ac5d8b8986e3fe4017194a2087cc6c75193cc2cfa9375,fef56ba7e0e0b72f72b99ca83109e4c15baabc4db9ef8ec80cb9f0fc4a4acb56,games/game_006_seed1514191294_seat0.replay.jsonl.gz,7b022313f2e9785af2aba79aeea6ce178618fac13c6a674b77a66ce58d38e1b7,
guarded_combined,1514191294,1,COMPLETE,True,719,229474.0,3000.0,5.112528560999976,97036,e6db081d517da871140ac5d8b8986e3fe4017194a2087cc6c75193cc2cfa9375,fb57107a665ec4843b4101e39e0d6c0ac690c1ff397a1fc25f1c3738d4b65204,games/game_007_seed1514191294_seat1.replay.jsonl.gz,1068bbbe1676823b97fa536d3b9563ca16850520135227d3dcaf097311c3100d,
guarded_combined,1652205610,0,COMPLETE,True,719,202440.0,3000.0,5.115272806999997,95176,e6db081d517da871140ac5d8b8986e3fe4017194a2087cc6c75193cc2cfa9375,b482842da5b6e447c085ffbfdc9ef4b8d81a8cb70528e0ee1ca37a5496b4220e,games/game_000_seed1652205610_seat0.replay.jsonl.gz,5a624e159c5c3d098a279cab045929e893fbed24be7e120764bd702cedaefceb,
guarded_combined,1652205610,1,COMPLETE,True,719,196772.0,3000.0,5.165561529000001,96200,e6db081d517da871140ac5d8b8986e3fe4017194a2087cc6c75193cc2cfa9375,dc15d2b9e0f3611f5035b8240773423a9382c497e367362417974c35d982b4d7,games/game_001_seed1652205610_seat1.replay.jsonl.gz,3d2dcbfe0a2b0559002ecbf18d3a09853c304eb3ec0856499c8716ac40b61b88,
guarded_combined,1715028217,0,COMPLETE,True,719,200839.0,3000.0,4.856737257000077,97556,e6db081d517da871140ac5d8b8986e3fe4017194a2087cc6c75193cc2cfa9375,034f8db6c4cdc5dcf610e4b83df326250dba6ee770e786ab6a12c6e6488e8c6a,games/game_010_seed1715028217_seat0.replay.jsonl.gz,1bdaca0f5fc57e92400c377e61c5ccc9208077194baf3e58a156d82a5a43a43c,
guarded_combined,1715028217,1,COMPLETE,True,719,200910.0,3000.0,4.985301260000028,97556,e6db081d517da871140ac5d8b8986e3fe4017194a2087cc6c75193cc2cfa9375,9e6c568f1143d86d3b748346e1ec5369cc4b40bbda5c18957ac712968fe16b37,games/game_011_seed1715028217_seat1.replay.jsonl.gz,1ff81ceb5950dcef753664fc29dd8b1eaa160bf817d127189538d006498ae3ec,
guarded_combined,1722159489,0,COMPLETE,True,719,179029.0,3000.0,4.647144344000026,98716,e6db081d517da871140ac5d8b8986e3fe4017194a2087cc6c75193cc2cfa9375,af75310b920c96e2783c5340a43493fe8c73edbda3b5dd96a8a7fc52ffabcf8a,games/game_022_seed1722159489_seat0.replay.jsonl.gz,bc6c4014ae8db04107993bf5dff78a2fe2f1510768d9305aa5a1a7e43faf389e,
guarded_combined,1722159489,1,COMPLETE,True,719,180204.0,3000.0,4.631498641999997,98716,e6db081d517da871140ac5d8b8986e3fe4017194a2087cc6c75193cc2cfa9375,0b0bbcbf11572ca19943626e5c1b560714b82343ef53e8ddfeb5e3bd54e1a0d5,games/game_023_seed1722159489_seat1.replay.jsonl.gz,e11c340cf7db58dab0d8914dccf5430b56356f1bf4a66dcc17d438313949b826,
guarded_combined,1948729637,0,COMPLETE,True,719,239882.0,3000.0,5.194552517000034,96464,e6db081d517da871140ac5d8b8986e3fe4017194a2087cc6c75193cc2cfa9375,4b4ffa90aae90b62b49e50f7cb3296244b2090992c944f325c0d1f8b08d9a17b,games/game_004_seed1948729637_seat0.replay.jsonl.gz,4298d27b2a8d48ee5ed4b6936e20b8ed2d987a909c930a6a55352b31dc270163,
guarded_combined,1948729637,1,COMPLETE,True,719,219177.0,3000.0,4.667517130000078,96612,e6db081d517da871140ac5d8b8986e3fe4017194a2087cc6c75193cc2cfa9375,5ad48c54384e99f0ce4fd02f5f2824dd91ff4a24fb7db2be42c9d2db1bdcdaa9,games/game_005_seed1948729637_seat1.replay.jsonl.gz,8752cd7de1d4bcb92b9666e41e200f4e182904aa55cc6af6678c3e26d9f918df,
guarded_delivery,28576209,0,COMPLETE,True,719,157812.0,3000.0,5.023194276999902,98672,e6db081d517da871140ac5d8b8986e3fe4017194a2087cc6c75193cc2cfa9375,ce43ddd715d91424551826c9211eb912b49a0f7659c91ece923814fd584d5707,games/game_028_seed28576209_seat0.replay.jsonl.gz,3e2d01e18889bdacc3b8f31aff216aa7d6c4cf6bec92108ff8e8fa53757b0cd4,
guarded_delivery,28576209,1,COMPLETE,True,719,157537.0,3000.0,5.025203456999975,98672,e6db081d517da871140ac5d8b8986e3fe4017194a2087cc6c75193cc2cfa9375,ea8d011c40755f8030ab9d2e48e9b46263ab343c7506cb900354b90a11bbcfef,games/game_029_seed28576209_seat1.replay.jsonl.gz,a49943f12dcd68c09af0b5f30a1acb237bedda38721a30a5d310f637633013c8,
guarded_delivery,394509745,0,COMPLETE,True,719,215183.0,3000.0,5.121457015000033,98672,e6db081d517da871140ac5d8b8986e3fe4017194a2087cc6c75193cc2cfa9375,84d684c8ffa7f60a91d939f0cf368b4dac551c841276a4a79a23ec8398ff46bc,games/game_030_seed394509745_seat0.replay.jsonl.gz,4e6ef36a84e8cec1e6d30b154664f48af623a2e901a42f9eecc5c4121b50ad5c,
guarded_delivery,394509745,1,COMPLETE,True,719,245211.0,3000.0,5.181815021000034,98672,e6db081d517da871140ac5d8b8986e3fe4017194a2087cc6c75193cc2cfa9375,9c8a3dcf101c1e9cdd39e8c416f545c9a548eb83ddbc5b406e8cf7bdf5ab284d,games/game_031_seed394509745_seat1.replay.jsonl.gz,1776e9095a1fccd9fe5d41c3f11b019f00a25bd75266cf6f20bcfb3c133479a6,
guarded_delivery,766857369,0,COMPLETE,True,719,171726.0,3000.0,5.120707710000033,98092,e6db081d517da871140ac5d8b8986e3fe4017194a2087cc6c75193cc2cfa9375,e739f1704aa84f2f0ca75ba3ddeb5894559c850ed759e6f98f87100e99a20f4b,games/game_012_seed766857369_seat0.replay.jsonl.gz,4bfa385a2c057fae51e845d2959ff876b7db5a463b99303d666e3dc16a4c5112,
guarded_delivery,766857369,1,COMPLETE,True,719,171726.0,3000.0,5.115152088999935,98152,e6db081d517da871140ac5d8b8986e3fe4017194a2087cc6c75193cc2cfa9375,e739f1704aa84f2f0ca75ba3ddeb5894559c850ed759e6f98f87100e99a20f4b,games/game_013_seed766857369_seat1.replay.jsonl.gz,dc7a35ef5f35e4e21057f3c94c16484cbca4a548cccff4e2d48f90c85d8d3573,
guarded_delivery,833126169,0,COMPLETE,True,719,178086.0,3000.0,5.292424588000017,97124,e6db081d517da871140ac5d8b8986e3fe4017194a2087cc6c75193cc2cfa9375,d8c96c919ed1dbff68ff9bf312edd2f4b77372b6494eb986d089187da3395b7f,games/game_008_seed833126169_seat0.replay.jsonl.gz,0d580193031eab82387a58487211067c4f3ce9325bebb9ed33bcef8ed37310a9,
guarded_delivery,833126169,1,COMPLETE,True,719,178086.0,3000.0,5.514226757000074,97572,e6db081d517da871140ac5d8b8986e3fe4017194a2087cc6c75193cc2cfa9375,d8c96c919ed1dbff68ff9bf312edd2f4b77372b6494eb986d089187da3395b7f,games/game_009_seed833126169_seat1.replay.jsonl.gz,14ea5d0ec7cbdea8e43265892653cccfeb6b882fb2fa6e28d7fe3986779946e4,
guarded_delivery,979746784,0,COMPLETE,True,719,190898.0,3000.0,5.545572522000043,96664,e6db081d517da871140ac5d8b8986e3fe4017194a2087cc6c75193cc2cfa9375,02fc018fb54a5a5e3f9ec4eabf80b325674f3ef3873ab6daaaed7ce7ce02a057,games/game_002_seed979746784_seat0.replay.jsonl.gz,913087f4a20e55140fba50abbbe0064013ab2830e1285e91cd41c3a8671cf50f,
guarded_delivery,979746784,1,COMPLETE,True,719,190898.0,3000.0,5.306007079000096,96664,e6db081d517da871140ac5d8b8986e3fe4017194a2087cc6c75193cc2cfa9375,02fc018fb54a5a5e3f9ec4eabf80b325674f3ef3873ab6daaaed7ce7ce02a057,games/game_003_seed979746784_seat1.replay.jsonl.gz,3f6cb307dac2a4f283b19839c93b8c84d2323b3cb928462db2b52b7488ef4af4,
guarded_delivery,979914492,0,COMPLETE,True,719,251357.0,3000.0,5.69704854500003,98672,e6db081d517da871140ac5d8b8986e3fe4017194a2087cc6c75193cc2cfa9375,3e5e5e77e9cde6426145f56b215e94ddb5fb9b26cc6c34c6baf3530a67444115,games/game_024_seed979914492_seat0.replay.jsonl.gz,59e73cfb21a8020407220fec8e6c89801a4d094c80894d43720e9b0e0f5cc651,
guarded_delivery,979914492,1,COMPLETE,True,719,251357.0,3000.0,5.688413037000032,98672,e6db081d517da871140ac5d8b8986e3fe4017194a2087cc6c75193cc2cfa9375,3e5e5e77e9cde6426145f56b215e94ddb5fb9b26cc6c34c6baf3530a67444115,games/game_025_seed979914492_seat1.replay.jsonl.gz,d0e270b1aeba6eb6b4483c28cc81c6faa8728744856d6fd112f2ce06d7034a30,
guarded_delivery,1138364143,0,COMPLETE,True,719,172600.0,3000.0,4.940775057999986,98672,e6db081d517da871140ac5d8b8986e3fe4017194a2087cc6c75193cc2cfa9375,72f2662c5f389e060b9a029ac397061213b360e3d9d074b04c0db39cf28d0060,games/game_020_seed1138364143_seat0.replay.jsonl.gz,15a056d44c899063b33ceebefeff19a1b537621188c4e8b20d931f38f242539e,
guarded_delivery,1138364143,1,COMPLETE,True,719,169673.0,3000.0,4.78497109500006,98672,e6db081d517da871140ac5d8b8986e3fe4017194a2087cc6c75193cc2cfa9375,9446630e8c132699dda54f4e51c33653bbeedd009cb69ce35027ff6f9f53a120,games/game_021_seed1138364143_seat1.replay.jsonl.gz,02b47d7aef3b84c31331ddee52c430356ff8fe860fa406d2b234e6854e837ecb,
guarded_delivery,1175089851,0,COMPLETE,True,719,159823.0,3000.0,5.101463619000015,98672,e6db081d517da871140ac5d8b8986e3fe4017194a2087cc6c75193cc2cfa9375,02ed28b4a43abd925191303816b3d26c868074d582314cf225ecd96b6a75eaa0,games/game_018_seed1175089851_seat0.replay.jsonl.gz,08be1c47452522e42c03ef83630e93d84b48128680829b82ef73176331998a6a,
guarded_delivery,1175089851,1,COMPLETE,True,719,157354.0,3000.0,4.609084617999997,98672,e6db081d517da871140ac5d8b8986e3fe4017194a2087cc6c75193cc2cfa9375,2c080f3f8a0b13ad6d2b5aa6d2172ca02cca9f1435989fd3478376acd6a183ee,games/game_019_seed1175089851_seat1.replay.jsonl.gz,421650b33213589314e2584100654ea084f2e0d50193b8ea57f09477022c6010,
guarded_delivery,1387052231,0,COMPLETE,True,719,188506.0,3000.0,4.726074964000077,98336,e6db081d517da871140ac5d8b8986e3fe4017194a2087cc6c75193cc2cfa9375,1f58988bb3eb738b87e9585337d4585fc0ce53aab4c5ced3947ae41ddda1fe97,games/game_014_seed1387052231_seat0.replay.jsonl.gz,6409e55604644f6c93570941b95582cc56affa9599997ce4ec85d2f4529a57b5,
guarded_delivery,1387052231,1,COMPLETE,True,719,193609.0,3000.0,5.030830723000008,98400,e6db081d517da871140ac5d8b8986e3fe4017194a2087cc6c75193cc2cfa9375,0aa706efedda679aaedff6faa9a105cf68f064af15de5d401328284dbc6145ce,games/game_015_seed1387052231_seat1.replay.jsonl.gz,2b796e9a0c6b81cab21640177d916e50cde7a5a0ee383827b3b94b1c70f89295,
guarded_delivery,1421711696,0,COMPLETE,True,719,254718.0,3000.0,5.320021122000071,98672,e6db081d517da871140ac5d8b8986e3fe4017194a2087cc6c75193cc2cfa9375,72b6752646bb3927f1de4294ca0b84c5ecdb02d631dd706f0c5a5ee8ce9a6598,games/game_026_seed1421711696_seat0.replay.jsonl.gz,ac8fbda6108f13f7a63271fec33351729c38c5f800bc26719a3bf7be3acf77f2,
guarded_delivery,1421711696,1,COMPLETE,True,719,187208.0,3000.0,4.954235704999974,98672,e6db081d517da871140ac5d8b8986e3fe4017194a2087cc6c75193cc2cfa9375,8f1aed0c537ee698d907f9682e3789021d86d2630b59444f2d4b2d9e5dca1b7e,games/game_027_seed1421711696_seat1.replay.jsonl.gz,d1cd451ee51075381bf8bf4087cc583a249ff54505605f0d22ce60afe4bf5927,
guarded_delivery,1459327281,0,COMPLETE,True,719,198902.0,3000.0,4.802956853000069,98528,e6db081d517da871140ac5d8b8986e3fe4017194a2087cc6c75193cc2cfa9375,a2a0ea1106b8cd8ef4bdf3fbdad7fbcff58b3ea0fe1c2109e689d731f7df8360,games/game_016_seed1459327281_seat0.replay.jsonl.gz,9c923327b01fe5021535fc875a9fdc561a3523b6f70ce8321baca116ca5a6789,
guarded_delivery,1459327281,1,COMPLETE,True,719,198902.0,3000.0,4.941473802000019,98672,e6db081d517da871140ac5d8b8986e3fe4017194a2087cc6c75193cc2cfa9375,a2a0ea1106b8cd8ef4bdf3fbdad7fbcff58b3ea0fe1c2109e689d731f7df8360,games/game_017_seed1459327281_seat1.replay.jsonl.gz,31c0a7017534a63c8e444dcb1c36cd2d6b25d39feeecc4200e355ffaf3c223bb,
guarded_delivery,1514191294,0,COMPLETE,True,719,166312.0,3000.0,4.847956051999972,96852,e6db081d517da871140ac5d8b8986e3fe4017194a2087cc6c75193cc2cfa9375,954372efcc14377f086913c182dd80f44e482972f2b3cd703a96a7d091967f02,games/game_006_seed1514191294_seat0.replay.jsonl.gz,e8ebed3e59ad5917abf5ff82f94f2e56fec1ce5153fd1756983d717544a68ded,
guarded_delivery,1514191294,1,COMPLETE,True,719,166312.0,3000.0,4.843466848999924,97000,e6db081d517da871140ac5d8b8986e3fe4017194a2087cc6c75193cc2cfa9375,ef59fa8157a936dd26d0ab5182d4bcb2cb9782ba7be95fdb7bbd51ebae73c711,games/game_007_seed1514191294_seat1.replay.jsonl.gz,e19b2445847b7c6db9eadecb5602f3183f07aa0371a8c70ab0d475360f517edd,
guarded_delivery,1652205610,0,COMPLETE,True,719,181669.0,3000.0,5.832367223000006,95608,e6db081d517da871140ac5d8b8986e3fe4017194a2087cc6c75193cc2cfa9375,292243fd994bc1cc811d63f991f303daad9ff443edbb370b84245f9f7b6670f2,games/game_000_seed1652205610_seat0.replay.jsonl.gz,96d2856836aa6f54154c1bd258b5b2016cab3cdfc2c43da815357f3e8565d116,
guarded_delivery,1652205610,1,COMPLETE,True,719,188358.0,3000.0,5.980242133999923,96600,e6db081d517da871140ac5d8b8986e3fe4017194a2087cc6c75193cc2cfa9375,e307d8e3094241d76824ab423bfe9466ad1a7d2c8de702783423a63b853bfa77,games/game_001_seed1652205610_seat1.replay.jsonl.gz,a752dcff572eb3902a31f5a4ef541ec9b3b7e933fad8d98629230dbdb40f167d,
guarded_delivery,1715028217,0,COMPLETE,True,719,176163.0,3000.0,5.587799367999992,97748,e6db081d517da871140ac5d8b8986e3fe4017194a2087cc6c75193cc2cfa9375,5a40c94ed52ee0b22670f2e5feda584386d77e8ebf065bef8a8221dc96c58fbc,games/game_010_seed1715028217_seat0.replay.jsonl.gz,e062967c3614d88329b2fd8b0c41105b9389d9146f122a3ab986888395cd1337,
guarded_delivery,1715028217,1,COMPLETE,True,719,153692.0,3000.0,5.2404640069999004,97844,e6db081d517da871140ac5d8b8986e3fe4017194a2087cc6c75193cc2cfa9375,1006701dfbe7f58843797b007b8d3a196021786be8682e1880d8eacfd516e33e,games/game_011_seed1715028217_seat1.replay.jsonl.gz,2c26172fdd9edfb12f0339242ebf3de423c18d76abce5ec10f46dbe1bacff79b,
guarded_delivery,1722159489,0,COMPLETE,True,719,212097.0,3000.0,5.194119826000019,98672,e6db081d517da871140ac5d8b8986e3fe4017194a2087cc6c75193cc2cfa9375,4e2035cccbc84d245fd5159bb38da9d3e40cbade5a38f99fb0a49ac21697b197,games/game_022_seed1722159489_seat0.replay.jsonl.gz,bd913343c03c6cf44dcc147cccaee073a9225b9a0e5c5f7d49a65c1c4b357fae,
guarded_delivery,1722159489,1,COMPLETE,True,719,197322.0,3000.0,4.723114034000105,98672,e6db081d517da871140ac5d8b8986e3fe4017194a2087cc6c75193cc2cfa9375,401c4ce300bb880453973220f7234877c88dc6499aa3e997c9d2b6ea92481589,games/game_023_seed1722159489_seat1.replay.jsonl.gz,236ee3306846f16698a3ce658c47cdf11ca2ec75ea3a301d6c7e0b7fd22a5865,
guarded_delivery,1948729637,0,COMPLETE,True,719,228501.0,3000.0,5.882269679000046,96804,e6db081d517da871140ac5d8b8986e3fe4017194a2087cc6c75193cc2cfa9375,fdf30a5e2df77475adc219e1cf029e845388a6021b57b450e84f789809ecf6cb,games/game_004_seed1948729637_seat0.replay.jsonl.gz,48d817579d7802abaaa73af0a1e406df30c10d7b0a104c9558d927fdfa31d32d,
guarded_delivery,1948729637,1,COMPLETE,True,719,214580.0,3000.0,5.330849028999978,96828,e6db081d517da871140ac5d8b8986e3fe4017194a2087cc6c75193cc2cfa9375,1efb9cf7fa6dc2a6b5add896646feaabc19b90a73dc0821539bff9ef4e164ce8,games/game_005_seed1948729637_seat1.replay.jsonl.gz,bab8eb49811fd787d99f5338e514cfb0970852252e933a17bfed88f6eea2168f,
guarded_economics,28576209,0,COMPLETE,True,719,175400.0,3000.0,4.6998466719999215,98568,e6db081d517da871140ac5d8b8986e3fe4017194a2087cc6c75193cc2cfa9375,7bcfccd9378539ec0fb5620709c333836777a03926c080e375cbe11254604985,games/game_028_seed28576209_seat0.replay.jsonl.gz,edfd5534e463ffc163d2e6db3c61e7cb6f94a8d44a52694ae82a28ed0582ea80,
guarded_economics,28576209,1,COMPLETE,True,719,174873.0,3000.0,4.655599066000036,98568,e6db081d517da871140ac5d8b8986e3fe4017194a2087cc6c75193cc2cfa9375,ecca980dc6c4e6ab45d11e2294a3272ce802f7605568e39954ab29603ad1ec91,games/game_029_seed28576209_seat1.replay.jsonl.gz,15cb3e606ebe56ca0d67778c1e1279594958db6819ae50e04de807ab954612fb,
guarded_economics,394509745,0,COMPLETE,True,719,229109.0,3000.0,4.7573762229999375,98568,e6db081d517da871140ac5d8b8986e3fe4017194a2087cc6c75193cc2cfa9375,797fa4a84e9ce167055b39e49995c0fafb4d8ab8bbc5bee1b48e9297d4878001,games/game_030_seed394509745_seat0.replay.jsonl.gz,260cc61ab3dabd4560d1c1a1a1915742d6ad309eff09bbd6d212e99f0a863c96,
guarded_economics,394509745,1,COMPLETE,True,719,234993.0,3000.0,5.469148819999987,98568,e6db081d517da871140ac5d8b8986e3fe4017194a2087cc6c75193cc2cfa9375,cd06881cce0725c1c05e7cf319cc50939d343546d64628ff674e3332d523cd66,games/game_031_seed394509745_seat1.replay.jsonl.gz,c060d5f25a2cb087416eadedc3e35db45e2be10c5ef965f36c248f203bc00b08,
guarded_economics,766857369,0,COMPLETE,True,719,168599.0,3000.0,4.794792398999903,97728,e6db081d517da871140ac5d8b8986e3fe4017194a2087cc6c75193cc2cfa9375,438ccdca0a72acd8fa4ec36a96ecd58213f8310b7f153b84d49abc074242eb24,games/game_012_seed766857369_seat0.replay.jsonl.gz,82127b49db4bca5b51bcaf5f89fa3af610b6c11a9805413a340bd6553d50e8ae,
guarded_economics,766857369,1,COMPLETE,True,719,168599.0,3000.0,4.638405549999902,97728,e6db081d517da871140ac5d8b8986e3fe4017194a2087cc6c75193cc2cfa9375,438ccdca0a72acd8fa4ec36a96ecd58213f8310b7f153b84d49abc074242eb24,games/game_013_seed766857369_seat1.replay.jsonl.gz,eacdbc39027743b57ac1bf0588b7dadf030e47512e37fd761d90293ca01f4ecf,
guarded_economics,833126169,0,COMPLETE,True,719,194732.0,3000.0,5.20266046200004,97212,e6db081d517da871140ac5d8b8986e3fe4017194a2087cc6c75193cc2cfa9375,3384ad3927ec871a888d253aebc5a851ea24705d9c83c6b971242922a0da2144,games/game_008_seed833126169_seat0.replay.jsonl.gz,0805cf701489cebeeaa9ca08afa30084fca2c87a0a599d14b3fa8fb1b4092e60,
guarded_economics,833126169,1,COMPLETE,True,719,194732.0,3000.0,5.229798550999931,97624,e6db081d517da871140ac5d8b8986e3fe4017194a2087cc6c75193cc2cfa9375,3384ad3927ec871a888d253aebc5a851ea24705d9c83c6b971242922a0da2144,games/game_009_seed833126169_seat1.replay.jsonl.gz,bc1470437e7920aa97cfff89fe1d9f5679fa95903513c75d4f5b3c38f787e431,
guarded_economics,979746784,0,COMPLETE,True,719,176615.0,3000.0,4.46986914699994,96412,e6db081d517da871140ac5d8b8986e3fe4017194a2087cc6c75193cc2cfa9375,64f93aae59f29a42143ad3ad053529c71f6e100bb21369bcb734f35866d87de6,games/game_002_seed979746784_seat0.replay.jsonl.gz,da5db806eba785b042d8d3145e8f7fecaafcdf28d584679470e16803e3faa726,
guarded_economics,979746784,1,COMPLETE,True,719,176615.0,3000.0,4.57981858200003,96752,e6db081d517da871140ac5d8b8986e3fe4017194a2087cc6c75193cc2cfa9375,64f93aae59f29a42143ad3ad053529c71f6e100bb21369bcb734f35866d87de6,games/game_003_seed979746784_seat1.replay.jsonl.gz,77eb1b045cc45bcbe536a398cf530d462c2a1654d039eb41240cd01d9be8d579,
guarded_economics,979914492,0,COMPLETE,True,719,258779.0,3000.0,4.445100517000014,98568,e6db081d517da871140ac5d8b8986e3fe4017194a2087cc6c75193cc2cfa9375,4cbbb899aa2b2d5e5bb738187da6384395300270329505897a0b33cc4fa875c3,games/game_024_seed979914492_seat0.replay.jsonl.gz,e8e1c97b831dbfe7f6bd0add000b4bb59deb1005f9da59a7f1ef488404c1209d,
guarded_economics,979914492,1,COMPLETE,True,719,258779.0,3000.0,4.51171904499995,98568,e6db081d517da871140ac5d8b8986e3fe4017194a2087cc6c75193cc2cfa9375,4cbbb899aa2b2d5e5bb738187da6384395300270329505897a0b33cc4fa875c3,games/game_025_seed979914492_seat1.replay.jsonl.gz,05387bfe17b3264c60120f6ec1e5a32b3d1d76ca08649c9fede9d089fe69b393,
guarded_economics,1138364143,0,COMPLETE,True,719,161860.0,3000.0,4.989811702999987,98308,e6db081d517da871140ac5d8b8986e3fe4017194a2087cc6c75193cc2cfa9375,4b4fee0991d9140096959c9db34148033ae505ec4749f354cdf9a2233f3fb795,games/game_020_seed1138364143_seat0.replay.jsonl.gz,f9aefd1631ac437fa911a4a6ee60ca8eb6d1669a5954f26b3438b1630cb7f133,
guarded_economics,1138364143,1,COMPLETE,True,719,161860.0,3000.0,5.057235926000089,98380,e6db081d517da871140ac5d8b8986e3fe4017194a2087cc6c75193cc2cfa9375,4b4fee0991d9140096959c9db34148033ae505ec4749f354cdf9a2233f3fb795,games/game_021_seed1138364143_seat1.replay.jsonl.gz,bb2d9becaa0a715ec62238e03ca66da26d16a583bad1de4e30a10a442c1e04a7,
guarded_economics,1175089851,0,COMPLETE,True,719,176151.0,3000.0,5.02917456299997,98284,e6db081d517da871140ac5d8b8986e3fe4017194a2087cc6c75193cc2cfa9375,7877579263d6df25f310e452fa2480f5e25df5fe94ccc68a3442c011f7374da9,games/game_018_seed1175089851_seat0.replay.jsonl.gz,13a497a5feeb96a9e1c22586743d5745d256254d66f7113af66e2e26c2f626d1,
guarded_economics,1175089851,1,COMPLETE,True,719,175255.0,3000.0,4.829829357999984,98284,e6db081d517da871140ac5d8b8986e3fe4017194a2087cc6c75193cc2cfa9375,a090e4509aa99f4e858b03db9127209a4893ee447ca123d7a68aa27a7723cbce,games/game_019_seed1175089851_seat1.replay.jsonl.gz,da2f5baa3caec11f13fccd617b1b7d0a2eb87cca32c61f7259983dc0f0543aec,
guarded_economics,1387052231,0,COMPLETE,True,719,237450.0,3000.0,5.243029659000058,97728,e6db081d517da871140ac5d8b8986e3fe4017194a2087cc6c75193cc2cfa9375,ae937e14c62a697079723f2566b9e9f9f8fa4a7629376a710b5013a7179aa8f5,games/game_014_seed1387052231_seat0.replay.jsonl.gz,a6d820b82239732e1594e1fc1bf194dc0c1687fa33dbdf2bd86be5d6aa9e3fae,
guarded_economics,1387052231,1,COMPLETE,True,719,251712.0,3000.0,5.277758549000055,97728,e6db081d517da871140ac5d8b8986e3fe4017194a2087cc6c75193cc2cfa9375,c409f5d724d3531512bcec11c5e2be5ecb138ee85ead79e6ace6da4e956d8339,games/game_015_seed1387052231_seat1.replay.jsonl.gz,4ef5bea8d4a41d05129055d522e63566af732269173f9d07a80ce4af0f7b107c,
guarded_economics,1421711696,0,COMPLETE,True,719,182795.0,3000.0,4.719821581000019,98568,e6db081d517da871140ac5d8b8986e3fe4017194a2087cc6c75193cc2cfa9375,402d0659a5630f26da0e6c4e112f18d827a3d4844700de440296306ca2000828,games/game_026_seed1421711696_seat0.replay.jsonl.gz,abfab2708f6aee4fd0dcb9b696211bfb4cab021c5a9203c787a110f075e27208,
guarded_economics,1421711696,1,COMPLETE,True,719,182795.0,3000.0,4.641484392000052,98568,e6db081d517da871140ac5d8b8986e3fe4017194a2087cc6c75193cc2cfa9375,402d0659a5630f26da0e6c4e112f18d827a3d4844700de440296306ca2000828,games/game_027_seed1421711696_seat1.replay.jsonl.gz,d63a49b044330e784a9f8f770d19025d338946a4275eeb3f6bf894992f3aa76f,
guarded_economics,1459327281,0,COMPLETE,True,719,256016.0,3000.0,4.856741950000014,98032,e6db081d517da871140ac5d8b8986e3fe4017194a2087cc6c75193cc2cfa9375,018542d7107fb864f5c7508bffd68d8580a6976772ccf036d866cdc2f99b10e7,games/game_016_seed1459327281_seat0.replay.jsonl.gz,faa81ffc2e2b3d3d9222eba76ead8ffae22fac07410012a32e53e49ed0a8acd7,
guarded_economics,1459327281,1,COMPLETE,True,719,256016.0,3000.0,4.960913858000026,98032,e6db081d517da871140ac5d8b8986e3fe4017194a2087cc6c75193cc2cfa9375,018542d7107fb864f5c7508bffd68d8580a6976772ccf036d866cdc2f99b10e7,games/game_017_seed1459327281_seat1.replay.jsonl.gz,97a40633b8a9a71dd920352efb43504f00afb15755c330c89da53b3c5f12d203,
guarded_economics,1514191294,0,COMPLETE,True,719,223196.0,3000.0,4.60111383800006,97128,e6db081d517da871140ac5d8b8986e3fe4017194a2087cc6c75193cc2cfa9375,f9a65737ac11248a016efe979b4b38163eb4af902dd2ceff16cdab47b496185a,games/game_006_seed1514191294_seat0.replay.jsonl.gz,0b92b250261b87c69bcf7afc47736d7a65bce61286c2f6c0dbc5e004a5f3a941,
guarded_economics,1514191294,1,COMPLETE,True,719,227529.0,3000.0,4.609525401000042,97132,e6db081d517da871140ac5d8b8986e3fe4017194a2087cc6c75193cc2cfa9375,81f5e48a78e3f8c8dfedebe3afb6b15028fc723b035d60ff0bfd49ba944d81ba,games/game_007_seed1514191294_seat1.replay.jsonl.gz,2f39446fa851bddd3943473a55f002f033a2f46d609b7b72f2954708a783b019,
guarded_economics,1652205610,0,COMPLETE,True,719,202440.0,3000.0,4.835765691000006,95252,e6db081d517da871140ac5d8b8986e3fe4017194a2087cc6c75193cc2cfa9375,e58b121e9c5703b0a60381b55b1822bcc11bc5241782ee02b714821585e6f5e2,games/game_000_seed1652205610_seat0.replay.jsonl.gz,ce39738cd066e5fd04ac9a20387acc5a045723023c891a9e2b8785662abf9f64,
guarded_economics,1652205610,1,COMPLETE,True,719,196243.0,3000.0,4.824288853999974,96276,e6db081d517da871140ac5d8b8986e3fe4017194a2087cc6c75193cc2cfa9375,28c59ed938783be0a00c57082096dca58ea2458d0a2719f017617dba9f0f4396,games/game_001_seed1652205610_seat1.replay.jsonl.gz,7a2d606b645bd6b192301ac350a6f1f2a95f4b0569bf758027f1d1453096719c,
guarded_economics,1715028217,0,COMPLETE,True,719,200364.0,3000.0,4.660866399000042,97624,e6db081d517da871140ac5d8b8986e3fe4017194a2087cc6c75193cc2cfa9375,9d64dcbc3ac315e3aa07546497fc91817f6328da0f5a709f097b3080ba66e8d6,games/game_010_seed1715028217_seat0.replay.jsonl.gz,4c187c9f6db0d7a54377488e5fd9f6882ee7c4d603655a6662389837cb268bad,
guarded_economics,1715028217,1,COMPLETE,True,719,200498.0,3000.0,4.74284516900002,97728,e6db081d517da871140ac5d8b8986e3fe4017194a2087cc6c75193cc2cfa9375,3c043ea5f6749eb532bc0052e78d690fe0459651e5f7fd509ea6d22746f686ca,games/game_011_seed1715028217_seat1.replay.jsonl.gz,b109cec69e98f5ca010edcdad424e94e1502b23f26e8ebd31a3c97d4823a61dc,
guarded_economics,1722159489,0,COMPLETE,True,719,179057.0,3000.0,4.6738335810000535,98568,e6db081d517da871140ac5d8b8986e3fe4017194a2087cc6c75193cc2cfa9375,d168524620f8a28140b796f140f5a3c7b70b8959200cfa7106eb062fb372ec9c,games/game_022_seed1722159489_seat0.replay.jsonl.gz,45add38fda0e90209532959cb445fb694a4d5835dc32695c976dd4b45c4311d8,
guarded_economics,1722159489,1,COMPLETE,True,719,180173.0,3000.0,4.397592326999984,98568,e6db081d517da871140ac5d8b8986e3fe4017194a2087cc6c75193cc2cfa9375,0d35effb2486fc6dab8bf342ed959a1fb2495adce287fb1077bc029c566d0db2,games/game_023_seed1722159489_seat1.replay.jsonl.gz,5affc45355b0ba96b3cfcb13b083a529360b0bb29cad229af7927ac612a6e005,
guarded_economics,1948729637,0,COMPLETE,True,719,234119.0,3000.0,4.779261279000025,96752,e6db081d517da871140ac5d8b8986e3fe4017194a2087cc6c75193cc2cfa9375,405a5af271794f44dd82bfbb8e6405194a9a210cd69bc35b5a6d4d977c9d85bf,games/game_004_seed1948729637_seat0.replay.jsonl.gz,565e925bd414674a68a48c69eb4c0657da17ee37a91a2329a9f78a12d2b7cdc4,
guarded_economics,1948729637,1,COMPLETE,True,719,219087.0,3000.0,4.57740474600007,96968,e6db081d517da871140ac5d8b8986e3fe4017194a2087cc6c75193cc2cfa9375,092731a6438ffdd583eafa1e4b2d5d5c601cb9505159799719725dd2e59c018d,games/game_005_seed1948729637_seat1.replay.jsonl.gz,7d2125f5a62c6523ec9401beb789039bf02741040ba9af1b231cf42d8e29b471,
guarded_no_wait,28576209,0,COMPLETE,True,719,157844.0,3000.0,5.139942855999948,98724,e6db081d517da871140ac5d8b8986e3fe4017194a2087cc6c75193cc2cfa9375,71446b164303c11c1e57833eb0284f3e53cedee689a90142886d62b561a086b7,games/game_028_seed28576209_seat0.replay.jsonl.gz,cef1ed831faa3bfe2408703d84400aa6be0dcedd3d3fb89dd60aefea4941668f,
guarded_no_wait,28576209,1,COMPLETE,True,719,157689.0,3000.0,5.045260326999937,98724,e6db081d517da871140ac5d8b8986e3fe4017194a2087cc6c75193cc2cfa9375,d63c7e23e80f6e32eaef199ae34594002cb9dc81c42dc02f09973cb736039d7c,games/game_029_seed28576209_seat1.replay.jsonl.gz,0e6cdabf8d96fd40527c90b1d9bd0820bba4464e2946d38a96d399ab69ac8aa1,
guarded_no_wait,394509745,0,COMPLETE,True,719,216217.0,3000.0,5.46214578699994,98724,e6db081d517da871140ac5d8b8986e3fe4017194a2087cc6c75193cc2cfa9375,83cc8cedc63555b95695efc455b54c91c5b11578aca4d44917d7726251a50178,games/game_030_seed394509745_seat0.replay.jsonl.gz,1cbf845d817763a4a8fa0f88583571b9d69ee1c916f2818e2854966dd8456ffb,
guarded_no_wait,394509745,1,COMPLETE,True,719,245211.0,3000.0,5.153601851999952,98724,e6db081d517da871140ac5d8b8986e3fe4017194a2087cc6c75193cc2cfa9375,9c8a3dcf101c1e9cdd39e8c416f545c9a548eb83ddbc5b406e8cf7bdf5ab284d,games/game_031_seed394509745_seat1.replay.jsonl.gz,acdb305e5427499428b3f2b439028c2700042208472bb0eb051e60ed717eb65a,
guarded_no_wait,766857369,0,COMPLETE,True,719,167397.0,3000.0,4.893930497999918,98116,e6db081d517da871140ac5d8b8986e3fe4017194a2087cc6c75193cc2cfa9375,398ad70317c757def05887c873b2847e7e2ff22750378afb8657100718dc29a8,games/game_012_seed766857369_seat0.replay.jsonl.gz,5fa34f1603e8061538448988613e3ab8aa4c2d70c5e71fc3ef45619307569593,
guarded_no_wait,766857369,1,COMPLETE,True,719,167397.0,3000.0,4.7650665370000524,98116,e6db081d517da871140ac5d8b8986e3fe4017194a2087cc6c75193cc2cfa9375,398ad70317c757def05887c873b2847e7e2ff22750378afb8657100718dc29a8,games/game_013_seed766857369_seat1.replay.jsonl.gz,3ef0b1d5ec752db4da6fe27ea8739252cf055c807bfcaa13c8cabfef03cdaa83,
guarded_no_wait,833126169,0,COMPLETE,True,719,180725.0,3000.0,5.356952704000037,97748,e6db081d517da871140ac5d8b8986e3fe4017194a2087cc6c75193cc2cfa9375,9a72e3735dd27b078c5f1b587a450935bfdc21c71ad8d11f066ff670962bacd9,games/game_008_seed833126169_seat0.replay.jsonl.gz,4297d8ed89328819de9c928a0890c929b2435b6a1ad9a54b7bb19c1d37eabb8e,
guarded_no_wait,833126169,1,COMPLETE,True,719,180725.0,3000.0,5.385814580999977,97812,e6db081d517da871140ac5d8b8986e3fe4017194a2087cc6c75193cc2cfa9375,9a72e3735dd27b078c5f1b587a450935bfdc21c71ad8d11f066ff670962bacd9,games/game_009_seed833126169_seat1.replay.jsonl.gz,955a779101c4d766bbb95826bf05294e6aa2523e567347306ffe79c6b98cae3e,
guarded_no_wait,979746784,0,COMPLETE,True,719,190540.0,3000.0,5.448624891999998,96916,e6db081d517da871140ac5d8b8986e3fe4017194a2087cc6c75193cc2cfa9375,165d0cb935e84ef04c52f27b2780bc6183acf84296ec33d76cd1f2708e8f7830,games/game_002_seed979746784_seat0.replay.jsonl.gz,ed283a9207f2ea12af9c2601dbeda2a82f54fa5a9874d4f41026cba014f00125,
guarded_no_wait,979746784,1,COMPLETE,True,719,190540.0,3000.0,5.414113340000085,96916,e6db081d517da871140ac5d8b8986e3fe4017194a2087cc6c75193cc2cfa9375,165d0cb935e84ef04c52f27b2780bc6183acf84296ec33d76cd1f2708e8f7830,games/game_003_seed979746784_seat1.replay.jsonl.gz,b8b3db323d790bcf9db4c8e47baf0ef541cb6c6d2b36dcc410cfa6d067f7c6f7,
guarded_no_wait,979914492,0,COMPLETE,True,719,250934.0,3000.0,5.652485511999998,98724,e6db081d517da871140ac5d8b8986e3fe4017194a2087cc6c75193cc2cfa9375,d7b94a26e55cd0c68e3051ab31a17162e5d754504885c1bb7d807c354039abac,games/game_024_seed979914492_seat0.replay.jsonl.gz,2c33db12107b47a9d96d24cc8175a288ed931cd009132bcb29abf9014b8c0698,
guarded_no_wait,979914492,1,COMPLETE,True,719,250934.0,3000.0,5.46158071900004,98724,e6db081d517da871140ac5d8b8986e3fe4017194a2087cc6c75193cc2cfa9375,d7b94a26e55cd0c68e3051ab31a17162e5d754504885c1bb7d807c354039abac,games/game_025_seed979914492_seat1.replay.jsonl.gz,367b9bcde824677e1a0c608ca0f6861d2ddaa79046fe5abb2d366d44ab6f0816,
guarded_no_wait,1138364143,0,COMPLETE,True,719,169570.0,3000.0,4.91948456800003,98724,e6db081d517da871140ac5d8b8986e3fe4017194a2087cc6c75193cc2cfa9375,0322fe090a0d14bfc73809fd359ecb7e140171c56eeb04f47f817e30bf90ddab,games/game_020_seed1138364143_seat0.replay.jsonl.gz,bd5bc5831a61077a1e675267427c33a587db13a7b38ca386ccdd19c2d843a32e,
guarded_no_wait,1138364143,1,COMPLETE,True,719,169570.0,3000.0,4.86815603499997,98724,e6db081d517da871140ac5d8b8986e3fe4017194a2087cc6c75193cc2cfa9375,eac600af7f2f117c97ece110448759e896161d98ad0d03d7c2a05af3d1044252,games/game_021_seed1138364143_seat1.replay.jsonl.gz,028220b5020397f0638378024d93cf1956e5011e1319baff89e24c9b14df6863,
guarded_no_wait,1175089851,0,COMPLETE,True,719,169365.0,3000.0,5.006773338000016,98640,e6db081d517da871140ac5d8b8986e3fe4017194a2087cc6c75193cc2cfa9375,a2f0379a1c4f0b6fcb54db174101ece666597aea89d6d9b11653a784c413d295,games/game_018_seed1175089851_seat0.replay.jsonl.gz,57ce058ee5e95688ee78c11ca997842b6387fac99cb309a1ad6ec6579d24efcc,
guarded_no_wait,1175089851,1,COMPLETE,True,719,157377.0,3000.0,4.579587272000026,98640,e6db081d517da871140ac5d8b8986e3fe4017194a2087cc6c75193cc2cfa9375,87d6b517131e9aa60b03d27af6ac66bff4374294c20402467302247d8d1815c4,games/game_019_seed1175089851_seat1.replay.jsonl.gz,a804c421224070473163acb5492155e8fa7d3793b01dd960af4e743956567e13,
guarded_no_wait,1387052231,0,COMPLETE,True,719,188506.0,3000.0,4.852271337000047,98292,e6db081d517da871140ac5d8b8986e3fe4017194a2087cc6c75193cc2cfa9375,1f58988bb3eb738b87e9585337d4585fc0ce53aab4c5ced3947ae41ddda1fe97,games/game_014_seed1387052231_seat0.replay.jsonl.gz,cda4943f19cb7d47cc6b3baca239df428ae08455e4714b8f7f6308a8c42f77df,
guarded_no_wait,1387052231,1,COMPLETE,True,719,193596.0,3000.0,5.027901581000037,98616,e6db081d517da871140ac5d8b8986e3fe4017194a2087cc6c75193cc2cfa9375,b5dceb26e8cebb918f8004358f13c0440555a739088d26910ce8bb8622620304,games/game_015_seed1387052231_seat1.replay.jsonl.gz,e575a08ca99dfbcbdcd32c5fedc89552704eb0c11cbd9d5c5e5fa4cbae55d277,
guarded_no_wait,1421711696,0,COMPLETE,True,719,254718.0,3000.0,5.226171552999972,98724,e6db081d517da871140ac5d8b8986e3fe4017194a2087cc6c75193cc2cfa9375,72b6752646bb3927f1de4294ca0b84c5ecdb02d631dd706f0c5a5ee8ce9a6598,games/game_026_seed1421711696_seat0.replay.jsonl.gz,a81f30ee27e19a7309d5fae3481c07eb38347470f8879080c679098c7ec0f068,
guarded_no_wait,1421711696,1,COMPLETE,True,719,182567.0,3000.0,4.732394187000068,98724,e6db081d517da871140ac5d8b8986e3fe4017194a2087cc6c75193cc2cfa9375,623068490255a6b0dc57e93bdb9bfc94dbaa5164ca0d6447c465a2c9833cfd0e,games/game_027_seed1421711696_seat1.replay.jsonl.gz,58eb58b9a509c5f0325b0766260659ac419f9b76139fa08f47ec7c60c001affe,
guarded_no_wait,1459327281,0,COMPLETE,True,719,197656.0,3000.0,4.788237183999968,98616,e6db081d517da871140ac5d8b8986e3fe4017194a2087cc6c75193cc2cfa9375,1db525495107f35fbe62080ee2a480a49a0736a6518039a3d88c6e4c6c0a21e8,games/game_016_seed1459327281_seat0.replay.jsonl.gz,6d12e7d6aa31789947b01f59013e9af1951a77de3f560cd0d5ac9f249bd564f1,
guarded_no_wait,1459327281,1,COMPLETE,True,719,197652.0,3000.0,4.644191176999925,98616,e6db081d517da871140ac5d8b8986e3fe4017194a2087cc6c75193cc2cfa9375,d993f86f219d080880e87883c701f8c74245f12206b7f2a248e066b513734a9c,games/game_017_seed1459327281_seat1.replay.jsonl.gz,002df4b9e742f5c0a9b48ac056ea6bead04fb303eb23205194ccb794e0cff79e,
guarded_no_wait,1514191294,0,COMPLETE,True,719,166344.0,3000.0,4.630026425999972,97512,e6db081d517da871140ac5d8b8986e3fe4017194a2087cc6c75193cc2cfa9375,3dec0389e3c5d553dd7807ae3bcd752a31778dfaeff6ea1d2568ab318d9f52ba,games/game_006_seed1514191294_seat0.replay.jsonl.gz,4ec2c2bfb6f0b4128fcc2532db002ecc182611098d027d4ff531541dd9c90fef,
guarded_no_wait,1514191294,1,COMPLETE,True,719,166344.0,3000.0,4.914201575999982,97628,e6db081d517da871140ac5d8b8986e3fe4017194a2087cc6c75193cc2cfa9375,c2de44716a05afa657df9097e88aba89675c859b97a458e6d4adafcc0430e97d,games/game_007_seed1514191294_seat1.replay.jsonl.gz,0c85ada2887bcbd0395818c56fd35f2f1cef760a79cb6ae81f3deab52ba06839,
guarded_no_wait,1652205610,0,COMPLETE,True,719,181669.0,3000.0,5.6323940349999475,95588,e6db081d517da871140ac5d8b8986e3fe4017194a2087cc6c75193cc2cfa9375,f394eb032adfac470c464f4a16663ca6b47fc8e8aa376120f94c608325816f0e,games/game_000_seed1652205610_seat0.replay.jsonl.gz,00e32828ad76ba5c11f73ddc274c7b97a3dfe4533722777ca97b8087c63c79a7,
guarded_no_wait,1652205610,1,COMPLETE,True,719,187918.0,3000.0,5.669485453999982,96324,e6db081d517da871140ac5d8b8986e3fe4017194a2087cc6c75193cc2cfa9375,8215c59b38d4cd5ef7b0c8233637e2ba20fbefdf3f225111724cf0a4a49bb21c,games/game_001_seed1652205610_seat1.replay.jsonl.gz,50559e9165206a9a20809c058b74855badee8d359f1c04f526173e3da7598073,
guarded_no_wait,1715028217,0,COMPLETE,True,719,180634.0,3000.0,5.163984220999964,97888,e6db081d517da871140ac5d8b8986e3fe4017194a2087cc6c75193cc2cfa9375,615b1ee1d54144d3408227e711e75f34122edd0669c57cf1dcfb4d34f80facf1,games/game_010_seed1715028217_seat0.replay.jsonl.gz,371ef83a1bd2d434af1e3ba6bcd4f1fc346986648f7fc14f9c39285245d79143,
guarded_no_wait,1715028217,1,COMPLETE,True,719,153960.0,3000.0,4.886473346999992,97968,e6db081d517da871140ac5d8b8986e3fe4017194a2087cc6c75193cc2cfa9375,e034255c6474519468cae6b12d22456eca9fb75004a52b6b37866d70d364ae13,games/game_011_seed1715028217_seat1.replay.jsonl.gz,98cc1e31bd383cac9abd94dc6385aaf7582f17321386a2c7cf8237c25e9bfa36,
guarded_no_wait,1722159489,0,COMPLETE,True,719,212097.0,3000.0,5.232925481999928,98724,e6db081d517da871140ac5d8b8986e3fe4017194a2087cc6c75193cc2cfa9375,4e2035cccbc84d245fd5159bb38da9d3e40cbade5a38f99fb0a49ac21697b197,games/game_022_seed1722159489_seat0.replay.jsonl.gz,7ed4622da206a21e3cd20d03da72612a26289768a4d92c53efed87cc9ead1fc7,
guarded_no_wait,1722159489,1,COMPLETE,True,719,197322.0,3000.0,4.515831950000006,98724,e6db081d517da871140ac5d8b8986e3fe4017194a2087cc6c75193cc2cfa9375,795fc1d8e31ab4a16ea57f69972f1cb6204652f0c3231e3c24dd0d7b10a43c48,games/game_023_seed1722159489_seat1.replay.jsonl.gz,f11e1f36ec78216c3e61b0c0040e6c3db9116a2b4eb3d7895af2f5f60ba97b01,
guarded_no_wait,1948729637,0,COMPLETE,True,719,228394.0,3000.0,5.817340683999987,97196,e6db081d517da871140ac5d8b8986e3fe4017194a2087cc6c75193cc2cfa9375,1fa04389bc1b1e6dfd27f28731fe625001e196490a6095968ec501e907bd39ef,games/game_004_seed1948729637_seat0.replay.jsonl.gz,b6971a35f2f4d0e1c025760bd56d663c7549d5ab7ef569089ebd0f6f035483ce,
guarded_no_wait,1948729637,1,COMPLETE,True,719,214580.0,3000.0,5.1311236599999575,97236,e6db081d517da871140ac5d8b8986e3fe4017194a2087cc6c75193cc2cfa9375,1efb9cf7fa6dc2a6b5add896646feaabc19b90a73dc0821539bff9ef4e164ce8,games/game_005_seed1948729637_seat1.replay.jsonl.gz,be736f82e2e530c0064b2c5bbdaebafb217e6092853a066f7995d5bd5afd999f,
guarded_wait,28576209,0,COMPLETE,True,719,157844.0,3000.0,5.661549983999976,98824,e6db081d517da871140ac5d8b8986e3fe4017194a2087cc6c75193cc2cfa9375,71446b164303c11c1e57833eb0284f3e53cedee689a90142886d62b561a086b7,games/game_028_seed28576209_seat0.replay.jsonl.gz,d5d6cb68d822aa5334e704e61bf398648cf8d6825c2e9e4193379aa4e794ffb6,
guarded_wait,28576209,1,COMPLETE,True,719,157689.0,3000.0,5.594802004999963,98824,e6db081d517da871140ac5d8b8986e3fe4017194a2087cc6c75193cc2cfa9375,d63c7e23e80f6e32eaef199ae34594002cb9dc81c42dc02f09973cb736039d7c,games/game_029_seed28576209_seat1.replay.jsonl.gz,e16bd36c42a741af4f7666954198750a3eefa33efb40f51bab869cf6110207ac,
guarded_wait,394509745,0,COMPLETE,True,719,216217.0,3000.0,6.345803644,98824,e6db081d517da871140ac5d8b8986e3fe4017194a2087cc6c75193cc2cfa9375,83cc8cedc63555b95695efc455b54c91c5b11578aca4d44917d7726251a50178,games/game_030_seed394509745_seat0.replay.jsonl.gz,43f6430bf8415add0ff62d94b27259f5a7903fdba6f3e728c39bd24f496c87a0,
guarded_wait,394509745,1,COMPLETE,True,719,245211.0,3000.0,6.173725284,98824,e6db081d517da871140ac5d8b8986e3fe4017194a2087cc6c75193cc2cfa9375,9c8a3dcf101c1e9cdd39e8c416f545c9a548eb83ddbc5b406e8cf7bdf5ab284d,games/game_031_seed394509745_seat1.replay.jsonl.gz,95d337288ddd9ae565f62448f266e78f6559a699d763f4a4d37cb0a4f16fb2e9,
guarded_wait,766857369,0,COMPLETE,True,719,167397.0,3000.0,5.671242258999996,97740,e6db081d517da871140ac5d8b8986e3fe4017194a2087cc6c75193cc2cfa9375,398ad70317c757def05887c873b2847e7e2ff22750378afb8657100718dc29a8,games/game_012_seed766857369_seat0.replay.jsonl.gz,721427cbdf3c6fd1b587bbadda4dbbd6edddcf532fefb47307fe5468a0ee885d,
guarded_wait,766857369,1,COMPLETE,True,719,167397.0,3000.0,5.667499469000006,97820,e6db081d517da871140ac5d8b8986e3fe4017194a2087cc6c75193cc2cfa9375,398ad70317c757def05887c873b2847e7e2ff22750378afb8657100718dc29a8,games/game_013_seed766857369_seat1.replay.jsonl.gz,0cabda705664daa9eaa925d26ea8f6c3e55d05ce73e6c7364602e8855065e110,
guarded_wait,833126169,0,COMPLETE,True,719,180725.0,3000.0,6.134108407000042,97088,e6db081d517da871140ac5d8b8986e3fe4017194a2087cc6c75193cc2cfa9375,9a72e3735dd27b078c5f1b587a450935bfdc21c71ad8d11f066ff670962bacd9,games/game_008_seed833126169_seat0.replay.jsonl.gz,045e4005d1b199738704b697030b47572d065c945c05b8e62d92c1638ea558b4,
guarded_wait,833126169,1,COMPLETE,True,719,180725.0,3000.0,6.1361614119999786,97248,e6db081d517da871140ac5d8b8986e3fe4017194a2087cc6c75193cc2cfa9375,9a72e3735dd27b078c5f1b587a450935bfdc21c71ad8d11f066ff670962bacd9,games/game_009_seed833126169_seat1.replay.jsonl.gz,c12c3c04c29b149a94f98011f7a323b57985bfd6d11e80bebf53b9c6b7a66d64,
guarded_wait,979746784,0,COMPLETE,True,719,190540.0,3000.0,6.189338876000022,96420,e6db081d517da871140ac5d8b8986e3fe4017194a2087cc6c75193cc2cfa9375,165d0cb935e84ef04c52f27b2780bc6183acf84296ec33d76cd1f2708e8f7830,games/game_002_seed979746784_seat0.replay.jsonl.gz,ddc70a90e689da960a20f75c8e93d2e0547d57408098106a39efa33529da39aa,
guarded_wait,979746784,1,COMPLETE,True,719,190540.0,3000.0,6.366924780999966,96592,e6db081d517da871140ac5d8b8986e3fe4017194a2087cc6c75193cc2cfa9375,165d0cb935e84ef04c52f27b2780bc6183acf84296ec33d76cd1f2708e8f7830,games/game_003_seed979746784_seat1.replay.jsonl.gz,49515e53cf10fdefa4b12a81324c5f45238158c152c33b3fb99a2780146e5be4,
guarded_wait,979914492,0,COMPLETE,True,719,250934.0,3000.0,6.443997652000007,98824,e6db081d517da871140ac5d8b8986e3fe4017194a2087cc6c75193cc2cfa9375,d7b94a26e55cd0c68e3051ab31a17162e5d754504885c1bb7d807c354039abac,games/game_024_seed979914492_seat0.replay.jsonl.gz,19fe4a0c80fe01a30459d1d92c6302d518c9109889742bfe9730636e42b1bc88,
guarded_wait,979914492,1,COMPLETE,True,719,250934.0,3000.0,6.859680183000023,98824,e6db081d517da871140ac5d8b8986e3fe4017194a2087cc6c75193cc2cfa9375,d7b94a26e55cd0c68e3051ab31a17162e5d754504885c1bb7d807c354039abac,games/game_025_seed979914492_seat1.replay.jsonl.gz,ef76288d6a564042909319bdeae5ff400fd4d778d24ddb52534fcb76bb379780,
guarded_wait,1138364143,0,COMPLETE,True,719,169570.0,3000.0,5.899000098999977,98756,e6db081d517da871140ac5d8b8986e3fe4017194a2087cc6c75193cc2cfa9375,0322fe090a0d14bfc73809fd359ecb7e140171c56eeb04f47f817e30bf90ddab,games/game_020_seed1138364143_seat0.replay.jsonl.gz,70ef05c3f9871f17917b9d4f9080aa4e166110ced9a876e8a2e645b8615fc0ed,
guarded_wait,1138364143,1,COMPLETE,True,719,169570.0,3000.0,5.469525612999973,98824,e6db081d517da871140ac5d8b8986e3fe4017194a2087cc6c75193cc2cfa9375,eac600af7f2f117c97ece110448759e896161d98ad0d03d7c2a05af3d1044252,games/game_021_seed1138364143_seat1.replay.jsonl.gz,a09508dbe1c9b3f3c8cce6e7b55c3b93c938d4c0381dc45598a76258378894ad,
guarded_wait,1175089851,0,COMPLETE,True,719,169365.0,3000.0,5.72571581599999,98480,e6db081d517da871140ac5d8b8986e3fe4017194a2087cc6c75193cc2cfa9375,a2f0379a1c4f0b6fcb54db174101ece666597aea89d6d9b11653a784c413d295,games/game_018_seed1175089851_seat0.replay.jsonl.gz,82099e277c092f644f4dd20b650240b014cd478b3a021c066695b07b08120fff,
guarded_wait,1175089851,1,COMPLETE,True,719,157377.0,3000.0,5.107839748999993,98748,e6db081d517da871140ac5d8b8986e3fe4017194a2087cc6c75193cc2cfa9375,87d6b517131e9aa60b03d27af6ac66bff4374294c20402467302247d8d1815c4,games/game_019_seed1175089851_seat1.replay.jsonl.gz,4bf831a8435b6e4a08ee00d362e8f93fe5c4db552d6fdcc1abc91cbaba605514,
guarded_wait,1387052231,0,COMPLETE,True,719,188506.0,3000.0,5.573769657000014,98208,e6db081d517da871140ac5d8b8986e3fe4017194a2087cc6c75193cc2cfa9375,1f58988bb3eb738b87e9585337d4585fc0ce53aab4c5ced3947ae41ddda1fe97,games/game_014_seed1387052231_seat0.replay.jsonl.gz,806d7a9c21f5c71b7c04cafc8b4711722508e9c4cebef84df18a0c98011e698f,
guarded_wait,1387052231,1,COMPLETE,True,719,193596.0,3000.0,5.569899109999994,98208,e6db081d517da871140ac5d8b8986e3fe4017194a2087cc6c75193cc2cfa9375,b5dceb26e8cebb918f8004358f13c0440555a739088d26910ce8bb8622620304,games/game_015_seed1387052231_seat1.replay.jsonl.gz,fb80e679570890985c96580903c8018b94f738f07d744dd3bc8f954237d126dd,
guarded_wait,1421711696,0,COMPLETE,True,719,254718.0,3000.0,6.120407761000024,98824,e6db081d517da871140ac5d8b8986e3fe4017194a2087cc6c75193cc2cfa9375,72b6752646bb3927f1de4294ca0b84c5ecdb02d631dd706f0c5a5ee8ce9a6598,games/game_026_seed1421711696_seat0.replay.jsonl.gz,640f72afaa69803a92ad116d60ee4d915c89270983428d8502584a677815d1a2,
guarded_wait,1421711696,1,COMPLETE,True,719,182567.0,3000.0,5.479333614000041,98824,e6db081d517da871140ac5d8b8986e3fe4017194a2087cc6c75193cc2cfa9375,623068490255a6b0dc57e93bdb9bfc94dbaa5164ca0d6447c465a2c9833cfd0e,games/game_027_seed1421711696_seat1.replay.jsonl.gz,d216d6ec34a94d1c67bebefacd63b666a6d921fcd8c09f0c43fb6b5e30b386db,
guarded_wait,1459327281,0,COMPLETE,True,719,197656.0,3000.0,5.342971126999998,98208,e6db081d517da871140ac5d8b8986e3fe4017194a2087cc6c75193cc2cfa9375,1db525495107f35fbe62080ee2a480a49a0736a6518039a3d88c6e4c6c0a21e8,games/game_016_seed1459327281_seat0.replay.jsonl.gz,6b98983fc389a0c7900ec9bff24dbbdb47f9ea27febbdfeef008c9a3ef322972,
guarded_wait,1459327281,1,COMPLETE,True,719,197652.0,3000.0,5.352063982999994,98224,e6db081d517da871140ac5d8b8986e3fe4017194a2087cc6c75193cc2cfa9375,d993f86f219d080880e87883c701f8c74245f12206b7f2a248e066b513734a9c,games/game_017_seed1459327281_seat1.replay.jsonl.gz,ef10ca73141106357a5be793a1a05551228bb6d3f5dbdbcc8fb56b8fa9ce756b,
guarded_wait,1514191294,0,COMPLETE,True,719,166344.0,3000.0,5.424940434000007,96924,e6db081d517da871140ac5d8b8986e3fe4017194a2087cc6c75193cc2cfa9375,3dec0389e3c5d553dd7807ae3bcd752a31778dfaeff6ea1d2568ab318d9f52ba,games/game_006_seed1514191294_seat0.replay.jsonl.gz,69a63529c7e3c6ffb20135633286034d6ec02dde83a88e333aea7cd25a914a3c,
guarded_wait,1514191294,1,COMPLETE,True,719,166344.0,3000.0,5.277384859999984,97088,e6db081d517da871140ac5d8b8986e3fe4017194a2087cc6c75193cc2cfa9375,c2de44716a05afa657df9097e88aba89675c859b97a458e6d4adafcc0430e97d,games/game_007_seed1514191294_seat1.replay.jsonl.gz,f15ab2d0496415beb7ec4f485fb21f45e4353d21023f84bc647871d8d01cbb37,
guarded_wait,1652205610,0,COMPLETE,True,719,181669.0,3000.0,6.711325275000036,95476,e6db081d517da871140ac5d8b8986e3fe4017194a2087cc6c75193cc2cfa9375,f394eb032adfac470c464f4a16663ca6b47fc8e8aa376120f94c608325816f0e,games/game_000_seed1652205610_seat0.replay.jsonl.gz,83abe8014633694ddd78b5f4c4e45d8d0d31e72ff8a6458663e005f93b43b543,
guarded_wait,1652205610,1,COMPLETE,True,719,187918.0,3000.0,6.78721802299998,96340,e6db081d517da871140ac5d8b8986e3fe4017194a2087cc6c75193cc2cfa9375,8215c59b38d4cd5ef7b0c8233637e2ba20fbefdf3f225111724cf0a4a49bb21c,games/game_001_seed1652205610_seat1.replay.jsonl.gz,c184b32b65476378d6bff420309631af34bf753ba259bb57546e47d37a03dc5d,
guarded_wait,1715028217,0,COMPLETE,True,719,180634.0,3000.0,5.930907324000032,97300,e6db081d517da871140ac5d8b8986e3fe4017194a2087cc6c75193cc2cfa9375,615b1ee1d54144d3408227e711e75f34122edd0669c57cf1dcfb4d34f80facf1,games/game_010_seed1715028217_seat0.replay.jsonl.gz,e18def13c8026d11ffcb9f7dd9dbd68117d6ae169f0bf10a3454cbe1c2d22fe1,
guarded_wait,1715028217,1,COMPLETE,True,719,153960.0,3000.0,5.398088884999993,97452,e6db081d517da871140ac5d8b8986e3fe4017194a2087cc6c75193cc2cfa9375,e034255c6474519468cae6b12d22456eca9fb75004a52b6b37866d70d364ae13,games/game_011_seed1715028217_seat1.replay.jsonl.gz,361edfd279a7543c9a9d69ee44737829774c1f838fc0d3168e95699bb4e646a2,
guarded_wait,1722159489,0,COMPLETE,True,719,212097.0,3000.0,5.996032001999993,98824,e6db081d517da871140ac5d8b8986e3fe4017194a2087cc6c75193cc2cfa9375,4e2035cccbc84d245fd5159bb38da9d3e40cbade5a38f99fb0a49ac21697b197,games/game_022_seed1722159489_seat0.replay.jsonl.gz,420ddb5192a496c9e0c430702ead375e1d8fcaa69474da660a7494c586077ecf,
guarded_wait,1722159489,1,COMPLETE,True,719,197322.0,3000.0,5.058991997000021,98824,e6db081d517da871140ac5d8b8986e3fe4017194a2087cc6c75193cc2cfa9375,795fc1d8e31ab4a16ea57f69972f1cb6204652f0c3231e3c24dd0d7b10a43c48,games/game_023_seed1722159489_seat1.replay.jsonl.gz,8ebf0d698ad578765db4e4fcdd172b30cfc02721d272067944140849dfdb516f,
guarded_wait,1948729637,0,COMPLETE,True,719,228394.0,3000.0,7.013038628000004,96592,e6db081d517da871140ac5d8b8986e3fe4017194a2087cc6c75193cc2cfa9375,1fa04389bc1b1e6dfd27f28731fe625001e196490a6095968ec501e907bd39ef,games/game_004_seed1948729637_seat0.replay.jsonl.gz,1c86a8599873f3882338b636ca0999e833adb00f7ad423d8f56858c875f1568d,
guarded_wait,1948729637,1,COMPLETE,True,719,214580.0,3000.0,6.054202989000032,96908,e6db081d517da871140ac5d8b8986e3fe4017194a2087cc6c75193cc2cfa9375,1efb9cf7fa6dc2a6b5add896646feaabc19b90a73dc0821539bff9ef4e164ce8,games/game_005_seed1948729637_seat1.replay.jsonl.gz,59fcab1a03f9f32de7cc0d9674afe9ecafead634a6818b24f2ab6140719a370c,
no_roll,28576209,0,COMPLETE,True,719,157844.0,3000.0,4.219810284999994,98680,b99db860382a55739f04b3fdd813801c7c16fef2d91b1dbe25bcf0dfa36efd95,71446b164303c11c1e57833eb0284f3e53cedee689a90142886d62b561a086b7,games/game_028_seed28576209_seat0.replay.jsonl.gz,be60116054c8f8e1692960bb2ed7a19f79e7def6f2beda29649afda0e3b1a1be,
no_roll,28576209,1,COMPLETE,True,719,157689.0,3000.0,4.2369223899999895,98680,b99db860382a55739f04b3fdd813801c7c16fef2d91b1dbe25bcf0dfa36efd95,d63c7e23e80f6e32eaef199ae34594002cb9dc81c42dc02f09973cb736039d7c,games/game_029_seed28576209_seat1.replay.jsonl.gz,972feb159d3b45c769c76d59a08c3c76f325bb0d4e6cdf2adcf4776977d8164d,
no_roll,394509745,0,COMPLETE,True,719,216217.0,3000.0,4.4947712270000295,98680,b99db860382a55739f04b3fdd813801c7c16fef2d91b1dbe25bcf0dfa36efd95,83cc8cedc63555b95695efc455b54c91c5b11578aca4d44917d7726251a50178,games/game_030_seed394509745_seat0.replay.jsonl.gz,718bdb2d749a18fad782cac194b466ade7c4ec294d5f507e61117802c75163d2,
no_roll,394509745,1,COMPLETE,True,719,245211.0,3000.0,4.208130339999968,98680,b99db860382a55739f04b3fdd813801c7c16fef2d91b1dbe25bcf0dfa36efd95,9c8a3dcf101c1e9cdd39e8c416f545c9a548eb83ddbc5b406e8cf7bdf5ab284d,games/game_031_seed394509745_seat1.replay.jsonl.gz,3a8f4e1fc1a3812c64acaa0f3c3bff3d5b5afa58cdba9840d5d810cb0495541b,
no_roll,766857369,0,COMPLETE,True,719,167397.0,3000.0,3.9770443429999887,97492,b99db860382a55739f04b3fdd813801c7c16fef2d91b1dbe25bcf0dfa36efd95,398ad70317c757def05887c873b2847e7e2ff22750378afb8657100718dc29a8,games/game_012_seed766857369_seat0.replay.jsonl.gz,8aabd99975b7485926ca44fd59fa629ffa2f8ea6087636f5efb1fe07560d1008,
no_roll,766857369,1,COMPLETE,True,719,167397.0,3000.0,4.095417701999992,97800,b99db860382a55739f04b3fdd813801c7c16fef2d91b1dbe25bcf0dfa36efd95,398ad70317c757def05887c873b2847e7e2ff22750378afb8657100718dc29a8,games/game_013_seed766857369_seat1.replay.jsonl.gz,5d94fbf3bc798ec1298ec12f19ba441f7cfc1143d109bab4668a9d54f2eab18b,
no_roll,833126169,0,COMPLETE,True,719,180725.0,3000.0,4.322323616000006,97304,b99db860382a55739f04b3fdd813801c7c16fef2d91b1dbe25bcf0dfa36efd95,9a72e3735dd27b078c5f1b587a450935bfdc21c71ad8d11f066ff670962bacd9,games/game_008_seed833126169_seat0.replay.jsonl.gz,268b2fefb9260560d9b97c982053fc3e49500e5e415edf8f2a94acf3155b0687,
no_roll,833126169,1,COMPLETE,True,719,180725.0,3000.0,4.225053736999996,97328,b99db860382a55739f04b3fdd813801c7c16fef2d91b1dbe25bcf0dfa36efd95,9a72e3735dd27b078c5f1b587a450935bfdc21c71ad8d11f066ff670962bacd9,games/game_009_seed833126169_seat1.replay.jsonl.gz,94296927fb4701bb8f04c479a0b80ed6fcad8e404f0d1906deb6a9812137a91d,
no_roll,979746784,0,COMPLETE,True,719,190540.0,3000.0,4.254861640000001,96408,b99db860382a55739f04b3fdd813801c7c16fef2d91b1dbe25bcf0dfa36efd95,165d0cb935e84ef04c52f27b2780bc6183acf84296ec33d76cd1f2708e8f7830,games/game_002_seed979746784_seat0.replay.jsonl.gz,2ed010dd2f25b18c36116f7c2d095fb59f9c153902a61858c797114fde9210b6,
no_roll,979746784,1,COMPLETE,True,719,190540.0,3000.0,4.361957038999975,96408,b99db860382a55739f04b3fdd813801c7c16fef2d91b1dbe25bcf0dfa36efd95,165d0cb935e84ef04c52f27b2780bc6183acf84296ec33d76cd1f2708e8f7830,games/game_003_seed979746784_seat1.replay.jsonl.gz,79943be6bebb61d608cb89cdafc80c68b3670f55c91b6ce72f1f337a6a003ea2,
no_roll,979914492,0,COMPLETE,True,719,250934.0,3000.0,4.404803384000019,98656,b99db860382a55739f04b3fdd813801c7c16fef2d91b1dbe25bcf0dfa36efd95,d7b94a26e55cd0c68e3051ab31a17162e5d754504885c1bb7d807c354039abac,games/game_024_seed979914492_seat0.replay.jsonl.gz,fb59345ea1485bf1f232d12c1e8877f6a87a022d6d22ee0046c73cd7f1d5675e,
no_roll,979914492,1,COMPLETE,True,719,250934.0,3000.0,4.522656745000006,98656,b99db860382a55739f04b3fdd813801c7c16fef2d91b1dbe25bcf0dfa36efd95,d7b94a26e55cd0c68e3051ab31a17162e5d754504885c1bb7d807c354039abac,games/game_025_seed979914492_seat1.replay.jsonl.gz,2316a2fbb2e26f694cf51c9483bcb12ceff8bd9cf1df334010154a0de80860c2,
no_roll,1138364143,0,COMPLETE,True,719,169570.0,3000.0,4.28943697599999,98656,b99db860382a55739f04b3fdd813801c7c16fef2d91b1dbe25bcf0dfa36efd95,0322fe090a0d14bfc73809fd359ecb7e140171c56eeb04f47f817e30bf90ddab,games/game_020_seed1138364143_seat0.replay.jsonl.gz,48be9ac28275bc8ef4b0842df3c51c634f4568505443aeaed96b3016f940d10d,
no_roll,1138364143,1,COMPLETE,True,719,169570.0,3000.0,4.154160139000027,98656,b99db860382a55739f04b3fdd813801c7c16fef2d91b1dbe25bcf0dfa36efd95,eac600af7f2f117c97ece110448759e896161d98ad0d03d7c2a05af3d1044252,games/game_021_seed1138364143_seat1.replay.jsonl.gz,b330ef8b756ac53f889733b24352966d9b3e9cd5b6059d127aa6822736f8e26c,
no_roll,1175089851,0,COMPLETE,True,719,169365.0,3000.0,4.141777699999977,98252,b99db860382a55739f04b3fdd813801c7c16fef2d91b1dbe25bcf0dfa36efd95,a2f0379a1c4f0b6fcb54db174101ece666597aea89d6d9b11653a784c413d295,games/game_018_seed1175089851_seat0.replay.jsonl.gz,6c9f331359f43563182eb669f3eb96bf95e703d9599ade0a02b9eb1d7faf22b1,
no_roll,1175089851,1,COMPLETE,True,719,157377.0,3000.0,4.067094558999997,98648,b99db860382a55739f04b3fdd813801c7c16fef2d91b1dbe25bcf0dfa36efd95,87d6b517131e9aa60b03d27af6ac66bff4374294c20402467302247d8d1815c4,games/game_019_seed1175089851_seat1.replay.jsonl.gz,bd3a455d49a9593a25d0a6cec69e0a308aaec4a738d1de375cb8a1ee635d9172,
no_roll,1387052231,0,COMPLETE,True,719,188506.0,3000.0,4.148699192000009,97912,b99db860382a55739f04b3fdd813801c7c16fef2d91b1dbe25bcf0dfa36efd95,1f58988bb3eb738b87e9585337d4585fc0ce53aab4c5ced3947ae41ddda1fe97,games/game_014_seed1387052231_seat0.replay.jsonl.gz,e1fbcc14074a467df40b37d53b6957f883a3a16d576b4f164d91e357b9bc8367,
no_roll,1387052231,1,COMPLETE,True,719,193596.0,3000.0,4.11695665900001,97960,b99db860382a55739f04b3fdd813801c7c16fef2d91b1dbe25bcf0dfa36efd95,b5dceb26e8cebb918f8004358f13c0440555a739088d26910ce8bb8622620304,games/game_015_seed1387052231_seat1.replay.jsonl.gz,82f7c1823ebc331c3abe1dcc53fbcf7b8d0db5f9fd0e349c469a379cfa38ea32,
no_roll,1421711696,0,COMPLETE,True,719,254718.0,3000.0,4.4859803930000055,98680,b99db860382a55739f04b3fdd813801c7c16fef2d91b1dbe25bcf0dfa36efd95,72b6752646bb3927f1de4294ca0b84c5ecdb02d631dd706f0c5a5ee8ce9a6598,games/game_026_seed1421711696_seat0.replay.jsonl.gz,acf42c7111e5294574b4ef25005720ffdbba48db3f46826dcf15f0471e3b9d54,
no_roll,1421711696,1,COMPLETE,True,719,182567.0,3000.0,3.993847656999975,98680,b99db860382a55739f04b3fdd813801c7c16fef2d91b1dbe25bcf0dfa36efd95,623068490255a6b0dc57e93bdb9bfc94dbaa5164ca0d6447c465a2c9833cfd0e,games/game_027_seed1421711696_seat1.replay.jsonl.gz,16421bda775a255722a27287955a70864a9604e0af40b3f9cc5e699ab4c7a6a4,
no_roll,1459327281,0,COMPLETE,True,719,197656.0,3000.0,4.208218958000003,97960,b99db860382a55739f04b3fdd813801c7c16fef2d91b1dbe25bcf0dfa36efd95,1db525495107f35fbe62080ee2a480a49a0736a6518039a3d88c6e4c6c0a21e8,games/game_016_seed1459327281_seat0.replay.jsonl.gz,1d001666484d7b507b4ce0eb5e125226babe48b3ad982a122b49e0357dc77920,
no_roll,1459327281,1,COMPLETE,True,719,197652.0,3000.0,4.097727489999983,97996,b99db860382a55739f04b3fdd813801c7c16fef2d91b1dbe25bcf0dfa36efd95,d993f86f219d080880e87883c701f8c74245f12206b7f2a248e066b513734a9c,games/game_017_seed1459327281_seat1.replay.jsonl.gz,5b44f757a5e8c3c4948bb4f4a89c186e2dc38a9cda53b0f5b496687e17895c57,
no_roll,1514191294,0,COMPLETE,True,719,166344.0,3000.0,4.116403094999981,96864,b99db860382a55739f04b3fdd813801c7c16fef2d91b1dbe25bcf0dfa36efd95,3dec0389e3c5d553dd7807ae3bcd752a31778dfaeff6ea1d2568ab318d9f52ba,games/game_006_seed1514191294_seat0.replay.jsonl.gz,7f8a77eef0538806694343d1a2989ed8424b3986786043868d477ed4d8d22392,
no_roll,1514191294,1,COMPLETE,True,719,166344.0,3000.0,4.031354708999999,96908,b99db860382a55739f04b3fdd813801c7c16fef2d91b1dbe25bcf0dfa36efd95,c2de44716a05afa657df9097e88aba89675c859b97a458e6d4adafcc0430e97d,games/game_007_seed1514191294_seat1.replay.jsonl.gz,c0c39066420031b5f1f745c5e61919d0826067239dfe4dc8ddb819fd038d057a,
no_roll,1652205610,0,COMPLETE,True,719,181669.0,3000.0,4.702721369000017,95400,b99db860382a55739f04b3fdd813801c7c16fef2d91b1dbe25bcf0dfa36efd95,f394eb032adfac470c464f4a16663ca6b47fc8e8aa376120f94c608325816f0e,games/game_000_seed1652205610_seat0.replay.jsonl.gz,74f99f502505662dafa3e47b65c5478693e0e935ad90b53e0cd8c6f89568b6b0,
no_roll,1652205610,1,COMPLETE,True,719,187918.0,3000.0,4.631903521999988,96008,b99db860382a55739f04b3fdd813801c7c16fef2d91b1dbe25bcf0dfa36efd95,8215c59b38d4cd5ef7b0c8233637e2ba20fbefdf3f225111724cf0a4a49bb21c,games/game_001_seed1652205610_seat1.replay.jsonl.gz,a7b0c355a09964cb9ac605542feb2620bd42f8beefc699533f3c80dddd52785b,
no_roll,1715028217,0,COMPLETE,True,719,180634.0,3000.0,4.177677233999987,97372,b99db860382a55739f04b3fdd813801c7c16fef2d91b1dbe25bcf0dfa36efd95,615b1ee1d54144d3408227e711e75f34122edd0669c57cf1dcfb4d34f80facf1,games/game_010_seed1715028217_seat0.replay.jsonl.gz,4c7b9c9382d0c898d47a3a04d9b87589619872301a0164539aa9ad0c34414ec9,
no_roll,1715028217,1,COMPLETE,True,719,153960.0,3000.0,3.9846424919999777,97448,b99db860382a55739f04b3fdd813801c7c16fef2d91b1dbe25bcf0dfa36efd95,e034255c6474519468cae6b12d22456eca9fb75004a52b6b37866d70d364ae13,games/game_011_seed1715028217_seat1.replay.jsonl.gz,e2b33dc08f6a5278396dab4f1a3a4b6926e7ecad6aaa10528e1eb64daf36961c,
no_roll,1722159489,0,COMPLETE,True,719,212097.0,3000.0,4.228870954999991,98656,b99db860382a55739f04b3fdd813801c7c16fef2d91b1dbe25bcf0dfa36efd95,4e2035cccbc84d245fd5159bb38da9d3e40cbade5a38f99fb0a49ac21697b197,games/game_022_seed1722159489_seat0.replay.jsonl.gz,c8a44da60eef47009491836c44c94aeb2dc3b5be6e31521517f66de6fdede3d8,
no_roll,1722159489,1,COMPLETE,True,719,197322.0,3000.0,4.113132482999987,98656,b99db860382a55739f04b3fdd813801c7c16fef2d91b1dbe25bcf0dfa36efd95,795fc1d8e31ab4a16ea57f69972f1cb6204652f0c3231e3c24dd0d7b10a43c48,games/game_023_seed1722159489_seat1.replay.jsonl.gz,182977e3e32336401323deb9b092e8eb4d55ed3c336e7f1be69012a25d6557a5,
no_roll,1948729637,0,COMPLETE,True,719,228394.0,3000.0,4.379248167000014,96548,b99db860382a55739f04b3fdd813801c7c16fef2d91b1dbe25bcf0dfa36efd95,1fa04389bc1b1e6dfd27f28731fe625001e196490a6095968ec501e907bd39ef,games/game_004_seed1948729637_seat0.replay.jsonl.gz,8c4d1c0f95e55e773de83e59829b29eaacd58cb4543fa39031be974a0448a015,
no_roll,1948729637,1,COMPLETE,True,719,214580.0,3000.0,4.297019704000007,96588,b99db860382a55739f04b3fdd813801c7c16fef2d91b1dbe25bcf0dfa36efd95,1efb9cf7fa6dc2a6b5add896646feaabc19b90a73dc0821539bff9ef4e164ce8,games/game_005_seed1948729637_seat1.replay.jsonl.gz,506ac48708224872df690f093d51755774720408618c832aa0d8cc12585cfc78,
no_wait,28576209,0,COMPLETE,True,719,159595.0,3000.0,5.217877465000015,98480,e6db081d517da871140ac5d8b8986e3fe4017194a2087cc6c75193cc2cfa9375,00c7c301c96c93bebda3344c9dda8b3937ce2d8c634574e0e534279c473b537e,games/game_028_seed28576209_seat0.replay.jsonl.gz,542b1d9d7896ac404d37b432a80d6cecd0558f2f4a971a93a2817be9544fad47,
no_wait,28576209,1,COMPLETE,True,719,159556.0,3000.0,4.946883866000007,98480,e6db081d517da871140ac5d8b8986e3fe4017194a2087cc6c75193cc2cfa9375,4838581318e286cc1dfc271350f066da5cae94e385272b711b4ee2b316ce0d77,games/game_029_seed28576209_seat1.replay.jsonl.gz,da219ba649aab06711bd6d07fcc6f3b4e1cb1f85119d6c2a0456308ec60b3d62,
no_wait,394509745,0,COMPLETE,True,719,216217.0,3000.0,5.725246081000023,98480,e6db081d517da871140ac5d8b8986e3fe4017194a2087cc6c75193cc2cfa9375,83cc8cedc63555b95695efc455b54c91c5b11578aca4d44917d7726251a50178,games/game_030_seed394509745_seat0.replay.jsonl.gz,e3ffb145cc516c1c7485a35aaa4c6bdcf4c7d38d1ee32f7ad3e6a23b82ac00ee,
no_wait,394509745,1,COMPLETE,True,719,245211.0,3000.0,5.355545405999976,98480,e6db081d517da871140ac5d8b8986e3fe4017194a2087cc6c75193cc2cfa9375,9c8a3dcf101c1e9cdd39e8c416f545c9a548eb83ddbc5b406e8cf7bdf5ab284d,games/game_031_seed394509745_seat1.replay.jsonl.gz,5b5047c8d67ed462da0909176422ab04cf7bd49098a838e304a0946f2245b205,
no_wait,766857369,0,COMPLETE,True,719,169893.0,3000.0,5.215017182999986,97748,e6db081d517da871140ac5d8b8986e3fe4017194a2087cc6c75193cc2cfa9375,aa4a3363f18492a6fdd1ec9c601e8427dc029f2452530380ccfe879a0b127452,games/game_012_seed766857369_seat0.replay.jsonl.gz,c8cbf7cb7e79b5208ced06c413e254f9199500f94b33acd31e8d5c51ef5ba85d,
no_wait,766857369,1,COMPLETE,True,719,169893.0,3000.0,5.196011073999955,97804,e6db081d517da871140ac5d8b8986e3fe4017194a2087cc6c75193cc2cfa9375,aa4a3363f18492a6fdd1ec9c601e8427dc029f2452530380ccfe879a0b127452,games/game_013_seed766857369_seat1.replay.jsonl.gz,5fdda540b5e2c098fc80d3f90c464ba561d61058bcd8018620353fffcb4c3441,
no_wait,833126169,0,COMPLETE,True,719,180725.0,3000.0,5.604870571999982,97592,e6db081d517da871140ac5d8b8986e3fe4017194a2087cc6c75193cc2cfa9375,9a72e3735dd27b078c5f1b587a450935bfdc21c71ad8d11f066ff670962bacd9,games/game_008_seed833126169_seat0.replay.jsonl.gz,57444986e38502c2f7185215d6cbfcdea68b5b52604de27e7c34c7915019647c,
no_wait,833126169,1,COMPLETE,True,719,180725.0,3000.0,5.612775521999993,97592,e6db081d517da871140ac5d8b8986e3fe4017194a2087cc6c75193cc2cfa9375,9a72e3735dd27b078c5f1b587a450935bfdc21c71ad8d11f066ff670962bacd9,games/game_009_seed833126169_seat1.replay.jsonl.gz,7ff3bfceeceeccd9bcb65ad55a4e348e531e7f96c03df76865e82c17ddfa8bee,
no_wait,979746784,0,COMPLETE,True,719,190540.0,3000.0,5.476971519000017,96312,e6db081d517da871140ac5d8b8986e3fe4017194a2087cc6c75193cc2cfa9375,165d0cb935e84ef04c52f27b2780bc6183acf84296ec33d76cd1f2708e8f7830,games/game_002_seed979746784_seat0.replay.jsonl.gz,2bacdab9dd449b5b5f442072cfc6bfc295a68c264f0f9e02b785b1aef436c0ca,
no_wait,979746784,1,COMPLETE,True,719,190540.0,3000.0,5.414697146000037,96312,e6db081d517da871140ac5d8b8986e3fe4017194a2087cc6c75193cc2cfa9375,165d0cb935e84ef04c52f27b2780bc6183acf84296ec33d76cd1f2708e8f7830,games/game_003_seed979746784_seat1.replay.jsonl.gz,42dca4c1a69eb01937f676cbe4be8ada8b50a492be97905fa0abb3d6909273f4,
no_wait,979914492,0,COMPLETE,True,719,258364.0,3000.0,6.1611713720000125,98480,e6db081d517da871140ac5d8b8986e3fe4017194a2087cc6c75193cc2cfa9375,cada2dd11cfed12f399e2e4be7e9218e3a952ba02945e2e4de864a7993dc6a42,games/game_024_seed979914492_seat0.replay.jsonl.gz,30b039461e00f9173b4cda657a283b2246323ef347ecd41409490b2103bb77ec,
no_wait,979914492,1,COMPLETE,True,719,258364.0,3000.0,6.00943932499996,98480,e6db081d517da871140ac5d8b8986e3fe4017194a2087cc6c75193cc2cfa9375,cada2dd11cfed12f399e2e4be7e9218e3a952ba02945e2e4de864a7993dc6a42,games/game_025_seed979914492_seat1.replay.jsonl.gz,f1af60254b48e14fee922cfc684cb3b074afc1956fad1071c18d443216c5eae2,
no_wait,1138364143,0,COMPLETE,True,719,174077.0,3000.0,4.918760648999978,98100,e6db081d517da871140ac5d8b8986e3fe4017194a2087cc6c75193cc2cfa9375,09d944c901336600d5312207636ec6a886d5dc9cfb6649c5d60a579eea7fd8a8,games/game_020_seed1138364143_seat0.replay.jsonl.gz,fef74e05d843a93886d7a3b6f19b101f4281f7fafa0710bddba39160e226fa18,
no_wait,1138364143,1,COMPLETE,True,719,174048.0,3000.0,4.947955476000004,98224,e6db081d517da871140ac5d8b8986e3fe4017194a2087cc6c75193cc2cfa9375,ab96e99d5ead1ca54c23275f53c8e189bc63f2202cda068f232eca029043e79e,games/game_021_seed1138364143_seat1.replay.jsonl.gz,7db408b58ea1a6a6de0ad33eb68b33254febe07bca25e42b584f28077a4759dd,
no_wait,1175089851,0,COMPLETE,True,719,171649.0,3000.0,5.285939591999977,98076,e6db081d517da871140ac5d8b8986e3fe4017194a2087cc6c75193cc2cfa9375,ea210823a5bca66232326743f557ef8381f059d28ec783b444c4a653d70148db,games/game_018_seed1175089851_seat0.replay.jsonl.gz,2955d80875aeb09beb7d6b8b4f175b4564b2f333cc28ffce8117bfb775b19fa5,
no_wait,1175089851,1,COMPLETE,True,719,157377.0,3000.0,4.700102362999985,98100,e6db081d517da871140ac5d8b8986e3fe4017194a2087cc6c75193cc2cfa9375,87d6b517131e9aa60b03d27af6ac66bff4374294c20402467302247d8d1815c4,games/game_019_seed1175089851_seat1.replay.jsonl.gz,3e82c16b27776a74e48990a4fdb1d0429101d5eeae68b1a46110e0a8d241f2a2,
no_wait,1387052231,0,COMPLETE,True,719,188506.0,3000.0,5.048163696000017,97936,e6db081d517da871140ac5d8b8986e3fe4017194a2087cc6c75193cc2cfa9375,1f58988bb3eb738b87e9585337d4585fc0ce53aab4c5ced3947ae41ddda1fe97,games/game_014_seed1387052231_seat0.replay.jsonl.gz,7c0df3298adcda40887fbbcb6e78a95e5ceae816bff82f64f263af455c186b9c,
no_wait,1387052231,1,COMPLETE,True,719,193596.0,3000.0,5.329390450000005,98076,e6db081d517da871140ac5d8b8986e3fe4017194a2087cc6c75193cc2cfa9375,b5dceb26e8cebb918f8004358f13c0440555a739088d26910ce8bb8622620304,games/game_015_seed1387052231_seat1.replay.jsonl.gz,8061fab65bb06c933931263ed29c3d5f0e483d219775d85c09346fcf7d2907f8,
no_wait,1421711696,0,COMPLETE,True,719,254718.0,3000.0,5.688883951999969,98480,e6db081d517da871140ac5d8b8986e3fe4017194a2087cc6c75193cc2cfa9375,72b6752646bb3927f1de4294ca0b84c5ecdb02d631dd706f0c5a5ee8ce9a6598,games/game_026_seed1421711696_seat0.replay.jsonl.gz,e84b007422abafcb642ca295eeee0bccab2966dcaf518ca83990d8ed0b01d446,
no_wait,1421711696,1,COMPLETE,True,719,186767.0,3000.0,5.268569713999966,98480,e6db081d517da871140ac5d8b8986e3fe4017194a2087cc6c75193cc2cfa9375,cefc6547db64a228d870f655ab9b87d777208ba11a58b56dcf370cc51b779bf9,games/game_027_seed1421711696_seat1.replay.jsonl.gz,8f7b64f9dfa0074638746727469a07bd4664d3239a6b8d247352f48cac22d429,
no_wait,1459327281,0,COMPLETE,True,719,195479.0,3000.0,5.081085596000037,98076,e6db081d517da871140ac5d8b8986e3fe4017194a2087cc6c75193cc2cfa9375,0e68f7740b45c2e9eb1b0917938f0ee4c62e9699764a7207061216352db66df5,games/game_016_seed1459327281_seat0.replay.jsonl.gz,c73b6e31ec97f6f090a3013ef60b22335004cadb72307c1f5409d10ebb9a601e,
no_wait,1459327281,1,COMPLETE,True,719,195479.0,3000.0,5.1514849440000035,98076,e6db081d517da871140ac5d8b8986e3fe4017194a2087cc6c75193cc2cfa9375,0e68f7740b45c2e9eb1b0917938f0ee4c62e9699764a7207061216352db66df5,games/game_017_seed1459327281_seat1.replay.jsonl.gz,f9077df6bf96a15be1680a11032c297b28285de00e5da8c7cb6b42f46dafec1e,
no_wait,1514191294,0,COMPLETE,True,719,161411.0,3000.0,4.910249443999987,97076,e6db081d517da871140ac5d8b8986e3fe4017194a2087cc6c75193cc2cfa9375,78236afb3cd3e711aab7422f9b2a4c1f8e8158007788bdee68d33174d2bca2f1,games/game_006_seed1514191294_seat0.replay.jsonl.gz,b6db55b77c468a00ea1cf0107e8218bba7a71e6c949aae234c8f46d2a91b02ff,
no_wait,1514191294,1,COMPLETE,True,719,161411.0,3000.0,5.143794138999965,97320,e6db081d517da871140ac5d8b8986e3fe4017194a2087cc6c75193cc2cfa9375,2f2949d9b598be49b85e858ece12674fbe558a2559bd36ff8865aef6a355b9d5,games/game_007_seed1514191294_seat1.replay.jsonl.gz,e01ded243f1adeac2528b07987d82c1f051bc7f974c324669d2d6d3f36c5ab48,
no_wait,1652205610,0,COMPLETE,True,719,189252.0,3000.0,5.957947471000011,95488,e6db081d517da871140ac5d8b8986e3fe4017194a2087cc6c75193cc2cfa9375,2396b42cd445504ecfbf216b7529c9c71a0fea380ecf9fde250e3ef0b84439bc,games/game_000_seed1652205610_seat0.replay.jsonl.gz,0c6702ca5e060dcff40decf7411389383acdbd060baa4e7a3c01c18fa523987b,
no_wait,1652205610,1,COMPLETE,True,719,189957.0,3000.0,5.960570134000022,96096,e6db081d517da871140ac5d8b8986e3fe4017194a2087cc6c75193cc2cfa9375,f4f1093a641679013190de39f04b4a5f2111fd801847261c8356554f436c64ea,games/game_001_seed1652205610_seat1.replay.jsonl.gz,dcb58db0b12a73db5802a4a39fc17b2ad58532672b4305af39cef873a51f5bb1,
no_wait,1715028217,0,COMPLETE,True,719,180634.0,3000.0,5.404248266000025,97592,e6db081d517da871140ac5d8b8986e3fe4017194a2087cc6c75193cc2cfa9375,615b1ee1d54144d3408227e711e75f34122edd0669c57cf1dcfb4d34f80facf1,games/game_010_seed1715028217_seat0.replay.jsonl.gz,f504c1a42d30822e5a1593b52776eddd5c3fa4767300be7283f7ce0a8da62bd6,
no_wait,1715028217,1,COMPLETE,True,719,153960.0,3000.0,5.13553779099999,97592,e6db081d517da871140ac5d8b8986e3fe4017194a2087cc6c75193cc2cfa9375,e034255c6474519468cae6b12d22456eca9fb75004a52b6b37866d70d364ae13,games/game_011_seed1715028217_seat1.replay.jsonl.gz,a0e44f4e0e74c31bf72a7d7decc5611056cedf710f41c7e89895f7b8b98981d2,
no_wait,1722159489,0,COMPLETE,True,719,193408.0,3000.0,5.657104509000021,98480,e6db081d517da871140ac5d8b8986e3fe4017194a2087cc6c75193cc2cfa9375,b313afdb4975cd16cb1b07d415d309fc6b27f78496fdf2bd7c0a2dfa3b490323,games/game_022_seed1722159489_seat0.replay.jsonl.gz,e657398b77bd870683081b45dd0c1aae9e88608ec533a0bef9b1a446045ac590,
no_wait,1722159489,1,COMPLETE,True,719,197652.0,3000.0,4.941672724,98480,e6db081d517da871140ac5d8b8986e3fe4017194a2087cc6c75193cc2cfa9375,ab916d2f071951d0607c7277f6b99ffebbcac8be736d303defb54529f76ad10f,games/game_023_seed1722159489_seat1.replay.jsonl.gz,0c4dd0281bac6fcdab56166a6622eb7bb3de2b570ae7003875a42965d5b4030b,
no_wait,1948729637,0,COMPLETE,True,719,227508.0,3000.0,6.224473202000013,96368,e6db081d517da871140ac5d8b8986e3fe4017194a2087cc6c75193cc2cfa9375,853a7dd28ce37e88b943035aab55f116f506a2aee54997835f245eace7e9fbff,games/game_004_seed1948729637_seat0.replay.jsonl.gz,a38997000fe2bf94943f4a2b10b3815083c8dc361e94a505b29ae70a908b487b,
no_wait,1948729637,1,COMPLETE,True,719,214383.0,3000.0,5.685748653000019,96476,e6db081d517da871140ac5d8b8986e3fe4017194a2087cc6c75193cc2cfa9375,e00a31b1b83c90309ab5edd4a58fb2fc68b2315265e1a50d2ede9e32a4c037d9,games/game_005_seed1948729637_seat1.replay.jsonl.gz,2c345a47e276a9cb51a0625e0b4e0468d6056e0d153d664db4db3ed8b5230e42,
no_wait_combined,28576209,0,COMPLETE,True,719,183262.0,3000.0,4.455934440000192,97848,2bd06fe94a03854769942a2e30f9623cafbbd73f4fa5095962d138a5316e9eb8,0592d040df5d6e78254f83a4a7c81c8975d93ef40410c1cf152b2cc5761f6680,games/game_028_seed28576209_seat0.replay.jsonl.gz,0bf4091e887ba383eda77c1b7894988981408ad628e629c2e427e742df68682c,
no_wait_combined,28576209,1,COMPLETE,True,719,182685.0,3000.0,4.702255035000007,98156,2bd06fe94a03854769942a2e30f9623cafbbd73f4fa5095962d138a5316e9eb8,a03753f7ead03987f5397e1b8e80bf396b981fa84959f5ee907fa43720604de0,games/game_029_seed28576209_seat1.replay.jsonl.gz,3e74144edaba0bd7c0518e9a8ac502fa1629c4edbc54570ebeb94928db8a6a0a,
no_wait_combined,394509745,0,COMPLETE,True,719,221320.0,3000.0,4.5822243939999225,98232,2bd06fe94a03854769942a2e30f9623cafbbd73f4fa5095962d138a5316e9eb8,c2e15974bc91da04b51503589e3ccaa84848a3ac7d809b2eba6289d088de5f35,games/game_030_seed394509745_seat0.replay.jsonl.gz,85dc95591f71626cb09910eb4ec89c2b319b1a8e875bb36c5da38cd5a3b5439c,
no_wait_combined,394509745,1,COMPLETE,True,719,235001.0,3000.0,5.40235577999988,98156,2bd06fe94a03854769942a2e30f9623cafbbd73f4fa5095962d138a5316e9eb8,225051e6151a9c0f1761aac45f49c1ebe70f11ff69c841d30e17239c53f1ea9a,games/game_031_seed394509745_seat1.replay.jsonl.gz,be52d0258ebf6a2e911ec1a38927403775b88edbb90292376b1abad2210a0bb0,
no_wait_combined,766857369,0,COMPLETE,True,719,168843.0,3000.0,4.621305668000105,97204,2bd06fe94a03854769942a2e30f9623cafbbd73f4fa5095962d138a5316e9eb8,98807b57e8b5146beaf50778dfd1a79173e2ddc32e2955c669253a0f19c29a8b,games/game_012_seed766857369_seat0.replay.jsonl.gz,3183f1cd622760c858d400b0a62734bec7dc605f036eca53da9acdc9dbaef5ff,
no_wait_combined,766857369,1,COMPLETE,True,719,168843.0,3000.0,4.732251557000154,97212,2bd06fe94a03854769942a2e30f9623cafbbd73f4fa5095962d138a5316e9eb8,98807b57e8b5146beaf50778dfd1a79173e2ddc32e2955c669253a0f19c29a8b,games/game_013_seed766857369_seat1.replay.jsonl.gz,b72f12ac2ab2863138989bef7c8b5004bd77450965263171c3b99efe606de60e,
no_wait_combined,833126169,0,COMPLETE,True,719,194669.0,3000.0,5.170780119000028,97052,2bd06fe94a03854769942a2e30f9623cafbbd73f4fa5095962d138a5316e9eb8,c7e8e2e53f3adfeecfd67c33114c6001cbe641e3ca5ab96e0d7b37bfe6f6228a,games/game_008_seed833126169_seat0.replay.jsonl.gz,38a7f6969887ccd34b7059f7f1d60e69f83d2d83cfb9785651cf0ca7be869de3,
no_wait_combined,833126169,1,COMPLETE,True,719,194669.0,3000.0,5.320359714000006,97140,2bd06fe94a03854769942a2e30f9623cafbbd73f4fa5095962d138a5316e9eb8,c7e8e2e53f3adfeecfd67c33114c6001cbe641e3ca5ab96e0d7b37bfe6f6228a,games/game_009_seed833126169_seat1.replay.jsonl.gz,6d297458899dbe955a4d32cc41afc6e78ebeaeabd6505f3971bef482d5005c2c,
no_wait_combined,979746784,0,COMPLETE,True,719,175548.0,3000.0,4.751343813999938,96072,2bd06fe94a03854769942a2e30f9623cafbbd73f4fa5095962d138a5316e9eb8,78c960204f51e8dec279ba57369b4aadd8e95ab6901957779756f5cfc5515f8f,games/game_002_seed979746784_seat0.replay.jsonl.gz,f84a1daf7fb6a5a8cf49be6a54bb8637dd39c06b94146b627a5a90b7c0e752ba,
no_wait_combined,979746784,1,COMPLETE,True,719,175548.0,3000.0,4.796858791999966,96200,2bd06fe94a03854769942a2e30f9623cafbbd73f4fa5095962d138a5316e9eb8,78c960204f51e8dec279ba57369b4aadd8e95ab6901957779756f5cfc5515f8f,games/game_003_seed979746784_seat1.replay.jsonl.gz,4ac317533f633bf3d84866c294cd01ec23650917d83a0a321151fce88043253e,
no_wait_combined,979914492,0,COMPLETE,True,719,258066.0,3000.0,4.450843993000035,97708,2bd06fe94a03854769942a2e30f9623cafbbd73f4fa5095962d138a5316e9eb8,a7bf32eb583e9f4fdd7b0f9cc46c64bbc8160559c4040abf074b410e0b8bb0ac,games/game_024_seed979914492_seat0.replay.jsonl.gz,5cd9c994f06741bd4443e2b57fb88126a9c77b218e7bdffefb8d98d56c9e6b1c,
no_wait_combined,979914492,1,COMPLETE,True,719,258066.0,3000.0,4.581222600000046,97532,2bd06fe94a03854769942a2e30f9623cafbbd73f4fa5095962d138a5316e9eb8,a7bf32eb583e9f4fdd7b0f9cc46c64bbc8160559c4040abf074b410e0b8bb0ac,games/game_025_seed979914492_seat1.replay.jsonl.gz,c202cc01c9304d74a15c6c709ef1c4ea323156a87031a5367e97f2eb1350a0bb,
no_wait_combined,1138364143,0,COMPLETE,True,719,162981.0,3000.0,4.763916883999855,97292,2bd06fe94a03854769942a2e30f9623cafbbd73f4fa5095962d138a5316e9eb8,aa8d7f8af3d43c71498ee7ff0784bdc3e38686efe5f334e09618cf2c85e71cf3,games/game_020_seed1138364143_seat0.replay.jsonl.gz,42ee5ccf20c62ec4af00746b1cd12773a791e93fbc504e6a8d9632530ae89c52,
no_wait_combined,1138364143,1,COMPLETE,True,719,162981.0,3000.0,4.819302390000075,97532,2bd06fe94a03854769942a2e30f9623cafbbd73f4fa5095962d138a5316e9eb8,aa8d7f8af3d43c71498ee7ff0784bdc3e38686efe5f334e09618cf2c85e71cf3,games/game_021_seed1138364143_seat1.replay.jsonl.gz,ac08f2288875aeed6a6bd555c7d71cc9d7b7c12f2ac439bf50638d2a0fee33f2,
no_wait_combined,1175089851,0,COMPLETE,True,719,177591.0,3000.0,5.170422414000086,97204,2bd06fe94a03854769942a2e30f9623cafbbd73f4fa5095962d138a5316e9eb8,da6a6be31c82f5d2a5bdc31a7c89ba9bb0db7883b91eabb8f30d72d71637d198,games/game_018_seed1175089851_seat0.replay.jsonl.gz,787839d5dfe0d965b0bb0758578400e06f7f47d6fd1c4b8ce081689e7835d5ed,
no_wait_combined,1175089851,1,COMPLETE,True,719,175360.0,3000.0,4.917286401999945,97436,2bd06fe94a03854769942a2e30f9623cafbbd73f4fa5095962d138a5316e9eb8,4cd1a21cd29ee1f1d0917ae821e54838072dc81635a61699d933f892fc287625,games/game_019_seed1175089851_seat1.replay.jsonl.gz,cafdf99b7132e257639e14fadc544cca0a8da98bc03de12062b9db504df95b86,
no_wait_combined,1387052231,0,COMPLETE,True,719,243046.0,3000.0,4.986450135000041,97204,2bd06fe94a03854769942a2e30f9623cafbbd73f4fa5095962d138a5316e9eb8,38021af7fccd66f24c30a712dc658bf1b2544eb01d2708087ef40d888c9b7e70,games/game_014_seed1387052231_seat0.replay.jsonl.gz,2860e3b9a1afe4aa571381248175573d229889f30679a0ae94aa558f825b5b31,
no_wait_combined,1387052231,1,COMPLETE,True,719,249974.0,3000.0,5.23328758699995,97212,2bd06fe94a03854769942a2e30f9623cafbbd73f4fa5095962d138a5316e9eb8,95b83be9e4ac82c1eef04c5b054c57fdbcdc549cde3e41fb0df433b6cb6ce6e7,games/game_015_seed1387052231_seat1.replay.jsonl.gz,7b093fa9df013360084899a9a1246b8dbfd8d9da618deac72270b9b5a90c8de5,
no_wait_combined,1421711696,0,COMPLETE,True,719,182368.0,3000.0,4.691636093999932,97772,2bd06fe94a03854769942a2e30f9623cafbbd73f4fa5095962d138a5316e9eb8,f728abe11f54f88ccf47efe22e4ebfab53fb2e338dc342f6312b6cf4857ee98b,games/game_026_seed1421711696_seat0.replay.jsonl.gz,b13d9c8eed87b0589aa143f5f47dc1e37bfe0f1962b7393a8e2cb88dd379626c,
no_wait_combined,1421711696,1,COMPLETE,True,719,182368.0,3000.0,4.978168457000038,98100,2bd06fe94a03854769942a2e30f9623cafbbd73f4fa5095962d138a5316e9eb8,f728abe11f54f88ccf47efe22e4ebfab53fb2e338dc342f6312b6cf4857ee98b,games/game_027_seed1421711696_seat1.replay.jsonl.gz,959cbccc004dd9e30bb51977869569e9ccf5b9832e542e266a47c9c9477a59e7,
no_wait_combined,1459327281,0,COMPLETE,True,719,234294.0,3000.0,5.074884959999963,97204,2bd06fe94a03854769942a2e30f9623cafbbd73f4fa5095962d138a5316e9eb8,f56513d8fa34a3c0c0a3edaa9690e33f11b2e13b1ee30e9884f96a5597f880ae,games/game_016_seed1459327281_seat0.replay.jsonl.gz,6a7cbf3e00eb0772cc5f9a96233aab48e6de3d80a7f37583aafc1f8314295b4b,
no_wait_combined,1459327281,1,COMPLETE,True,719,234294.0,3000.0,5.113310146000003,97352,2bd06fe94a03854769942a2e30f9623cafbbd73f4fa5095962d138a5316e9eb8,f56513d8fa34a3c0c0a3edaa9690e33f11b2e13b1ee30e9884f96a5597f880ae,games/game_017_seed1459327281_seat1.replay.jsonl.gz,cfc99e8c943a0700500ce7ee65d9ef945c7092063a0303a31e17d0925c920877,
no_wait_combined,1514191294,0,COMPLETE,True,719,228946.0,3000.0,5.079045516000178,96632,2bd06fe94a03854769942a2e30f9623cafbbd73f4fa5095962d138a5316e9eb8,fef56ba7e0e0b72f72b99ca83109e4c15baabc4db9ef8ec80cb9f0fc4a4acb56,games/game_006_seed1514191294_seat0.replay.jsonl.gz,490dd474bec58747f4c4ef0432e128715744ad706422602f88df5760bf220482,
no_wait_combined,1514191294,1,COMPLETE,True,719,229474.0,3000.0,5.056527281999934,96972,2bd06fe94a03854769942a2e30f9623cafbbd73f4fa5095962d138a5316e9eb8,fb57107a665ec4843b4101e39e0d6c0ac690c1ff397a1fc25f1c3738d4b65204,games/game_007_seed1514191294_seat1.replay.jsonl.gz,bba99ecac4a91491cd87e38b60ab5041edb79f4240f51c6c9c38d310a884b304,
no_wait_combined,1652205610,0,COMPLETE,True,719,202440.0,3000.0,5.082861831999935,94824,2bd06fe94a03854769942a2e30f9623cafbbd73f4fa5095962d138a5316e9eb8,b482842da5b6e447c085ffbfdc9ef4b8d81a8cb70528e0ee1ca37a5496b4220e,games/game_000_seed1652205610_seat0.replay.jsonl.gz,eaab096be005e3b95e8054e8b5d62088dfd98e21c2a45328a885a35fdc7141f4,
no_wait_combined,1652205610,1,COMPLETE,True,719,196772.0,3000.0,5.1703699039999265,94824,2bd06fe94a03854769942a2e30f9623cafbbd73f4fa5095962d138a5316e9eb8,dc15d2b9e0f3611f5035b8240773423a9382c497e367362417974c35d982b4d7,games/game_001_seed1652205610_seat1.replay.jsonl.gz,0ec3c8870002343163e016eae9032d7f8e53778f28f3f330d1fa3ca7d7326dd3,
no_wait_combined,1715028217,0,COMPLETE,True,719,200984.0,3000.0,4.594461402999968,97128,2bd06fe94a03854769942a2e30f9623cafbbd73f4fa5095962d138a5316e9eb8,031b8c9df5a8864f142a8e1b7a2e3b1547379b88e3e5a50d835418785cb12d31,games/game_010_seed1715028217_seat0.replay.jsonl.gz,a45123dcd9e5dfb367e36c156135a7a6dde99fe0d782daa2a42dac0a09378ac4,
no_wait_combined,1715028217,1,COMPLETE,True,719,202072.0,3000.0,4.580565529000069,97152,2bd06fe94a03854769942a2e30f9623cafbbd73f4fa5095962d138a5316e9eb8,254be597d1632b7f64efb3e03c1c76cb97b496d0fffbf05f62c2617b5bf25fdc,games/game_011_seed1715028217_seat1.replay.jsonl.gz,5f594890088a654c81b1aad68a2e721ec738a7a4c08d3b98d086e2cdbf4c4c5d,
no_wait_combined,1722159489,0,COMPLETE,True,719,179029.0,3000.0,4.632315823999988,97312,2bd06fe94a03854769942a2e30f9623cafbbd73f4fa5095962d138a5316e9eb8,af75310b920c96e2783c5340a43493fe8c73edbda3b5dd96a8a7fc52ffabcf8a,games/game_022_seed1722159489_seat0.replay.jsonl.gz,6390d4e198ba34ad12189e74ee5dc7d306ce10d436ffa9a0e56b48282963ee24,
no_wait_combined,1722159489,1,COMPLETE,True,719,180204.0,3000.0,4.334448315000145,97532,2bd06fe94a03854769942a2e30f9623cafbbd73f4fa5095962d138a5316e9eb8,0b0bbcbf11572ca19943626e5c1b560714b82343ef53e8ddfeb5e3bd54e1a0d5,games/game_023_seed1722159489_seat1.replay.jsonl.gz,a816799ce1fb6f4b48ad4bdf7f23d22a8967e085f6953a1abfa8f8491032f990,
no_wait_combined,1948729637,0,COMPLETE,True,719,237640.0,3000.0,5.187459960999831,96348,2bd06fe94a03854769942a2e30f9623cafbbd73f4fa5095962d138a5316e9eb8,a2aa2831159f37f07adef991900dc2426de82a730ad10e036521b4fb861a21bf,games/game_004_seed1948729637_seat0.replay.jsonl.gz,ce7494d71906ccd9045e7b76c8b57456f67895626426fcb9f6b8cd0e7e5a99d0,
no_wait_combined,1948729637,1,COMPLETE,True,719,219177.0,3000.0,4.791357774000062,96388,2bd06fe94a03854769942a2e30f9623cafbbd73f4fa5095962d138a5316e9eb8,5ad48c54384e99f0ce4fd02f5f2824dd91ff4a24fb7db2be42c9d2db1bdcdaa9,games/game_005_seed1948729637_seat1.replay.jsonl.gz,a3eced1f935839fd7ec64de529365e887455f00270528d46661d3e97cad9e92e,
parent_validation,76797801,0,COMPLETE,True,719,204157.0,3000.0,5.4958927689999655,98032,b99db860382a55739f04b3fdd813801c7c16fef2d91b1dbe25bcf0dfa36efd95,89781a61a44d429b8ffa6be1544106890eadf3e0df7abdd74efa0ddb80e6ccd6,games/game_014_seed76797801_seat0.replay.jsonl.gz,aabc98d32e84c705d4c81fc8deafb82ba10888adce5f2c82d07bbba1414146e5,
parent_validation,76797801,1,COMPLETE,True,719,244334.0,3000.0,7.134788162999939,98032,b99db860382a55739f04b3fdd813801c7c16fef2d91b1dbe25bcf0dfa36efd95,708b5ffcae99c1e2dda725c8fb9b4ac9309f3fb61692674f5ba9123ad99df12c,games/game_015_seed76797801_seat1.replay.jsonl.gz,b59a2b52ad0dfbd450994986b2949d0389ad395753cc474db2b31b7a59f77451,
parent_validation,113710341,0,COMPLETE,True,719,195563.0,3000.0,6.234280133000084,98420,b99db860382a55739f04b3fdd813801c7c16fef2d91b1dbe25bcf0dfa36efd95,f4d3ae6b1df2f5a88237a27721fdc6f512556237f32a8d91c269742116e871ab,games/game_026_seed113710341_seat0.replay.jsonl.gz,506db0626edab84c2ea02b25b637d6864f59e6ba9b6e0985f9944bd8a4d762e2,
parent_validation,113710341,1,COMPLETE,True,719,197702.0,3000.0,5.875556893000066,98420,b99db860382a55739f04b3fdd813801c7c16fef2d91b1dbe25bcf0dfa36efd95,5bd1bcf594b4e7913ea94b1b3d7ecbc09869dffce623554b69f38711ad9aedc8,games/game_027_seed113710341_seat1.replay.jsonl.gz,27cc55edba4a9faaa44b1d7bc4062efdee8ee963c7655c1c0ca4d4e8c8028811,
parent_validation,273156459,0,COMPLETE,True,719,215608.0,3000.0,5.316036964999967,97748,b99db860382a55739f04b3fdd813801c7c16fef2d91b1dbe25bcf0dfa36efd95,0ebfe6bd8a97a947359c2c30a47d45ff60ae1afe08410ee5636d14c0a11f958f,games/game_012_seed273156459_seat0.replay.jsonl.gz,dd8083d367b0eaccd19ca57cc97baad8dd6a49e827ed8a9b0d3b353de960b944,
parent_validation,273156459,1,COMPLETE,True,719,215608.0,3000.0,5.408989195000004,97996,b99db860382a55739f04b3fdd813801c7c16fef2d91b1dbe25bcf0dfa36efd95,0ebfe6bd8a97a947359c2c30a47d45ff60ae1afe08410ee5636d14c0a11f958f,games/game_013_seed273156459_seat1.replay.jsonl.gz,ce4d834ee1da48e08a87848314996713cc397c1e0d8dfe48b0f54a112dc369f3,
parent_validation,609702205,0,COMPLETE,True,719,234212.0,3000.0,5.7921309519999795,98164,b99db860382a55739f04b3fdd813801c7c16fef2d91b1dbe25bcf0dfa36efd95,a6b6113b3c3c5b180c3033911f3ceb770cb1dd68e80115e65228a5dfc715478a,games/game_022_seed609702205_seat0.replay.jsonl.gz,4df4d220b0bc590ce04101c1972e0212a042baba0a512f2beba86ba2193063d4,
parent_validation,609702205,1,COMPLETE,True,719,238014.0,3000.0,5.828147290000061,98420,b99db860382a55739f04b3fdd813801c7c16fef2d91b1dbe25bcf0dfa36efd95,9db49e5e5fd44bdcf882992405db284f05aeae3c281901b6bd72edd98d347692,games/game_023_seed609702205_seat1.replay.jsonl.gz,e61d7b0ad7ce866ae32b84c5553e755b31e32e92bba9b5561c164f58a72811bc,
parent_validation,779113208,0,COMPLETE,True,719,254215.0,3000.0,7.330195857000035,96360,b99db860382a55739f04b3fdd813801c7c16fef2d91b1dbe25bcf0dfa36efd95,6f75986eac37325ad1d773c839eb2ab030d1ff6b0de28615b0e2b7a1df5d5031,games/game_002_seed779113208_seat0.replay.jsonl.gz,f96c01b1c470dc736b3a28c4814d0e89f43ff5c85c1c79d1b7faa42f06690cf6,
parent_validation,779113208,1,COMPLETE,True,719,252391.0,3000.0,7.163325136999902,96360,b99db860382a55739f04b3fdd813801c7c16fef2d91b1dbe25bcf0dfa36efd95,2e03c50bc705c9667e50daa8089866d31cbac8b0e6ca04e5f8f67726a4564c29,games/game_003_seed779113208_seat1.replay.jsonl.gz,f1fcd79c7764872a3710e858d65185de439784086e21465a3e785f731b48ac30,
parent_validation,846398706,0,COMPLETE,True,719,137843.0,3000.0,5.601344467999979,98420,b99db860382a55739f04b3fdd813801c7c16fef2d91b1dbe25bcf0dfa36efd95,61150c93ab4b9e38fbf83960deb5adcbcda70be06adeaae3cd0fe6e79569b08f,games/game_024_seed846398706_seat0.replay.jsonl.gz,fa9f4743f986433dc9aeecaf17aab647649a015443ef815655399c86e2a33e1e,
parent_validation,846398706,1,COMPLETE,True,719,145769.0,3000.0,5.257365139000058,98420,b99db860382a55739f04b3fdd813801c7c16fef2d91b1dbe25bcf0dfa36efd95,9b9c8ed1dfa28aad94dcf29ea7db02143049c884dce44f17bd9cbb7e67a88d1d,games/game_025_seed846398706_seat1.replay.jsonl.gz,b8baa81f1e68e210d24c33efc2db6f8f783492d2cce406c5b2a45d2949055742,
parent_validation,890031804,0,COMPLETE,True,719,190874.0,3000.0,5.56134393100001,95220,b99db860382a55739f04b3fdd813801c7c16fef2d91b1dbe25bcf0dfa36efd95,a717f2024f657160c92f2773ef1adc84c72adf1fc763c8ca30e259cdffe63144,games/game_000_seed890031804_seat0.replay.jsonl.gz,fc3cb7708d75dee2f3f35065403b28befe58a50c543da86e8deee0687d39deca,
parent_validation,890031804,1,COMPLETE,True,719,190617.0,3000.0,5.421197206999977,96276,b99db860382a55739f04b3fdd813801c7c16fef2d91b1dbe25bcf0dfa36efd95,b5ecc1803fbaa88ca04b34a9b999b6f655685cccb3e6a84529d521adbba32adb,games/game_001_seed890031804_seat1.replay.jsonl.gz,203a543c723b30af5752f2e2bcf68d4549248af5290e448e20c2388b72dd92f1,
parent_validation,1159744124,0,COMPLETE,True,719,208629.0,3000.0,5.905952608000007,98164,b99db860382a55739f04b3fdd813801c7c16fef2d91b1dbe25bcf0dfa36efd95,f5fd995bafa71ca5c80033dc8db58746133ae28098019a2a1747ef10e12b48c1,games/game_020_seed1159744124_seat0.replay.jsonl.gz,5a463bfcb52ae3b5d051f22d83d7e662d649587c943fa03d55e084da88a605dd,
parent_validation,1159744124,1,COMPLETE,True,719,194543.0,3000.0,5.542123405999973,98164,b99db860382a55739f04b3fdd813801c7c16fef2d91b1dbe25bcf0dfa36efd95,f251ef1113495f92fdc36610a842a286327a435e9aaaadf5be864465c04e093e,games/game_021_seed1159744124_seat1.replay.jsonl.gz,8f3c1cfc86f4476753c61cc56557dbc2d45f42c26db15a2bacd05e229086c79b,
parent_validation,1282661023,0,COMPLETE,True,719,164214.0,3000.0,6.001028169000165,98604,b99db860382a55739f04b3fdd813801c7c16fef2d91b1dbe25bcf0dfa36efd95,d87d5b588b6f19764daa0b3fe712204df7d9a16d3e4b36f19dbed516182e3093,games/game_030_seed1282661023_seat0.replay.jsonl.gz,5e9813b3f96a4e7d435cb455bac9e97f96eaeb204e2ae24575b004aa1b603df7,
parent_validation,1282661023,1,COMPLETE,True,719,153190.0,3000.0,5.642985894000049,98604,b99db860382a55739f04b3fdd813801c7c16fef2d91b1dbe25bcf0dfa36efd95,53886eedc002e3898a4f2b33a2d3564074ad1bdea06784f6c61ed01ffe71afca,games/game_031_seed1282661023_seat1.replay.jsonl.gz,006aa5af28d0ae6e937b6ea31015ee60a6bb661f5707ffef926a9bbf681ac296,
parent_validation,1384339204,0,COMPLETE,True,719,191918.0,3000.0,6.305279811999981,98420,b99db860382a55739f04b3fdd813801c7c16fef2d91b1dbe25bcf0dfa36efd95,044174be66ce291b031f6bbdaf9329f1c11d7d64de28cfd4f5f04ca69f4dd0e2,games/game_028_seed1384339204_seat0.replay.jsonl.gz,c6bef4b57f19795832668279e8f63ef33581228c8bd1cb219bb31bec1f4dc961,
parent_validation,1384339204,1,COMPLETE,True,719,191918.0,3000.0,6.509541412999852,98600,b99db860382a55739f04b3fdd813801c7c16fef2d91b1dbe25bcf0dfa36efd95,044174be66ce291b031f6bbdaf9329f1c11d7d64de28cfd4f5f04ca69f4dd0e2,games/game_029_seed1384339204_seat1.replay.jsonl.gz,19dd7cf5d245288072375f79c1f5e6ed307b3a00d90bbd897be58c2653519bc6,
parent_validation,1439415516,0,COMPLETE,True,719,226696.0,3000.0,6.473051286999862,96968,b99db860382a55739f04b3fdd813801c7c16fef2d91b1dbe25bcf0dfa36efd95,02a5c0a1276e429a353e9e726ae416317da27b012747ea4d611b24f58cd087e9,games/game_006_seed1439415516_seat0.replay.jsonl.gz,08629b92fbe9e84f2eed95ae4a8e8c631c3d58e4e8b5f0b996118079103f1314,
parent_validation,1439415516,1,COMPLETE,True,719,238153.0,3000.0,6.108195893999891,97208,b99db860382a55739f04b3fdd813801c7c16fef2d91b1dbe25bcf0dfa36efd95,b3ff6a5a72b1bfcc6d9e1855b7a00537847b8d75e2624cd1d31b9c0f5a21ff42,games/game_007_seed1439415516_seat1.replay.jsonl.gz,0b4e675d7f7bdcc31206477c55691c002c0c33f64d75f40d931839789353d66f,
parent_validation,1490453081,0,COMPLETE,True,719,198277.0,3000.0,5.334858353000072,96920,b99db860382a55739f04b3fdd813801c7c16fef2d91b1dbe25bcf0dfa36efd95,1c3efe2940a74e4f9774cd5c01bef3e9a202b26ea850d7460d85bd9f30a73b24,games/game_004_seed1490453081_seat0.replay.jsonl.gz,f5bc5c2984f23bfcd94d03647f8ddf83b698c23d3285b7efbfab8fe29212caba,
parent_validation,1490453081,1,COMPLETE,True,719,194278.0,3000.0,5.259611742999823,96968,b99db860382a55739f04b3fdd813801c7c16fef2d91b1dbe25bcf0dfa36efd95,dff64095029e0c59964631e6a1dd80b2f1a1ffe19961a5883b2c88dd255c2cfc,games/game_005_seed1490453081_seat1.replay.jsonl.gz,9fedc38f45ade8d3fb81dd9aafd6c35df2e40d549030c5e89d6bc4510e99036d,
parent_validation,1496046506,0,COMPLETE,True,719,149602.0,3000.0,5.308027863999996,98032,b99db860382a55739f04b3fdd813801c7c16fef2d91b1dbe25bcf0dfa36efd95,9f4e7c7fc285e50d1763a209233b22e729ef58195d31608b86594693d2e82ef0,games/game_016_seed1496046506_seat0.replay.jsonl.gz,28df1f3c128c6bc9600a7d461a43839c897b8801acd3db639b230c5a17a8a353,
parent_validation,1496046506,1,COMPLETE,True,719,149602.0,3000.0,5.444921096999906,98032,b99db860382a55739f04b3fdd813801c7c16fef2d91b1dbe25bcf0dfa36efd95,e9291ece1e7a9001bb40161e5f8310971f9284c207cc81da546f3f517a452c06,games/game_017_seed1496046506_seat1.replay.jsonl.gz,ab25e4317fc963ce3edb17cc47a74170ed9edb90f44d91320b20db695ba71dc7,
parent_validation,1550616920,0,COMPLETE,True,719,210574.0,3000.0,6.980593421999856,97328,b99db860382a55739f04b3fdd813801c7c16fef2d91b1dbe25bcf0dfa36efd95,3c51accd6db90a6f0d5f0cf8e5b3a875322b9cbb75c04dd99ac56efb96b2c2b0,games/game_008_seed1550616920_seat0.replay.jsonl.gz,d1073b7170219fe47662e3dc27f7b1c243fc909345e6313f7e93d612826370a2,
parent_validation,1550616920,1,COMPLETE,True,719,180845.0,3000.0,5.318085244000031,97328,b99db860382a55739f04b3fdd813801c7c16fef2d91b1dbe25bcf0dfa36efd95,0e8faafe92d9c68925f0541be24c9f6abc7e25c8eb1a11605b87702a67590c82,games/game_009_seed1550616920_seat1.replay.jsonl.gz,1cd6d6ae72e060efd785f99d69d04c4032a95d95d5032752d24de6b3210ee218,
parent_validation,1807826296,0,COMPLETE,True,719,265203.0,3000.0,6.363913089000107,98036,b99db860382a55739f04b3fdd813801c7c16fef2d91b1dbe25bcf0dfa36efd95,722a10a56ccaf46859c1e6662c1b22bc551f0a5fcfcb7f04f04f7d6954c17df5,games/game_018_seed1807826296_seat0.replay.jsonl.gz,a8f2f4bd17bcdee4d9031b543f34795688dab9801e7e248c76f01b48a2f18ca4,
parent_validation,1807826296,1,COMPLETE,True,719,265203.0,3000.0,6.2414835609999955,98068,b99db860382a55739f04b3fdd813801c7c16fef2d91b1dbe25bcf0dfa36efd95,722a10a56ccaf46859c1e6662c1b22bc551f0a5fcfcb7f04f04f7d6954c17df5,games/game_019_seed1807826296_seat1.replay.jsonl.gz,f263cf055ae202571d0a2ed79722c660baca434833a423806019ce01b6f9a254,
parent_validation,1873633782,0,COMPLETE,True,719,133035.0,3000.0,4.990829059000134,97504,b99db860382a55739f04b3fdd813801c7c16fef2d91b1dbe25bcf0dfa36efd95,109103d3b2848cd4e588a9807ba851c35a1a00845b8d077c004060821b1e1d8c,games/game_010_seed1873633782_seat0.replay.jsonl.gz,39aee2c73f7f437fdc2d33447dea96e9ce8b79a9a7ad9bb13988b77d94c9bd1d,
parent_validation,1873633782,1,COMPLETE,True,719,133035.0,3000.0,5.004768721000119,97748,b99db860382a55739f04b3fdd813801c7c16fef2d91b1dbe25bcf0dfa36efd95,109103d3b2848cd4e588a9807ba851c35a1a00845b8d077c004060821b1e1d8c,games/game_011_seed1873633782_seat1.replay.jsonl.gz,fdf8aa6cb547746dd7948eeb43798fcc4e550ccedebfe88586bbdc59915a3898,
receipt_contract,28576209,0,COMPLETE,True,719,175400.0,3000.0,4.271283097999913,98524,e35b5e4461e20eacc07b7d2d115d4ed235504c61551bfbd85f3aacdc01e2be2a,7bcfccd9378539ec0fb5620709c333836777a03926c080e375cbe11254604985,games/game_028_seed28576209_seat0.replay.jsonl.gz,b4c496df5b63859a215183d5c554968caddc755fc09fdb8b765cf3d93d6753c0,
receipt_contract,28576209,1,COMPLETE,True,719,174891.0,3000.0,4.762077110999826,98524,e35b5e4461e20eacc07b7d2d115d4ed235504c61551bfbd85f3aacdc01e2be2a,6083265a6d661e72da1d598f423067849f89e275bcdc99e09a3d2e1c06210b76,games/game_029_seed28576209_seat1.replay.jsonl.gz,923c2edcc39033bc877a4e41bc48f21b0cc01087a5dfffad86514d663a3b3316,
receipt_contract,394509745,0,COMPLETE,True,719,221320.0,3000.0,4.1939323100000365,98524,e35b5e4461e20eacc07b7d2d115d4ed235504c61551bfbd85f3aacdc01e2be2a,c2e15974bc91da04b51503589e3ccaa84848a3ac7d809b2eba6289d088de5f35,games/game_030_seed394509745_seat0.replay.jsonl.gz,4f31a7cc6737d11757be27663719fb96a6e494ab6921004960f5455509d4223f,
receipt_contract,394509745,1,COMPLETE,True,719,235001.0,3000.0,4.60678916400002,98524,e35b5e4461e20eacc07b7d2d115d4ed235504c61551bfbd85f3aacdc01e2be2a,225051e6151a9c0f1761aac45f49c1ebe70f11ff69c841d30e17239c53f1ea9a,games/game_031_seed394509745_seat1.replay.jsonl.gz,ca65d07094f723c7d13cb8d8830518cc32aa9ea835c0b95cb68851852cef6eaa,
receipt_contract,766857369,0,COMPLETE,True,719,168843.0,3000.0,4.45357188700018,97580,e35b5e4461e20eacc07b7d2d115d4ed235504c61551bfbd85f3aacdc01e2be2a,98807b57e8b5146beaf50778dfd1a79173e2ddc32e2955c669253a0f19c29a8b,games/game_012_seed766857369_seat0.replay.jsonl.gz,4d0a91cc1d244f69164ffce31595f2960ced2b22850afc933739ee48d299094c,
receipt_contract,766857369,1,COMPLETE,True,719,168843.0,3000.0,4.441656500999898,97580,e35b5e4461e20eacc07b7d2d115d4ed235504c61551bfbd85f3aacdc01e2be2a,98807b57e8b5146beaf50778dfd1a79173e2ddc32e2955c669253a0f19c29a8b,games/game_013_seed766857369_seat1.replay.jsonl.gz,96bf2cf5aae95263489b22908aeb6903e4ddba6d6b83ad2585400dbbe9d21b5a,
receipt_contract,833126169,0,COMPLETE,True,719,194669.0,3000.0,4.756529958999863,97084,e35b5e4461e20eacc07b7d2d115d4ed235504c61551bfbd85f3aacdc01e2be2a,c7e8e2e53f3adfeecfd67c33114c6001cbe641e3ca5ab96e0d7b37bfe6f6228a,games/game_008_seed833126169_seat0.replay.jsonl.gz,80b1ca81adc323a5e6fea88c160704bad1c1062e37346dccd32b0d0b340ab16b,
receipt_contract,833126169,1,COMPLETE,True,719,194669.0,3000.0,4.719665331999977,97252,e35b5e4461e20eacc07b7d2d115d4ed235504c61551bfbd85f3aacdc01e2be2a,c7e8e2e53f3adfeecfd67c33114c6001cbe641e3ca5ab96e0d7b37bfe6f6228a,games/game_009_seed833126169_seat1.replay.jsonl.gz,b30b6fb28e9195c85dba192e7c31b7170b4255f9492ce37751910983d08d6efc,
receipt_contract,979746784,0,COMPLETE,True,719,176615.0,3000.0,5.0718955479999295,96672,e35b5e4461e20eacc07b7d2d115d4ed235504c61551bfbd85f3aacdc01e2be2a,64f93aae59f29a42143ad3ad053529c71f6e100bb21369bcb734f35866d87de6,games/game_002_seed979746784_seat0.replay.jsonl.gz,9bc3274ced261860182cadc8dc0f484d395bb18b90f4617a423a0c7665ad300f,
receipt_contract,979746784,1,COMPLETE,True,719,176615.0,3000.0,4.518969493999975,96672,e35b5e4461e20eacc07b7d2d115d4ed235504c61551bfbd85f3aacdc01e2be2a,64f93aae59f29a42143ad3ad053529c71f6e100bb21369bcb734f35866d87de6,games/game_003_seed979746784_seat1.replay.jsonl.gz,af2aa703254b688352190e0ff58e2597c74e43264c7c709a6172de62a9267cb2,
receipt_contract,979914492,0,COMPLETE,True,719,258066.0,3000.0,4.264135845999817,98444,e35b5e4461e20eacc07b7d2d115d4ed235504c61551bfbd85f3aacdc01e2be2a,a7bf32eb583e9f4fdd7b0f9cc46c64bbc8160559c4040abf074b410e0b8bb0ac,games/game_024_seed979914492_seat0.replay.jsonl.gz,c7202dfe6ac94874bfa5907065349c7612ee386cf1c86d007c0bc97fe952c0ad,
receipt_contract,979914492,1,COMPLETE,True,719,258066.0,3000.0,4.115942459000053,98444,e35b5e4461e20eacc07b7d2d115d4ed235504c61551bfbd85f3aacdc01e2be2a,a7bf32eb583e9f4fdd7b0f9cc46c64bbc8160559c4040abf074b410e0b8bb0ac,games/game_025_seed979914492_seat1.replay.jsonl.gz,7abc0c9cc13941cac551388e3d0acedb5ddf77069521abb7c8799b5d821ab0b6,
receipt_contract,1138364143,0,COMPLETE,True,719,162981.0,3000.0,4.255041321999897,98416,e35b5e4461e20eacc07b7d2d115d4ed235504c61551bfbd85f3aacdc01e2be2a,aa8d7f8af3d43c71498ee7ff0784bdc3e38686efe5f334e09618cf2c85e71cf3,games/game_020_seed1138364143_seat0.replay.jsonl.gz,a1a0390ca1ee82fc1f190b5c1e3896bac758955f30941d687a55dc1aa12bf022,
receipt_contract,1138364143,1,COMPLETE,True,719,162981.0,3000.0,4.309305452999979,98416,e35b5e4461e20eacc07b7d2d115d4ed235504c61551bfbd85f3aacdc01e2be2a,aa8d7f8af3d43c71498ee7ff0784bdc3e38686efe5f334e09618cf2c85e71cf3,games/game_021_seed1138364143_seat1.replay.jsonl.gz,a9c26e7486d8cc58c1c131c0d40db50434774a2f3cadac614ede59400d0c9b37,
receipt_contract,1175089851,0,COMPLETE,True,719,177591.0,3000.0,4.432487703999868,98188,e35b5e4461e20eacc07b7d2d115d4ed235504c61551bfbd85f3aacdc01e2be2a,da6a6be31c82f5d2a5bdc31a7c89ba9bb0db7883b91eabb8f30d72d71637d198,games/game_018_seed1175089851_seat0.replay.jsonl.gz,d3197b9f07131a4616c4a1260506888b3fcdf2b3489694758fbfc55452271747,
receipt_contract,1175089851,1,COMPLETE,True,719,175360.0,3000.0,4.370961702999921,98188,e35b5e4461e20eacc07b7d2d115d4ed235504c61551bfbd85f3aacdc01e2be2a,4cd1a21cd29ee1f1d0917ae821e54838072dc81635a61699d933f892fc287625,games/game_019_seed1175089851_seat1.replay.jsonl.gz,4d27e8f060f29460b261ee78463d5e5da930c1b28ac1f5a00b4816f6aa867e96,
receipt_contract,1387052231,0,COMPLETE,True,719,243046.0,3000.0,4.579355074999967,97580,e35b5e4461e20eacc07b7d2d115d4ed235504c61551bfbd85f3aacdc01e2be2a,38021af7fccd66f24c30a712dc658bf1b2544eb01d2708087ef40d888c9b7e70,games/game_014_seed1387052231_seat0.replay.jsonl.gz,dd7c45dfe080e843136bad5e42aeef162367bed2f8724ac6ab51af17b8c17305,
receipt_contract,1387052231,1,COMPLETE,True,719,250098.0,3000.0,4.504094414999827,97580,e35b5e4461e20eacc07b7d2d115d4ed235504c61551bfbd85f3aacdc01e2be2a,6a3f951baf10d92cacfb14e65eb53fdb28ee78d573c73aea0a986dfbe2e675f6,games/game_015_seed1387052231_seat1.replay.jsonl.gz,9aecbf01009d64fec209fdccc442d5523cccf5c11bd8edfeaa309ab64f5cc765,
receipt_contract,1421711696,0,COMPLETE,True,719,182368.0,3000.0,4.298588064000114,98444,e35b5e4461e20eacc07b7d2d115d4ed235504c61551bfbd85f3aacdc01e2be2a,f728abe11f54f88ccf47efe22e4ebfab53fb2e338dc342f6312b6cf4857ee98b,games/game_026_seed1421711696_seat0.replay.jsonl.gz,d7547eac8168753a68d9a7ea047eb4be7403cb69cfde6ac5b199c84944f57fd6,
receipt_contract,1421711696,1,COMPLETE,True,719,182368.0,3000.0,4.530125270000099,98444,e35b5e4461e20eacc07b7d2d115d4ed235504c61551bfbd85f3aacdc01e2be2a,f728abe11f54f88ccf47efe22e4ebfab53fb2e338dc342f6312b6cf4857ee98b,games/game_027_seed1421711696_seat1.replay.jsonl.gz,35e115176f783e3e4e831aa911612ac59a7a6a4ea003dd27df52ee7ebb3c83e9,
receipt_contract,1459327281,0,COMPLETE,True,719,256076.0,3000.0,4.275142468000013,98000,e35b5e4461e20eacc07b7d2d115d4ed235504c61551bfbd85f3aacdc01e2be2a,184f49f79d6c915521479cfd1716bb47ad2252e1ade5f9f9c2acbde30a131f15,games/game_016_seed1459327281_seat0.replay.jsonl.gz,04d516340dab65d64e34d1c6d591128279f84ce4915fc908a4fa23a5b9a15811,
receipt_contract,1459327281,1,COMPLETE,True,719,256076.0,3000.0,4.493300660999921,98012,e35b5e4461e20eacc07b7d2d115d4ed235504c61551bfbd85f3aacdc01e2be2a,184f49f79d6c915521479cfd1716bb47ad2252e1ade5f9f9c2acbde30a131f15,games/game_017_seed1459327281_seat1.replay.jsonl.gz,835ea5b00171fc3140c431ee91a7fa9fd5effdeeeb5b399a1793a54becbebefa,
receipt_contract,1514191294,0,COMPLETE,True,719,228946.0,3000.0,4.3014752859999135,96864,e35b5e4461e20eacc07b7d2d115d4ed235504c61551bfbd85f3aacdc01e2be2a,fef56ba7e0e0b72f72b99ca83109e4c15baabc4db9ef8ec80cb9f0fc4a4acb56,games/game_006_seed1514191294_seat0.replay.jsonl.gz,4b384180934141a6150f51d69db269a4ca6e01a45315d46d5970609ff9024a04,
receipt_contract,1514191294,1,COMPLETE,True,719,229474.0,3000.0,4.698449913999866,96864,e35b5e4461e20eacc07b7d2d115d4ed235504c61551bfbd85f3aacdc01e2be2a,fb57107a665ec4843b4101e39e0d6c0ac690c1ff397a1fc25f1c3738d4b65204,games/game_007_seed1514191294_seat1.replay.jsonl.gz,b9337f09a41f920ac0e1bff1c7570b8ef28e1fd7cf81ebacb87602bf7dbec44e,
receipt_contract,1652205610,0,COMPLETE,True,719,202440.0,3000.0,5.275852435999923,95164,e35b5e4461e20eacc07b7d2d115d4ed235504c61551bfbd85f3aacdc01e2be2a,b482842da5b6e447c085ffbfdc9ef4b8d81a8cb70528e0ee1ca37a5496b4220e,games/game_000_seed1652205610_seat0.replay.jsonl.gz,4320946ac4ff6b8df9053306fcce8201ed00c80445f65135c284e1e2f4dd2ebf,
receipt_contract,1652205610,1,COMPLETE,True,719,196772.0,3000.0,4.375907651000034,96316,e35b5e4461e20eacc07b7d2d115d4ed235504c61551bfbd85f3aacdc01e2be2a,dc15d2b9e0f3611f5035b8240773423a9382c497e367362417974c35d982b4d7,games/game_001_seed1652205610_seat1.replay.jsonl.gz,855094ab3333c36dbabf353206daee6a1c621237fbe21790f0e3612509024d56,
receipt_contract,1715028217,0,COMPLETE,True,719,200839.0,3000.0,4.368777465999983,97288,e35b5e4461e20eacc07b7d2d115d4ed235504c61551bfbd85f3aacdc01e2be2a,034f8db6c4cdc5dcf610e4b83df326250dba6ee770e786ab6a12c6e6488e8c6a,games/game_010_seed1715028217_seat0.replay.jsonl.gz,b4e8186707cfc01acfe317bc1e12b14e94dc3b219338fedd7a1da967e457f708,
receipt_contract,1715028217,1,COMPLETE,True,719,200910.0,3000.0,4.304643538999926,97580,e35b5e4461e20eacc07b7d2d115d4ed235504c61551bfbd85f3aacdc01e2be2a,9e6c568f1143d86d3b748346e1ec5369cc4b40bbda5c18957ac712968fe16b37,games/game_011_seed1715028217_seat1.replay.jsonl.gz,75eb79d57a2997f6ec4798271ee2986c33a04be8b54fa9de3cc6b45d2bf70f04,
receipt_contract,1722159489,0,COMPLETE,True,719,179029.0,3000.0,4.5520796690000225,98416,e35b5e4461e20eacc07b7d2d115d4ed235504c61551bfbd85f3aacdc01e2be2a,af75310b920c96e2783c5340a43493fe8c73edbda3b5dd96a8a7fc52ffabcf8a,games/game_022_seed1722159489_seat0.replay.jsonl.gz,88502c16ad74cab221690c61faceebc32de42f8b5a8c49ea53b4296b52a0268e,
receipt_contract,1722159489,1,COMPLETE,True,719,180204.0,3000.0,4.104257480999877,98444,e35b5e4461e20eacc07b7d2d115d4ed235504c61551bfbd85f3aacdc01e2be2a,0b0bbcbf11572ca19943626e5c1b560714b82343ef53e8ddfeb5e3bd54e1a0d5,games/game_023_seed1722159489_seat1.replay.jsonl.gz,2d9af4408225d7072aadd5d0e9bd7044650fab4b5534943074a8094e6a0e317e,
receipt_contract,1948729637,0,COMPLETE,True,719,240405.0,3000.0,4.711158995000005,96844,e35b5e4461e20eacc07b7d2d115d4ed235504c61551bfbd85f3aacdc01e2be2a,d5ae12e77b0aa4d8fdac015dc189f41e9d4bc36381d4830e79ac0b0d563417b1,games/game_004_seed1948729637_seat0.replay.jsonl.gz,aa8171d09659f31a8bed193d7d7477eaab1e6d481dd0c48dc61ef25e5250a164,
receipt_contract,1948729637,1,COMPLETE,True,719,219177.0,3000.0,4.260054983999908,96864,e35b5e4461e20eacc07b7d2d115d4ed235504c61551bfbd85f3aacdc01e2be2a,5ad48c54384e99f0ce4fd02f5f2824dd91ff4a24fb7db2be42c9d2db1bdcdaa9,games/game_005_seed1948729637_seat1.replay.jsonl.gz,870b8a03af585a156b1e1285fd4b31ed788c83053fa8c752be67432792a104df,
receipt_contract_starts,28576209,0,COMPLETE,True,719,175400.0,3000.0,4.156712911000113,98476,e35b5e4461e20eacc07b7d2d115d4ed235504c61551bfbd85f3aacdc01e2be2a,7bcfccd9378539ec0fb5620709c333836777a03926c080e375cbe11254604985,games/game_028_seed28576209_seat0.replay.jsonl.gz,fdb23dd132845ba7a802079d9589ea962c64ebfa05c9a4b281006394c6bda580,
receipt_contract_starts,28576209,1,COMPLETE,True,719,174891.0,3000.0,4.696975907000024,98476,e35b5e4461e20eacc07b7d2d115d4ed235504c61551bfbd85f3aacdc01e2be2a,6083265a6d661e72da1d598f423067849f89e275bcdc99e09a3d2e1c06210b76,games/game_029_seed28576209_seat1.replay.jsonl.gz,d60912368ed9dc86396df7d21ed905b343e35d0f04c14372dbec6b7524527f29,
receipt_contract_starts,394509745,0,COMPLETE,True,719,226142.0,3000.0,4.2541265739998835,98476,e35b5e4461e20eacc07b7d2d115d4ed235504c61551bfbd85f3aacdc01e2be2a,6ba1ccc6ff7bb94871aa135be3a12722bcedd5d07b7acc610afab48c87fca7a5,games/game_030_seed394509745_seat0.replay.jsonl.gz,3e2660b41c7e8ac39cfd13deb8cd5e08fd9eadfe5ab74e7120353a5f8b101d8c,
receipt_contract_starts,394509745,1,COMPLETE,True,719,235001.0,3000.0,4.508628501999965,98476,e35b5e4461e20eacc07b7d2d115d4ed235504c61551bfbd85f3aacdc01e2be2a,225051e6151a9c0f1761aac45f49c1ebe70f11ff69c841d30e17239c53f1ea9a,games/game_031_seed394509745_seat1.replay.jsonl.gz,8c5ac84a6a0ac17901b6c3ef7c1c2d049aa40242ee93c3071637678f37b1113a,
receipt_contract_starts,766857369,0,COMPLETE,True,719,168843.0,3000.0,4.334438955999985,97352,e35b5e4461e20eacc07b7d2d115d4ed235504c61551bfbd85f3aacdc01e2be2a,98807b57e8b5146beaf50778dfd1a79173e2ddc32e2955c669253a0f19c29a8b,games/game_012_seed766857369_seat0.replay.jsonl.gz,24105408ed25aa2f9a3679955a57335793c1b8bddd71fba53361b9f5b7b426cc,
receipt_contract_starts,766857369,1,COMPLETE,True,719,168843.0,3000.0,4.363148048000085,97404,e35b5e4461e20eacc07b7d2d115d4ed235504c61551bfbd85f3aacdc01e2be2a,98807b57e8b5146beaf50778dfd1a79173e2ddc32e2955c669253a0f19c29a8b,games/game_013_seed766857369_seat1.replay.jsonl.gz,bff262543345f759c8d1e9acc20aa23505ce6970b4a1db4296c655e4ba0c387b,
receipt_contract_starts,833126169,0,COMPLETE,True,719,194669.0,3000.0,4.782727381000086,97148,e35b5e4461e20eacc07b7d2d115d4ed235504c61551bfbd85f3aacdc01e2be2a,c7e8e2e53f3adfeecfd67c33114c6001cbe641e3ca5ab96e0d7b37bfe6f6228a,games/game_008_seed833126169_seat0.replay.jsonl.gz,71cc5480ce78b3ee2ffed6eb970ef93cc5fe5e48e35a5de0d5150929a5b61696,
receipt_contract_starts,833126169,1,COMPLETE,True,719,194669.0,3000.0,4.667705655999953,97352,e35b5e4461e20eacc07b7d2d115d4ed235504c61551bfbd85f3aacdc01e2be2a,c7e8e2e53f3adfeecfd67c33114c6001cbe641e3ca5ab96e0d7b37bfe6f6228a,games/game_009_seed833126169_seat1.replay.jsonl.gz,9bb5e8cb68f5f19446ab6c586d2c3cb6e32267a8a5c28dfd55d9bfb5e5181731,
receipt_contract_starts,979746784,0,COMPLETE,True,719,176615.0,3000.0,4.973901311000191,96308,e35b5e4461e20eacc07b7d2d115d4ed235504c61551bfbd85f3aacdc01e2be2a,64f93aae59f29a42143ad3ad053529c71f6e100bb21369bcb734f35866d87de6,games/game_002_seed979746784_seat0.replay.jsonl.gz,b4aa8cd6d88f6ec389242ffcac0a7aae77e61f5533e31fd78a61305a55a786ec,
receipt_contract_starts,979746784,1,COMPLETE,True,719,176615.0,3000.0,4.509198661000028,96308,e35b5e4461e20eacc07b7d2d115d4ed235504c61551bfbd85f3aacdc01e2be2a,64f93aae59f29a42143ad3ad053529c71f6e100bb21369bcb734f35866d87de6,games/game_003_seed979746784_seat1.replay.jsonl.gz,dbcf3d85c14dda1194ce23ca7e01f4703985504abfc36b03fc898d920a5151c7,
receipt_contract_starts,979914492,0,COMPLETE,True,719,258066.0,3000.0,3.9686384710000766,98476,e35b5e4461e20eacc07b7d2d115d4ed235504c61551bfbd85f3aacdc01e2be2a,a7bf32eb583e9f4fdd7b0f9cc46c64bbc8160559c4040abf074b410e0b8bb0ac,games/game_024_seed979914492_seat0.replay.jsonl.gz,dbdd19511d250ea295f98b7c2bba180a307d1f80747a87c08da6ecae5e718e15,
receipt_contract_starts,979914492,1,COMPLETE,True,719,258066.0,3000.0,4.16465297700006,98476,e35b5e4461e20eacc07b7d2d115d4ed235504c61551bfbd85f3aacdc01e2be2a,a7bf32eb583e9f4fdd7b0f9cc46c64bbc8160559c4040abf074b410e0b8bb0ac,games/game_025_seed979914492_seat1.replay.jsonl.gz,0f4dd080157c8cff191566482f9ea84dc107149aca1e1f7d62c37295c619ac51,
receipt_contract_starts,1138364143,0,COMPLETE,True,719,162981.0,3000.0,4.204402700999935,98092,e35b5e4461e20eacc07b7d2d115d4ed235504c61551bfbd85f3aacdc01e2be2a,aa8d7f8af3d43c71498ee7ff0784bdc3e38686efe5f334e09618cf2c85e71cf3,games/game_020_seed1138364143_seat0.replay.jsonl.gz,2cbe6a2c634c78c80d54b43fb1e3e4eb0062407d3c15406ce384aa93b41fc1da,
receipt_contract_starts,1138364143,1,COMPLETE,True,719,162981.0,3000.0,4.375995904999854,98264,e35b5e4461e20eacc07b7d2d115d4ed235504c61551bfbd85f3aacdc01e2be2a,aa8d7f8af3d43c71498ee7ff0784bdc3e38686efe5f334e09618cf2c85e71cf3,games/game_021_seed1138364143_seat1.replay.jsonl.gz,e4490e503b21131795e1e81554b45b18a8054032e585861e3c1982b590815313,
receipt_contract_starts,1175089851,0,COMPLETE,True,719,177591.0,3000.0,4.395717031000004,98092,e35b5e4461e20eacc07b7d2d115d4ed235504c61551bfbd85f3aacdc01e2be2a,da6a6be31c82f5d2a5bdc31a7c89ba9bb0db7883b91eabb8f30d72d71637d198,games/game_018_seed1175089851_seat0.replay.jsonl.gz,fe7334c93d1ed2adf3f63cc852195e633d1d453eeb486ed5891cbd275c3241be,
receipt_contract_starts,1175089851,1,COMPLETE,True,719,175360.0,3000.0,4.41689935799991,98092,e35b5e4461e20eacc07b7d2d115d4ed235504c61551bfbd85f3aacdc01e2be2a,4cd1a21cd29ee1f1d0917ae821e54838072dc81635a61699d933f892fc287625,games/game_019_seed1175089851_seat1.replay.jsonl.gz,afe6c4878a8601d1f0d0d517b23b1f4a0a5d50d29348f80c8cb26ea87811a08c,
receipt_contract_starts,1387052231,0,COMPLETE,True,719,243046.0,3000.0,4.6762584000000516,97404,e35b5e4461e20eacc07b7d2d115d4ed235504c61551bfbd85f3aacdc01e2be2a,38021af7fccd66f24c30a712dc658bf1b2544eb01d2708087ef40d888c9b7e70,games/game_014_seed1387052231_seat0.replay.jsonl.gz,6b97c95cb8618169b67c30809bdb64d7f7a3d55e309baad18bcc5ec053c17298,
receipt_contract_starts,1387052231,1,COMPLETE,True,719,250098.0,3000.0,4.536750723000068,97404,e35b5e4461e20eacc07b7d2d115d4ed235504c61551bfbd85f3aacdc01e2be2a,6a3f951baf10d92cacfb14e65eb53fdb28ee78d573c73aea0a986dfbe2e675f6,games/game_015_seed1387052231_seat1.replay.jsonl.gz,c568010b2b133e52e3f296e11bf37737e2056fdc6dd9333d55796790cc5d874b,
receipt_contract_starts,1421711696,0,COMPLETE,True,719,182368.0,3000.0,4.39801162699996,98476,e35b5e4461e20eacc07b7d2d115d4ed235504c61551bfbd85f3aacdc01e2be2a,f728abe11f54f88ccf47efe22e4ebfab53fb2e338dc342f6312b6cf4857ee98b,games/game_026_seed1421711696_seat0.replay.jsonl.gz,4e4c8ea152bc5bbbabf749ad89a69f087c16e929d5bf9a53c8ce1d3545ca8fbe,
receipt_contract_starts,1421711696,1,COMPLETE,True,719,182368.0,3000.0,4.522322801999962,98476,e35b5e4461e20eacc07b7d2d115d4ed235504c61551bfbd85f3aacdc01e2be2a,f728abe11f54f88ccf47efe22e4ebfab53fb2e338dc342f6312b6cf4857ee98b,games/game_027_seed1421711696_seat1.replay.jsonl.gz,c80b2930d8c90fbe5aa24dd8be7d8e9496b977a5daf1f6f6eecd80280d73f68f,
receipt_contract_starts,1459327281,0,COMPLETE,True,719,256076.0,3000.0,4.263422412999944,97988,e35b5e4461e20eacc07b7d2d115d4ed235504c61551bfbd85f3aacdc01e2be2a,184f49f79d6c915521479cfd1716bb47ad2252e1ade5f9f9c2acbde30a131f15,games/game_016_seed1459327281_seat0.replay.jsonl.gz,4d833d3c62b70ce7315e42b1b1edcba1438efcb95a75cb08a8a6d595fd557d10,
receipt_contract_starts,1459327281,1,COMPLETE,True,719,256076.0,3000.0,4.381770173999939,98092,e35b5e4461e20eacc07b7d2d115d4ed235504c61551bfbd85f3aacdc01e2be2a,184f49f79d6c915521479cfd1716bb47ad2252e1ade5f9f9c2acbde30a131f15,games/game_017_seed1459327281_seat1.replay.jsonl.gz,d1b340b411f9526417a2d08e69a047c81f0d5576c4ab01298b7edc1c7ce931a4,
receipt_contract_starts,1514191294,0,COMPLETE,True,719,228946.0,3000.0,4.380076724999981,97148,e35b5e4461e20eacc07b7d2d115d4ed235504c61551bfbd85f3aacdc01e2be2a,fef56ba7e0e0b72f72b99ca83109e4c15baabc4db9ef8ec80cb9f0fc4a4acb56,games/game_006_seed1514191294_seat0.replay.jsonl.gz,ff398158515055e45309657573123edaeca92c5750f626d62bafaaf0c9bc153a,
receipt_contract_starts,1514191294,1,COMPLETE,True,719,229474.0,3000.0,4.740242246999969,97148,e35b5e4461e20eacc07b7d2d115d4ed235504c61551bfbd85f3aacdc01e2be2a,fb57107a665ec4843b4101e39e0d6c0ac690c1ff397a1fc25f1c3738d4b65204,games/game_007_seed1514191294_seat1.replay.jsonl.gz,785b771ae76605e50a57073aec88c74f47e029fc085f15060d464624ee19c8d3,
receipt_contract_starts,1652205610,0,COMPLETE,True,719,202440.0,3000.0,5.27995987700001,95156,e35b5e4461e20eacc07b7d2d115d4ed235504c61551bfbd85f3aacdc01e2be2a,b482842da5b6e447c085ffbfdc9ef4b8d81a8cb70528e0ee1ca37a5496b4220e,games/game_000_seed1652205610_seat0.replay.jsonl.gz,6277f5fee634f574a82ec54d29435d51a6b1c824ae8c73025eb2c62b091c59a0,
receipt_contract_starts,1652205610,1,COMPLETE,True,719,196772.0,3000.0,4.4881429509998725,95668,e35b5e4461e20eacc07b7d2d115d4ed235504c61551bfbd85f3aacdc01e2be2a,dc15d2b9e0f3611f5035b8240773423a9382c497e367362417974c35d982b4d7,games/game_001_seed1652205610_seat1.replay.jsonl.gz,29d01f63e734fc6d34871c192d0cd5665843a8b5bba355174079374554c2a4f7,
receipt_contract_starts,1715028217,0,COMPLETE,True,719,200839.0,3000.0,4.403834098999823,97352,e35b5e4461e20eacc07b7d2d115d4ed235504c61551bfbd85f3aacdc01e2be2a,034f8db6c4cdc5dcf610e4b83df326250dba6ee770e786ab6a12c6e6488e8c6a,games/game_010_seed1715028217_seat0.replay.jsonl.gz,19a977af676ddcd6c998527e9fdb8fecb3a7c044be8002752c6f3edfc8920046,
receipt_contract_starts,1715028217,1,COMPLETE,True,719,200910.0,3000.0,4.322251760000199,97352,e35b5e4461e20eacc07b7d2d115d4ed235504c61551bfbd85f3aacdc01e2be2a,9e6c568f1143d86d3b748346e1ec5369cc4b40bbda5c18957ac712968fe16b37,games/game_011_seed1715028217_seat1.replay.jsonl.gz,391073f7b23b9aa72336902cc8f6ae6edeb0946dbac89272be22baf51da4fde1,
receipt_contract_starts,1722159489,0,COMPLETE,True,719,179029.0,3000.0,4.278063666999969,98336,e35b5e4461e20eacc07b7d2d115d4ed235504c61551bfbd85f3aacdc01e2be2a,af75310b920c96e2783c5340a43493fe8c73edbda3b5dd96a8a7fc52ffabcf8a,games/game_022_seed1722159489_seat0.replay.jsonl.gz,4e1f01b466d0248165cfea8c340d97a90c3243c1923957d7a0acd91b1525b886,
receipt_contract_starts,1722159489,1,COMPLETE,True,719,180204.0,3000.0,3.8305976799999826,98476,e35b5e4461e20eacc07b7d2d115d4ed235504c61551bfbd85f3aacdc01e2be2a,0b0bbcbf11572ca19943626e5c1b560714b82343ef53e8ddfeb5e3bd54e1a0d5,games/game_023_seed1722159489_seat1.replay.jsonl.gz,091228333b525ee298f5f7e7d4633768aea4b00051c099f0ba53ece77730d6ae,
receipt_contract_starts,1948729637,0,COMPLETE,True,719,240405.0,3000.0,4.536450891999948,96400,e35b5e4461e20eacc07b7d2d115d4ed235504c61551bfbd85f3aacdc01e2be2a,d5ae12e77b0aa4d8fdac015dc189f41e9d4bc36381d4830e79ac0b0d563417b1,games/game_004_seed1948729637_seat0.replay.jsonl.gz,a75d88e22cc707b6cbe79a441035203f4c0db89486e190f6fc249516b7a047fc,
receipt_contract_starts,1948729637,1,COMPLETE,True,719,219177.0,3000.0,4.329677716000106,97148,e35b5e4461e20eacc07b7d2d115d4ed235504c61551bfbd85f3aacdc01e2be2a,5ad48c54384e99f0ce4fd02f5f2824dd91ff4a24fb7db2be42c9d2db1bdcdaa9,games/game_005_seed1948729637_seat1.replay.jsonl.gz,1398e96bd452d6534e50d0a404347c51a853dafc17d6e5c729ade689769ab73a,
