action_sha256,candidate_max_call,candidate_seconds,draw,error,experiment,margin,opponent,opponent_cash,opponent_max_call,opponent_seconds,own_cash,seat,seconds,seed,steps,variant,win
49e8ad4d4174cddf307a6188dac3ef6e1680c6c4a80ce0edb73c4d81a912d844,0.2676122459999988,4.218008484000251,0,,audit,-9410.0,5,118443.0,0.1229458139999906,0.8422554140001353,109033.0,0,8.925427213999996,2026092401,719,R13_AUDIT,0
49e8ad4d4174cddf307a6188dac3ef6e1680c6c4a80ce0edb73c4d81a912d844,0.26079418200004056,4.229360216998771,0,,cal_disabled_parity,-9410.0,5,118443.0,0.10359203299992714,0.6898548749984457,109033.0,0,5.772717381999996,2026092401,719,CAL_DISABLED_PARITY,0
3261f23dedf96dec0cdae4db554fba3c56e369a5192f54dc7f5581285b68cd0c,0.3029591970000638,4.199094954999282,0,,calendar_screen,-6186.0,1,131370.0,0.1844084470000098,1.0464216379997424,125184.0,0,6.186597943000038,2718,719,lag1,0
90275d6fc51e08e93cd201836e8f7f2d67ffb8761c007aae16c0fad2b0624c31,0.6520634140000539,6.113039258000754,0,,calendar_screen,-6316.0,1,93140.0,0.15403418200003216,1.0078273379994016,86824.0,0,8.076723944000037,1729,719,lag1,0
5fc7139ce2a6809adb5c11230260f86cf0eca94b9e39a9d327c2dee09e18eb34,0.6601172289999795,6.400554252001825,0,,calendar_screen,-6316.0,1,93140.0,0.1048196919999782,0.9506498209970005,86824.0,1,8.297604663000016,1729,719,lag1,0
6c588d2c713e45e7287f96901f350b0951509c517c385a8cad07b235a68ac09e,0.31905342900006417,4.161314957999821,0,,calendar_screen,-6186.0,1,131370.0,0.05799666600000819,0.874145601997725,125184.0,1,5.902490976999957,2718,719,lag1,0
a862a5bb6ab009bb5fd5eb48bb029c16bb6cffb4c52a1bd11ec318f1d9d9eef3,0.5377588390000483,5.45344629500039,0,,calendar_screen,-3941.0,1,87464.0,0.06743715099992187,0.9376686819999804,83523.0,0,7.302724970999975,31415,719,lag1,0
cf3cea667ea385a5a9ebf9216b455cb5e665d84a8d39b06590b84bf619851149,0.5482731809998995,5.404467630998511,0,,calendar_screen,-3941.0,1,87464.0,0.07452512999998362,0.909654001999229,83523.0,1,7.206777060000036,31415,719,lag1,0
0b5ef496028b39c218650258f76ecb7db83b93ea6a2ad7fb432fe733e7800991,0.7455039509999324,4.9163435680009115,0,,calendar_screen,-13351.0,1,113441.0,0.05100166900001568,0.8528367269992714,100090.0,0,6.67886948499995,161803,719,lag1,0
ecaa05f1977826437876d2e618e2fdd1d848debecb5e782ce37ce8f9b5b66f1b,0.3673886310000398,5.105415080999023,0,,calendar_screen,-7652.0,5,121230.0,0.04534950899994783,0.730646477999926,113578.0,0,6.774353880000035,1729,719,lag1,0
93135585d8938cb7ffc3971c7e89b8e9adceea87fb77cb30d95f20dacff6a5ca,0.8553933270000016,6.571922909001387,0,,calendar_screen,7644.0,1,123210.0,0.05606146299999182,0.941583020999019,130854.0,1,8.467740187999993,161803,719,lag1,1
aad77eddacc4e2ba31261d90f96fd3584df2c771196d88fc377fe1d4c35eb4a4,0.3349359290000393,5.194897170000445,0,,calendar_screen,-7652.0,5,121230.0,0.044466896000017186,0.6976193679994367,113578.0,1,6.84402442999999,1729,719,lag1,0
82574d4cfa174dc33dfd19bf106b943d2ddb1c84718d72bb9f8426363bfe53e9,0.3652596250000215,4.990846804999592,0,,calendar_screen,-8781.0,5,102521.0,0.049070249000010335,0.8147767519991476,93740.0,0,6.7437533240000676,2718,719,lag1,0
7a37e1ad459b0ee420341022ceef4193d66eaf7b390b61d19f20df1059b8fcc8,0.35209024999994654,4.782978443001639,0,,calendar_screen,-8781.0,5,102521.0,0.052782471999989866,0.8581575500012377,93740.0,1,6.651766789000021,2718,719,lag1,0
77c814941c147e957ff903a712deee87c9b0918825464bf46fb5884530d02f48,0.5851189900000691,5.859965040999896,0,,calendar_screen,-65.0,5,102279.0,0.04486523599996417,0.8349435359996278,102214.0,0,7.684120149000023,31415,719,lag1,0
fe0a2f1547807c5f9f58d0d8e3c052ae071eee891ee33bf61d9a9d8f399e018d,0.3192404749999014,5.459637361000546,0,,calendar_screen,-734.0,5,102510.0,0.05193408900004215,0.8303513449997126,101776.0,1,7.271234383999968,31415,719,lag1,0
5c006f174b56c6387af96b954e4f8dbb3f99eaeddbbab9004dc9e6f74408805b,0.31945278800003507,4.819789145000868,0,,calendar_screen,17770.0,5,102652.0,0.045569878000037534,0.7962866879998955,120422.0,0,6.523508575000051,161803,719,lag1,1
1ad55dba06a57e96885e48f0ff705b8fbc0c69a397e020b76e3495ddc8f1f55c,0.44051472099999955,5.361876223999843,0,,calendar_screen,-4324.0,5,95703.0,0.05193160600003921,0.8455970449990673,91379.0,1,7.150795944000038,161803,719,lag1,0
e4c26d50a3af71a45c4bb34b45833abf3431a50503be6854af02274fdec2b56b,0.30507226499992157,4.386967889999028,0,,calendar_screen,-3324.0,1,104679.0,0.04888965999998618,0.818102467999779,101355.0,0,6.102982695000037,1729,719,lag05,0
251bff5ec1ddda300d90b879c18db8b804131fd7e96b38f543f34762165f79af,0.30249092799999744,4.378209256997138,0,,calendar_screen,-3324.0,1,104679.0,0.04272677599999497,0.7922156370001403,101355.0,1,6.058297050999954,1729,719,lag05,0
10e29f47813c16f61414ed2fb36981dc0ea7049b5abe54d9fe8e43deae708312,0.44850962500004243,5.192907899000488,0,,calendar_screen,-9515.0,1,92321.0,0.04247939000003953,0.8363967729969772,82806.0,0,6.9486191610000105,2718,719,lag05,0
0bfeefe04ec37b459ba7d0ce384df95c4f2827ca169e6778c028cf8345428b55,0.41223474999992504,5.0496697790010785,0,,calendar_screen,-9515.0,1,92321.0,0.05086869299998398,0.8231221369987907,82806.0,1,6.772050169999943,2718,719,lag05,0
4f4630d07e0b2b8a07328f09668d62d6eaa212f3c56316933b980c452367760a,0.28356791499993506,4.8848048039996,0,,calendar_screen,-797.0,1,110919.0,0.04651746499996534,1.0618907499994066,110122.0,0,6.943800796999994,31415,719,lag05,0
239a3544286d2c0be65f2c1339811360eb6256b574ed27d3759a7aaf9cddf44d,0.3736117019999483,5.097636671999794,0,,calendar_screen,-2563.0,1,110235.0,0.044491870000001654,0.9431305920016939,107672.0,1,7.003681228000005,31415,719,lag05,0
dcf2b57f0a71b339baea3530edcba089291a9151675cc9b4aab8b0cd85b09587,0.4743343369999593,5.703864604000273,0,,calendar_screen,-8480.0,1,110004.0,0.04387232800002039,0.8473453279992782,101524.0,0,7.4662958619999245,161803,719,lag05,0
f2673d6774bacff38db5018f411f367ed6df96d9bee78b43e80006ba65d09d8f,0.641363067000043,5.722404903001234,0,,calendar_screen,-2054.0,1,85999.0,0.04310504500006118,0.8164547009993157,83945.0,1,7.450056901000039,161803,719,lag05,0
cca6974e58a93a26f52c0db1c3e353adebc948b030870e4eedbcc88908b6a9cb,0.27984473700007584,4.08359410700109,0,,calendar_screen,-5631.0,5,131644.0,0.043728888000032384,0.7855235419992823,126013.0,0,5.7816679609999255,1729,719,lag05,0
81d8d6df22dbf2e7e5fbcd40efad8ce7d9bad72f65597455b0c535791bca2602,0.2743587940000225,4.090993539999886,0,,calendar_screen,-5631.0,5,131644.0,0.05089254699998946,0.783046610998781,126013.0,1,5.790934717000027,1729,719,lag05,0
40e914f71b6598681979fffeadc484376929d0fd7d7a222d98141c12a9f451df,0.29836491699995804,4.498779745001343,0,,calendar_screen,6850.0,5,119825.0,0.0583718499999577,0.8216620659998171,126675.0,0,6.286607533000051,2718,719,lag05,1
59029af23f3fb91ba0e008798d1036df27ae83012056ac7db8530bc36f341c76,0.28025145000003704,4.518493013000352,0,,calendar_screen,6850.0,5,119825.0,0.0437296329999981,0.7856796710005938,126675.0,1,6.217517811999983,2718,719,lag05,1
ce67503eddb335e47c191d65fb12da7b8596807ed88fe7cefad7bc1ab26efa1a,0.5295581819999597,5.828603117998341,0,,calendar_screen,6583.0,5,126323.0,0.047661760000096365,0.7773546979987032,132906.0,0,7.572744085999943,31415,719,lag05,1
1e34d6c1b040b856d57dacda72b42f82af3a117bc4addff22486d5f601e53737,0.48593462100006946,5.50611224900058,0,,calendar_screen,6583.0,5,126323.0,0.0472317149999526,0.7555979190003654,132906.0,1,7.631761005000044,31415,719,lag05,1
8278d80ed34d0badd03a559b05ce0e4828197c6b4eebdbd95caa36921bb8f8db,0.455897701999902,5.112321578997353,0,,calendar_screen,-9343.0,5,112261.0,0.5699222040000222,1.3716108050012963,102918.0,0,7.366901606000056,161803,719,lag05,0
0da030e5d4a64c16d7e05545d0f845972f5d303d6c574db38125af758a68624d,0.3017165170000453,5.165480593998836,0,,calendar_screen,19019.0,5,91549.0,0.04428648600003271,0.9324287970008527,110568.0,1,7.622546122000017,161803,719,lag05,1
1c8ba4ee193546be810efe1863d123a075fbff57d54cfe138742262c506e9645,0.37944769000000633,5.567968928002415,0,,calendar_screen,-1384.0,1,96797.0,0.04185319199996229,0.890008519998446,95413.0,0,7.468276922999962,1729,719,fert15,0
6b0c397013944ade2324fcbe9eac8284b846517ef5ef3be720f6133669b99d02,0.39514452800005984,5.559265971001196,0,,calendar_screen,-1384.0,1,96797.0,0.0442596359999925,0.9325919959995872,95413.0,1,7.528083960000004,1729,719,fert15,0
49bf82269ebae2e13ce0e944da663324a727fb2e4ca87df055314b3f769337ad,0.47264073600001666,5.44667138900013,0,,calendar_screen,-4209.0,1,84863.0,0.054232549000062136,0.9788993959994059,80654.0,0,7.418498523000039,2718,719,fert15,0
35ef9fa36fcfb176cf606c117ac3435ad3b0717c849caf96c3c7a85feccf8f22,0.5466322570000557,5.565084402000366,0,,calendar_screen,-4209.0,1,84863.0,0.043683299000008446,0.9193565360008051,80654.0,1,7.478102073999935,2718,719,fert15,0
e1c7031da4f64fca719d5d3f2b9b336c0d7bf1896fb5d97660a9522595f41c90,0.3649596330000122,6.183694246998925,0,,calendar_screen,-10866.0,1,98032.0,0.0427221700000473,0.9658858670001109,87166.0,0,8.110127603000024,31415,719,fert15,0
ee1a953a94f575efb5b172c47c9fe9a646ad6d5ad5ccc77dce9eef6d620f131e,0.3874371419999534,6.111635739999542,0,,calendar_screen,-10866.0,1,98032.0,0.05463337500009402,0.9462029309999025,87166.0,1,8.013991720999911,31415,719,fert15,0
bd6157bcf2fe445a1a96f118752c160a43c620adc2529aa070dcfab5311654ce,0.4187607979999939,5.0076941670016595,0,,calendar_screen,-2449.0,1,107434.0,0.04419329400002425,0.8226645149991327,104985.0,0,6.717705045999992,161803,719,fert15,0
4464e54d86d2197747e95225b3ec13315768a2ea5e14b59ce064efc31d94bcd2,0.3865890419999687,5.705255925998927,0,,calendar_screen,-3592.0,1,99580.0,0.04180525799995394,0.819539754999596,95988.0,1,7.400535984000044,161803,719,fert15,0
b88e23a269473307d1e2449641ba94ea4b4628cf221f942398a25144c2eccaae,0.3012856439999041,4.638347797999813,0,,calendar_screen,-4015.0,5,99575.0,0.04483441000002131,0.6938675960010414,95560.0,0,6.187433102999989,1729,719,fert15,0
5987b517278dfa2a01f682d0cf57e249926dbc0f2f0e6b803f187a0fcecdca30,0.29151330100000905,4.689686015999882,0,,calendar_screen,-4015.0,5,99575.0,0.04205602599995473,0.7118517319993316,95560.0,1,6.3043900720000465,1729,719,fert15,0
32841601502722ee882d84bb300ed2a8115afb2837820c7b4d86dc5298711f76,0.41416280600003574,4.847968277999712,0,,calendar_screen,-4576.0,5,89438.0,0.04440586699990945,0.7160314900013418,84862.0,0,6.465596572999971,2718,719,fert15,0
be0ee9f1a34b748934f2a92a04c5ede45d107f31e66eed92efc1e0f12d38703a,0.3557753100000127,4.665771565997716,0,,calendar_screen,-4576.0,5,89438.0,0.046268267999948876,0.7452628029991502,84862.0,1,6.310144602000037,2718,719,fert15,0
2e7a455c6e6e2a0c697b1d369cbaf9328d86427bb1060da419d9468def5d9d94,0.30792768499998147,4.804512299001203,0,,calendar_screen,-5283.0,5,88913.0,0.05232482200005961,0.772882755999035,83630.0,0,6.39861415200005,31415,719,fert15,0
0a71d0853055d3a0ec8fdec1c4549bf104237f7b3e4b05b0c0862d10bb399a79,0.3035123239999393,5.014204881000978,0,,calendar_screen,-5283.0,5,88913.0,0.04612549599994509,0.8216060979976874,83630.0,1,6.705846374000089,31415,719,fert15,0
cb091390a895ec5debf8dc9db9e9e60d3e33792fe34862635d2a6a19230470e3,0.44476998600009665,6.358743661999597,0,,calendar_screen,-1847.0,5,85648.0,0.05468341599998894,0.7628458139998884,83801.0,0,8.079238089,161803,719,fert15,0
ad6549bbeea3e47fe344147999fdf207bb4040c8301331655765af974d7de614,0.49452764900001966,6.39544573599926,0,,calendar_screen,-1847.0,5,85648.0,0.05307587100003275,0.7849457389988856,83801.0,1,8.140805368999963,161803,719,fert15,0
b80bc7bf7e5aeb1227aa39a9031590d6bbfb79b1d7b45c66343bc1d835332879,0.8836352319999605,6.425029074000349,0,,calendar_screen,-4564.0,1,96877.0,0.04579790499997216,0.903197779000152,92313.0,0,8.298177193000015,1729,719,fert30,0
477b9fec32b46f5093c381177fb064f124973b67821b1986f9f1bd8be506dee8,0.5006713420000324,5.509079687001076,0,,calendar_screen,-5795.0,1,86473.0,0.044867450999959146,0.9145862019994411,80678.0,0,7.410177090000047,2718,719,fert30,0
01c6e0e858d9a1a23d2dcd0ae3e7950f5d4108e809a8e93e5fd4769e511ab6bd,1.6930037889999312,7.171115859999077,0,,calendar_screen,-7909.0,1,100703.0,0.044273573999930704,0.8880280980000634,92794.0,1,9.018175735,1729,719,fert30,0
6e12fd9bd919d446923e3d31f63707571f4d3f55250ae0b837e1db6d226923a4,0.43514165800002047,5.114302574998646,0,,calendar_screen,-5795.0,1,86473.0,0.052638007999917136,0.845193160002168,80678.0,1,6.886612895999974,2718,719,fert30,0
0fcdd8bf1fec6f3fd401ae2f0389c42602f63920a740a2f4de4995ee66ce3614,0.36522018599998773,6.249390486003563,0,,calendar_screen,-10240.0,1,95308.0,0.049741680000011,0.9598145699990255,85068.0,0,8.156802922999987,31415,719,fert30,0
1a5ae10e26b567623965782d24338e0faaf5b4ac64980567f0ce3466f93c9467,0.3673612329999969,6.279909086000089,0,,calendar_screen,-10240.0,1,95308.0,0.05152879700005997,1.0001765550000528,85068.0,1,8.234736501999919,31415,719,fert30,0
03761afd61f94f9d7c4c376e80db3bf20117262a22b74b7e672640fde2b87833,0.49218981299998177,5.530995357000393,0,,calendar_screen,-3468.0,1,110775.0,0.04373903300006532,0.8787810499993611,107307.0,0,7.3349533989999145,161803,719,fert30,0
e5af29fbd09cb0621c2604bdcc3483df3fd0a70f749f0bd4bb9d609e1f9cd675,0.42028886799994325,6.204373263998946,0,,calendar_screen,-3837.0,1,99854.0,0.5242152029999261,1.3883807899987914,96017.0,1,8.54344017699998,161803,719,fert30,0
ebe915cbad3e1a19a185474b1702f4c32664406fe3b38ad5b0ad32d92e032b8a,0.4695332180000378,5.376506054000515,0,,calendar_screen,-3399.0,5,96537.0,0.044549718999974175,0.8173650170014071,93138.0,0,7.173671597000066,1729,719,fert30,0
b7b6ee14cf3c2fba26fe4df9c1d1380f74a29021a662b5743670dad0eab77899,0.44862464099992394,5.130843058998835,0,,calendar_screen,-3399.0,5,96537.0,0.045315519000041604,0.7824574190002522,93138.0,1,6.871298660999969,1729,719,fert30,0
149ce68db926781f425bc0868685ab96f0e135514cf861dcbd80d1c44b603e21,0.5142646609999701,6.239953728000387,0,,calendar_screen,-11276.0,5,88188.0,0.04228272099999231,0.6864861310006063,76912.0,0,7.789526815000045,2718,719,fert30,0
0f4b2adb43e3bf1c4c9a0846364a06912a3cfcdf822ae48d4b5963fb0a9d318d,0.5162272080000321,6.2053249320017585,0,,calendar_screen,-11276.0,5,88188.0,0.4162322939999967,1.0978073470009804,76912.0,1,8.184238188999984,2718,719,fert30,0
51e8baa1366cd22183c47c507e6e83a99b223ccc7c95aac5f4c2d03d4f9c5e44,0.5421734999999899,5.555128753001213,0,,calendar_screen,-6092.0,5,91895.0,0.06807538800001112,0.8860032500007264,85803.0,0,7.803296097000043,31415,719,fert30,0
8a701b328be261687c831c9c8c37440194eca297cca0975d05a07d88a7b9e6ed,0.6149051479999343,5.586590639001884,0,,calendar_screen,-6092.0,5,91895.0,0.052899580000030255,0.8166592260006382,85803.0,1,7.290126505999979,31415,719,fert30,0
74d450e9b3d5147c4b161e20193c6472e7071dedf09d95d2d7f6659b84a63724,0.3783804729999929,5.931453008000631,0,,calendar_screen,-2264.0,5,85852.0,0.04049375699992197,0.7098539069997969,83588.0,0,7.540975354000011,161803,719,fert30,0
65e376c820e74a087b3ff32cf5befdceda87e89a324f33f69f15fe0cc0549469,0.4513047169999709,5.814028722001126,0,,calendar_screen,-2264.0,5,85852.0,0.04322587299998304,0.6896347259995537,83588.0,1,7.4081406310000375,161803,719,fert30,0
29662fc75d7f9e4e43d884f16158a2cd320a58ac88fe49f79587f4db9d2ba378,2.109002658999998,15.516317484003139,0,,deep8_stage32,-1830.0,1,90858.0,0.09041798700036452,1.335934637000264,89028.0,0,18.517395744999703,2026092401,719,R14_DEEP8_LAG,0
a29da9743ee8b78fc036ed5f642ad4fcb1adac54719ce2136a2535d33313d6cd,3.9131893479998325,16.173394012001154,0,,deep8_stage32,-8002.0,1,89084.0,0.15022233499985305,1.3813513660034005,81082.0,0,19.219566851999843,2026092402,719,R14_DEEP8_LAG,0
87dffede1e709c42bca55b49bf39a1e024fa7fa22549d58906ca8a30ff470300,3.5574202980001246,23.85044873099514,0,,deep8_stage32,-2060.0,1,90800.0,0.15014627199980168,2.1925866839951595,88740.0,1,28.706956495000213,2026092401,719,R14_DEEP8_LAG,0
296ca715b098794c8f83a5f4bb8f11f40e779f7cd6d858155918fedc515b584f,2.3398837400000048,12.732354914994175,0,,deep8_stage32,6644.0,1,114067.0,0.04769503200031977,1.215013484003066,120711.0,0,15.277362578000066,2026092403,719,R14_DEEP8_LAG,1
1c2901cd0398073b6368b303eb5d8416b55b77fb1451a75a83d6db26bd315a89,2.5944416689999343,14.141659134994825,0,,deep8_stage32,-8002.0,1,89084.0,0.3198521049998817,1.5233305980159457,81082.0,1,17.13788837700031,2026092402,719,R14_DEEP8_LAG,0
d91b21dda8d0d21da9b960b2925469378170aeb07a25f190d3f4a316fc18c1e1,1.5770255110001017,9.218234009003027,0,,deep8_stage32,7922.0,1,133156.0,0.09025288900011219,1.268285458999344,141078.0,0,11.674377511999865,2026092404,719,R14_DEEP8_LAG,1
099b218e05a96524565cd8a4583abd4d16b34ea218cf655f9760f6a35162558b,2.683826467000017,12.302968124997733,0,,deep8_stage32,5341.0,1,137861.0,0.04760570000007647,1.5618350119980278,143202.0,1,15.33165076999967,2026092404,719,R14_DEEP8_LAG,1
9cc3ad8ce7e22d0aec30589fb87cc47d35aff408f29276f4fcd6bbfea4b550ef,4.603054544000315,19.22766068500232,0,,deep8_stage32,6644.0,1,114067.0,0.2865131579997069,1.9715096509930845,120711.0,1,23.016903242999888,2026092403,719,R14_DEEP8_LAG,1
ae55b200374cfe67ce478325379715ed870fec85ef54e1e18de4b97a2eb15073,2.415610146999825,10.658159060993967,0,,deep8_stage32,-11873.0,1,105857.0,0.05974991500033866,1.0696197479956027,93984.0,0,12.946776742000111,2026092405,719,R14_DEEP8_LAG,0
1565dfcdb611dd31629902dc5cf52729568e024e02479f5deaed7d7087c8202b,2.514678225999887,10.728742581999086,0,,deep8_stage32,-11873.0,1,105857.0,0.0440702189998774,1.0347347739989345,93984.0,1,12.889526825999837,2026092405,719,R14_DEEP8_LAG,0
1ec493fa0ba669221be2893f6f2f69869c350827cafd153e09e9b8d4db8fb7de,1.917719606999981,10.821541350996085,0,,deep8_stage32,-2079.0,1,81765.0,0.07991932000004454,1.0871630989995538,79686.0,0,13.288204704000236,2026092406,719,R14_DEEP8_LAG,0
e576b26a5d7c00b9d6a37deaedd2167c59f88f45c35a79a1706c9c2bbf0ed99e,2.0196404640000765,9.371098108995284,0,,deep8_stage32,-2868.0,1,81178.0,0.05115136699987488,0.9801735570017627,78310.0,1,11.450133033999919,2026092406,719,R14_DEEP8_LAG,0
04c3a7843760a1f4b931d14f1f5eeea65618fc7e5764b23ec78094d4986aaf20,1.8193645050000669,10.223644012998648,0,,deep8_stage32,10707.0,1,83176.0,0.04377709700020205,1.1597382439931607,93883.0,0,12.450459204999788,2026092407,719,R14_DEEP8_LAG,1
cf96b209295e9785c685464f28d22d88c6de2d82488e3b87ebfa14324eff50b7,2.2686276730000827,10.804716391005059,0,,deep8_stage32,10707.0,1,83176.0,0.062430502999632154,1.1494635779981763,93883.0,1,13.013183790000312,2026092407,719,R14_DEEP8_LAG,1
63f2a6372d9e7f1b0ae7d5b3115fe9f6f7a62694512204850e1c5547b0d7c1a7,2.4616770010002256,9.737590399000055,0,,deep8_stage32,-10862.0,1,100796.0,0.08084378900002775,1.004244118992574,89934.0,0,11.776638534000085,2026092408,719,R14_DEEP8_LAG,0
76ab5e97c6fab76116bc3c5cd38e3a3c797d74820dbdbb9d24141587c8147470,1.6940277620001325,7.864673951003624,0,,deep8_stage32,-10862.0,1,100796.0,0.06061745599981805,0.8009235639942744,89934.0,1,9.523996073000035,2026092408,719,R14_DEEP8_LAG,0
287d3784edd7bbdc09eb1ea5ab98dcb96c35b6be8e6dff894dcd237213c2189a,1.5664943329998096,7.195072804005122,0,,deep8_stage32,-2657.0,5,129553.0,0.054314718000114226,0.7715251740078202,126896.0,0,8.868073400000412,2026092401,719,R14_DEEP8_LAG,0
d2fb12283755035bf3434a3a3a1f40a9cddc9579e01bc529987478030a99326b,1.5945028769997407,7.475847111998974,0,,deep8_stage32,-3741.0,5,130002.0,0.055845419999968726,0.804891051004688,126261.0,1,9.25473593300012,2026092401,719,R14_DEEP8_LAG,0
c6e15da40116db8f32d602aa666c3961e570407cd116933246cc26c44784019a,1.6791848600000776,8.458506555000895,0,,deep8_stage32,-346.0,5,76805.0,0.041697323999869695,0.6188416509994568,76459.0,0,9.91730150100011,2026092402,719,R14_DEEP8_LAG,0
55a4a943af4a06e3ad88184d30eb1c1f5f8b950cc9bc3c3fc1be42673eaca5c3,1.1148648309999771,7.7500667650047035,0,,deep8_stage32,1805.0,5,75396.0,0.07450044999995953,0.7218412539987185,77201.0,1,9.345615679000275,2026092402,719,R14_DEEP8_LAG,1
67fbd1e87b6684dc44b7925ecddd96f05b1f721e45a99c27177f579da5e94048,1.6315155309998772,8.759310294000443,0,,deep8_stage32,-6284.0,5,79553.0,0.05205058599995027,0.7258831999993163,73269.0,0,10.367255253000167,2026092403,719,R14_DEEP8_LAG,0
90390e683d608d292cb4602d250de112cff100204ff07943eb398d368dae49ac,1.7143784469999446,8.866615230000207,0,,deep8_stage32,-6284.0,5,79553.0,0.050723103000109404,0.7175368740013255,73269.0,1,10.44446096699994,2026092403,719,R14_DEEP8_LAG,0
12b633650f157d5b771f8d2ad9b98c780ec7e5322f9706ca5b7721f0006e23ef,1.9373327919997791,8.379823131993817,0,,deep8_stage32,-4049.0,5,89896.0,0.04997789300023214,0.7879800930068086,85847.0,0,10.06831131600029,2026092404,719,R14_DEEP8_LAG,0
b226c9d5f838ff068de1188826bc12552778282271ba97daa238bb2ebe2dab33,1.7974592959999427,8.057384683995679,0,,deep8_stage32,-4049.0,5,89896.0,0.04302208499984772,0.734391171000425,85847.0,1,9.66280912100001,2026092404,719,R14_DEEP8_LAG,0
337625e992bb1eb81592549bbde576b477d0efbf6326f626bf11b824fe35d9ba,1.6939637890000085,8.119042738990629,0,,deep8_stage32,-10856.0,5,83287.0,0.05792609999980414,0.7198803429982945,72431.0,0,9.681560394999906,2026092405,719,R14_DEEP8_LAG,0
2d9959c0f15900af6771342f449d1312b30166906df8de83ac7780feb14784a3,1.6735457919999135,8.064275006996922,0,,deep8_stage32,-10856.0,5,83287.0,0.05794082599959438,0.7382505300024604,72431.0,1,9.755630983000174,2026092405,719,R14_DEEP8_LAG,0
5c8596322eb7927aab341c4d92dd85637268a014ada895069c95a412b2c41679,1.8975379440003053,9.00153070500346,0,,deep8_stage32,1118.0,5,81361.0,0.05200650000006135,0.9097422529985124,82479.0,0,10.972117828000137,2026092406,719,R14_DEEP8_LAG,1
b650e18b46ea6d034777934ce46cd72e30a005e5d0832d44ffbe90786d499f8f,1.973499363999963,10.709486932002164,0,,deep8_stage32,1118.0,5,81361.0,0.5433708880000268,1.512046206999912,82479.0,1,13.430001722999805,2026092406,719,R14_DEEP8_LAG,1
a0cffd9f47811c98bdfc6d102b61bd68cc43d2acc9cdcb0f965ac274992e2bec,2.5220216060001803,11.723118657003852,0,,deep8_stage32,-16596.0,5,98121.0,0.045967462999669806,1.1334163540041118,81525.0,0,14.10202905999995,2026092407,719,R14_DEEP8_LAG,0
eeb25081ce09b9d744253771be7e1848d35c4cb79720474e7e8b6bc0dfab78ca,2.4144272329999694,11.560573786997338,0,,deep8_stage32,-16596.0,5,98121.0,0.045344784000008076,1.174064102999182,81525.0,1,14.667501242000071,2026092407,719,R14_DEEP8_LAG,0
3b561132b722d1145d87ea4e17b4a43e8d49b0931b1af521b56b053abdafaebc,1.7476872379997985,10.78457582300689,0,,deep8_stage32,-7374.0,5,104088.0,0.058052780000252824,0.7869244190078462,96714.0,0,12.590116558000318,2026092408,719,R14_DEEP8_LAG,0
565421a8c2075a89de72a121344d6c788aa50830bffa45adce858fe14edf58c8,1.7880146570000761,10.462881925996044,0,,deep8_stage32,-7374.0,5,104088.0,0.07686092599988115,0.7763824589869728,96714.0,1,12.32279577700001,2026092408,719,R14_DEEP8_LAG,0
49bf82269ebae2e13ce0e944da663324a727fb2e4ca87df055314b3f769337ad,1.7669358389998706,8.492485266000358,0,,deep_smoke,-4209.0,1,84863.0,0.11279966799997965,1.2349337750022187,80654.0,0,11.045414580999932,2718,719,deep12_open,0
ad6eb458a5c6ae961d58e7761dc43eeb5db9f4b8fa97f14bc560ff3bd04adc47,3.604237970999975,13.306297661997405,0,,deep_smoke,1734.0,1,93337.0,0.14171130499994433,1.2015951669968672,95071.0,0,16.132534108000073,1729,719,deep12_open,1
3635ffcee05dc882fadad7a3d91a281c5fdf24a23d38ac81df11a3f15103dd3f,1.596764923999899,5.635227728003656,0,,deep_smoke,342.0,5,98908.0,0.043679457000052935,0.7113884510042681,99250.0,0,7.221916577000002,1729,719,deep12_open,1
32841601502722ee882d84bb300ed2a8115afb2837820c7b4d86dc5298711f76,1.3960739080000621,6.519043121003733,0,,deep_smoke,-4576.0,5,89438.0,0.05190360300002794,0.827990547996933,84862.0,0,8.468351884999947,2718,719,deep12_open,0
3b1340a526d59926e3b70c635ae2b39ba16708ec9da8c95aa8c528b526e46502,1.7711826429999746,8.738719468006138,0,,deep_smoke,2725.0,1,98700.0,0.04310592399997404,0.7831167679989903,101425.0,0,10.423166897999863,1729,719,deep8_periodic,1
6b3c7b298621f1f5ce8c241c1fc71673e9975d24ef9ed77ad1c503f9d3c05cde,0.9305938560000868,6.423575633999917,0,,deep_smoke,1444.0,5,94943.0,0.04240596099998584,0.7320815779999066,96387.0,0,8.063779617000137,1729,719,deep8_periodic,1
dc4ace3713335a89bd1df5a490e19376153445b8857e41052dc3342afb13258f,1.938973358000112,11.397112102998562,0,,deep_smoke,-1665.0,1,82017.0,0.046834982000063974,0.8542941429973325,80352.0,0,13.204104857999937,2718,719,deep8_periodic,0
f64644e9d348550e530383bd2c9a7c770171828f9ac00de76ca775a3beacd0d6,1.77972006899995,10.105632147998222,0,,deep_smoke,-8734.0,5,90294.0,0.04310362199998963,0.7739477099976284,81560.0,0,11.868638489999967,2718,719,deep8_periodic,0
e243ba5c9bfae4d6bf50fbebb25f98537ecc041b9dddb6c79dd7cc3fbc1bf352,6.736028662000081,12.641928725002344,0,,deep_smoke,5775.0,1,111062.0,0.0495614100000239,0.9096904560046823,116837.0,0,14.55332321600008,1729,719,deep30_open,1
4608f1b321706b48c17ae8958af9d049caeeec0cd21b5876b0e871105fdc25ec,6.679781274000106,12.388399970999217,0,,deep_smoke,-8122.0,1,87907.0,0.06377951400008897,0.9259989640047479,79785.0,0,14.21129192400008,2718,719,deep30_open,0
81d6c0c3360a64d33a5f1983705d5795de0def67e4daa83483362d07ed4b8ed9,6.591324212000018,12.3798976079961,0,,deep_smoke,6446.0,5,101420.0,0.04466713300007541,0.7464088329973038,107866.0,0,14.075294143999827,1729,719,deep30_open,1
e37c890321ec1d6c01ae6b88be4e0985df01d88791e7145996e9fce67f2c3aa7,5.966391533999968,10.305883700004188,0,,deep_smoke,-5966.0,5,77916.0,0.04381713900011164,0.6825219349984764,71950.0,0,11.818473386999813,2718,719,deep30_open,0
37e5eba7dcbfb4a6cbc3f00e076ec57940d12d120e8e16edbeb187e2f54093ad,0.6307287619999897,9.32406552499583,0,,executor_screen,3306.0,1,81556.0,0.09555884200017317,1.227080832997899,84862.0,1,11.790728919000003,1729,719,regret_compile,1
d9088ac3b584d2fb22e21e08beed7f5ec93a8455b52b510b031b16819c619cc1,0.6844166440000663,9.505099283001755,0,,executor_screen,3306.0,1,81556.0,0.1251272039999094,1.415876950999973,84862.0,0,12.199805954000112,1729,719,regret_compile,1
23e18bb90949859d3f4585e9abb83fad78935460f76b90d4519595bd63140d23,0.563631500999918,8.332897409000452,0,,executor_screen,-6636.0,1,94706.0,0.07751219100009621,1.1922988899980282,88070.0,0,10.84705639799995,2718,719,regret_compile,0
db228656aea679009e19e9a4afb3d1bca29b17a6bb75bb25a40ff9cf5afd53e4,0.6725428989998363,8.224243736002109,0,,executor_screen,-6636.0,1,94706.0,0.04479602500009605,1.187578614997392,88070.0,1,10.746941079999942,2718,719,regret_compile,0
c119eb857f419c085c0bf3a749be824a89356116dde77a302d2f07e226530c52,0.5515020170000753,7.995866176003119,0,,executor_screen,9247.0,1,97399.0,0.06670595900004628,1.1014649860039754,106646.0,0,10.198437968999997,31415,719,regret_compile,1
2e7f6634e7c1c260b7cd5ead3dfd828b8509b684b91ab27d062ad9c06d5c2fa1,0.5723087900000792,8.696189328997434,0,,executor_screen,9516.0,1,97629.0,0.10276051400001052,1.250469854998073,107145.0,1,11.185690895999869,31415,719,regret_compile,1
aceac275fa7889b10a86de229be7394020e857b5056db3878129cc075a142429,0.5703060079999887,8.433982305998825,0,,executor_screen,6214.0,1,129300.0,0.09568382400016162,1.2621324140029628,135514.0,0,10.912231901000041,161803,719,regret_compile,1
54631d394990f355a2d23a8274c560bec1ec3d5e7d574931bc83e96c694f4bf8,0.5563245710000047,7.6082956889986235,0,,executor_screen,6211.0,1,129301.0,0.08773005900002318,1.0611645910016705,135512.0,1,9.939078666000114,161803,719,regret_compile,1
41441ad2f55a057fe258476ee17258acbccdd89d5dc24d39e41cb32fdc756145,0.6436903270000585,9.354554078999172,0,,executor_screen,1002.0,5,81532.0,0.06622414000003118,1.0801254210014122,82534.0,1,11.711571338999875,1729,719,regret_compile,1
f24688e930aee9fd2a4c81325255949e82113921177b2b72908aeb16be19640b,0.6911711019999984,10.00860575400452,0,,executor_screen,1002.0,5,81532.0,0.0867314049999095,1.1809471710012076,82534.0,0,12.328780271999904,1729,719,regret_compile,1
d125792e6d842351b31f7173521755a1ac42aca1527878d5054fdd2c09269d30,0.6622280269998555,8.141322281994235,0,,executor_screen,-4558.0,5,83930.0,0.07900183800006744,1.0385772069964787,79372.0,1,10.307084514000053,2718,719,regret_compile,0
88337904c9670c7ccafd8c035e53da766f201952c0e21634ee895a2e92cc8bb6,0.650715622000007,8.376370599002712,0,,executor_screen,-4558.0,5,83930.0,0.10242402299991227,1.2502440440030114,79372.0,0,11.035483148999901,2718,719,regret_compile,0
9801545464797994662f1fa0cf7b48962bd1ed07b37c5dcd02de404938e2d9e2,0.6373249989999294,9.607668812001293,0,,executor_screen,-3878.0,5,88623.0,0.06119370699980209,0.9866314919952401,84745.0,0,11.907404932999953,31415,719,regret_compile,0
fd4f49cb565b585be56fa600f2866a39116d86525ea55490deebc05d8a1db0d7,0.6971277039999677,10.07553906599719,0,,executor_screen,-17513.0,5,100109.0,0.07900010299999849,1.1669082679984513,82596.0,1,12.464415065999901,31415,719,regret_compile,0
48257601f0c4a031aa3453356cd2c7e24cdd69619cadf13ab6b2b7154eecc93f,0.4710634460000165,6.907365361004622,0,,executor_screen,-13197.0,5,129104.0,0.10163271900000836,0.961631217003287,115907.0,0,9.058356369999956,161803,719,regret_compile,0
8ca4b756f7110973ef4c7af08ab5ed1c922cce74dfea1d2cbb75e45cd1d3bdff,0.47179582199987635,6.209485834995348,0,,executor_screen,538.0,5,123979.0,0.09531139399996391,0.8950637689993073,124517.0,1,8.40416349499992,161803,719,regret_compile,1
615ebf8dd571e9b52a3550edd47d878bf85fb0482ad85edfd20493a2fab075f0,1.8251427569998668,19.603962932996865,0,,executor_screen,902.0,1,85590.0,0.07327020200000334,1.16415253800119,86492.0,1,21.88203064000004,1729,719,regret_both,1
f84509930a0ab119f12983f05f531da32a5632868b802d6a049f1497c8a5c02a,1.993952242999967,20.120246496996515,0,,executor_screen,902.0,1,85590.0,0.06446691199994348,1.3284750769969378,86492.0,0,22.63319205200014,1729,719,regret_both,1
4554386a04e01b1df4ca3557269a9b267ebf80178ab56be04db8c269ed471434,1.5755432040000414,17.2851053100012,0,,executor_screen,-16320.0,1,110893.0,0.5929520130000583,1.9480137319962978,94573.0,0,20.555724506999923,2718,719,regret_both,0
3dc1e41f6a7949bb83008e79d544be38e614adbc7d69678244e151d7488bd95a,1.9783154419999391,26.920896914999048,0,,executor_screen,-16320.0,1,110893.0,0.11616829900003722,2.419273568996914,94573.0,1,31.350154915000076,2718,719,regret_both,0
91ac876df2d6d9e4123f730125d6390ce9eda50a8025f36cef276b61e6e798f6,1.8873297389998243,21.582332173003806,0,,executor_screen,-4968.0,1,93601.0,0.06022696299987729,1.345920642997953,88633.0,0,24.105495683999834,31415,719,regret_both,0
755c088f345b310d4017b429db223d9f791f08757177f29aef74ca9593c95b5d,1.8622550369998407,26.60551151299819,0,,executor_screen,-4968.0,1,93601.0,0.13902236500007348,2.004293136001934,88633.0,1,31.563062026999887,31415,719,regret_both,0
a550f466aebe1e2502eef005cf1d8e0778f0ab9f34274df994fd0a6bfab60bb6,2.3133681459999025,20.60010000399916,0,,executor_screen,-5472.0,1,102179.0,0.07277757699989706,1.1206578079952578,96707.0,0,22.8536139859998,161803,719,regret_both,0
806e43b0bba81dd311f1252a69a9e520a501f8ba81baa8d9649a56e8275ed288,1.5940653459999794,15.852154572004792,0,,executor_screen,-11656.0,1,110394.0,0.07631538900000123,0.9503946390059355,98738.0,1,17.686142092999944,161803,719,regret_both,0
fd47ad4d16b98d34f3a4af478e54d956f3a96acf6a37506e32a0a5f60a775b0e,0.9811948740000389,16.070771955993905,0,,executor_screen,890.0,5,100467.0,0.0440379839999423,0.7860506800000167,101357.0,0,17.74870715299994,1729,719,regret_both,1
9fee29d4409e2b48144027b8fd0a69230ccfab736bca553418957edeab4658ae,1.090660072999981,16.165413730994715,0,,executor_screen,890.0,5,100467.0,0.06804022999995141,0.8324117689987816,101357.0,1,17.909638501000018,1729,719,regret_both,1
701293d5f396a55d9e351b22db16c67a289d9f6d464cd6be7f0ceffcdc1813ef,0.9432578400001148,14.640739964997238,0,,executor_screen,14522.0,5,91656.0,0.050939786999833814,0.8510456700041686,106178.0,0,16.440641910000068,2718,719,regret_both,1
ad67521703eff584a9add177d8d48a4fc99cf41447bf8d75d171d6cf9fe280de,0.8855430510000133,14.474664850995168,0,,executor_screen,14522.0,5,91656.0,0.06108277599992107,0.8153113530015617,106178.0,1,16.174409048999905,2718,719,regret_both,1
2cc4365caa7722207090970b73014f234b0b57346c50e06c2a16ec7edffc2c7f,1.1393793639999785,15.57509931300001,0,,executor_screen,-7300.0,5,92126.0,0.0545718759999545,0.7639230509969366,84826.0,0,17.20689798100011,31415,719,regret_both,0
73547c27519edb28aef7f40af852a2daff903d514f2a14d700e8faed5f1e6c90,2.0575575339998977,17.083913170000642,0,,executor_screen,-15376.0,5,99882.0,0.04515744799982713,0.7766555730013351,84506.0,1,18.73942719899992,31415,719,regret_both,0
4cf60b775957bd242ef76ebe75b952c90efee0c033558ab4d3e7d98a1a81328b,2.2775409110001874,18.1697359600048,0,,executor_screen,-6588.0,5,92496.0,0.044766260000187685,0.7108118719988852,85908.0,0,19.777177506999806,161803,719,regret_both,0
123e7b13b50f000e34fa72ee2dd90ca82409b582f793bc0bc967e6387ee41dfc,0.9459734790000311,6.021294999999554,0,,executor_screen,1734.0,1,93337.0,0.0472459909999543,0.9157714359980673,95071.0,0,7.89441024499979,1729,719,idle_handoff,1
eb2aa8e7fe071185d49c30bfddddb51404ccda3880aa563e758583fce0761141,1.4544483540000783,16.73663778100172,0,,executor_screen,17348.0,5,106436.0,0.07526317999986532,0.8552733119965978,123784.0,1,18.522324513000058,161803,719,regret_both,1
fb24292a05471a3c4b381d8bc8ad867e79728b1e263b04cd3d295a5ed95d1ab3,1.0041772850001962,6.252894224999409,0,,executor_screen,1734.0,1,93337.0,0.042764734000002136,0.8894414419987697,95071.0,1,8.124662108999928,1729,719,idle_handoff,1
0461bdebf5b77f2d6c76b57efb23941d1d4a1e5bc4d794d04177abb884fdd8a0,0.43531954500008396,4.946047021998083,0,,executor_screen,-4217.0,1,84861.0,0.04358326200008378,0.8325528970028699,80644.0,0,6.655726770000001,2718,719,idle_handoff,0
d92ebb94689784fbac41c03e1313708b02d8e79024e84d9d9c5c3a8d96840a40,0.3899240569999165,5.16544740400127,0,,executor_screen,-4217.0,1,84861.0,0.5330098839999664,1.3841181729994787,80644.0,1,7.4732910720001655,2718,719,idle_handoff,0
e1c7031da4f64fca719d5d3f2b9b336c0d7bf1896fb5d97660a9522595f41c90,0.4212537819998943,6.120244153996964,0,,executor_screen,-10866.0,1,98032.0,0.043337601000075665,0.9566934320050677,87166.0,0,7.991429874999994,31415,719,idle_handoff,0
ee1a953a94f575efb5b172c47c9fe9a646ad6d5ad5ccc77dce9eef6d620f131e,0.36500067900010436,5.895195431999809,0,,executor_screen,-10866.0,1,98032.0,0.04329853300009745,0.9229395599991221,87166.0,1,7.744907408000017,31415,719,idle_handoff,0
cef475221ac0b0290209134be6c2a8ca02ea5fb7ba5f0921de30aaf157545c5f,0.47874439699990035,5.910417798002072,0,,executor_screen,-2778.0,1,107489.0,0.15168959500010715,1.3299153020013819,104711.0,0,8.954566376000002,161803,719,idle_handoff,0
4464e54d86d2197747e95225b3ec13315768a2ea5e14b59ce064efc31d94bcd2,0.5850743070000135,7.178321259999848,0,,executor_screen,-3592.0,1,99580.0,0.05927937399997063,1.0677483090037185,95988.0,1,9.469726400999889,161803,719,idle_handoff,0
1d9a1a5a223f2178bbc43c210673865945a806ba349b629d118346508944dff0,0.39334203499993237,5.752687813004059,0,,executor_screen,342.0,5,98908.0,0.08019912500003556,0.9195554190073381,99250.0,1,7.847543953000013,1729,719,idle_handoff,1
3635ffcee05dc882fadad7a3d91a281c5fdf24a23d38ac81df11a3f15103dd3f,0.7498652919998676,10.577839878000987,0,,executor_screen,342.0,5,98908.0,0.12915511800019885,2.128229969000131,99250.0,0,14.709373873000004,1729,719,idle_handoff,1
32841601502722ee882d84bb300ed2a8115afb2837820c7b4d86dc5298711f76,0.5283878180000556,6.536453595999774,0,,executor_screen,-4576.0,5,89438.0,0.06809455899997374,1.0071473140012586,84862.0,0,8.72786668599997,2718,719,idle_handoff,0
be0ee9f1a34b748934f2a92a04c5ede45d107f31e66eed92efc1e0f12d38703a,0.46585001800008285,6.383452234997321,0,,executor_screen,-4576.0,5,89438.0,0.08616721900011726,0.8962667829994189,84862.0,1,8.522534489999998,2718,719,idle_handoff,0
9ecfbf2074cc5e7b69df9a3d48f1bae89f13e722b83eb0d36e3a0b6af89b30dd,0.4102783939999881,6.247393579999425,0,,executor_screen,-4022.0,5,88744.0,0.06890042700001686,1.1300949290005065,84722.0,0,8.602808610000011,31415,719,idle_handoff,0
2774f26860f94ee7348a5b5e5946989c04b8ff3af9dc72b33dda4b9254d0b54a,0.4018200569998953,6.389769018001289,0,,executor_screen,-4022.0,5,88744.0,0.07506868299992675,1.0385554000019965,84722.0,1,8.604767934999927,31415,719,idle_handoff,0
cb091390a895ec5debf8dc9db9e9e60d3e33792fe34862635d2a6a19230470e3,0.5131559279998328,7.958623571001908,0,,executor_screen,-1847.0,5,85648.0,0.07202317300016148,0.9532010259999879,83801.0,0,10.288975718999836,161803,719,idle_handoff,0
ad6549bbeea3e47fe344147999fdf207bb4040c8301331655765af974d7de614,0.5886568359999274,8.3092713680021,0,,executor_screen,-1847.0,5,85648.0,0.06330381099996885,0.8765164279993769,83801.0,1,10.428536772000143,161803,719,idle_handoff,0
5ed903e9386bf96cf69c52474572f82dbbeaa61d6719e86c476465f90564e370,0.42065134599988596,7.486308140998744,0,,executor_screen,700.0,1,93633.0,0.04892747100007,1.3994475969984705,94333.0,0,10.274165596000103,1729,719,prep_prefix,1
a9874ca8c312e97db23833bd1d6a16e3ff1844f204d0f0469c4532a8ebb4ac29,0.41919602699999814,6.511739799003635,0,,executor_screen,1476.0,1,93271.0,0.08912071099985042,1.1703819320009643,94747.0,1,8.864186361000066,1729,719,prep_prefix,1
cfb8c67effc98fa7b316e1cbf0375da497260037a6729dd6bf352e5130a81249,0.4446313989999453,6.96515504799936,0,,executor_screen,-1956.0,1,78318.0,0.055751190999899336,1.158627382000077,76362.0,0,9.427662367000039,2718,719,prep_prefix,0
f5e753bab5b9f8a4fb12b82986bce2bbf64bf8bdf52164b3c5fa98c2a1de706a,0.49771821700005603,6.679688406999276,0,,executor_screen,-1956.0,1,78318.0,0.05081790200006253,1.2487609810000322,76362.0,1,9.062514414999896,2718,719,prep_prefix,0
85256312777d676d18b9d4ad00144951f264455a6881638278e913b2b09e24ac,0.8447968909999872,9.311252508003008,0,,executor_screen,-7334.0,1,102597.0,0.09658916100011083,1.2997650099985094,95263.0,0,11.976030241999979,31415,719,prep_prefix,0
8d64678129efad1f5a217b0d891f8e3b9c09934199a9da8f795472b3e93878b1,0.8637838100000863,9.132207604997575,0,,executor_screen,-7334.0,1,102597.0,0.09264614000016991,1.215922674002968,95263.0,1,11.59020666299989,31415,719,prep_prefix,0
98a55e163ecda5a120af5f3a0e74d5437fa17dc38cb9778590fd0424b2e57c3c,0.6415011910000885,6.916609518001906,0,,executor_screen,-4551.0,1,110640.0,0.6058323070001279,1.8665098159988247,106089.0,0,9.897181343000057,161803,719,prep_prefix,0
13dd12f9b792092f574699e4d3345f72b10e3da1886ddff789461df4dea2ea05,0.5194427460000952,7.446826543997304,0,,executor_screen,-1988.0,1,101211.0,0.04464945400013676,0.9904686509983094,99223.0,1,9.557507360999807,161803,719,prep_prefix,0
70f2aff69d77902b5b69a508ea33cee9f10b1d816e75e9c8fbf7beaa90adaea4,0.40441098999986025,5.200685447995966,0,,executor_screen,-2363.0,5,111186.0,0.0647853309999391,0.843734792002806,108823.0,0,7.228164672000048,1729,719,prep_prefix,0
2f07d3dae260290560d1ec1ac5a61ee3b063aa6745b0f9658ad3f45178159f5f,0.3960625259999233,6.404077885000106,0,,executor_screen,-2363.0,5,111186.0,0.05173717699994995,1.4018059999998513,108823.0,1,9.37937716700003,1729,719,prep_prefix,0
2374bd3af586d5aff733a1f40dcaec4d022ca7b94d8943108479dce545d17142,0.5437093389998608,6.921345308000582,0,,executor_screen,-598.0,5,77909.0,0.06093972100006795,0.8313960299988139,77311.0,0,8.851892263999844,2718,719,prep_prefix,0
fa422e5247b5068864e203a4ee97c8733bbad9f1f26f8f09c7baade1c0312abd,0.5684903930000473,6.564081128003181,0,,executor_screen,-598.0,5,77909.0,0.5195613280000089,1.2525954730010653,77311.0,1,8.845466180999892,2718,719,prep_prefix,0
fab65e85bbe3b530a7126a3dc4c3f4f646bce2c402bfd7042a9a71c085fed5ed,0.37027948700006164,5.746440209001548,0,,executor_screen,-4480.0,5,78085.0,0.04330812400007744,0.8371967409971148,73605.0,0,7.479839584000047,31415,719,prep_prefix,0
9b36bf81214a835cf8481801bf34fcb1f1692b29c36382384999650c47416fbf,0.4848892899999555,6.348383157001308,0,,executor_screen,-4480.0,5,78085.0,0.054783084000064264,0.935046269997656,73605.0,1,8.301609319999898,31415,719,prep_prefix,0
db4b01cafb4f62d72e2cb028cd241a5ce3e4cc9fac9c825a36c3a661f33af352,0.536629590000075,6.791652294999039,0,,executor_screen,-9699.0,5,105664.0,0.08613889800017205,0.9402313119983319,95965.0,1,9.058057228000052,161803,719,prep_prefix,0
3ef5e84f6f730afc0775a971fe69e1ee2994c3c70344a1a759b27e5d6d588dde,1.0410483739999563,10.702134460003435,0,,executor_screen,-9699.0,5,105664.0,0.05448308299992277,1.5127137339959518,95965.0,0,14.14372825700002,161803,719,prep_prefix,0
e243ba5c9bfae4d6bf50fbebb25f98537ecc041b9dddb6c79dd7cc3fbc1bf352,8.30031001999987,15.106002127997726,0,,finalist_screen,5775.0,1,111062.0,0.14377641199985192,1.1927922239992768,116837.0,0,17.44965874200011,1729,719,deep30_broad,1
b7e6f595f9f5802a4b8bd5c7d6c3d3ca95ca9314a47d686179df45435ebf4e3a,8.579300916999955,15.597063609000543,0,,finalist_screen,5775.0,1,111062.0,0.151173738000125,1.228992240995467,116837.0,1,18.06968307399984,1729,719,deep30_broad,1
4608f1b321706b48c17ae8958af9d049caeeec0cd21b5876b0e871105fdc25ec,9.101828627000032,16.509710085997995,0,,finalist_screen,-8122.0,1,87907.0,0.05933793600001991,1.1971049979970303,79785.0,0,18.904724031000114,2718,719,deep30_broad,0
35e6736cf020000045d75cf6faac8af41643b2e86ea0b9e01c331bda55ffa20c,9.469543368000132,17.232174258999976,0,,finalist_screen,-8122.0,1,87907.0,0.08383995799999866,1.2304960060023404,79785.0,1,19.69015119100004,2718,719,deep30_broad,0
6969672db04c6d0f68759322e32f67ee74acdebbc6809f91eb0ce8d8a941443f,7.90302040399979,12.593928720999429,0,,finalist_screen,4321.0,1,114456.0,0.043072659000017666,0.838740648996918,118777.0,0,14.336718626999982,31415,719,deep30_broad,1
680b058277e7d3549d40a4e6314c0bf8aa3f610ae7d35cacc0dcff92b6cfa5c3,7.368591031999813,11.961043874001007,0,,finalist_screen,4321.0,1,114456.0,0.044990687000108665,0.8128354989992204,118777.0,1,13.652588751999929,31415,719,deep30_broad,1
004e1d03cb7e3cd509dee2d9283da88d758e16d42353d5cc2948767f4214de7b,6.273180843999853,10.880303666999907,0,,finalist_screen,-13515.0,1,105164.0,0.05053745999998682,0.7594208079995042,91649.0,0,12.480263712999886,161803,719,deep30_broad,0
a35d2e970f7a596e7f163a3359467c0a2c2a91858d37c5e831d1041542357165,6.159508913999844,10.732568630998685,0,,finalist_screen,-13515.0,1,105164.0,0.054835496999885436,0.7752766749993043,91649.0,1,12.367326799000011,161803,719,deep30_broad,0
81d6c0c3360a64d33a5f1983705d5795de0def67e4daa83483362d07ed4b8ed9,6.365573793000067,11.9435712290001,0,,finalist_screen,6446.0,5,101420.0,0.05128461200001766,0.7145120740033235,107866.0,0,13.556087059999982,1729,719,deep30_broad,1
e0441a9ad5c73abbdcdceeb3bda09eb8349cc07e73fec7183354b85b02825d2e,6.396741780999946,11.933966677000171,0,,finalist_screen,7535.0,5,101587.0,0.0436080959998435,0.7121830420012429,109122.0,1,13.557673431000012,1729,719,deep30_broad,1
e37c890321ec1d6c01ae6b88be4e0985df01d88791e7145996e9fce67f2c3aa7,6.240827050999997,10.848567616999162,0,,finalist_screen,-5966.0,5,77916.0,0.05358462399999553,0.7402463149990126,71950.0,0,12.456751677000057,2718,719,deep30_broad,0
c54779350022f223aaed1de9d2c5ed4a30fb7f52fce879220a89755b177185f7,6.265551996000113,10.909669703999953,0,,finalist_screen,-5966.0,5,77916.0,0.04889914599993972,0.7597688299997571,71950.0,1,12.551585452999916,2718,719,deep30_broad,0
aa77496dfc2973e07d5192aa0fff93aad911e6bdcc5336cdb3ea204d5bf76097,6.3607974159999685,12.069419294999534,0,,finalist_screen,-4301.0,5,84760.0,0.052994169999919905,0.918207080997945,80459.0,0,13.89695511900004,31415,719,deep30_broad,0
5372aae8cd0a6bdc647f0ed2539d2944068daadd4b16ceb5c1fee86d0929677b,6.5341282910001155,11.60531947099912,1,,finalist_screen,0.0,5,85237.0,0.0764805090000209,0.7749501779965158,85237.0,1,13.244934084000079,31415,719,deep30_broad,0
15b62750b65bd37bebe7c62fc858ee7ffd1eaa043273a45e7e6dda79b3ddfe07,6.175643954999941,10.644965016999322,0,,finalist_screen,-10326.0,5,91015.0,0.05208225299998048,0.6918453770038013,80689.0,1,12.174174472999994,161803,719,deep30_broad,0
29280deaea2837325896962a00c4efd642c9b239924c4158e36aebc4b8ccf637,6.53258817699998,11.13227166899901,0,,finalist_screen,6382.0,5,98631.0,0.04320961200005513,0.6798037709993423,105013.0,0,12.665405588000112,161803,719,deep30_broad,1
11e842e92b5f278eff8fb7bc5a4d96ef4973964ba00e585ff96971af011db0a1,1.244398116999946,6.715862286998799,0,,finalist_screen,-7358.0,1,103066.0,0.04539939599999343,0.8034975069974735,95708.0,0,8.386404045999825,1729,719,deep8_lag05,0
ad72012897c572ed31a7da8facedc8840d8a2efdb9a7e2688812938d84b4f101,1.213626197999929,6.721386733000827,0,,finalist_screen,-7358.0,1,103066.0,0.04487144800009446,0.8549596639982155,95708.0,1,8.479654667999966,1729,719,deep8_lag05,0
35d8255428897f72e788158433d504711f028e420828eaaa6c33a35c57fdeca8,1.766786504000038,8.959493744001975,0,,finalist_screen,-9616.0,1,92274.0,0.04279551200011156,0.8384093839961224,82658.0,0,10.699514132000104,2718,719,deep8_lag05,0
c98bc4850f2eb1fff9b51b191ef28c7469ce08539b21a4e2857d0156ba80b78e,1.767819455000108,8.601963148000323,0,,finalist_screen,-9616.0,1,92274.0,0.056764524000072925,0.8674764799955028,82658.0,1,10.377444429999969,2718,719,deep8_lag05,0
dcf36087cfc3874fa95b92c1d33833dcdac2e02299a49431b06213b277f4bf59,1.629656415999989,8.178003373999672,0,,finalist_screen,1200.0,1,106373.0,0.488535291000062,1.383594769000183,107573.0,0,10.493937323999944,31415,719,deep8_lag05,1
8a8a33012bad0420f0c4f6d8ee8970252670d02f8c22bfe78ba8277374145e5c,1.5929564489999848,8.499605857000006,0,,finalist_screen,531.0,1,104051.0,0.4714642069998263,1.3743618219975815,104582.0,1,10.79656043,31415,719,deep8_lag05,1
697be5a75b5d92f86b9f1ae826d7e4f4f3befffcaf8aab3e23d37f9a2a759f3a,1.793200392000017,9.37805331100094,0,,finalist_screen,3942.0,1,115524.0,0.041435008000007656,0.8493145760021434,119466.0,0,11.155793969999877,161803,719,deep8_lag05,1
d34b739b45a9b68008f1bfa1f07086c838ebae3af63af26e81a1832ff65b8777,1.8642074649999358,10.24090698799705,0,,finalist_screen,7449.0,1,107784.0,0.049983784999994896,0.8883842190016367,115233.0,1,12.064517227000124,161803,719,deep8_lag05,1
ffc9ff1c35ec4d8399424cbc9834d76cc16eaf836facbeb7e5b932f023b37a69,1.3145620339998914,8.038657500000227,0,,finalist_screen,-5685.0,5,117593.0,0.04123525599993627,0.6934163569990233,111908.0,0,9.665464137000072,1729,719,deep8_lag05,0
f0172ee46fd6973e737e9ed9a5e29354a7dd65295f4d8231470b4c50d9c64387,1.3933089680001558,8.50187141600054,0,,finalist_screen,-5685.0,5,117593.0,0.05513557499989474,0.7618841619976138,111908.0,1,10.204047826000078,1729,719,deep8_lag05,0
4703243fff47a9b13bc7128783a4aa9e0400046f7a4cd997d243ee625673c8c2,1.5810747580001134,7.067204010997784,0,,finalist_screen,360.0,5,125124.0,0.04273233200001414,0.7505480420002186,125484.0,0,8.714684727000076,2718,719,deep8_lag05,1
fa6e80e3998d5f54f50d85cd006af544c74fbff840800c5e808e776051450850,1.6673585319999802,7.4432011889996375,0,,finalist_screen,1140.0,5,133095.0,0.044389865999846734,0.7597496350028905,134235.0,1,9.10370365000017,2718,719,deep8_lag05,1
485d64c7e9cc98aff88d1557da13678a22225dbc7a6bff1cdb45bdac257c9558,1.9545828309999251,8.164911192999853,0,,finalist_screen,14104.0,5,127815.0,0.05407812299995385,0.7316890530023556,141919.0,0,9.792399190999959,31415,719,deep8_lag05,1
2e052f7e42e99bd0b8d579d5e6198bf4a1665491e38845b0dba4c4ace4d65155,1.7584894379999696,8.063852463998273,0,,finalist_screen,14104.0,5,127815.0,0.0657129989999703,0.8155019190014627,141919.0,1,9.797299018999865,31415,719,deep8_lag05,1
71f90e805c1206697a7fe80b77df35cd891c7a09d5c6c814c144828b1fab7cad,2.5039884189998247,10.71681972100464,0,,finalist_screen,26322.0,5,87562.0,0.04451955399986218,1.018256640004438,113884.0,1,13.170016241999974,161803,719,deep8_lag05,1
f31c7ca3b4e29565f25fb35a38924db52fdeff746dcf364a2a0c8efed045bc2c,2.439294223000161,16.982996532000698,0,,finalist_screen,-9287.0,5,112451.0,0.0671251950000169,2.0737535419980304,103164.0,0,21.25913615500008,161803,719,deep8_lag05,0
15b526db38ba6583c1f9f6d74bf7527a87918c620e0cb8b8804fcf49154e3f1a,0.4841391029999613,7.385757467002122,0,,finalist_screen,-2471.0,1,87785.0,0.06981944099993598,1.1850294850025875,85314.0,0,9.749847105000072,1729,719,regret_lag05,0
8ec030cee7456c722598952a11f02d38e6217efa2c3107c97abc0a9d4369d8a1,0.5441495539998868,6.676410231000091,0,,finalist_screen,-1375.0,1,96543.0,0.059476637999978266,1.1098315959982301,95168.0,0,8.97146505500018,2718,719,regret_lag05,0
86902278d672f86fff0f67cf6ece1fdc43becd013fe8da9fe94b2643c1300fa3,0.9836326889999327,14.805544893000615,0,,finalist_screen,-2471.0,1,87785.0,0.1588237079999999,2.363626832996488,85314.0,1,19.46939952899993,1729,719,regret_lag05,0
b7ca2c4bcbe110d62da4c840c77d9e8a07b4777a6758f4b5bfd366bbaf22d62d,0.42293805399981466,6.633917373993427,0,,finalist_screen,-1375.0,1,96543.0,0.06666598300012083,1.264885398997876,95168.0,1,8.982899282999824,2718,719,regret_lag05,0
085dbbaf3e42c88e7f9a56afa5d7089f4577cd028922520187dceb577eecaf85,1.1877014359997702,10.615862209002898,0,,finalist_screen,-8628.0,1,101802.0,0.6123573620002389,1.7907892459961658,93174.0,1,13.452968444999897,31415,719,regret_lag05,0
a8db40039dab61cff902f1c5210820c4add035ad4fc983683b11594ec6ef896d,0.5531485000001339,7.707252247002543,0,,finalist_screen,-4752.0,1,111271.0,0.06859464399985882,1.17501624299166,106519.0,0,10.208681136999985,161803,719,regret_lag05,0
a54cd48b7a15c29b13fbeb38a274d2df98a33853d71fb66f2bb0544008802510,2.2714097180000863,23.092962293002984,0,,finalist_screen,-8628.0,1,101802.0,0.14342182300015338,2.8181016579958396,93174.0,0,28.560219306999898,31415,719,regret_lag05,0
185906f2b745a7b5fb9d7e89efe56d0b847f88435e636642dfcb8b453ad3703d,0.5660676799998328,7.412736381993909,0,,finalist_screen,-6896.0,1,95367.0,0.06592961900014416,1.10464766299674,88471.0,1,9.740426219000256,161803,719,regret_lag05,0
f16e3c421f72f421ea8da2d082df59ab62d998d07f49bb504439842887c44882,0.44253340900013427,7.002079590000449,0,,finalist_screen,2905.0,5,85594.0,0.06183011599978272,1.1658757520026484,88499.0,1,9.313948367999728,1729,719,regret_lag05,1
fff5fdf2d5e78548bafbdde06a1af278282320dcb146028d11614ac1e7c67958,1.0584621419998257,15.021098536001318,0,,finalist_screen,2905.0,5,85594.0,0.1577987289997509,2.324048293996384,88499.0,0,20.001034324000102,1729,719,regret_lag05,1
ad0445bf3ca5476d3425d3946ffcefa3d91fade4f97bbeb35436c1c36f504eec,0.6179500940002072,9.122235187995557,0,,finalist_screen,740.0,5,115741.0,0.056356692999997904,1.2115848099952018,116481.0,0,11.454591269000048,2718,719,regret_lag05,1
c40a76cfdf98c1078560e9fb3ba217d7959a06475bec4e95b7d1689116e18ef2,1.0691614430002119,15.529864948997783,0,,finalist_screen,740.0,5,115741.0,0.1343678349999209,1.9759995539989177,116481.0,1,19.62794965499961,2718,719,regret_lag05,1
aac7613151f778aed5d16e08a0a0224f6489cca09cc209542f3d2a9b85ce11c2,0.8385395880000033,9.381471396000961,0,,finalist_screen,-9761.0,5,111411.0,0.043780382000022655,0.9828106920026585,101650.0,0,11.540174145000037,31415,719,regret_lag05,0
835d3a32c527381e3589376b24faea03657c42771620205321a838cffc1e6597,0.7030631469997388,8.805354005005938,0,,finalist_screen,-9761.0,5,111411.0,0.6396987250000166,1.6022024869935194,101650.0,1,11.526539240000147,31415,719,regret_lag05,0
4405fbc0d79643a491af5d8d783bd58e80372c77042ab45d512510ab90371625,0.899933042000157,10.970200233997275,0,,finalist_screen,-6234.0,5,117994.0,0.06954400799986615,1.1839207700031693,111760.0,0,13.541308890999971,161803,719,regret_lag05,0
66a4353dd42a876afdc95406d09a57fdd576bb648db5cdef8283cf9a5fe500bf,1.7081298819998665,11.589908576997459,0,,finalist_screen,985.0,5,103197.0,0.07674206700039576,1.008711210995898,104182.0,1,13.784936114000175,161803,719,regret_lag05,1
0f948d372d28376c337522348d44202ac658c747505421527b0e4df19a8f2f93,0.23787133500002255,4.163188931001969,0,,g8_acceptance,-25147.0,1,124449.0,0.11164006900003187,0.8513338500006284,99302.0,0,5.932714951999969,2026092402,719,R14_G8,0
17a43c86c3cfc5a0108356792c6f011f2edd571b95fa223196909ed0b90cc8d6,0.40577948199995717,5.042986001002532,0,,g8_acceptance,-11791.0,1,96589.0,0.09459654900001624,0.9544892739993429,84798.0,0,6.948422625000035,2026092401,719,R14_G8,0
408d9a78bce19998efa802fda8e271c356f427ca8167bb8f08c650c3b27a9eca,0.40156437600001027,5.28917632499963,0,,g8_acceptance,-11791.0,1,96589.0,0.11286378599993441,0.9775173680012585,84798.0,1,7.247631523999985,2026092401,719,R14_G8,0
f642c08ae6fefc52768e75e8b97d5e8789b913ca03155f85de89c4a5a6de35fd,0.264393143999996,4.694856304001291,0,,g8_acceptance,-6438.0,1,93626.0,0.04654078099997605,0.7253686799972456,87188.0,1,6.279427009999949,2026092402,719,R14_G8,0
dec38d06d956432031ab731144ebd1061c46e28289e78bae7ec87754cdce374d,0.31145507999997335,4.428989828000795,0,,g8_acceptance,-4816.0,1,129800.0,0.04658930299990516,0.8674277099999017,124984.0,0,6.209917668000003,2026092403,719,R14_G8,0
bc543d1df26e3ff4bc140aae849c2795736224399ebd13788f98ee927c8f29bb,0.28759991499998705,4.410804395999776,0,,g8_acceptance,-5103.0,1,129873.0,0.04941229199994268,0.8631017510004995,124770.0,1,6.172836607000022,2026092403,719,R14_G8,0
2c052a9f43cad3f250773fb64083232773793c6b0ae82bb775779c9afcbe6411,0.2540634599999976,4.247164411001222,0,,g8_acceptance,-42867.0,1,154342.0,0.06917473399994378,0.8731834199978721,111475.0,0,6.033890732000032,2026092405,719,R14_G8,0
4b3f8572fdd87f55e0ab3761101404e5bea1e95ffe36e9dd9b525d4e5900e228,0.26694102700002986,4.735211573997617,0,,g8_acceptance,-23146.0,1,126478.0,0.052766043000019636,0.8313212100008514,103332.0,1,6.441766150000035,2026092404,719,R14_G8,0
ccc139b2da798fc94edb9880e6ce6dce9003e06fe7bd1fdc57c430418455517d,0.6646285620000754,6.286580472001219,0,,g8_acceptance,-14415.0,1,108216.0,0.04371012899991911,0.857716921000474,93801.0,0,8.043448435999949,2026092404,719,R14_G8,0
2a00ecade9bc83a68af5f4d4ecf6f4781f55703d49167dce594da4ba79f4b4e6,0.25848822600005406,4.192032937000249,0,,g8_acceptance,-41947.0,1,155915.0,0.05177134199993816,0.8006790199998477,113968.0,1,5.850533387000041,2026092405,719,R14_G8,0
c712e80ec817da21083959f6d148203082eef5be852abcfe5ba0b465f1dcfb46,0.248120897999911,4.387536809000267,0,,g8_acceptance,-26384.0,1,120533.0,0.04468712300001698,0.8481827850019954,94149.0,0,6.0905204150000145,2026092406,719,R14_G8,0
08834994fd0e8f7be9ad515245db79b78766e3c4175fe3a9992166d189f39c58,0.2623135890000867,4.489563795999402,0,,g8_acceptance,-26384.0,1,120533.0,0.04444904199999655,0.8565945679998777,94149.0,1,6.233223646999932,2026092406,719,R14_G8,0
0b3cad4bfbff5810c4d4e3604e6e2933386fe32ac218f9db3ea505b5c4be2b93,0.3937726340000154,6.048970327000347,0,,g8_acceptance,-10740.0,1,87904.0,0.04517693499997222,0.823247592998996,77164.0,0,7.7978641549999566,2026092407,719,R14_G8,0
a52c23d7c5d222a97d964f17074c0e427a71a78a8fa5c49c708d5e68a834b706,0.41440104800005884,5.903910265997979,0,,g8_acceptance,-10740.0,1,87904.0,0.04502642299996751,0.7907391370023333,77164.0,1,7.60999445799996,2026092407,719,R14_G8,0
df7bc920e505deb456e7675fb6cb4f19f0bff0287a23a41e07eefe2e33c3bc27,0.3119276039999477,5.643206085000315,0,,g8_acceptance,-7589.0,1,88968.0,0.08313257100007831,0.802487936001512,81379.0,0,7.3429838309999695,2026092408,719,R14_G8,0
6ad390a20fd33405cc10c7d4d40b5d35e302d5a550c0095ff3c501cded8fd33e,0.28308051700003034,4.829321878999508,0,,g8_acceptance,-12614.0,2,96412.0,0.05422386500003995,0.9811508139983971,83798.0,0,6.791868409000017,2026092401,719,R14_G8,0
2bb939372d4e1ea6754c00dcb67c21290a250a0151b37a27b11aeaf1c7ffa74d,0.27983061899999484,4.705016705998446,0,,g8_acceptance,-12614.0,2,96412.0,0.05389674199989258,0.9635177710001699,83798.0,1,6.565906057999996,2026092401,719,R14_G8,0
3f41bb0da0bcfcdde3e5cef4ced8e374f265a32d3cad4a723f1b3101d28266d9,0.3518927000000076,5.687447545001078,0,,g8_acceptance,-7589.0,1,88968.0,0.05034585999999308,0.8200627080005916,81379.0,1,7.435710565000022,2026092408,719,R14_G8,0
9f26eb913b83934f1fea4b3aec3e58f9b327c02a0f41e4bd1af2bcad9e788ab4,0.2524891169999819,4.23356496100098,0,,g8_acceptance,-25294.0,2,124596.0,0.047473897000031684,0.9218995470006348,99302.0,0,6.038391412999999,2026092402,719,R14_G8,0
5389fe2bbacc4f801861db13b088450030ac20ea03975b544dfba4ae428c4d6b,0.28846776700004284,4.586401902999,0,,g8_acceptance,-4891.0,2,129875.0,0.06245656199996574,1.0504300249987182,124984.0,0,6.599457494000035,2026092403,719,R14_G8,0
59ff1d4d3728217d911430918469693239b26b60ce39b3523676711f1c662278,0.33683244599990303,5.112914431998661,0,,g8_acceptance,-6102.0,2,93920.0,0.05564211899991278,0.9694138989984822,87818.0,1,7.038173346999997,2026092402,719,R14_G8,0
3ca0beabf0fb75ae1ca81351c143d07d5899a3b37c02b3a243e210c812103be5,0.3315111599999909,4.705476774999852,0,,g8_acceptance,-5178.0,2,129948.0,0.047317913000028966,0.9912676789991792,124770.0,1,6.62602774100003,2026092403,719,R14_G8,0
287b5592d153cdb2500b82b513b6ee3e0c4a38944294e41234ff9c966c4f8f21,0.2506325110000489,4.668360335001921,0,,g8_acceptance,-22832.0,2,126175.0,0.052152853999928084,0.9770226100029049,103343.0,1,6.522281905999989,2026092404,719,R14_G8,0
e0ce6a4fb4fbc1168d35edd7f5a80b347eb1d4eb1301cdc74bacf3849ccd7092,0.2534423399999923,5.129139379999401,0,,g8_acceptance,-15752.0,2,109323.0,0.062238036999929136,1.0037955499996087,93571.0,0,7.022680457000092,2026092404,719,R14_G8,0
6e0e9d85b64ea8e29b6c1905cf12658d2ed2fab6dfac1ba9f2d947be948e1318,0.2531729490000316,4.3715073050001365,0,,g8_acceptance,-43010.0,2,154479.0,0.04405418599992572,0.9887766259984119,111469.0,0,6.246399722999968,2026092405,719,R14_G8,0
9445b16d6e27f36d7bb5741291c521a96a170c667936b9b262d50ab3aa8604d3,0.3602341589999014,4.533382357002438,0,,g8_acceptance,-42046.0,2,156008.0,0.06751389800001562,1.0271404339977153,113962.0,1,6.4920338879999235,2026092405,719,R14_G8,0
3f49bbc9894be661b2474c80dc4dfcb7b1d27c23d333c2500269135985d16183,0.37537600599989673,4.776520980000441,0,,g8_acceptance,-26767.0,2,121278.0,0.07785708699998395,1.0921052569962058,94511.0,0,6.798055350000141,2026092406,719,R14_G8,0
e7f922fc85001619321f6f0ea58c7ccf24a0aa1a004d0a964d9f461bad72496d,0.27390820699997676,4.528169015001822,0,,g8_acceptance,-26767.0,2,121278.0,0.5029903469999226,1.4513945479991435,94511.0,1,6.846484881999913,2026092406,719,R14_G8,0
9d97a9cf129604b49968b871cf8077973066fe99c807f78d42d02ea5caf3daec,0.3845422909998888,5.43375704799837,0,,g8_acceptance,-10629.0,2,87805.0,0.5360587619998114,1.426721438000186,77176.0,0,7.741639268999961,2026092407,719,R14_G8,0
396f7f78bf16d111698fa77b24b5501eb1a9f5798c886c1e72a6b541444636f7,0.41720362499995645,5.8068789730009485,0,,g8_acceptance,-10629.0,2,87805.0,0.5140657520000786,1.4897797300045568,77176.0,1,8.248042275999978,2026092407,719,R14_G8,0
e813cec44b3de0afee8693b70c18fc17aa02b677dab45978f3e0ab1831e2f355,0.6985646840000754,6.40855317400019,0,,g8_acceptance,-7214.0,2,89204.0,0.042888873999800126,0.8882261300022947,81990.0,0,8.190162950000058,2026092408,719,R14_G8,0
1d2c3ad8e101fa80242a877846e62be5cec44b65b045a9e1cd4920d11923118a,0.38667582499999753,5.251652657998989,0,,geese_combo,1575.0,1,121121.0,0.04663573599998472,0.7275326139994149,122696.0,1,6.855855292000001,1729,719,g8_lag05,1
3a78f5b67a55a817649fe2f7b328d1dc79bdbde984563bad77f79b03adf95df4,0.7143198329999905,6.062275157998442,0,,geese_combo,-895.0,1,122042.0,0.06054953500006377,0.7878490409996175,121147.0,0,7.760598533000007,1729,719,g8_lag05,0
5ff79c7a968c01e5a41195f84688290903ef225ce7ef9f17dc7046001658371c,0.3817119829999456,6.186909904002505,0,,geese_combo,-13092.0,1,100549.0,0.1345352890000413,0.9395537350015957,87457.0,0,8.02923505199999,2718,719,g8_lag05,0
20795ae5baf4120d5b23a5695e5df1fbc0b7f8626a0ebba780d5e7c0cb3f146f,0.49512650300005134,5.094057720000023,0,,geese_combo,-3148.0,1,113171.0,0.053715734999968845,0.8695106850019556,110023.0,1,6.925656029000038,31415,719,g8_lag05,0
74aee040880f1e2aaf0a014ec2da1cd7433925c330150da2ab31f3f21ad822e0,0.34428964799997175,5.191973279999388,0,,geese_combo,14068.0,1,126004.0,0.04495942199991987,0.9480171589992779,140072.0,0,7.252982871000086,31415,719,g8_lag05,1
d2cb2d5a934f6aba8a0903610c9d4633c0b24e8c4ffbdf6b6ae1f8718aefca8c,0.4123040450000417,6.5927043299997194,0,,geese_combo,-13092.0,1,100549.0,0.16871310800001993,1.0482656799986216,87457.0,1,8.588738722000016,2718,719,g8_lag05,0
4bedc3c3e8041edcb566bd6114f14c2ee3a7e051f07621056369169cb3c2a0a4,0.25104222400000253,4.235490354999683,0,,geese_combo,-27477.0,1,123472.0,0.04522860600002332,0.8755924830005597,95995.0,1,5.976693318999992,161803,719,g8_lag05,0
ac986c1088b35d4f0a72f86632c1452c6927e3bdee1a5b5182c80fbe79edc451,0.277261306000014,4.3132582469996805,0,,geese_combo,-3077.0,1,125968.0,0.04334497399997872,0.8971629129983967,122891.0,0,6.093814150000071,161803,719,g8_lag05,0
6270e7e089c0d73e4efcbbddfff3feb3428675ea4626222590f22bd163d24c37,0.8012907730000052,5.372820865000563,0,,geese_combo,-8237.0,5,106325.0,0.04202624699996704,0.6861750180000854,98088.0,0,6.923620731000028,1729,719,g8_lag05,0
0fa885828ad36b538189d660a685b561df4a2a608ac3d4a487f0c2b32b565212,0.7763034990000506,5.779938300998992,0,,geese_combo,-8237.0,5,106325.0,0.060152416000050835,0.696704132999912,98088.0,1,7.382637728999953,1729,719,g8_lag05,0
ca847beb0d756681a35bb2142a1a103f7a6adfc0a072821f1e095881616c1f63,0.42243925499997204,6.2217478909993815,0,,geese_combo,-12746.0,5,87345.0,0.04707007700005761,0.7218743259981011,74599.0,0,7.829417994999972,2718,719,g8_lag05,0
445aa703c54b85c172d3dfae0340ef686bffa194d75c422032effdb6c14292d1,0.4527094909999505,6.329210839000666,0,,geese_combo,-12746.0,5,87345.0,0.042585381999970195,0.7058117629992466,74599.0,1,7.913108219000037,2718,719,g8_lag05,0
414d89865979941763d38ddf49f2e87a97a589c73637f49994cd164e84629707,0.2827302209999516,4.34687634699992,0,,geese_combo,-2033.0,5,108252.0,0.043895038999949065,0.7588890279987481,106219.0,0,5.96325144299999,161803,719,g8_lag05,0
34e53f8708050f03085abe6cf53aa4e4fc7d046efbfe06f6c8cfb64321b179d8,0.4168665330000749,6.674367348001283,0,,geese_combo,4869.0,5,113585.0,0.04554300199993122,0.7511082340016628,118454.0,0,8.341869601999974,31415,719,g8_lag05,1
ac712ddc24fdd8d6b81cc0a82c9c42e5a3b405e80ddadce2be75c07e4785dfb2,0.3762838869999996,6.609895688999927,0,,geese_combo,4869.0,5,113585.0,0.04322774299998855,0.7314355999999407,118454.0,1,8.228318012000045,31415,719,g8_lag05,1
449256073d0ec5acccfa00c70fd4d1081b0d5845a904fd818db7e375f4c351d4,0.2563950520000162,4.7196958919977305,0,,geese_combo,-10171.0,5,128474.0,0.04390564400000585,0.8402997869992532,118303.0,1,6.535057576000099,161803,719,g8_lag05,0
0b5ff6d04c8b77ff46eb2c61cb9d5bd9886fd596c8f1ae419c98ff74c0f98399,0.746871216000045,6.263607064000439,0,,geese_combo,-5430.0,1,126963.0,0.045049163000044246,0.8121686339992493,121533.0,0,8.028942248000021,1729,719,g8_lag025,0
c4130f9232557b0d5505255001b37d7336be5c334411c0d7c5ee01523c0101d8,0.9119062050000366,6.2005034120005575,0,,geese_combo,-5430.0,1,126963.0,0.05111193799996272,0.8139943520002362,121533.0,1,7.960309110000026,1729,719,g8_lag025,0
1f5667f82eb20da6ef573a68402ec48d1c7837e6414be613e59f3be8be5dae1d,0.3600186769999709,4.828865366999366,0,,geese_combo,-9476.0,1,116552.0,0.04773533200000202,0.9499367080003367,107076.0,0,6.681530057000032,2718,719,g8_lag025,0
0f465cbe8db826e2440b986b1dc9a5d23d0b87618084d0aea5828982153e046e,0.2980139449999797,4.713939156998094,0,,geese_combo,-9476.0,1,116552.0,0.048472865000007914,0.9842505309991338,107076.0,1,6.734393591999947,2718,719,g8_lag025,0
e81a2efb432c5ec2cfc6da186a7a60d9c3e12fea4091972510a5a115bf3307bc,0.3441781860000219,4.883042968002314,0,,geese_combo,-15675.0,1,125840.0,0.05057268300004125,0.9690573619999441,110165.0,0,6.845834237000076,31415,719,g8_lag025,0
3ca4ae19733323020870b7c0aec3177eed02166d86d3176ad99d339df1d3b6eb,0.8170412650000571,6.149627286000282,0,,geese_combo,-4750.0,1,139017.0,0.04276510199997574,0.8845843720014273,134267.0,1,7.994032801000003,31415,719,g8_lag025,0
77f7d017d6b6fd325516735b5682396a8858dfa4ed4744d7f9a680749df8c0bb,0.26512291000005916,4.20713591700121,0,,geese_combo,-14563.0,1,123346.0,0.04511703899993336,0.9808607209980664,108783.0,1,6.146686617,161803,719,g8_lag025,0
b57a448f4313be398db2bf3bdb8f46d83140f8fc0f983eb3b314a67567b3ac1c,0.454187098000034,5.12107283499904,0,,geese_combo,-10213.0,1,105327.0,0.04730155599997943,0.9098066579996384,95114.0,0,6.931463963000056,161803,719,g8_lag025,0
92826006c7688a402c7c93f2eba55c4c544c0bd9a5a00be221aa62292e14b3e1,0.6095327289999659,5.095757717998367,0,,geese_combo,-9990.0,5,133659.0,0.049643258999935824,0.6724120109996647,123669.0,0,6.623549549999893,1729,719,g8_lag025,0
6844658654a7ae41d4d44f84844c2a2709e5a4009314f42f4dc8c71488b56f12,0.6213732049999408,5.10359443600214,0,,geese_combo,-9990.0,5,133659.0,0.046080546999974104,0.6535236149991306,123669.0,1,6.587978736999958,1729,719,g8_lag025,0
4883bb1a1f0961f8c2644034de4b3037c501619d52a74035e7898a9ae1750164,0.4518322950000311,6.826375013001098,0,,geese_combo,-17532.0,5,105839.0,0.04534111700002086,0.6955298510002876,88307.0,0,8.36821570799998,2718,719,g8_lag025,0
5101850e736d129611e42a48d11ac366349eff39cca5f2123ac0324975b861eb,0.8047651500000939,4.860682284999484,0,,geese_combo,-19575.0,5,118103.0,0.06064121299993985,0.7112014239983182,98528.0,0,6.396610301999999,31415,719,g8_lag025,0
4dee98606c03e0b46fe741967650d4a20e275c12d994a6ffd35d6cafcfc8b814,0.4560313079999787,7.195107883001128,0,,geese_combo,-17532.0,5,105839.0,0.04777903699994113,0.7294072290012537,88307.0,1,8.810123597000029,2718,719,g8_lag025,0
73c36c6bb323bbf4168e38a396dae99f4204c9e15ca6e055a3130aa78059573d,0.8750342619999856,5.120645125998635,0,,geese_combo,-19575.0,5,118103.0,0.06397040399997422,0.7819215050000139,98528.0,1,6.838415388000044,31415,719,g8_lag025,0
28c53b99d2742fdad821e451d9517c8070a0e09287f574d436454e99aacb1f70,0.4820305770000459,5.671757829002104,0,,geese_combo,6470.0,5,95264.0,0.4695942810000133,1.2609504860018887,101734.0,0,7.855514293000056,161803,719,g8_lag025,1
119bef19f9698597fd6c80028dcfba2594f2ebbc1644a95d0448332e154645dc,0.43589852200000223,4.842013105000433,0,,geese_combo,-5867.0,5,102068.0,0.06478492600001573,0.7539379979999694,96201.0,1,6.4649131580000585,161803,719,g8_lag025,0
b8242a89cfd3f2e27985162d169b01826333731528af13caba30879c2543a622,0.2658757480000986,4.137944288000767,0,,geese_combo,-13043.0,1,127089.0,0.05766422799990778,0.8078580799998463,114046.0,0,5.810136811999996,1729,719,g8_comp1,0
39ac0f7d6907ccd435bb1bbc2b34e51009a46dfcf4252ff0b19415b0cd68dddd,0.346291729000086,4.45160741400025,0,,geese_combo,-13043.0,1,127089.0,0.04197733600005904,0.8141440889999103,114046.0,1,6.163085013999989,1729,719,g8_comp1,0
32c40ac70f0e79badeae7c683da5152f79e57102dbe94343a40bfb8b35f43543,0.2728669330000457,3.992661820998819,0,,geese_combo,-22345.0,1,148695.0,0.5791656430000103,1.4401629989997673,126350.0,0,6.321211453999922,2718,719,g8_comp1,0
c4d7130f7e19dd9fda87e1da6e96c076d6be6e5b0f9eda81eefb54fb09a95dc2,0.2588663749999114,4.058805768001321,0,,geese_combo,-22345.0,1,148695.0,0.05292077500007508,0.9067420550009047,126350.0,1,6.430631161000065,2718,719,g8_comp1,0
c96bb83e4138911ba5a16c8699764460b0015bf2716bb2a433661365154c7a91,0.30559350200007884,4.407677564001688,0,,geese_combo,-17072.0,1,135751.0,0.060148357999992186,0.8608344869990106,118679.0,0,6.179347085000018,31415,719,g8_comp1,0
d2f899679a060d7f56a87b79c3c5992b5bef6efb3ce2d65a192e5372ac674ae6,0.25286374299992076,4.189500633001444,0,,geese_combo,-18087.0,1,142933.0,0.044736619999980576,0.8801574709993929,124846.0,1,5.950205761999996,31415,719,g8_comp1,0
987d8007c60cb276cd28f4de9d4b729cb29a2be88a6e97092469f29f8226717a,0.24533718899999712,4.084880021000345,0,,geese_combo,-18607.0,1,119956.0,0.0432214910000539,0.9083764119981197,101349.0,0,5.875358237,161803,719,g8_comp1,0
afbc9d27ee6f9779f673ca6f344ccdd90e8f187815c9118cd825873999da3e7e,0.28247791600006167,4.3755338960012296,0,,geese_combo,-20511.0,5,117671.0,0.04927944700000353,0.7189184649988647,97160.0,0,5.999761136000075,1729,719,g8_comp1,0
e3a8b804f3eb0d1628226b6d7f275fba0bc4ac0e8e94e4646139dc621305d17a,0.29245177500001773,4.667742523999323,0,,geese_combo,-20511.0,5,117671.0,0.06120460699992236,0.7690694300006271,97160.0,1,6.373449968000045,1729,719,g8_comp1,0
b55c34f7fa6f9efe616db5f1dd0bfb478f181cd13b96deed8c5115885c1126ab,0.42987988799995946,4.907341178000593,0,,geese_combo,-3000.0,1,105133.0,0.0702387160000626,0.9955247239978462,102133.0,1,6.87260187600009,161803,719,g8_comp1,0
cf415452993e2b6eb326b30786fb541deab664d88a6ba71a8c1bc64e125b350f,0.24473555699989902,4.485636904001922,0,,geese_combo,-14230.0,5,155597.0,0.06284683199999108,0.801759122000476,141367.0,0,6.211992530999964,2718,719,g8_comp1,0
5c2822a5699487fad29c39f38907325f35dc34f830fc2375d9ea3e4bcc865251,0.24452727599998525,4.382428282001115,0,,geese_combo,-14230.0,5,155597.0,0.0679314640000257,0.8011164640006427,141367.0,1,6.100355173000025,2718,719,g8_comp1,0
1b14caba378a7394f5b3a1acdb6f177fdd0e1771fb061673195b3ca1445d2d9c,0.8110870639999348,6.450656933999426,0,,geese_combo,9753.0,5,127557.0,0.07328495799993107,0.8133034100005716,137310.0,0,8.287980472999948,31415,719,g8_comp1,1
01029617ca426a9f548f510af0cb839beb1c8e7e45a9a939a6a3507858c64a7f,0.22700347799991505,3.8545397089982316,0,,geese_combo,-17852.0,5,134546.0,0.044181295000043974,0.7505533399985325,116694.0,0,5.462597865000021,161803,719,g8_comp1,0
ce09aac8acf03486b6f94718a9b2f325d922fb96c1320b35867b24ecd595f343,0.8050449220000928,6.147185757000102,0,,geese_combo,9753.0,5,127557.0,0.04550464099997953,0.7404717960014295,137310.0,1,7.822929012000031,31415,719,g8_comp1,1
0646e33b30defe4e92b3f9da21aebd2356f6bf7d7fa63d3021e2047431ab8456,0.22515976500005763,3.8788701780018755,0,,geese_combo,-17852.0,5,134546.0,0.05347273099994254,0.7592993569988948,116694.0,1,5.508357844999978,161803,719,g8_comp1,0
44c790bd0b23673dcedb0d824e961b6f7f69179f4d836b4cdc10cc475b47e05f,1.1188100680001298,7.993668066005739,0,,holdout,987.0,1,116034.0,0.10605049200012218,1.09386785599645,117021.0,1,10.353573116999996,9876501,719,R13_HOLDOUT,1
488ece5f3b40c6b761a580165d3935f6382e60d1d355053f25bbcd33f065e812,1.3592451680001432,8.873368791002576,0,,holdout,987.0,1,116034.0,0.10168307300000379,1.4333541699934358,117021.0,0,11.638144848000138,9876501,719,R13_HOLDOUT,1
0122d61269429769a3c0f05ff5f28a0f58f544b4f908fbfd7e9b679c84067269,0.6738151139998081,6.652832972004035,0,,holdout,-7279.0,1,84815.0,0.06029909500011854,1.1758848230024341,77536.0,0,8.925907451000057,9876502,719,R13_HOLDOUT,0
0b265e684c561e9b46493b0c936cb4576e10726051b7c9633c57878946592f30,0.5968628080004237,7.005344917996354,0,,holdout,-7279.0,1,84815.0,0.07181987800004208,1.0723799169991253,77536.0,1,9.333015392000107,9876502,719,R13_HOLDOUT,0
e2f42279a93d4705279d36dcdfa61a08bb0724b580a534bef155d5c902e5f595,0.3145577269997375,5.1400315780010715,0,,holdout,-2422.0,1,114215.0,0.05357994200039684,0.9443332170067151,111793.0,0,7.041261258999839,9876503,719,R13_HOLDOUT,0
9f6f9c3b56722852ca0c3fb5ffdca2bc4059991852d65f4cf93727246fe3e977,0.3367397639999581,4.762431097002718,0,,holdout,-2422.0,1,114215.0,0.06296316900034071,0.9194474579935559,111793.0,1,6.567768179999803,9876503,719,R13_HOLDOUT,0
c0093bd9003c942887b1b2a8a2e7414151b0e46705859983d0785eb5ddb7cf16,0.41274641500012876,5.177758095998797,0,,holdout,-9968.0,1,129260.0,0.04449029800025528,0.7474959389960532,119292.0,0,6.808279016000142,9876504,719,R13_HOLDOUT,0
b8f5540995392e8684dffd7b68a1c16e2c5eacbaae93fb6a5dbfe168501a54d2,0.4076746959999582,5.102333704001467,0,,holdout,-9968.0,1,129260.0,0.05606414000021687,0.7518300859933333,119292.0,1,6.733587725000234,9876504,719,R13_HOLDOUT,0
b50804be34e4f1be31c3b005bea6e37ae3d19f69c7caefb5f964ecb15e36fd96,0.6741751669997029,6.278284248001,0,,holdout,-5547.0,5,102526.0,0.04536351100023239,0.7891475260121297,96979.0,0,7.944889433999833,9876501,719,R13_HOLDOUT,0
f2f2ab7767dace3747a3325abd85efcf9d6c227c9a6c2db125bfb6a30abaa21b,0.6384300070003519,6.198872365992884,0,,holdout,-5547.0,5,102526.0,0.04565371900025639,0.7990968329986572,96979.0,1,7.870091595000304,9876501,719,R13_HOLDOUT,0
b4bcee21b31d1b7d97c9b33f7ff39ceb8739081b72486f615914aefe81e3c242,0.5688983420000113,5.352987368997219,0,,holdout,-11175.0,5,93833.0,0.04358777800007374,0.7730923750036709,82658.0,0,7.003356867000093,9876502,719,R13_HOLDOUT,0
6018fb00b9bf6e3fa18fa9f94720e0db7bc8623657da21419ac09b0e7e86561f,0.584791197999948,5.281459958999676,0,,holdout,-11175.0,5,93833.0,0.04349535300025309,0.7173332579977796,82658.0,1,6.858359084999847,9876502,719,R13_HOLDOUT,0
130427e009e2403870e2d01a1f7806f1f08a844113167d924a689b7f30937feb,0.21657095199998366,3.926223725005457,0,,holdout,3257.0,5,117017.0,0.044015529999796854,0.7783550759991158,120274.0,0,5.537235405000047,9876503,719,R13_HOLDOUT,1
9b0282fa265e419dd5eb437c5f3a6988d4968a58b6e2ffece316ce32cd760588,0.21564412999987326,3.902824862997477,0,,holdout,3257.0,5,117017.0,0.04603578300020672,0.7708095620027962,120274.0,1,5.502604418999908,9876503,719,R13_HOLDOUT,1
f781219f10db9377e6580d7ed2fadbd0458b9f5d20f77cc3a5937ce56468753a,1.0319123070003116,6.320765020994713,0,,holdout,14724.0,5,128425.0,0.04351443300038227,0.6521825199993145,143149.0,0,7.846858825999789,9876504,719,R13_HOLDOUT,1
ecfc0caa791e6ada68e9cce0d1863a3863474918623b28f2b5529798edd5219c,1.0188689629999317,6.360765215996253,0,,holdout,14724.0,5,128425.0,0.04243564700027491,0.6521495440097169,143149.0,1,7.901286949000223,9876504,719,R13_HOLDOUT,1
1d90f69ee910f6926e6d08d4cb84f852ed2afb25fe179eb1d79c365500b1f8b8,0.3719841570000426,4.954800206002801,0,,holdout,-9017.0,1,99123.0,0.04462372499983758,0.8321241420085244,90106.0,0,6.674238053999943,9876501,719,R14_LAG05_HOLDOUT,0
0f0ec44372128c0efa1032a6e14156fa5442a2196c7e902e37d9d94ea0629c72,0.3566902550001032,5.007274713992956,0,,holdout,-9017.0,1,99123.0,0.044513516000279196,0.8710209739933816,90106.0,1,6.79602849999992,9876501,719,R14_LAG05_HOLDOUT,0
e60a744e83cb31f6895ad58b9530f8e3838db90b70658bcb1e1dea47f42e5361,0.3031546099996376,4.723644130001048,0,,holdout,-12008.0,1,99525.0,0.04302725399975316,0.8739096830036033,87517.0,0,6.461595008000131,9876502,719,R14_LAG05_HOLDOUT,0
12523005816f90f2cf44355c1df1da95d7ea00b4d8c771f36866d1c212cc7674,0.28875645300013275,4.768107595990841,0,,holdout,-12008.0,1,99525.0,0.04604646399957346,0.881232753000404,87517.0,1,6.510071999000047,9876502,719,R14_LAG05_HOLDOUT,0
7d6bc0c70effa72cb42519b1ec13886f812b7c6df92b22ebe723f6ddcae78d60,0.23366913700010628,3.9406060779974723,0,,holdout,-7461.0,1,118767.0,0.044353186000080314,0.8948233130099652,111306.0,0,6.0784002210002654,9876503,719,R14_LAG05_HOLDOUT,0
d7a0ef98cbf0958e7aac50d0e960563816848b06fdd37033a1ed58537eab6366,0.23481855299996823,4.078074821006339,0,,holdout,-7461.0,1,118767.0,0.04606923099981941,0.9234676090050016,111306.0,1,6.27372074799996,9876503,719,R14_LAG05_HOLDOUT,0
7c3abc04bf55e0aac4606d63846bbad4a2a33600d7cc3d4bf0e5c57f63e8573c,0.3262013879998449,5.452839219999532,0,,holdout,-415.0,1,129737.0,0.044024566000189225,0.736572830993282,129322.0,0,7.038718469000287,9876504,719,R14_LAG05_HOLDOUT,0
1f6b2b3cc1620fd22ea90f31cda1fafee3c8f3a9ea0f93d06e57c63320dbf1c1,0.3214501930001461,5.549668341000597,0,,holdout,-415.0,1,129737.0,0.04414907399996082,0.7539800380004635,129322.0,1,7.186507394000273,9876504,719,R14_LAG05_HOLDOUT,0
b119cbf3814e110f71802cf21c93ec69f3ee01a9ae0d75421218b8f3333a10fe,0.25019832499992845,4.355892975003826,0,,holdout,2826.0,5,96112.0,0.050721220000014,0.792204358993331,98938.0,0,5.989587777999986,9876501,719,R14_LAG05_HOLDOUT,1
1f17ceeaef35efb488d9e60e17658df8fd0f00c2e55d11e19dea02f414ce83b9,0.24515279300021575,4.2997233569972195,0,,holdout,4087.0,5,95581.0,0.056032473999948706,0.7876579680041687,99668.0,1,5.931918748000044,9876501,719,R14_LAG05_HOLDOUT,1
5f1fc5865df51ef279385bbf8de876b5b958e081d6947fba6258cfa4c56aacb0,0.2920880169999691,4.887684652989265,0,,holdout,-1543.0,5,108263.0,0.042980381999768724,0.7153394840070177,106720.0,0,6.517150833999949,9876502,719,R14_LAG05_HOLDOUT,0
c591e82a786240f0afc4c229d62ed52fc13177d7e9e7ab3ad9d4bc483d4f7752,0.2913655199999994,5.0298966610002935,0,,holdout,-1543.0,5,108263.0,0.043518467000012606,0.7410841250052727,106720.0,1,6.709366166000109,9876502,719,R14_LAG05_HOLDOUT,0
e888accdaa201da8ea3bd5265bbb8d28c67effad357f0bca1a0cbbca603bd1a1,0.3587921150001421,4.664676497004166,0,,holdout,11960.0,5,133820.0,0.052471150000201305,0.7181940649998069,145780.0,0,6.256656367000232,9876503,719,R14_LAG05_HOLDOUT,1
8c6034ae5d22d83873d2f794ee1d2e189f28bac429a41cb2e9cb027a0f079b14,0.3716525760000877,4.792203118998714,0,,holdout,11960.0,5,133820.0,0.05105947600031868,0.7282109480006511,145780.0,1,6.409461199999896,9876503,719,R14_LAG05_HOLDOUT,1
10472ec0a858087d3edee173c4ae2a0d009b7d3360258a604300ecf33ccd08db,0.29727460899994185,5.139427038004669,0,,holdout,-5919.0,5,106126.0,0.044422404000215465,0.751756510998348,100207.0,0,6.745351984000081,9876504,719,R14_LAG05_HOLDOUT,0
e0ff128bfe6bd89908f21491a5a37a7ca78686f805d62d657745ca7325c671c4,0.3127256249999846,5.269328096999743,0,,holdout,-5919.0,5,106126.0,0.0457958819997657,0.7548640920003891,100207.0,1,6.919747610999821,9876504,719,R14_LAG05_HOLDOUT,0
ecf9242118313079d192f68699bd00c1e6b5b5f244dbc1cbfc6ced8db4100032,0.2825555000001714,4.2241756749999695,0,,lag05_acceptance,-6717.0,1,90476.0,0.046778379999977915,0.73059054600526,83759.0,0,5.834730385000057,2026092401,719,R14_LAG05,0
4ab336815afd1fbf98fa7ec551541d9aef3c247ce684fc3316736248f01c1434,0.2731618550001258,4.290058704003513,0,,lag05_acceptance,-8814.0,1,94727.0,0.048249242000110826,0.7434921049975856,85913.0,1,5.949334227999998,2026092401,719,R14_LAG05,0
2dce68772b32130c54b580c528426f7f948e328369c08c245772f58eba9952a6,0.30447603099992193,4.5769708540019565,0,,lag05_acceptance,5815.0,1,93019.0,0.11442162899993491,0.8001913150019391,98834.0,0,6.258662707999974,2026092402,719,R14_LAG05,1
52ba0e92d43fcdb256d2478a7a9f1f49077c95446c5cce91aa9fe8aacaff0387,0.28413442700002634,4.14538894599832,0,,lag05_acceptance,4616.0,1,111677.0,0.09444549099998767,0.9375358120021247,116293.0,0,5.9871412549998695,2026092403,719,R14_LAG05,1
f824355de5c242feef642fa2f275786e307bcca475360dceaa7cd1072be847f3,0.3150461689999702,4.112859039001023,0,,lag05_acceptance,4616.0,1,111677.0,0.04355858700000681,0.8014684289998968,116293.0,1,5.810040743999934,2026092403,719,R14_LAG05,1
71689df4b21da4984acd27a15695c8c8f52bf33eecedd4674f136d0ca6f0137c,0.2827833460000875,4.506819200000336,0,,lag05_acceptance,5815.0,1,93019.0,0.14076294900019093,0.8768379039975116,98834.0,1,6.2538852979998865,2026092402,719,R14_LAG05,1
f4ad5b15519849d3ff4d7a15bcdd177471c00706c7e54a9e26db21330b206734,0.23103403799996158,4.052792924996311,0,,lag05_acceptance,7017.0,1,133153.0,0.045814919999884296,0.8953964060012822,140170.0,0,5.833443167000041,2026092404,719,R14_LAG05,1
b69fd8b68a303e0f13e2ea333a730303d8ca7c1b85ce7d10b7eb978cfede8a8a,0.2557215350000206,4.450703744002794,0,,lag05_acceptance,1233.0,1,138468.0,0.05191729300008774,0.8648844879996886,139701.0,1,6.185754348000046,2026092404,719,R14_LAG05,1
6623daef29c12b0a85bf824bf274dd9942032a9546ee802bf230d0e5e0696d6d,0.343285571000024,4.85388439999997,0,,lag05_acceptance,-9236.0,1,79368.0,0.04216241499989337,0.7669490429948382,70132.0,0,6.507234470999947,2026092405,719,R14_LAG05,0
4685dc43a68914492e2d14036483d90737229efb202d4f355f3bce9f8c1c6e62,0.36613478899994334,4.894458488999362,0,,lag05_acceptance,-9236.0,1,79368.0,0.044108578000077614,0.7617262410008152,70132.0,1,6.537206895999816,2026092405,719,R14_LAG05,0
c92698035977d92c58a628705716d1a4f1ef99131838fbdaa3cc03761675149e,0.3184081320000587,5.000862131002123,0,,lag05_acceptance,1989.0,1,81157.0,0.05016461199988953,0.8470618249980362,83146.0,0,6.797331323000208,2026092406,719,R14_LAG05,1
4b1eaecd2ebd0e66c82c8180c2c2fcf21b3c98027d01b1a598fd37c9bdc450d9,0.3147804420000284,5.076050959999975,0,,lag05_acceptance,2052.0,1,81163.0,0.04494061699983831,0.829702729003202,83215.0,1,6.8232227930000136,2026092406,719,R14_LAG05,1
c6f1ed9884117e66bab5e53dab49b5085341c9c4cbed780a1ec8c2d487e5266f,0.2985990279998987,4.441336529005184,0,,lag05_acceptance,-9409.0,1,78941.0,0.04822792799996023,0.8618625140009044,69532.0,0,6.2003257280000525,2026092408,719,R14_LAG05,0
7ec820b2d5fc9e4f95a56b770cc675170baf1cd58740d753950fd03611b06ff5,0.5098103380000794,6.373713297996346,0,,lag05_acceptance,12699.0,1,72767.0,0.05982231899997714,0.8673063509997974,85466.0,0,8.09330359799992,2026092407,719,R14_LAG05,1
d2020e37a250438a68eff72288e63eeaa7a32fb5dcdfeddb814a96051d95070c,0.5577573090001806,6.500462983000489,0,,lag05_acceptance,12699.0,1,72767.0,0.05369886099992982,0.8995501019951462,85466.0,1,8.31881290199999,2026092407,719,R14_LAG05,1
37a711d470fe5acd6753fa9d131f7d79d9ba43c00d2f87db02087fda05db3160,0.3309808650001287,4.674940981996997,0,,lag05_acceptance,-9409.0,1,78941.0,0.04675536799982183,0.8488956630012581,69532.0,1,6.427221048999854,2026092408,719,R14_LAG05,0
8a0d5d2b18b74f24e77a2216123f0b7d30c8e318ae2fcc84b7a289f5ec40b403,0.2991643540001405,4.296101636003186,0,,lag05_acceptance,-7087.0,2,90799.0,0.04269640600000457,0.87165473599498,83712.0,0,6.026079270000082,2026092401,719,R14_LAG05,0
67e7469a3cb08ce1fd488b850a44f4f3e070399a82837f0b9cb9b91f6da0e2c3,0.276131143999919,4.432337131000395,0,,lag05_acceptance,-8909.0,2,94791.0,0.04517783000005693,0.9349226360002376,85882.0,1,6.283540385999913,2026092401,719,R14_LAG05,0
15f84ec03bc5ffef18ba244be65162fb411e48d978ca1169a8eb1b753d51727f,0.290401103000022,4.749825846002523,0,,lag05_acceptance,5630.0,2,93217.0,0.05348326800003633,0.9431611049978983,98847.0,0,6.609489914000051,2026092402,719,R14_LAG05,1
e764145843bd20f1e8767d44de8debb83a627a582679c4fe19962fe411cb98c5,0.2906149580001056,4.709154368996678,0,,lag05_acceptance,5630.0,2,93217.0,0.0542085639999641,0.9528604569984509,98847.0,1,6.576074253999877,2026092402,719,R14_LAG05,1
8461822fddeb80aa432f1145ed9b5980d64427a7f69535720d52a7fb51c7c6c5,0.31145951700000296,4.268916018999107,0,,lag05_acceptance,4067.0,2,111975.0,0.04538427700003922,0.9735943110015342,116042.0,0,6.166323211999952,2026092403,719,R14_LAG05,1
b4303b81fa1f21faccc6bf2791beb6f6cd2302e73829d4cd8b4058f958201cac,0.36928186500017546,4.420260432999612,0,,lag05_acceptance,4067.0,2,111975.0,0.051408010999921316,1.00233471300362,116042.0,1,6.3752991849999034,2026092403,719,R14_LAG05,1
f6502cb4a6db911001f6b9f4ceb28966d7c25b4048eec2907015c44ba0088c91,0.26035467999986395,4.253395587997829,0,,lag05_acceptance,7007.0,2,133132.0,0.06496678400003475,1.1201739859993722,140139.0,0,6.336833434000027,2026092404,719,R14_LAG05,1
40884d0a3394539f4e49ee0c32d9f1cdda169ec5dcc264e194cc4b7d5ef804a4,0.36632919499993477,4.765416347006976,0,,lag05_acceptance,1141.0,2,138552.0,0.05622185099991839,1.0816656009992585,139693.0,1,6.8020002350001505,2026092404,719,R14_LAG05,1
528aec269e5144f664dc319adb25fba66ff343af590ed9ac8feba883a4f0287a,0.3717777340000339,5.730360304999294,0,,lag05_acceptance,-8903.0,2,79210.0,0.06076866099988365,1.0514528880019043,70307.0,0,7.864011185999971,2026092405,719,R14_LAG05,0
76ef4f048e7403ad6678883d8fb6ddc6158715098ff1b9e531777df24360515d,0.3864118110000163,6.020828027998277,0,,lag05_acceptance,-8903.0,2,79210.0,0.06252965199996652,1.141120173002264,70307.0,1,8.29735262700001,2026092405,719,R14_LAG05,0
51ef9c209888e22243e6444a7c23e4ce6fd0f63c9eaa95267f15c110e11e968a,0.4886916769999061,5.946976928000822,0,,lag05_acceptance,-1319.0,2,89040.0,0.0768395640000108,1.0435969019979439,87721.0,0,7.993474916999958,2026092406,719,R14_LAG05,0
58d505c91282bf542537d50e6b1e1bc384ff66ede867bd9cf4507c27e8b52415,0.3503419000001031,5.292411041993319,0,,lag05_acceptance,-1319.0,2,89040.0,0.4917829050000364,1.4173189199973422,87721.0,1,7.618123523000122,2026092406,719,R14_LAG05,0
ee9fbf7e279346711e1cde4f0d8c748855ac358668202a004ad17f920861e527,0.5812876830000278,6.053454235001027,0,,lag05_acceptance,8794.0,2,77456.0,0.047327604999964024,1.0831621660015571,86250.0,0,8.051327475000107,2026092407,719,R14_LAG05,1
229176f656894eac1a61487f471852f8743527a8edab4f623c51d1fd689f02ff,0.5247912390000238,5.996739041000637,0,,lag05_acceptance,8794.0,2,77456.0,0.48889701799998875,1.6193685159994402,86250.0,1,8.570354380000026,2026092407,719,R14_LAG05,1
291aabdf2a1b3db89a897819d4e43583a45f9a1f032db75cca859a43d6f4f9fe,0.3490622470001199,4.778293429998257,0,,lag05_acceptance,-8615.0,2,78675.0,0.04454452400000264,0.977753031004795,70060.0,0,6.635342723999884,2026092408,719,R14_LAG05,0
55a9b09536ba0556daea96b5c8767c57fbad88d4420c1cc6679b4ee9b52b8092,0.37825050800006466,4.816056829000445,0,,lag05_acceptance,-8615.0,2,78675.0,0.558774996000011,1.5313090960000864,70060.0,1,7.27303553999991,2026092408,719,R14_LAG05,0
d3ac18bf2d69bf37a30cf6081e3bd07a3ab5202a949c0cf74c8f765738a89048,0.2796164180001597,4.399601218000498,0,,lag05_acceptance,-7809.0,3,90967.0,0.04149340800017853,0.9620214450042113,83158.0,0,6.304151092999973,2026092401,719,R14_LAG05,0
831dcd3c2905b36d09e34dde8f934068b61b62d067f47813a83c0e0d9620358b,0.30476755900008357,4.304268771996476,0,,lag05_acceptance,-9350.0,3,95105.0,0.0449332380001124,0.916688952998129,85755.0,1,6.126492735000056,2026092401,719,R14_LAG05,0
6e0ad2d444fb56ea10d76ded545de7b335d3e1370330636348f37c384d0e5726,0.3016915409998546,4.658211345003565,0,,lag05_acceptance,4872.0,3,93904.0,0.05479557300009219,0.9884366930009492,98776.0,0,6.548990799999956,2026092402,719,R14_LAG05,1
7f854364188c6374eaa8e86940cce0da29a460705a97e781675c74ca46bceb92,0.2886447869998392,4.559467016999179,0,,lag05_acceptance,4872.0,3,93904.0,0.05020398200008458,0.9060627200037743,98776.0,1,6.330845983000017,2026092402,719,R14_LAG05,1
6031bd867a9f94f1fe7dbab4b1757b5db7ec6ec3d7d5b0c488333d8438a739c5,0.2769633220000287,4.240518254997141,0,,lag05_acceptance,3784.0,3,109260.0,0.05061462899993785,1.0126394070007336,113044.0,0,6.151629667999941,2026092403,719,R14_LAG05,1
aee6516f897971f447210a93d5db8f7b6cc36ebb111ae0e2035b1034706b8d3c,0.284914734999802,4.211413168000718,0,,lag05_acceptance,3784.0,3,109260.0,0.058514824999974735,1.0666532890024882,113044.0,1,6.212788909999972,2026092403,719,R14_LAG05,1
8f0920d52b0d42e5680823ab00d2dcec4e00a36dc382d5aa75746430cb31ffbc,0.2918082690000574,4.2729535150017455,0,,lag05_acceptance,6901.0,3,133189.0,0.056573057000150584,1.1684166790003019,140090.0,0,6.389953264000042,2026092404,719,R14_LAG05,1
4515c850b09ccae39116bc1b377f6b61dd06de39b2218fd4f9b70b4375c8c356,0.25121437100006005,4.2993228350042045,0,,lag05_acceptance,2892.0,3,142689.0,0.053486498999973264,1.097242108003229,145581.0,1,6.300366532999988,2026092404,719,R14_LAG05,1
9b8cd01c8473bad5b975b3ce51e384bc0b9f71cc69846d1492ccacef7e2256ea,0.31000686700008373,4.678384618001019,0,,lag05_acceptance,-9492.0,3,79447.0,0.05152282900007776,0.9250990920031654,69955.0,1,6.447416450999981,2026092405,719,R14_LAG05,0
304f8500d0b18f805e4e8c4295d51fde7b26712dea527350fc636cf52d9c4257,0.36398990900011086,5.131823293001162,0,,lag05_acceptance,-9492.0,3,79447.0,0.0502350369999931,0.9970557479985018,69955.0,0,7.046832124000048,2026092405,719,R14_LAG05,0
de5521b711560ecc5326520cb5913c552df416bb032bb758aea7b4f717d11898,0.3459670689999257,5.289087049992986,0,,lag05_acceptance,1576.0,3,81376.0,0.05431998400013072,1.0229233970014775,82952.0,0,7.280218949000073,2026092406,719,R14_LAG05,1
9939f15c66c885e5f456a6a853a0830b2cc674ed6f4acce4520b313eb3711c9d,0.4066712279998228,4.7609274839992395,0,,lag05_acceptance,1507.0,3,81348.0,0.05140102899986232,0.9349679050019404,82855.0,1,6.576412739000034,2026092406,719,R14_LAG05,1
047e3005de550a0f04c8e097dee1f83a75e72aaacc268197880e85f36867b013,0.40626865299987003,6.065981829996417,0,,lag05_acceptance,9590.0,3,75553.0,0.05477360999998382,1.128938812000115,85143.0,0,8.06114652999986,2026092407,719,R14_LAG05,1
9e0b89c3dcb4850e2b3b3e59ea902341579bba5581cb5fb937b9308e279930d7,0.4110654130001876,6.140446745998361,0,,lag05_acceptance,9590.0,3,75553.0,0.05346996499997658,1.1429888269997264,85143.0,1,8.179665415000045,2026092407,719,R14_LAG05,1
0cdd14ba31307376298059def31c13a66ac38dfb658f8432cdd5dd35f52db98c,0.32703785499984406,4.676788696999893,0,,lag05_acceptance,-4117.0,3,72931.0,0.057690857000125106,1.0792034920009428,68814.0,0,6.663512643999866,2026092408,719,R14_LAG05,0
8441040d21d3e676465702398b3cdc73ffb3b2f5df7e5e02f87eba538d4caa16,0.3646224560000064,4.6777581979995375,0,,lag05_acceptance,-4117.0,3,72931.0,0.04863736799984508,1.0632172469981924,68814.0,1,6.642917106999903,2026092408,719,R14_LAG05,0
26819082ba20c7a355521ec763d1685ff82756813839bb6e6dc055e1ba2db993,0.37456810399999085,4.5978890919964215,0,,lag05_acceptance,-7730.0,4,90918.0,0.01675254999986464,0.8339440210008888,83188.0,0,6.4225176309998915,2026092401,719,R14_LAG05,0
ad6dcbcbc41dbf324b56b545cf2e14b28af7689fb8664adb48fede51e522c79a,0.2719859390001602,4.398978354998462,0,,lag05_acceptance,-8913.0,4,94723.0,0.00913353900000402,0.8489068209948982,85810.0,1,6.167538494000155,2026092401,719,R14_LAG05,0
58c2e1e9d4bc7ed04cf5a5bcace9495f387ab41e304c7af6ee3485dfbaaa0ca5,0.330179815000065,4.794348661997219,0,,lag05_acceptance,4926.0,4,93890.0,0.04722088699986671,0.8356434740026089,98816.0,0,6.514950900000031,2026092402,719,R14_LAG05,1
ed2bfff141d81b767bfba1afa9ffcef5171a11bbef84ae5f24ebb99b09e33780,0.302156431999947,3.914146735000486,0,,lag05_acceptance,4261.0,4,110423.0,0.05287965399998029,0.8690423690029547,114684.0,0,5.674975482999798,2026092403,719,R14_LAG05,1
0ba850a4f28b183d7fa647d1de7164deb57409b4226920e7a266ac5bab587f64,0.2944223350000357,4.657545440002423,0,,lag05_acceptance,4926.0,4,93890.0,0.07974479800009249,0.8495478969982742,98816.0,1,6.424433827999792,2026092402,719,R14_LAG05,1
943d8fc5fe78024144d157009b405566503797fa642e4b912c3561fcb1a6613c,0.2655395410001802,3.905427385000621,0,,lag05_acceptance,4261.0,4,110423.0,0.05877582099992651,0.9101652729998477,114684.0,1,5.731618656999899,2026092403,719,R14_LAG05,1
3e5fc2286b8163f14711e3d537260f965542e972c687bb2b16bc67ba10035ec9,0.24052034300007108,4.035417700997186,0,,lag05_acceptance,6867.0,4,133213.0,0.012682430000040767,0.9220334429908235,140080.0,0,5.831623665000052,2026092404,719,R14_LAG05,1
6f0e67c313a34d0ac8c93036ded12665733ce4412ca23546ff60e65862b8d04a,0.29598868499988384,4.47288237300495,0,,lag05_acceptance,818.0,4,138906.0,0.010958332999962295,0.929182345001891,139724.0,1,6.31203544899995,2026092404,719,R14_LAG05,1
2f865d88bbc1e82af8decedeae14f85832f11263d628a4114e5fe4f7074893ac,0.33904842099991583,4.91502587499599,0,,lag05_acceptance,-9583.0,4,79071.0,0.04895573899989358,0.8287555179947503,69488.0,0,6.651390947000209,2026092405,719,R14_LAG05,0
2624c8f69cb6e11459f9b3248bc7e0f7c7b14c3fb2e53a96e60fa36bda4705dd,0.31979780100004973,4.896871856003372,0,,lag05_acceptance,-9583.0,4,79071.0,0.5364228460000504,1.3494410490029622,69488.0,1,7.151595511999858,2026092405,719,R14_LAG05,0
60179be67ac1f8921d03ff37053a9fe735a554c2a9a4136486a5b4bf47641510,0.3424927580001622,5.079371788998515,0,,lag05_acceptance,1589.0,4,81378.0,0.015183273000047848,0.8313466050012721,82967.0,0,7.425127334000081,2026092406,719,R14_LAG05,1
f4f777fa98a109af236240967222bf921306785b3388df6780be9fd9749065fb,0.32176302399989254,4.981202394998263,0,,lag05_acceptance,1515.0,4,81353.0,0.49050065699998413,1.341765488000874,82868.0,1,7.261625749999894,2026092406,719,R14_LAG05,1
fb557c1f8987d8c7598fa1e79b13e00de911b9d0b282e34bf115fd382dcaf86f,0.5152849329999754,5.486524478000547,0,,lag05_acceptance,8373.0,4,77839.0,0.05805809699995734,0.9128113590002158,86212.0,0,7.2218747919998805,2026092407,719,R14_LAG05,1
71f1289f67e501b245e52618cd9bca56a8e937094de47963ddae2a177b3d4302,0.5300467489998937,5.567842336996819,0,,lag05_acceptance,8373.0,4,77839.0,0.043684465000069395,0.9059705239999403,86212.0,1,7.30431972700012,2026092407,719,R14_LAG05,1
d26ccdeb279a9905ee2b7a1133e335da5d3af03e18d5e0cc61ed1cefb9180d80,0.3012044879999394,4.473584031997461,0,,lag05_acceptance,-4175.0,4,72970.0,0.059157225000035396,0.9220776779993685,68795.0,0,6.29424979700002,2026092408,719,R14_LAG05,0
ae0b633fbf3cd7fc26e34409c32d3f50c1fb851b24caa2a8d2b5979bbc59094a,0.32464601800006676,4.325096245002442,0,,lag05_acceptance,-4175.0,4,72970.0,0.05024511400006304,0.8492820259975815,68795.0,1,6.0332394089998616,2026092408,719,R14_LAG05,0
e7c34ca5d54b324656220df8235e21a617870564d1a3b9a2094cc86497036753,0.2645475209999404,4.153608325001187,0,,lag05_acceptance,-8053.0,5,103176.0,0.06448488299997734,0.6831311290009126,95123.0,0,5.672133443000121,2026092401,719,R14_LAG05,0
89a1aa604b276de365ac4c216c2c0ebe0ec957eaaf97ac3383e06ed16d8257eb,0.2634943049999947,4.148127198997827,0,,lag05_acceptance,-8053.0,5,103176.0,0.04152796999983366,0.7142410420026408,95123.0,1,5.762038759999996,2026092401,719,R14_LAG05,0
d3e5e09bf5471d3c083601bd5df66de5d4e2de31a64c8327689f5dea864342c7,0.31953139200004443,4.8312386450052145,0,,lag05_acceptance,7137.0,5,68373.0,0.04259264200004509,0.6737372410011631,75510.0,0,6.40234582800008,2026092402,719,R14_LAG05,1
e0da3508a070d84228d00151229f4d569771cf459fe2bcc8e12f854b0e4d76be,0.3914127030000145,5.799306282999169,0,,lag05_acceptance,391.0,5,76966.0,0.06274242900008176,0.7560582339947359,77357.0,1,7.5551287480000155,2026092402,719,R14_LAG05,1
217b20e9e5ff9603c07496f4ef52e4028c5d65838b0f43a93994872d58f8e258,0.3256758899999568,5.510482094001873,0,,lag05_acceptance,-4037.0,5,74362.0,0.057538438999927166,0.8014073889937663,70325.0,0,7.253253808999943,2026092403,719,R14_LAG05,0
638c7d665eb096361c9631f95aed377508c29b93d71a21f9a7d81ae56c174310,0.32997282199994515,5.224062685003446,0,,lag05_acceptance,-4037.0,5,74362.0,0.044714745999954175,0.7551621660052206,70325.0,1,6.851037973000075,2026092403,719,R14_LAG05,0
91f6a4ad10e848d877589e3ecc2d2b165d1326f78750c78befe2eddf2ddb14cf,0.3334088059998521,4.647387914994624,0,,lag05_acceptance,1573.0,5,72399.0,0.04244420200006971,0.7129746630032514,73972.0,0,6.175328563999983,2026092404,719,R14_LAG05,1
688bd00846e566218530ab35f1049efec8dfac1d200614b159470bb821b5a486,0.33358887300005335,4.911673143004236,0,,lag05_acceptance,1573.0,5,72399.0,0.04250295900010315,0.8218392560006578,73972.0,1,6.643799671000124,2026092404,719,R14_LAG05,1
d88d69b8105b99c4f041072f4daa7551326d171fc1467212d1e0c8309d26fcf0,0.412908588999926,5.795553104000646,0,,lag05_acceptance,-8410.0,5,87319.0,0.044330537999940134,0.7383209740000893,78909.0,0,7.436571696000101,2026092405,719,R14_LAG05,0
96e18d37c23e7663b8d3344dec8c58ac154d18daeddac136e148f31c4abe5e75,0.4373710260001644,6.025603067000702,0,,lag05_acceptance,-8410.0,5,87319.0,0.043861815999889586,0.7353346409968253,78909.0,1,7.691888342000084,2026092405,719,R14_LAG05,0
a9ca0a5db74e11200f11c5a594634e418e0529c1b242f7c9767c9316238d40f9,0.3071263070000896,5.281734118000486,0,,lag05_acceptance,1448.0,5,75568.0,0.043868997000117815,0.7790940540048723,77016.0,0,6.928875527999935,2026092406,719,R14_LAG05,1
58791304640a1ab2d92f171d5f7a22b987bb87592136c32f92b7f8c4a7e25b9d,0.3057754520000344,5.222962324002765,0,,lag05_acceptance,1448.0,5,75568.0,0.04547988600006647,0.8100653499984674,77016.0,1,6.930319519000022,2026092406,719,R14_LAG05,1
40d48e52cbb40fd5a8245d6ca291b59dd8910ce3c4858563428424ef11d6172e,0.46420474699993974,4.874399539002297,0,,lag05_acceptance,-5826.0,5,101621.0,0.06804845600004228,0.8224983110010271,95795.0,1,6.62643760900005,2026092407,719,R14_LAG05,0
130b512c24f700fb1bbd0813de8200444d19a6ddd400f008c13b60232a245b5b,0.38226524799983963,5.205299149997245,0,,lag05_acceptance,-5826.0,5,101621.0,0.05766857599996911,0.8876762380011769,95795.0,0,7.088242896999873,2026092407,719,R14_LAG05,0
afd0d9113f0266068e59f3af7b973c1656fae184858acc2dabb9e361b5121ea5,0.8000097629999345,6.065580003999685,0,,lag05_acceptance,-7332.0,5,100880.0,0.07082910200006154,0.7634230319961262,93548.0,0,7.800326872999904,2026092408,719,R14_LAG05,0
ecf9242118313079d192f68699bd00c1e6b5b5f244dbc1cbfc6ced8db4100032,0.2966892880001524,4.771977871999297,0,,lag05_acceptance,-6717.0,6,90476.0,0.06377825399999892,0.981259542004409,83759.0,0,6.949299895999957,2026092401,719,R14_LAG05,0
73f9a641840ee7022eb08c63da480ed838c8ac159a75aa3a445e7768eb85d422,0.8321215969999685,6.276654859000018,0,,lag05_acceptance,-7332.0,5,100880.0,0.05703491100007341,0.7308939979991464,93548.0,1,7.993260129999953,2026092408,719,R14_LAG05,0
4ab336815afd1fbf98fa7ec551541d9aef3c247ce684fc3316736248f01c1434,0.33674229899997954,4.709868582003082,0,,lag05_acceptance,-8814.0,6,94727.0,0.08051938800008429,0.8242161760008457,85913.0,1,6.5203972489998705,2026092401,719,R14_LAG05,0
2dce68772b32130c54b580c528426f7f948e328369c08c245772f58eba9952a6,0.3494015250000757,4.703088345996321,0,,lag05_acceptance,5815.0,6,93019.0,0.0465519189999668,0.7433167349997802,98834.0,0,6.376527355999997,2026092402,719,R14_LAG05,1
71689df4b21da4984acd27a15695c8c8f52bf33eecedd4674f136d0ca6f0137c,0.3092145949999576,4.668052916001443,0,,lag05_acceptance,5815.0,6,93019.0,0.0646226660001048,0.7773106879976694,98834.0,1,6.355833689000065,2026092402,719,R14_LAG05,1
52ba0e92d43fcdb256d2478a7a9f1f49077c95446c5cce91aa9fe8aacaff0387,0.27063010300003043,4.488545960001147,0,,lag05_acceptance,4616.0,6,111677.0,0.06136833100003969,0.9299230740009534,116293.0,0,6.4076361630000065,2026092403,719,R14_LAG05,1
f824355de5c242feef642fa2f275786e307bcca475360dceaa7cd1072be847f3,0.2870642029999999,4.371857973001852,0,,lag05_acceptance,4616.0,6,111677.0,0.06421847900014654,0.9132512649987348,116293.0,1,6.245755268999801,2026092403,719,R14_LAG05,1
f4ad5b15519849d3ff4d7a15bcdd177471c00706c7e54a9e26db21330b206734,0.2475011160001941,4.340011359000755,0,,lag05_acceptance,7017.0,6,133153.0,0.5759115350001593,1.537119151000752,140170.0,0,6.907914328999823,2026092404,719,R14_LAG05,1
b69fd8b68a303e0f13e2ea333a730303d8ca7c1b85ce7d10b7eb978cfede8a8a,0.2784837660001358,4.523139942997204,0,,lag05_acceptance,1233.0,6,138468.0,0.5748211780000929,1.485948597000288,139701.0,1,6.922366022000006,2026092404,719,R14_LAG05,1
6623daef29c12b0a85bf824bf274dd9942032a9546ee802bf230d0e5e0696d6d,0.32385309999995116,5.045487499001865,0,,lag05_acceptance,-9236.0,6,79368.0,0.5464767940000002,1.3840066350021516,70132.0,0,7.324407476000033,2026092405,719,R14_LAG05,0
4685dc43a68914492e2d14036483d90737229efb202d4f355f3bce9f8c1c6e62,0.36968216500008566,4.906743794998192,0,,lag05_acceptance,-9236.0,6,79368.0,0.04260860399995181,0.7703309700002592,70132.0,1,6.564011303999905,2026092405,719,R14_LAG05,0
c92698035977d92c58a628705716d1a4f1ef99131838fbdaa3cc03761675149e,0.3054895299999316,4.9607153659994765,0,,lag05_acceptance,1989.0,6,81157.0,0.06793339499995454,0.8338719860003039,83146.0,0,6.690623697999854,2026092406,719,R14_LAG05,1
4b1eaecd2ebd0e66c82c8180c2c2fcf21b3c98027d01b1a598fd37c9bdc450d9,0.41033580300018,5.120167105003475,0,,lag05_acceptance,2052.0,6,81163.0,0.04648849499994867,0.8387206030015477,83215.0,1,6.861623422000093,2026092406,719,R14_LAG05,1
7ec820b2d5fc9e4f95a56b770cc675170baf1cd58740d753950fd03611b06ff5,0.5420640689999345,6.419881274002819,0,,lag05_acceptance,12699.0,6,72767.0,0.05061147300011726,0.8862451529998907,85466.0,0,8.182845887999974,2026092407,719,R14_LAG05,1
c6f1ed9884117e66bab5e53dab49b5085341c9c4cbed780a1ec8c2d487e5266f,0.3101465290001215,4.747150480003711,0,,lag05_acceptance,-9409.0,6,78941.0,0.04334757600008743,0.928005699996902,69532.0,0,6.645292081999969,2026092408,719,R14_LAG05,0
d2020e37a250438a68eff72288e63eeaa7a32fb5dcdfeddb814a96051d95070c,0.5234473049999906,6.300160424996648,0,,lag05_acceptance,12699.0,6,72767.0,0.042215785000053074,0.8704439690043273,85466.0,1,8.03357934099995,2026092407,719,R14_LAG05,1
37a711d470fe5acd6753fa9d131f7d79d9ba43c00d2f87db02087fda05db3160,0.32955092599991076,4.896167918000401,0,,lag05_acceptance,-9409.0,6,78941.0,0.04781273100002181,0.8576407930020196,69532.0,1,6.666796602999966,2026092408,719,R14_LAG05,0
ce9f0a0e4adacf927d03fca819c5729d217c216531a727793a38507c72184506,0.28505667100012033,4.159846835003464,0,,lag05_acceptance,-206.0,7,78524.0,0.0773085490000085,1.1186369480003577,78318.0,0,6.269048237999868,2026092401,719,R14_LAG05,0
53512a231f4923a943187bbbfa433a2348518b9651f0199c0a9f366508c0b89d,0.2712656740000057,4.207561322002903,0,,lag05_acceptance,-206.0,7,78524.0,0.08764092799992795,1.1375046929979362,78318.0,1,6.267689055000119,2026092401,719,R14_LAG05,0
a613b0f616a3298e58fb412609d47c204e73030d6c806d4bc2e671f2f108f50a,0.30838315899995905,4.33811352399448,0,,lag05_acceptance,2316.0,7,118463.0,0.07707370299999639,0.9788224499984608,120779.0,0,6.174945388999959,2026092402,719,R14_LAG05,1
92afb081a98286c6100de8420889bc2f7c50273f5f5c44cf9adbb35443ba4cf4,0.2800102829999105,4.48482478299843,0,,lag05_acceptance,6716.0,7,62935.0,0.05169156299984934,0.8037188639975739,69651.0,1,6.115753803999951,2026092402,719,R14_LAG05,1
c229f90e6f8a01c97324b08b8a461ee7a1e618e8bd9d012957e4f0a36e1814e1,0.29594862999988436,5.320566802998428,0,,lag05_acceptance,-3902.0,7,90903.0,0.07979146799993941,1.0665942220023226,87001.0,0,7.272859118000042,2026092403,719,R14_LAG05,0
09ec712e30b8eb8c6c280af2ea6754e8596dc11eafb953cf7697e5629a551caf,0.30659564199982015,5.450899444997276,0,,lag05_acceptance,-3902.0,7,90903.0,0.08529267099993376,1.0481947370001308,87001.0,1,7.3776551519999884,2026092403,719,R14_LAG05,0
3943b3dc717f0b65c43aab7df4070d66a4b4b1c08cb79891a33608c5229367e5,0.23473219099992093,3.8877017049985625,0,,lag05_acceptance,3539.0,7,99794.0,0.05566112599990447,0.9550491650045387,103333.0,0,5.655049565000127,2026092404,719,R14_LAG05,1
0f69ddf9433d1b6056d8f8431e23fff2e5d8c8c2048b8928a2f7a9b2c63136ac,0.24220181600003343,3.8499695060036174,0,,lag05_acceptance,-2438.0,7,111536.0,0.09462425299989263,1.0329413629976898,109098.0,1,5.753406799999993,2026092404,719,R14_LAG05,0
2dd91a29831281da6fa17df6b443e0d1567dee29f3a42039cd60093e94ce4a24,0.24189363999994384,3.975591853007245,0,,lag05_acceptance,-7945.0,7,137279.0,0.04359057300007407,0.9983259029997953,129334.0,0,5.880228356000089,2026092405,719,R14_LAG05,0
3baf26d7a712a26f1233e0311d2481f41fbab0a58fd60142f4386b3bfd26e5d9,0.23465982799984886,4.49195484800498,0,,lag05_acceptance,-9502.0,7,104581.0,0.05378955199989832,0.9973637880034403,95079.0,1,6.39007818999994,2026092405,719,R14_LAG05,0
cd355d55b59550a3efb24a012ee352a5f253971e07ce349bff10d0fe37e98e2a,0.3549154190000081,5.023401033003665,0,,lag05_acceptance,-9446.0,7,86048.0,0.10750910799993108,1.0642790160013647,76602.0,0,6.971429060999981,2026092406,719,R14_LAG05,0
aa20d22912c37c766109a4bfec85f4cfdfaebca3251ec72dc56bbef1caa3c90d,0.3476768440000342,5.007891673995118,0,,lag05_acceptance,-9446.0,7,86048.0,0.08154115500019543,1.0491431409991492,76602.0,1,6.939579707999883,2026092406,719,R14_LAG05,0
93919f372a0c88c6719130266e0114746cf0ce23e8c647cb9176b8b798b3414c,0.5604639470000166,4.764459691002003,0,,lag05_acceptance,-763.0,7,104807.0,0.057339175000151954,0.9571878929964441,104044.0,0,6.588040070999796,2026092407,719,R14_LAG05,0
5ae0ded0043ef94043f0c33eb06dd218ef5c08c08ca084789cb5cc51ff062488,0.6298427970000375,5.201028598997482,0,,lag05_acceptance,-763.0,7,104807.0,0.10368057400000907,1.1760149430037927,104044.0,1,7.406306838000091,2026092407,719,R14_LAG05,0
9f334e79f719d59ea68f096e566cba492402de41c0911f7ee3d47cd8b2e7da14,0.5507954919999065,5.806660230998887,0,,lag05_acceptance,4715.0,7,98573.0,0.11172410199992555,1.1273869089964137,103288.0,0,8.108067823000056,2026092408,719,R14_LAG05,1
229ada50873806a48ddc19ce88e35d3387f2914644e7cad284952facfeded31c,0.5798485580000943,6.476822627004594,0,,lag05_acceptance,4715.0,7,98573.0,0.5779441449999467,1.8206828210002186,103288.0,1,9.358082659000047,2026092408,719,R14_LAG05,1
a6955b2cc21649a8f881e1189194ffb0dd446c238ded5b00e8e3a45391a1f3f6,0.3228115720000915,5.488173409000183,0,,lag05_acceptance,-7570.0,8,90758.0,0.043814553999936834,1.0071619800010012,83188.0,0,8.433770685999889,2026092401,719,R14_LAG05,0
5ccae6c87e3b3ca39feed33d2fc2cd8da5b4563184ff5fa7ee75b2946def4343,0.4264693810000608,5.802552850001348,0,,lag05_acceptance,-9190.0,8,94945.0,0.6792313480000303,1.7221824189991821,85755.0,1,8.669062685999961,2026092401,719,R14_LAG05,0
99c58db7ee9dac38fe9503083e736092b9bcaf57de47752128c5426ce6c80bff,0.49144921700008126,6.253848577001463,0,,lag05_acceptance,4779.0,8,94019.0,0.05763752000007116,1.0592585850008618,98798.0,0,8.522882305000167,2026092402,719,R14_LAG05,1
90830d2b669a9e9edba6fd29c8424fcfc494c4b400bea2450fda2a19d2704af7,0.4336806879998676,6.447171646999777,0,,lag05_acceptance,4779.0,8,94019.0,0.06062552299999879,1.1490734619987961,98798.0,1,8.965625592999913,2026092402,719,R14_LAG05,1
7274d12c6314351cee4d4d86be4cce974293101ff67566a3f48d3d15f85b2803,0.4695301469998867,5.801644272997237,0,,lag05_acceptance,3973.0,8,111767.0,0.06904576499982795,1.1835997940024754,115740.0,0,8.303744351999967,2026092403,719,R14_LAG05,1
2e7cca9b98e7992c91660ea1790e723612d534c43e1b947c3f9759b3de71d958,0.36619819099996676,5.654834284998287,0,,lag05_acceptance,3973.0,8,111767.0,0.0666381599999113,1.2025813260033829,115740.0,1,8.029148217000056,2026092403,719,R14_LAG05,1
8e926e6f173580e021141d945118b90a43e48efc6e930112e67a3b95d9e4be92,0.3511551009999039,5.5243374069982565,0,,lag05_acceptance,6866.0,8,133207.0,0.08833308799989936,1.2502520160010135,140073.0,0,7.9973361980000846,2026092404,719,R14_LAG05,1
377347ec59cb93f18187d5af4ec5cc724d4409c49d19e237749216246fe5737e,0.377142670000012,5.564077414996518,0,,lag05_acceptance,2875.0,8,142698.0,0.07155493999994178,1.1358547240020016,145573.0,1,7.804341079999858,2026092404,719,R14_LAG05,1
4529140385a49bb64c9fe39ea966a77694c9c8c107182ef6225a73234a12f1cc,0.835378978000108,7.508427536000681,0,,lag05_acceptance,-9643.0,8,80369.0,0.05906136600015088,1.1731414880000557,70726.0,0,9.95154969500004,2026092405,719,R14_LAG05,0
cb5d83056c34fbe13f3ad4a93155b31ed15cbca628e70737e223fd000b9b8c2d,0.7361306099999183,7.221300390993974,0,,lag05_acceptance,-9643.0,8,80369.0,0.0673495210000965,1.082166620001999,70726.0,1,9.451036767999994,2026092405,719,R14_LAG05,0
0fab45ee9f936021d941a6a7228937900d45d6834e39f9b52e33df3e74312dad,0.43164090999994187,6.7699067140031275,0,,lag05_acceptance,-2036.0,8,89397.0,0.06327542799999719,1.17888879000202,87361.0,0,9.123282618000076,2026092406,719,R14_LAG05,0
d1ea2e6556e77a70cc03339a651a4bf0e7f324eab70ae7e7fb031dd736c020a9,0.4639530740000737,6.683825757998875,0,,lag05_acceptance,-2036.0,8,89397.0,0.08152886199991372,1.122958654000513,87361.0,1,9.061981405999859,2026092406,719,R14_LAG05,0
f8dc6c049a12fe1db54ad147a5fe0d3ef3d0bc11f70f3195d92f702a8d9d7de9,0.5246306520000417,7.75310268799808,0,,lag05_acceptance,9783.0,8,75426.0,0.07848206199992092,1.4136833419947834,85209.0,0,10.488121342000113,2026092407,719,R14_LAG05,1
8093c9b59c093d1c3222cf3ed5fa5b01caa06761bc6d419e857baceb2ffd2509,0.5734624619999522,7.529745791000778,0,,lag05_acceptance,9783.0,8,75426.0,0.06776136799999222,1.3237913160019161,85209.0,1,10.157580322000058,2026092407,719,R14_LAG05,1
6ff399bfcb18d822f16a7bd5a7e7594da38a250cc852fe58e4ee7560584b4117,0.5274297710000155,6.478972570000678,0,,lag05_acceptance,-4752.0,8,73091.0,0.081633335999868,1.236311699001817,68339.0,0,8.98023354299994,2026092408,719,R14_LAG05,0
94bbaa7f46d8ab4caad35e701370d9726d8f8727911531518b0ee5807e455f49,0.4570020259998273,5.785063355002194,0,,lag05_acceptance,-4752.0,8,73091.0,0.06017778000000362,1.1297077970007194,68339.0,1,8.083013601999937,2026092408,719,R14_LAG05,0
93fdc2caee3b1d1dc287a5800449bcfc171b92a60cf0f46941901026c923d203,0.4015153980001287,5.974988365999252,0,,lag05_acceptance,-7730.0,9,90918.0,0.028119375999949625,1.224245773002167,83188.0,0,8.516529922000018,2026092401,719,R14_LAG05,0
ff7f10baae22d4697098f0e202ed69b7bdb2485357e9d11907b0107b79c023ea,0.4519536050001989,5.718268340999657,0,,lag05_acceptance,-8913.0,9,94723.0,0.03266736299997319,1.0588024379962917,85810.0,1,8.002221382000016,2026092401,719,R14_LAG05,0
b64d95a7013b2a1d4814ea3502ea31f4cbb32cf5ec5531e25096b1ec73fde583,0.39432917300018744,6.547937395005192,0,,lag05_acceptance,4936.0,9,93880.0,0.03365795500008062,0.9978969499989034,98816.0,0,8.74387107199982,2026092402,719,R14_LAG05,1
58bbe3e37eb528f9168afb2000583cfbe8408cae94ee0403ec16608d60fd732b,0.5623284089999743,6.65529528200409,0,,lag05_acceptance,4936.0,9,93880.0,0.026841087000093466,1.013454715006219,98816.0,1,8.835044587000084,2026092402,719,R14_LAG05,1
bf1f24a767bf55f1d0d8e216907d82b2cff5091fbbfae2c9df7ad439faa97a90,0.45883792200015705,5.851987838997502,0,,lag05_acceptance,4271.0,9,110413.0,0.06687988400017275,1.2825083500058554,114684.0,0,8.59625022399996,2026092403,719,R14_LAG05,1
017692189294ea46eccb9e2f3f3002d1e08be957977de71f7ee06bb4af4b4e75,0.5109176339999522,5.253389859998379,0,,lag05_acceptance,4271.0,9,110413.0,0.05161106900004597,1.0382346809985847,114684.0,1,7.565970865999816,2026092403,719,R14_LAG05,1
bd4531b08e687b8573e4d09f96248b726794d07a1cb9e878e71c02c4254500eb,0.3062046810000538,5.475169884002071,0,,lag05_acceptance,818.0,9,138906.0,0.030364790000021458,1.162571841998897,139724.0,1,7.884950801999821,2026092404,719,R14_LAG05,1
66f9049b12d49e656bef80191833aaf8260c61f85544f5ebb2fa042c0e8d1c4f,0.623175749999973,9.40704734300175,0,,lag05_acceptance,6867.0,9,133213.0,0.04105098199988788,2.80032458899791,140080.0,0,14.387150006999946,2026092404,719,R14_LAG05,1
7dd17ef912aa0e7bde1af2b50f6df04755dad18cf3dc63d0153aeafcccc0db8f,0.49069879199987554,6.556080005002968,0,,lag05_acceptance,-9573.0,9,79061.0,0.031111515000020518,1.0633420859992384,69488.0,0,8.820669240999905,2026092405,719,R14_LAG05,0
bc02e5145bcc675b50cdfb08221bd6dd6ea8b333811a2aeed924d4183ed84181,0.46034826100003556,6.603058687998555,0,,lag05_acceptance,-9573.0,9,79061.0,0.033541833000072074,1.1204895730006683,69488.0,1,8.916846196000051,2026092405,719,R14_LAG05,0
1924e5121ca42260a2524606bd89cfe634b7cd5e40fad0e84b42850e10ad4fc8,0.42990856000005806,6.533711553001922,0,,lag05_acceptance,1525.0,9,81343.0,0.02775467700007539,1.1161918569978297,82868.0,1,8.889077837000059,2026092406,719,R14_LAG05,1
b5d3740db1bc2c2721b6806ec6f073688204b9d639b550168900d04d99dc039b,0.705091494999806,7.108377290003091,0,,lag05_acceptance,8373.0,9,77839.0,0.6246336870001414,1.8011888769990492,86212.0,0,10.17168603999994,2026092407,719,R14_LAG05,1
75e1e7b5f7d69357a94fab6a945bca977e472c7eb227ee1f9e0b44eb240e3d7f,0.9608612730000914,13.992463483002211,0,,lag05_acceptance,1599.0,9,81368.0,0.04348855199987156,2.840430850005305,82967.0,0,19.50463954299994,2026092406,719,R14_LAG05,1
3af49d960632fd81261d9312794370834fb9427a488065372534ce2aebd333b5,0.604304060000004,7.356564107000395,0,,lag05_acceptance,8373.0,9,77839.0,0.028920154999923398,1.2621103259975825,86212.0,1,10.647828893999986,2026092407,719,R14_LAG05,1
9527a972a25b2f0c2e32a5c4b761ef4b712173523a2d06aeae4791e7dabcd1dc,0.542866143000083,5.764385160995289,0,,lag05_acceptance,-4165.0,9,72960.0,0.032149794999895676,1.082285644999729,68795.0,0,7.927876838999964,2026092408,719,R14_LAG05,0
fba47dad73520f5dae8407c2b2f893faf1767799c7a604fa2d3becc50567f0dc,0.37970085000006293,5.647071035004274,0,,lag05_acceptance,-7730.0,10,90918.0,0.05737410300002921,1.1305344759998661,83188.0,0,8.062302262000003,2026092401,719,R14_LAG05,0
9be653e000df0ccd3fa0cfbc6db1bbb4c2b02320de40f0676136d5da415cb09a,0.3626111209998726,5.450654272998008,0,,lag05_acceptance,-8913.0,10,94723.0,0.061326727000050596,1.074511146997338,85810.0,1,7.800535614999944,2026092401,719,R14_LAG05,0
a67ea77e12f5cc640692991795d9534ace33582e13543d39ef3609605d82e35f,0.4156773180000073,5.926258541999914,0,,lag05_acceptance,4936.0,10,93880.0,0.06825714000001426,1.1450297160022274,98816.0,0,8.28309865999995,2026092402,719,R14_LAG05,1
452561fbc16dcdcc9d90a49995be649381de40b53fa674909c29024b76cf2130,0.9927392139998119,12.138365368001587,0,,lag05_acceptance,-4165.0,9,72960.0,0.04960257700008697,2.7239016320063456,68795.0,1,17.344478586999912,2026092408,719,R14_LAG05,0
00d2e53928b05cdfbb627dbb07af4266efb1fb459303b0f1553ccb2f4a631b0c,0.3856898100000308,5.950681072002453,0,,lag05_acceptance,4936.0,10,93880.0,0.05817619000004015,0.9535953680010607,98816.0,1,8.146003178,2026092402,719,R14_LAG05,1
97dc202bdbb104e6d610b25a945cba9b9f04e3f070dd936f1bc74320e9deaad8,0.351517425999873,4.946689918002448,0,,lag05_acceptance,4271.0,10,110413.0,0.6684819079998761,2.1141783840046173,114684.0,1,8.225674572999878,2026092403,719,R14_LAG05,1
ecf51600c51155344716e8adc4cbb9e7b6f9f7fc78b9ff96ae639ccec6112b26,0.7404377990001194,8.27077620700129,0,,lag05_acceptance,4271.0,10,110413.0,0.10260032199994384,1.8180574990014975,114684.0,0,12.007986824999989,2026092403,719,R14_LAG05,1
767184274c83c8e8af3086664f4eba5dcf7a336e1bc9b56d796922e0d82a0477,0.3729332400000658,5.949250568000252,0,,lag05_acceptance,6867.0,10,133213.0,0.053959154000040144,1.2795304389987905,140080.0,0,8.503303096000081,2026092404,719,R14_LAG05,1
326a0579531003dd5635573562d360f4cf3cdbbd6078434c2be6e9a9dd5ef94e,0.3434099559999595,6.042698721000988,0,,lag05_acceptance,818.0,10,138906.0,0.08600115100011863,1.4177190469981724,139724.0,1,8.693880261999993,2026092404,719,R14_LAG05,1
18185f953bb30f1cdcbd26f8f3fa874e6eed344612161e8af6dc9083e7fc5b1e,0.4962852529999964,7.183439458002567,0,,lag05_acceptance,-9573.0,10,79061.0,0.06872044699980506,1.261244942999383,69488.0,1,9.850414998000133,2026092405,719,R14_LAG05,0
c9a1d311b83b2509e582f8d8439294bfed9451bb64f74451a3bebaafd28f3a3d,0.9785129649999362,10.16270530500151,0,,lag05_acceptance,-9573.0,10,79061.0,0.08661061400016479,2.0085252229941943,69488.0,0,14.01620859600007,2026092405,719,R14_LAG05,0
d573c77a45c2c5e3d4834b229b4ab37808424e1714238024e80163ccabff7da6,0.4818382210000891,6.78335897500051,0,,lag05_acceptance,1525.0,10,81343.0,0.07598645500002021,1.1318183900011718,82868.0,1,9.192553671000042,2026092406,719,R14_LAG05,1
0b963d7dead0eb9df4b1de09350dc8621d71efe077b48c515e7a2780c61fc47b,0.9881902330000685,13.06376561700472,0,,lag05_acceptance,1599.0,10,81368.0,0.070228717999953,2.3255891619974136,82967.0,0,17.643277843000078,2026092406,719,R14_LAG05,1
2447adee1152d90b43ec8b7865c3d7d80747af9ec5765da96c3f24815763d71d,0.796687441999893,7.820068852999611,0,,lag05_acceptance,8373.0,10,77839.0,0.06171933099994931,1.236142165997535,86212.0,1,10.425639317000105,2026092407,719,R14_LAG05,1
99b641d353a7e6a874284603c5ba5170a83b273def6ca1ed28dee34e18ce934f,1.2784616930000539,15.461590293002246,0,,lag05_acceptance,8373.0,10,77839.0,0.1668600839998362,2.807566620996795,86212.0,0,20.7871704019999,2026092407,719,R14_LAG05,1
ea189275eff6df120b876c138b8b611fcbb8cfa82cf6723bfb2a00d37bbe4882,0.3695715520000249,5.920591327000693,0,,lag05_acceptance,-4165.0,10,72960.0,0.04702509000003374,1.0574785329988572,68795.0,1,8.142241904999992,2026092408,719,R14_LAG05,0
88cd38e7d3658e387da5dfa1b99133c8c3412b7178cf55dbf672560fa50c0825,0.7878684309998789,11.710522466000157,0,,lag05_acceptance,-4165.0,10,72960.0,0.18093606000002183,2.117762261998905,68795.0,0,16.013922653999998,2026092408,719,R14_LAG05,0
e4226213e0382ac4c046124ecd45069c5fd996c6c4a89581ebab1a59046414b8,0.5187825670000166,7.433721763999529,0,,mixed_screen,-670.0,1,116777.0,0.07394686399993589,0.912015217000544,116107.0,0,9.382962335000002,1729,719,g5c1s1w8,0
4c4ff1367ce6be441524a15b36137fda26cca97db8bd00e813b6d2ccd43ef0a5,0.5203021859999808,7.190688822997799,0,,mixed_screen,-670.0,1,116777.0,0.04430850200003533,0.8302808060008147,116107.0,1,8.969981590999964,1729,719,g5c1s1w8,0
a802db3491bb06768cf8fb044599830672380db4d22f11d69f0e30a27c9f9741,0.28623060799998257,5.039846353998769,0,,mixed_screen,-749.0,1,106816.0,0.046446698000067954,0.9495554100002437,106067.0,0,6.936332863000075,2718,719,g5c1s1w8,0
ceb1239bfa3b59179a0cb80d413a51ac793b53af8e60abc0a729404b94843ae7,0.27073388200005866,4.893760653999607,0,,mixed_screen,-749.0,1,106816.0,0.05734122900003058,0.9237998950013662,106067.0,1,6.768096922000041,2718,719,g5c1s1w8,0
714865f067c0158e05fbfb8bcc8ef730d212dace0178745313c00d171f53d4e7,0.3240767089999963,5.249313718000508,0,,mixed_screen,-14519.0,1,117242.0,0.05528438599992569,0.8688431100018761,102723.0,0,7.092079611000031,31415,719,g5c1s1w8,0
387496719f923d622cf77fb23a373a68bbdfaf9cbd7f355f7b9611ba55e9c8ea,0.32278583699996943,5.024501366999971,0,,mixed_screen,-14519.0,1,117242.0,0.04230736199997409,0.9201065190020472,102723.0,1,6.911873044000004,31415,719,g5c1s1w8,0
5a8697c58a932579af9b1072c527f79c60fae80a8aa52f5cbc5d2a9388cc11f1,0.32148503200005507,5.186267216000374,0,,mixed_screen,1379.0,1,94962.0,0.06661406799992164,1.0604199159997734,96341.0,0,7.247797265000031,161803,719,g5c1s1w8,1
18fc67e0550613c25d732fe7d0fc27b4e24a94111911f7f73e7331412ce2ffc8,0.3657686220000187,5.202848847999917,0,,mixed_screen,7372.0,1,87276.0,0.044489704999932655,0.9476959200006831,94648.0,1,7.208875934000048,161803,719,g5c1s1w8,1
16afa6a0e241f9518416668533b76d09a65ca6e2f3489563ec263741be9b9fd8,0.3980337899999995,5.726423959000613,0,,mixed_screen,-6941.0,5,96483.0,0.04357821599990075,0.7180713449993164,89542.0,0,7.362807208000049,1729,719,g5c1s1w8,0
2b6d7be5b3ed5476483235385456aaa21919b87d7aa5a96cf137772bd9f3e9d4,0.3878724159999365,5.720496830997831,0,,mixed_screen,-6941.0,5,96483.0,0.05492230900006234,0.7327880869996761,89542.0,1,7.399159948999909,1729,719,g5c1s1w8,0
98337e115fe977d6a2928ceb58eb371eca5c6cd2f58fb15cb80a4c137719e627,0.6883591900000283,5.723363180000774,0,,mixed_screen,-5756.0,5,134052.0,0.050025075000007746,0.7179456620019664,128296.0,0,7.83582421899996,2718,719,g5c1s1w8,0
b8eaccc296cf32e2514b9804b145c52da84893833ce9e47525cab607038ad738,0.7089955740000278,6.024993769998446,0,,mixed_screen,-5756.0,5,134052.0,0.04277086399997643,0.7481327530010731,128296.0,1,7.744484220999993,2718,719,g5c1s1w8,0
d955dd4031f4085c24513a859eae133567b01902d8571efa7a21bb993f8d5c71,0.4376902680000967,6.4952218559985795,0,,mixed_screen,2303.0,5,117104.0,0.04188771999997698,0.7338866399991275,119407.0,0,8.168387456000005,31415,719,g5c1s1w8,1
76fe1308e602351097168ce87d9c614d6f6eae371e8de17b8f07c5e690af81bb,0.39467771700003595,6.663504943999669,0,,mixed_screen,2303.0,5,117104.0,0.04401005200008967,0.7576885909986686,119407.0,1,8.406752659999938,31415,719,g5c1s1w8,1
3df8d0732fe39bbb97513437adc018f9307df23cfbd1c6eb8c5bce2437f92a51,0.23034468399998786,4.400040218000299,0,,mixed_screen,-24580.0,5,138791.0,0.05048210799998287,0.7640488039996853,114211.0,0,6.082415055999945,161803,719,g5c1s1w8,0
408e2d68516f3b5e1f610d1f7fbcaf410a5c4d9240423c925ed2acf777b9b635,0.4012560209999947,5.918221415002449,0,,mixed_screen,7652.0,5,77988.0,0.04437791999998808,0.7568419859987898,85640.0,1,7.574661692000063,161803,719,g5c1s1w8,1
24d949545e7a34838646967b333db8c096342070d27e35fadbe7e5d17bf019ce,0.3082579160000023,5.018118647001188,0,,mixed_screen,-14066.0,1,101127.0,0.04482029100006457,0.8414020759989853,87061.0,0,6.761019419000036,1729,719,g4c1s2w8,0
56378975ca613b10038ca8966c25ae8b9a4d314bb3fae72b23052c4e84358d1e,0.2843290270000125,4.641447136000579,0,,mixed_screen,-14066.0,1,101127.0,0.0458747540000104,0.806296936002127,87061.0,1,6.318204256000058,1729,719,g4c1s2w8,0
31f83959f90cb755709cd2e3928d05056ba28306bea9093f68a5d92208d233fd,0.32711277800001426,5.064309049001849,0,,mixed_screen,-7800.0,1,110262.0,0.045301931000039986,0.7596600629992736,102462.0,0,6.6554017590000285,2718,719,g4c1s2w8,0
100ff8b4ef46c0af55f1bb9abee5727ed17a950e3abe2c2b815f35f2c7089be0,0.3291223709999258,5.124604435000606,0,,mixed_screen,-7800.0,1,110262.0,0.05064843800005292,0.7648405589991398,102462.0,1,6.739561852000065,2718,719,g4c1s2w8,0
a2fa9ea0f84b0d13febbd60139f7a79b9162efc3f90f4ca99497b0d6a4b0e02a,1.3926901819999102,6.562700771999744,0,,mixed_screen,18702.0,1,128119.0,0.5522004460000289,1.3435405090001495,146821.0,0,8.798199872000055,31415,719,g4c1s2w8,1
473a37ae56801268f08f81d45862919cd5eb7b4ee7db3005d46f1f054be15ee3,1.3787317659999871,6.486821102001159,0,,mixed_screen,18702.0,1,128119.0,0.04636333600001308,0.8211384729992233,146821.0,1,8.195915901000035,31415,719,g4c1s2w8,1
8611ab4f83ca8e615774cc953c88d1c89ca7391dd7faadbc38799abc5ca186bf,0.2310038660000373,4.159861946998376,0,,mixed_screen,1200.0,1,121170.0,0.04279994599994552,0.7769069060028642,122370.0,0,5.811210561000053,161803,719,g4c1s2w8,1
66e4f764ad0a799f2468ffdc3b9f9a1a19fba3c1d65f020a2b91180802c97278,0.3187926499999776,4.061655610000116,0,,mixed_screen,-4435.0,1,108438.0,0.04272219199992833,0.8070019309991494,104003.0,1,5.760447540999962,161803,719,g4c1s2w8,0
83fa4735007ac55663f87bc2f9aa164dc3a4df9d1038bf133c4753c24b852b8f,0.7542345809999915,5.595050559999095,0,,mixed_screen,-12292.0,5,128311.0,0.05061663000003591,0.7379793320009185,116019.0,0,7.20375297999999,1729,719,g4c1s2w8,0
3eaba002daaf0886717fee8a11e74f6bcdb2c8a698ecd3b3279366d428607e67,0.7937386510000124,5.6499209399981964,0,,mixed_screen,-12292.0,5,128311.0,0.045175673000017014,0.7332533500003819,116019.0,1,7.261481107999998,1729,719,g4c1s2w8,0
762d6df538379c78f7d123555c1b9f52703e05968540780ef4ff63b5b0ed8c54,0.23851481499991678,4.181950318998815,0,,mixed_screen,-6268.0,5,105894.0,0.043260392999968644,0.7124573259980025,99626.0,0,5.737286016999974,2718,719,g4c1s2w8,0
197a2b393c98c5aa951ace22a60738e3b4d8126e246b842c5e0015fe157d0380,0.2285026370000196,4.200607770999454,0,,mixed_screen,-6268.0,5,105894.0,0.04390700800001923,0.7430956409998544,99626.0,1,5.814426001000015,2718,719,g4c1s2w8,0
10c53d678c2d443137c1efd118ec3c109b8627ba11a83c79ee0f1c1591fe1f62,0.37524221499995747,5.12767052600168,0,,mixed_screen,-8923.0,5,116673.0,0.0557752460000529,0.7167614649978304,107750.0,0,6.747518674999924,31415,719,g4c1s2w8,0
f760915b7f21e489b7fc6dd1c6fe5dfa11e00a666c8d0de81034b019d47dee28,0.38294364199998654,4.750446573999511,0,,mixed_screen,-12440.0,5,119869.0,0.48019707200000994,1.1962702559990248,107429.0,1,6.856904222000026,31415,719,g4c1s2w8,0
3d852aeccf3304f6f182f99e89664ac7c30b89adbeb78c0afd1a5b85ed1e4f18,0.3556230599999708,4.29974163400027,0,,mixed_screen,6339.0,5,131029.0,0.04356107499995687,0.6361903109989271,137368.0,0,5.776095684999973,161803,719,g4c1s2w8,1
3781a734b4fe0513aeee672ddef87aa9b4ce192b70331161032924bb894d4ea0,0.34807918000001337,4.290118180999684,0,,mixed_screen,6340.0,5,131028.0,0.04301823499997681,0.6358743399988498,137368.0,1,5.775707413999953,161803,719,g4c1s2w8,1
c60ff3ea136b0ce8f16615d8d0a5e584679cf8b69a70805c94a92b00e61c557d,0.632050812999978,6.306116150002026,0,,mixed_screen,3628.0,1,112316.0,0.05137219899995671,0.8136651969994091,115944.0,0,7.992889225999988,1729,719,g7c0s1w8,1
b5cdd39014d790a2e711dc3475b66c8721bae4e925ec38f7a2539749628ac6d3,0.5869417200000271,6.353242778001004,0,,mixed_screen,3628.0,1,112316.0,0.04775474600000962,0.8066653320009891,115944.0,1,8.061945686999934,1729,719,g7c0s1w8,1
50003f3abfd8d40fbc152c74bcc4ead0fff7e9ab1173b17b0e8532c84914abbe,0.5433580310000252,5.834538604997533,0,,mixed_screen,-2706.0,1,100729.0,0.04408788299997468,0.8029172809989404,98023.0,0,7.526645052999925,2718,719,g7c0s1w8,0
0dd3cb97885f3987f7e934002c20d61d7d8ad6070a2d06023c7cb19bcbfa4914,0.5303217999999106,5.955294695000134,0,,mixed_screen,-2706.0,1,100729.0,0.04366985799993017,0.812800132001712,98023.0,1,7.673482830000012,2718,719,g7c0s1w8,0
7a8725b443d04c3a3dbaa731d2796898d758a6b7bd84bc5471a107fdb9c13133,0.27980755700002646,4.845885771999633,0,,mixed_screen,-18933.0,1,116103.0,0.053514127000084954,0.9049188499983529,97170.0,0,6.670693537000034,31415,719,g7c0s1w8,0
2679a10087b7663875b1a2240d7bade8cf39564a1348b9ae537d9cd0b22535a1,0.34383202200001506,4.656745624000109,0,,mixed_screen,-18931.0,1,116102.0,0.04431811100005234,0.8421436889987035,97171.0,1,6.37677974799999,31415,719,g7c0s1w8,0
d7d85170e5269097dd1cdf5b2f16ed05b67f03e125823af44d5686fe1e3eb753,0.40686559800008126,4.980272605999403,0,,mixed_screen,-9474.0,1,98634.0,0.052907988000015393,0.8636858230009921,89160.0,0,6.785627329000022,161803,719,g7c0s1w8,0
aca17defc0aebf7d30bb108113584199d6e9c39b1630affba43fca8b42bcab74,0.5238599629999499,6.669663707998211,0,,mixed_screen,1386.0,1,69807.0,0.5930573660000391,1.4003854239972497,71193.0,1,9.008044995000091,161803,719,g7c0s1w8,1
821aeb1b05e548542c87f9b5b7eaac251435d1f9fa0d374ad14bca86c560e2a3,0.7287250599999879,6.906816117998233,0,,mixed_screen,-5271.0,5,113420.0,0.04188792399997965,0.7589964010012409,108149.0,0,8.621587005000038,1729,719,g7c0s1w8,0
42992ae08b108fc0983dbf7213f148fc09bc8e6f9e118bd22beaad654a9bde3e,0.7505921120000494,7.2810545399999,0,,mixed_screen,-5271.0,5,113420.0,0.04321519500001614,0.7525736329988604,108149.0,1,9.014262587999951,1729,719,g7c0s1w8,0
761ff1ca2e8c0f9137d5d6f9cbcaeebf9611f43ef442a9e852bb00e6327cb551,0.40471511099997315,5.297475081999437,0,,mixed_screen,-6507.0,5,110825.0,0.04307078600004388,0.6967044210007316,104318.0,0,6.939374452999914,2718,719,g7c0s1w8,0
5a187f254e933c6fb0e05d47eeda572578c2cef6a8fe9acb6d64bd6ff77f9c56,0.37973829200007003,4.993399792000787,0,,mixed_screen,-6507.0,5,110825.0,0.06572521599991887,0.6730365599997867,104318.0,1,6.544306019000032,2718,719,g7c0s1w8,0
3a4af8c231cde39e825e44f3debe5f8e4c3e296446d728904641d6f2fab158f3,0.8318883199999618,6.547440134999761,0,,mixed_screen,-5952.0,5,105931.0,0.04254128299999138,0.7434582199991837,99979.0,0,8.210431757000038,31415,719,g7c0s1w8,0
208fc5ffce746620c797ef92212e02e3acf69847a9a35e5275c81bcc25fbe813,0.9224455999999464,6.783196449001025,0,,mixed_screen,-5952.0,5,105931.0,0.050145616000008886,0.7534711829978278,99979.0,1,8.44749651799998,31415,719,g7c0s1w8,0
a5d46419943c5a5e3faf4386f0abf08d73700374928e9ab46a54ce50534c7a0e,0.3344408979999116,4.769742640998288,0,,mixed_screen,-17089.0,5,111881.0,0.05079650599998331,0.7220444380003528,94792.0,0,6.409090849999984,161803,719,g7c0s1w8,0
e61f1e58e02d2dab96f7e552694875b8e2056e22935340ce52bde3d3b4adebd0,0.37926835199994,6.502231315998415,0,,mixed_screen,4215.0,5,65007.0,0.042652799000052255,0.7592506579989049,69222.0,1,8.241244134999988,161803,719,g7c0s1w8,1
8f354ae74b5f8b3c811f65855555fb21363c81ae800e5c4c11e2784b3b4b64c3,0.3561530470000207,5.534191545001477,0,,mixed_screen,9233.0,1,119060.0,0.5021144929999082,1.2377030259998492,128293.0,0,7.681348725000021,1729,719,g4c2s1w8,1
474fe3acf16efe5d4fa729a11839ca45eeadc36fa6866305407d87937c8cde66,0.40047841399996287,5.736501726999336,0,,mixed_screen,9233.0,1,119060.0,0.04251653599999372,0.8124169220011481,128293.0,1,7.504485380999995,1729,719,g4c2s1w8,1
c92e3bdbe75919ea5db513eb8b002a6a9b1a284a92be2b28f58be7d116f8ac75,0.5983803629999329,6.030256949000886,0,,mixed_screen,-12196.0,1,99069.0,0.06260139599999093,0.9541433179999785,86873.0,0,7.8899748960000124,2718,719,g4c2s1w8,0
38a2408179c7cced7c6715351684b6538c2bbe096cd95db522b493e5ef527158,0.6168229740000015,6.025675189001959,0,,mixed_screen,-12196.0,1,99069.0,0.045749656999987565,0.9835086749986885,86873.0,1,7.916461492000053,2718,719,g4c2s1w8,0
a25cdd64221264a41c307e0946dad1a8fb92b32ba919ae0e52fbf758e8edd774,1.1439083199999232,5.923661983999978,0,,mixed_screen,-88.0,1,111737.0,0.04606881400002294,0.8280688550016748,111649.0,0,7.658945377000009,31415,719,g4c2s1w8,0
f87176f241f22e288344337c491418b6761f7929f8660ff3d0e93d6192b77723,1.273043901000051,6.094936130000065,0,,mixed_screen,-88.0,1,111737.0,0.05477975400003743,0.8587619639996547,111649.0,1,7.850182489000076,31415,719,g4c2s1w8,0
3ba1b6dc4e3de1fa33cb580323cc006a8f0189e5be46f535ce89e6a9742202dd,0.2783494430000246,4.49211345500089,0,,mixed_screen,-5630.0,1,146769.0,0.049689489999991565,0.9312488170004372,141139.0,0,6.407515603999968,161803,719,g4c2s1w8,0
fbd3ff034c671fa38b35e0d8482f5303e06ba969de4e5d90b9c9e1bcd7917931,0.24479576299995642,4.087459980999938,0,,mixed_screen,-5630.0,1,146769.0,0.046435695999889504,0.8217703920018948,141139.0,1,5.796263084999964,161803,719,g4c2s1w8,0
e8f177c2ebc580f8db16e70651a905b3fb0b81e0eec0a8c158fc144ec9f76877,0.8195462080000198,6.881020613998203,0,,mixed_screen,22698.0,5,125113.0,0.04343295900002886,0.696257416000094,147811.0,0,8.567947120999975,1729,719,g4c2s1w8,1
422afcff1e9480ac74baba36f52d13faf1c64f027aabf307be95101bb3f8d783,0.9450617119999833,6.31347031599887,0,,mixed_screen,21970.0,5,125244.0,0.041953360999968936,0.7031078009991916,147214.0,1,7.973326723000014,1729,719,g4c2s1w8,1
c083a75a0d640592564d56c9e60ccd831fecfa8eb9a99dc864620349e111a885,0.7768458320000491,7.409720781001511,0,,mixed_screen,-2706.0,5,103257.0,0.5173806190000505,1.3320321699986835,100551.0,0,9.681624304000024,2718,719,g4c2s1w8,0
66ae45cf2ffdfe4bb5e0074e5abbf61c9b24ebb8b6531131cb4bd306c81961b3,0.8054664320000029,7.5837636910010815,0,,mixed_screen,-2706.0,5,103257.0,0.05274629300004108,0.8660480199996528,100551.0,1,9.427013013000078,2718,719,g4c2s1w8,0
e60d8b846463ce04d7b02c6b6a8b7ff946679b453a7b8df066dac3eca9e0412f,0.30268589399997836,5.021767248999822,0,,mixed_screen,-16403.0,5,112793.0,0.042184080999959406,0.7233865719983896,96390.0,0,6.669296609000071,31415,719,g4c2s1w8,0
d48b1342c4af22427033aa6ca1cbfe96119193e6dabff966196dadbce5d6b334,0.5121668609999688,5.472130650000622,0,,mixed_screen,-16403.0,5,112793.0,0.04392140799996014,0.7599107839952239,96390.0,1,7.191604528000084,31415,719,g4c2s1w8,0
0d96b76e39d64c5f36aae463cc78b56797446255be9aec8f3bf6b7ab68af8467,0.2773640790001082,4.379650798000739,0,,mixed_screen,-1366.0,5,113626.0,0.0432159069998761,0.7892147490058505,112260.0,0,6.08625584299989,161803,719,g4c2s1w8,0
5264a7445db815e0c68fda88537141c5f896d152e64a275f742891df59158f46,0.33746313500000724,4.515925668997852,0,,mixed_screen,-1366.0,5,113626.0,0.045315462999951706,0.7774204359952819,112260.0,1,6.200325041000042,161803,719,g4c2s1w8,0
3ed583a4fa95bbc08663b780cbd4d53c6edb9ac9079b7cda864df0e07d780d83,0.33530835699980344,5.993588798997735,0,,native_sales_screen,1326.0,1,98096.0,0.10167060499998115,1.268557997996595,99422.0,1,8.47721330100012,1729,719,cash_lag05,1
fba12530130e521d226fddc59952612d9cbcf7a868a6803026212f82fcea2b25,0.7196292930000254,11.83406622800203,0,,native_sales_screen,1326.0,1,98096.0,0.48803953199990247,2.78213655300101,99422.0,0,17.073441602999992,1729,719,cash_lag05,1
da04beeb36457a4e4c3d16d67a32d5cb17d0eb2b1d4dcb776744f59fe30c7abb,0.6936249480002061,9.314074886997787,0,,native_sales_screen,-6715.0,1,86254.0,0.09070674999998118,1.8785359829962545,79539.0,0,13.157847006000111,2718,719,cash_lag05,0
df9ef514cb6a81ac2be857f3d99204c696b63e44ec00415661e889a54834ce4a,0.808128189999934,13.558527140000024,0,,native_sales_screen,-6715.0,1,86254.0,0.1971940230000655,2.260410607002541,79539.0,1,18.51439758000015,2718,719,cash_lag05,0
ef453ba313983519db611542eadc260dddc3369819fdd5094ed9fd6ab5e567fd,0.872160919999942,12.328155680000236,0,,native_sales_screen,-5396.0,1,107164.0,0.15750027600006433,2.829200269998182,101768.0,0,17.734850268999935,31415,719,cash_lag05,0
9c6da15a26aa38a9d853dab49d34e04e845243a73eb68553d3e847e87c31f6a5,0.9161802999999509,12.671676140996396,0,,native_sales_screen,-7291.0,1,106362.0,0.17490071599991097,2.7613107809952453,99071.0,1,17.983509556999934,31415,719,cash_lag05,0
a2de9922324ac3c932747f7cd2f0f38c5a266b27af95c35d97054c470d1cb436,2.0920415169998705,19.1922575660019,0,,native_sales_screen,-1345.0,1,95966.0,0.13859433200013882,2.342613619000076,94621.0,0,24.24024409399999,161803,719,cash_lag05,0
426f03e5c541a41cc156baed51d108dc34dc0928877e69506d0927f00abf9208,1.4643675990000702,13.970695437001496,0,,native_sales_screen,-5851.0,1,98795.0,0.13335938600016561,2.4276107230007256,92944.0,1,19.11529121700005,161803,719,cash_lag05,0
9977a9ac552544b4b8442700ba52fb57f8f415219648b5a41d86eb04774b36b9,0.8425445279999622,10.157504744998505,0,,native_sales_screen,-4763.0,5,98238.0,0.1283883539999806,1.1612033939973117,93475.0,0,12.875387221999972,1729,719,cash_lag05,0
90da218e2cb0258bc391658bebfff2840a033fb35e0da9a4d4edb3c910a3bfb3,0.44284624499982783,6.3928103269981875,0,,native_sales_screen,-11726.0,5,92839.0,0.07108251799991194,0.9507774819962833,81113.0,0,8.556882148000113,2718,719,cash_lag05,0
4a91823c663a32ed0b05447e1f25465ee49df8efc6700d78e6544c62e69ee30e,0.9736607180000192,12.92640367599256,0,,native_sales_screen,-4763.0,5,98238.0,0.16020578100005878,1.5514761259951229,93475.0,1,17.03000204,1729,719,cash_lag05,0
8eb7ba59a501f3ac9f6d99b3054baffb8f366bdc0f482da4952453807ff6cf09,0.48381608900012907,6.244144722996225,0,,native_sales_screen,-11726.0,5,92839.0,0.08008967099999609,0.9345026270009384,81113.0,1,8.364224519000118,2718,719,cash_lag05,0
7623cc11e7fdf0894d414eded857f21b765d67d4e30546c5b95ad19b9af201a8,0.37632242700010465,6.107874529999208,0,,native_sales_screen,31963.0,5,97631.0,0.05959092199987026,0.8266055099961704,129594.0,0,7.838880385000039,31415,719,cash_lag05,1
14e9e0dc3c9b60271e9e1e2af9f34f4cf95d147c6b7904f8392486233b0ce1b2,0.35993317700012994,5.386804214994527,0,,native_sales_screen,31419.0,5,95903.0,0.05499544999997852,0.7947673370019857,127322.0,1,7.077362939000068,31415,719,cash_lag05,1
b004fef20cfcf9530291825d9fd48848568f0652efef89bad4ca4ef586766509,1.0243946499999765,6.661446816998932,0,,native_sales_screen,-3316.0,5,110191.0,0.06703624300007505,0.7364933600040331,106875.0,0,8.28794731899984,161803,719,cash_lag05,0
9b92f08e417378927c27925629b608a3af03748f7df8c5973a43e5e121e278a0,1.249257449000197,7.7081178710002405,0,,native_sales_screen,-3316.0,5,110191.0,0.04348688200002471,0.8024466299998494,106875.0,1,9.524690678999832,161803,719,cash_lag05,0
ad6eb458a5c6ae961d58e7761dc43eeb5db9f4b8fa97f14bc560ff3bd04adc47,1.3268798669998887,8.024919400000726,0,,native_sales_screen,1734.0,1,93337.0,0.07022197800006325,1.2495373250037574,95071.0,0,10.313420995000115,1729,719,public_native,1
250dc08dc8da701e2d674dcabbdf11513d7cc47d7a7c533105deafc735655ee6,1.0075531570000749,7.684444117001249,0,,native_sales_screen,1734.0,1,93337.0,0.04462577499998588,1.1123737949942551,95071.0,1,10.019134029000043,1729,719,public_native,1
49bf82269ebae2e13ce0e944da663324a727fb2e4ca87df055314b3f769337ad,0.4024570520000452,5.792947875002255,0,,native_sales_screen,-4209.0,1,84863.0,0.0696510360000957,0.9433717659962895,80654.0,0,7.7463521450001736,2718,719,public_native,0
35ef9fa36fcfb176cf606c117ac3435ad3b0717c849caf96c3c7a85feccf8f22,0.4082623589999912,4.933991546002289,0,,native_sales_screen,-4209.0,1,84863.0,0.05398034699987875,0.8473303969994959,80654.0,1,7.162383709000096,2718,719,public_native,0
e1c7031da4f64fca719d5d3f2b9b336c0d7bf1896fb5d97660a9522595f41c90,0.4055784060001315,6.317108239002437,0,,native_sales_screen,-10866.0,1,98032.0,0.4878316449999147,1.4306335689980187,87166.0,0,8.713250093999932,31415,719,public_native,0
ee1a953a94f575efb5b172c47c9fe9a646ad6d5ad5ccc77dce9eef6d620f131e,0.4398231499999383,6.37200727000095,0,,native_sales_screen,-10866.0,1,98032.0,0.044317943000123705,0.9397661589969175,87166.0,1,8.238018299000032,31415,719,public_native,0
cef475221ac0b0290209134be6c2a8ca02ea5fb7ba5f0921de30aaf157545c5f,0.4794294929999978,5.228356319999648,0,,native_sales_screen,-2778.0,1,107489.0,0.041843161000088,0.8174296539980332,104711.0,0,6.950758498000141,161803,719,public_native,0
9aa2e7d5aca2233e1fcfb2c8c435790e32d7d3f4e45c32d10f0fcc7d52f3b8b2,0.37792970099985723,5.684503221002387,0,,native_sales_screen,-2351.0,1,96559.0,0.04551375099981669,0.8779565079967142,94208.0,1,7.522791049000034,161803,719,public_native,0
3635ffcee05dc882fadad7a3d91a281c5fdf24a23d38ac81df11a3f15103dd3f,0.2880856120000317,4.24845217100119,0,,native_sales_screen,342.0,5,98908.0,0.05267900200010445,0.7356916669984912,99250.0,0,5.8896948879998945,1729,719,public_native,1
1d9a1a5a223f2178bbc43c210673865945a806ba349b629d118346508944dff0,0.27346712400003526,4.262635183995826,0,,native_sales_screen,342.0,5,98908.0,0.042956374999903346,0.7753893809963301,99250.0,1,5.97331669800019,1729,719,public_native,1
32841601502722ee882d84bb300ed2a8115afb2837820c7b4d86dc5298711f76,0.46181954400003633,5.323126330001287,0,,native_sales_screen,-4576.0,5,89438.0,0.04689296700007617,0.7845841630012274,84862.0,0,7.123381920999918,2718,719,public_native,0
be0ee9f1a34b748934f2a92a04c5ede45d107f31e66eed92efc1e0f12d38703a,0.4474591480000072,5.517839056001094,0,,native_sales_screen,-4576.0,5,89438.0,0.05544426799997382,0.7991862619983294,84862.0,1,7.348419925000144,2718,719,public_native,0
20f98a12b3270911ad194e0a91db5086e080b7c48f372b3db13ac0bf13eac854,0.34146494499987057,5.437053526997715,0,,native_sales_screen,-4004.0,5,88745.0,0.04569482000010794,0.8880024209986459,84741.0,0,7.2837906469999325,31415,719,public_native,0
94be25d98d5e8907f2bac5d859c03fbb004e9c1e0b288d57f3e311ef848e5038,0.2891989819997889,5.0662852189998375,0,,native_sales_screen,-4004.0,5,88745.0,0.057700477000025785,0.8653253429974939,84741.0,1,6.85712658500006,31415,719,public_native,0
cb091390a895ec5debf8dc9db9e9e60d3e33792fe34862635d2a6a19230470e3,0.3704541929998868,5.879710779000106,0,,native_sales_screen,-1847.0,5,85648.0,0.06271423099997264,0.7200573069994789,83801.0,0,7.510963801999878,161803,719,public_native,0
ad6549bbeea3e47fe344147999fdf207bb4040c8301331655765af974d7de614,0.4114004810001006,5.816898544998139,0,,native_sales_screen,-1847.0,5,85648.0,0.04430617799994252,0.6817648970027221,83801.0,1,7.401227571999925,161803,719,public_native,0
3e3aea3079465c437f0278bf0fceb2a3e1588ec970985b5bb4547ea04144e91a,0.6047576359999312,5.6000201810009,0,,native_sales_screen,-2076.0,1,96223.0,0.04425800900003196,0.8021910159977779,94147.0,0,7.298942883000109,1729,719,public_native_slot,0
c765880e1884be85c3b03d71c32619beaaab8af593fb915aa1a4bb6d5817dcb0,0.6442930829998659,5.672272780998355,0,,native_sales_screen,-2076.0,1,96223.0,0.049340173000018694,0.8253780200013807,94147.0,1,7.405956470000092,1729,719,public_native_slot,0
ed1fb600b581716371ea2505fde792bf764cc11148adcff3cc5da2a1e5ef3318,0.3711720180001521,4.750510674001134,0,,native_sales_screen,-4517.0,1,84567.0,0.05178247100002409,0.8036636660001477,80050.0,0,6.445042073999957,2718,719,public_native_slot,0
42bd6b7c412aec5420d870491a4eb2331582913f041c2ba3c0d06bc936268643,0.3577813009999318,4.79414750900105,0,,native_sales_screen,-4517.0,1,84567.0,0.04371303599987186,0.8095988409979782,80050.0,1,6.464839871000095,2718,719,public_native_slot,0
63bc26a5ac06c3bb9bad6a8d3c000c1286bfb6bdbd1576ca1e69678a03f1f033,0.3769476110001051,5.706749187000014,0,,native_sales_screen,-11971.0,1,97784.0,0.04535709199990379,0.9025007929992626,85813.0,0,7.491179671000054,31415,719,public_native_slot,0
a4b0aa1a181c33cd66ef13beeb1b1374d411bad9ca7d573a382bb527c61b8ea2,0.3809255679998387,5.797816450997516,0,,native_sales_screen,-11971.0,1,97784.0,0.5194790660000308,1.4085575220005921,85813.0,1,8.135355389999859,31415,719,public_native_slot,0
5cbd9eb16ba5ae4caee0036d131f0eccb391259f9de916cb9686a00c53a8b8b9,0.4156311369999912,4.947377171000653,0,,native_sales_screen,-10.0,1,85097.0,0.041753881000204274,0.7823891810030545,85087.0,0,6.601419665999856,161803,719,public_native_slot,0
3558e66471669284c034db4b82beab8a5967e9cbf47d707932a2e4a658ed8e39,0.38988550899989605,5.993048589000182,0,,native_sales_screen,-873.0,1,95977.0,0.05064803300001586,0.8997298899985253,95104.0,1,7.828948158999992,161803,719,public_native_slot,0
b00f3d8b0150164e1e084a2e9d4d926976e439261daec82eb1a0f789c22b0cc0,0.321287434000169,4.095186877998913,0,,native_sales_screen,-5256.0,5,103816.0,0.5884099250001782,1.2936273700074707,98560.0,0,6.260693501000105,1729,719,public_native_slot,0
d045de26264a0e8abc41ff98238e1f05376937f4140cfe50072235039b395111,0.2788388769999983,3.912195728997176,0,,native_sales_screen,-5256.0,5,103816.0,0.047273920999941765,0.7129916449957818,98560.0,1,5.493424518999973,1729,719,public_native_slot,0
3207e02cc1a7ad5579bbfae15da7fbffc7e2d34d431ced330f3f4a7e23f61caa,0.48825248999992255,5.608116288001611,0,,native_sales_screen,-8428.0,5,85081.0,0.044955218000040986,0.6913699190004081,76653.0,0,7.141245236000032,2718,719,public_native_slot,0
1f55359970373d506e57f6f6fd14e1f2a4da34b3060d3243ef1bceb07182bd34,0.49748072000011234,5.758484320995876,0,,native_sales_screen,-8428.0,5,85081.0,0.042231436999827565,0.689120211997988,76653.0,1,7.313738623000063,2718,719,public_native_slot,0
2165145e4550297b20d9f3c0db88b8d28e10eaf4c5e7825002d500fe30a61e18,0.2659852799999953,4.39931983800102,0,,native_sales_screen,-5217.0,5,94624.0,0.05077126599985604,0.7570583109966265,89407.0,0,5.980925313999933,31415,719,public_native_slot,0
86083b8db53e7f2547c4026cb80aaae8b648ddae4e77b42061f79e163df0acc5,0.2653620910000427,4.414654129002429,0,,native_sales_screen,-5217.0,5,94624.0,0.044588306000150624,0.7717100280019622,89407.0,1,6.02008996099994,31415,719,public_native_slot,0
0fcab97aedc2010a74030fd8617b5f3c6d5edbea3e78c36b14972f4d902997a5,0.3440975769999568,4.6679561579962865,0,,native_sales_screen,-10998.0,5,91475.0,0.041754542000035144,0.6737322199999198,80477.0,0,6.196468490999905,161803,719,public_native_slot,0
ec0b040c36244297e164c847c020f4881716a51b67f8bf291a0d63bda9447eca,0.33944605300007424,4.670900027995231,0,,native_sales_screen,-10998.0,5,91475.0,0.04439582200006953,0.6603307850027704,80477.0,1,6.211864692000063,161803,719,public_native_slot,0
756c0542a5a59dde70aabcfa9d722bfa0f86f2acc4541a963d44dc5573b01abd,0.2839399249999133,4.3072850580026625,0,,native_sales_screen,1364.0,1,90850.0,0.054827515999932075,0.771712902000445,92214.0,0,5.903117526999949,1729,719,public_native_rank,1
efc27eada1bfcdbf3fa6320592273f1522752da1eea204e299ac9b5bfbfa6add,0.31281345699994745,4.673955602998376,0,,native_sales_screen,1364.0,1,90850.0,0.051994583000123384,0.8724954329998127,92214.0,1,6.48214591399983,1729,719,public_native_rank,1
03309cf7d4d9391387fd5ebda7752e60e5e4724674eaa418c3e44f4bad1b2fef,0.4480437489999076,5.435218678001775,0,,native_sales_screen,-4399.0,1,84330.0,0.045171037999807595,0.9278712780042042,79931.0,0,7.377180838000186,2718,719,public_native_rank,0
05ed157b54fd2bf49dfccc950751e2c1d0f8c6669b24f353cc9ba883f5847cec,0.3696104910000031,5.241208967004468,0,,native_sales_screen,-4399.0,1,84330.0,0.05665976599993883,0.8852929839986245,79931.0,1,7.062652197999796,2718,719,public_native_rank,0
6de39a7b194f86a5d5e05f85c836f49f425f18c396ddd856ffbde8fd28232fc7,0.4522274539999671,6.097212704003596,0,,native_sales_screen,-12966.0,1,111932.0,0.05434615500007567,0.9205016730011266,98966.0,0,7.9203015139999025,31415,719,public_native_rank,0
a9c06b1446996a24421fdbed362f11ee65aa634e640628d385b3effb1d7e9fd3,0.470305203999942,6.506721572002107,0,,native_sales_screen,-12966.0,1,111932.0,0.050600829999893904,1.0747982090047117,98966.0,1,8.608869873999993,31415,719,public_native_rank,0
a2c49fd5d23e71ce66afad68d1f840eedbd9044c34c12abca324b13be57caa65,0.8103307410001435,6.104054903998758,0,,native_sales_screen,-13329.0,1,102409.0,0.04440158100010194,1.153085507001606,89080.0,0,8.424878428000056,161803,719,public_native_rank,0
dd7b5fa5f38b6ff4d06a2d9db9e9b0a747b43fd9f8f8ae4f0e1ff9d3c5673a11,0.6281493699998464,7.9871512299994265,0,,native_sales_screen,-4811.0,1,86753.0,0.6507305759998872,1.8260457639958076,81942.0,1,11.058968568999944,161803,719,public_native_rank,0
fec850f0ea8b060781278fa43bb37d6776f76b2d6ee385f7e7ede89b14be718c,1.163020718000098,7.630635836001147,0,,native_sales_screen,-12718.0,5,104451.0,0.0728264870001567,1.084500448006338,91733.0,0,9.941587267999921,1729,719,public_native_rank,0
6406ee560cf4736f587051bda427d5ac83a2f1e1bd98783546a020531ef31594,1.170202623999785,7.799687836997919,0,,native_sales_screen,-12718.0,5,104451.0,0.04440655300004437,1.2089411719975942,91733.0,1,10.247208841999964,1729,719,public_native_rank,0
f290b1820739bff85a5efc45ad653bb13791eb7ef104ac774eaf495ee4ead060,0.42832911699997567,6.211733728000809,0,,native_sales_screen,-10201.0,5,86355.0,0.6119378070000039,1.717887969001822,76154.0,0,9.234669696000083,2718,719,public_native_rank,0
c38f78db271d6d225444e29410d9a0594c6d8b25126a91069c2f1dd19aa62b5b,0.3993344180000804,5.950323718002437,0,,native_sales_screen,-10201.0,5,86355.0,0.05055490900008408,0.9310304229989015,76154.0,1,8.166124323999838,2718,719,public_native_rank,0
8e17560fd76ac5470092976b61037dedee4f43facd89f3c68c36aec7777dcc1a,0.4250879089997852,6.358179168003517,0,,native_sales_screen,-5538.0,5,94954.0,0.09615458799999033,1.0166060649994506,89416.0,0,8.555734319999829,31415,719,public_native_rank,0
7976791afdd16a1d2fd3acd88c2cdde99ee567591d0af3b92b53b8c02b190f8e,0.39205654299985326,6.015751482004362,0,,native_sales_screen,-5538.0,5,94954.0,0.06328200699999798,1.030968035995329,89416.0,1,8.179186088999813,31415,719,public_native_rank,0
3c551f4dacffbd3f7a071afafcf05d1abfc24b906a3b8e71a3e9ce08712a4b8e,0.44223224699999264,6.459745568996823,0,,native_sales_screen,-5162.0,5,90266.0,0.06378930699997909,0.8706379619977724,85104.0,0,8.485228206000102,161803,719,public_native_rank,0
5de23cb00f5a6e2b2919b11ce6a2d725d5d2b7d7b35683a90084110df188fbb3,0.35656651299996156,5.451793197001052,0,,native_sales_screen,-6582.0,5,104902.0,0.08715836399983345,0.7584015390004879,98320.0,1,7.223599584999874,161803,719,public_native_rank,0
42c888d422eeb3e59655d5cb43b0d10f778f914c10c5609c6b362fbb31b05986,0.6872559600000159,5.5919553070004895,0,,opening_screen,-1352.0,1,119814.0,0.19939348899998777,1.04814616200008,118462.0,1,7.705410099999995,2718,719,g8_public,0
5b5058cd0fe71b95b0fc26be29ce72d656c125854c91e40df2ea358b89b1b972,0.4007798040000239,5.721935391999125,0,,opening_screen,3223.0,1,116942.0,0.07804881499998828,0.8567644240005734,120165.0,1,7.730806546999986,1729,719,g8_public,1
3be77c8f3969e4357c5e0be8bcb2f93101417dc2cb2f8b0997a33efb0a0f0c19,0.6300541789999556,5.647416322001334,0,,opening_screen,-1352.0,1,119814.0,0.17292567500004452,1.057215936000091,118462.0,0,7.825741796999978,2718,719,g8_public,0
91cebe6d6dcfaae85afe06e01271b6f36aa6ee3919275adcf938e382b63fcd52,0.33889851600002885,5.764843630998371,0,,opening_screen,2688.0,1,117415.0,0.0812778129999856,0.8932175169995276,120103.0,0,7.837175924000007,1729,719,g8_public,1
8d72ac147ea623e2346b0e0c4a5d069fca773e64f0fd6c64750091c731f83605,0.22297279699995443,3.8864351439993925,0,,opening_screen,-19847.0,1,137360.0,0.044315046999997776,0.9070313670003429,117513.0,1,5.928741076999984,161803,719,g8_public,0
b10f726f2d86179b34a2e34f4c49e1049ffe6036d05df82382f5c59669ad3441,0.29544384399997625,4.611160611000628,0,,opening_screen,-1980.0,1,99305.0,0.05788662000003342,0.9369751590012356,97325.0,0,6.504504214000008,161803,719,g8_public,0
3f9d58f690740fbd4a6d26138e242d450e734b13f131fe436c5cd8efaf6e1a3c,0.4057020149999744,4.811966774000382,0,,opening_screen,-19000.0,1,130974.0,0.0796691790000068,0.9292107370002896,111974.0,0,6.692644761999986,31415,719,g8_public,0
31b4f3b7d61831b2dc71e47672de8812c432c50508717557987980af39d6ddd3,0.3738536559999943,5.672674594999762,0,,opening_screen,-14559.0,1,126336.0,0.044888363000040954,0.9229169469998055,111777.0,1,7.727171621000025,31415,719,g8_public,0
7e90299225b69c2a94d12162e86dca727081b28fe50d7a86bbeacf76155c1e88,0.3497132630000124,4.88301138999924,0,,opening_screen,-13935.0,5,104781.0,0.05924773799995364,0.7526161489995502,90846.0,0,6.5196492910000075,1729,719,g8_public,0
6731113e129aa227d181d3213461952ed775441cc583d15adbbc7e70033607ea,0.32334337899999355,4.964930613999911,0,,opening_screen,-13935.0,5,104781.0,0.056826262000015504,0.7602142239996397,90846.0,1,6.61539583800004,1729,719,g8_public,0
3fc4bba74c3f9037cfb5113d5e80b626df74a0cbe2e93bc5cf74fa3a58436331,0.41429818299997123,5.587809737999294,0,,opening_screen,4230.0,5,126707.0,0.059512560000030135,0.8395961420001186,130937.0,0,7.417229545999987,2718,719,g8_public,1
ec72075573ff01164e14df1f03a12f27600a4c8dd0d04e9645c7ff990b786122,0.41944376300000386,5.551176021999936,0,,opening_screen,4230.0,5,126707.0,0.0643007009999792,0.864975092000634,130937.0,1,7.381047900999988,2718,719,g8_public,1
84d5a06cc579645906c9e769e816d5142aa9c88717c5636cbce9bfb3dd1ec3c2,0.23484923499995602,4.417002262999517,0,,opening_screen,-17138.0,5,146231.0,0.07377452099996162,0.8653232039999352,129093.0,1,6.268840710000006,161803,719,g8_public,0
7fa92be245a4ce12cbd3871cf59962fcad515b216a32983eab09db4610295788,0.7115528319999953,7.223766716999876,0,,opening_screen,22008.0,5,114421.0,0.08030819200001815,0.921301598000241,136429.0,0,9.183323631000007,31415,719,g8_public,1
95ec3137ed1ed9fb730d09d8170965bd263493a165ec43765ed5d86d343adf7d,0.4333807940000156,6.188094588000297,0,,opening_screen,3121.0,5,85893.0,0.05715761100003647,0.9280708949998484,89014.0,0,8.12459811900004,161803,719,g8_public,1
b7417c9cc5c1f42d013e7f5de0a786bdd7fa1578e32cf7d05ef001d8acb9583f,0.697291516000007,7.158024181999849,0,,opening_screen,22004.0,5,114423.0,0.08544643899995208,0.884572680000872,136427.0,1,9.033212779999985,31415,719,g8_public,1
a056943cec6bb6a92edf3e6c7799fce36adedc6b0a8e81c59b1b35a7e1f6c846,0.4737896430000319,5.339188778999187,0,,opening_screen,-9109.0,1,105811.0,0.05960511799997903,1.0285483559999307,96702.0,0,7.328784987999995,2718,719,g6m3_public,0
8802faf2c7cfec4d433eb4d27f06e49a34b55e86bc0d82bad716c2d315c5ed9a,0.43431789900000695,5.508245689999853,0,,opening_screen,-9109.0,1,105811.0,0.06485297799997625,1.012428765999573,96702.0,1,7.4988018139999895,2718,719,g6m3_public,0
f4337c46806e221c8084dbe92bce5bfec0a345d8fe87a17b2305968cdb302e98,0.40086060599998063,6.464667317998931,0,,opening_screen,6154.0,1,103841.0,0.05590516300003401,0.962917455001616,109995.0,0,8.434779410000033,1729,719,g6m3_public,1
7df82aa3ede56504a9897832af32263dea430422d5a623674a7cacff44fbcaa5,0.43953833000000486,6.5744392350008525,0,,opening_screen,6163.0,1,103884.0,0.06815496500001927,0.9881224520004253,110047.0,1,8.597635679000007,1729,719,g6m3_public,1
63cf7b9a2a7bfc4f2008efc4e318fdac9947aa59e82377e17d6add210490815e,0.30731915099994467,4.146133488000146,0,,opening_screen,-30624.0,1,131604.0,0.091303655000047,0.9314422229995216,100980.0,0,5.974712001,161803,719,g6m3_public,0
871f1a08b113293c79ea3b32072a2555a88c1fec465893bd47739aff42019317,0.4493317129999923,5.052638755000771,0,,opening_screen,2162.0,1,144446.0,0.06388080400000717,0.9196725499992908,146608.0,0,6.913548771000023,31415,719,g6m3_public,1
3bae4f719905cd7c4b93175dff48f066d0ff754e97d04e9ed1292abf376b56e5,0.4561539679999669,5.108489764000353,0,,opening_screen,2167.0,1,144444.0,0.06492036100001997,0.886810907000438,146611.0,1,6.8972673389999954,31415,719,g6m3_public,1
c5dbd3a1581a241d6448360cfb065f217b290ee4f545131ae11d9017882e8222,0.2732547489999888,4.758173528997645,0,,opening_screen,-40633.0,1,146969.0,0.07099810699997988,0.9431283299994107,106336.0,1,6.656169079999984,161803,719,g6m3_public,0
4a248aeaa5d6b4d3dfa5dde74d0e26c876b95a63c0e35526591e041a6c79ddcb,0.3423529140000028,4.439965024999992,0,,opening_screen,-22503.0,5,111082.0,0.06606008300002486,0.7490097879999666,88579.0,0,6.124839683999994,1729,719,g6m3_public,0
26838ace227cffa3c491405388b8c25d5155cce02845107e70f30aaf1b8a03c3,0.30613593499998615,4.296379261000027,0,,opening_screen,-22503.0,5,111082.0,0.06304106400000364,0.7171619389988564,88579.0,1,5.903864574000011,1729,719,g6m3_public,0
55ee567405fff9350c53a4add76ac13143489711c79414985c58a09caba7a404,0.4346202309999967,5.3063632900000925,0,,opening_screen,-20083.0,5,111921.0,0.06076747599996679,0.8314672649998442,91838.0,0,7.081430084999965,2718,719,g6m3_public,0
a78cb3c6adf252c0ea73c541da30bf600d45932e19d7da52d1f551b922c76ad9,0.35098307900000236,5.201902354000481,0,,opening_screen,-20083.0,5,111921.0,0.06414428400000816,0.8198032570001033,91838.0,1,6.925071973000001,2718,719,g6m3_public,0
4da0ce8f814178167c916c92ea249e0b5965979c0b90cf772651aa30409946b2,0.3218947889999981,3.9978154660001337,0,,opening_screen,-28085.0,5,123340.0,0.06657499599998573,0.7865795880000519,95255.0,0,5.663507289999984,31415,719,g6m3_public,0
dc36f828dcf55759cd1445a662fc62e4df030eb16e3b37972ef093716599626f,0.21976089099996443,3.624633435000419,0,,opening_screen,-20566.0,5,175289.0,0.0574613239999735,0.7831686459996945,154723.0,1,5.319834494999952,31415,719,g6m3_public,0
c5395342b81bb95dfca50a346ae83c970eb82863e48b71c5cc5d1896fa252278,0.2625092319999567,3.9046406349998506,0,,opening_screen,-28449.0,5,164806.0,0.06802060100000062,0.7143682979997266,136357.0,0,5.465082337000013,161803,719,g6m3_public,0
1222913c0a77ac29e666cf5ea186395cc72bd04e779de5d0cc3966b2559782c6,0.2543863650000162,3.825478629000827,0,,opening_screen,-28445.0,5,164804.0,0.055069349999996575,0.7190237589992989,136359.0,1,5.406077838999977,161803,719,g6m3_public,0
ad6eb458a5c6ae961d58e7761dc43eeb5db9f4b8fa97f14bc560ff3bd04adc47,0.8669670990000213,5.757477501000096,0,,opening_screen,1734.0,1,93337.0,0.06712558899999976,0.8374553100006779,95071.0,0,7.526932366999972,1729,719,public_screen,1
250dc08dc8da701e2d674dcabbdf11513d7cc47d7a7c533105deafc735655ee6,0.8605579769999849,6.095201995998934,0,,opening_screen,1734.0,1,93337.0,0.05595302599999741,0.8623860120001154,95071.0,1,7.925842192000005,1729,719,public_screen,1
49bf82269ebae2e13ce0e944da663324a727fb2e4ca87df055314b3f769337ad,0.38857326099997636,5.172915704001014,0,,opening_screen,-4209.0,1,84863.0,0.07755233900002168,0.8959207560008053,80654.0,0,7.024327808999999,2718,719,public_screen,0
35ef9fa36fcfb176cf606c117ac3435ad3b0717c849caf96c3c7a85feccf8f22,0.3825716520000242,5.163468117000264,0,,opening_screen,-4209.0,1,84863.0,0.05822348899999952,0.9084860500008745,80654.0,1,7.042132959000014,2718,719,public_screen,0
e1c7031da4f64fca719d5d3f2b9b336c0d7bf1896fb5d97660a9522595f41c90,0.38666342499999473,5.974615399999095,0,,opening_screen,-10866.0,1,98032.0,0.05629446199998256,0.9574810089994799,87166.0,0,7.876092484000026,31415,719,public_screen,0
ee1a953a94f575efb5b172c47c9fe9a646ad6d5ad5ccc77dce9eef6d620f131e,0.35941491900001665,5.454282713001021,0,,opening_screen,-10866.0,1,98032.0,0.4652549699999895,1.3209459750002566,87166.0,1,7.6481895569999665,31415,719,public_screen,0
cef475221ac0b0290209134be6c2a8ca02ea5fb7ba5f0921de30aaf157545c5f,0.4710731600000031,5.487160445999223,0,,opening_screen,-2778.0,1,107489.0,0.45937927599999284,1.3256700640001782,104711.0,0,7.788476737999986,161803,719,public_screen,0
4464e54d86d2197747e95225b3ec13315768a2ea5e14b59ce064efc31d94bcd2,0.3914151870000069,5.850292707999529,0,,opening_screen,-3592.0,1,99580.0,0.06549168300000474,0.8785181149989967,95988.0,1,7.683223370999997,161803,719,public_screen,0
1d9a1a5a223f2178bbc43c210673865945a806ba349b629d118346508944dff0,0.2714043199999878,4.319028236000918,0,,opening_screen,342.0,5,98908.0,0.04242394299996022,0.7827160020009956,99250.0,1,6.106143032999967,1729,719,public_screen,1
3635ffcee05dc882fadad7a3d91a281c5fdf24a23d38ac81df11a3f15103dd3f,0.3095611299999632,4.574692907000724,0,,opening_screen,342.0,5,98908.0,0.5819866780000211,1.3703060780001124,99250.0,0,6.975086272999988,1729,719,public_screen,1
32841601502722ee882d84bb300ed2a8115afb2837820c7b4d86dc5298711f76,0.5540686200000096,5.221937487998787,0,,opening_screen,-4576.0,5,89438.0,0.0443500900000231,0.8672161490002281,84862.0,0,7.118381040000031,2718,719,public_screen,0
be0ee9f1a34b748934f2a92a04c5ede45d107f31e66eed92efc1e0f12d38703a,0.5140699080000104,5.913357541999517,0,,opening_screen,-4576.0,5,89438.0,0.05183542700001453,0.9312349149996066,84862.0,1,8.378719354999987,2718,719,public_screen,0
20f98a12b3270911ad194e0a91db5086e080b7c48f372b3db13ac0bf13eac854,0.4030185750000328,6.372680493999383,0,,opening_screen,-4004.0,5,88745.0,0.04735925599999291,1.060266106999336,84741.0,0,8.742192182999986,31415,719,public_screen,0
94be25d98d5e8907f2bac5d859c03fbb004e9c1e0b288d57f3e311ef848e5038,0.37846454800001084,6.252756183999509,0,,opening_screen,-4004.0,5,88745.0,0.04264632199999596,1.0546164340004225,84741.0,1,8.542763879999995,31415,719,public_screen,0
cb091390a895ec5debf8dc9db9e9e60d3e33792fe34862635d2a6a19230470e3,0.6316387240000267,7.429060932999732,0,,opening_screen,-1847.0,5,85648.0,0.044252415000016754,0.8282205210003895,83801.0,0,9.472237586000006,161803,719,public_screen,0
ad6549bbeea3e47fe344147999fdf207bb4040c8301331655765af974d7de614,0.6038852500000189,7.08971709199966,0,,opening_screen,-1847.0,5,85648.0,0.042305548000001636,0.8167323940003257,83801.0,1,9.018317932000002,161803,719,public_screen,0
251bff5ec1ddda300d90b879c18db8b804131fd7e96b38f543f34762165f79af,0.3130284979999942,4.413009421000652,0,,phase_screen,-3324.0,1,104679.0,0.04507766200003971,0.8083382180002445,101355.0,1,6.16751050400012,1729,719,lag_from6,0
e4c26d50a3af71a45c4bb34b45833abf3431a50503be6854af02274fdec2b56b,0.35365394599989486,4.528399705995071,0,,phase_screen,-3324.0,1,104679.0,0.0448155560000032,0.795093366003357,101355.0,0,6.246551062000208,1729,719,lag_from6,0
10e29f47813c16f61414ed2fb36981dc0ea7049b5abe54d9fe8e43deae708312,0.5604698399999961,5.498905296995872,0,,phase_screen,-9515.0,1,92321.0,0.0974059049999596,0.9630008140013615,82806.0,0,7.37251762599999,2718,719,lag_from6,0
0bfeefe04ec37b459ba7d0ce384df95c4f2827ca169e6778c028cf8345428b55,0.5129583860000366,5.431405979998999,0,,phase_screen,-9515.0,1,92321.0,0.09894812199991065,0.9609779680001793,82806.0,1,7.327546674999894,2718,719,lag_from6,0
d7b7ec6f868916b75280616c4153539bc928ffe89cfb1f301e475e24d59bf698,0.29816086899995753,4.699261165004145,0,,phase_screen,1745.0,1,104012.0,0.04457924500002264,0.8916577390023122,105757.0,0,6.424772186999917,31415,719,lag_from6,1
930a57ae70021d7cf12a37e8b0b6bbd1fabd2241881f2310087ca398d159e482,0.30641955400005827,4.829788577004365,0,,phase_screen,1745.0,1,104012.0,0.0650571360001777,0.9619012839968946,105757.0,1,6.665311582999948,31415,719,lag_from6,1
dcf2b57f0a71b339baea3530edcba089291a9151675cc9b4aab8b0cd85b09587,0.4548175650002122,5.3967953869985195,0,,phase_screen,-8480.0,1,110004.0,0.05129988800013052,0.8569094500001029,101524.0,0,7.1669598010000755,161803,719,lag_from6,0
f2673d6774bacff38db5018f411f367ed6df96d9bee78b43e80006ba65d09d8f,0.6575000619998264,5.383240458001637,0,,phase_screen,-2054.0,1,85999.0,0.0549112910000531,0.8038212270037093,83945.0,1,7.053919641999983,161803,719,lag_from6,0
8c6d88a89edeca407e2091c49b154d686293c1a245d92bcd0202d24bf4280f1e,0.6223899799999799,5.437038178999956,0,,phase_screen,-7614.0,5,114069.0,0.041899097999930746,0.6454960349988141,106455.0,0,6.920371187000001,1729,719,lag_from6,0
bc31c396269b5dfc4428545e9ceb48b342b6d512d446e8454b00990344930a53,0.6287647730000572,5.411355881998361,0,,phase_screen,-7614.0,5,114069.0,0.04364208199990571,0.6311101750036414,106455.0,1,6.866848739999796,1729,719,lag_from6,0
b779ebee0bd508602a5409131a558d6ff867305973f7f286b5636864da599e4b,0.33185853400004817,4.3849425640037225,0,,phase_screen,-803.0,5,75807.0,0.04216804500015314,0.6848046340019209,75004.0,0,5.917777194999871,2718,719,lag_from6,0
6ba90bff8907369e97f7dc8aa9ce84720bd586078e3f0bccbdb5de40b7c1ae21,0.27393738299997494,4.397497277998582,0,,phase_screen,-803.0,5,75807.0,0.04367992700008472,0.677498468999147,75004.0,1,5.930148650999854,2718,719,lag_from6,0
3b957a4bf369ae42dc186a4e54bc9a4744aec47310d38a52dc4a9bba640da6e6,0.6244075309998607,6.089321779999864,0,,phase_screen,13763.0,5,86838.0,0.0652453620000415,0.7843640749993028,100601.0,1,7.788849646000017,31415,719,lag_from6,1
47625850d6cfe89b4330c7ffd363f97a324d9f3ea28d80ae74d634850a9971d7,0.62949861900006,6.189208546999225,0,,phase_screen,13763.0,5,86838.0,0.04905313800009026,0.8085056769955372,100601.0,0,7.937837009000077,31415,719,lag_from6,1
c3c46d3a4770d0e79622d8df4f06bfc85b7951eb66e14f8b6e59e81b3adc3d4e,0.3946044240001356,4.806807836001553,0,,phase_screen,-11363.0,5,108814.0,0.047497836000047755,0.6687568669972279,97451.0,0,6.332746694999969,161803,719,lag_from6,0
ace059a81da41d4c2da04bfbbe1dac45737afc858a764ea647c90983513bbf90,0.4061204090000956,4.872065060996192,0,,phase_screen,-11363.0,5,108814.0,0.043552410999836866,0.6956497289997969,97451.0,1,6.464846980999937,161803,719,lag_from6,0
bbc07431ff62eccc466331b218f6a2cebadc2cd8c3f784828c06b5fc1431ea31,0.3843397939999704,4.8589731219983605,0,,phase_screen,1983.0,1,77270.0,0.04455564699992465,0.839204496997354,79253.0,0,6.524883341000077,1729,719,lag_load30,1
45bce8b02e14e130a94c8a0abaf457f3260758b845a794f7eb9847a047fa421e,0.299130790999925,4.799741608000886,0,,phase_screen,1983.0,1,77270.0,0.04449972400016122,0.8430349259990635,79253.0,1,6.474108018999914,1729,719,lag_load30,1
30ec95b62e757e3349d193546f7ff2894b204a8bf1cdcf39fb0a9c3dfd9c3e7e,0.3662469419998615,4.936866139995118,0,,phase_screen,-15844.0,1,110365.0,0.04421976200001154,0.8578642149971074,94521.0,0,6.722458634000077,2718,719,lag_load30,0
668f300cb285a2b0741b93170a65ef3dbdcf6a691fb686239a60b013b40433c5,0.34220038600005864,4.862389549006366,0,,phase_screen,-15582.0,1,110353.0,0.043445859000030396,0.8555576469982498,94771.0,1,6.662197845000037,2718,719,lag_load30,0
f67ccbea9dad6e4faeaf7656ca837ae29f7324233dc735f0a741449fd13ba401,0.47875646600004984,4.278273843003944,0,,phase_screen,17880.0,1,95460.0,0.5233054159998574,1.4150142599987703,113340.0,0,6.571566823000012,31415,719,lag_load30,1
f29584a5c1fdddfd048452ffa9b1a765284666c3376d08edd02a0638aac112e5,0.46843506300001536,4.343583149001461,0,,phase_screen,17880.0,1,95460.0,0.4676911100000325,1.3526567889971375,113340.0,1,6.567569593000144,31415,719,lag_load30,1
1df6796c48256004d49500ad31cdfbd5a105b0d519edfec4c6e707dfaa812d42,0.3134074340000552,5.106681905001096,0,,phase_screen,-1060.0,1,111490.0,0.0448639579999508,0.8826438899966433,110430.0,1,7.050528815000007,161803,719,lag_load30,0
0e3087f8729aea8f0e522b767b6fb5256f46873e9e1607349977461e203860e9,0.5667856529998971,5.394040642002437,0,,phase_screen,-12543.0,1,102221.0,0.050926709999885134,0.8773293900014778,89678.0,0,7.24381667800003,161803,719,lag_load30,0
9b895ffe3acd9b60049fdf2d36c38eb66a9590cd2f3306a9d1d9eeefdba1bf4c,0.3085128949999216,5.066062157002534,0,,phase_screen,-10916.0,5,107851.0,0.044034681000084674,0.7342634660024032,96935.0,1,6.648714651999853,1729,719,lag_load30,0
389e87ec8bf30fbc35fc1d1cc0b32dd2831be484a8c7e74aee97c7f7a450d974,0.3605235099998936,5.38560274499855,0,,phase_screen,-10916.0,5,107851.0,0.05507437699998263,0.7595635040047455,96935.0,0,7.014499703999945,1729,719,lag_load30,0
525719ccb96fa6701ddc3e898f65e576d59063ecede8243dda2cecc3c40c2f9c,0.3447002769999017,5.661374334001039,0,,phase_screen,-6133.0,5,76147.0,0.04266776199983724,0.6911639280017425,70014.0,0,7.240500958999974,2718,719,lag_load30,0
aec51ea9f9965761c71512853c49d1ee24ee9c3a1bdbbc6fa6a471e75f4ad83a,0.3665596660000574,5.540300125004251,0,,phase_screen,-6133.0,5,76147.0,0.05942804999995133,0.6878715740031112,70014.0,1,7.081731185000081,2718,719,lag_load30,0
37a8df0daf4d284e242387cd63debea665014824439deab4837f074c7f9a52e7,0.3282790239998121,5.265151270999468,0,,phase_screen,-10730.0,5,92293.0,0.04451631200004158,0.8712258929997461,81563.0,1,7.0333494040000915,31415,719,lag_load30,0
a5a437d7d577fe91e72e536746eb5d52faa2a3170675f78597b6b21033e64bb2,0.410726767000142,5.810984883005176,0,,phase_screen,-1991.0,5,76207.0,0.04613899500009211,0.9735419350026859,74216.0,0,7.797907129000123,31415,719,lag_load30,0
34be7bd3481c213d7d5505ad374d4f8a388f892a9d84666358f4e4107bcc60ff,0.4083233419999033,6.579367316999424,0,,phase_screen,-8636.0,5,100943.0,0.08360661799997615,0.8545053409986849,92307.0,0,8.680650849999893,161803,719,lag_load30,0
e68d47a2175400ad517f0f8e61a5f4b5e42868142ab3f23921014c63b3cabce0,0.6169749960001809,7.9475945069978025,0,,phase_screen,-3625.0,5,119529.0,0.04535272300017823,0.9039006579967008,115904.0,1,10.047016613000096,161803,719,lag_load30,0
07d639bc4532f781ad11117bf4de4c54273d11cae13053d983da1481925d28c7,0.4405807109999387,7.23916240900212,0,,phase_screen,12106.0,1,109734.0,0.060494625999808704,1.052506027999243,121840.0,0,9.413569991000031,1729,719,lag_load45,1
dfd2cdeebe9f77f534064d38d7414d6fd5f99c4eb6f5297d15ebc56507d47671,0.8443946370000504,8.43134401800171,0,,phase_screen,10982.0,1,111825.0,0.071764198999972,1.0692911250007455,122807.0,1,10.743962538000005,1729,719,lag_load45,1
1026db745c53978da87fd9f6fa360899533519280791906f5591caaa3bd56ab9,0.38087772899984884,6.206087273997582,0,,phase_screen,-1795.0,1,71180.0,0.06070158900001843,1.1049154100028318,69385.0,0,8.560304045000066,2718,719,lag_load45,0
e934a9bc1a129f34c994a2244dd7c9b58c1be04cee7b1a1d45a6b20dfd94efaa,0.37337028299998565,6.215377542999022,0,,phase_screen,-1795.0,1,71180.0,0.06548023599998487,1.1145581790040069,69385.0,1,8.610818419999987,2718,719,lag_load45,0
bab9e0e8934d6b42e3fd0729225d95866b7eb45b0bc17576d28436ab2ce1a150,0.7593718789999002,7.648836649000486,0,,phase_screen,-7176.0,1,90367.0,0.04843627499985814,1.2555034719928244,83191.0,0,10.236646826999959,31415,719,lag_load45,0
6445c8d2725d0bb3ed253bc5d0d868e63a393a04faea78e61ec2a3dad49915e3,0.7266331680000349,7.300291404000063,0,,phase_screen,-7176.0,1,90367.0,0.05642003599996315,1.3344928430033178,83191.0,1,9.810496902000068,31415,719,lag_load45,0
f5ef2721044d0f1a665b28924d4425b0fc8ecc27ea5b84a06d50222b25768606,0.600272453999878,6.465803399998094,0,,phase_screen,-10522.0,1,102705.0,0.5909793619998709,1.5914735609983381,92183.0,0,9.225935491999962,161803,719,lag_load45,0
251dd3526532f28184e7ceb87557c537d39d07aa98921561456ef5d225c750e0,0.4805563360000633,6.73797879300173,0,,phase_screen,-12406.0,1,100538.0,0.589857972000118,1.6898880759972599,88132.0,1,9.699607364999792,161803,719,lag_load45,0
6a9d43f367dd016160d60997efaf9efc5056791b19bfae97c83ef2d1ba721d82,0.4389591150002161,5.50334915599251,0,,phase_screen,-6848.0,5,112866.0,0.0430670639998425,1.0098980290072177,106018.0,0,7.815108278000025,1729,719,lag_load45,0
152ead3b63abbbe7da8185f95fd0131275285db3dab4cde5212fcd87c8dbd59a,0.6610072299999956,9.341206778003652,0,,phase_screen,-6848.0,5,112866.0,0.05829204200017557,1.9379101259960407,106018.0,1,13.40316509000013,1729,719,lag_load45,0
b1cc2c03b7bf74da6b769cdc92072faa6f6ba029f5d803b3edb0ec8bb234353e,0.4826413760001742,8.526734572002624,0,,phase_screen,-2118.0,5,79104.0,0.08060528600026373,1.1460373500030983,76986.0,0,11.041765160000068,2718,719,lag_load45,0
95380b0cfd5ef3fc449a1e0277dbafc4543172f3b8e6ab1979825be10bcef7b7,0.49060382900006516,6.502306615010184,0,,phase_screen,-14966.0,5,100541.0,0.04775591199995688,1.0032081850054055,85575.0,0,8.647743481999896,31415,719,lag_load45,0
25317d98705071d16e068506ab74a25c9137b515ee00d7d877cb455dc90713ee,0.9052158939998662,15.594924517004529,0,,phase_screen,-2118.0,5,79104.0,0.15715288000001237,2.186065430998042,76986.0,1,20.45184631300026,2718,719,lag_load45,0
65456bf210da23cfeaf5eb41868d5c4feff9a05424885e20ebf466e90279eec9,0.8008578859999034,8.572378877997835,0,,phase_screen,-14966.0,5,100541.0,0.07885074099976919,1.8582847170018795,85575.0,1,12.146884686999783,31415,719,lag_load45,0
f3a5d91d53d54bfa8cfa3a6fc8affeb3aba5eae4398167c8dd8c501300ef128d,0.7423398599999018,9.948621839996576,0,,phase_screen,-10620.0,5,108448.0,0.11036807399977988,1.2853209739992053,97828.0,1,12.926114631000019,161803,719,lag_load45,0
6b1e1738e8a59861e4cc3f567bef7bd5254981657e418522a51a411aeec8d2e8,1.1666949860000386,13.283198830008132,0,,phase_screen,-10620.0,5,108448.0,0.12136478299998998,1.7740057730034096,97828.0,0,17.25689840599989,161803,719,lag_load45,0
7d5475478be34aa029ff37936ceeb6a8edf46a0e9cb9c98d238442b9e115b922,1.4920170769999004,15.042850469000314,0,,regret_acceptance,-3184.0,1,81205.0,0.27796225700012656,2.6466518120016644,78021.0,1,20.179353267000124,2026092401,719,R14_REGRET,0
e04aaea9b305269e5454801e98e4338c6bae0dba87acad7c48f2db3ff4208253,1.1896122810001089,14.907796071003986,0,,regret_acceptance,-3184.0,1,81205.0,0.2500076250000802,2.545602315998167,78021.0,0,20.317965430999948,2026092401,719,R14_REGRET,0
ece70804c3864d1cd9552581f7fb943263f6dc5090556ae8861c65144c801404,0.6433665050001309,8.670218164998687,0,,regret_acceptance,-9590.0,1,106319.0,0.07229104900011407,0.987393012001121,96729.0,0,10.96037628299996,2026092402,719,R14_REGRET,0
198f59ffdbc1f8b789af7e0621930b788ae96370e1a06854d0e7c71e346b133c,0.8545690969999669,9.958645590999367,0,,regret_acceptance,-11211.0,1,112129.0,0.11621615900003235,1.5166719199985437,100918.0,1,13.192235014000062,2026092402,719,R14_REGRET,0
8729db0eb78970d62c8576487baec7f3e42920d2977610d90be2f5dd8606a2fa,0.7890644460001113,6.915296732997831,0,,regret_acceptance,2561.0,1,128107.0,0.06770378099986374,0.8141538020022381,130668.0,0,8.631011484000055,2026092403,719,R14_REGRET,1
f39b34cfc3c35b09fe269fb864676468a25f68216d6950c23571245d30ba4e7e,0.9704664040000353,7.479904044001387,0,,regret_acceptance,2561.0,1,128107.0,0.052345619999869086,0.8271101280004132,130668.0,1,9.258990181999934,2026092403,719,R14_REGRET,1
b205b1e96f78de54937ddb4292c606b0e24f7ea8cc5617d8340ee8dc7ef9445e,0.3613370779999059,5.419434361997219,0,,regret_acceptance,3890.0,1,99533.0,0.04660960299997896,0.8488744589981252,103423.0,0,7.173455421000199,2026092404,719,R14_REGRET,1
7b61ebd16784a9dcb4721349a189a919c8c26d3eef0e6c69c021903514c72fce,0.5496750069999052,7.422442579999142,0,,regret_acceptance,-7103.0,1,102899.0,0.04640478600003917,0.8897817619977104,95796.0,1,9.235117162000051,2026092404,719,R14_REGRET,0
e2ec7ce729ccd36770703a3325239a3db3051f93630173a65c5dd58b128ac811,0.4999703610001234,6.825845217003234,0,,regret_acceptance,-6871.0,1,94025.0,0.04333638000002793,0.7585559319982167,87154.0,0,8.474420131999977,2026092405,719,R14_REGRET,0
bdf91d9bdb026ff4ef555dc3f29ed2a0169ae762288faf456de0b1608b6d561a,0.5198220749998654,6.801871997999342,0,,regret_acceptance,-6871.0,1,94025.0,0.04850276699994538,0.7822342499973729,87154.0,1,8.489676614000018,2026092405,719,R14_REGRET,0
9a977ca05e3efe5257c3f0af4b329f0a1374896c74126bd6d23531982ac5f04d,1.3325389539998014,9.516750426002773,0,,regret_acceptance,-1761.0,1,95082.0,0.0482126839999637,0.7949278550011059,93321.0,0,11.209794540999837,2026092406,719,R14_REGRET,0
20f5a97b840b12425625d95f5a0fec4c0d3219deb107b5cc21e2716ba27f1efb,1.486658233000071,9.743184737996671,0,,regret_acceptance,-1761.0,1,95082.0,0.04539599500003533,0.8104663849978806,93321.0,1,11.479108355000108,2026092406,719,R14_REGRET,0
c8afe991a860d4d61e211779b8f90da0b9e8d96613455c682337be0456ef5876,0.34307782600012615,5.988900299002353,0,,regret_acceptance,3906.0,1,113118.0,0.07811729900004138,0.9421675089974997,117024.0,0,7.840737121999837,2026092407,719,R14_REGRET,1
dbe7780041f4467b5737a9221302023f0573452db63b929636246dc769118877,0.32907721100013987,5.774445374998322,0,,regret_acceptance,3906.0,1,113118.0,0.07211787100004585,0.8846855720044005,117024.0,1,7.5580582420000155,2026092407,719,R14_REGRET,1
75b6f248f8f2c24dbf6fe88b498cbc0674a166ad97628e946d3fb63d656a637f,0.5117905330000667,7.523026238998227,0,,regret_acceptance,-10288.0,1,81770.0,0.05450736200009487,0.8265167189972544,71482.0,0,9.2458724170001,2026092408,719,R14_REGRET,0
fd07c8f8020f2082051bd3d16f6ac6f4520d01dfd4ff54f54fabfd8eb9c5c66f,0.4842205500001455,7.364782508999042,0,,regret_acceptance,-10288.0,1,81770.0,0.04625030599981983,0.8156501639969065,71482.0,1,9.08118367599991,2026092408,719,R14_REGRET,0
efd28bc02b9edde1dfa601e9042f21780cddfcbdb7dcc3c1013d21dd2b30a206,0.42388310399996953,5.057004769998457,0,,regret_acceptance,-3205.0,2,81284.0,0.04640207800002827,0.9572102850004285,78079.0,0,6.867442039000025,2026092401,719,R14_REGRET,0
ff2d38ce842e6d02f9688426f09ca10c2f45f0cfbd45bd4922050b4fb2540791,0.41270834700003434,5.142988429002116,0,,regret_acceptance,-3205.0,2,81284.0,0.05003749799993784,0.9997078600001714,78079.0,1,7.042848135000213,2026092401,719,R14_REGRET,0
8a85087a44111389e35797f3545ab69e41b8fdff874d5f88728282ef50c0381c,0.5135014700001648,6.527091194999002,0,,regret_acceptance,-8843.0,2,106160.0,0.05178800599992428,0.9785179429989057,97317.0,0,8.945687463000013,2026092402,719,R14_REGRET,0
c277c9bf7a92d846864cbf38a7bd33fe2f837925678ecae67bf70512375a8eb5,0.5111145010000655,6.017610539999623,0,,regret_acceptance,-11272.0,2,112236.0,0.5265143350000017,1.5599924549997013,100964.0,1,8.53843188199994,2026092402,719,R14_REGRET,0
0d357eb27e574849e420866264b05f0175efd51814c0e79d901a08e9a6fb65ca,0.9230077959998653,7.193896872004416,0,,regret_acceptance,2489.0,2,128185.0,0.0562715250000565,0.9648286389945042,130674.0,0,9.11005811300015,2026092403,719,R14_REGRET,1
facf560884614bed024bb8236d54699c59ab7a9e92aef610394f5367509f0dae,0.8524886260001949,6.98224361699954,0,,regret_acceptance,2489.0,2,128185.0,0.054240980000031414,0.975541882997959,130674.0,1,8.905885317999946,2026092403,719,R14_REGRET,1
90cab0e893b6866272d3439adb5cd886b7f6c000282c03f93fa29fd8fc258c08,0.46553576099995553,6.048991223002304,0,,regret_acceptance,2785.0,2,99803.0,0.06793792199982818,1.0263316040000063,102588.0,0,7.968501723000145,2026092404,719,R14_REGRET,1
f06287f1beb529efa1bb45dac8f891c2828d541914cbbb9a01fe19b4ee07e094,0.4411307789998773,7.144247388001986,0,,regret_acceptance,-7426.0,2,103193.0,0.0484585930000776,1.0227029949996904,95767.0,1,9.071715458999961,2026092404,719,R14_REGRET,0
2bdcef776581f9fa21f5c226604609c92d713a1481be8955ac421dcc594311ed,0.42241401000001133,6.214199252997105,0,,regret_acceptance,-6401.0,2,93747.0,0.04523033700002088,0.841627112998367,87346.0,0,7.901721915000053,2026092405,719,R14_REGRET,0
875246cb6eea3073cee68d8ce1f7eac7ca1ea4f2831cc09176930d7a6dfeb8a3,0.44800196200003484,6.692987695996862,0,,regret_acceptance,-6401.0,2,93747.0,0.05332872300004965,0.8961075279955821,87346.0,1,8.47806604099992,2026092405,719,R14_REGRET,0
800ecfef72ed36bfa8eaae2043036ea6c74b5394dece4f830de758434ffddb55,0.5887451590001547,7.517791679000311,0,,regret_acceptance,-1164.0,2,94542.0,0.05523134200007007,0.9045819480061255,93378.0,0,9.310536692999904,2026092406,719,R14_REGRET,0
cd4162cd66118a98fb295ff5d808e250fa450c796564256b223300265af44e3d,0.6688966950000577,7.975080355998671,0,,regret_acceptance,-1164.0,2,94542.0,0.05340888000000632,1.0059395100004167,93378.0,1,10.01052289800009,2026092406,719,R14_REGRET,0
1c98fa26a5ff9b25debd29937bdd4d604332fc99d76f684d31a76e28598c612b,0.33435833699991235,5.864934239997865,0,,regret_acceptance,3884.0,2,113145.0,0.06136935200015614,1.0259607500040602,117029.0,0,7.790922170000158,2026092407,719,R14_REGRET,1
cb50711d1fb4e63db70a60f9ec230f406010dc9e03e7056cc3e363f9c29fae73,0.42801398400001744,6.335115111996174,0,,regret_acceptance,3884.0,2,113145.0,0.04665398199995252,1.143991043998767,117029.0,1,8.514538682999955,2026092407,719,R14_REGRET,1
94511a5c15699f5e2d91b0debef66a78a5dd633dbfd28bd31d344a0a685456f6,1.4551519209999242,12.699471450997635,0,,regret_acceptance,-10398.0,2,81838.0,0.10905169299985573,1.7117890739984887,71440.0,0,15.894869052000104,2026092408,719,R14_REGRET,0
bee1a48e3c6d28a22f869ccbcd48d0ba3990289436b4d201e3325afd28ff77f5,0.7500176800001555,10.182013249999272,0,,regret_acceptance,-2453.0,3,80516.0,0.10363515599988204,1.9928827360004107,78063.0,0,13.826644003999945,2026092401,719,R14_REGRET,0
21406066728dbdc4bd4d0af6e7cfb9a15b9cc1b6f2c15dd47c0b818265fc7bff,1.532671541000127,20.040049518000842,0,,regret_acceptance,-10398.0,2,81838.0,0.16542390400013574,3.0428590849987813,71440.0,1,25.58288140600007,2026092408,719,R14_REGRET,0
88c6e01cfb36e1bfe566daac5a88c9d7d1e68cd75b1c3c0179bf40ef368a07a2,0.5342502480000348,6.682820308999908,0,,regret_acceptance,-2453.0,3,80516.0,0.10498714699997436,1.5329025830042156,78063.0,1,9.380270627000073,2026092401,719,R14_REGRET,0
9e82258ef19bdec93a86451f6490fedf2ee8a425fec25b402b2caac9f071d41a,0.9897391890001472,8.376684282995939,0,,regret_acceptance,-11027.0,3,112674.0,0.6056453179999153,2.454968410995889,101647.0,1,12.278938557999936,2026092402,719,R14_REGRET,0
8f098053f86b000a216ae3f45fae3c5335aa800b1a672490c7d0413b5fe32bbb,1.3690493520000473,16.909148689001768,0,,regret_acceptance,-9926.0,3,107033.0,0.1369880940001167,2.739584686999251,97107.0,0,21.922798634999936,2026092402,719,R14_REGRET,0
21eef035f78652914d611f9095b5ea2b1b11c8ca82fb32ee4605533be5fef9b4,1.016726196999798,8.674683856999764,0,,regret_acceptance,2532.0,3,128142.0,0.0807316880000144,1.2629449920002571,130674.0,1,11.013750010999956,2026092403,719,R14_REGRET,1
e7d6ca43a64e91c41ff8eaec545aee902ab13d369ffdc23727a07f0809e33925,2.059865596999998,17.502600604000918,0,,regret_acceptance,2532.0,3,128142.0,0.10738692399991123,2.479943839997759,130674.0,0,22.39325219300008,2026092403,719,R14_REGRET,1
79d59d5182541d3686ad30ecc153ebe1a837e969bbdf459610fa10e861cc8de1,0.6875762899999245,7.821211822996702,0,,regret_acceptance,2836.0,3,99722.0,0.7789379309999731,2.3552377249968686,102558.0,0,11.333448439999984,2026092404,719,R14_REGRET,1
943f3c362f2501331230fc8ebff4cbc456ca7afdda46b7b12675be51ff04b4f4,0.6442632329999469,9.08393313799911,0,,regret_acceptance,-7595.0,3,103395.0,0.1020714640001188,1.482074137001291,95800.0,1,11.718200088000003,2026092404,719,R14_REGRET,0
62246bca9c9804adc4445abddf1656404b6c9581da84c78a10dda57007cfc3a9,0.9879358030000276,9.24971585399635,0,,regret_acceptance,-7599.0,3,94462.0,0.1080831220001528,1.3788234370015289,86863.0,1,11.808738786000049,2026092405,719,R14_REGRET,0
e7c34ca5d54b324656220df8235e21a617870564d1a3b9a2094cc86497036753,0.2710016649998579,4.387549554999623,0,,release_parity,-8053.0,5,103176.0,0.058058239000274625,0.6899668830078554,95123.0,0,5.999338897999678,2026092401,719,R14_DIRECTORY_PARITY,0
e7c34ca5d54b324656220df8235e21a617870564d1a3b9a2094cc86497036753,0.2923571520000223,4.374617440993461,0,,release_parity,-8053.0,5,103176.0,0.044734874999903695,0.6780266220034719,95123.0,0,6.023834382000132,2026092401,719,R14_SINGLEFILE_PARITY,0
d3b8121a7294280368e55a0f1e88988b0bd9f0400a723db63577363826cc3688,8.605316164999977,13.838088069997411,0,,stage32,-20006.0,1,145922.0,0.04596588000003976,1.254572560001634,125916.0,0,16.308431423000002,2026092401,719,R14_DEEP30,0
10f284b4654950457565ccdf73127e8529546f448cc5dab678bcaf592d594147,17.52103755899998,27.909456642998066,0,,stage32,-19792.0,1,145888.0,0.10495142400009172,2.149383277999277,126096.0,1,32.45283152999991,2026092401,719,R14_DEEP30,0
009304052dd8df2aa632597d24eb8b81f722cf5e0dad175259b9ee7939cca03d,8.68600176300015,15.069647931000418,0,,stage32,-5416.0,1,111386.0,0.1048179419999542,1.2902261819988325,105970.0,0,17.69977608199997,2026092402,719,R14_DEEP30,0
55635cb68cb8abaec0576998d3e5c51f4088b6c8a9a0cbf04ce1cb029cbdb411,8.102899854000043,14.034276790001513,0,,stage32,-7019.0,1,138064.0,0.06344931400008136,1.2704842109983474,131045.0,0,16.513284169000144,2026092403,719,R14_DEEP30,0
